time_point_1,time_point_2,time_point_3,time_point_4,time_point_5,time_point_6,time_point_7,time_point_8,time_point_9,time_point_10,time_point_11,mu,sigma,theta,dt,T
0.7323614945471754,0.40926459725900727,0.9922941192634492,0.22382691563246782,0.315483838809042,0.40900612806818226,0.4906325960858933,-0.11845917788465299,-0.18221335420912865,-0.5212483831867316,-0.07171853686067164,0.0,2.0,1.0,0.1,1.0
-1.7004477923942345,-1.8696681615129345,-1.136528791078249,-1.3093909431871813,-0.8016198000362479,-0.17183352048100142,0.8859568139871629,0.3626062270248317,0.5044741884117914,-0.3249786482726507,0.03962365836829379,0.0,2.0,1.0,0.1,1.0
-0.7522841846688451,0.21533326095847605,1.0841267868301456,0.41060657734497397,0.23962166970460905,1.092811321796967,1.1294561819425433,1.5600597065848671,0.6132300174138863,0.3469866186937901,0.9021695693800305,0.0,2.0,1.0,0.1,1.0
0.5696638464072112,0.5586636700619123,0.20731222021435014,-0.15878611265496406,-0.37853039381724335,-0.7628951297195739,-0.15249681118870528,0.330567834914372,0.6820374853644589,0.23666653339413546,0.36323759553071,0.0,2.0,1.0,0.1,1.0
1.1132269956743017,0.7984962138951897,-0.7258088080908036,-1.234859259165324,-0.8686729034346805,-1.3003531898339178,-0.7920362250482125,0.08126909915829816,0.026630550687380204,0.2864517931245706,0.2977825948238465,0.0,2.0,1.0,0.1,1.0
-1.1694373418066883,-1.9701094826265062,-1.8531713138349357,-1.1358786831752616,-1.8404598551245837,-1.6666138904850945,-1.6067031800955933,-2.5454245729209397,-2.5708977818342453,-1.8870368279703333,-1.3962535403891017,0.0,2.0,1.0,0.1,1.0
2.173830245824164,0.6813258012541745,0.40045754612647555,0.6522527053194397,1.0769968160690842,1.0139023551461257,0.34867810722877757,0.3134001898110319,0.23723225488240585,0.1928440787994655,-0.6353291816053389,0.0,2.0,1.0,0.1,1.0
-0.6597521371663395,0.052874695249980674,0.23347520929676763,-0.04511785071233135,-0.3817334713102102,-0.29744902547759283,0.4394441643908726,-0.3456974201792673,-0.7734650032478536,-0.9874665341730542,0.07656728561629955,0.0,2.0,1.0,0.1,1.0
0.4010031088381059,0.13394076935315546,0.46950206552500695,0.11481517374542655,0.6282614921461397,0.206942151162678,0.1275538560840874,-0.45214073386980075,0.9929960560238925,0.0979467803247428,0.8272778326974487,0.0,2.0,1.0,0.1,1.0
-1.0886194723621099,-0.7218317296899639,-1.2217734163401213,-1.0889049456040223,-0.6072024618054501,-0.6527595589984263,-0.35157322572674754,0.22645553064171248,1.3394066521572339,1.0436422699152448,-0.13742167281821682,0.0,2.0,1.0,0.1,1.0
1.0827460901990695,0.40612039010357737,0.8496289148559533,1.0124210400948004,1.1665510856441932,1.8089972549205384,1.5713385169997833,1.826609618233502,1.6169138173672077,0.8491886749864703,0.623924359425032,0.0,2.0,1.0,0.1,1.0
0.15334619205278924,0.21477450389631433,0.8939278290190902,1.4423871930868226,0.07876253816917145,0.031213622175870107,-0.3266373921261582,-0.07015569057370019,-0.22851940659558503,-1.4652384960886191,-1.7501930803790406,0.0,2.0,1.0,0.1,1.0
-0.10507442369975008,-0.3824585947189597,0.17835293614037284,-0.1271339004659917,0.3052079267285724,-0.0846753196076554,0.9675761274131045,0.6650275894255092,1.2483509351392992,2.1151820020362813,1.862756630114755,0.0,2.0,1.0,0.1,1.0
0.1782587393520199,-0.21507074598205325,1.0092156919747415,0.8666266928294544,1.6596611930847152,0.6341120562392137,0.057434702838575324,-0.4522465213601247,-0.31007691071253635,0.9331828269894133,-0.11308115162212962,0.0,2.0,1.0,0.1,1.0
-1.0979151028132796,-1.166458007934893,-0.8419154837852283,-1.8736998902893318,-1.5483255012808779,-2.205693127829214,-1.0417164956119898,-1.614623639324765,-1.3086020803911658,-1.4024690895892329,0.10179850652572497,0.0,2.0,1.0,0.1,1.0
-1.2599444253707257,0.033754895524979345,1.5081383840795157,0.8568016583421927,1.722894576669053,1.2236480118957946,1.3449041054720685,0.9278717363415148,0.5782714021705067,1.4139904068569682,1.6098441452151109,0.0,2.0,1.0,0.1,1.0
-3.9489008243603254,-3.909459470179852,-3.397848269321397,-3.752970496911523,-2.8028337477440006,-3.2455604001733143,-4.8999370331415335,-3.715055042543204,-3.166907398491425,-2.2536424959830543,-1.3727754539792056,0.0,2.0,1.0,0.1,1.0
1.0430887241507145,0.05695784528917003,-0.824989982963984,-0.3846094434882465,-0.8960557455025486,-1.0692402762955242,-0.19115060440549492,0.061041670968259576,0.698560434734843,1.063149827362654,0.842810747520334,0.0,2.0,1.0,0.1,1.0
0.7971265062314519,0.09667409382864933,0.32121135049932453,0.42406451229118636,-0.5594738358474352,-1.5223787516810363,-1.7312407279757278,-0.7193324589136656,-0.14137894650409888,-0.3732180977423798,0.040533676042392774,0.0,2.0,1.0,0.1,1.0
-0.562418284677348,-0.9429528058689038,-0.5911617265213827,-0.03295494018001083,-0.4050204273788577,-1.0783389497338456,-1.5277867543281418,-0.9160704095137371,-0.6914289494035692,0.36926860954825247,-0.9529447484689613,0.0,2.0,1.0,0.1,1.0
1.502448022399509,0.8756156653601723,1.2738064409822898,1.6919912733259468,2.5701440121832095,1.917891441034612,2.612253376065271,1.974983577497765,1.5414959370540655,2.890222438772461,2.403092463396377,0.0,2.0,1.0,0.1,1.0
-2.7069710532995273,-2.618882642755225,-2.132966182540908,-3.0194156195508786,-2.2313678091814215,-1.8287493955680354,-1.122450049433764,-0.7608518990064901,-0.5311782765265367,0.04859707635069416,0.03972933310714801,0.0,2.0,1.0,0.1,1.0
0.2053063104732318,-0.3486195392160983,-0.10131562724384749,-0.9540518371090246,-0.6581240146813079,-2.517896207533247,-3.3366486110542937,-1.9593780867849964,-0.797526910863455,-1.3186940658231299,0.09139473281186228,0.0,2.0,1.0,0.1,1.0
-1.8795974551519088,-1.8088637672388483,-2.0615384584668512,-2.368741413983787,-3.1409229316972618,-3.2195759209763954,-3.4547383771804063,-2.4973554784334553,-2.7060052435882747,-2.64927905830759,-2.46624594287707,0.0,2.0,1.0,0.1,1.0
-1.125535304077523,-0.8391568152544928,-0.5157090682162215,0.3010359568879266,0.11816367860334237,-0.19809973733645952,-0.5064604046586703,-0.24514986655166346,0.24698306645392287,0.5928088522137341,0.22364221371631376,0.0,2.0,1.0,0.1,1.0
-1.280125917860548,-0.7707165416492976,-0.8555998831941005,-0.5948955923714525,-0.1976463594104434,0.3747290871831184,0.09211840785949194,-0.3927633160534586,-0.09034705985384417,-0.2775360397871227,-0.520599086767048,0.0,2.0,1.0,0.1,1.0
-0.5174473150028582,-0.3938927197482872,-0.2798868996235936,-0.4676496297133916,-0.37632311843450095,-0.7748904504872731,0.08764934857489459,-0.39407493836003726,-0.29985963196284005,0.5669620602820339,0.6611421455141799,0.0,2.0,1.0,0.1,1.0
-0.24355725394369576,-0.49474568306931194,0.1781315405418324,0.6730324926759186,-0.22032774365060948,-0.4420890890032762,0.2706736346382813,0.7345559522909657,1.210532098107703,1.3987274881829967,1.9632590618835524,0.0,2.0,1.0,0.1,1.0
0.8274834994745016,1.2074207828368588,-0.21772226617282886,-0.39039632053241663,-0.6559181866177055,-0.7164124640493154,-0.9192031906960889,-1.3815294477417144,-1.4104964487401952,-1.567531507604399,-1.408917550778826,0.0,2.0,1.0,0.1,1.0
0.5951429496536076,0.41926594802786327,-0.5703476327858085,-0.42505669747903535,-0.26664502012691443,0.3658946203741991,1.213622944607688,1.307594051665856,1.804617600735274,1.1816081738949884,1.4464141724872388,0.0,2.0,1.0,0.1,1.0
0.1985873413397192,1.2786526582750368,0.2731625619685153,0.017778058874318436,0.04096345896005166,0.9666885540267659,1.4242426653504794,1.3966386160511841,2.215313875213054,0.6159247671344585,1.228329507846576,0.0,2.0,1.0,0.1,1.0
-0.13508168855133698,0.26213742682511404,0.2299532972554894,0.7900929434019198,0.8566728181114596,1.0347777245572367,1.2056436915223192,-0.10741424384033338,-0.438761326432738,-0.8128959490593164,-0.24018470742734166,0.0,2.0,1.0,0.1,1.0
-2.353157121688711,-2.3786402976840093,-1.8080235380712466,-1.8173918120481074,-1.9361123472234056,-1.2140003599739972,-2.3245126887184524,-2.4314239167288023,-2.338753062288007,-2.3041619671567957,-2.1844030235983944,0.0,2.0,1.0,0.1,1.0
0.3170593858658124,-0.10858151579993375,-0.33245902712006686,-0.786003623676421,0.03798035949542333,-1.4709609342413008,-0.5360511389101507,-0.19727920456593945,0.4868129338355459,0.38997434236611567,-0.019689944106267843,0.0,2.0,1.0,0.1,1.0
2.1334353601626903,2.404429463612365,2.043578303435225,1.7890233807464535,1.1668508239780477,0.5025814895725262,0.6601226378491711,0.6065828406440139,0.5718936469547267,0.5337402845524635,1.0827944224063473,0.0,2.0,1.0,0.1,1.0
0.40912478392287105,-1.039833327013272,-0.5001351128251683,0.24419231207495684,-0.04500133360119801,-0.40598036419210043,0.30316530335842273,1.0121142430390002,0.8444991370140105,0.38145766844031964,1.6603343963326682,0.0,2.0,1.0,0.1,1.0
-1.4057336867813592,-1.0226668274381707,-0.9684658115658022,-0.5355915674467691,0.33635234556040916,1.003249986739013,1.1259141131414387,1.169088921615075,1.7512661851878564,2.460985146885435,2.523638800570764,0.0,2.0,1.0,0.1,1.0
0.06770921456832364,0.1984360576862409,-0.3270891173915779,-0.5353994427563142,0.16110956223796852,-0.3160693146763556,0.6270536592403189,0.7476151519793602,1.314167779829873,1.4296144177761585,0.8054795877494458,0.0,2.0,1.0,0.1,1.0
0.20543929921386722,0.7637232783185228,0.2731177982235928,0.7713673586710542,0.43631270652394316,-0.017260400819357202,0.19046758501012895,0.7920795547401612,-0.47388996171404874,-1.0439227403693214,-0.3539393769037962,0.0,2.0,1.0,0.1,1.0
0.5139359319513142,0.694718094815675,-0.18220315611274773,-1.0825611642587876,-1.5673508690460967,-2.576865969009245,-2.8615485248424215,-2.881839919903959,-1.1501240488639708,-0.6739510811131466,-0.9251272310868591,0.0,2.0,1.0,0.1,1.0
-1.3019770696107555,-0.2373456513164519,-0.6353905124018668,-0.33991619653538796,0.59350753908989,0.7011113400106066,0.5989990547193331,0.5454183085265143,1.4480909941041578,1.5274763411174397,1.673055047043932,0.0,2.0,1.0,0.1,1.0
0.49343730180840256,0.3557608201420253,-0.4039902945310899,-1.4350714322432025,-0.25681627149876585,0.20568402222259635,-0.9115949480772216,-1.0711680738098268,-0.9893744198608673,-0.5728821537040218,0.1511674403991381,0.0,2.0,1.0,0.1,1.0
1.0643262956197952,2.121948036018333,2.259664139896187,2.1755644540818255,1.1518121523922669,0.6908039204836184,1.0215500890450218,1.1616373438865217,0.806158078682956,1.1077683480545129,0.14334503895833284,0.0,2.0,1.0,0.1,1.0
-3.7671316388979292,-3.2229729330320422,-3.170068039772829,-2.2808692976739886,-1.6827502609804923,-2.316087339406522,-0.987585588320091,-1.3279807374391845,-1.3273482403941745,-2.2473642397991807,-3.0465015218156966,0.0,2.0,1.0,0.1,1.0
2.255705698480816,2.483472143225588,1.7302062400156788,1.1515770397917238,0.3989819924090131,-0.880957776508546,-1.2548649404710348,-2.260438812591805,-0.912821118743292,-0.7442705733900088,-0.5189637606191789,0.0,2.0,1.0,0.1,1.0
-1.4741144563538586,-1.9815170130147552,-1.6692736719413168,-0.9454856570804842,-1.3100661906994642,-1.468837428361553,-0.8484025734132736,-0.21622526559303434,-1.0026741562041603,-0.6361236245025621,-1.361998547310384,0.0,2.0,1.0,0.1,1.0
-0.7593420226631713,-1.017813096276333,-1.6882705244156626,-1.4917262818176475,-0.8546986639658036,-1.3907154794268495,-0.837502472023039,-0.3871084964931011,-0.7276478673037052,-0.1268128865144944,0.9002424275884945,0.0,2.0,1.0,0.1,1.0
-0.8015748392181659,-1.7777127224329372,-1.9755319215928335,-1.7690375625281425,-1.7768767361324558,-1.4084204093831234,-1.2498869705091709,-0.9949893389375397,-1.2816058733107045,-1.5346962461877578,0.0433026422308771,0.0,2.0,1.0,0.1,1.0
-1.2479692446237582,-1.0616243790484796,-2.3261360548024332,-2.222728597548346,-1.653788162815551,-0.29691668314601194,-0.1722209331472832,0.38734730996181765,1.065635232510227,1.7574396835636148,0.7360793736425565,0.0,2.0,1.0,0.1,1.0
0.7365483355282922,-0.18129181924485893,-0.14702673979466555,-1.11157000750656,-0.9143841288569228,-1.1125600883192308,0.0011844111825252135,0.8914920628292133,1.446645089805374,1.7601027500377096,1.3145604393266874,0.0,2.0,1.0,0.1,1.0
-1.8027715143620147,-1.19025724203258,-1.1725931717196976,-1.8339802475442337,-1.2921581416961576,-1.0980051271864166,-1.9801660204122054,-0.47637736918489937,-0.7584030254229195,0.3685182183277942,0.2922074954427381,0.0,2.0,1.0,0.1,1.0
-0.6670916155768581,-1.781573979834794,-0.9729048507227857,-1.4424847502574272,-1.5462767376576902,-1.141498924216584,-1.2868665697536046,-1.125085458260566,-1.069140283117351,0.10008689690804351,0.1872263083909127,0.0,2.0,1.0,0.1,1.0
-0.6558184221008153,-0.016722648448995403,0.7608726302105077,0.8034654843316981,0.2860336043417305,-0.3021675283290671,-0.40778873043150066,0.10834040302753761,-0.8466017353757204,-0.6961847039955847,-0.5453641065374296,0.0,2.0,1.0,0.1,1.0
-0.4287447928395252,-0.3193297535217563,0.3870877892751462,-0.27131021223558144,0.30045005089004534,1.0835538587203157,0.6052695476608569,0.7572959326956956,0.12773537735334717,0.3006766443624833,1.113933604157823,0.0,2.0,1.0,0.1,1.0
-0.20863773552910356,-0.27411424080561414,-1.1059665641058234,-1.4450748058214131,-1.6080375086496148,-0.5437846451907237,-0.5120071022543699,-0.3850551881380301,-0.7300121128570859,-0.7854757971895812,0.11823714404586194,0.0,2.0,1.0,0.1,1.0
-0.7340942992612476,-0.8652077013464752,0.11444475563884826,-0.33047221096986207,-0.024816857280771654,0.1380647878656692,0.7837021913868573,0.6804048524640256,-0.7158882398212222,-0.7096895063136948,-1.0391643634133914,0.0,2.0,1.0,0.1,1.0
-1.3753154329098696,-2.084872063567989,-1.767942096829179,-1.212032520667333,0.13972045034756775,-1.0125491311066983,-0.13060222335455562,-0.8120719851218123,-1.0692347529384696,-1.561715381297788,-2.0725997001660272,0.0,2.0,1.0,0.1,1.0
-0.6379167829409376,-0.7528966822694649,0.6694998864786551,0.8460071510114844,1.012888055863899,0.05824408545054971,-0.008383296942802002,-1.0035721021522068,-1.0320696021096312,-0.1969770719922065,-1.3194817468023,0.0,2.0,1.0,0.1,1.0
0.7167878570284966,0.9303656888555905,0.31180607123311255,0.2811997496930444,0.4418387242438335,-0.4952287142034324,-1.0912484953917263,-1.9990091589325387,0.0687425205104375,-0.11657529226653912,0.2681894062698197,0.0,2.0,1.0,0.1,1.0
-3.3471533866713097,-3.0909109913367856,-1.87368632187491,-2.1132069700287763,-1.9155237723521579,-0.7200695813854723,-0.32467887409643886,-0.25693396205586916,0.49832834292319644,0.13497462278558597,0.18186153792490645,0.0,2.0,1.0,0.1,1.0
1.7774645083862957,2.0665320905112994,1.8411610337218642,2.4335350853636886,2.689651282044539,2.5712681532429755,2.593569095330131,1.7313591654285987,1.5969832843206153,1.6395314382232407,1.4517071165588713,0.0,2.0,1.0,0.1,1.0
-1.717132226311888,-2.763269699594456,-2.6141058213386916,-0.992124953018559,-0.8358449231290608,-0.6430407880820795,-1.2069317117831093,0.20262623541570912,-0.3896767556986326,0.18528147387042715,0.32818077979951255,0.0,2.0,1.0,0.1,1.0
0.29711278887912596,0.10271202459050766,0.019159832044152697,-0.584450327231437,0.08834468449777522,1.562741726441579,1.7595580562953752,0.8160788060712243,1.481376265016931,1.531411668168143,1.9555666347016663,0.0,2.0,1.0,0.1,1.0
-0.3220553482981073,-0.10150269575523377,-0.6382495124864292,-0.13398670599409102,-0.16303150244019662,-0.4088946433531431,-0.15175549644488023,1.3626608454456122,0.9174880657208424,0.4028994083084517,0.5898229500126548,0.0,2.0,1.0,0.1,1.0
-1.1061084509169825,-1.3697609119446934,-1.2957563616187269,-0.9310913265061774,-0.6227798595501536,-0.6892615013459328,-1.1779612423219783,-1.2621274232620436,-1.0960553479766693,-0.9323539705492132,-1.8305860666926255,0.0,2.0,1.0,0.1,1.0
1.0795050681576368,1.0661887332585314,0.723123298460925,0.9382205859522494,0.9053143441673492,-0.02387039070542052,0.6231846747338983,0.7670032885814666,0.06567716252330247,-0.8586858452010491,-1.5913411471660397,0.0,2.0,1.0,0.1,1.0
-0.505146142844773,-0.36248599572374873,-0.016471189789594776,0.7201414866546587,0.4470441497446651,0.06592892191637506,-0.1021230289835948,-0.596130819141724,0.1861389470057111,0.3328984546874879,0.5091920163926386,0.0,2.0,1.0,0.1,1.0
0.8547885983781747,0.14200089541815275,0.6227644563239841,0.08318501276363155,-1.229035606277428,-1.1365153245123716,-1.5750059696566807,-2.4542948962786575,-1.2240629095072304,-1.2790659631673382,-0.8114977340827683,0.0,2.0,1.0,0.1,1.0
-0.02555514681491128,0.5548994433073973,0.7534437123267599,0.8396219653656349,0.007755504773770738,0.009515999735291247,-0.5839406514610905,-0.5470948675976568,-1.0105102226071478,-1.4979907710870681,-1.2279881165531004,0.0,2.0,1.0,0.1,1.0
-3.371101312915292,-3.48028218790256,-1.9503577754738253,-2.7245353882923364,-2.555735377634073,-1.9562777302709773,-1.7042842604464818,-1.0981539636564057,-1.0442283210229175,-0.7883752652601351,-1.1637578039660919,0.0,2.0,1.0,0.1,1.0
1.718479825177657,1.9299267695577733,2.0288892878703555,2.1078005969287603,0.48164680037808183,1.1635160325221323,0.9316096301622614,0.6673040890880291,0.6623386339521738,1.1192822983263626,0.939911940363563,0.0,2.0,1.0,0.1,1.0
1.7919426096243405,1.921795508807717,1.892910783519898,0.5738385047931149,-0.4516732233578584,-0.9315174075162933,-1.540046234421835,-0.7799380680016795,-0.6395638699527936,-0.7225997838968765,-1.0466782614909897,0.0,2.0,1.0,0.1,1.0
0.6423182006078391,2.1027177533394354,1.8693708497246704,1.9017418225481317,2.935362071431644,2.105324387977191,0.8090916199673497,1.2539520184786288,0.2811056962954055,0.45929261268184496,1.3178564723306452,0.0,2.0,1.0,0.1,1.0
0.23410158935903855,0.5606001098697597,0.6639776556724473,1.6003888469704657,1.3474976006707855,0.9230555145406258,1.0077682280291826,1.996628543631964,1.2726862173878564,0.5588423230998624,0.9104868721014835,0.0,2.0,1.0,0.1,1.0
2.0801172676860387,1.6613525192311114,2.540543458041923,2.27277176439161,1.6490412239101895,1.8956356140512036,1.5619320143465645,1.9703490064694882,1.3008251098593107,0.8060038171985591,-0.13747669486111924,0.0,2.0,1.0,0.1,1.0
0.7498366268472068,1.1927840285454852,-0.34296987443092064,-1.5090205197806847,-2.62696902810549,-3.3766874321665967,-2.565365167400095,-1.9534667013319236,-2.7764442967091028,-1.1828274192042583,-0.7219705593436077,0.0,2.0,1.0,0.1,1.0
0.747495853965172,0.5192678619658524,0.1802247888862284,-0.6372520005186728,-0.3815175917338812,0.3519936450063302,0.8526132544901144,0.47376630131464337,0.8712935716443702,1.8499782249643042,1.8551588983662908,0.0,2.0,1.0,0.1,1.0
-1.0232626974145276,-1.8895743767336344,-1.5379484286110279,-2.1024672507455757,-1.9251423286038132,-1.2804230082834434,-0.9652539074709036,-0.3935980616385902,-0.22028599188499015,-0.003451582646620599,0.08752221134614226,0.0,2.0,1.0,0.1,1.0
-0.17655572897226499,-0.20416826888410164,-0.7708808005115698,-0.860306894274588,-0.6978747722856262,-0.5929542295197148,-0.36211023593455416,-0.8593654569071855,-1.2413691649230663,-0.7126837686076624,-1.3698793822846347,0.0,2.0,1.0,0.1,1.0
0.7364159877342519,0.8872206588366502,-0.15535187984206955,0.7621077372728489,1.0238193621798841,-0.8380297721228113,-1.894715197262394,-1.8213344948897818,-2.1308194449368236,-2.125218152529378,-2.058545042073463,0.0,2.0,1.0,0.1,1.0
2.199487584982756,3.100482155848806,2.5911211436045605,3.8045529688353152,3.5478177553886825,2.0944425424908175,1.734959566046889,1.7562940268495733,1.641438375090797,2.0594757737722347,1.8126281615338382,0.0,2.0,1.0,0.1,1.0
-1.8182813929384831,-1.1907390317622486,-1.0771638684043565,-1.0640013526615553,-2.463786052999296,-1.5819385683922402,-1.0495857011175893,-1.3482385794867742,-1.1186255170759818,-0.7025714200446185,-1.2267139441414963,0.0,2.0,1.0,0.1,1.0
2.725545412924634,2.0048589957607548,2.891621688876225,2.162144085309769,1.885786822720493,1.5993187337462018,2.006016735620468,1.3810848829941489,1.12747019823054,2.3951459434553666,1.8809203110461996,0.0,2.0,1.0,0.1,1.0
-4.131764270179277,-4.126335769647898,-3.2955988336072206,-2.7508361121306657,-2.2464183610045563,-2.607162294744773,-2.5352352283917154,-3.288911139134797,-2.65707867334287,-2.7360087641567037,-2.1906755047395237,0.0,2.0,1.0,0.1,1.0
-0.6645827282965903,-1.5789121566902091,-2.4911575984000778,-1.1314246210554324,-0.35528838213602754,-0.8976587004700255,-1.5252808085411849,-1.3953421850716563,-1.3418796544056144,-2.02957858899203,-1.443976511636644,0.0,2.0,1.0,0.1,1.0
-2.443097198090598,-3.405073969903096,-2.919025290797482,-1.6549178131501328,-1.7778189989627413,-0.5682760512358986,-0.1585528728158047,0.3310041653802161,0.07014838559124284,0.9997343832333796,1.2582664647086064,0.0,2.0,1.0,0.1,1.0
0.7687267028114838,0.8264986926787109,0.8098812925097711,1.8282404904708467,1.450067178421157,1.4876983084687974,0.8283069242689897,1.3163106735086514,1.5822419995210493,1.1508751753212403,-0.17305975475502478,0.0,2.0,1.0,0.1,1.0
-0.19268960999866963,1.1432542639620384,1.7984965448152215,1.2328330217274615,1.9893261394334796,2.3062141319588374,2.572509422821917,3.121428833281358,3.6268442640513783,3.7427274119567473,4.226975220804359,0.0,2.0,1.0,0.1,1.0
0.751540176258837,0.28018898862056024,0.6035622092167543,0.8973646191145634,0.44109751704755507,0.6387668199501836,1.0183424623880808,1.1438620313455474,0.2063823808627676,0.7798515806614787,-0.2522423459332893,0.0,2.0,1.0,0.1,1.0
1.9359879621526088,1.686002877254803,1.1257599805655334,0.43706702112644036,-0.2592634481707068,0.9960534466722141,0.6865379409937094,0.43113036580864705,0.15051380283918533,-0.13394821494226683,1.0241202943332242,0.0,2.0,1.0,0.1,1.0
2.4750865184185624,2.321971754971503,2.5352680857376697,2.769980866450553,2.850174560767147,3.0582110033939776,3.2106436961526326,2.538419571194377,1.2154720798274938,0.3187549745330186,0.9008182220981438,0.0,2.0,1.0,0.1,1.0
-0.13342314022369894,0.655505116477332,-0.13275396125525563,0.08752561264987277,0.22096522760759787,0.8172606353377724,0.7249089970383663,1.511806752425129,1.8225179118538328,2.00825594845545,-0.04694450764718927,0.0,2.0,1.0,0.1,1.0
-3.9408640417683096,-3.5640512510574243,-2.8089436219514003,-2.7706604525201106,-1.8024018667139794,-1.3310321023613603,-1.031616192660767,-1.1377635499024106,-1.424325753408052,-0.6122014641936137,-0.889365764371409,0.0,2.0,1.0,0.1,1.0
0.5129886724644797,0.23187934096360432,0.11322645013541516,0.1763464048773078,-1.0896375811541004,-0.7697779888669574,-0.2985417702907711,-0.4135307483135693,-0.6298047748584988,-0.6647723780441755,-0.3917225953269735,0.0,2.0,1.0,0.1,1.0
-2.4409729274675747,-2.3414245709306707,-2.267870346314229,-2.8901622898366477,-2.6277723370951342,-3.0057371786342753,-2.1943258951741,-2.455739364236306,-2.6127334341454116,-2.6592613679109403,-2.0740197608503137,0.0,2.0,1.0,0.1,1.0
-0.9917646371647992,0.3488576061063863,0.27013311587029126,0.2930387001030948,0.6195500371573325,0.7992685968010774,2.03952396884954,1.6279743123123818,0.7749970207826213,0.42575100987316894,1.418760680163527,0.0,2.0,1.0,0.1,1.0
0.0011663603954497328,0.26996210655877284,-0.243915239947628,-0.7291702478686717,-1.4480287256558053,-0.9261360098529923,-0.2644484624571867,0.02444567256553523,-0.32321847242263163,-0.6744208545282462,-0.3127271461155615,0.0,2.0,1.0,0.1,1.0
-2.748200048405489,-1.1922135469472994,-1.2826166982342437,-0.05587742296064491,-0.28117998699674557,0.4470012831229904,0.19827948785929334,0.4959186956276409,-0.20758195314288375,0.42426444669625485,-0.22950340222483617,0.0,2.0,1.0,0.1,1.0
3.62187330590133,3.983005277513445,2.9432117752720317,2.3544680699887,1.0096771687753316,0.4829578173901188,0.17905140976364292,0.5630667685304404,0.36327545830162633,0.7606751769257745,0.6290786269196115,0.0,2.0,1.0,0.1,1.0
-0.09818185658354912,0.7913928455078696,0.26509670684875253,-0.15966541176857524,0.5521205191531232,1.9407147670190836,1.1264252019149712,-0.13634675464105372,-1.4431443805105777,-1.2011207348324207,0.17229437148527782,0.0,2.0,1.0,0.1,1.0
0.33562322156469454,0.05666361397608072,-0.6931294728947379,-1.0367661880565713,-1.316264738424218,-1.4266948827370483,-2.48331641527116,-1.600413458562119,-2.183609348373188,-2.092292415798401,-1.9547109295001335,0.0,2.0,1.0,0.1,1.0
-0.4614130437804308,0.12729060271818593,-0.39667761640214777,-1.0544537546064616,-1.0535520721089318,0.1712053537446545,-0.5533558565377575,-0.06772167369089721,-0.5105175194549745,0.016522026483325514,-1.0090984102619096,0.0,2.0,1.0,0.1,1.0
-0.32887740465721743,-0.5851264550869986,-1.5305900428206995,-1.728244108208329,-0.9244565113507183,-0.3937760729638255,-0.14369767331262742,0.46109688048142006,0.3736760716661755,-0.5408043148999924,-0.13502591548191772,0.0,2.0,1.0,0.1,1.0
-1.001191320683803,-0.5758920951961739,-1.035345678705859,-0.5736091353928401,-0.5093939341156325,0.26994957499060557,-0.6681476778264404,-0.8651229973763348,-0.5683518800150935,0.14857600138889648,-1.0577456266862686,0.0,2.0,1.0,0.1,1.0
0.18803227009066312,-0.49389689209872556,-0.4627125211091526,0.34933466347562664,0.1986186718197912,0.5463668854193298,0.8228836909029762,1.4392973192197118,0.842150594149937,0.5942779217196199,0.737006542798671,0.0,2.0,1.0,0.1,1.0
0.8208040698406587,1.5600637991582529,0.8583198385674349,1.7199708011219192,2.198310008268951,1.3436487135024742,-0.3560352934391091,-0.16278241387549763,-0.7854500321429013,0.8805268675830276,1.4740975066620834,0.0,2.0,1.0,0.1,1.0
-2.6332069235590314,-2.1804298937014557,-0.909893870997754,-0.636105118669587,-0.38989391715868876,-1.4859191021306803,-1.1505644975427523,-0.4532908154424252,-0.36965600337512045,0.5640338903011928,-0.024551765759045496,0.0,2.0,1.0,0.1,1.0
-0.11769825851346719,-0.9127244966872958,-0.41414150939239397,-1.1205241298622717,-0.7475115380600434,-0.4455893829897368,0.32878237532180515,-0.561154124478097,0.3069566807460543,0.2974535215766478,0.09569724239784022,0.0,2.0,1.0,0.1,1.0
-0.06369274810915267,-0.04187618883112136,-0.9742925262763641,-1.5128350972752305,-1.0998850704194045,-1.4650895625731997,-0.9030007060139401,-1.7682748737191716,-1.6250120741002678,-1.9158798397770946,-0.7434875501026426,0.0,2.0,1.0,0.1,1.0
0.40813262511756215,0.37692637634918263,0.5570132283324147,1.3642850740556947,2.448683212643126,1.592011543537073,1.0259830199890982,0.8649795532743899,0.7537403666846572,1.128258954916369,0.8057151350742373,0.0,2.0,1.0,0.1,1.0
-1.7801222359187487,-2.0973598033622385,-1.6327509353786231,-2.586614918317019,-1.9322761185618609,-1.8417157601901022,-1.8253380898272011,-1.59306509363745,-1.95625650056124,-1.7633600045300524,-2.588225172096872,0.0,2.0,1.0,0.1,1.0
-1.396131804864821,-0.6610172469507386,-1.2551814957095941,-1.8485385535402563,-0.43766348879624584,-0.3820455555027903,0.8532409101103119,-0.14357509549902425,-0.11618648246302049,0.6471830252545512,0.03576560861738021,0.0,2.0,1.0,0.1,1.0
1.2264664925471254,1.0854471163815622,0.38546150959228054,0.48984388839475324,0.5177315759707385,0.11370669044506032,-0.6909605006818729,-0.20638718234019715,-0.35274696590775306,0.19592706351495098,0.32755329374936837,0.0,2.0,1.0,0.1,1.0
0.48218674987327975,-0.11374552017264838,-0.7314469214996051,-0.5329441312530283,-0.28929672658923045,-0.02907007177474749,-0.32230457141548646,1.153306008076073,0.5451497065842708,-0.11496083757939374,-1.1958356774435308,0.0,2.0,1.0,0.1,1.0
1.13272774753358,1.040732368234568,1.5617040993134486,1.3384875754158603,0.925312763499194,0.9458561991638963,1.1617726219420403,2.1651628998384025,2.4749539477555693,2.6451728006435293,2.4829759431751532,0.0,2.0,1.0,0.1,1.0
-1.8487467416182706,-1.8558748523799857,-1.6160775079912129,-1.8191982330347534,-2.1207448705056526,-1.770652959286681,-1.767729851335876,-2.476227103721812,-2.8961737056469987,-3.311647162624009,-3.156037796106789,0.0,2.0,1.0,0.1,1.0
2.667836455918007,2.1276017102058873,2.101714943512975,2.4858545189353984,2.280188279791129,2.720606814025876,3.265916046766594,3.014465207682409,1.5341393215147516,1.8656581355277115,2.9800346124304564,0.0,2.0,1.0,0.1,1.0
-0.18846032590860173,-0.39151125444327417,-0.7916014806087899,0.12204274233289425,-0.689198840870921,-1.3416944259587584,0.9049392437995651,1.3667590857367138,2.0098449220153753,2.2439289742333504,1.2540810118261563,0.0,2.0,1.0,0.1,1.0
-1.8301239184390394,-2.4613031726113688,-2.2574768650271007,-1.8076401096198467,-2.2253081757571422,-1.7128023871552127,-2.1288441116900834,-1.3927889911851372,-1.8367621759512245,-1.5174268147740297,-0.6885365539543062,0.0,2.0,1.0,0.1,1.0
-0.10490073090458879,0.2365456640377359,0.7176141815898271,1.3722318273773189,0.8371141750214477,1.4995395953085893,0.795785125887268,1.0681098324645653,0.9726201362841463,0.878926302352223,0.6625482581201835,0.0,2.0,1.0,0.1,1.0
-0.8210451035198518,-1.6087488206822464,-1.548617989375683,-2.2773229462262945,-2.7780383145006144,-4.110856502714292,-3.259501808603543,-3.3694274672123794,-2.475775563488436,-2.07666319949051,-2.282500549583535,0.0,2.0,1.0,0.1,1.0
3.6121920663159135,2.1644396697159864,1.8162955004119503,0.9689408178399553,-0.031094913869875285,0.5741357761188541,-0.3353763415386467,-1.4559444886174284,-1.081090490148448,-0.6838440907285959,-1.5097572847184746,0.0,2.0,1.0,0.1,1.0
-0.5467213338821099,-1.088254831162633,-1.9808751456710447,-0.4715189432440854,-1.3784464435683006,-0.09503378784010796,0.10214353152870505,-0.4777923523040855,0.06251184370370322,-0.7191346325097497,-0.4491856000982355,0.0,2.0,1.0,0.1,1.0
0.49365396715961823,0.5538764494090912,1.3901686843341952,0.12367474918290933,0.4645327986719796,0.5775423677854405,-0.6442488572416961,-0.7028728785015277,-0.03924052253782939,0.5640227292654489,0.5731037545544281,0.0,2.0,1.0,0.1,1.0
1.2232127806828401,1.8587580851755598,2.350540595345028,2.7619701186987604,2.803914828399537,2.065826952835655,2.5005078998254975,2.7028722292850924,3.822235602766071,3.876696330166725,3.2203697464907357,0.0,2.0,1.0,0.1,1.0
-0.1722679081129769,0.32182955782161693,-0.5880959556053177,-0.12722172203976212,-1.5873857735781869,-0.8132933014880965,-0.6032897343080972,-0.47245235018654874,-0.5811326401943983,-0.18282277198244762,0.049405858071133346,0.0,2.0,1.0,0.1,1.0
-0.8090785645505386,-0.9754887658862856,-0.27024174753790053,0.22559273405628877,0.7091329425010048,0.13289953393188525,0.3138918262124035,0.5810095995009288,0.3477395571290193,0.9246505746236482,0.7713022058511007,0.0,2.0,1.0,0.1,1.0
-0.5828644661717867,-0.9280950161755661,-0.8331796128464026,-0.463862697557676,-1.0691492399455704,0.15223386738203315,-0.6540438585691299,-0.8853470253524999,-0.9841784772546002,-1.7423460533583945,-2.080405754183602,0.0,2.0,1.0,0.1,1.0
-3.127628661219675,-2.8705671496199328,-2.277252873335987,-2.2245840809586004,-3.0082237808598027,-1.8550877269370196,-0.868371041611064,-0.8787359037251589,-1.3150680946854152,-0.9298345837570234,-1.7571810745400194,0.0,2.0,1.0,0.1,1.0
-0.9920040396332741,-0.6277903048950269,-0.9965275968509794,-1.3437652286306767,-2.1547496058768387,-1.307417631576833,-0.8742639063405828,-1.2310409962093127,-2.4810915493326835,-1.612290547702202,-1.5546523141539064,0.0,2.0,1.0,0.1,1.0
-0.2718645574455921,-0.161711742781535,-0.16744116677539342,-0.2538416025170271,0.2638020845660323,-0.2845132195499872,-0.5992661069142879,0.1718544864035314,0.4732322262463982,0.5116857231405999,0.9357041240021171,0.0,2.0,1.0,0.1,1.0
0.03575546284693136,0.6621251697459779,0.6148292632882619,0.10930044220422669,-0.17939951034674506,0.1073548625422957,-0.5637021451402451,-1.5209086646496552,-1.3941567864776323,-0.9606844657399285,-0.725737264005651,0.0,2.0,1.0,0.1,1.0
3.170393047712408,3.604046193132967,4.2800468284158315,3.776665145021747,3.796990154781535,3.113537934463526,3.947261200103669,3.868250158516196,4.329803293180058,4.034630892461655,3.852694211541618,0.0,2.0,1.0,0.1,1.0
-1.0433135607130104,-0.8594961462927269,-2.043870519669217,-2.56853765282378,-2.8188496215878387,-2.3955244793458803,-1.62568234943359,-1.756488481405325,-2.295497047082714,-1.8973260575261086,-1.3679086136902834,0.0,2.0,1.0,0.1,1.0
1.2573051358435585,2.081524409959574,3.317208968057652,3.371929809810915,2.6292429617882402,1.6716821237049526,1.3515957890588057,-0.11122404245486961,0.33745444223785326,0.5203478676313023,0.3100982932240396,0.0,2.0,1.0,0.1,1.0
0.5179056790460279,0.4280886626985991,0.32093547096500674,-0.031390847604882866,-0.9588733688117362,-1.0487325965261234,-1.8168263812296388,-1.883368579931043,-1.427556945888348,-1.2477103351128827,-1.1320274466020959,0.0,2.0,1.0,0.1,1.0
-1.8660404363737413,-2.261268734522465,-1.3894782209984058,-0.9893686416520597,-0.6927686175343089,0.021578999583768077,-0.42064637286756246,-0.9130668523904523,-1.2990980959615364,-1.0708836154895114,-0.6506913550529447,0.0,2.0,1.0,0.1,1.0
0.49689726547638396,1.1190119348951026,1.0267575382084797,1.7814366238436072,1.789897639581437,1.7450710239860654,2.3235273646443093,2.284285376099489,3.0173276825607087,3.6055098097010476,3.3270945545756723,0.0,2.0,1.0,0.1,1.0
1.0415735258792418,1.3992362628290722,1.195102739244932,0.45055709980525793,-0.5587707558828789,-0.3324309189759209,-0.23787426226644948,-0.09824353447763713,0.6960115363750075,-0.6188789818552012,-0.6353954978368117,0.0,2.0,1.0,0.1,1.0
0.8280933689509564,0.8538221096450007,1.176750960589467,0.43727059275100666,0.3475171323152534,0.7323055044142854,-0.2496982146774942,-0.1522992205122017,-0.32059811814012196,-1.3238230975437986,-0.1955189719865177,0.0,2.0,1.0,0.1,1.0
0.4574631676150441,0.9362976682666768,0.3197157254992241,0.9121277928469551,-0.2563386256077038,-0.3446068238761535,-0.19332418704556725,-0.8115172014599873,-0.3108756907646039,0.7009093017207519,1.0045627705995015,0.0,2.0,1.0,0.1,1.0
1.3724370137524846,1.0306059949344522,0.6132545157083591,0.006174247682627865,0.21198860363565486,0.7282443558810474,-0.336738713400473,-0.3312507846432265,-0.6295481464492736,-0.5045316954962621,-1.0082658555733628,0.0,2.0,1.0,0.1,1.0
2.4586738565317656,1.839253656826937,2.300073402996039,0.8577311581812352,1.769825439113052,2.096962396618039,1.614012335484597,1.1136443708010175,0.6474905663030484,1.002081403902443,0.4494146354134066,0.0,2.0,1.0,0.1,1.0
1.1308949757690983,1.1799519258126567,1.828716489719929,1.5368965958959089,1.1086423834507808,1.2049437643561007,2.3886536756522947,1.736725655405723,1.9516261962922914,1.2740662891027839,0.6236641245974212,0.0,2.0,1.0,0.1,1.0
-1.5925253127212762,-2.1010823490311195,-0.5822600973521423,0.6240180257069808,1.1237321791289836,1.948219193807877,0.838102045621547,1.4254684059395615,1.3228669392108032,1.3555968759838775,0.8569565301146093,0.0,2.0,1.0,0.1,1.0
-0.036132224696675465,-0.11327188491986792,-0.5882688462093444,-1.0003403598580174,-1.554909696027331,-1.3833109388818206,-1.5156001570693642,-2.39946503030641,-1.5315616811255413,-0.8669119264012605,-0.2825027159058673,0.0,2.0,1.0,0.1,1.0
-0.14248561473744226,-0.1121573355072591,-0.11408400767193194,0.2099956885771505,0.816880397243516,1.3484568456801656,1.1607700054830723,0.8115024353312577,1.002352232473135,1.597740486858853,3.365502250763426,0.0,2.0,1.0,0.1,1.0
0.25292674657877523,0.13533019853233996,0.869931747822557,0.373333792621495,0.33126982303604885,-0.3783557943821108,0.08373902173691816,-0.6214226601828908,-1.0913586680384795,-1.5769144390163228,-2.0007362820132117,0.0,2.0,1.0,0.1,1.0
0.8853090499404224,-0.9938981304021178,0.5184329081697961,-0.15763331033102895,-1.3447773323480627,-0.11653803942250418,0.23894589597541804,0.4748511932684147,-0.1533623795358161,0.8044798755023884,2.284284770002736,0.0,2.0,1.0,0.1,1.0
1.209810958828043,0.9815243001250532,1.8100466388422491,0.8121821115392929,1.0931264345054261,1.7974012553649654,1.4674882237511984,0.6030995226252374,0.6707155279485846,0.8162340387024266,0.7697931664670515,0.0,2.0,1.0,0.1,1.0
-0.33619150428496664,0.008359041280266821,-0.13283649411757062,-0.6790377550167187,0.025867534176507445,1.4258948792520767,1.1746667073996524,1.324719399095751,2.31857736737713,1.8149824365452019,1.3727125722914628,0.0,2.0,1.0,0.1,1.0
1.1272673459063312,0.3953985933958155,-0.6664873489087133,-0.2823081729148291,-0.880076990300332,-0.9422066949098564,-1.0920172453750723,-0.3175825497930279,-0.6221993140629176,-0.19298918935727832,0.383521864283179,0.0,2.0,1.0,0.1,1.0
0.7538508727636815,0.8721451907416465,0.3103887048135821,0.8888312860579599,1.2707949712410862,1.0008379326649228,1.1499636884850752,1.7083848942681499,1.125662844930675,1.2865892345389813,1.3050285075999957,0.0,2.0,1.0,0.1,1.0
-0.3936423046742256,-0.5836723369948327,-0.6215135580986273,0.08610780405417284,0.10053230187538797,-1.2512205129031093,-1.7555442098196419,-1.2561904092868852,-1.1667723130935639,-1.6817811847906423,-1.6532517012675605,0.0,2.0,1.0,0.1,1.0
-1.3081392611218705,-1.5949851320024986,-3.055840414840679,-2.754672307576291,-2.948380415795273,-2.5261294772599214,-3.1421141692721686,-3.104548797407379,-3.5788158761507027,-3.3075458019133572,-2.9777288752022533,0.0,2.0,1.0,0.1,1.0
-0.699103313568825,0.16037417070677318,0.3748646935492499,0.3777787990990604,0.61409854422529,-0.3716923402594984,-0.7858713842508805,-0.5605684174405262,-0.10937971654994894,-0.30842341720485933,-0.9197470243584385,0.0,2.0,1.0,0.1,1.0
-1.191494311531931,0.3037188565363713,-0.6528959227512439,-0.47543129860983036,-0.5570874183987328,-0.2867835757124506,-0.026902423119231134,0.5915273424141088,-0.0361826966336628,-0.04815862617745676,0.07188074119955629,0.0,2.0,1.0,0.1,1.0
1.1746412744902281,1.1614820377579171,1.0916829984915821,0.06912622603295215,0.8362901841850702,1.238537794536176,1.0559165569973916,0.3855734338719292,0.26963318771965133,0.6357244850866793,1.588963477280966,0.0,2.0,1.0,0.1,1.0
-2.5422607305594993,-1.9665713823172437,-1.8587163510603293,-2.546171807348423,-1.7421641854826362,-0.699561841141799,0.3178382024909996,0.006216186291965242,-1.1469608406248473,-0.7787618032968554,-1.9767841565477828,0.0,2.0,1.0,0.1,1.0
0.06288723549517256,-0.6871940281948579,-0.7475632322146538,-0.7674603838008599,-0.872826391705064,-0.722234441707436,-0.4188612420391399,1.0915476119195715,1.8434604415170563,1.568967409573523,0.6000078094945586,0.0,2.0,1.0,0.1,1.0
0.37702276901128723,0.11782943556660083,0.7552680532482915,0.5627148037171219,-0.8592465446983688,-0.46246466891290683,-1.3715264039587112,0.01666183198005311,-0.032099474048689056,0.5916905134079551,0.49325860240109437,0.0,2.0,1.0,0.1,1.0
1.8486845737953184,1.2248374968575029,1.104931779006858,0.6815016595840659,1.1192329672718135,0.6883279056238558,1.2689951794896355,1.39511489989514,0.8131250326175775,1.126757470434331,1.1832748251514518,0.0,2.0,1.0,0.1,1.0
-0.12405389245075561,-0.1353888145371212,-0.03471929872783319,1.5346267608498263,1.5475437304747621,1.5282966159000755,1.1973652259828462,0.22253813935820133,-0.5849818634285138,-1.2680274871761332,0.044338198618854685,0.0,2.0,1.0,0.1,1.0
-1.6469262398299567,-1.4221041981211584,-0.7649109026665257,-1.1366488347785293,-1.4435535725734663,-0.6330050448776745,0.025725907635670953,0.4441024147222893,-0.021678593156894854,0.749653812217237,0.507219393561212,0.0,2.0,1.0,0.1,1.0
1.3197738498483704,1.6307468603985555,0.8677600263676271,1.7197922418900657,1.8417313244250773,1.8067343289842699,2.191461045290641,1.822008338076159,2.2936104998023543,2.683217571162422,3.1896788741067956,0.0,2.0,1.0,0.1,1.0
1.858132230596531,1.6526387356153653,1.2753528670491967,0.42677587687894825,0.2974575384754284,1.0849267600252415,1.267244507219377,0.5755904316970977,0.4752428015188834,-0.13042170797010666,-1.0383443942271695,0.0,2.0,1.0,0.1,1.0
-0.6610098054515247,-0.32545404357673213,-1.3962384496620848,-1.7270459271492142,-1.9064510356287774,-2.447594567936235,-2.6416119220072716,-3.229428661519323,-2.93865456603851,-2.0146806001333712,-2.059190619474455,0.0,2.0,1.0,0.1,1.0
1.6670775249612944,1.9565240650719398,1.7491325663118145,0.9212425241861757,1.129335509516837,1.2819157388508484,1.0666275644786278,-0.6104704414382165,-0.15647576617364328,-0.19029726647720666,-1.1110516740380152,0.0,2.0,1.0,0.1,1.0
-0.6331649442576371,-0.8243963248225645,-0.054671571734566604,-0.6949252151603198,-0.11775432591934265,-0.5119896867023829,-1.1824412131376962,-1.109357952825992,-0.644542532141168,-0.8593084245188745,-1.025513857849472,0.0,2.0,1.0,0.1,1.0
-0.16620156263550107,0.5286721130968914,0.853686166220397,1.2299717133700214,1.071090476602462,0.8355611333225221,1.0910585219033906,1.0333846682577301,-0.581956020721434,-0.9195356631692484,-2.0652421865145003,0.0,2.0,1.0,0.1,1.0
1.052379978143559,-0.12241742797459809,0.2834505568282151,0.38575359179301016,0.09487497956556917,-0.4197780143699677,-0.13924144998810817,-0.6748883663893315,-0.8351170856517468,-1.0056703955026873,0.8252479505031556,0.0,2.0,1.0,0.1,1.0
-0.5094126575649334,-0.026160778839970422,0.14673844412561096,0.03481645752861397,-0.2138612427012571,0.7963136770861368,-0.5179996831474848,-0.6709976390806836,-0.16173415226998922,-0.40457551669448544,0.7259991419884678,0.0,2.0,1.0,0.1,1.0
1.507965226329858,1.425603831645121,1.1770521027246503,1.1623070393481958,1.2097908470091228,1.2732864675692326,0.07371642926565558,-0.5678273562033113,-0.9631211347333913,-0.8235949062856032,-1.0327613476071706,0.0,2.0,1.0,0.1,1.0
-1.5025012254171581,-0.9853479681649941,-1.2597829008417833,-1.341912729734597,-1.2204094205922293,-1.7942611180836503,-1.6145069031136292,-2.481718354221108,-2.174387315262697,-1.9711405399526678,-0.7523891474834157,0.0,2.0,1.0,0.1,1.0
-1.2183542937862382,-0.8010230686705366,0.36001847562236633,-0.0896901082395713,0.8352502860213588,1.0137302523136729,1.4581680968515789,1.8370063152382348,1.8946176183717225,2.53957446682942,1.9846624231853056,0.0,2.0,1.0,0.1,1.0
-0.8181940543522607,-1.8733882875970953,-1.6852456120599275,-1.9869216654368986,-1.2240780268763563,-0.4135484028631875,-0.008980049867415185,-0.3311441092524228,-0.4824074715987946,0.14569212626636197,0.19208977618673242,0.0,2.0,1.0,0.1,1.0
0.4428068384010367,0.897258356539756,0.746638329736938,0.03299618236848989,0.3534343482324332,0.907651714692564,0.8137646004060559,1.9070918952043265,1.073915184667218,0.5746388028434902,-0.06360072579127474,0.0,2.0,1.0,0.1,1.0
1.0008217466355516,-0.692992295494143,-0.03860606065062633,0.29066612143738135,0.2853714901940101,-0.9390676524073758,-1.1921309014961703,-1.573966615790888,-1.4083301877853067,-0.9278167695540886,0.031354502746731794,0.0,2.0,1.0,0.1,1.0
-1.9927997486386955,-1.9029401262724006,-2.8422183595390096,-3.267397595348961,-2.8563246308118084,-3.8221167083251166,-2.6935689873684527,-3.2617559514926002,-2.01702815832575,-2.155672661170106,-2.2505525726420106,0.0,2.0,1.0,0.1,1.0
-2.8358369754302237,-1.621510063111041,-1.1219153882410913,-2.2275326679703884,-0.6278368572701039,-1.610920412572177,-1.9080524198845592,-1.5795443643477538,-1.1950036063257945,-1.359879496444432,-1.0201642147018322,0.0,2.0,1.0,0.1,1.0
-0.3466347985395379,-0.48624283162262705,-1.1048625561091565,-1.6546067442320869,-1.55906544461367,-1.408832526935555,-1.446614327188388,-2.4771428265080244,-1.9910774195626242,-1.1109714537334985,-0.2999405393890201,0.0,2.0,1.0,0.1,1.0
3.278499011923639,3.289975746434596,3.18973267470012,3.033620308886592,2.2668226144179933,1.427345727802951,0.9753144321838675,0.5877009593219497,0.6147391717785191,-0.1195881811509878,0.970092926055865,0.0,2.0,1.0,0.1,1.0
0.8027826045002534,0.2914756039331092,0.7830920136139117,0.5154385706239102,1.5867873592566952,1.68504894524059,1.9830903612059354,2.047812735034041,1.9956549184403913,0.97652251036377,0.5179038843760498,0.0,2.0,1.0,0.1,1.0
1.3664233345951684,0.8766074512148412,1.375921172867606,0.5654858786184043,1.4351293802500034,1.8271475127528447,2.2381182439066856,1.931997707159731,2.08215477799007,2.008388135969128,0.29553934580077557,0.0,2.0,1.0,0.1,1.0
-1.549772769526939,-0.697414388357772,0.22124400939673017,0.8399241082038834,0.7648550949809386,0.40073967175436226,0.9005653111953824,1.5362507263992287,0.5953458808322931,0.9629296424038309,0.939146407599619,0.0,2.0,1.0,0.1,1.0
-1.5197883659017244,-1.2457060761318937,0.04066018965288176,-0.03370161002498666,-0.8528517915943858,-1.0337906391176788,-0.843804249508256,-1.03507336642939,-1.5612055312216793,-1.904600540762213,-1.093671754833495,0.0,2.0,1.0,0.1,1.0
0.24081535172368185,-0.5607603373495689,0.048980243893364195,1.2168451562100278,1.0988005617307128,0.7143717677259598,0.7074907183470055,0.5904447580643063,1.0316679985084143,1.3280753379815597,0.7210632791006357,0.0,2.0,1.0,0.1,1.0
-1.6244847142364345,-1.4223496436321426,-1.232921236823898,0.2051557211793693,0.7214184834355286,1.0059579041232034,0.9128723692541144,2.2917569794320496,2.16021248802625,1.591857556846226,1.915897171397746,0.0,2.0,1.0,0.1,1.0
2.336418076038671,1.5803648646011657,1.6812406292109252,1.7411946135193843,2.2307412519282335,2.8591791718273454,1.8920257040646118,1.9026891184421044,0.9548527502223614,0.9183452305898487,0.5687529831658953,0.0,2.0,1.0,0.1,1.0
1.7514585137967784,1.2116239382986969,-0.08134193461753014,0.3839528998446067,0.2381154222672388,0.6218027863620538,0.9915269798826956,0.5627231829450637,1.3135991000586054,1.3860564134266316,1.2879546076095847,0.0,2.0,1.0,0.1,1.0
2.6081761856432206,1.5337339853866334,1.8004213319863878,0.2831751137426515,0.5347473630311379,0.8689820874495693,1.9864331541374618,1.34916935386191,0.5654589902794843,0.5910989122682893,0.035662783246050545,0.0,2.0,1.0,0.1,1.0
-0.6276327440265742,-1.2647816628701856,0.6060225681440634,0.7102213906353471,1.153190211219038,0.9441761132275036,1.5810378426616611,1.8573223107742258,1.5313936431897819,1.8946311302218537,1.2554093045244505,0.0,2.0,1.0,0.1,1.0
-1.1078378326505802,-1.7938251609548805,-1.5391935540032842,-1.3683451413559962,-1.8741333268865856,-3.294200572887859,-3.117307497507157,-3.4597212646954416,-2.802232009455622,-2.841984566721413,-2.0013418082717975,0.0,2.0,1.0,0.1,1.0
3.9704099502192096,3.72888242950496,3.258984422283908,2.7009532492872723,2.3830775535315705,1.4303276437486367,0.6306393932807545,1.9030590586208054,1.7492934740797441,1.8047850041352502,2.9886779907554413,0.0,2.0,1.0,0.1,1.0
-0.7054633626805467,-1.4172661937974693,-1.545112550681124,-1.5700878933103013,-1.8172679487920842,-1.829642305977745,-2.303510907830031,-2.286048661251272,-2.245737261940912,-2.7506218891742176,-2.582382946933735,0.0,2.0,1.0,0.1,1.0
1.5330757704017992,1.2530921787889755,1.1247970209944238,2.10595417812696,1.4631689564882815,1.4838626449395482,0.799200546989584,1.1193038399728934,0.39984466790001716,0.667236843057011,0.2040380425530387,0.0,2.0,1.0,0.1,1.0
0.40503252553236546,-0.2061961969063914,0.699152545482513,1.0360866794361556,0.5461069521206088,0.9501018696239966,0.6991049197324533,1.0425579054642897,1.3224098389456032,1.3458394113699181,1.5765035578019675,0.0,2.0,1.0,0.1,1.0
-0.506240194954161,-0.4253329829343227,-2.619133732779181,-2.7330328257131606,-2.7284320011929077,-3.566941023633783,-2.7287635669142025,-3.134299005221007,-2.7109354862009383,-2.8646511131601935,-3.0887544488711924,0.0,2.0,1.0,0.1,1.0
1.5683451490838134,1.2090512628340575,1.8069254492287652,2.862764387375888,2.7540991284870437,2.107545414831337,1.705290256657334,1.7292084770530016,2.0661793683927527,1.4694244680084705,1.2752206311287606,0.0,2.0,1.0,0.1,1.0
2.2665076053969395,0.813191454831032,1.1452674331328754,1.292380766485196,1.3130820318628318,0.5232456227055401,-0.9814555322202838,-1.4011451373263677,-1.2818973608316642,-0.7389560335020626,-0.3340206541027411,0.0,2.0,1.0,0.1,1.0
-0.40130193151864235,-0.3857597523414627,-0.014873068182368443,0.5090586176252813,0.05526750910768885,-0.1361775715449361,0.5828412412192678,1.0119407650950278,1.539304833081062,2.173876712795823,1.838342510001919,0.0,2.0,1.0,0.1,1.0
0.6385299794100741,-0.8944283910127964,-0.44894815134846194,1.309258792458862,1.8592897903004748,1.8651165989470855,1.547688079752498,0.23649636209853786,0.5395100592714808,0.7206835232934468,0.10912694407733103,0.0,2.0,1.0,0.1,1.0
0.7911015696345872,1.072480249491567,1.060261810148609,0.03272174890399582,0.12815057582382502,-0.2967260563461685,0.4299499662154973,1.2676584515826332,2.309801166505994,2.4542473028055296,2.181280979174652,0.0,2.0,1.0,0.1,1.0
-0.16714385598968162,0.39733938262855356,-0.027818291000972606,0.8775750448377746,0.7383495611961772,-0.5348151441917041,-0.8208360383014109,-0.6474088370994916,-0.7959983428616004,-0.4223074133783296,-0.580473672448927,0.0,2.0,1.0,0.1,1.0
1.1080432959578157,0.6613954241016587,0.28354279776596875,-0.2977358449660488,0.5178587916544692,0.20950067325152677,-0.7222679814544058,-1.767892686992032,-0.835318914826941,-1.606086290594654,-1.7418018546552614,0.0,2.0,1.0,0.1,1.0
0.7445784351392233,1.8128605927900843,1.6711377493373887,0.6443140975663706,0.26622708350313,0.896058981670872,-0.3160760810577391,-0.4748226086577116,-0.396449623253854,-1.00176914613379,-0.3844845972603339,0.0,2.0,1.0,0.1,1.0
2.689276554180194,2.0707263573539203,2.0471932429539708,1.8531340698639245,1.923183505233326,1.4037066078437603,1.0669532338091028,1.4943419350027516,0.3898401378049956,1.5567342245856324,1.6433400979097954,0.0,2.0,1.0,0.1,1.0
1.4657725746062014,2.2881207253617455,0.838667239501719,1.9114843166255207,2.3064907288154384,1.6520826841883427,0.7336072618144743,0.2504538326384467,1.245222170154416,0.7978562867431033,-0.074527688167908,0.0,2.0,1.0,0.1,1.0
-0.2917576320113891,0.2372318475581746,1.1482227695939995,2.982313904594123,2.5786677912245595,2.343955136890693,1.650288958636559,1.197973944145584,1.0035518651193072,1.136318153515051,0.5054457134700043,0.0,2.0,1.0,0.1,1.0
2.396798738217707,2.037238127691295,2.618838042652697,3.082253500609025,2.8686757059080707,2.1274577128874395,2.4716135268488846,2.8367409653785525,2.239192763819973,1.8377652125621298,1.6571472538496614,0.0,2.0,1.0,0.1,1.0
-0.23401044061491305,-1.6752519119592384,-1.2115143974625218,-1.5439561227868535,-1.9385334992413124,-1.265279992071357,-1.2584451548173192,-1.555045775060425,-0.7642435679659101,-0.6271647321323719,-0.219343723428502,0.0,2.0,1.0,0.1,1.0
1.021685958178663,1.2594981976120916,1.1400389091285488,0.9832020999954081,0.7702213169566479,-0.11680650647787638,-0.08321756900418423,-0.6559994042848731,-0.8819151136579102,-1.9304571588729926,-2.332930167853387,0.0,2.0,1.0,0.1,1.0
-0.5073602134822863,0.21365373863354864,-1.6054551342307914,-2.0546294349162864,-2.536342486597789,-2.1944921890844196,-1.91488004316741,-2.325595050900561,-1.7540043803286132,-1.1830750349144026,-0.9099989328982454,0.0,2.0,1.0,0.1,1.0
0.2892217514213865,-0.32332339458356757,-0.1007908078764658,1.0747695281958352,0.7770220290362605,0.92800858319617,1.772966598189651,0.821037772799894,1.8522288456570615,2.543445006764071,0.9323947187664414,0.0,2.0,1.0,0.1,1.0
-0.6608700983340676,-1.0658598142960156,-1.9351948820244735,-0.9602401152478344,-0.005592878588059236,-0.38084872953556076,-0.41309006031320183,-0.08838742060155547,0.37130480509898295,-0.6045465621323178,-1.2520010030450597,0.0,2.0,1.0,0.1,1.0
0.4356987270844302,1.2252830498782448,0.5388226614864886,0.4097539261677495,0.7856130781436272,0.6006961348171236,1.7155058365097338,1.148500284405669,1.6128232478030098,1.809963462907334,1.8047234952129645,0.0,2.0,1.0,0.1,1.0
-1.615436761511268,-2.0166758849556436,-1.4479177103473306,-1.6090559809381575,-0.7083767831999817,0.4521387717938321,0.2907817453266177,0.7986445649331673,1.2513962950299764,1.4868168786739953,1.0195819886221849,0.0,2.0,1.0,0.1,1.0
2.7926064982364993,3.6203266797908205,3.166609863695119,2.974972514132637,3.2962032558976206,3.429664739508926,2.914756011990005,3.235268732090832,2.470780485513317,2.45020775517786,2.3781294930931067,0.0,2.0,1.0,0.1,1.0
-3.5424635649865124,-2.4837759954715044,-2.950197250152832,-2.4013971331015123,-3.4249736039245176,-2.510781926090784,-1.507022559698713,-0.06479732943198546,-0.03802155803128652,0.8215836044563352,-0.5866545426479592,0.0,2.0,1.0,0.1,1.0
-2.367984821384038,-2.574664483311367,-2.3248337783454076,-1.882058519141242,-3.8667630658035232,-2.997318528493256,-2.7230734160902905,-1.651058532452328,-1.2684059207139442,-1.5800607872198473,-0.35358193917243885,0.0,2.0,1.0,0.1,1.0
-0.18459362363055803,-0.5443355221884209,-0.9605978266921984,-1.9313984813474319,-2.277040011376834,-0.31303231572520573,0.3597223563113756,0.5180312143297434,-0.005101694478497842,0.6118676632898359,-0.15255460287187717,0.0,2.0,1.0,0.1,1.0
1.547172184564172,1.7174437164908527,-0.11618816322017556,-0.555857916049485,-0.6534361957219716,-0.07225811887081046,-0.8999360457386791,-0.16510689570170534,-1.4954917269574013,0.05378254694771978,-0.21161981441189037,0.0,2.0,1.0,0.1,1.0
1.9933474989777848,1.6338001003501552,1.1750446952642317,1.2409129216753088,1.088041050314802,0.6206824043024697,-0.6899807065662854,1.1805178590707806,1.1972279855850396,1.6243052845470007,2.3451119154985762,0.0,2.0,1.0,0.1,1.0
0.0012448377373975978,-0.5078539243919628,-0.5908212510388828,-0.6836198382090237,-0.6774935698744983,-0.6536501603000875,0.21252328387058317,0.6981965336654625,0.657840240577586,2.1709685922554844,1.909950066857526,0.0,2.0,1.0,0.1,1.0
2.3433319523199616,2.713178476194066,2.5407466742789957,1.7753686860324642,2.1346250623545036,2.4702580303052724,2.0146062828246936,2.6770633314636916,2.2584659453302365,2.2381572071384337,1.169059041394406,0.0,2.0,1.0,0.1,1.0
-0.12030404064606898,-0.08729231499330344,0.5060418571033455,1.1577012628015146,0.5588751508993444,0.6507244836076417,0.8225731719069744,0.3956084013814267,0.9261415524232832,1.1408522696172896,1.0135492236922417,0.0,2.0,1.0,0.1,1.0
-0.7978782969115432,-2.0535803917243416,-0.9496916001562073,-1.9944691829751005,-2.0816053312822707,-1.0655744218628276,-0.29229397011978053,-1.106178827831718,-0.6370482024424111,-0.6479157117031717,-1.0625099167892798,0.0,2.0,1.0,0.1,1.0
1.681695855864277,1.6208134986429346,1.9256698767357436,2.8625771652624987,3.1521277590878114,3.1367901457026224,2.509511987291458,2.15774181561695,2.2831405306381374,1.8362844107142282,0.8483447811394927,0.0,2.0,1.0,0.1,1.0
1.9316808187555883,2.7272687367726762,1.6486976462698513,2.0086557886214553,1.5485349845374743,1.825607504231412,1.6870936246321286,2.4771027474135634,2.1143995092980794,2.1015561303966614,1.4828203637812971,0.0,2.0,1.0,0.1,1.0
-0.8235653686679762,-1.6159672926580622,-1.0296861388576641,-1.2533272025092819,-0.008718518123211894,0.8082555772419304,0.6135727166524034,0.5732198550760605,0.236596972949755,-0.03155191728479054,0.037080297501952963,0.0,2.0,1.0,0.1,1.0
-0.742432338295399,-0.673288381666346,-0.8540959497420748,-0.61636467956303,-1.5253384702385193,-1.1042303201209345,-0.35400393591469104,-0.8824120881604769,-0.8468677082995362,-0.0857430597345572,0.3332918174117527,0.0,2.0,1.0,0.1,1.0
-0.9498613495281929,-1.3021503915393347,-1.7122422246008444,-1.844946624390138,-1.8278307196381205,-1.771314912522407,-3.2374378665286114,-2.0077233670793566,-1.2913070820835473,-0.6933104531613499,-1.6212459812067699,0.0,2.0,1.0,0.1,1.0
-2.3343704259655986,-2.8394452331644877,-3.0073723804127463,-2.33994605094782,-0.5838399859995353,-0.09619858331940462,0.1141047634887924,-1.0704329129734163,-0.917276873258077,-0.14257425268457835,0.4901410228732128,0.0,2.0,1.0,0.1,1.0
-1.3644364331318573,-0.39437808906930105,-1.2407188366490962,-1.884283462892499,-1.6606414733521955,-1.3416475382280182,-0.33215152450337515,0.07720661508435234,-1.31880096577424,-1.6214067532750323,-2.491741373167214,0.0,2.0,1.0,0.1,1.0
-1.026887504027799,-1.290002841288791,-0.5271381751329554,-0.3265284763599068,0.27184691932162247,0.5926148095756867,-0.12219134999178338,0.10351641644939819,-1.1726290968588877,0.22279466196634345,0.2436664811815649,0.0,2.0,1.0,0.1,1.0
-2.8599815389786003,-3.6244547310769444,-4.131660036422445,-3.7434773427639443,-4.348697971300213,-4.115459358481562,-3.928299160654992,-3.5985069198485653,-1.8085379353253084,-0.3653691894884521,0.05043841198170074,0.0,2.0,1.0,0.1,1.0
-0.16712060316097743,-0.5178865849363028,-0.26136862559244006,0.03320908874297779,0.45681005068201913,-0.21670885914685178,0.38743768219866953,0.21981311889221158,1.5779197654855306,1.9425959318244714,1.5826613291777507,0.0,2.0,1.0,0.1,1.0
0.6302445784241721,1.0568730982170567,1.8059003776250742,2.161689428852385,2.282534965449948,1.9380701255076025,1.4295494114224887,1.4623172068646608,0.870171855994912,0.9156019771932877,0.2676548457853932,0.0,2.0,1.0,0.1,1.0
2.9770653755147882,3.486320539800394,2.801185995722789,2.3439215042561106,2.0506778629017868,1.102549545459031,1.223172130901839,0.6593809637296053,0.9109395468243859,0.8710719115482954,0.13676045300118933,0.0,2.0,1.0,0.1,1.0
-0.6000620623945863,-1.3554515612939464,-0.9404607028377612,-0.5678561231077788,-0.7680117568472122,-0.23982279159552705,-0.3536656517900693,-0.6537775997871558,-0.10796779555639002,-0.588566373481312,-0.833059577573398,0.0,2.0,1.0,0.1,1.0
-0.41238830950002264,-1.1007391723711037,-0.5118360539747975,-0.9189572996395543,-0.8294558254009751,-1.5461392514590702,-0.4247236845418596,-0.6203897949855517,-0.5545746526288342,-0.5985662668684524,-0.26540236245420823,0.0,2.0,1.0,0.1,1.0
0.9547330587226778,1.0678014628578714,1.0495453359965652,1.085886999268157,1.68694250292191,2.475171888982405,2.3321657890473606,2.145702058961968,1.1894356157773531,1.181298208191342,0.980375993992757,0.0,2.0,1.0,0.1,1.0
2.2714964420909944,1.0556843807387843,0.5385492503718825,-0.5469871911634179,-0.15897237107737228,-0.6967907651215253,-0.8300474578855042,0.2766301364795759,-0.7097079904862305,-1.1489853833474981,-1.592896985673622,0.0,2.0,1.0,0.1,1.0
-0.4005884360538872,-0.10633042153068556,1.0211406651720152,1.291901475845418,1.753550509692645,2.131593522383951,2.0749549550637325,3.20169869193687,2.961204914521521,2.831465149608769,1.907674522195859,0.0,2.0,1.0,0.1,1.0
0.7278916686906362,0.7351288881096343,1.549594291253103,1.691769594618613,2.356921213602866,2.230931058811625,2.6869407961252976,3.1024665245271255,3.4291523392549044,3.5862481415288974,2.3272794489117423,0.0,2.0,1.0,0.1,1.0
0.8066791508055,1.1353083639384678,0.9043921037670514,1.9370871898672388,0.6112268166887107,0.06273761983242965,0.1430626467583796,0.2609996161987258,0.5081326369071301,0.7095874279523078,0.7399592723092889,0.0,2.0,1.0,0.1,1.0
0.49511707529412075,0.36336803546473245,0.46746075565188816,1.0767874983205123,1.0073819440235274,0.6096883804902795,0.22887079883915656,0.5181941816827159,0.3996592465437153,0.9503601393507054,0.7912866130612453,0.0,2.0,1.0,0.1,1.0
-0.5069139695952324,-1.0128036424199904,-1.227715373208121,-0.2506442406691778,0.3304020714765482,-0.30587338993607566,-0.1537483962344709,0.8108443806201574,0.10713800493340087,1.1030128751676096,0.37654964236413335,0.0,2.0,1.0,0.1,1.0
-1.9655042456404328,-1.3913553067425124,-1.2357774938936072,-1.710262909834463,-1.6640899942568124,-1.6422587304924514,-1.2765375104279792,-1.7185450644642624,-1.2070025101880948,-1.6729158565615618,-1.9840027068323458,0.0,2.0,1.0,0.1,1.0
0.015486625839399788,0.37527822074273665,-0.37104167701200547,-1.8432752649381734,-0.9000994186154251,0.12371044147956456,0.45153184797366064,1.999934266082298,1.7331670189557915,1.6212166450970258,0.8402622249341428,0.0,2.0,1.0,0.1,1.0
-1.271308981743766,-1.6661580545590264,-0.8690757680146817,-0.6764162392702119,-0.3632120453760132,-0.8314306115826539,-0.9396958099750452,-1.160855798714861,-1.3193838438041878,-0.8302827696890357,-0.5992617086705024,0.0,2.0,1.0,0.1,1.0
0.4780900827278197,0.7391800128119734,1.9664472047491814,3.2627354223425957,3.428183508199003,2.3188631335114156,1.0806646273616576,1.020511430170363,1.8619088565527906,1.823218800998426,2.093738130436001,0.0,2.0,1.0,0.1,1.0
0.6123724247797928,0.8457350992512498,0.024616193680172316,-0.6421522193149563,-1.3054360838075976,-1.0502640446853693,-0.8900716019059403,-1.2554822222346407,-0.7740420283784265,-0.8799091305601354,-0.909284811362544,0.0,2.0,1.0,0.1,1.0
-0.18077954458887827,-1.175741308735046,-1.360524514669015,-0.07327271805740998,-0.6515252284631486,-0.7627664179270609,-1.1876019566944964,-0.5867018232363361,0.041435334938870305,-0.1094442633748423,-0.6549181986727374,0.0,2.0,1.0,0.1,1.0
-1.5938005373586184,-3.0675821752103176,-1.9132855317218413,-1.4791963338093952,-2.861512002161393,-1.1834656632545844,-0.857798607965479,-1.880215787272784,-1.8848224284554322,-2.1694543100546193,-2.4728753465643036,0.0,2.0,1.0,0.1,1.0
-2.570127504956671,-2.093784498256614,-1.85235833883062,-2.0840012730458355,-2.3163410499599695,-2.6753028243017245,-2.204322492294877,-1.862944953699655,-1.5082096774815312,-1.2025229103518442,-1.0336007267142873,0.0,2.0,1.0,0.1,1.0
-1.5221615555140553,-0.46990368861846077,-1.1339064625403443,-2.76168126014045,-2.562199652920203,-2.1737563659495405,-1.2121901132065083,-0.24405721291860238,-1.190621159784829,-1.4510668997429765,-0.9098895147129209,0.0,2.0,1.0,0.1,1.0
1.1705169251405336,0.8233413275581316,1.0664633507755574,1.8347598640847105,2.7286313205181667,3.2120226465057167,3.5938647317880004,4.09060898109374,4.215985924671852,3.4696044966242945,3.3100094154005193,0.0,2.0,1.0,0.1,1.0
-0.4359099315933291,0.18942305692734834,-0.15226962290878968,0.05875373333441772,-0.26385518895777016,0.3254310255673898,0.06953354978140303,-0.19474393284866326,-0.3925898094291551,-0.28990066801257186,-0.19932419974128446,0.0,2.0,1.0,0.1,1.0
0.3793197225168418,0.5700103620319311,1.3601143747179325,0.9460096954785615,0.7242454955238828,0.3273794555408139,0.1998610078821256,0.8344536229483693,0.023956764295495314,-0.124441250980264,-0.2693644753368837,0.0,2.0,1.0,0.1,1.0
1.7620393872811342,1.6952932248670944,1.6057342651170174,0.7898597200595403,1.3036277811279198,2.4153043736334814,1.9353844708232955,2.2797823259273984,2.1441994232491863,2.0956403280036056,2.702457317065609,0.0,2.0,1.0,0.1,1.0
1.096668843412894,0.6995809849655342,1.5875551998091375,1.186533051041229,1.1341862932241153,1.0357874152709536,1.6361372336318412,1.5361166829554307,2.0301731238831398,1.6613955054592393,1.2931834285216028,0.0,2.0,1.0,0.1,1.0
2.2799358763278366,3.36901659941464,3.9663589771909322,3.511277308227376,2.9813508665069564,2.6071953457844317,2.1216539223743505,2.179370076388332,1.7561792949512387,2.2238615676919,3.078371010366971,0.0,2.0,1.0,0.1,1.0
0.5116825051371326,1.0811391053561705,1.0049317318391473,1.1903744339612898,0.8493749163534576,0.514750436977819,1.067145815483101,0.980868097137656,0.8056687636542497,1.298790208308641,1.3847964652330726,0.0,2.0,1.0,0.1,1.0
-0.6450931901080347,0.10633421262666587,-0.16028545011907208,-0.15329220131981774,-0.8026639537138872,-0.7818170782691566,-1.0623082754068092,-1.9611963446072327,-1.9429743298742637,-1.3281760152331636,-0.658906113194633,0.0,2.0,1.0,0.1,1.0
-0.3099595265064999,-0.5821551016088848,-0.9177776030283136,-0.9844272848396299,-1.4288377736093376,-1.015681841744111,-0.6935405447631519,-0.3516483717414983,-1.8336050336488123,-0.9009712209640762,-1.1482030566137595,0.0,2.0,1.0,0.1,1.0
-0.45696939367929196,-0.588328447156822,0.166463849405317,-0.8365405439877154,-0.6303534425586362,0.6187011599161409,0.5540473879753878,-0.5746039092855697,-0.6380582504796731,-0.6942598292602156,-0.9745495708718788,0.0,2.0,1.0,0.1,1.0
1.1959440441433753,0.6866711418320763,0.20841309535137598,-1.1841957789100683,-0.7246022005502446,-0.947604046590315,-0.42064524601852,-0.5933091960102268,0.9925848010640054,0.3743452889870532,0.35004399240790396,0.0,2.0,1.0,0.1,1.0
0.4148171082890834,0.7770071646330534,0.7506832391260634,2.008007952410617,1.4307749229347893,1.4335228186979267,1.15501235954174,0.7915357848119456,0.6667366153181371,0.924640010471848,0.20604572984836822,0.0,2.0,1.0,0.1,1.0
0.17556930337580912,-0.40472810717209406,-0.9010841813485824,0.5441447209281319,0.33201532356001584,0.39725167321641514,1.1236960515178374,0.9115439039542896,1.462844867346603,1.5903164904732516,2.2570513323125336,0.0,2.0,1.0,0.1,1.0
1.2849134945042588,2.436544326639879,1.3384994281515232,1.3866203551728613,-0.8604162573654686,0.28698112642226525,0.23721459621027394,-0.892666657228367,-0.865942563490631,-0.9589313096085299,-1.6702356236995568,0.0,2.0,1.0,0.1,1.0
-2.6806121656470836,-2.664531818515113,-1.275490642349927,-1.3887221893138313,-1.7497948388333613,-1.2079940780859557,-1.2112661485068728,-0.08745753872126705,-0.4533955892898832,-1.2464953360382074,0.45992630453847516,0.0,2.0,1.0,0.1,1.0
-1.528849672626964,-0.9731656631468579,0.09077734993927722,-0.25740901141846795,-1.4847815766415113,-1.4054109799123118,-1.2791018129908374,-1.0983491031161594,-0.25985008903386164,0.08407314134290822,0.256591029600972,0.0,2.0,1.0,0.1,1.0
0.11261018239895909,0.51319558083714,1.4922795917645992,2.10637835390449,1.6967010912249763,1.4455791336078554,0.9817869916456607,0.8522997495136571,1.3348622755678057,1.0212176579877272,1.0069203323272538,0.0,2.0,1.0,0.1,1.0
1.0305253625218789,1.6983198029579034,1.8354879840271483,1.7897768816393678,2.7154205529619375,2.7566476211324793,2.540001026079827,2.7178856343987565,2.4280078634048503,3.1607587489405695,2.7139393565125203,0.0,2.0,1.0,0.1,1.0
-0.304720006664272,0.2719183527347824,0.2494910156456063,0.5180710172409786,0.8223014483125742,1.3914469370684817,-0.13085870264575017,-0.39405433282093233,0.5825769508653831,0.6066835590304666,0.8948062052030343,0.0,2.0,1.0,0.1,1.0
0.5795396220422752,0.9826017004486991,2.0383976333333447,0.7761560207368474,-0.22092130745502558,-0.09979510842268448,0.15726035092067225,0.16506039233369008,0.7613038522964135,0.6212975592147973,0.7078376444805862,0.0,2.0,1.0,0.1,1.0
0.3406325972681722,0.16198002556011493,0.5731225209327416,0.8551269563084928,0.8833396070982512,0.5009604152599181,0.6034462958220385,-1.1140835678857317,-0.04870831762928507,-0.9787384777288929,-0.5008505240087016,0.0,2.0,1.0,0.1,1.0
0.16496831146022378,0.2014930465068576,-0.15499576402585327,-0.42912733693488453,0.1796529296701163,0.061564420089941854,-0.07106175948806656,0.794222628807025,0.9256342705275205,0.9817937034899422,-0.7328860814374737,0.0,2.0,1.0,0.1,1.0
1.6914190349720628,0.28550409390369524,0.5487899014956141,1.0682541341354521,0.3456614360270963,-0.031679246763097524,-1.564761408382211,-0.2885826549299304,-0.036185543107564,0.8226829139447078,0.13970551882723803,0.0,2.0,1.0,0.1,1.0
0.19360454140894565,-0.0759781156013658,-0.10211254841625758,1.1706865923585745,1.2150203701661808,1.4897524208899118,1.3940096921525513,1.4616103330769694,1.6247475799676006,2.0563526746808014,1.8205622276586766,0.0,2.0,1.0,0.1,1.0
-2.4267126261632277,-1.6420225960785206,-2.936613159287152,-3.1820189440712228,-2.6612409994531077,-2.02428068062932,-1.4708830530508021,-1.4234083802642932,-1.4702368991281358,-1.809211535699797,-1.3877930192214492,0.0,2.0,1.0,0.1,1.0
2.375433535156197,2.3693065752191655,2.7980021661142276,1.2620360601776808,0.922046216097692,-0.25803735500189096,-1.4312108664203604,-1.096457134432538,-1.3020649847164836,-1.096747644298748,-1.2094492747281143,0.0,2.0,1.0,0.1,1.0
0.2364256646755954,-0.3670978439655722,-0.33173951642812466,-0.44796898202923874,0.24288134170587394,0.8994733536060048,0.7391697251887347,0.6405061081951,0.19617722233959828,-0.009787230685342901,0.033706541547375075,0.0,2.0,1.0,0.1,1.0
0.9611567207296491,0.559856491042461,1.2685467201004683,2.510897177961854,2.8787587978304536,1.911156446067133,0.16908464250988042,0.9660022612272442,1.809750376113793,1.744063289785992,0.2670047245886602,0.0,2.0,1.0,0.1,1.0
2.0094272424950916,1.4092236422891982,1.3946853261872625,1.0630268183374159,1.070522005757264,0.05302628435345402,0.32767854025100746,0.5586873453362169,0.40246895463237875,0.35268787957439207,0.3223581925781147,0.0,2.0,1.0,0.1,1.0
-0.3765723862939101,-0.8894969204599803,-0.6373038540237335,-1.2524501449045164,-0.8879440035173216,0.4354109749421361,-0.7220890990627896,0.6685620886184391,1.3195692087861366,2.185817323374226,2.5780208475159756,0.0,2.0,1.0,0.1,1.0
0.8830962384382567,1.062967557876005,1.7242083012582219,1.5184628608986097,0.5602050229996538,0.224379527013915,-0.6738578117735557,1.1148829487573415,0.45136032154779737,0.8246113831134223,1.377256697540167,0.0,2.0,1.0,0.1,1.0
-1.2732021724283824,-1.6297970421391326,-1.465516091561057,-0.7744252075496206,-1.5733298508959428,-1.7945886971236837,-0.7761786676841209,-0.26248026888847686,-0.13770192941334103,0.214481365545141,-0.2002064085412257,0.0,2.0,1.0,0.1,1.0
0.8828120364996799,0.8116179525762778,0.667907097539093,0.8955376073725465,0.23964365915675456,1.157310936267292,1.3286425217298379,1.2986868150784332,1.075239124346132,2.1523865618438522,2.6585991388915327,0.0,2.0,1.0,0.1,1.0
-2.008582528713944,-0.8980123541477067,-0.4411975699435131,-1.0666169794803095,-0.7036102957630638,-1.0149369052029333,-1.1359451639982856,-1.6481310778104787,-1.3161418931864974,-1.4468573269599179,-1.6013448923205347,0.0,2.0,1.0,0.1,1.0
1.5948522095800777,0.8632147288582389,1.3044271194445654,2.1274024518747283,2.698002328634397,2.469572794084164,2.775161891421099,2.3965552553517453,2.885710173835281,1.9926957020914613,1.767070624874612,0.0,2.0,1.0,0.1,1.0
-0.14851346399644424,0.14286955666469106,0.8850844140771712,0.6134421292076797,0.338582533790332,0.304946664724886,0.5435419233698087,1.5990315054809199,1.099039095310998,0.7204507392503481,0.7534465231096109,0.0,2.0,1.0,0.1,1.0
1.5685250934318773,1.937580416708029,1.7798812406124103,2.4947481604228696,1.5757822186153594,1.198597401552079,2.5230322839770007,1.431349821795496,0.8815674333216097,1.9283490002251802,2.5957599740988595,0.0,2.0,1.0,0.1,1.0
-3.3156340997792753,-2.796465357308765,-2.5684659119005855,-1.7239528611421069,-1.7466463187295425,-2.9311440515667697,-2.7912374394962183,-1.4487397597864002,-1.3183145390391615,-0.9405711142096631,-0.3127279724604082,0.0,2.0,1.0,0.1,1.0
0.20631086131147128,0.6340478688719877,0.7599655225554279,1.380581905551044,1.2835377798009062,1.2577785762504907,2.1463813251567374,3.4709198580336125,1.9906587680636212,0.8790319827785156,0.035560088622005326,0.0,2.0,1.0,0.1,1.0
0.6168428014726608,0.13872965068024118,0.015976638546863806,1.2454286972673319,1.2775397748433075,1.697222305787983,1.485948435157287,1.2193151541766782,1.7926233491909649,0.913143337576923,1.3893742122322823,0.0,2.0,1.0,0.1,1.0
3.383001006354615,2.887367472080646,1.9939152579615378,1.8331153265088203,1.3413054441761374,0.7535894674792467,-0.20606223315933303,-0.17482939477771733,-0.538378089723541,-0.40904591450200795,-0.5892109131309973,0.0,2.0,1.0,0.1,1.0
-0.36637503533940746,-1.2279988322452993,-1.172469723979349,-0.31102680503948055,0.38125050121584303,1.0483777810871127,1.5665106196900036,0.21033954598289384,0.3962453861960602,0.27177298927722804,-0.2905549805506876,0.0,2.0,1.0,0.1,1.0
2.424375996232784,2.6632495031832875,3.1276128667395966,2.6767493208147908,1.7352724720997297,1.6060983839922454,1.9117654203623728,2.5437690231123566,2.187950120824571,1.353401409346573,1.8253542182054774,0.0,2.0,1.0,0.1,1.0
0.481147566443643,0.5089196448317473,0.6424088909275879,0.010571723135850752,-0.7132926602532089,-0.27032114967206816,-0.35623273087605567,-0.5120762505965193,-1.4515557187538117,-1.2824303611583847,-1.5581645627380536,0.0,2.0,1.0,0.1,1.0
0.47135362599963976,-0.389473781690513,-0.4010576058679247,0.012880937916101398,-0.6413035433948555,-1.1500624429313153,-0.17051260109455602,-1.3436829373659587,-1.1519005178104114,-1.4655195583450502,-0.1986183879340615,0.0,2.0,1.0,0.1,1.0
-2.2339527120796294,-1.6563944301364193,-1.190410786963063,-1.7998345509766378,-1.2333955063136368,-1.7710022457104433,-1.9399486827602026,-2.0113649832102083,-2.6336240535546107,-2.20094921681551,-2.1909647045302942,0.0,2.0,1.0,0.1,1.0
-2.8284998610177876,-2.883350343044309,-1.9784377648620288,-2.5648317345557814,-2.3035088844979623,-2.6625092191853517,-2.3349343696782063,-0.35982593237864013,-1.224453786292504,-2.1378756650284725,-1.9202993827587984,0.0,2.0,1.0,0.1,1.0
-1.6518569169610147,-1.6071436667999703,-1.1576221249611627,-1.5037886413070984,-1.6122963259398633,-1.7581617797639506,-2.0272848152670324,-2.3857953085514922,-0.2794877270026339,-0.9232813584279032,0.3567168641521914,0.0,2.0,1.0,0.1,1.0
-1.58827193417152,-0.7323117576074798,-0.6870325135683301,-0.4136852259531401,-0.3219099210950531,-0.7008966220817407,-0.14726100412996096,0.7666015365940598,0.4989833663260139,0.7879940163909358,0.3833292721262191,0.0,2.0,1.0,0.1,1.0
0.5676943566353924,0.6014714490839326,-0.11668629074200665,-0.7864675149088448,-3.0368456691994887,-1.3985353481793548,-1.355341340665658,-2.0425780673834377,-1.1706974934999854,-1.57541280679194,-1.2485229380406966,0.0,2.0,1.0,0.1,1.0
0.29292332595130627,-0.0797348492994559,-0.6546840161008288,-1.618408334355462,-1.5232437948236042,-0.9293097953687661,-0.3514255187540659,-0.8449498950969204,-0.5618048709915309,-0.9908433606647875,-1.1299043641930422,0.0,2.0,1.0,0.1,1.0
-1.2650310772539985,-0.4502648507783299,-0.1614517412748396,0.9664435221159589,0.7294717350699473,0.9160927280480149,0.5197169433067281,0.5286774549877277,1.2960386056927424,2.0700428195104443,1.3761545847145058,0.0,2.0,1.0,0.1,1.0
1.0465404244596272,0.5834956277197942,-0.22111892397105204,-0.28443750759058684,0.06377125809052953,0.13493287937968507,0.46735185135151147,-0.7130279261727089,-0.4559374440866084,0.6228716482610973,0.41430382311048897,0.0,2.0,1.0,0.1,1.0
2.3082778928303522,3.0168925811484115,2.7947983020439433,3.514008199969303,3.2116676951839285,3.0751104607323274,1.7719419827760112,1.635598908453048,1.9249367853484587,1.8124070092844549,1.663860219221669,0.0,2.0,1.0,0.1,1.0
-0.6788771083775496,-1.4906289176087388,-2.5580461065551052,-2.5232602947351843,-1.6719550590616108,-1.5748075055326496,-0.4317717197217813,-0.7179402496216049,-0.14998375379319034,0.0129783524693593,-0.47521800715915474,0.0,2.0,1.0,0.1,1.0
0.8376452354344242,1.730454060298793,2.2368469754311864,2.2640636462062838,2.6588107514088346,2.843785963689494,2.5146038130682133,3.745600235856875,3.29193628533376,3.0136209589221967,2.3934320945112235,0.0,2.0,1.0,0.1,1.0
-0.07950978192061225,-0.25257460903912615,-0.3377829681148703,-0.4158723457051788,-0.4362214083985708,-0.23201895654300347,0.2209432883077609,-0.4328181747865163,-0.07022950500727909,-1.0008306255276793,-0.8330797728135171,0.0,2.0,1.0,0.1,1.0
-1.5758360036805905,-2.013748935794196,-2.174186724135498,-2.085247439688599,-1.7089360080239056,-0.4555719736473627,-0.4617571664820254,0.2316742617023228,0.7998138941612404,0.6967745109686913,0.32070234030424,0.0,2.0,1.0,0.1,1.0
-2.0977690139762597,-2.5433969275765183,-2.850440540475466,-1.564378906929011,-0.823497033634824,-0.5721231390701645,-0.19862438720206754,-0.21929824677759802,-0.77663945016193,-0.21214079362226546,-1.0336130997712871,0.0,2.0,1.0,0.1,1.0
0.394698098904626,0.480726970627231,1.0808157586020775,0.9084397297465411,1.0324926293548629,0.19694765159571725,2.0850976810019195,1.78207299108696,1.4310136003078493,1.1310125263157178,0.5402625431067878,0.0,2.0,1.0,0.1,1.0
0.6342708359527915,0.5473715327048773,0.07664683298735359,-0.07502356230919095,-0.7697770744597457,-1.217082296406677,-0.14625604756234867,-0.6770338947937695,-1.1692433131787763,-0.7848813123159379,-0.5200841459578,0.0,2.0,1.0,0.1,1.0
-0.6342571352367224,-0.646542366922987,-0.7372491978045993,-1.4939128405522606,-2.083944633642116,-1.7618315774780746,-2.3774918572681627,-1.8339945691833368,-1.427889153941935,-1.6226440572010588,-1.2904101779221715,0.0,2.0,1.0,0.1,1.0
1.252808710816606,1.1496895019320466,0.9994200908131547,1.4633209476506859,1.8129606837080643,1.722614532975217,0.6609273514143504,0.543978492144195,-0.1122108979162677,0.006271302185587621,0.12976829337713672,0.0,2.0,1.0,0.1,1.0
0.7393702327274615,1.2658813358122525,3.3376605866134152,1.9437846791459983,2.3846247289057194,2.398041992386965,1.9980496245068904,2.2721198675980627,1.4138683409339583,2.4086513667515455,2.544005083286769,0.0,2.0,1.0,0.1,1.0
-1.186162131625042,0.11237407567831315,-0.7479858024265732,-2.1916850068799354,-2.3901779638890392,-2.3338734169530033,-2.623135255484401,-1.8646937008182292,-1.7137688863143103,-1.1699320766975467,-2.229496669277231,0.0,2.0,1.0,0.1,1.0
-2.010548303347023,-1.4240440766148474,-0.7222254768098103,-0.5860599539020075,0.15653932990000774,-0.3287136296626161,-1.2944055552988951,-0.25521135962915276,-0.7466271545682968,-1.9386022271759735,-1.7537303257035586,0.0,2.0,1.0,0.1,1.0
0.1250570205526879,-0.0029830036074223465,0.017534277584803477,1.421411017883429,1.8766336800855303,2.5390527790378274,3.012194570517382,3.418978523581414,2.331819139724438,1.505924475206271,0.0635825301680375,0.0,2.0,1.0,0.1,1.0
-0.22755287259943766,-0.1658887310455904,-0.17595844281583675,-1.3286179634245512,-1.8983505017695785,-2.3391648018436912,-2.5388812417096585,-1.8072978344773165,-2.8257872372155197,-2.7106103645924984,-1.8675772241604163,0.0,2.0,1.0,0.1,1.0
0.7153625147979558,-0.4253831573609459,-0.005522253504884278,0.20087025941550898,-0.2582016824092348,-0.5155153689407279,-1.8054931211011143,-1.157637593907813,-1.4796075831615405,-1.3014545423742352,-1.3053499898494003,0.0,2.0,1.0,0.1,1.0
-0.1150828112164869,-0.16022444183373927,-0.7511840490897297,0.181219319094025,0.46628621940785286,1.044975196207425,1.7938703089448,1.5082462482769103,1.1665724870096859,-0.004744961216908372,0.9955036356391407,0.0,2.0,1.0,0.1,1.0
2.4145352719240654,1.8349169199632172,0.9187886996538032,0.5886637858896606,0.08167031287394294,0.26119609842158176,1.6390762790842524,1.1296235173734772,1.4378284950611107,0.7617216281039921,0.48240737613620965,0.0,2.0,1.0,0.1,1.0
0.7482542310654652,0.6192761793008118,0.5991725694747805,2.0868219595800563,0.5938738104554118,0.21416843011915793,0.2560768426144595,1.6670432365481815,2.0487868491548618,1.3294380436046003,1.2258143736043732,0.0,2.0,1.0,0.1,1.0
0.9150152807045616,1.5144173305842954,1.9602108307489292,0.9653038046005401,0.2814988920941479,-0.12587930657344443,0.748248976429031,-0.4544579353499658,-0.8390216445844516,-0.29243366313741875,0.8754468055542094,0.0,2.0,1.0,0.1,1.0
-0.25312574792756953,0.4648261757039253,1.6726270472112312,1.217794569976169,1.10168221822101,0.36043960656966145,0.9040879997492076,0.8147904029652038,1.7540374218827357,1.8081967861998591,1.37916260506172,0.0,2.0,1.0,0.1,1.0
2.5130111054283613,2.769876775365413,3.1726415962964367,3.5154839066177024,2.958800968513095,3.877154835710632,2.5610194973629294,2.1720358969865448,4.014582939293543,4.723311289578982,4.493721772850856,0.0,2.0,1.0,0.1,1.0
-0.3362941211687861,-0.7522505359027191,-1.2061693985560402,-1.5448794898495426,-2.2507524669086645,-2.021994630684061,-1.9972500090795746,-1.8623993766162221,-1.1940383245465056,-1.2585582964277742,-1.6411302603790825,0.0,2.0,1.0,0.1,1.0
-2.232813778866252,-1.9851534182372579,-1.724133643590797,-0.6022995460841714,-1.1150365262574105,-1.5178212262128064,-0.29636868582932396,-0.02794284576620057,-0.5704981186631422,-0.8837181563843777,-0.9587036274489318,0.0,2.0,1.0,0.1,1.0
-1.0226224220753037,-0.8302961302983625,-0.7295404746334315,-0.6632344199639071,-0.2598274405646224,-1.1612214178730265,0.3495245228028707,0.07086509667065571,-0.09010201031889088,-0.5198868969483961,0.17545571261965798,0.0,2.0,1.0,0.1,1.0
-0.964807297449845,0.004112018315567623,0.06453896413237493,-1.031976116688516,-1.4351681807640397,-1.400239897626614,-1.0934297470970362,-1.0087977933648027,-0.38878754805008287,-0.21976500541370403,-0.30076332277615214,0.0,2.0,1.0,0.1,1.0
0.5519197744383433,-0.1031541401503967,1.0521726850912418,1.0785877480471098,0.18645250196250496,1.301262843790336,1.1886815527774852,1.7420268912335137,1.7431912322625902,1.2409039586783623,2.077358878971138,0.0,2.0,1.0,0.1,1.0
0.41458378287721004,0.3806436589547436,0.6704391019342089,-0.16788011378797474,-0.2220980928833053,1.170677101762703,1.0595258575604811,0.560013824982915,1.2868510062623542,-0.09422933220003005,-0.6358392888410348,0.0,2.0,1.0,0.1,1.0
0.8598124617006749,1.0684067832644641,1.4839964318518917,1.8596910998333087,1.4126454002392728,1.9222827133745426,2.0665259823349356,1.7776235492608154,0.676187779061793,1.125809573451395,1.9038095717220545,0.0,2.0,1.0,0.1,1.0
-1.2278390420587402,-1.1137169807735352,-0.6256886823605603,0.12323553842957735,-0.8483880324213245,-0.03357510242493178,-0.4044258741088616,-0.0583284017510034,-0.1261221633597063,0.14856555558499518,-0.08833490737198907,0.0,2.0,1.0,0.1,1.0
-1.5298337277340213,-1.7740336110761197,-1.7701184274356823,-1.1937792662722675,-1.7607677723798574,-2.33754872499624,-1.486713914040886,-1.6543397047561617,-1.5941552565989765,-1.9308781722436874,-2.3008372763733997,0.0,2.0,1.0,0.1,1.0
2.021970139411932,2.4025143648671436,1.3459068610631741,1.1318874150639644,0.2099119921248218,-0.19616863001337945,-0.10702718160987636,-1.1309719982732596,-1.3364097755498585,-0.4341198174438934,-0.7615786974660599,0.0,2.0,1.0,0.1,1.0
1.485829990054689,1.072501690730777,0.8623305107184306,0.9402873359814599,0.7210217368520309,-0.6855361477901859,-1.4851596434961836,-1.667762907699998,-3.224089973937436,-2.7501778497736966,-2.033302576793467,0.0,2.0,1.0,0.1,1.0
-1.0094732538792925,-1.3034990074156765,-1.3368646924098133,-1.0328788034790595,-1.08352359543329,-1.3280416732059561,-1.6502434442792895,-1.4536241202741138,-2.315560417082011,-1.518900734245267,-0.20750366095614803,0.0,2.0,1.0,0.1,1.0
0.07590089616518253,0.1458800432857144,-0.015693489576914826,1.1348550788546092,1.5195223568616987,1.1244501086020096,1.4885938254678863,1.2770028208096507,1.4098654243321902,1.995618421183534,-0.17166310641297788,0.0,2.0,1.0,0.1,1.0
0.6677480611452732,1.42675113172105,2.3536184726692966,2.9153135816989497,2.956243033416662,3.0224918927109643,2.4692366951887426,2.314813761331973,1.1721956086947967,1.4553802092590848,1.4343616867127318,0.0,2.0,1.0,0.1,1.0
0.30910735004717993,0.04841621463481627,-0.7244543150871176,-0.6284091284110654,0.12045606527257324,-0.7805311186182888,0.13160917516804105,-0.8663747889901372,-0.25655390296980507,-1.0032003849233004,-0.4134876238602151,0.0,2.0,1.0,0.1,1.0
-2.1320620276143893,-1.741471613629145,-0.8863824654491627,-0.5734830551642904,-0.6373350439535863,-0.2306113926626252,-0.7566693173490477,-1.1290324236835108,-0.4560410645183268,-0.3098099394287067,-0.4945832572012978,0.0,2.0,1.0,0.1,1.0
0.5511265928403795,-0.5079431827653188,0.09391291615731989,-0.20871798224320637,-0.047243201578593436,0.4876376579067442,0.3003211464622343,0.2181156942160643,0.1317402618902542,0.42136431020161574,0.3327093830541417,0.0,2.0,1.0,0.1,1.0
0.7116359861428599,0.15548948361215204,0.17025377049428014,0.07256947314847416,-0.019365010720716433,-0.3694096052229284,0.1806016669682911,0.8616906785158467,1.0019180825420853,0.8086343956860996,0.38738107683985873,0.0,2.0,1.0,0.1,1.0
-0.2848760972417538,0.6953529257761519,0.9522468422728771,0.8794798723612435,1.247800070702945,0.3739691315408523,0.5790494267228912,0.44383095962603364,0.8748950947263605,1.534206926099544,-0.3242508041257972,0.0,2.0,1.0,0.1,1.0
0.9550831070105388,0.8142479118459781,1.8214582659303198,1.2792921738595986,1.4626894450161025,1.931932046907582,2.7995721581647777,2.1672721564972086,2.137715798980935,2.545931615536018,1.9653973173431785,0.0,2.0,1.0,0.1,1.0
2.047124366789545,2.4138969790767533,1.5869529174265886,1.9838160426626983,1.911778488150156,1.6424159787048989,1.0491042695060495,0.9328398431426439,1.2038044364727836,3.1610462007743347,3.1636365358033913,0.0,2.0,1.0,0.1,1.0
-0.564354025084255,-0.7115178070579373,-0.3480032431471067,-0.14662355221309253,-0.3348537839414141,0.5288682956593396,-0.30975639489506535,0.5440282750971192,0.6031072971994741,0.4434286652252571,-0.029273013234796252,0.0,2.0,1.0,0.1,1.0
-1.0414261442140202,-0.8830321811223014,0.8133717592148283,0.5274233188156628,0.22589583310392622,0.9466396910920719,0.8585646313332759,0.45588405027379236,0.7927177388138599,0.6223167730703547,0.5316597081715526,0.0,2.0,1.0,0.1,1.0
0.2401667567197095,0.1405229153540909,0.42750905727372096,-0.30770127335037645,-0.08041325606336239,-1.5490467740771408,-1.7557570325331262,-1.3324801119828296,-0.24126346893682238,-0.71980795245166,-0.2622649752249358,0.0,2.0,1.0,0.1,1.0
0.5013683447064748,1.1593833078035778,-0.6781204368127471,0.23684250843073273,0.33980025546557363,-0.6314989567453192,-1.395590030248104,-0.4194379597411909,0.18808365763538182,0.5537812140692621,0.14741936532799094,0.0,2.0,1.0,0.1,1.0
1.7178397485381809,0.5204021735334174,0.08521894940576874,0.9399581445621534,0.7848516202264387,0.043415154158336855,0.14825686462837215,-1.1820625804594427,-1.1840303816831452,-1.2851403311012732,-1.460261762408872,0.0,2.0,1.0,0.1,1.0
-0.1482717700866755,0.2873759148656193,-0.8112041172803286,-0.26702887196845543,-0.8862099098992056,-0.7093894103274588,-0.3812103967244713,-0.31861469626107564,0.4929127694214702,0.531742433074347,1.652386134744271,0.0,2.0,1.0,0.1,1.0
-0.8865392215974837,-2.833293541787757,-2.723856822604707,-1.9526431463601168,-1.2911346553107608,-0.7986680698391124,-0.4068354486730177,0.602077483157869,0.08350816439193087,0.8365819025605846,-0.4530109044181444,0.0,2.0,1.0,0.1,1.0
-1.6427947457149845,-0.7780250101742078,-1.2331460787013635,-1.305933647896065,-2.0490122512061824,-2.7921057051555285,-2.3673394103632335,-1.3810713761456053,-1.5260913224439085,-2.332309691288967,-1.800851162736241,0.0,2.0,1.0,0.1,1.0
-1.0678288893214,-0.6700952640605256,-0.48914640663386394,-0.12360640135612716,-0.3837724184958047,-1.2563045157789892,-0.3525699091075237,-1.0572749483260961,-0.8157583007365293,-0.5958504839290844,-0.9117219107265356,0.0,2.0,1.0,0.1,1.0
-0.15165048975230114,-0.22622249417511392,0.14214646126632108,-0.0014000435485086171,-1.0264210204824047,-0.8698449190824987,-0.2002171791699302,-1.354891366120882,-0.4126822774354144,-0.8168039351822023,-1.6994954647248712,0.0,2.0,1.0,0.1,1.0
-0.10386964591620212,-0.2051829240424529,-0.6342102312420916,0.32092051350484485,0.5460902930424439,-0.461356187631657,0.580191715446309,1.060814326063582,0.6397651137703856,0.9674428601060391,0.2315736107773506,0.0,2.0,1.0,0.1,1.0
0.5928572278987628,0.9661649373140047,0.6564061535055313,0.743790581098068,1.1020402573347021,1.7080077689652042,1.8697725477183056,2.625215372636429,2.202901629600432,1.8803758203825358,2.252714064083092,0.0,2.0,1.0,0.1,1.0
-1.0221384397464683,-1.4027229811003643,-1.727747560833316,-1.5205487203296568,-0.6544604995380549,-0.24771446206731407,-0.11839833170872616,0.7006299496763488,0.20492473293120134,0.09465283961254001,-0.05732163842189393,0.0,2.0,1.0,0.1,1.0
2.0634280874703452,2.3724967565898143,1.6870115570209872,0.5077136351341451,1.348025860923403,1.0271461942461748,0.5477111177987486,0.47461363769079706,-0.5600997714411688,1.099633059497899,1.8719028655824945,0.0,2.0,1.0,0.1,1.0
0.14505156941367792,0.5198755019928443,0.7258130751379719,0.6231796456045464,0.1284685456350767,-0.10421651121102826,-0.35465929390908074,0.3647294496755484,0.8659382957193509,1.4452557615330663,2.4082693268553106,0.0,2.0,1.0,0.1,1.0
-0.06248265945848217,-0.2396801357606583,0.2912413501385688,0.656705382884168,0.3556797252529947,0.037628289892110256,0.18206937682491642,0.22699154728778403,0.9179406256037745,0.9820851407445684,0.5253472241352852,0.0,2.0,1.0,0.1,1.0
-0.1347993630978621,0.459813451106247,0.6522970398942851,-0.006501586652705504,-0.07510446958404701,1.147985630449597,1.0034188409141827,0.5572281439191911,0.8578168971556188,1.3037089477159443,1.0015761933016119,0.0,2.0,1.0,0.1,1.0
1.043572565520169,0.4633242118760684,-0.32429457586349286,-1.0710182033132116,-1.2674365218786334,-0.8835394571441023,-1.4349697110534818,-0.2080631929029133,0.10332507618417117,-0.13037777877083687,-0.22141362696004757,0.0,2.0,1.0,0.1,1.0
0.2714650091534518,-0.11096279144284157,-0.43304065051778573,-1.2591709813433312,-1.246614190351231,-1.5155832453580702,-1.1479354691980426,-0.29834109132360487,-0.4289304761627304,0.08401705577612367,0.3455361408827928,0.0,2.0,1.0,0.1,1.0
-0.7013791298088387,-0.2448609378171429,-0.07454739590111806,-0.5136849944338611,-0.7190648681574254,-0.05924357782495582,-0.2913420408014495,-0.8664488380574706,-0.4724412172626938,-0.6437236555539095,-0.7276586793504002,0.0,2.0,1.0,0.1,1.0
-0.5538234992187294,-0.64037581761631,0.048415114038190876,0.727921158435918,0.3643737191257515,-0.5082265903617106,0.48762521801874065,1.142466094737641,0.39205616928481635,-0.308343263383472,0.6288572865544536,0.0,2.0,1.0,0.1,1.0
-0.5520880083000732,-0.2983072132229728,-1.0662246497972439,-1.4534751196948439,-2.0145457261794175,-1.421394155795448,-0.6314495777392399,-2.4847456394357135,-0.679549858417632,-0.7297101126078545,-1.1448691185612336,0.0,2.0,1.0,0.1,1.0
-0.6644982320006385,-1.036181442442015,0.1732980255862564,1.3810694569871442,1.1945824175847746,0.8459082436683967,0.9827857079752733,0.4216057313673649,0.6122056323619542,0.22652426954418942,0.9713372371259026,0.0,2.0,1.0,0.1,1.0
1.5066390800659815,1.1929951147348172,1.140577464429479,1.7848055286095588,1.3889326399621538,1.1704966692172336,-0.08769122316598699,0.5319642763482101,0.09961542437984328,0.31376742116919015,-0.06219021219565163,0.0,2.0,1.0,0.1,1.0
-1.2323704696947788,-1.4373536930196371,-1.682908787744907,-1.6516749416749579,-0.12745830365201516,-0.04612892381753281,0.34080048931549584,0.6902035570732075,0.890667371927752,0.9298346571654812,0.5302307014128845,0.0,2.0,1.0,0.1,1.0
0.8504468882088762,0.5293823558335542,0.22095470465441558,0.7763676295695198,0.5244790657542182,0.8557875329396014,0.5932626192500469,1.5904407650007244,2.870802727502668,2.297385798015963,2.4716731492177133,0.0,2.0,1.0,0.1,1.0
-0.4127857425665437,-0.059649012382829825,-0.04432279705228823,-0.32090303312770374,-0.39702448793105993,0.32993402924767745,-0.04479351161353534,0.12234109955920813,-0.2367310187729791,-0.7264441744983487,-0.7389449051405973,0.0,2.0,1.0,0.1,1.0
1.06380072742056,1.1787338471876248,0.3409004316075783,-0.8426411045884126,0.06137166372692049,-0.553628746278101,0.9210428618996885,1.8198774853288822,3.0571733125434735,2.5096834059163204,1.3798087666199423,0.0,2.0,1.0,0.1,1.0
-0.2830258033529582,-0.14169086545501092,0.32396603396759155,0.8851911321144138,0.6678177748903377,1.2258892700438981,0.7775636362966574,-0.11562417097944944,-0.44465044704674617,-0.36935760568327414,-0.5328560154526059,0.0,2.0,1.0,0.1,1.0
0.9208306196554901,0.2634916860959088,0.4338788945626678,-0.1239322842813021,0.9480986837156467,0.6430068255387615,1.3666407654729977,1.2178713932396839,0.40143997976645085,0.6262793738205541,-0.37602361281240326,0.0,2.0,1.0,0.1,1.0
0.3845731077982957,0.00565724821471808,-0.8698768831550313,-1.4347038793002946,-2.520851558986018,-2.049861582913257,-1.3046390181736423,-0.6695651450777393,-1.0092990919295814,-2.0859886320171035,-1.6830563684685558,0.0,2.0,1.0,0.1,1.0
1.1344173016809727,0.25998875799804677,0.527463884081469,0.5176214315717077,-0.7705706408150568,-0.7796822451390935,-0.5152722842008517,-0.4465024968345234,-0.5267156602736224,0.02872364702943908,0.10618436197316397,0.0,2.0,1.0,0.1,1.0
-0.5739422759164332,0.28803451424632753,-0.26769115439337315,0.22748943980651534,0.09726689317706363,0.019926696812473152,0.6571758609087786,0.4109425743644908,0.7014048242376876,0.9757757486821469,1.8385026030949794,0.0,2.0,1.0,0.1,1.0
2.3750634749091617,2.0849094937183783,2.3706599434733566,1.774871669874707,2.237022166579048,1.3323916730588428,1.513752522801807,0.9981110537708655,1.054106648951579,1.6808265941910747,0.9680125026009534,0.0,2.0,1.0,0.1,1.0
1.3352818824220876,1.3559647607008443,2.092242447682491,1.9093540102618567,1.5664415452754055,1.48001895327446,0.17899575965579873,0.23860646860449358,0.41795107046621005,1.4296025723720374,1.553436790254632,0.0,2.0,1.0,0.1,1.0
1.4954731228384333,0.9653502419980187,1.0115790891809542,0.35566090647765214,2.408873814457007,0.14208236291166676,1.1275210547429275,1.3676491542926912,1.732438976754478,1.354014396792112,0.8962171239892693,0.0,2.0,1.0,0.1,1.0
2.3921812055703047,2.8454750556820736,3.0484320894538297,2.340406715391395,1.7553701164542002,1.76851276457524,2.465934985402491,2.1594390005855253,1.6099487863978452,0.5924340544123768,1.6458769655944312,0.0,2.0,1.0,0.1,1.0
-0.022133058793720312,-0.5721874838829709,0.24984564950773214,-0.1673828093849014,0.2212829041522498,-0.9780411058185923,0.051152966164063174,-0.07899136084959064,-0.22858460452861212,0.06223174075894011,0.2659984927245412,0.0,2.0,1.0,0.1,1.0
0.7669351707356689,0.336751608465832,0.5720739227059324,0.46080255012868354,0.05142041666432867,0.4142460719527683,0.1895687669399997,-0.9992482620885679,-1.190100794901039,-1.760913749148914,-2.0259641625081817,0.0,2.0,1.0,0.1,1.0
-1.428756737990851,-1.6753531666596426,-1.8476256215580824,-2.5732837375073316,-2.617595369016584,-2.150012322684244,-1.7346291153716478,-1.8913558172119653,-2.661843547777448,-2.3196786571598733,-1.5061739210705376,0.0,2.0,1.0,0.1,1.0
3.8468785787129747,3.656751468737018,2.5858079062221613,2.2900069855675667,1.5381468385356705,0.5437349402812908,1.6016907992082938,2.7575274025426255,1.879141360758601,1.2681879447693452,1.3842021374965436,0.0,2.0,1.0,0.1,1.0
-0.8366596659577592,-1.9235918813317137,-1.9937737956433867,-2.6911690171601137,-3.4644013506212614,-3.2910228801212673,-2.142245749841919,-0.7784808197503825,-1.5977594152853918,-2.1702334047853933,-2.2244800611324638,0.0,2.0,1.0,0.1,1.0
0.45544556482162474,1.2478787096409865,-0.027849239450403074,0.09548580178014045,-0.010586187111670198,-1.5998831269784584,-2.12046312696328,-1.8156764092278346,-1.6596716554634938,-2.079241052973296,-1.792247058661585,0.0,2.0,1.0,0.1,1.0
-0.08759893506951061,0.6289750297076122,0.7926652772746124,1.3588799472486102,1.1158224357930553,1.7222298338099349,1.5094927870797064,1.2365095958529224,1.1582622742191326,0.445000329542108,0.16333787027924737,0.0,2.0,1.0,0.1,1.0
1.2052778661786823,1.3430859520610547,1.596154163333666,1.1735655635178426,1.0892031895071064,0.6262310687836412,0.1335857152078232,-0.34629471745566953,-0.2771041663944016,-0.23984372446008578,-0.3257566215183392,0.0,2.0,1.0,0.1,1.0
-1.2879753836172199,-0.8436307985983222,-0.8553976506815669,-0.19472182032181062,-0.5194637725395513,0.2958245625691782,-0.20071315462470773,-0.6766765894540263,-0.14240907627516525,0.1878592060780064,0.656408017457313,0.0,2.0,1.0,0.1,1.0
-0.30661560674412525,0.41714680817227434,-0.017544426379287437,-0.12165803133472626,0.154512533395103,0.900275038501396,0.23242153072777383,0.5929747078006169,1.0518767499483102,0.8786240980085173,0.5584344182871901,0.0,2.0,1.0,0.1,1.0
0.6694257134736925,0.9126388496861502,1.1932641652149303,1.9420263874174764,1.0180928255884336,1.1191267407114391,0.6053992392263996,0.3958969043823578,0.615270508264922,0.7680952023518005,0.7330709824505974,0.0,2.0,1.0,0.1,1.0
1.2730118268489279,1.2534525958298584,2.4877551239444156,3.064346518266644,2.7063375919989507,3.6476099435184923,2.0971936798811344,1.7268105096092758,1.0414421173513313,1.0499840409118233,1.8471571352830567,0.0,2.0,1.0,0.1,1.0
0.5001799833026048,-0.4387914964981143,-0.6901179833324254,-1.2310082211221658,-0.33017769736041547,-0.2539371922204139,-0.1938624482984459,0.33984188479516403,-0.625809155662982,-0.11908487421694663,0.1324807682293015,0.0,2.0,1.0,0.1,1.0
0.6137805026342218,0.5290917560041909,2.9403675456313536,3.0987976952145955,2.134085309136177,0.5185692028160742,0.007761993629013975,0.7325683573068777,0.7259859780213501,0.21886717397369332,0.23984528832597696,0.0,2.0,1.0,0.1,1.0
0.16849004992066,-0.22730379009098783,0.15128432351281046,0.03910735899686804,-0.49400869462649727,-0.026292521707670047,-0.8365902130875243,-1.7084572984572146,-1.2528966911649286,-0.8742787891009397,-0.8276653857614513,0.0,2.0,1.0,0.1,1.0
-0.5707980211821858,0.24364271643901958,0.6352624602741352,-0.09239173042732496,0.1997939681842181,0.46065443251491056,0.4564803530425087,-0.4288754737008,0.3834319537828418,1.966374998801421,1.8004312089063448,0.0,2.0,1.0,0.1,1.0
0.5463822703822231,0.14476784175057839,0.5661838613283594,1.7346374442819887,1.4244214245874163,1.5362687007097664,2.1946526294621425,1.46621974579107,0.47795454985021146,0.8430204707958988,0.3767188025794586,0.0,2.0,1.0,0.1,1.0
-3.1538732794985656,-2.030319388319307,-2.4824057069386494,-2.8065209528987802,-2.3374899500720523,-2.111609091270528,-1.6159025814044794,-0.5206207717226911,-1.3538872736943857,0.4693973880160516,-0.16991875143437096,0.0,2.0,1.0,0.1,1.0
-0.7008633508100348,-1.2324234062389423,-0.7450125715270657,-1.498982005480725,-1.3848719183098124,-0.3589782091631998,0.3930821374655493,-0.14573993148517367,-0.23395170160572043,0.7388332174622364,-0.7103648084374181,0.0,2.0,1.0,0.1,1.0
0.8116652312145384,0.8367015174211392,-0.265301155962985,-0.3687518778721464,-0.19052816156241328,-0.43131471744260397,0.6121915530536846,0.7475321015523432,0.7354890490475442,0.766512829511991,1.4269118012992617,0.0,2.0,1.0,0.1,1.0
0.18620045745240774,2.000587757888812,2.0028865915835072,2.3152877719624776,2.331041795005847,1.8543717278115806,1.7328198109011252,0.3617699714714573,1.0469610715795081,1.1485710943588439,1.3411807399373865,0.0,2.0,1.0,0.1,1.0
1.4232855189742366,0.4857929636699816,-0.22258717575102321,-0.33638163413407085,-0.2135454138198089,-0.7126436556299562,-1.4589725867117633,-1.6159940459806554,-0.8391097393587019,-0.36570180932778,-1.0284414828802095,0.0,2.0,1.0,0.1,1.0
1.4618319088387324,1.1478613702090845,1.9026392231007774,1.9958440875612036,0.3873112115142334,0.8811265482960542,-0.2790957659884148,0.6653494640120419,-0.5778268690635562,-0.682662395373962,-1.7143281175772158,0.0,2.0,1.0,0.1,1.0
0.8541684821726871,0.5750681673093341,0.4924671760411296,-0.172216655603188,-0.3731454167793379,0.21360405741414723,0.5008528452934731,0.26603830507907783,-0.1744598082427047,-1.3236134297961675,-0.8054814303416393,0.0,2.0,1.0,0.1,1.0
-3.0998600009313653,-3.929752142438142,-3.709495653035704,-3.8374338603905835,-3.9091328291444074,-3.949919007998153,-4.232244192260751,-3.31224886403544,-4.266490584498861,-5.541722655828191,-4.834347028159569,0.0,2.0,1.0,0.1,1.0
0.852478264400913,2.304202414265289,1.1164235167903445,1.5038320446338749,0.8641923447046479,1.1351042878136428,1.6231286102420666,1.302147132137156,1.159831371984218,0.7483777900360011,-0.10567148215590916,0.0,2.0,1.0,0.1,1.0
-2.3548111250488253,-2.1861103167245983,-1.902171871242957,-2.0909694152393943,-1.75221605880999,-1.6287688107504505,-0.7130757667364438,0.4894204626707013,0.182863809425238,-0.617641070254044,1.0518780416911855,0.0,2.0,1.0,0.1,1.0
2.5307100500156725,0.8026340839664599,1.3378829891647643,1.508317948975573,0.5803700048652808,0.6916688582527214,0.7627758424779892,0.04957128069540728,-0.04611261900895473,0.15480885923128512,0.027363063070740448,0.0,2.0,1.0,0.1,1.0
0.2796218608470396,-0.3235098073978002,0.6433697144131534,0.043797291902150426,-1.5587158493243716,-1.3643528077795557,-1.4222068508133154,-1.8564003179800501,-1.0777062451999764,-1.1660984419624523,-0.7852208308527769,0.0,2.0,1.0,0.1,1.0
-2.6301393078446176,-3.608810246165362,-3.1888131052591984,-3.2496613539743326,-3.0797501522552135,-2.5914582768376175,-3.006236030596834,-3.2616227404084635,-3.4301731046953434,-2.912522866681954,-3.658882870561835,0.0,2.0,1.0,0.1,1.0
1.1071445278224086,1.0136722063691876,1.0766537714301303,2.0821929068854375,2.846029746350994,1.7396285548509869,0.89506349996415,1.9794150197142348,1.7978675594774973,1.4192546054413568,1.3108457539821183,0.0,2.0,1.0,0.1,1.0
2.529760111007821,1.2433185693028972,0.986348665378157,0.6602049318416662,0.8550492184382397,0.2075660053527364,-0.7267906147545703,0.4223825804927419,0.9373933264941869,2.3889057940562384,1.9121890430098736,0.0,2.0,1.0,0.1,1.0
-3.4928071808256567,-3.3769749818024897,-3.5270362354337386,-3.154189101753982,-3.090736000759415,-2.6417219637166474,-2.3643213027948886,-3.493735854639853,-4.356013270468091,-4.589849850378393,-3.822256475765339,0.0,2.0,1.0,0.1,1.0
1.954880780132249,1.6096760711441547,1.6740257819645132,0.24980470929422105,1.1420392371286863,0.4879750855902567,0.841776809677705,0.655975092566986,1.0464812623061794,1.9559135997988402,2.3860123331986824,0.0,2.0,1.0,0.1,1.0
2.3533726903424554,2.3410225888209624,1.7863475768736459,0.7956898853621399,1.598927625887165,1.625692965857975,0.47936590191896,0.3487503036787294,-0.1390976152038379,0.8534803605166349,0.3638234971551871,0.0,2.0,1.0,0.1,1.0
0.1720048508614909,0.8528886905914168,1.3504697211713999,0.4479217875337521,1.1600878388903337,1.0310457916677607,0.6869108686316002,1.0349119819404808,0.4126023608820707,0.7435333620530684,0.325324608828509,0.0,2.0,1.0,0.1,1.0
0.010344247929906685,-1.028927282599562,-1.8991228110719125,-1.8723326299428944,-1.4957639160920013,-1.829930775609558,-3.1534234919225983,-1.9940468267240208,-1.186287468457028,-0.6615590837526604,0.14604837711336582,0.0,2.0,1.0,0.1,1.0
0.7739324863483594,0.32863385327856337,-0.3605930763359726,-0.7801857800568953,-1.1759507404318161,-1.122737535434454,-1.0684203112945405,-0.5681818728242372,-1.0800915461323557,-1.845581949916101,-1.9119897562787995,0.0,2.0,1.0,0.1,1.0
0.3117102468414824,0.2626476470669632,-0.6129084772477296,-1.5219185369864983,-0.18856021509179222,-1.4516025510701154,-0.6476881072107608,-1.6041199371386408,-0.8248643061657457,-1.2303053170750635,-0.588184210585426,0.0,2.0,1.0,0.1,1.0
-0.6234223541805298,0.9481122754923496,1.5857580675682348,2.0342897397709776,1.722466103596997,1.109963894559292,-0.09116867131170281,-1.7576271951951183,-1.320048401771216,-1.1860661587710986,-1.743207997857505,0.0,2.0,1.0,0.1,1.0
3.502983737392546,3.5977965457616627,3.677659023184338,1.8197769659041856,1.4949874902249456,1.3912345614324912,2.20574378988888,2.8813187958428013,1.5599029132482904,0.9012716421886942,0.7051082558847853,0.0,2.0,1.0,0.1,1.0
0.0533138577893991,-0.11408099569467753,0.5789316848565964,0.8449615632966945,1.41260229687112,1.2473700025968393,1.3239808288019714,2.0935079092386206,1.9752934729221039,1.6785381453673194,1.4397943642831814,0.0,2.0,1.0,0.1,1.0
-1.032764730826188,-0.8847403561073556,-0.9331308957271416,-1.4924472089901197,-0.7099558516813731,-1.2753768361865734,-1.32603082409397,-1.3609839742678795,-1.0664124825965744,-2.0096422513260768,-1.5082078138439052,0.0,2.0,1.0,0.1,1.0
-0.04256053055987349,-0.4945196136376432,-0.3036400900808838,-0.5019570891333347,-0.5821561467196283,-1.1031335975370475,-1.1791481783861477,-1.220894068135544,0.0653006427555487,1.5746090686509029,1.8012741232662606,0.0,2.0,1.0,0.1,1.0
-0.0868630017168406,-0.7168494289725718,-1.4091079925200605,0.05278838079863868,-0.7563240463934368,-0.36867080461412044,0.33560657277602657,0.2570363306735228,0.1868599274839734,0.18066298332840278,-0.25015067536639135,0.0,2.0,1.0,0.1,1.0
-1.0799920719001672,0.6410214279967984,1.0902738916734767,0.01955796978697666,-0.20554325999115605,-0.7412084319861154,-1.3949283317086125,-1.7536494459370233,-1.8821612145129865,-0.9753330630693792,-1.0332731438981904,0.0,2.0,1.0,0.1,1.0
2.5102208190515904,2.3635234631951847,1.93858234905201,2.57801815944109,3.212513983951182,2.4203567829481694,1.1827173605226138,0.7848693931323744,0.9286404821280901,1.180780610212918,1.2728371029534407,0.0,2.0,1.0,0.1,1.0
0.40629807503059073,0.4378507713723777,0.3285523920956326,0.5108344777016155,0.6999774413712136,1.9105569950908048,1.0598827900553527,0.80154167263409,-0.22785717421549978,-0.39362845944004476,-0.4033989050659415,0.0,2.0,1.0,0.1,1.0
-1.800605239931138,-1.9561556114178504,-2.101279215384216,-2.3837345617265213,-2.2798587577540257,-2.4137779965779576,-3.7788942966140007,-4.005934356783529,-4.134894577190858,-3.754413542136172,-2.9919888309527103,0.0,2.0,1.0,0.1,1.0
2.1961881892794426,2.0108818952444127,1.7466272708054391,1.6063676582537254,1.989524748705692,1.6070464963478148,1.5175562895850885,0.9812040159041565,1.4833163144596488,1.7921798277793486,1.5867086584676298,0.0,2.0,1.0,0.1,1.0
-1.96140021240458,-2.2438310740502017,-2.2049799890234754,-0.8109375869368163,-1.0488792788561923,-0.7237920028315239,-1.6189810777588098,-0.9524308690698845,-0.8831647942063928,-1.3184643708993378,-1.3254479068455294,0.0,2.0,1.0,0.1,1.0
1.0115831468519443,1.621978533933083,-0.04629402953253248,0.3293250738130091,0.9033626468563594,-0.5116902355753375,-1.1264788509317465,-0.6403112664543193,-0.10127719715631955,0.3404144419735292,0.10109437371257704,0.0,2.0,1.0,0.1,1.0
0.9329010791604919,1.4327936822313228,1.6914890923456607,1.3200010118169305,1.9391678635237481,1.7550906712209668,1.4672181477657276,2.7381773213686835,2.0723776741280995,1.8205382698736732,2.5990354276571277,0.0,2.0,1.0,0.1,1.0
0.18328909341045765,-1.009214312356014,-0.12542536932502668,-0.6142566629596625,-0.3572684429109685,0.08911895560280175,-0.8144696617563585,-0.753631681928956,-0.3574004088687881,0.09060241894409676,-0.11892665026931534,0.0,2.0,1.0,0.1,1.0
-2.1686723232399,-2.966496023383976,-3.1512212081313775,-2.24915213883661,-1.652125035689774,-3.02966472516475,-3.995810550960959,-3.7725410782337914,-4.291158867649533,-3.572204642708257,-3.183695719780094,0.0,2.0,1.0,0.1,1.0
-0.7908297001679698,-1.3737146602024848,-1.466693320689993,-1.409741360197396,-0.6947719296732475,-0.6034593281276088,-0.42463059484247623,0.7659386465168307,0.6079202535538852,0.3589994058207839,0.2676214097732876,0.0,2.0,1.0,0.1,1.0
0.9697625488833835,0.6703128983305233,1.4966639759468707,2.4782534908635587,2.9411011624117087,2.0243959376228906,1.9274382080081078,2.1578980926663247,0.8479214183978063,-0.1105023915333182,-0.6095090768264817,0.0,2.0,1.0,0.1,1.0
0.23741585296797843,0.917307899252807,1.3322695396823352,2.188343498429025,2.4216966396345807,2.7807658585753052,1.6992453009620327,2.694018515010895,1.7373612097895417,0.27979159090935934,0.18413955918827749,0.0,2.0,1.0,0.1,1.0
-0.07696883611444373,-0.9011677318787998,-0.5851043458095331,-0.16636443576282411,0.08581258285567908,-0.3230222205623004,-0.4480406666501758,-1.336150125972686,-1.4974376527550723,-1.2723820429486017,-1.7958205151867195,0.0,2.0,1.0,0.1,1.0
0.8572862190150587,1.886936568587213,2.5341138638020206,2.4904877878624707,2.9223944992460753,1.8854704401737266,2.3484233125379532,2.537479064616648,2.830729143604602,2.5018414281949934,2.121091418954484,0.0,2.0,1.0,0.1,1.0
0.589847741567826,0.7032597882409967,-0.316803745790571,0.2330607155109688,-0.036460997338364415,-0.07908601604099225,-1.0276244614527812,-0.9417706120707152,-0.47679805109122003,-0.7700078384236007,-1.0288036913417575,0.0,2.0,1.0,0.1,1.0
0.3712632730261632,1.0560530969117263,-0.010699505665615838,0.1585323031685936,-1.5999893589899161,-1.6934039305947457,-0.6284130101764741,-1.1613761629345802,-1.570425972986628,-0.3706285366620252,-0.02944470669478677,0.0,2.0,1.0,0.1,1.0
-0.35330797468899877,0.07688394194849857,-0.7322259280065995,-0.20493733353998472,0.12265444027809583,-0.20835906907907037,-0.05232351291753509,-0.11397225353621321,0.16988753464132617,-0.012911802329381356,-0.6133389217281034,0.0,2.0,1.0,0.1,1.0
-0.35375834923628247,-1.0219500841707363,-1.1621932325874271,-1.058877751855972,-1.0776435308612504,-0.24069108247189097,0.9941290191156432,2.4768158587808786,1.057669340945217,0.6376714577915681,0.8739234892009042,0.0,2.0,1.0,0.1,1.0
-0.8197319770341457,-0.6604289338762701,-0.35050935682405365,0.05046627878552351,0.020856228747136964,-1.23954098318842,-0.317183425029669,-0.4809642831928828,-0.7813136466331794,0.007023261321786434,-0.47628747096894136,0.0,2.0,1.0,0.1,1.0
1.4948750270061095,1.8629502496824315,2.3431673658334007,1.537905162648204,1.7667622607150983,2.726757555046625,2.18287511018118,1.6420566554004001,0.9519680042571924,-0.005469188182195106,0.6050957911535123,0.0,2.0,1.0,0.1,1.0
1.137579251718975,0.22655088168345305,-0.06345255823001075,-0.385142283603137,-2.1404330836389387,-1.3637377534837063,-2.522823166172407,-2.879039223110258,-1.8849012839433459,-1.8098713996498927,-2.9146760582061795,0.0,2.0,1.0,0.1,1.0
-0.34632217222741146,0.6359002838957578,-0.21451870895000225,0.21228996206858203,1.0086189878658307,1.0717668642290832,0.3611419689141727,0.1227191028873457,-0.20041557274466804,0.991751989400581,1.0384960744127483,0.0,2.0,1.0,0.1,1.0
-1.257086930401607,-0.5890027419600792,-0.9690904667051954,-0.7512821421271312,-1.4946398541422017,-1.4507893007790416,-1.7077510941605323,-2.1120565743032143,-1.6816575823812312,-1.4821939093009675,-0.7751456841960527,0.0,2.0,1.0,0.1,1.0
1.3396158569155436,1.2486211027740708,0.5115786086688953,1.051764726916145,1.111612239466281,1.1196520610666,1.266091697970018,0.9023451613661783,1.7437935765847685,2.663445057968481,1.7001625720063562,0.0,2.0,1.0,0.1,1.0
0.1105650325758623,-0.006149270011248542,-0.8670568723700072,-0.2670568557253633,-1.1300617444424872,-0.7329678334305059,-0.20564237629800153,0.4636030130952398,-0.570071959350657,-1.1361560145944893,-0.6537837416877397,0.0,2.0,1.0,0.1,1.0
1.3199914652034381,1.834856709932629,0.6536303814438972,1.3995744201096474,0.7152879032311488,1.0707995056829327,1.3071873662605742,1.3229389199566306,1.6177263511931521,1.7928849381124694,2.3222830718967584,0.0,2.0,1.0,0.1,1.0
0.5665062866704869,0.9742330436763658,0.9179163338733759,0.5037827249767703,0.608803715327037,0.492550687612832,-0.7079072303138548,-0.5222671942863745,-1.1192658802999405,-1.8830233454912935,-1.5020371408840036,0.0,2.0,1.0,0.1,1.0
0.03322280590934173,-1.0181646027462528,-0.1551679865631138,0.553367945458878,0.7579974195261151,0.5602602972238131,0.7823823680289897,0.5556209200972413,1.1862290057625364,1.1608024942160173,1.448730859432544,0.0,2.0,1.0,0.1,1.0
-2.0395448867022217,-1.8714376663540258,-1.7127382065239156,-0.11023223947225458,0.396561297167615,0.01892453477365441,-0.8716044964688086,-0.7617646618580568,-1.2590021202718722,-2.4025210767933864,-2.3350994529438185,0.0,2.0,1.0,0.1,1.0
1.538206479154807,1.558913223948572,1.518627001236298,1.0193899860724849,0.39995580810380926,0.7407089318463547,1.4832525220776782,1.1738862864949657,1.8784065376748127,0.9551320160330168,0.24591260510426394,0.0,2.0,1.0,0.1,1.0
0.6143345527462312,0.7959304280353959,0.44692966288488534,0.603831181054916,0.11482357689101441,0.4820372184010436,1.0532753465590414,0.7652941765637159,0.40828033230184085,0.4846504018011984,-0.37775432036677836,0.0,2.0,1.0,0.1,1.0
1.64021160509643,1.2190370443974836,0.6041256173799527,-0.4880461486535518,0.292373878257109,0.9134331577274658,1.7403917595345444,2.2274034840146157,2.839618824815344,1.2810525907976453,2.4729145289090946,0.0,2.0,1.0,0.1,1.0
-1.2105887419373254,-0.9482365671392036,-0.8696864636507416,-0.8524819466401572,-1.5419148375410718,-0.10809132028100188,-1.0456840140583423,0.4107109369067742,0.2243402265693538,0.14958406244251715,-0.40875459487868165,0.0,2.0,1.0,0.1,1.0
2.716082071502918,2.374204472839423,2.239392194142943,1.8159183194631672,1.9256783052185806,1.0272455461581127,0.9952452894400772,1.3494847249634456,1.8328141656636723,1.0864876216259138,0.5078210440108322,0.0,2.0,1.0,0.1,1.0
-0.48091603929594723,-0.0330346445564354,-0.5711419875045538,-0.545808849920263,0.04622967856441074,0.20771435197554144,0.33171162619757444,0.9222943481862422,-0.8067179156074028,-0.48900195451949935,-1.7315372136430391,0.0,2.0,1.0,0.1,1.0
0.474169404242549,2.2291034334668383,2.2879202045059586,2.25017603824516,1.5375254597342973,1.4185514421993806,1.145800284159212,0.808421198595255,1.5388036624556443,1.6226409646112065,1.518311735212366,0.0,2.0,1.0,0.1,1.0
2.2062652903603257,1.0076342403619372,0.6809750905879087,1.7828774125078655,2.2313269121845263,2.2761057430268847,1.7586180677899264,1.775261594472154,1.995322989711446,2.7895750619322754,2.9800314070304315,0.0,2.0,1.0,0.1,1.0
0.672526849216069,0.44707014266640943,0.16481405770842225,0.820677671483585,0.8967434984987711,0.14061286944046192,-0.24186910435359205,-0.47356885742212657,-0.7060529005651751,-1.6725779685427424,-1.5448375452670753,0.0,2.0,1.0,0.1,1.0
-0.8367489455847329,-1.3109500273463708,-0.5795466990167194,-1.2562793195035302,-0.570041602717214,-0.39555417727767944,-1.0678774411675493,-0.4993642158192948,-0.9368281274887011,-2.568728706891725,-2.7681087874306343,0.0,2.0,1.0,0.1,1.0
1.2460103604178332,0.48148556858643154,0.5659232089289588,-0.91300259708869,-1.8435695389566695,-0.31866961955178263,0.5389797686747334,0.767802188090938,0.06607497603452817,-0.0948791817403238,-0.4301900656286583,0.0,2.0,1.0,0.1,1.0
3.070393656102494,3.057334816459251,2.3734618245883197,1.4623461783140643,1.1561561998940713,1.18596210193608,1.865300223885167,0.5127023934789932,1.3818177126560385,0.7527927019623111,-0.17102764840437634,0.0,2.0,1.0,0.1,1.0
-0.7885065177625615,0.972978541763304,1.2813954437529025,1.2467573824846767,0.036156948687899204,-0.04563542187109498,0.8777276288838268,1.1620387265600616,0.5912053234795163,-0.23115871484102313,-0.3739772447010796,0.0,2.0,1.0,0.1,1.0
1.2094640875045712,0.46677413273167045,-0.4004286338731105,0.6836310213756037,-0.2410712286192047,0.15568725943266737,1.243367620208114,-0.327546416262843,-0.1553538384926916,0.3156939298340605,0.25644056867354065,0.0,2.0,1.0,0.1,1.0
-1.4477152651797092,-1.9006982189557382,-1.2383174918686186,0.08087873888380592,-0.6143108821926524,-0.17288498876441982,0.0414250143267699,-0.8495360984672632,-1.0365021634786995,-0.4118453641819373,-1.6680010731765142,0.0,2.0,1.0,0.1,1.0
-1.6970931023432907,-0.9415377119941537,0.05861918763165663,0.4234552338163729,0.3464747648032544,-0.6266318165922877,-0.35402162842573426,-0.2858222607742045,-0.9385163038727506,-1.2095932183035016,-1.4661873990732346,0.0,2.0,1.0,0.1,1.0
2.0920313257283043,1.5340701175354612,1.4830600174689976,1.5605739098965399,0.9569887664648528,1.323216713618022,0.930890595299202,1.0382336166419726,1.6637192480819607,1.7069674756910682,2.4411742075760428,0.0,2.0,1.0,0.1,1.0
-0.6214256703090237,-1.0960121701019006,-2.1056949132389695,-2.0021606113654093,-2.1631444174496806,-2.4240412531381,-2.4413805706916074,-2.7860229325080996,-2.8278837496330294,-3.0027807495081604,-3.812959432060542,0.0,2.0,1.0,0.1,1.0
-2.3076806682244726,-0.7727944324477725,-0.8020267072326005,0.22075179401521716,1.0048648033140108,0.3046968745184634,0.28402702543373326,1.3669806700719396,1.5995759344500606,0.2889763887702892,-0.7582520048120881,0.0,2.0,1.0,0.1,1.0
-1.1079388588057497,-1.2401633546436424,-1.7577740436732796,-1.1111306202547127,-1.3311859153328136,-0.7969351642255471,-0.15481896515368743,-0.9512929427357224,-1.798444095436977,-2.291489993960116,-2.840674192774487,0.0,2.0,1.0,0.1,1.0
-0.41829707274230726,-0.7507903936832485,-0.7660495358221387,-0.5382199282629977,0.6709804359125566,-0.011699261464316657,-0.8572463987308581,-1.3624373542445078,-0.2319316078632383,-0.4871662076066056,-0.4200040824859509,0.0,2.0,1.0,0.1,1.0
4.4525830419270935,4.313041020375213,3.8887280099032484,3.4344832297429497,3.394061045345749,3.3577912009446926,2.897103411393979,2.9865461977832797,2.1939434115657765,3.04581900362426,3.4506115045522425,0.0,2.0,1.0,0.1,1.0
2.557710145510524,2.7285083293487005,2.7044616277100295,2.6967302514830784,3.0038002662321954,3.3298261158507843,3.0344368296345885,2.1211597589058604,1.6237067086852428,2.135405922881236,1.92527503338298,0.0,2.0,1.0,0.1,1.0
-1.1796633141533235,-0.9309242541541404,-2.3414051390153516,-2.203916271718603,-2.8160579801500853,-1.8061934383429148,-2.6336581333988582,-2.42909149283504,-1.5456459075684577,-1.0104530720682754,-0.9904937981572075,0.0,2.0,1.0,0.1,1.0
1.844455550706179,0.9590074507778593,2.0301321788403603,1.7940230502247476,1.239590582618644,1.3523984838993943,1.7925909757677925,1.3854489007809057,1.4534322287431665,1.389344962705577,1.2769751799406708,0.0,2.0,1.0,0.1,1.0
0.03294148627648767,1.3297781994476212,1.7487188701838075,1.7549812849552162,1.8211277010781766,1.6853299584867558,1.3839382724463924,1.1423625478553343,1.6490969172415642,2.0939173944472333,2.1631171565371865,0.0,2.0,1.0,0.1,1.0
-0.7586942446400763,-0.9388679252766403,-0.527177110144103,-0.7371383511685885,-0.6993644136562986,-0.36506569925442867,-0.371023422334924,-0.5243002684778545,-1.4849201538400394,-1.9183106303810487,-1.778110558829273,0.0,2.0,1.0,0.1,1.0
-0.40294083913913725,0.6031675502533274,0.6945451752199088,0.23389895695845736,0.39408760719994484,-0.16883809269051558,0.9137268012023767,1.5991696636049437,2.210681735990028,1.8306773391341016,1.7862060557953263,0.0,2.0,1.0,0.1,1.0
1.699997960924272,1.928731694659198,0.9773143297938401,1.4758421429000452,0.7440053606508593,0.2266917759837121,-0.8789847865313923,-1.1567374568558573,-1.4408154292064115,-1.6300612149819278,-1.2898000202190558,0.0,2.0,1.0,0.1,1.0
0.04250570582131785,-0.2344266117952316,-0.5724915032491993,-1.2825335070597408,-2.0183776658475763,-2.025847404824244,-1.545578726069278,-1.787347024810388,-1.275379858769564,-1.5440852640244158,-1.5807575236763398,0.0,2.0,1.0,0.1,1.0
2.63308118807426,2.270052783882527,2.423028233526498,1.4848987752237401,1.4797458658461078,1.357295354506921,1.7269365084919535,0.28344780668351577,0.558801618464593,-0.5513174159690986,-0.6158954343112626,0.0,2.0,1.0,0.1,1.0
-0.12636413104195945,1.5368075384840425,1.6891861928631582,2.0345515690105773,1.81874003466494,2.7092910552651963,2.813163323140906,2.373756026928265,2.487518494750244,1.8978187248502851,2.4067265321869185,0.0,2.0,1.0,0.1,1.0
-1.4742705136436027,-1.2009760354522527,-2.08443411814157,-1.1857480804998057,-0.7508629162744015,-0.9114744907110178,-1.5501442512058519,-1.7913062607520884,-0.47305945087979473,-0.39414213430221456,-0.6262390561457231,0.0,2.0,1.0,0.1,1.0
0.6283085822364315,0.4966556305773701,-0.26506309390416805,-0.7081767864422448,-1.3946856161499843,-1.4316911414046978,-1.0668059745898824,-2.114501957202367,-2.1863002001915532,-1.4612420972741378,-0.5001205618137424,0.0,2.0,1.0,0.1,1.0
-1.2258180384887336,-0.8314204240033254,-0.668436082126039,-1.2592893536018968,-1.8533195889160385,-1.9359353829675008,-3.7409583698932014,-3.757491756956331,-2.9830053358175928,-2.54653757940513,-1.2398265566021374,0.0,2.0,1.0,0.1,1.0
-0.07035998872972236,-0.579015127329604,-0.2724810977120602,-0.7850115616038551,-1.2374772124851572,-1.021467576815196,-1.523976711133098,0.25238689045379314,-0.48267201432650964,-0.9783256255677683,-0.6703946700428927,0.0,2.0,1.0,0.1,1.0
1.4854604602228234,0.6695387748882037,0.009010559567334986,-0.012977268845135507,-0.6582751698341932,-0.8977499211351863,-1.7238844649681608,-2.2640147461830082,-3.295778846609978,-4.186756413835123,-4.2257502215706815,0.0,2.0,1.0,0.1,1.0
-0.9467261702090152,0.2919134676149986,1.1122902479669972,1.5555140697971281,1.9479727264966424,0.9759753408732093,1.507502161523404,1.413058610003692,2.038838093323994,2.088122195975838,1.184965201541719,0.0,2.0,1.0,0.1,1.0
-0.9248450791473815,-0.3956953143655138,-0.5089503548125953,-0.49827880034064553,-1.2760163485640605,-0.7735841124387146,0.08936875120689414,-0.8367325391308247,-0.3530913596501118,-0.9493672000104834,-1.0358017716375296,0.0,2.0,1.0,0.1,1.0
-2.5361059707095825,-2.655005296555657,-2.8631667852022997,-3.438678254372189,-2.7566509712818013,-3.1579135686658226,-2.378080739460237,-2.011077231988552,-2.4156374354922288,-1.3332695730543036,-0.9303080239007996,0.0,2.0,1.0,0.1,1.0
1.5948184044392208,1.341517178804012,1.3421731311676293,1.2279206724647242,1.0648964653046773,0.86165452664359,0.8051309437078757,1.6034921447544823,1.0822570654738213,3.118027645196558,1.8320745397049172,0.0,2.0,1.0,0.1,1.0
0.4793001136445147,0.530973514707711,-0.3293983537192331,0.5609913873849339,0.8960964680531811,1.5745228572257448,0.9844431970947223,0.30656343569914557,0.07246623000336053,-0.4129283093216756,-0.4612443804220564,0.0,2.0,1.0,0.1,1.0
0.711223872535804,0.6566181296891165,1.19913311035446,2.7396451668011923,2.9118329859846623,2.18818746173981,1.3609198650418353,1.0765337316210948,0.36942043148120896,-0.8578699301929825,-1.0451435570482692,0.0,2.0,1.0,0.1,1.0
0.4879906667410281,1.101602759089274,1.9411043918628996,2.19444523613534,2.2234616766769846,1.8872156855127327,1.5944441307315647,2.3882624600778644,1.9599320283135186,2.5715780164634383,1.57297244026278,0.0,2.0,1.0,0.1,1.0
-0.37094269098742333,-1.3599425700826242,-3.052022058135433,-3.775440699092894,-2.736010957779709,-2.681424141625718,-1.3059675476676678,-1.9713642663543198,-1.5945361007124528,-1.363054725564751,-0.3935900287583072,0.0,2.0,1.0,0.1,1.0
1.45454721252455,2.2910751995819494,2.5298974371680156,1.514634411029535,1.399201217235364,0.7488802092930626,0.4807561439800392,-0.5266060184546558,-0.43937587783631293,-0.8423187593782213,0.17055401337722442,0.0,2.0,1.0,0.1,1.0
0.5132705237897488,0.25069933782241527,0.6676180038109436,0.3649322391656401,-0.05755538684340161,0.979251165475498,1.2012499865866149,0.7735290604784124,1.995297019213288,1.8600207488892013,2.3676510175609438,0.0,2.0,1.0,0.1,1.0
0.23779661971506316,0.3927061555055399,0.7315128416415425,0.18005676147110883,0.4482958509746944,0.6749779182518743,1.1195346917016473,0.44050948026312087,0.9132153565460865,0.6833091603867012,0.5097520999359378,0.0,2.0,1.0,0.1,1.0
-1.3305537094499233,-1.9782766247083976,-1.6716407840304177,-0.9183020037999641,-0.8616519031126535,-1.1620879399928217,-1.4068493982989594,-0.8496586213619683,-1.3201283040979555,-0.6415254450603045,-0.7562728642764924,0.0,2.0,1.0,0.1,1.0
1.3278548132237176,1.1870893067610448,0.6372630195236144,1.02428206606513,0.09167933247285531,0.5062177133699507,-0.46944072465769915,-0.04604285858648777,0.011287888932696902,-0.5339231448492088,-0.2769203881854332,0.0,2.0,1.0,0.1,1.0
-0.800690582385088,-0.028990997818518438,-0.14786650663842846,1.012343540929217,0.7615214086808667,1.7615275587091406,1.1621963799025563,1.4574082814915428,0.9426615727769818,1.4690380865414863,1.0195968707247425,0.0,2.0,1.0,0.1,1.0
1.1642688043239133,1.2124796872002062,0.7992167013166043,0.731355723407212,0.18155270413062186,-1.62042562345241,-0.10226256852796523,-0.24650625997768413,0.4746718801002816,1.06888206209201,1.463815115800339,0.0,2.0,1.0,0.1,1.0
-0.8571514864532441,-1.1508033677447718,-1.4212277389079953,-0.7295131667302241,-0.702781323472427,0.6209414305834997,0.4292638131330352,0.44307298747503554,0.9183651206179613,-0.14010162479974553,-0.27577552142889583,0.0,2.0,1.0,0.1,1.0
-0.6734822645035343,-1.0892315954962588,-0.16587497978298538,-0.3402411901516974,0.8021182936529128,0.2615578939480804,0.6209629866416024,1.1520759806777967,0.5544438997217565,1.2285659337088142,1.606133343755778,0.0,2.0,1.0,0.1,1.0
-0.16895353443585756,1.1598328850439232,1.281260313241774,1.3994998749446264,2.041056726526981,2.295029691302759,2.753208419799638,2.3191468903277053,2.1977983886684043,1.5876780753054796,1.0803529368184355,0.0,2.0,1.0,0.1,1.0
1.5333490964774943,0.8551023501137589,1.8320577913739464,1.0659116029303717,0.7309076986912009,0.18517877747926437,-0.5736450479317905,-1.0176912061498358,-0.8686717247236954,-0.3791753805819221,-0.15763560689308712,0.0,2.0,1.0,0.1,1.0
0.9107924704901957,1.041267483591832,2.018060154096957,0.729333672603331,0.2858651064196206,-0.31510113245601434,-1.0369618030214434,-0.3937869165354507,0.5478524937253775,0.15712389895156564,-0.3095566707314996,0.0,2.0,1.0,0.1,1.0
-0.288979083146947,-0.43238765803291396,-0.3308007919552096,-0.9218385485204617,0.15348293444409,1.2669338819293274,1.2638036604298313,0.47604856507050664,-0.1138891336674232,-0.40725319080266126,0.13949512255982882,0.0,2.0,1.0,0.1,1.0
-0.8948984587808637,-0.6626973699727541,-0.9415899982325246,-0.7226261771695884,-0.7876981550943226,-0.34934643494317325,-0.6756486240307132,-0.5409999593254097,-1.356774731717453,-1.0086926418194637,-1.049161214992337,0.0,2.0,1.0,0.1,1.0
1.7096429101878639,1.653502260289665,0.9828514589483371,1.3198973734958503,1.0292878326007004,1.8461598758854914,1.5160760490618663,2.161001971456538,1.0755075985920408,0.1317626920692574,0.503881037340947,0.0,2.0,1.0,0.1,1.0
-1.4878326254693972,-0.5527211624525515,-1.2812629411825718,-0.5803718520383834,0.20798327314780207,-0.27718218437523245,-0.7035720863356767,-1.4339185690707013,-1.6231481072080998,-0.986886775400081,-0.44341883483949907,0.0,2.0,1.0,0.1,1.0
1.4486044045408808,1.5011888238932898,1.1745769143396334,1.9699559744474109,1.3437600367477809,0.9378437270919806,1.212979939764494,2.1408097232767194,0.8587064611720832,1.6322771580674673,1.7210274058354367,0.0,2.0,1.0,0.1,1.0
-1.5111729101422586,-0.41350042043822777,-0.6290098677786773,-0.620850509216115,-0.7853715492325695,-0.9349057781182468,-1.2249187078789492,-1.1714478089276499,-0.6858282003107026,-0.8268045693485033,-0.20449268307853186,0.0,2.0,1.0,0.1,1.0
1.374918595625917,1.6261050953508278,1.2958774150387382,1.584105455916323,1.1870092477912595,1.5448269257640082,1.369221179222643,0.4329528194736826,0.394278105684024,-0.11821311434026122,-0.1790451841205178,0.0,2.0,1.0,0.1,1.0
1.8156208069773174,0.78632911548445,-0.03127627972182656,0.47436703607600267,0.61667420680651,-0.7507338535421348,-0.5780199669041074,-0.30934141977741514,-0.6759009707674898,-0.581034028935523,-0.8389138441496394,0.0,2.0,1.0,0.1,1.0
-0.14831357376101822,-1.4341825355180817,-1.4419792137317584,-1.6315612015066818,-1.4655361233080326,-2.834092581253466,-2.2357650694254025,-3.2662757735225627,-3.383757866614983,-2.5661906825589664,-1.6947030613638283,0.0,2.0,1.0,0.1,1.0
-0.35116873659932685,-1.2023187105632318,-0.7328511554869565,-1.458066818753251,-1.0644740885422153,-1.330603443954404,-0.883825073261115,-1.0019229809533563,-0.06889764771727691,-1.2434661830344316,-0.050780788272350774,0.0,2.0,1.0,0.1,1.0
3.106160505498014,2.869408984641736,3.270351003141898,2.0542987089130094,1.628931743256085,1.3572873022637146,0.8105021489856583,1.8664227251640886,2.572068460759775,2.787957031679695,2.3233526765606394,0.0,2.0,1.0,0.1,1.0
1.6703893584483382,0.8589297541228577,0.1741454387757142,-0.2908162977240412,-0.8438626931905497,0.08016619330021979,-0.15208295874365743,-0.5512126097781396,0.636518050774111,1.504644357296959,1.5140040795578416,0.0,2.0,1.0,0.1,1.0
0.003172202368289012,0.024437568547232648,-1.1331924012173145,0.3774763382993025,-0.5190058661141292,-0.9948029137420474,-1.854061432370633,-0.8332657893157501,-1.7155334956131973,-2.8894500436878054,-2.3687120000888373,0.0,2.0,1.0,0.1,1.0
-0.8819259740528738,0.10675911725108678,-0.542040757255442,0.1866520566405514,-0.05451766513213585,-0.47128223695731375,-0.48219747712589733,-0.0999330596613856,-0.3056463235204842,-1.5690749433773243,-1.6360983470755541,0.0,2.0,1.0,0.1,1.0
-0.5083316858431701,-0.21771833256723933,-0.5958161037751022,-1.8255129337872533,-1.1428163471125228,-0.10328782043982077,-0.2646839135490926,0.4753015797001811,1.1956358752317946,1.8933690921657143,1.9162163201650788,0.0,2.0,1.0,0.1,1.0
1.133516406902903,0.976415635561507,0.41728566849336224,0.32954372785555974,-0.20615235411128235,0.38859565427031173,0.4157674328707318,0.8156446070211679,0.0042692494731868535,-0.4126624153838649,0.16325567770888616,0.0,2.0,1.0,0.1,1.0
2.4811985368912906,1.323941664118932,0.16882813341777525,1.2272260517043478,-0.040395839328192684,-1.2312449280753346,-1.5931076100084234,-2.0679051183199144,-0.3798012252679044,0.22095916383726494,0.09390113480833846,0.0,2.0,1.0,0.1,1.0
1.5640638955410833,1.8460137528621352,1.9621954378785558,1.176893061063439,1.4859680435294413,1.1765526407649842,1.9544502183253065,1.3483458652979943,1.5841767033736625,2.4086563047687033,2.6538566135707886,0.0,2.0,1.0,0.1,1.0
-0.3247190179117532,-0.36633806333060615,-0.5336244577815137,-0.6596967665068898,-0.7857025333284586,-0.5541045781899547,0.735568362477436,0.5018753118326008,0.9204367213814606,0.730252825878103,-0.3562437545164241,0.0,2.0,1.0,0.1,1.0
-1.127004427679985,-1.1186325622988893,-0.3516278766652057,-1.3948061701175503,-1.4160543309306985,-0.4055968825416504,0.08093010288415003,0.3353082427335955,-0.38407769609872483,-1.4491569744860928,-1.747143335205839,0.0,2.0,1.0,0.1,1.0
0.45534326371783657,0.8593947324626185,0.796168800304764,1.4029132596706249,1.594196780142118,1.7422712978275945,1.8477298131064117,0.9760143258583972,1.5143473409073636,1.3794279815612962,1.5841434049117429,0.0,2.0,1.0,0.1,1.0
-0.07767198234134556,0.9029008781290867,0.6886148552510509,1.5042702170754354,1.6299813111331631,1.5446106742017236,2.483907539949543,3.06519028780704,2.893699103176556,3.121320980683249,2.262845126999066,0.0,2.0,1.0,0.1,1.0
-2.0198032810630013,-1.463115984347999,-1.7169331799837981,-1.86335316191085,-2.6456732325230625,-2.122062295523733,-2.5369545350629057,-1.490104779911361,-1.2992023842104639,-1.1407416278369997,0.07979019624935102,0.0,2.0,1.0,0.1,1.0
0.05192726910583748,-0.6929872190803611,-0.980827068807496,-1.422542989640561,-1.7283752465142777,-1.936219236482408,-2.4758190562824165,-1.432902638684347,-2.1171857853814,-2.321345356312432,-0.7475383350969378,0.0,2.0,1.0,0.1,1.0
-0.4920212390591982,-1.2600763682189977,-0.9753816674820808,-0.6936198885173095,-1.020972554441955,-1.1924390005993517,-0.8818452426538663,-0.8941123053650964,-1.510647536726906,-1.8963911538683906,-2.1306449386379684,0.0,2.0,1.0,0.1,1.0
0.18924419624572553,-1.254954256153594,-0.7920523281397855,-1.6517828394734964,-1.003911205300232,-1.1188192805641006,-1.6092210343354791,-1.1124650987429994,-0.5037703404004092,-0.22434237662840745,-0.6853894531048925,0.0,2.0,1.0,0.1,1.0
0.9204919158751615,0.6178101884372884,-0.013041187791866582,-1.0713038430506758,-1.3635372453261838,-2.0287225624762275,-2.473596123255915,-2.239429671418832,-0.366476052247531,0.20710621929243067,0.0742260748357039,0.0,2.0,1.0,0.1,1.0
0.6404417511727388,1.4558473368405012,0.22340320157019233,0.753249460500419,0.29645959247952564,0.6122292480645062,0.642674995143008,1.1879240085871934,0.989481399364605,2.1721015044912084,1.0719154263301829,0.0,2.0,1.0,0.1,1.0
-0.1144475427910992,0.8209622986942403,0.8157207106543165,0.4078654875653092,-0.187262309396258,0.6117839650477738,0.012249196649090521,-0.14821632742002316,0.860735541041957,-0.08765463043390842,-1.1547285985038396,0.0,2.0,1.0,0.1,1.0
-2.196688864730525,-1.6041528954865538,-1.6448007016496284,-1.794974259791118,-0.9746983820056283,-1.2791394893095258,-1.082553038056357,-0.3528451468258351,-0.7677644775042272,-1.0245823716821596,0.4123623366748165,0.0,2.0,1.0,0.1,1.0
0.17888644680967888,-0.05363609483739107,-0.536855374959358,-0.3489653088845148,-0.8878001025418786,-0.6765209193850688,-1.8988541458803672,-0.20865102773766409,0.5929552173532047,0.017392169875410035,0.7965371549746596,0.0,2.0,1.0,0.1,1.0
-2.145306593553549,-3.024451285054246,-1.9760828464602842,-3.8192335506227755,-3.4201751930713,-2.9211045695638824,-2.6876190571013523,-2.5989976822678997,-2.0850640368229065,-2.2844546217314976,-1.7971168231272987,0.0,2.0,1.0,0.1,1.0
0.680592859403145,0.37120818265072775,0.27565794891842776,-0.3124731619213359,0.40512875853225105,0.7060598584139823,1.1331971069462965,0.680268241985861,0.02236763411961018,-0.3857803681511534,0.5428803177344244,0.0,2.0,1.0,0.1,1.0
0.11523530634431264,0.994246689930302,2.0773448205030056,2.4516890656388304,2.9107057978747144,3.824713518708453,3.397891570186418,1.9485077804377637,1.1123041925245043,1.514000317021118,1.604258932667056,0.0,2.0,1.0,0.1,1.0
0.23652327038981286,1.0766174626355507,1.200199605914651,0.6870096279084892,0.7203376759440074,0.42376437810138634,0.5371111474489594,-0.8912698361546969,-1.40956848924393,-0.8189614995234342,-0.9759391535109204,0.0,2.0,1.0,0.1,1.0
0.3622845190266075,0.9230203741277143,0.7810383891974825,0.6654874014025303,0.043507045991341586,0.45001359058135304,1.0406338758122526,1.498289155231474,1.4403045969247004,0.7874987995188771,1.0432639000951558,0.0,2.0,1.0,0.1,1.0
-0.6427542869504403,0.3435327222662422,0.02806915606116467,0.8755647173174173,0.530249215676678,0.9891316294962132,0.3081694740239236,0.33619300567858984,0.4620902795235362,1.7604674681091357,1.3759581102382152,0.0,2.0,1.0,0.1,1.0
0.7844101149814374,1.44147818902586,1.1851087048054458,0.6816792348856342,0.05474318841499182,-0.43768973020676577,0.055049940900662286,-0.6593428933270878,-1.4875264960932708,-1.438817507453579,-1.954203511864033,0.0,2.0,1.0,0.1,1.0
1.3525372363736565,1.8171834417226425,1.174817153905344,0.9486875654727873,0.8989506361274717,0.8195423266387779,0.420492347325496,0.47329949311948266,0.40253633215842277,0.7388552457532183,0.21423790502062678,0.0,2.0,1.0,0.1,1.0
-1.6480877707930497,-0.8703795033273898,-0.7519261864419018,0.6151327894907315,1.08309892825962,0.8746932519273246,2.2309913564282557,2.2938142889795925,2.298707739620093,1.74302291314789,1.5574441708100129,0.0,2.0,1.0,0.1,1.0
1.8054200021895286,1.6014707281115048,2.2144791790528227,2.20289975602362,2.747770324959006,2.99153779938014,3.6627393246113025,3.1796776661206203,2.485297728966974,2.3090157998694893,1.6344772778942294,0.0,2.0,1.0,0.1,1.0
-0.2728259989821314,0.5755030423355718,-0.09787833314265315,-0.1625022561130317,-0.779089218911489,-1.1484672763221577,0.010202307327559446,-0.10206779420990157,-0.7497008687715544,-0.3978911498033547,-1.2008567866283408,0.0,2.0,1.0,0.1,1.0
0.24634045285448158,0.3366124846641406,0.34921567117723573,-0.8831957585271095,-1.8441456951787418,-0.7912244677493915,-0.10961749845335089,-0.1065239191903812,0.06415918311953674,-0.26547227795253064,0.4734194743844371,0.0,2.0,1.0,0.1,1.0
-0.5722478169821703,-0.5650657228469883,-1.3950107441279167,-1.5806903495567366,-1.251921951727989,-1.4246611056141825,-0.1764690022266291,-0.478514118414203,0.10753135416700443,-0.023682484892968245,-0.9413811463228454,0.0,2.0,1.0,0.1,1.0
-1.646351193128101,-2.428238453201296,-1.6987703286255749,-1.2603477387920978,-1.2821193873144658,-1.686655645807353,-1.195950979138834,-0.7364039024657122,-0.5512230712618196,-0.9480960781317275,-0.6468359657549572,0.0,2.0,1.0,0.1,1.0
-1.5227848361239782,-1.3417206935000439,-2.0202069140351386,-2.29751116639865,-1.9502990454054547,-1.7745582749850333,-0.8727374187754401,-1.582139519317205,-0.9373133245204548,-0.1603451383949791,0.5732856979845397,0.0,2.0,1.0,0.1,1.0
1.6816821906227573,2.79444251945588,2.716783267999704,3.301295963991825,2.1134158902121913,2.16128089969731,2.4485729031145262,0.3702340277941898,-0.22461503835416963,-0.31942859403250534,-0.4758282808575164,0.0,2.0,1.0,0.1,1.0
1.4159383814949564,1.320961147149579,1.741406564249461,2.015641382669207,2.7899050188067003,2.5709393130538234,2.7924857791976745,2.976954583114887,2.593123955796131,2.8026308203362174,1.6293735751607241,0.0,2.0,1.0,0.1,1.0
1.8070193097405007,1.528853727441749,2.0341352444134433,1.9380747432174141,2.055343181273186,1.62765683383527,1.72921959397245,1.171387105417613,0.21119703669093748,0.14290610992357067,0.08463522349680942,0.0,2.0,1.0,0.1,1.0
2.4017406547963063,1.9586100736325853,-0.02747925982464694,-0.2442745185023518,-0.8197474861037903,-0.7383090671348621,-0.8647385251717103,-0.9022747756480327,-0.7645479112861487,-0.8954853072394025,-0.8704868035508879,0.0,2.0,1.0,0.1,1.0
-1.0365058273021517,0.8768098273585698,0.6807535254609534,0.4937300406339574,1.2162148403066233,0.9714261961175417,0.6995443199008458,-0.3547957795507569,-1.2439437770107173,-0.5769821902700532,-1.151530740124492,0.0,2.0,1.0,0.1,1.0
2.8021071419107115,1.2867465477700955,1.2007160676390454,1.6324901789049613,1.1944783417668892,-0.402168388953988,-0.08498050752962466,-0.4669755220702738,-0.4923759475605527,0.3722284713619306,0.1894136442216442,0.0,2.0,1.0,0.1,1.0
-1.5936240302441498,-1.6009680488314744,-1.381617212336655,-1.5004970826152093,-1.7384596833942065,-1.3166351696547745,-1.7039973530583843,-0.85268081115485,-1.3032864388683305,-1.5749869946306192,-0.9596720355061559,0.0,2.0,1.0,0.1,1.0
-0.9733745328271226,-0.7170127163647201,-1.6018736155608382,-1.540983353716994,-0.24433760536614924,0.3482711707698014,-0.18227949490263834,-0.32188212162972885,-0.7588768304182509,-0.9199989452975732,-0.3000959587306594,0.0,2.0,1.0,0.1,1.0
-0.2308768836674802,-0.31665788581599974,-0.0387697055844832,0.8062370735166349,0.5244436785605359,1.2361399101642783,2.5652403040100817,2.8322506221235884,3.159070732301851,3.147631306360166,2.2798621289657173,0.0,2.0,1.0,0.1,1.0
-0.8774884254171854,-0.24787354770848058,0.004319038120311008,-0.03869542250423172,0.27303133983501326,0.048952248005383864,-0.7816717539575568,-0.024773232107007104,-0.3204246373403401,-0.31141904264998677,-0.4586190187652859,0.0,2.0,1.0,0.1,1.0
-0.048843906168567534,0.38895041604847386,-0.12127802224825596,0.022067965788154065,0.8247451346911246,0.7831070360439047,0.7908428112722866,0.8117707855966135,1.0495654959991856,0.06332513042959065,0.8999398471486417,0.0,2.0,1.0,0.1,1.0
-0.2653159807229231,-0.6285495727789525,0.9345878235145094,0.3127511125382171,-0.2622872535151038,0.3489124083607621,0.02107940153209059,0.19081958863333978,0.00991234152370632,0.38841725705533875,1.0036478818847168,0.0,2.0,1.0,0.1,1.0
0.6033307047364412,0.11670162674960671,0.2190267995520515,0.6920512115446957,1.535077824357925,2.137578847229404,1.5951244568184912,1.3388078051393733,0.8966435859574308,0.8252466564763061,1.1319102123687321,0.0,2.0,1.0,0.1,1.0
-0.46798083124895745,0.6702381423840766,0.8232852210913328,-0.43620958440855107,-0.6801707655737735,-0.47338328322324696,0.21554000639523047,-0.16156000192795766,0.21480500543802758,0.6479197042081075,0.28565776363385614,0.0,2.0,1.0,0.1,1.0
0.5603356853441785,0.15293497212081014,-0.1085638151173732,-1.0285500302056265,-0.4056982265790411,-0.3468529590151625,-0.709454478946568,-0.7773170351668293,-0.9789274970226194,0.22837895553284215,1.8271283983212523,0.0,2.0,1.0,0.1,1.0
0.3301454364294817,0.718902119783924,-0.18946611302449912,-0.09499364939997469,0.967444882949961,-0.04621246618960073,0.6511829634440052,-0.057838073639605025,-0.7970674047565414,-0.8365336029437532,-1.0907109358414273,0.0,2.0,1.0,0.1,1.0
-1.5458648698759934,-1.5520379853466881,-1.5390777333637857,-1.4217704855973043,-0.6125043961392918,0.03152176493334746,0.6040880077060828,0.5690635601740598,0.9692612064273437,1.3238847610022109,0.013751601775920053,0.0,2.0,1.0,0.1,1.0
-1.8688209351132945,-2.252972178903234,-1.1651737000917786,-0.8258887343478529,-1.81830550652432,-1.8766493780154583,-1.527588991551901,-1.380294088133066,-0.9868136621379368,-1.3431395395375776,-0.7935747495632499,0.0,2.0,1.0,0.1,1.0
-0.5121111485960211,-0.3650388259235417,0.006166620783190024,-0.19931596506951463,-0.17138427323068223,-1.0142649551884635,-0.35645639987503275,0.6488313424090842,0.8827994382340745,2.245183621704112,1.7545889569356778,0.0,2.0,1.0,0.1,1.0
-1.922803188995079,-2.604019003479738,-1.5584417659709535,0.14445148691329868,0.3879786053023161,1.2653387094102382,1.0166131536637013,0.8231743199330555,0.11816398480666301,-0.0592795038757344,0.15742562649505326,0.0,2.0,1.0,0.1,1.0
2.4800463611760573,1.6638070805636322,1.5312248800827855,1.2207260788475196,1.1824628404408641,0.07806820551714666,0.05715551399842075,-0.2241036916854484,-0.9506340774836318,-0.30423278952524746,-0.2368769626611485,0.0,2.0,1.0,0.1,1.0
-0.6845515939385368,-0.5365086609558023,-0.4590145173166959,-0.2204764708084988,0.0734033388435954,0.9943289787499568,0.12761690390073932,1.3860606952890078,1.1856105530574972,0.5302498050131874,0.7626663079102005,0.0,2.0,1.0,0.1,1.0
1.5460279733849662,1.3186170196759057,1.2105685994114932,0.4895113705945008,-0.6637166227392965,-1.2673462959771054,-0.9666017594833295,-0.512710149520833,-1.7807476381527678,-2.6200586807372486,-1.1126582878615559,0.0,2.0,1.0,0.1,1.0
0.6942230414302795,0.9290784927412192,0.7305146114240983,1.1459315449354124,0.8233564200890638,1.117109827453029,1.67038521396162,0.5889316272435144,1.389019125562767,0.2175330290927684,-0.7695934919476242,0.0,2.0,1.0,0.1,1.0
-0.4410552049366703,-0.9813864015622881,-1.583562278746467,-2.6910334549889043,-2.7134616668746605,-2.169788655542363,-1.708011074244028,-0.9255768059836479,-0.9746864737127947,-0.12012580530631245,0.5365923625262452,0.0,2.0,1.0,0.1,1.0
1.1969235449417448,0.9624507806080683,1.1101089041490557,0.5059982630875403,0.8013812420594133,0.032185632418072485,-0.7856065112476297,-0.28508782468379706,-0.8672463227627715,-0.9450623095270116,-1.345201831134782,0.0,2.0,1.0,0.1,1.0
-0.9136583369911269,-0.23811222463512471,-0.5300524392690398,-0.29027396597529265,-0.3609298072307518,-0.3846892725103056,-0.29122472731339155,0.9139633347762244,1.2852494997979236,1.127789551597544,1.2461693962993778,0.0,2.0,1.0,0.1,1.0
0.06658831592824986,-0.10129606718299387,-0.22862520497588834,0.7425394934010485,0.6799049062567549,1.117501451813279,1.1336618069421542,1.8938266203785188,1.3792490124194632,1.8880146662483264,2.047592738997066,0.0,2.0,1.0,0.1,1.0
0.7743921030817403,1.6751250149062837,1.6423121511486907,2.2917079809380514,1.5612376360362328,1.0676832846524578,0.9945154316961355,0.7340472924880979,0.869403178232828,0.7607837741132725,1.2123628588627422,0.0,2.0,1.0,0.1,1.0
-0.5319329281625679,-0.8766579329568263,-0.8079184661836277,-1.4419962994193423,-1.699730129983684,-2.169037535655173,-2.609941974368958,-2.098612258360786,-2.180774427457811,-0.3873039382369936,-0.14289786907300414,0.0,2.0,1.0,0.1,1.0
0.23402273315373015,0.6588206794813521,1.2937593079818792,0.9036866425939387,-0.01223000463434687,-0.4029183342203188,-1.0197960174067484,0.01335125317775876,-1.2591831374257456,-1.0403937350013384,-1.6164938518983027,0.0,2.0,1.0,0.1,1.0
0.4270200412997218,0.3233859216194833,1.5710733578129688,1.19566157553025,1.6884615691873468,1.6715653873689966,1.7932950204350888,1.4242541378491693,0.3759139580743399,-0.30213599543807257,-0.6536186999303382,0.0,2.0,1.0,0.1,1.0
-0.4967832812127807,0.18916213017197775,-0.10100894940420721,0.06357242172755152,-0.33890272119855847,-0.2502755822380924,-0.5876169856824216,0.19624847982256344,0.8055710714618665,0.9353475538839752,1.125757500305072,0.0,2.0,1.0,0.1,1.0
1.869863036824093,0.8907861948010077,0.9493060909974621,0.670458559495017,1.1091177461266004,1.4448413038010308,0.9024656300401707,1.394828787097317,1.7731103508879629,1.9292656437223716,2.7077204727376993,0.0,2.0,1.0,0.1,1.0
-1.8525006391284362,-0.9198262141138913,-0.7866885025411632,-1.2246738433773867,-1.644322633847854,-0.8557178188992929,-0.4597965072069339,-0.7682470505827527,-1.0682025054767523,-1.0401904980976464,-1.1818018119344185,0.0,2.0,1.0,0.1,1.0
2.6674015652776433,1.471404767215449,0.8541772509338957,1.2793582396062737,1.0863802841369532,0.22884176819001412,0.47427934468684374,0.2292952632280417,0.02167754856746895,0.5546120630697081,-0.06236133066446048,0.0,2.0,1.0,0.1,1.0
0.7233136410944602,0.8059786159972353,1.3620432473996655,0.9977103159180999,0.22478996540654284,0.24788626887333287,1.3417713117120078,0.35695392598486453,-0.042189815881378157,0.7319808417263891,0.1400977928629077,0.0,2.0,1.0,0.1,1.0
-0.31733820639215277,-0.8787873887941693,-0.3903523632939663,0.48489903869086814,-0.43527917971168706,0.044891809646531944,-0.0007658696057453937,1.4297623345340775,1.2932220367278606,2.4209100204889635,1.96343554470911,0.0,2.0,1.0,0.1,1.0
-0.028717589643840354,-0.23046974456804797,0.1763360992639353,-0.07525616827831041,-0.8232369771095726,-0.7537540050493038,0.3214528215035698,0.520047553131658,-0.539636908174471,-0.5287630704511784,-1.0987225580950641,0.0,2.0,1.0,0.1,1.0
-0.3234565552361653,0.9059332472308023,0.6595444821775145,0.11851495676247276,0.6937452618557172,1.032825011991683,0.3361012176899233,-0.6307855251003949,-0.9247130628869067,-1.0580090746811361,-0.5942498810051231,0.0,2.0,1.0,0.1,1.0
-0.15241623864252762,-1.1653465150626774,-1.3010572716278044,-1.1200134222297218,-2.1631593206692834,-0.6843470796066498,-0.16697710233374918,0.8826695366888437,1.4375307250932057,1.8552171818052452,1.872500449230667,0.0,2.0,1.0,0.1,1.0
0.3715439700040164,0.5213953584065851,0.9990133489722204,1.5987505775427557,2.5003546324275954,3.278550868703155,2.4443337504768348,2.6916718744678683,0.5635270914386947,0.38773425950190155,-0.1965049645671223,0.0,2.0,1.0,0.1,1.0
1.1724004337549507,2.100261361611616,1.2513015841544866,1.090512482747348,0.8247143177917203,1.2930092158973179,0.8036526987653745,1.4224641000588523,0.45613759586013713,1.2872183441403724,1.7113008355018005,0.0,2.0,1.0,0.1,1.0
-2.9894168537887333,-1.6883773652245684,-0.752735451814517,-1.572690310347486,-1.2904875941196012,-1.0306345406294082,-1.536063573990667,-1.0679442444812348,-0.7068851855270153,-0.7395703498560918,-1.4706931568582653,0.0,2.0,1.0,0.1,1.0
-1.6201071719045845,-1.7102434648642681,-1.5115384847102478,-1.8095498482765493,-1.5860385726940438,-1.5831232727345812,-0.9190416674703247,-2.1305248125868754,-1.7276110215097344,-0.7133929117578693,-0.20775260838333337,0.0,2.0,1.0,0.1,1.0
-3.0208793447650275,-2.9875984363463712,-1.869201817739063,-1.8079571478806427,-1.0674920947451234,-0.639671681189363,-0.7188018029231117,-0.8266786298440234,-0.33517996359830576,0.7343991545432275,0.2168553066252492,0.0,2.0,1.0,0.1,1.0
1.5517925890778952,2.6816606551402224,3.5460332428618893,2.8869047631936104,2.1366854247081086,1.8000586214501584,2.450196832032401,1.9398258815354574,1.9244740225755472,1.2948578136230742,0.3684619627811473,0.0,2.0,1.0,0.1,1.0
1.0699401430391309,0.7695141014252049,1.422573982521204,1.892298579307572,1.6773316332789807,1.1982524738107871,1.4434960313922374,1.0603262478252946,1.1241568354106115,0.8669334542868841,0.1945908966375386,0.0,2.0,1.0,0.1,1.0
-1.238538322907868,-1.2112003574664336,-1.7721962151555093,-2.6040459282748087,-2.4707573521829005,-2.06102558667751,-2.5308794101041947,-2.2257249849672496,-2.372031181135425,-2.8024881093058513,-2.7534660939503612,0.0,2.0,1.0,0.1,1.0
-0.036337007964036085,-0.21399304057426874,-0.5563427354890065,-0.7852875643206951,-0.1914837676597917,-0.9139539923077732,-0.8136058359397315,0.3846924801152407,-0.05179876442486664,-0.4081623919657603,0.4626879257098371,0.0,2.0,1.0,0.1,1.0
-0.8744028969101929,-1.0944795649429078,-0.1699424237442434,1.1817739667246994,0.4455344608056695,1.5774072311826173,1.7781334077315165,1.894178318148315,1.2326009275274197,1.6020057962700944,0.26288224092706836,0.0,2.0,1.0,0.1,1.0
-0.8373198529388313,-1.6581380454071675,-1.2937032114296687,-1.8263388134801108,-1.2887583787173864,-0.4124463399546089,-1.5008409079431682,-1.258619295535711,-0.8815314516637145,-1.1754369681726384,-1.495333431650756,0.0,2.0,1.0,0.1,1.0
-2.3793352352229586,-2.2380762544534814,-2.964586704768589,-3.743090892358212,-2.407675929955994,-2.7381032881746283,-3.002890196756201,-1.721049961093422,-1.5224475007037486,-0.7991151176504272,-1.398195849763359,0.0,2.0,1.0,0.1,1.0
-1.7717829578618614,-1.6642617248961316,-2.224181482897815,-2.3299561130408386,-2.3328541539171894,-2.0073640901360847,-1.7204715491882334,-0.40025578932717587,-1.3710097478141297,-2.555015920071429,-1.4578058953438036,0.0,2.0,1.0,0.1,1.0
-0.7909756935931871,-0.7221431733116744,-1.134733453728977,-1.5830708949038783,-0.45636212941192655,-1.656968964746361,-2.098647597633074,-1.5923535164991764,-1.3676796357478154,-0.5492250167751983,0.3693510956651312,0.0,2.0,1.0,0.1,1.0
0.27932028103363354,-0.15763281734273177,-1.0483020425777954,-1.076628630472502,-0.5387324036499745,-0.43226499410075625,0.0365033827309002,0.44775387760151025,0.8844953609825322,-0.08547276736021481,-0.34924170909112284,0.0,2.0,1.0,0.1,1.0
0.8498841698908994,1.1333765435347127,0.5548069716225925,0.5647125881619056,0.07320305121518744,-1.131175125489454,-0.514865890669252,-1.7717893888596925,-0.9682642910162911,-0.8554673228235172,-0.47243921803791794,0.0,2.0,1.0,0.1,1.0
0.43467234936134713,0.17416465822104335,-0.567695945856777,-0.31913624013341335,0.6687758409253657,1.606274123647347,1.1356360841430266,1.2928749419985706,0.22068628762081832,-0.39917782216982745,0.0207457894633703,0.0,2.0,1.0,0.1,1.0
1.9064808959988606,0.7454075002888996,0.3377942075272058,1.021588857258818,0.9307118245344078,0.3734907180776813,1.3911565723354598,2.095220655242941,1.9655408559967271,1.2638983328893687,1.6342657306657695,0.0,2.0,1.0,0.1,1.0
2.2915633139811504,3.106155608434844,2.9661382053643055,2.6242497223711294,1.516839844970525,0.9688311098179256,1.2358573906199597,1.5355262882857121,1.311109057121854,0.10717030148337314,-1.3745654521680224,0.0,2.0,1.0,0.1,1.0
-1.5837975246625127,-0.6585297620517941,-0.2600802636637554,0.059431344861167024,-0.03011962091032444,-0.7404169009605305,0.3954446748661806,0.6711556642267545,0.7717134437024312,0.6268290844655027,-0.3076983996295425,0.0,2.0,1.0,0.1,1.0
-0.12826774828225548,-0.7176954550801221,0.10782146081704902,0.7636229887521221,-0.03356989396456611,0.3367665820835521,-0.02131198767130449,-0.46265873140284564,-0.9760828733281572,-1.0060959088923092,-0.2512174143445496,0.0,2.0,1.0,0.1,1.0
1.0563102207838029,-0.018121811692972112,0.6882499071438062,0.6368441995649904,0.3324630055387253,1.1937215049970196,1.1859349637358605,1.012413033753479,1.6989564389727554,2.7158861855590253,1.7919539862088971,0.0,2.0,1.0,0.1,1.0
1.7055304928507853,2.5599738197804838,2.0150974333709697,1.0244970777881188,0.6261975044195038,1.1940920843654013,0.2725684347288908,0.3522081952707224,0.16180889820122638,-0.06952635364153112,0.29677066870041063,0.0,2.0,1.0,0.1,1.0
-0.8549082818443186,-0.313517134675832,0.4768761108041995,-0.5190085078456019,-0.6773801380116723,-1.6983951659686258,-2.3024438366931843,-1.961744697884979,-1.4375281932655979,-0.8576851993106074,-0.5565749271670335,0.0,2.0,1.0,0.1,1.0
-0.761269824838666,0.28997482221730175,0.9513671537155107,-0.11340985783833468,0.259449735155273,0.3060208091002272,-0.016495820251868243,0.3027068405015831,-0.1283276901465435,0.18174268117409875,0.9419089741378129,0.0,2.0,1.0,0.1,1.0
-0.4235949253328438,-0.37966355583239547,-0.06375817226304403,-0.4272569870464291,-0.41715761981109156,-1.1078265795004798,-2.220140233321657,-1.4752423834549493,-1.5182908703607334,-1.4302809119530688,-0.6512547990006167,0.0,2.0,1.0,0.1,1.0
1.425793190265232,0.7632459247708987,0.050037177083843476,-1.2195094059874183,-1.223543231899347,-1.1501784953825311,-0.19800908138221085,-0.5651902377060691,-0.4429441646421418,-1.5612237000372442,-1.3895555672725273,0.0,2.0,1.0,0.1,1.0
-0.016360138087053465,0.11570531483404568,0.5690081077220923,0.639297381178014,0.8642999896943429,1.0206241031357501,0.09611494403980325,-0.056529403862565386,-0.9136770728224833,-0.6054567835395825,0.002253781532859822,0.0,2.0,1.0,0.1,1.0
1.3319055697657975,0.9873867421057029,0.5497312160332906,0.6363473359021452,0.5030387965870834,1.1799805018022784,1.1523617708888294,1.3072897369687064,1.1274589992890915,1.1144940675091335,1.49346964714658,0.0,2.0,1.0,0.1,1.0
1.137204003186797,1.6434426155823405,2.844188167433737,2.904728988383701,2.428974027652157,1.8951479359442769,1.8424222610743246,1.769498638552807,1.1812122856035576,1.1013658750122837,0.9853689469613236,0.0,2.0,1.0,0.1,1.0
-2.5515328385227645,-1.3618758729636418,-1.3668395955383845,-1.9736914329502722,-0.9698597945084868,-1.0215400040305491,0.04866928500585199,-0.7025713874143217,-0.8488827485616374,-0.5460874649883035,-0.504515529336294,0.0,2.0,1.0,0.1,1.0
0.22925891824377537,1.1213796732069023,1.6433467240527697,0.8833330208291471,0.008798281988454892,1.2432769928863474,1.0702982732474837,0.894736780583005,-0.8661497763871054,0.7322108802722507,0.7546414271889732,0.0,2.0,1.0,0.1,1.0
0.25760672551497416,0.5730470518669858,0.6916847637569148,0.33460879321115033,0.7433291438232073,1.6882808074538587,1.597710207527476,-0.6946005676600697,-2.268246718365579,-2.850870546465458,-2.0062637167887245,0.0,2.0,1.0,0.1,1.0
0.08721989857149662,0.45142063442238467,1.2142421878676495,1.0102633957092677,0.26317744650899244,0.3675344179004152,0.5651004314859572,-0.3356290768452358,0.029831997764929175,-0.08508540505306851,-0.06900707728713819,0.0,2.0,1.0,0.1,1.0
-1.1989556434814543,-0.504240141870947,-0.2572890317286064,-0.059431690749833704,-0.5188963601441752,0.04602825702547919,-0.5570691891565074,-1.5016259507199996,-0.8846199846717294,-0.9537835791795652,-1.3418687214295582,0.0,2.0,1.0,0.1,1.0
0.7113143098189484,0.7751197402880332,0.3011030057179334,-1.105750139745381,-1.4445438762759832,-1.331947078723906,-1.679380469971398,-1.1429477405282684,-1.9950192940129177,-0.10805270351664631,-0.22833920641971805,0.0,2.0,1.0,0.1,1.0
0.092766460676962,-0.8173632798229933,-0.44647085335645803,-1.1584735571883849,-1.61898044959828,-1.6272766814737434,-1.285130820831709,-1.114880708689877,-1.128995488884066,-1.5196514824114113,-0.8914998978493196,0.0,2.0,1.0,0.1,1.0
-0.45157804616964964,-0.09429404355640214,-0.36982258849077837,-0.8130699337179753,-0.507965895046714,0.1982588533518213,0.974082713597,0.6422401359546324,0.01842071466315731,-0.1331582328274494,0.32673774285237067,0.0,2.0,1.0,0.1,1.0
1.1438750916998452,0.6965803569586573,0.3963191059428036,-1.4464843967855323,-0.25711990954021835,0.3678914262432221,-0.9286130443571283,-0.4652786931506202,0.030871421063463245,-0.6619029832497434,-1.127253456486533,0.0,2.0,1.0,0.1,1.0
2.8637802845153426,2.6447791628843182,3.1444887934132337,3.100312392259499,2.555160538846502,2.862064443936301,3.233556641527969,3.1728750592922483,2.9377270596922735,2.52889379442096,2.7226370675468616,0.0,2.0,1.0,0.1,1.0
0.8125650800469317,0.5059295464412304,0.26325946828252045,0.24222887372793622,0.3398558278782738,-1.0786178381248706,-1.6092222423515663,-1.3996109102064591,-0.9682593910904834,-0.8920382810965113,-0.6693401681750817,0.0,2.0,1.0,0.1,1.0
1.269457578570997,2.5536330831264324,2.071966252102499,2.5424686627547937,1.789860592936567,0.7348820291038602,1.378596406817715,2.110781706244878,2.9056483137275384,2.3338775314995805,2.2979094075978623,0.0,2.0,1.0,0.1,1.0
-2.2850986252453183,-2.008585398870792,-2.364376634961401,-1.2728223950025215,-0.5403941534934397,-0.0775773636550513,-1.3098304926353384,-2.4145846576360546,-2.1672189163103406,-2.255950170072076,-2.731487037283402,0.0,2.0,1.0,0.1,1.0
0.6613875449384437,-0.8920224447202578,-0.2573559692023166,-0.10296039988788566,-0.4347789678267788,0.2543164732761645,0.22832279111235568,-0.49280636261546396,-1.1390543554653092,-1.8622007792109931,-1.738874083669982,0.0,2.0,1.0,0.1,1.0
1.0390709349795013,1.0258826599710127,-0.2109708608232913,-0.6296075915211193,-0.47125412813426526,-1.706570292908093,-0.8607620554672735,-0.6846738406807998,0.5414051383576297,-0.039865463843266113,-0.005307727392015519,0.0,2.0,1.0,0.1,1.0
-1.4648022291091085,-0.6493033642031467,-0.42623355497068804,-0.7712756593597083,-0.8914068509181208,0.1382734223983042,0.1158342194675506,0.18141786295426027,0.4872787072519743,0.3081926067695936,-1.2096262367585622,0.0,2.0,1.0,0.1,1.0
-1.9829525998408768,-1.6216189527196256,-0.7239572531559787,-1.4596505501097967,-0.2319068889292628,-0.8738566937452054,-0.5450705562532253,-0.44877969678982943,-0.6317941640875362,-0.6633916221762803,-1.221719711309734,0.0,2.0,1.0,0.1,1.0
0.8953833914937477,1.2307634887789098,1.4304606333907186,1.386901659119875,1.248151240783432,1.1005444551326287,1.4528061910975247,-0.09441059842696653,0.3945376143431612,0.052188284056147505,0.2808440472030179,0.0,2.0,1.0,0.1,1.0
1.933412978627584,2.1729263471333846,1.6013520808466706,1.2721845699357008,1.4351011380247258,1.9512259800517806,1.2964977299115097,1.736548229972929,0.42167253216613365,0.2677068526810178,-0.6624075557915259,0.0,2.0,1.0,0.1,1.0
0.19996630959832795,0.5757822434565636,1.171582653482864,1.5173013156109973,2.2058303110498345,1.6897107736305519,0.8705380219589194,0.760366812753654,1.1466669746019502,1.8260109905466364,1.7164362033489036,0.0,2.0,1.0,0.1,1.0
-0.6165738835540358,-0.8257602735091212,0.7189806081969221,-0.01615459916185824,-0.22437473338719466,-0.08963746539442587,-1.1514337435978135,-0.9050105570340471,-1.299363924982427,-0.8948842740393552,-1.7063059336382473,0.0,2.0,1.0,0.1,1.0
1.8063694522525717,1.8541190412216468,1.0341057898760289,1.3655288195804085,2.695099722796442,1.8423365196397938,1.0951460497133725,0.46893139322942334,-1.2504526938048115,-0.09680581998692972,-0.4402210173507463,0.0,2.0,1.0,0.1,1.0
-1.192702757706561,-1.3373612680236047,-0.46155260411128896,0.4582337026591335,0.921440011092138,1.1767806308110746,0.4352693272259305,0.04219578977217936,-0.2843175543774057,-1.3229570571945306,-1.2011789370196415,0.0,2.0,1.0,0.1,1.0
-0.20041600741362786,0.8295623096890608,1.7753831320297084,2.0513725850743603,2.291263968996349,1.2291566467679307,0.9588043466372775,0.9807448554832425,0.9566429819243674,0.3302056911678132,-0.07492152580442024,0.0,2.0,1.0,0.1,1.0
1.9683813463541804,2.711141269227393,2.327539660520105,2.711506862040814,2.288700615733944,2.760537369353033,3.582539599695093,3.9226029241742637,2.8963344218672558,2.8839728333597687,2.5177995127892965,0.0,2.0,1.0,0.1,1.0
3.1521792115527174,1.8639786836150143,-0.23558003335955968,-0.344508807800071,-0.12994574316708887,-0.8450264413227022,-1.736760269950263,-0.638881470084517,-0.38511044592388743,-0.3516286403800121,0.10523039404543538,0.0,2.0,1.0,0.1,1.0
-0.2377473147557595,-0.8278753153241973,-1.712293633408223,-1.3119960810564346,-1.2009786483805085,-1.3222868272694703,-2.4345066398713486,-2.23115354749623,-1.6212939231736547,-1.41390921195076,-1.3126868880332734,0.0,2.0,1.0,0.1,1.0
-1.0636286290720416,-1.6068817066187497,-1.115075005881288,-0.053605742607516604,-2.097425112036349,-0.33287119824389877,-0.5486637987813332,-0.32781001157600237,-0.9786082763815251,-1.2021568961396634,-0.019645182182173704,0.0,2.0,1.0,0.1,1.0
-1.695163267494713,-1.0845380416549424,-2.1219977555223277,-1.194019165326404,0.03442896817140895,0.8627501776720463,1.6850191397523098,0.16558878150466372,-1.2695146001951838,-0.5121088403278815,-0.540589285540614,0.0,2.0,1.0,0.1,1.0
0.7996056649168491,-0.16910545491504136,-0.6180692083971313,-0.21883626984623428,0.4426105849596974,0.08706167366450895,-0.17352900622338352,0.25219969558496913,-0.2908785167591207,-0.01878806273205344,0.2835126200668069,0.0,2.0,1.0,0.1,1.0
-0.3956744449079519,-0.31777413323632864,1.1461155109895582,1.558106575018643,0.6399440058948733,1.3248537036240702,1.9478904167883586,2.2652435355908915,1.73039373349663,0.8518737568199605,1.3460001943824196,0.0,2.0,1.0,0.1,1.0
-0.6657844401009414,-0.6682037315878611,0.055058873091576865,-0.810423294742235,-1.441009870958196,-2.0815331409985474,-0.7988105591574104,-0.8622666758551448,-0.5552798705959654,-0.3124942529831952,-0.35019584310689866,0.0,2.0,1.0,0.1,1.0
-1.4194825418020052,-1.734997317720793,-2.6733186260394044,-1.2599459607204975,-1.2947403535761566,-2.1562812007868217,-2.3546667401130037,-2.792702690811768,-2.5735535627954307,-1.3358916770502862,-0.8631733606686991,0.0,2.0,1.0,0.1,1.0
0.29386362426008966,0.29349733414469575,0.6067140075299393,0.3782239086379083,0.8465590839886449,-0.36892066960680336,-0.4945078848349742,0.1451354814938713,1.240681915738827,0.8917082366958852,0.731506212660959,0.0,2.0,1.0,0.1,1.0
-0.24198670910784706,-0.3727552622215735,-0.5378410844373838,0.12468907962774323,-0.27351396268377737,-0.1769141224451367,-1.4046606875820984,-0.9628816678860919,-1.5680773321511916,-0.6204231759989225,-1.2724478067737082,0.0,2.0,1.0,0.1,1.0
-1.5744395973835754,-0.5032943766401002,-0.3394688706982792,-0.25196296666341095,1.0384563505564268,1.1570081333827769,1.7624065726606075,1.1207556127764906,1.1531208472286532,0.5171540417292702,0.5918073391566622,0.0,2.0,1.0,0.1,1.0
-2.435793538742061,-2.2669446602858168,-1.9431003385642727,-1.5471942999641968,-0.44806292356346233,0.482138863671531,0.4718537154106947,0.516459323367402,0.6138418688301294,0.9360403259532815,0.6923898622386327,0.0,2.0,1.0,0.1,1.0
1.3652233911713676,1.5981950383611578,1.1679305369274136,0.38822897860059946,0.3523894592624642,-0.2484879018417761,-1.582749735014683,-0.9757008841399663,-1.7124808956790116,-0.45168666375026256,-0.16672325990738426,0.0,2.0,1.0,0.1,1.0
-0.4604511382066272,0.5140474763960416,-0.18394271136851453,-0.2607837423567738,-0.13798505055544102,0.7212307115150934,0.2656675918158361,-0.9299123477740054,-0.9573518567210456,-1.0651223124690565,0.8163422639764023,0.0,2.0,1.0,0.1,1.0
0.0827995131785912,-0.7055576730287572,-0.4062971568069891,-0.5196651979920428,-0.4876866172851224,0.25819900504856286,-0.34453951342806943,-0.7995556402079287,-1.5112737227449338,-1.1249026045027024,-1.6069070703906805,0.0,2.0,1.0,0.1,1.0
1.4446351799663024,0.5381978730766528,1.0089773290388815,0.7970055233247508,0.42910118187940705,0.14525352085269821,0.8760716761616903,0.8500336841010905,1.4028127932587369,0.45295611043732475,0.42433299973245375,0.0,2.0,1.0,0.1,1.0
-0.7295333910314263,-0.14950820380264973,-0.570404214441214,-1.0914815516674556,-0.9059930417381914,-0.5064172878606827,0.7739770668363042,-0.45140018756181033,-0.22670712082877567,0.7077057660848878,1.2263366042103852,0.0,2.0,1.0,0.1,1.0
0.215917380148506,-0.536795901731228,-0.3271344822582901,-0.6634865145431683,-1.398799146435286,-2.0337075693428996,-2.382314490329211,-2.7068774572180128,-2.2546305632034143,-1.6938900381718358,-0.8086203145886628,0.0,2.0,1.0,0.1,1.0
-1.1495649255830864,-1.3438518560272863,-1.4166594416656155,-1.198499492379777,-1.0138111973525468,-0.5422418802466216,-1.5180703411998453,-1.66088302323042,-1.599301034129255,-2.822115427267411,-3.5127459261812333,0.0,2.0,1.0,0.1,1.0
-2.0898883679750897,-2.281698647254067,-1.8351281965643151,-0.9169671227968783,-1.2210385880868198,-1.5805196404564859,-1.1974742914616414,-1.069313200257511,-0.9047335331143473,-1.6910870025221967,-0.6703124826314508,0.0,2.0,1.0,0.1,1.0
1.8592886364649974,1.3734248671040805,1.190953312289545,0.7907501078375091,1.1133068043265708,1.6001592326911847,-0.4020145241334385,-1.6240319206073568,-2.056613819816252,-1.757721657917428,-0.4875763053137805,0.0,2.0,1.0,0.1,1.0
0.37819652795325764,-0.21610072408653808,-0.10124073720838575,0.3584769038719675,-0.4385043038465312,-0.8313469454160284,-1.4375937761479802,-2.053301960411257,-2.446618273967453,-2.4952449986659224,-1.8566283501426482,0.0,2.0,1.0,0.1,1.0
-0.40366879343018036,-2.005414804526906,-2.0097541732320976,-1.8310633249433472,-1.3961349650395665,-0.7651608192425862,-0.10936409636625455,0.6548729411101727,-0.0739876057156651,-1.1497439046875826,-1.306046257681187,0.0,2.0,1.0,0.1,1.0
-0.8122911064056327,-0.3940063333664048,-1.8786884093250813,-0.5045082935340719,0.4941384883471496,0.1412139781255382,-0.08795821752884744,0.06351084361244992,0.3346207034697216,0.9265282521252627,-0.33144206547979715,0.0,2.0,1.0,0.1,1.0
0.640879705930693,0.742103711579664,1.289781593298617,0.6591102811707487,2.111681292055024,2.0535180305827696,1.6103373879397753,1.435797272911949,1.31990981153321,0.8201035176116488,1.2595498402149272,0.0,2.0,1.0,0.1,1.0
0.7474384733351593,0.9127308095235956,0.6961374703236501,1.5431793891684067,0.4677333711785405,0.5768334996806613,0.7772435435204429,-0.3016899519066326,-0.7483247781419023,-0.08800126962025223,-0.19052455975033333,0.0,2.0,1.0,0.1,1.0
0.9420276712118044,0.6383002192515042,-0.19468836344133955,-0.13889389421264434,1.0475128280299908,0.5745329643753434,1.3530831894430553,1.779860785679562,1.3321615195633327,0.8692264455051171,1.9994877875339205,0.0,2.0,1.0,0.1,1.0
0.9603584203974566,0.8023409964428838,0.5243474750944149,0.4524954743136463,0.48383128462585195,0.7696388984199645,0.5982115608434149,0.2231450254933871,-0.45196721263303136,-1.1702581411852124,-0.2919200117515769,0.0,2.0,1.0,0.1,1.0
-1.2173355470549,-2.1876510791784765,-2.2600492614953156,-1.8016790141620744,-1.1775040268626926,-1.2094827648492446,-1.3469658235601822,-0.24936212623155907,-0.09871108722316463,-0.08362967819246694,-0.3748435903452999,0.0,2.0,1.0,0.1,1.0
0.8693737012592928,0.684687876352942,0.3659665467812254,1.0087056732169128,1.656021898142853,1.2965233670708292,0.6666296953062206,0.9984313831104368,1.6941541209592232,1.3344124459269775,1.0371175850354855,0.0,2.0,1.0,0.1,1.0
-1.1017232886776702,-1.5791521830811952,-1.1709827906739056,-1.8396594569505764,-1.5413897265891758,-2.3631486407635522,-2.3502867800535845,-1.7937959362706997,-0.6504442282754447,-1.1150821279578387,-0.9732321864119952,0.0,2.0,1.0,0.1,1.0
-0.3669225704966653,0.08527409480382248,0.37401939456390876,0.5495896130627762,0.43827494038312387,0.6797335248955324,0.8905009774863213,1.7801197884281517,1.7750971119837422,1.2966933758352346,1.1897136658564378,0.0,2.0,1.0,0.1,1.0
-2.7656223757388463,-3.2459125475568062,-1.9041396824774672,-0.2448047435053995,0.8975467194943942,1.34133784100625,0.07704350890267087,0.23284943326267427,0.07999481848408307,1.4271717839117108,1.0474296017916773,0.0,2.0,1.0,0.1,1.0
0.7410513404168682,1.0963642418705606,1.6491881304189593,1.8063155742425125,0.8237901464638787,-0.11200517429099732,-0.28435862114184357,-0.3338766529540536,-0.6638773100044377,-0.22131354155520122,0.19631360555322455,0.0,2.0,1.0,0.1,1.0
-1.6672430651154497,-1.2914517179186387,-1.9634956575758071,-1.6864462878004347,-1.263314373106593,-2.643235818911357,-2.5808309263761426,-2.265703571013366,-1.7362104176867792,-1.9393605028689656,-1.606420947765194,0.0,2.0,1.0,0.1,1.0
3.819948573796428,4.128280232357943,3.3415225335233805,3.2984577022312345,3.0724291124285363,4.113440042406192,4.21979751092498,3.362156746167406,3.707625402417573,2.4812016911995567,3.258074362274872,0.0,2.0,1.0,0.1,1.0
-1.6582607121689599,-2.3897977709409415,-2.898985782594116,-3.1861094261178136,-1.819937392921221,-1.0837717888305554,-0.9222145125378076,-1.7453126429978334,-1.3017075130052649,-1.3500278316713765,-1.616030751220835,0.0,2.0,1.0,0.1,1.0
1.595456700679003,0.720228487757819,1.3716110054379291,1.2197486588750048,1.1478403412685398,1.2462674731278347,1.3117837520998998,1.525400855591576,2.767877660750246,3.1350405443128757,2.4837804643214545,0.0,2.0,1.0,0.1,1.0
-0.23392277814292117,-0.385698310224718,0.7009995840369556,1.251610203979998,1.3993151170244937,1.1757314468807514,0.9776491005657799,0.4904861900684303,0.11308422908804439,-0.16513940320255646,0.3031418725214947,0.0,2.0,1.0,0.1,1.0
3.3859742827541113,3.1243213858236603,1.9835376213180926,2.0742275755033117,2.1450960569315964,2.275644902805316,2.2773716386090763,3.0531114884950408,2.513366358510131,2.405342722655853,1.395055373207069,0.0,2.0,1.0,0.1,1.0
1.7058281824870158,0.6323735125326815,0.7906912368124929,0.31565049762822256,0.7810063847612779,0.053294958574596096,-0.319749571370222,-1.441640235895148,0.4078202032642342,0.13964923029513035,-0.2679664209696257,0.0,2.0,1.0,0.1,1.0
2.0229581533739105,1.9648193995076741,0.7705409997619272,0.5652636362670185,1.2693138603784355,0.09078793415521269,0.9408389373883649,1.334928403936444,1.0989989861947704,0.6850650176971137,1.4616144730673395,0.0,2.0,1.0,0.1,1.0
-0.5215990271386616,-0.7072674144238853,-1.6106020701021295,-1.9480768883947435,-2.4344738263400645,-1.464548880483954,-0.3552063677751177,-0.06877976982079959,-0.7801620509154921,-0.4943794837600912,-0.9291887277629313,0.0,2.0,1.0,0.1,1.0
0.5677904531815156,-0.39091250861067994,-0.4291508567252944,-0.3906207358718217,-0.8395397683847913,-1.3118746575576825,-1.730503345323433,-1.312815897182324,-1.476371013281389,-0.45540310737360545,-0.5055599205706051,0.0,2.0,1.0,0.1,1.0
2.139333907467698,2.5874744148226005,3.2307527051311515,2.9652707065696577,3.1267760334098464,2.3965366736097464,1.9860820650902493,2.690727635233025,2.7928621867843018,2.7339067048694448,2.6875176539140226,0.0,2.0,1.0,0.1,1.0
-0.49072647958364707,-1.102366138625195,-0.16981608759081013,-0.6700380992434094,-0.5146155442658068,0.41351189810501615,0.29750937783505316,-0.9203035265762318,-1.8163368253461794,-2.126108594555303,-1.83807035501873,0.0,2.0,1.0,0.1,1.0
0.6074721950776597,0.12043184782838329,-0.004203743289309392,-0.19156067161536652,0.6835629625413697,1.2272126127403156,1.7956152646412251,2.2583207933040637,1.4761280196925792,1.6895573409381162,1.9002816392056097,0.0,2.0,1.0,0.1,1.0
-2.2639395178924997,-2.4927808900121327,-1.9404769091362077,-2.394021432210619,-1.6366548901512945,-1.130140520271735,-0.9298273279697742,0.35356397038470044,1.0469069748527966,1.0054366911478239,0.5130999351003365,0.0,2.0,1.0,0.1,1.0
-0.48265049327518333,-0.4596163675695928,-0.6819248392169213,-0.3347775002583334,-0.4209751484427244,-1.124463516813861,-1.1777113975806062,-1.851995477497896,-2.2316333488227986,-2.241882621510818,-1.453639193608013,0.0,2.0,1.0,0.1,1.0
0.5580902061218855,0.15637704047273238,-0.3017443847526977,1.2048121294077083,1.1070196723689572,0.3629767640465811,-0.21865660614475635,0.11947757144869453,0.7061447955731575,1.4613949350756488,0.7999656022506925,0.0,2.0,1.0,0.1,1.0
-1.3152344730740135,-1.5823164961847132,-1.384923194777926,-1.6324266209507843,-2.6772352936301616,-1.3327463563719035,-1.2400568945288968,-0.9585923481991314,-0.4885190018711501,-0.3373689731849263,0.9410092429690746,0.0,2.0,1.0,0.1,1.0
-1.037213655754732,-0.4990959684169046,-0.08981960669836986,0.4065727428162075,0.19415403464383102,0.12938092527875,-0.6312189892307996,-0.6791488704513255,-1.4196480319156577,-1.2521274397544362,-1.191038684616371,0.0,2.0,1.0,0.1,1.0
0.17831204023013708,-0.5771410742259041,0.3462084923418829,0.2762082303833767,0.18611665842265224,-0.3300238875607018,0.03349365394091325,0.06841223320695157,-0.3574545178068736,-0.6151217300020144,-0.6372910956822662,0.0,2.0,1.0,0.1,1.0
1.3107794531610693,0.8793766651220085,1.0947739439990987,-0.04220448823576217,-0.11491300606605317,-0.11071463975120067,-0.6555969636261516,-0.12265919921624685,-0.17983401434207083,-0.029606375573858063,0.5108959481123831,0.0,2.0,1.0,0.1,1.0
-0.3575724333757275,0.17518933465753694,0.23176122409109284,-0.9989248633232355,-1.5230929086436151,-2.5686768284019514,-2.5057828925466485,-1.7401840016238619,-0.04238751188161083,-0.6546983609093796,0.43697987199204147,0.0,2.0,1.0,0.1,1.0
3.8109462256981974,4.4360298382850605,4.239701918476463,3.1101382736779843,3.1453376286031807,3.3402723788973403,3.257255860785658,3.2774455808483554,2.704259569171944,2.446546514971416,2.507971475971565,0.0,2.0,1.0,0.1,1.0
-0.5196855661172609,-1.4689262185683132,-1.319362425552259,-1.4702778053909895,-0.6626768761577456,-0.454955649032761,-1.2933515408578906,-0.8810844580425253,-1.0808081040798476,-1.285316043381479,-1.5518906484003743,0.0,2.0,1.0,0.1,1.0
2.8140251575410766,3.005653191118779,2.5509810518011005,2.3301370996900177,2.1659274897899015,1.4484890447504748,0.8617292036240327,0.5661641561360987,0.6714878616399,0.4630706865862354,0.4416816323389003,0.0,2.0,1.0,0.1,1.0
-0.150346475316282,0.2714525902767325,-0.4943920014033334,-0.2894637026587996,-0.19239308358114612,-0.16668965136346625,0.25043286523144614,0.09645110155493869,0.08329562608584755,0.8763766446350546,1.5073937168132208,0.0,2.0,1.0,0.1,1.0
1.6260412046721322,0.41548240832172745,0.6131472201618007,0.22085246371593192,0.7146580516672787,-0.14998381062778154,-1.4710748655560475,-0.8769200476487262,-0.7301712578959811,-1.3945991937401618,-0.3020041104180292,0.0,2.0,1.0,0.1,1.0
-0.9932676451141762,0.331505694350405,-0.53650754077349,0.4341099051504862,1.6710767746706168,1.500487275307783,2.4490216645337117,2.7987643642185294,3.8265602517277304,3.2441065866036474,4.370157864827274,0.0,2.0,1.0,0.1,1.0
-0.37872041173633736,-1.0758362028257331,-0.14983432701402244,-0.8705468005247089,-0.9073470002128902,-0.8393863616900098,0.4223570991236485,0.7575117100829425,1.2761916999451695,1.9198205232029824,1.2064894621564806,0.0,2.0,1.0,0.1,1.0
1.228594142582691,0.9002072570063137,1.7291888821495793,1.1896071196682254,0.47397533550662374,-0.14622207986539132,-0.06589503677807619,-0.08264571867957055,-1.311789361496149,-0.3384715627639714,-1.2079210364967552,0.0,2.0,1.0,0.1,1.0
1.6090430754983225,2.271322223721195,1.9746781239695765,1.5780645044407096,2.5959852405105455,2.34356279544557,2.214903766835664,2.6072084687986097,1.599814866935716,2.2307039983451222,2.623403401990064,0.0,2.0,1.0,0.1,1.0
-0.9980849803277705,-0.8111293635957616,0.3063478865990109,0.43926587062092937,0.7792977629556748,1.7570786543312693,2.0382124154275965,1.5642894697564,2.4320618582304814,1.821184655891067,0.3802599581390276,0.0,2.0,1.0,0.1,1.0
-0.9542071970647529,-1.2165261983933229,-0.5790770204675769,-0.22959109355160612,-0.5672613136274487,0.3113667243683065,-0.5801178221449832,-0.39869432795382354,0.39262582025083037,-0.33371978675223357,-0.1547094681987538,0.0,2.0,1.0,0.1,1.0
0.04939602261196686,0.11746956439033285,-0.21619213255189973,-0.40457254030005546,0.15268235371359468,-0.4671311999456514,-0.5348365683978733,-1.0100772415750612,-1.1126938745395665,-2.0321059716317453,-2.4996144398757183,0.0,2.0,1.0,0.1,1.0
2.2393013540940157,1.3133906172304881,1.584433147495699,1.9107603569808347,2.502165571315209,2.6317634767105123,1.79738435267102,1.7731336791875532,0.8051274938301608,0.005445715796628781,-0.04039146683617992,0.0,2.0,1.0,0.1,1.0
0.11073711190541824,-0.3998621561198862,-0.4953109633255115,-0.4966389379583103,-0.14000199421454712,-0.15502829748614133,0.9124073692025542,1.1349092215411112,1.136578503639647,0.17920019606507753,1.0587738887905074,0.0,2.0,1.0,0.1,1.0
0.2522945335620205,-0.09238833899944701,0.18472186218284847,-0.20190878157080355,0.22731063309229255,-0.07769821719170888,0.5175163433365986,1.2560098335759542,1.3837454439108985,1.2815295898651313,0.40455531151514246,0.0,2.0,1.0,0.1,1.0
0.8709087099239791,1.5231176541070273,1.5351855807635935,1.185089752762394,1.5961584164942486,2.4582903272240384,3.0709677104450384,2.907100744461826,2.2758053557778455,2.554014025624488,3.4395856649036936,0.0,2.0,1.0,0.1,1.0
-0.509880504378313,-0.2126427649580933,1.5455091622834851,1.4679829000485196,0.8698097328313413,1.5667928030966736,0.7880938243840753,0.4782695287043787,0.2867172698144047,-0.5650880823015628,-0.9122923859417489,0.0,2.0,1.0,0.1,1.0
-1.216111537259518,-1.842587778993391,-1.7112577532679352,-1.344544623068097,0.06728754294347628,-0.795137126074469,-1.226078072644758,-0.9893662695597903,-0.4871269933525495,0.043556468608303645,-0.7282002225047928,0.0,2.0,1.0,0.1,1.0
1.7169409948704863,1.0907619161860003,1.9922816946769721,1.0205496475713431,1.2802829246771201,0.8410922138296462,1.1140556230380412,0.32641181846097256,0.0513129486874879,0.6215932352995738,1.221636469678375,0.0,2.0,1.0,0.1,1.0
-0.3079399276406641,-0.24061860089910067,-0.06716722967151734,-1.457180441966072,-1.5719566958548399,-0.8402561775682527,-0.5901355921107712,-0.13925461699593356,0.9439767513243862,1.0852528323724144,1.4263602342963004,0.0,2.0,1.0,0.1,1.0
1.6430377219740449,1.359705547848772,1.7493242377231095,1.0212728128691804,1.886791756349215,1.0033275583123444,1.054570698994838,1.2158543320306134,1.6957030381672649,0.7053864513351044,0.9716020701396109,0.0,2.0,1.0,0.1,1.0
0.7131901803488249,0.6819526581237928,1.5744616311635686,1.6062622951206664,1.6667344517201124,0.38109164809868235,0.13338666787863604,0.4618371045928077,1.2790562472884641,0.8861271782445588,1.304068365892919,0.0,2.0,1.0,0.1,1.0
0.4212722770915159,0.6540925730797471,1.043739796866719,0.8520233071607884,0.8505174820487629,0.3687026393534183,0.6998057020821347,0.8168537033517027,0.06536982126316859,0.17889464175770575,0.8827120682138094,0.0,2.0,1.0,0.1,1.0
-1.0298868543168518,-1.2844955507969535,-1.7010497649044583,-1.3545803336853908,-0.7866442479508777,-1.4512950304773367,-0.629914399572927,-0.2418864569827044,-0.38928207969172085,-1.239570768261139,-1.280122204602693,0.0,2.0,1.0,0.1,1.0
-1.1347515717807881,-2.6570176384381297,-3.6637495102635524,-3.8487191703197126,-3.9627980007816914,-3.0553450394649966,-2.146025852574465,-0.5831726078664607,-1.2844298645475578,-1.607534315292748,-2.868409306042264,0.0,2.0,1.0,0.1,1.0
-2.439062888038605,-1.671661086929951,-1.4707620765897067,-1.8303165419526586,-1.4791766499320278,-2.1426511446718957,-1.515737032989842,-1.638568756619807,-1.9978417540005133,-1.656349518147403,-1.5773066636534123,0.0,2.0,1.0,0.1,1.0
1.6879557135748153,0.7296580469783435,-0.7159995776392846,-1.1105308864158356,-0.6607203033148952,0.025450073441782073,0.475769909512201,0.4186434886736306,0.22449113383904268,0.5097360381970013,1.6364696217760468,0.0,2.0,1.0,0.1,1.0
-1.7401997576821502,-2.2124269087690998,-2.3836696528492594,-3.79457482425321,-3.3402412501658,-3.2008837110399275,-1.7599499025692356,-0.5949547371394923,-0.2772810044135525,0.13754830878525304,0.6549969450776847,0.0,2.0,1.0,0.1,1.0
1.3610273143832659,1.5051234943910141,1.3696529376851552,0.4415599073337103,0.15708710622608946,0.3729914255670146,0.1814486101138905,0.3974883810594917,0.7554964655416143,1.0667791611087938,-0.0006965028033866227,0.0,2.0,1.0,0.1,1.0
2.1413343065552937,1.7551961802899632,1.9100083256358644,0.9757732918195767,0.2987330234848875,-0.6557501791758666,-0.8205110017210655,-1.2884188745045386,-2.016523603305716,-2.115189042050323,-1.0935923033495185,0.0,2.0,1.0,0.1,1.0
0.8831216489645788,0.7449486661165301,1.1389930035030096,1.3090385028310028,0.5140115723611013,-0.15541395214479514,0.2146317610714477,0.9570788634511902,1.3204715406829577,2.485673613788122,2.0588581574285323,0.0,2.0,1.0,0.1,1.0
1.2502793946467947,1.0991394290322776,0.47084730221914206,0.7066027755077227,0.5028663910165011,-0.9481497594825722,-0.9273332737731501,-0.31692777654631654,-0.26902872905241026,0.42488179916638064,0.2073870409302251,0.0,2.0,1.0,0.1,1.0
1.8156603624293006,1.0787894378474956,1.4639099903933044,2.237858631108834,1.4375170800125388,0.7928692998425767,1.0891401693575158,0.6715985271170231,-1.175489727454985,-2.010654184022111,-1.5703890789656991,0.0,2.0,1.0,0.1,1.0
2.4445714194242703,2.938083610053377,2.562039416184084,1.3177853671400492,1.7483915749357304,1.3486465625621915,0.5802406697823146,0.9055921770229098,0.7250153281480713,0.41410993101612303,0.1826743753300137,0.0,2.0,1.0,0.1,1.0
2.7341749413103194,3.727096394385436,4.679871438761544,4.13986635259983,3.5547806593854205,3.850709645316935,3.310906401384339,2.874442264756886,2.3035181404017164,2.7682395147545646,1.7265825912303452,0.0,2.0,1.0,0.1,1.0
2.0673972563424066,2.21339795156505,2.5429437896249585,0.5452163549005118,0.9619676102099826,-0.28760723805553623,-0.28613754806535435,-0.15651469240483445,0.8306340549210331,0.8333612714540598,0.5671387465881911,0.0,2.0,1.0,0.1,1.0
1.0030458617990312,0.32746831772635054,1.487668429723504,1.9032316145509485,2.3397355358164336,2.3766528784804093,2.080364873462566,1.9729843007143963,1.3570359696280598,1.4295178344420751,1.4258210869654386,0.0,2.0,1.0,0.1,1.0
0.35826147119507734,0.6293587698976325,0.5392275975571436,0.24778475848424572,0.24191802279310945,-0.562819818606527,-0.27711763517270466,-0.5997593410759932,-0.6558351759780655,-0.6359601700953521,-1.0494709013659556,0.0,2.0,1.0,0.1,1.0
2.259521311674075,2.959304659122272,2.5252591397622908,2.1479108142885184,2.1972131778701653,2.04658199943655,1.8376208134764656,1.4173710127378931,1.6311082431190054,0.9415761002449495,0.578573947224079,0.0,2.0,1.0,0.1,1.0
-0.7894320670023928,-0.6203595252017663,-0.1104090731124821,-0.17855607537610946,-0.3066865536900981,-0.9767957585852274,-0.275819211787661,0.2088900226775877,0.6680060870709916,0.5170762186385007,0.8940366094332328,0.0,2.0,1.0,0.1,1.0
-0.11022789555773269,0.4841928608263387,0.9355759502353233,-1.3343383428624445,-1.2944779062211538,-1.274263178891696,-0.42742753848730053,-0.5725751305464718,0.051023475646577277,0.11748007691190973,-0.2302666515932243,0.0,2.0,1.0,0.1,1.0
-1.9953857885578237,-1.6247476000399064,-1.2676822496647333,-0.4269210641578032,-0.9698140506914481,-1.070963790642672,-0.5385608611255772,0.3666899231377128,0.4826648039493505,0.5612137188339528,1.113072484174877,0.0,2.0,1.0,0.1,1.0
2.2586546649123544,2.578762670886287,2.1241655046147354,1.4432844328964773,-0.26303766033050646,0.9360836312100219,0.23678100273798275,1.01570387689215,0.9346122251279284,1.7176480469462803,1.7070482256430664,0.0,2.0,1.0,0.1,1.0
-0.6063385252928617,-0.6489502649634821,-0.02364066469329429,0.7532911792869555,0.12175267874751106,0.04276255912911693,-0.1653231138296403,0.15992262604301116,-0.45823683674377524,0.1363399370251207,0.4019104892325013,0.0,2.0,1.0,0.1,1.0
-0.7645491295876709,0.27261813799865975,-0.7045442241806328,-0.8924666802191087,-0.5015330158806,-1.1730921232195097,-2.0290109307816757,-1.6370737671724669,-2.231088459336778,-2.455705879150496,-1.753397595215271,0.0,2.0,1.0,0.1,1.0
0.0946491166142783,1.5434084911534032,0.9487109314596522,1.2665078571304367,-0.13639668833523833,0.3991741505858998,-0.24571427350232583,0.09695254847081891,-0.21583223767899984,-0.3375710498064135,-0.870352701092119,0.0,2.0,1.0,0.1,1.0
-2.039481501018565,-1.535570232751573,-1.3259025422763646,-0.5702187827994324,0.5686109442776045,0.2219362951634556,-0.31201978173612793,0.4200796086562529,0.5726969133422695,0.5435770059417593,0.0858403327371261,0.0,2.0,1.0,0.1,1.0
1.9381589122330267,2.1546415496634626,1.3647911537937343,1.3748633045876968,2.200890587846728,3.0195039746206755,2.8817654152630086,2.322513246594703,1.0275234068683834,1.3441695561995675,1.1916877081825998,0.0,2.0,1.0,0.1,1.0
0.1391008105161012,0.3105273947560182,1.3292435896131614,0.9128232270378072,0.7052306778912149,0.5993059436705792,1.4441659199671637,0.7075800824695333,0.5672939471798251,-0.004997683421580246,-0.7428465607455531,0.0,2.0,1.0,0.1,1.0
0.19423734270498422,-0.26015056038920703,-0.050221045066552755,0.1424049653950648,0.03973213527288166,-0.032604939528704004,0.8312895360809648,-0.023014156317292533,0.11799078335455848,0.13578025965500082,0.42197978335766256,0.0,2.0,1.0,0.1,1.0
-0.4017146888627255,-0.8874887666951345,-1.2015756264417614,-2.0946260215640855,-0.5896051650521761,-1.0505583389341673,-0.5599497580473072,-1.064879861788231,-0.12441981101776889,1.065413889924041,1.965368121565756,0.0,2.0,1.0,0.1,1.0
2.518978150417536,2.0322931365427235,1.7331524462764416,0.69679034875662,0.589105022020681,0.8260241932374718,1.1648265551844788,0.8272998110351104,0.8959903557878788,1.0325589927697474,1.2244041873869398,0.0,2.0,1.0,0.1,1.0
-3.123554868505476,-2.4752262716960054,-1.7929707511471422,-2.005136017990069,-1.1136818348925042,-1.0471412776616211,0.09685634795815345,0.3787058876615957,-0.20345185001236993,0.41682203929082895,1.1301021225845445,0.0,2.0,1.0,0.1,1.0
-1.0918346749663845,-1.7534979282801029,-1.5932234772511282,-2.0983504979738634,-2.636114081032009,-2.9330202648714545,-1.7725970502367008,-0.8978344036027982,-0.8286741378723032,0.045599538755431324,0.6749079372827238,0.0,2.0,1.0,0.1,1.0
-0.9693694060441701,-0.914508463115578,-0.670205938430993,-0.9189696946637387,-1.1039782030729834,-1.592006864297824,-2.095779436104481,-2.0023473282905933,-1.7790109885827758,-2.1698816728446992,-2.9235607831603936,0.0,2.0,1.0,0.1,1.0
-0.7222191746358289,-0.35095471132306555,-0.33253217407463187,-1.3556256694559234,-0.790918545553597,-0.27408814526413466,-0.3117123060973886,-0.7560567762446097,-0.5328678482831712,-1.55630147406349,-1.6969574866343575,0.0,2.0,1.0,0.1,1.0
0.22008983258421333,0.15568467966690416,-0.14626307587936585,0.315734304535888,0.11176785186501029,0.4535135880143565,0.8878909814218254,0.29101400519787,-0.21622125412993082,-1.2959779409022587,-0.6067786541770812,0.0,2.0,1.0,0.1,1.0
2.1146887146254705,0.990227613834479,0.20316651196384283,-0.3208332326527704,-0.26731952407830367,-0.43496801393700757,0.08164390112814801,0.7403996955233465,1.1846538235569972,1.3507035676464114,1.0690782449542597,0.0,2.0,1.0,0.1,1.0
-1.6943083943036434,-1.6588940907888174,-2.8467980292024357,-3.1900528725546153,-2.0369562504833407,-1.3575480076922752,-0.7114484239028501,-0.0818779990718056,-0.7858162609145971,-0.7859665060440673,-0.3380158427858399,0.0,2.0,1.0,0.1,1.0
0.2556974668517562,-0.4782806023190965,-0.1477226094257214,0.09031362987396793,1.2911255283165937,0.679748216394209,0.22292627501096451,0.9729542565099663,0.17775220591348584,-0.8336421898289617,-0.882080583976535,0.0,2.0,1.0,0.1,1.0
0.6709528106515591,0.27623022182666684,1.2058766613696057,1.2356566215846212,0.8309847012366025,1.3087791871387522,1.2074603003430087,1.0976441111579267,0.3003538548217486,0.6424819854660473,0.6879570874165555,0.0,2.0,1.0,0.1,1.0
-3.867526837544801,-3.897353539303223,-3.3139007942051646,-3.033595048998072,-2.1629048519395484,-1.0363906864728931,-2.172062070424638,-1.87220511995766,-1.1096550806210437,-1.1373291215402956,-0.25419820816542193,0.0,2.0,1.0,0.1,1.0
-2.8906364529401727,-1.5226845033529535,-1.1235049123749385,-1.5570941770666038,-0.4959666646012687,0.7394637542540778,0.7973738491228101,2.118107146523351,1.9788449596082367,1.687967336931111,1.846188681129213,0.0,2.0,1.0,0.1,1.0
-0.8596005889903793,-0.963130986672913,-2.0208958334415197,-0.08875859915922724,-0.6855522704005559,-0.023107542544817172,-0.2661564768250117,-0.5476451730799672,0.15764814315533304,-0.08828944332968311,0.5260867932743888,0.0,2.0,1.0,0.1,1.0
1.2722444843764313,1.7496192788423084,0.9945257576363365,0.7726431196546105,1.033165314486084,0.8748655861755802,0.9842323201495448,1.544940035781592,2.8315376806862385,1.17938400461533,0.7237562061610732,0.0,2.0,1.0,0.1,1.0
0.6462229301845018,1.5077831891581313,2.423669178335686,1.8002534788965852,2.7895962289016514,2.5839891257646666,2.831731300016081,1.811644035175978,2.3377331850969334,3.7161708904383293,4.385780272084608,0.0,2.0,1.0,0.1,1.0
-2.7692921576677225,-3.0671249210044245,-3.0566620303527827,-2.0982659421837377,-0.8681151507988609,-2.148885520674863,-2.3485521094891886,-2.9775846687083365,-2.101323929785391,-2.0401828173545775,-0.7945527572706461,0.0,2.0,1.0,0.1,1.0
2.173163890533228,1.427218786047509,1.9322756122066256,2.364061403787609,0.8561553280375824,0.5810528828553282,1.343195736221229,1.3951723028083742,0.3177914270144231,0.1416716316766968,1.2164243569151079,0.0,2.0,1.0,0.1,1.0
-0.5547035728837095,-1.2256362542208759,-1.2814735361807732,-1.5274014718782185,-1.5048431950042311,-2.2847621896443835,-2.9608850946972796,-2.9059813991578434,-1.4188280935555222,-1.9064234273412803,-1.6736572918246941,0.0,2.0,1.0,0.1,1.0
-2.4088439377213295,-1.9990292975819755,-1.2853381920700153,-1.4385415599458056,-0.6126429956465268,-0.35130716855973904,-0.7980995296629729,0.029917221411816297,-0.6551809889457839,0.2377770090890765,1.1820970528599675,0.0,2.0,1.0,0.1,1.0
-0.5440269380206463,-0.8265722528331122,-1.1827228253610935,-1.8733074980305715,-0.9739795898432398,-0.2520564965699347,-0.43835242627103965,0.670776222086543,0.5921747101666034,0.7336844488037015,0.29662023964453577,0.0,2.0,1.0,0.1,1.0
-0.5599483193790948,-0.8031789003754144,-0.9127170375171882,-0.6712584263097952,-1.1581258022497627,-1.6710239243213736,-1.855177297765966,-2.086046236369399,-1.2300551491224472,-0.645068728771766,-1.1830607477304669,0.0,2.0,1.0,0.1,1.0
-0.4311603115489663,-0.2141337433516494,-0.13083223188597248,-0.6351275746264048,-1.2407047746423308,-0.931578248792697,-0.4926469284981303,-1.32448981421634,-0.9763838996056073,-1.0027880736286314,-1.392607167137745,0.0,2.0,1.0,0.1,1.0
2.1307032359557168,2.2614544126129346,2.2499648127917427,0.955490956902435,1.2404126749237556,0.87666322869068,1.2446281343628356,1.247809507814297,1.0076475556978561,1.0342013194870303,0.7730392628093582,0.0,2.0,1.0,0.1,1.0
-1.0136927226355112,-0.8464352346669738,-0.8079364684652821,-0.7461686764853704,-0.6143602631587044,-0.671363705140314,-0.041067876550543225,-0.5030928158900518,0.24822574680647325,0.8476079699274979,0.35749957269504706,0.0,2.0,1.0,0.1,1.0
-1.4398343753819502,-1.4637663226360715,-0.5696243138876621,-1.2141175779446298,-1.0939402949631025,-1.046676054406896,-1.6910392108379675,-0.9735528517058616,-0.535895815520403,0.11625844263866636,0.9209669621086731,0.0,2.0,1.0,0.1,1.0
0.1515957623972146,0.9179309692096702,-0.5083449035869418,-0.537749155580912,-0.8681701160513144,-1.2207260085776912,-0.7762089709176796,-0.947839447100569,-0.6251247717432614,-1.276890470791956,-2.04492427988308,0.0,2.0,1.0,0.1,1.0
0.46570500729592756,-0.2449712465415287,-0.0008247257137286579,0.16653541243631215,0.10415637525843463,-0.2325207524571386,-0.03001782585406662,-0.3007915076451095,0.6667731538374795,0.9885364934809345,0.35293860354572304,0.0,2.0,1.0,0.1,1.0
0.9779400661705577,0.8273563539220681,1.225131215982442,1.1112500736253708,1.4325365421300273,0.5612346055667212,0.11207719496830904,0.4853104548330788,1.1149860802463845,1.1412808945359179,0.17369778439834527,0.0,2.0,1.0,0.1,1.0
-0.9373119186835447,-1.5765481004915955,-0.6499109312353155,-1.0516007144351334,-0.3637098903199143,-0.32269789177949676,1.0111351693091462,0.9266679399223875,1.3001562029318934,1.1254411907327897,0.13410341487485478,0.0,2.0,1.0,0.1,1.0
0.9028234953812131,1.7935895900086074,1.9002876489627885,2.6861186183977472,3.443247711318793,2.97907972310087,2.961295427825934,2.2422928142109964,2.4402862318552083,1.5992884871683253,2.5296076146675395,0.0,2.0,1.0,0.1,1.0
-0.2564132500694662,-0.3363203145822625,-0.40314237199609754,-0.3768655169502404,0.11102068974048535,0.7995286055837056,0.49410647292833143,1.1185515706036973,0.9865306447586134,1.1409898888900327,0.9976367977959114,0.0,2.0,1.0,0.1,1.0
1.0131100587623565,1.1841906834530467,0.7273294972418822,0.7024190077125146,0.46197712350394315,0.6578452289746337,-0.5183340425085259,-0.07402830963239204,0.5608056109689752,-0.6408223131624786,-0.48416232430351214,0.0,2.0,1.0,0.1,1.0
0.9786532477901353,0.6850070958749312,0.753009216767653,-0.07053923106124727,-0.30275708285359904,-0.5900905941786794,0.19172952921547426,0.5102222826203558,0.8532393755645168,0.5704128055482846,1.2548726850235705,0.0,2.0,1.0,0.1,1.0
0.5826503540302793,0.4255294696932512,1.4734449052274075,0.6588548039830957,0.6527189030247244,0.8711932895206533,0.8872581204863359,0.7659652594407814,0.9500925094261718,0.2677477886844739,-0.07470782479347263,0.0,2.0,1.0,0.1,1.0
0.16164378256073747,-0.028991459671537823,0.2990469680479424,-0.7543905661188004,-0.5123385560127716,0.9937158011423041,1.260325251060837,0.15553885025635428,0.42911832031264346,-0.0843413124015267,-0.9825839529653497,0.0,2.0,1.0,0.1,1.0
2.890090700370365,3.847247555457974,3.8390262128415387,4.366913253739781,3.4146392711518967,3.4425422943962536,2.8990796126034666,3.100993479657575,2.1988338998212997,1.986941538684706,2.1329522826189447,0.0,2.0,1.0,0.1,1.0
-1.283221965870931,-1.279875773214265,-1.3571436945049593,-1.7436516734034613,-2.0867579091079076,-1.3661896667765852,-0.7996119152036684,-0.33882860874581805,1.1750877867675984,2.0353750192292366,1.1681466509489513,0.0,2.0,1.0,0.1,1.0
-1.9594193510708993,-2.33896680018335,-0.8893739884289962,-1.0996880294623448,-2.191425119290286,-1.9010671442818061,-0.861635353451744,-0.972244855240349,-1.9644893559264733,-1.5360364430283966,-1.7627988222194981,0.0,2.0,1.0,0.1,1.0
0.1737513567803335,-0.5752658906692139,0.02158495360168533,0.29090513992386496,0.131427454028969,0.9224820674666084,0.8492626516317725,1.1857582824328434,1.7066308255137361,2.005386076383603,2.665723327792555,0.0,2.0,1.0,0.1,1.0
-1.4942787268374977,-0.6840763323908299,-0.7506391268780326,-0.5135577690194707,-0.1406907930038988,-0.5975698662857075,-1.4655004744493012,-1.4967032971430363,-0.9625146984601507,-1.7228648697038924,-2.199560232077145,0.0,2.0,1.0,0.1,1.0
0.3732031276235185,1.1892805871537029,1.8672448185347448,1.5127993992474722,2.198608058663921,2.2504659034002867,0.9040954773142944,1.1321343421719803,1.9429203352890458,1.3649049882398805,0.9774554920632537,0.0,2.0,1.0,0.1,1.0
0.3111775697058631,0.9845163196575928,1.2038153897347101,-0.14938973079200157,-0.2827917525059743,-0.6731112576892618,-1.143818319610367,-0.7613997008098764,-0.459283170831834,0.4710866988604265,1.7398274215627776,0.0,2.0,1.0,0.1,1.0
-3.3011981478189285,-3.2405863889678326,-3.530914115432529,-4.423809543559482,-3.5253818287283565,-2.9173478061255658,-2.0647126636305217,-1.2880553433197128,-0.152982536837307,-0.906587981302162,-0.06487578570691477,0.0,2.0,1.0,0.1,1.0
-1.7662943546464023,-1.8142455072443866,-1.4061860603407776,-1.3389357772515662,-1.234464836370923,-0.8882773954740216,-1.4730873385005208,-1.6648237408154727,-2.128955501182424,-1.4358662419611468,-0.02042697702478624,0.0,2.0,1.0,0.1,1.0
-0.28435010427114565,-1.283190111816651,-2.1786336205140215,-2.6804911662229025,-2.2732221458372535,-0.3312225400255553,-0.6235399581574192,-0.2030857701356803,-0.9232791259271336,-0.796837894707175,0.850002576996253,0.0,2.0,1.0,0.1,1.0
-0.9724961623445153,-0.6177784950755087,-0.32715203787704594,-0.5924802201209536,-1.5213419838233362,0.24185650009210757,-0.16061435924193462,-0.6787410366710297,-0.9606339904659749,-1.0549735971001033,-0.7909639339800734,0.0,2.0,1.0,0.1,1.0
-1.055268914859456,-1.250077242107968,-0.29680193734605276,-1.6521884278797299,-2.6264295228375762,-1.7312053343210951,-1.1105361020843476,-2.081655010391708,-1.0067855564569936,-0.7404764929189366,-1.353662727873426,0.0,2.0,1.0,0.1,1.0
-0.032955043666308914,0.47765931356188773,0.09918247556616794,-0.20265131582006324,-0.2994418884662123,-0.8563383640190955,-1.4838235390505563,-2.0281540276140895,-2.2061302402748253,-1.2709462473513424,-1.9780374471683522,0.0,2.0,1.0,0.1,1.0
-1.0059002192563424,-1.2759457635043154,-0.7500406776219312,-0.2936429071470791,-1.1532136054375606,-1.2919329057400772,-1.6908222160710458,-2.7665869970968116,-2.437334982442738,-3.4474635709165664,-3.328081988518962,0.0,2.0,1.0,0.1,1.0
3.749040883265731,3.0924096749223273,3.3462302871349543,1.9919670632851492,3.428973149492317,2.4622999086952806,2.6232594842574404,1.7053792278120763,1.1694064466046545,1.6602954664826126,1.0947210938636702,0.0,2.0,1.0,0.1,1.0
-1.1969374421213128,-0.6201589737351778,-0.015308546090967878,-0.28685356920395516,-0.22772576158869157,0.12826756499956246,-0.30429197347272835,-0.1351977349065122,0.06792114123579504,0.35097505911988436,0.7148515040588322,0.0,2.0,1.0,0.1,1.0
-0.15856740590964918,-0.20578085152802006,-0.7838483480967501,-0.2860955775018071,-0.13477925398789797,-0.1298880148836259,0.3697661352804472,-0.09929909334636416,-0.760699512769305,-0.7692839387768692,0.10391189898924058,0.0,2.0,1.0,0.1,1.0
2.6328919878755284,2.930831029469214,1.715788225982625,1.5860562886832716,2.6484644557825656,1.9011629300724067,1.6657281043461347,1.9188594236874745,1.9440645301709778,0.5527422979183672,0.08469105012780026,0.0,2.0,1.0,0.1,1.0
0.6720703718061075,0.1470162237735232,0.11022324492030935,0.1442285901568957,-0.3061866235674745,-0.32237741841850254,-0.3248583350873878,-0.2865905612294182,-0.31720382803454017,-0.10235443755440202,0.5644599611248684,0.0,2.0,1.0,0.1,1.0
-0.9610431856207967,-0.21958546572256832,0.2415344163713748,-0.2975835606517737,0.053771693714798285,0.14702055326877778,-0.3268734510628345,-1.064701167847356,-1.8610598825522957,-2.061692773362099,-1.9401134418325063,0.0,2.0,1.0,0.1,1.0
0.6962962571337361,-0.29949286594685054,-0.9405859340619771,-1.035310427304667,-0.42616840263190714,-0.22061756393579854,-0.6884597726212689,-1.9228297046227314,-1.5895125981876608,-1.1248006771865673,-1.4390057073005673,0.0,2.0,1.0,0.1,1.0
-0.2592201271426969,0.5601775194377826,0.5657216398849098,0.2189651882458445,-0.16253155591338395,0.08765634558810242,0.8636943497850489,0.932257113075983,1.1837080786402165,0.38843844518415305,0.35135164080247266,0.0,2.0,1.0,0.1,1.0
2.851539815742743,3.6918252285712843,2.065634685664559,1.9813857210895847,1.8573046342563095,1.3672767749463552,1.194360263345585,0.20693928794668892,0.6575730190043834,1.1980923205901592,0.9383310096949643,0.0,2.0,1.0,0.1,1.0
1.1004682888541202,1.2771219846712458,0.7641124746337008,0.002396618572109488,0.3359092359301944,0.011747968904537442,0.2007981314991431,-0.3350518926325984,0.005427799395737676,-0.17929933826254071,-0.8447103500965322,0.0,2.0,1.0,0.1,1.0
-0.996496372425884,-0.7596460478888913,0.31695877245892,0.5206634094461552,1.0917319240271945,0.4053086232418728,0.21435056788734905,-0.16670548678338742,0.0499587718527601,0.07279914277761032,-0.41754236837900105,0.0,2.0,1.0,0.1,1.0
0.24480685381738632,0.6380636160258928,-0.28497063900671926,-0.4577487180297498,0.1296495703181687,0.8623683935246527,0.902402526428363,1.040644159163092,-0.22882778078387467,1.0247270806476274,0.9799601755319874,0.0,2.0,1.0,0.1,1.0
1.7898872764399816,1.3786523343576684,0.9992055414236047,0.9808577710308632,0.6461235269858067,0.20760928945024215,-0.2921381599880921,-0.8846188456188161,0.2273286545640646,1.02697335342529,1.1301952427341884,0.0,2.0,1.0,0.1,1.0
0.12371211288979711,0.11873086723743131,-1.0109597819542326,-0.3915266292615407,0.20902232920015662,1.0371136378823453,1.707327016301083,1.1564626068267108,2.5218590311087943,3.078697362263281,2.715782805864217,0.0,2.0,1.0,0.1,1.0
1.2979032186779424,0.888988046064819,0.5478925429248944,0.3087664501904399,-0.0705775185483059,0.10599647417307095,-0.0960156831229001,-1.503990568447372,-1.0552525999278044,-1.109200999564829,-0.8761350768687874,0.0,2.0,1.0,0.1,1.0
1.3935160329445273,0.5465695241586481,0.9897749800371618,0.6550188225917186,-0.11000379586913978,0.5535253375757266,0.7847794919515692,0.3129153437791398,0.1312727757745782,0.2580983354831029,1.749121336178415,0.0,2.0,1.0,0.1,1.0
-1.4887752128754643,-1.3205769511260137,-1.635989126460036,-2.318757759391243,-2.751422641464943,-2.325558767917818,-2.1468919043702366,-1.3344126210165044,-0.32516565700876743,-0.7892940467632623,0.1200838900013167,0.0,2.0,1.0,0.1,1.0
-0.5655037401839249,-0.3967392280234354,-0.14936851712917823,0.12691681728819187,-0.4789858671445761,-0.1246645320946137,-0.05225531993787273,-0.4812800282568701,-1.525359059877942,-2.1038297623367264,-1.79126630465377,0.0,2.0,1.0,0.1,1.0
2.34162816281983,2.1625894384288875,2.991062521389406,3.5001258819296326,3.0780942471855575,2.419451448544071,2.1306942607034416,2.115339843082329,1.9607431107195068,2.380075648480795,3.3095272077708495,0.0,2.0,1.0,0.1,1.0
-0.5263149129256167,-1.1480655320078506,-1.6180288009557509,-1.3130912414541478,-1.5466331988084354,-2.35952758409224,-1.3794908692705796,-1.0679300047387175,-1.3684542351452167,-1.246958595866947,-1.3307178201966352,0.0,2.0,1.0,0.1,1.0
-0.1793468520133489,-0.7712737239796783,-0.5786821058183145,-0.5082073616951205,-0.34020116686227003,0.0015248772894058127,0.4277533516545763,1.19357641038664,1.2271540867027202,1.887836949880647,1.4819772413507721,0.0,2.0,1.0,0.1,1.0
1.4204720469579128,0.6576893359697117,1.3626387008176493,0.1279897063141331,-0.5235187468595356,-0.5956195225472998,-0.6731028712271988,-1.1312084104122646,-0.9670815009349572,-1.3942253749763713,-1.4274376561242703,0.0,2.0,1.0,0.1,1.0
-0.9882472317126947,-0.6264141558535369,-1.2523986606203061,-0.5676225946817525,0.2358450614242349,0.1455448521430466,0.14260587978095732,-0.2749423511870139,-0.8018818059074599,-0.9183655922241005,-0.9455232702063873,0.0,2.0,1.0,0.1,1.0
-1.7974989989751793,-2.0727200661335354,-1.5936075539853487,-1.3624599454966548,-1.4981594616463136,-2.1153504293178234,-1.2179185090778237,-2.534388263116469,-1.9532743760608895,-1.7937418731094756,-1.9135349602102654,0.0,2.0,1.0,0.1,1.0
1.358388859011954,1.1971661875826491,2.048722937919189,2.296211460442128,1.6267295983317833,1.262081180014371,1.748250359451065,1.6232243770489883,1.8149479248094285,2.070048185968248,1.8552249311197209,0.0,2.0,1.0,0.1,1.0
0.48356887529946135,0.25956239440949136,0.5115168956532558,-0.4044354479933139,-0.5302068040346275,-1.1259623286340559,0.1641389141742291,0.46089439749353833,1.7120154765966964,0.6149834715936208,0.6773410640829872,0.0,2.0,1.0,0.1,1.0
-2.2210660674491627,-2.216782592588168,-2.6525840805553833,-3.005681614515534,-3.446636287275008,-3.8988611352483096,-2.9032673201794394,-2.3513019325430635,-1.5306265390209108,-1.8748296161366358,-0.59013187165549,0.0,2.0,1.0,0.1,1.0
0.312823910967458,0.722034226129443,1.006203711496345,1.3388786037092326,0.6415813288976411,0.0774036364437255,-0.2209434571015206,-0.8569702162084235,-0.7404087535493934,-0.027787955037190004,-0.42606123046052075,0.0,2.0,1.0,0.1,1.0
-2.151402390380328,-1.594754956464383,-2.410013458161585,-3.0716383731402566,-3.534113930968897,-2.5991504039605027,-2.488303499235116,-1.4136589924472038,-1.6584958560553986,-2.112241761936729,-2.0003383203328386,0.0,2.0,1.0,0.1,1.0
0.9240807962409175,1.057975873570385,1.7131753714378921,1.6747529212936303,2.3436698485747907,1.6402002115285073,1.3254472525930636,0.6475066907299158,1.6054599086565855,0.1249558261427206,-0.4597563257470171,0.0,2.0,1.0,0.1,1.0
3.210175342015177,2.8832247970499236,2.143436942768457,2.012152395050944,1.8219596479551714,1.570260379249969,0.8508739734107219,1.1158017973628132,-0.24090190504486086,0.2860878116703048,1.0700503239873211,0.0,2.0,1.0,0.1,1.0
3.3223324504377256,3.095161577742476,3.0571930423757014,3.0888045210561366,4.179541106791933,3.8500036048953605,3.47475446424398,3.45839612550247,2.723960649902008,3.2584688562747752,2.534407096190847,0.0,2.0,1.0,0.1,1.0
3.1110227210661554,1.9906579885862867,1.0927791965587867,0.9672882294947567,0.5507928955946993,0.38842040181558546,0.9359137782134472,-0.8056383524148772,-0.148092700569593,-0.8610965375547017,-0.40590847588450296,0.0,2.0,1.0,0.1,1.0
0.49622525395224154,0.6227458040078031,0.6066836438226654,0.29109939705896865,0.799855670937334,1.1897083960640131,0.9363738738669133,0.8267938348140405,1.0716683958403435,2.0453348877144863,0.9559741269025024,0.0,2.0,1.0,0.1,1.0
0.0749801604742404,-1.410684299400964,-1.1633229085039045,-1.3980170923407576,-1.2103840354813666,-1.3606295390074097,-0.6928953425073096,0.8774075304996981,0.04853630515153429,-0.5764219867937456,-0.8906702814376349,0.0,2.0,1.0,0.1,1.0
-0.906538121413053,-1.501827861686396,-0.48958038375725654,-0.8630888068522107,-1.4883172683173842,-0.9470189380430944,-0.630663881905846,-0.6154204394317517,-0.6267947645885762,-1.1485123171537173,-2.208761608313846,0.0,2.0,1.0,0.1,1.0
0.35318818774994676,0.564683464310628,0.43761278775813206,1.7292820562760873,2.443390085711092,2.020036487759783,2.423253143287261,2.9175689901209703,3.7081076871437553,3.4308516611345876,1.9366761578191323,0.0,2.0,1.0,0.1,1.0
-1.4239527802589287,0.2829526857864746,-0.27552087249432716,-0.16806087378769918,-0.049899083969702274,-1.3024940786462167,-0.2826111267027175,-0.6437781909373526,-1.7858532115366663,-2.2698093661495595,-3.163558090601612,0.0,2.0,1.0,0.1,1.0
-2.8198393870873533,-2.1793253798868846,-1.5974918021604387,-2.3716437971983444,-3.4880887580651097,-2.845646301996655,-2.3467917916586556,-2.4157369578599464,-1.6320189525876732,-0.5878670119355122,-0.7658094310603556,0.0,2.0,1.0,0.1,1.0
-0.10040328751400722,1.2267817831541188,1.9475518225220565,1.5197326215681735,1.7077819333439468,1.203608462050302,0.8056022681275627,-0.6869482106281373,-0.7462887982652537,0.39146230154032247,0.25196920087789154,0.0,2.0,1.0,0.1,1.0
-1.4795008963673055,0.4269226851562353,2.1425871902084452,1.7193450013990854,2.0436776757070683,2.1283785275070204,1.7654928280469746,2.5146756139134285,1.7485141911910518,1.3732953650730562,1.6035969017237428,0.0,2.0,1.0,0.1,1.0
1.6636141469729182,1.0158749980655186,0.2929411084221236,0.46610701510920516,-0.22960883248490294,-0.6043310249325433,-1.0095171684498743,-1.6224938367426067,-1.4790816390181574,-2.4373486533140634,-1.2971724991672682,0.0,2.0,1.0,0.1,1.0
-0.09787250606595209,-0.7157264846141467,-1.0299809839280936,-0.7460559701809404,-0.9483224287767864,-0.7105291563379919,0.5429610214974002,0.22945501584951972,-1.2099049704584417,-1.347204381407939,-0.6471272932352622,0.0,2.0,1.0,0.1,1.0
0.11683823573800635,-0.038417660808761994,0.5265278007702915,0.42184669717173784,0.5102327916058313,1.286649759079955,1.7860723297324723,0.8894194046610122,-0.3245906531350188,-0.5731472598067773,-0.8044024074032383,0.0,2.0,1.0,0.1,1.0
0.3569659782430283,0.6824305300350197,0.45144453488541114,0.22946653867441297,0.42186996841541724,-0.13520957523105992,-0.39994177727977753,0.29657215353730837,1.0799894729157895,1.1155142422538573,0.6650697870281355,0.0,2.0,1.0,0.1,1.0
0.0784770580612319,-0.6828225180657967,0.8455262383138479,1.4495223074105614,1.9477160434681733,1.136759996388165,1.326240135515912,0.05867877644315289,-0.4985377996798921,-0.06344736910688575,-0.598897323207938,0.0,2.0,1.0,0.1,1.0
-0.6095689989650998,0.0052127736980071004,0.14054136167958695,0.1459358873786588,0.18551320546907918,0.4302181948974326,1.0117310063405092,0.9698408974365345,0.6798330329488445,-0.4569266180291096,-0.47613989165343107,0.0,2.0,1.0,0.1,1.0
0.10257938616405482,0.19320923020815584,-0.3985625161717815,0.7925959055663236,1.536738809792701,1.0182254754623117,1.0322430959876545,0.6656763486997997,-0.3095954584944929,-0.2791026589375773,-1.43117945468505,0.0,2.0,1.0,0.1,1.0
-0.4273040852631387,-0.5111400686133121,-0.35416498521248896,-0.1372207569664467,0.10420826430134263,-0.11845444479422904,0.2558057069536083,0.9625328145321821,1.2680898885187124,1.8325655142563262,1.9032118450221625,0.0,2.0,1.0,0.1,1.0
1.7275302763040898,1.4920397379390038,0.5220729912664178,0.8699178580168196,0.07000381181699367,-1.228192817433886,-2.4112605517725645,-3.388293995733959,-2.9194851470887935,-2.7807021690647518,-2.8533368186034735,0.0,2.0,1.0,0.1,1.0
-2.0540770446018235,-2.6875605488789174,-2.739889423598002,-2.327236742363118,-3.5082348996662285,-2.522812776547031,-1.6123487998664943,-1.7518248944565382,-0.6700931209443084,-1.4953037983250863,-1.8794148524160699,0.0,2.0,1.0,0.1,1.0
0.3805916228793177,0.0572593849483376,0.282710891509505,0.4638428721692901,-0.5408158193051348,-0.20322679223898094,0.3190577006727813,0.6959241410522543,-0.31891761660459494,-0.18195436270014217,-0.4993127779252838,0.0,2.0,1.0,0.1,1.0
2.5477985054953103,1.9947212728443482,2.0642137432171985,1.748417730134031,1.9980596178386152,2.577403721298363,2.243555265626348,1.8665212850244577,0.8075362575747972,0.33654847480514605,-0.12881963323380297,0.0,2.0,1.0,0.1,1.0
0.014941732174450913,-0.20632790405673943,-0.07600431875781122,-0.7609122938534474,-0.7512632027847702,-0.3804689248055918,-1.1521470948017214,-0.8827899275085979,-0.6680891977400811,0.059382625968881664,0.5511409215743587,0.0,2.0,1.0,0.1,1.0
1.2159096405339087,0.9333782142913045,0.7993013202874275,1.2443350699249334,0.5930522061438915,0.07060093275804691,0.13784825816558033,0.36341050610212816,0.815770687153681,1.8966467107843241,1.741710721702267,0.0,2.0,1.0,0.1,1.0
1.2732202636507537,1.2874704170665399,0.4424792679483268,1.300852988735436,1.8841218619002307,1.4314869094062725,1.6484298780898583,2.069606996254375,1.6816487335349586,1.0687238393163885,0.6643148464397559,0.0,2.0,1.0,0.1,1.0
-0.9989505881115877,0.3026231777005416,0.11360829361948147,0.3871167099632522,0.574324954109539,0.054296506087788854,1.2435341567679397,0.9851654129978692,1.771688427406164,2.4005314882925886,2.379769743604699,0.0,2.0,1.0,0.1,1.0
-1.151190616566137,-1.311185215471579,-0.865312299291505,-0.6711741696977379,-0.624926284279919,-0.939224473528199,0.6575637233663785,1.6466916420775972,2.0884940441512074,1.9677003689953791,1.676009451233906,0.0,2.0,1.0,0.1,1.0
-1.0282235664525596,-1.9075087427899604,-2.343923418924279,-2.537333233051368,-1.7688843278349018,-1.4886822255241154,-0.5588244548128117,-1.4482114825046672,-0.9017537628130351,-0.14949486300364578,0.3905358956436162,0.0,2.0,1.0,0.1,1.0
2.231581163262205,2.6488370623537345,2.029635539709978,2.1251842563001135,1.5199421049683186,1.3719493975552717,2.5802898156906586,2.84113179638867,2.5157681562022445,1.7874852176148477,2.589501584908731,0.0,2.0,1.0,0.1,1.0
-1.9449404003041935,-1.4752649685041126,-1.4302461630921623,-2.5928529155264064,-2.446973737555135,-1.441055624917381,-0.6238093499961851,-0.3876599744628275,-1.0512508234447644,-1.1538893530197654,-0.4698823972759564,0.0,2.0,1.0,0.1,1.0
1.6091528960500547,1.5692499279861152,1.2196616696979312,1.5842464197348536,0.9386861663157124,1.0652431971243046,-0.34905985541568685,-0.8578236673323023,-2.0085204922515087,-2.144438744023261,-0.536705265912879,0.0,2.0,1.0,0.1,1.0
-2.173428000711425,-1.951792615523357,-1.872024125922706,-2.2284811493381946,-1.467978702087453,-1.359690446821688,-0.1603550698132834,-0.4070000659932481,-0.611389535820502,-0.5599090994718975,-0.03128620592151854,0.0,2.0,1.0,0.1,1.0
-1.8331230396434899,-0.22775706607483404,0.2982859234777221,1.960433656560347,2.9069679004714626,1.3364543282446448,2.0560383389668253,2.623365572067527,2.6877350891924596,2.6143375192332106,1.2522960114143022,0.0,2.0,1.0,0.1,1.0
-0.5091203222180956,-0.6590571066900854,-0.4985856846718577,0.20352944917750188,0.343674602073033,0.4057274857195363,0.37787063139519544,0.7582606869386205,0.47641512542083186,0.20305267175856273,-0.49259562042136484,0.0,2.0,1.0,0.1,1.0
1.967631098857259,2.027948134385715,1.4862886040750125,0.9059538550937443,0.10828906721013543,-0.4954077401517083,-0.888800274243009,-0.2745123824842093,0.19877500785478375,-0.12834695096081025,-0.3437402948259071,0.0,2.0,1.0,0.1,1.0
1.5726670091400339,2.227926695629792,2.0059988342126465,3.159680917182021,2.7199720879490923,3.543166986769493,4.098598969223852,3.5395451908546653,4.496907381026518,4.1106600180352775,4.255042261553194,0.0,2.0,1.0,0.1,1.0
1.6950620010436257,0.5102464226735526,0.5395233683794429,0.6823913602682959,-0.5260303614001043,-0.3919623370010686,-1.2008193835642529,-0.8846500573890885,-0.6894352316598036,0.10990510552913291,1.3958512366514866,0.0,2.0,1.0,0.1,1.0
-1.1221825847800335,-0.29068903550817593,-0.2849007802453941,-0.32181151351546394,0.026238102875105196,-0.4846607201238821,-0.8750766113887742,-0.8942447435957883,-1.3968371037407317,-1.8446490924710623,-1.8546632003220493,0.0,2.0,1.0,0.1,1.0
0.17749114407850208,0.5413002431644015,0.04003003597791727,-0.675918843790715,0.06873917041872135,-0.1937058028889994,-0.06120866494753291,-0.6805680478710033,-1.4798123414765043,-0.2033826890031023,-0.018540290019215422,0.0,2.0,1.0,0.1,1.0
-0.5660389439011814,-0.3070874122949975,0.1875888947111795,-0.9520146326124976,-0.8945803511220749,-1.4799158213462011,-1.574134920191293,-1.0590282126772916,-1.0739014170455052,-1.7513709581809866,-0.7764952135717864,0.0,2.0,1.0,0.1,1.0
-2.651089545500337,-2.0390191475333204,-1.7949790414435125,-0.8429662836660101,-0.9185933835146748,-0.1850497293169565,0.8790384873838228,1.3844542704717027,0.9995804144745312,1.3892262883564495,1.467333648197311,0.0,2.0,1.0,0.1,1.0
0.6235588131752791,-0.1398636195744316,-0.3114665949338007,-0.2977485596781226,-0.10734220694157798,-1.4919816131783379,-0.42383309146274095,-0.027984967996392773,0.6587126323643281,0.6928258586546505,0.2057922195078018,0.0,2.0,1.0,0.1,1.0
-0.28851886450066666,-0.542818392992623,-1.0451808084621335,-1.1805834900621397,-0.4752917547908483,-0.33905947228023975,-0.29740214433005974,0.3071360781051045,-0.26725863737600614,-0.22653314728139207,-0.6822983615364824,0.0,2.0,1.0,0.1,1.0
2.3267535241351207,1.7129688059812669,2.7072937594730053,1.7412893453431022,1.8617791369174996,1.8422558086599043,2.0675784935375505,2.3958988195820554,2.951326076746806,2.0209848060631326,1.6461485201507378,0.0,2.0,1.0,0.1,1.0
-1.0616105671594551,-0.5063045725623279,-1.3068859876667376,-0.13087356545507167,-0.2793587562009764,0.02733569301796379,0.2784084929599135,-0.3217179189348033,0.42031669286742185,1.0840205455525265,1.4017964682878457,0.0,2.0,1.0,0.1,1.0
1.0001160581392796,0.7186570222515722,2.25839787919188,1.795613708686378,1.8533425868868696,0.893569985921,0.948320782431459,1.1400655515575684,1.885496345521533,1.5357909634223204,0.3912063818130158,0.0,2.0,1.0,0.1,1.0
-0.9363125300920343,-0.9932150537372808,-0.5805514771482616,-0.33801073801025705,-0.6592729495222847,-0.7044103169620993,0.17288872234380037,1.3098714487829426,1.241291493025075,1.4403569576721658,1.1589357509905842,0.0,2.0,1.0,0.1,1.0
0.9115030093069333,0.005844055309052187,0.03884488429678883,-0.42560639317999405,-0.20539486353775344,0.27730762447067414,0.141876349915613,-0.7011871619761186,-1.141447680341309,-0.2381000133064306,-0.5684979783068381,0.0,2.0,1.0,0.1,1.0
-1.1135340085002878,-1.14366132726219,-0.13545221616601444,-0.8543582843503258,-1.650432364826852,-1.4875521867708512,-0.9866965035672501,-1.1883794566283272,-0.7218755146861202,-1.0757769668153145,-0.542033209860473,0.0,2.0,1.0,0.1,1.0
0.6076426784017395,-0.018429512064698894,-0.47880279208895843,-0.2509452344912786,-0.021030376450427046,0.12952263441106593,-0.9165484928779773,-0.772846980445424,-0.839738465227638,-0.8498157496634613,-0.7591941100266749,0.0,2.0,1.0,0.1,1.0
0.23047746663876298,0.11589706240102247,0.47077240708393225,-0.22682564418676265,0.06668748457582774,0.6678177958341047,0.5908728222327352,0.6873896285770944,-0.5855012289502558,0.24032707277102094,-0.1591884940846418,0.0,2.0,1.0,0.1,1.0
0.9650199857322683,0.7902446867554529,0.4141638427303079,0.17678881952967476,-0.05496720371801861,0.4471009103197453,-0.22790934908516092,-1.4619362372537192,-1.0395889078787148,-0.9925672825743992,0.13562574509377234,0.0,2.0,1.0,0.1,1.0
-0.9185348572830017,-0.8223723648464366,0.4189645698418807,-0.07332148955130369,-0.4671091342965683,0.023971011930040476,-0.2969416024323757,-0.2656486730859019,0.045883409115558715,-0.4735039976009917,-1.1646853468405147,0.0,2.0,1.0,0.1,1.0
0.32633881480321364,-0.15077081594118796,-0.3764795434449094,0.27995733990131044,0.6897589858768387,0.20065148276340095,0.8471980489638161,0.5301524416057262,-0.06396914346330734,0.7136718049908886,0.4066431382656239,0.0,2.0,1.0,0.1,1.0
-0.8316480463779515,-0.41766183777467925,-1.2085789013774304,-0.7431701476349868,-0.9570164377960841,-0.37425359983522793,-0.07616953305462137,1.026874989217293,0.8215030893955642,1.9577318453784849,2.2993851882203162,0.0,2.0,1.0,0.1,1.0
-0.007425892074533368,0.5083834299696777,1.1724510545995577,1.831140973205276,0.6779436501232126,0.5982859819749385,0.17524617689801647,0.9632192669809287,0.5848164932960065,0.6629701588958657,1.1726744918056924,0.0,2.0,1.0,0.1,1.0
-1.5952488935466547,-1.021898807888592,-1.2349215687349264,-1.8745471401296352,-1.0558879429260588,-0.21762199771331325,0.11038994584482398,-0.06859664848620989,-0.6279862556048826,0.09397629383724782,0.09249724750275864,0.0,2.0,1.0,0.1,1.0
0.9336484481522609,0.6520043535191724,1.0505400557723679,0.8246057985405202,0.806779183453818,2.320839692506884,1.4171072410387202,0.3954412719730822,-0.3272896374631486,-0.9330231115835468,-0.9534156606669579,0.0,2.0,1.0,0.1,1.0
-2.264790447944046,-1.7791519274081073,-1.887473688175595,-2.544580855956793,-1.9379767309101092,-2.113479067701661,-1.900436022728363,-1.4847298585561304,-1.295342020170718,-0.40797763381444796,-0.12443287960279886,0.0,2.0,1.0,0.1,1.0
-1.9145153890194868,-2.1159357493737954,-2.16823976316202,-2.5382139465129026,-1.9068607359498384,-1.8970434668245293,-1.9697002257954628,-1.6434550360529068,-1.421146618969819,-1.0612377589150306,-0.9397666280014872,0.0,2.0,1.0,0.1,1.0
2.8925102536205367,2.436988707020883,2.3510722868725407,2.3015875759373734,0.4898959145885107,-0.69445442740899,-0.5589423262110131,0.7619510447049095,0.4602454179804595,0.128511089174271,1.2428268243570522,0.0,2.0,1.0,0.1,1.0
-2.6962912986542458,-2.2295904604306105,-1.7877478982586683,-1.3503632423702787,-1.6975603187275632,-0.07508960319951008,1.6522599417292132,1.1215754212630415,1.1508685037970328,-0.1117541850624526,0.3050552235915158,0.0,2.0,1.0,0.1,1.0
-1.3046816888989696,-2.4239342127609524,-1.680648624630415,-0.5694086786021136,-0.6081860677108821,-0.9114556489151733,-0.3254570951203456,0.5043497953535998,0.2868598957723416,0.1906770651106896,-0.6675304098622226,0.0,2.0,1.0,0.1,1.0
0.7369048395443115,0.9253881575471212,0.956729670157608,1.735446468568238,1.189849099934925,2.1859056736745224,1.5245291769610416,0.6632574246097341,1.065127626587877,1.5024629731375478,0.876968478232165,0.0,2.0,1.0,0.1,1.0
0.29141277912457575,-0.5039400039477351,-0.22891939621225257,-0.20465807125633326,0.1725172541593225,-0.3716639587980195,-0.15566917161709634,-0.3685229285900592,-0.14484166096773832,-0.7783426325315438,-1.304754605179515,0.0,2.0,1.0,0.1,1.0
0.053027296474066454,-0.8451702186690557,-1.7182607487346166,-1.3377273221354982,-1.3384920330314884,-1.2082624213734239,-0.7455884401446068,-0.5899521147087452,-1.105634484290996,-1.1077095464972906,-0.3438649289046771,0.0,2.0,1.0,0.1,1.0
-0.014739950037660186,-0.6679990973897919,-0.5181009843136449,-0.41111802376160245,-0.44148112057511074,-0.6269697405934734,0.2990806206937825,1.4705162788765942,-0.16847115834348436,-0.059334763351018505,0.4781714016013952,0.0,2.0,1.0,0.1,1.0
1.9315458139135406,2.3041808363761804,1.943701710287506,1.654297911130302,3.109337941465891,3.006594556178225,3.7384170766948515,3.8524756398694757,3.856935056003673,2.546207745783148,2.2735309440893308,0.0,2.0,1.0,0.1,1.0
0.506635142345866,0.7579502388805446,0.6976793121174825,0.20721053671379658,-0.7795835150431971,-1.3243952178702938,-1.9318230887915013,-1.7375006604833798,-2.5366481686562503,-1.9393726946167624,-2.4199359113304486,0.0,2.0,1.0,0.1,1.0
0.05869327780491771,1.098864648095312,1.308243289961367,1.585839688241628,0.880353420646786,0.7498109927501184,1.6350131010812243,1.6956526612823057,1.2723199461790822,0.7277719115860481,0.2202408816947699,0.0,2.0,1.0,0.1,1.0
0.013926475913046894,0.3610023430534179,0.05420909186703582,-0.4638550043907882,0.4394864063494943,-0.07497375961547015,-0.07068110147741817,-0.8377064166460838,-1.5478389582131715,-1.7092930915055886,0.3391286978412362,0.0,2.0,1.0,0.1,1.0
-1.5684100746644782,-0.429987893874735,-1.1430196692337518,-1.8240862938410458,-1.3302498628201793,-0.9034707516628584,-1.994122516894434,-1.5773803031813376,-1.9169141671570116,-1.8933868140610433,-1.6520172202447845,0.0,2.0,1.0,0.1,1.0
-1.4806911275153762,-1.0301840636184227,-0.9613068862907094,-0.9964480488399501,-0.9318432474955204,-0.43675622558283655,-0.5814532492012301,-1.4688590145739646,-0.12943838731230795,0.4310173895201059,0.03629172642468287,0.0,2.0,1.0,0.1,1.0
1.0491028787317012,1.262563254098648,0.727795664780641,0.5264935470619967,2.7879384265424116,1.4913223325805862,0.7287259222918593,1.1175920684478782,0.09356981581849699,0.09207217726646834,-0.3672006570221672,0.0,2.0,1.0,0.1,1.0
2.5429897242546673,1.9873817307482244,2.332016427884536,2.6117021968259704,2.1840432392020173,1.8704383163812208,1.3067524622105817,1.6290316842633192,1.665099714735156,1.4064501188883776,2.347883450020107,0.0,2.0,1.0,0.1,1.0
-2.889348773644017,-2.115006765481225,-1.917130116932302,-2.133170772583015,-2.288257354220258,-1.9675635842463621,-1.3822877331802825,-1.426268892496819,-1.362751919559467,-0.6165298545642309,-0.9846257425501126,0.0,2.0,1.0,0.1,1.0
0.7617112967587373,-0.1549919432355854,-0.5581115184874574,0.2185237048161267,0.2859376421389297,-0.25825727081683886,-0.8048268955038456,-0.6257382534320883,0.8867247035865753,0.19133271288659337,0.058233993528995054,0.0,2.0,1.0,0.1,1.0
-1.0012325056665363,-1.0612084422374957,-0.8932560674258064,-1.4977267786643171,-0.25639083103733906,0.05606148631915908,0.6614052823231773,-0.35965975779052983,1.2558601662705344,1.4791248621272304,1.4463589324194444,0.0,2.0,1.0,0.1,1.0
1.4898529900759911,1.0475976514716687,0.5422406068014287,1.3387870707412777,-0.1689217270000536,-0.3177309441757097,-0.7344274378919431,-0.40358814670756316,0.17931248858700022,0.18748013423195029,0.005455661794095401,0.0,2.0,1.0,0.1,1.0
0.9677868517314032,2.0527907726862504,1.7916067147216919,0.778216972279456,1.6296212395791239,1.1672430063973382,1.3393526827809683,2.065454076747183,1.5004577095245117,1.0215784782762605,1.001166007975467,0.0,2.0,1.0,0.1,1.0
-0.30982763615367126,-0.8467181278865185,-1.5721546645434676,-1.6471421478115393,-1.3373852127536368,-2.4921219137715775,-2.649017899383276,-2.306025037334585,-2.395588005607074,-2.439714960042002,-2.4984820538610037,0.0,2.0,1.0,0.1,1.0
1.4609696453008092,1.8996867667237711,1.6119051223924556,1.8238453052120454,0.9764883417921171,0.5972880801578164,0.94490845947435,1.5907103364767021,1.1064093783470992,0.09831181556914959,-0.9102194334981387,0.0,2.0,1.0,0.1,1.0
1.1097499083174784,1.0027594737534349,0.1040660761627471,0.3689972529489661,0.15312767562654173,-0.8666957393635104,-0.21343338445610094,-0.24718699566576255,-1.55192002901429,-0.6964206086003075,-0.4303310187067149,0.0,2.0,1.0,0.1,1.0
0.3516230340872376,0.019984174773938157,0.10158013845656136,1.0006331162109487,1.0092545079707307,0.9982674036671317,1.3433844075618087,1.197584663552225,1.5024325083819023,1.2758072410738774,0.2819127690591675,0.0,2.0,1.0,0.1,1.0
0.6001012341917887,1.0662176351495427,2.647128916347662,2.7532371381380574,2.285172438832382,1.160475543638356,0.452921911175866,0.2651878929957048,0.493556697628993,1.2334940736634972,2.074874506890061,0.0,2.0,1.0,0.1,1.0
0.6334763073211606,-0.4364627867648734,-1.0141384015722181,-0.7770181076527152,-1.9036904468411349,-0.0613170094262705,0.021253636420256072,-0.6188937970179073,-1.0507176788574843,-1.7601893149884575,-1.568327277093661,0.0,2.0,1.0,0.1,1.0
-3.3764110175653115,-4.282776342379135,-3.9053807540447476,-4.179408694962692,-3.9243353241231174,-4.126880216665304,-4.115990566779212,-3.078997421593879,-2.3757425910580654,-2.1874244334450803,-2.0563774983479117,0.0,2.0,1.0,0.1,1.0
0.32626979804562883,0.2788964187218406,0.09145380527717681,-0.11330550548467422,-0.6016344350428197,-0.18270793697706877,-0.8735746035242951,-1.6922690925577013,-0.6867400312911062,-0.8990330877702675,-1.1352614403891932,0.0,2.0,1.0,0.1,1.0
-1.3601037710041544,-0.6673099290009025,-1.2514380809534706,-1.4001092713057535,-1.4029227438389353,-1.269110440319375,-0.8374436004942007,-0.7019780743635774,-1.1991257750044337,-1.2624740786150452,-0.5478771572413574,0.0,2.0,1.0,0.1,1.0
-0.685513617687246,-0.22528840232271147,-1.2329212129783675,-0.9692220324728854,-1.860306030831284,-0.6921178108657845,-0.7795025058305746,-0.7133810167361203,-1.0076041898194528,-0.7642766740513116,0.06139766348886333,0.0,2.0,1.0,0.1,1.0
-0.7094749779445638,-0.07487275739231947,0.709771730000347,0.3064329718211522,0.621444270509618,1.7956093033208,0.6271481296757598,-0.5794347809190579,-1.4287151494794386,-0.9510462309602747,-1.1556392883247069,0.0,2.0,1.0,0.1,1.0
1.553624565313162,1.3333263032950209,0.5941963488903873,0.5388819360353981,0.5657228301455031,0.09465269439111401,-0.6406467051769241,0.18071652178689612,-0.07700045577814316,-0.7714141802831728,-0.8192805496544928,0.0,2.0,1.0,0.1,1.0
-1.6176180504160331,-0.5778847045369834,-1.648260290077427,-1.88491610393153,-1.9594827219909188,-2.390849706290649,-2.9513082746993775,-1.9523589347542178,-2.1799093578260953,-1.715921053343017,-1.989735223783207,0.0,2.0,1.0,0.1,1.0
1.3380600599202892,1.932321319048992,2.9899213342585336,2.9350736268459228,2.579035465667134,1.1855308077649855,0.4187158064790306,1.379142999904956,3.0869145561231233,2.419773548174137,2.0244375951819085,0.0,2.0,1.0,0.1,1.0
1.4390199097762906,1.4798671440495879,1.2728960973362917,0.7282061779281752,1.0395639487299204,1.5504782883073056,0.9915239178757213,1.361960390432448,0.9043093899641694,-0.007330428615791251,-0.10732881834879217,0.0,2.0,1.0,0.1,1.0
0.9396156309522771,0.9243185938729754,0.3629070223648904,1.5714657396825602,0.6821231262780929,0.9170738723984699,0.4682358311370915,1.0169322094934332,-0.005950483767569792,-0.6334328783052424,-0.44529915472987724,0.0,2.0,1.0,0.1,1.0
-3.1909921377740367,-3.175436121136217,-2.8293115468173466,-2.666366515008802,-1.9236739235117428,-1.1486118290716285,-1.1957248772693283,-1.3600450482051882,-1.2668131204812463,-1.357744298140653,-0.9638769595366854,0.0,2.0,1.0,0.1,1.0
-0.6082385524014354,0.09075433825138124,-0.30316536186808996,0.11814476446776245,0.7573060282894782,1.4757068128378847,0.945007616825219,0.5752332030231606,-0.026348580150642453,-0.4883608086015589,-0.04949924990048721,0.0,2.0,1.0,0.1,1.0
1.6552974939560838,3.057827298302012,3.1943712192696934,3.439123041933744,3.877114554249904,2.8751733685053438,2.20806559204601,1.5080243367180564,1.4934578281664606,1.5490034866545852,0.7420244420729527,0.0,2.0,1.0,0.1,1.0
-0.49068048184310387,0.6996627842744805,1.0617426787017135,0.4970782529930394,0.43680665710079897,0.9043376103821181,1.5740822850707334,1.6227941594291966,1.7070441691661686,2.782864750428944,2.749462491147537,0.0,2.0,1.0,0.1,1.0
-0.7011900187262431,-1.1066942530931414,-0.6864270673957507,-1.8260571831854637,-1.9764030426664276,-1.0920883736920226,-2.761094386095925,-2.3290042782930627,-1.5160114953956758,-0.2230277415850348,-0.3339635703790832,0.0,2.0,1.0,0.1,1.0
-2.428110970883148,-1.0218036937318882,-1.329784280409179,-1.006581074359342,-1.0394900485436023,-1.7704154754521912,-1.1368461695765644,-1.4417481613652012,-1.0934391733114195,-0.7252525145374458,-0.9779522725916312,0.0,2.0,1.0,0.1,1.0
-0.11108332844334197,0.8150071400650593,0.43611554385737605,-0.3128016871059548,-1.589105545066492,-1.4837439520495659,-0.8257210057802177,-0.5699942942453892,0.1808347523958489,0.6692543899695712,1.1952898080486964,0.0,2.0,1.0,0.1,1.0
0.4618445085213604,-0.08768949032445372,-1.0050063297224383,-1.0064455585058147,-1.0317633253359246,-0.4046708557058931,-2.0336441989944216,-2.1569940214456205,-1.904314228177573,-2.107023363499307,-2.868768326620536,0.0,2.0,1.0,0.1,1.0
0.15809958317966608,0.1544018743328036,0.8985598492919022,2.292300009181278,1.570550280898801,1.641520917462875,2.219884245433983,3.1831240107153125,2.4550719716033185,1.888783423461938,2.1341298009119303,0.0,2.0,1.0,0.1,1.0
1.57781075672696,1.6186789995419204,2.0706841789028667,1.6803552684659349,1.1597633735139474,0.7405285512985886,1.3120797084713325,1.3965000517977868,0.5610243559513699,-0.0323810789983775,0.36526780915120255,0.0,2.0,1.0,0.1,1.0
0.9272211364473749,0.5417114386672757,1.680450414558693,2.0424883092719384,2.14250649914611,3.23073393162782,2.7487010742580558,1.7892831875895594,1.5929376402587012,1.6668319783166377,2.0848328165079595,0.0,2.0,1.0,0.1,1.0
-0.5250176706715703,-0.350900823537059,0.5249336380624731,0.6902273699119957,0.2113864065165298,0.2895462516327171,-0.1574756416594697,0.10652544018062021,0.5659660594771411,0.8135560684370027,1.1212227202684817,0.0,2.0,1.0,0.1,1.0
-1.2932528141814184,-2.0014202635287726,-1.5315471528395614,-1.3279187713246314,-0.8938398292376668,-1.0040460603104837,-1.6258399930299334,-1.8838962999592654,-1.8435444549827091,-1.0315447807378684,-0.14375270767683435,0.0,2.0,1.0,0.1,1.0
1.3727512476704686,1.250644934795351,0.44416058772377953,1.2069437963711898,1.386392127252337,1.6255226099588018,0.7921865688951801,1.6089619787161016,1.37153215833289,1.1984463515551356,1.6198289827125962,0.0,2.0,1.0,0.1,1.0
0.04101848858883203,-0.923938043137955,-1.0663363806021455,-1.105623168022654,-1.0721890763473092,-0.6670160650789447,-0.23238077563996856,0.2821288658699838,-0.22528387436248076,-0.21054005177002194,-0.3636131648115093,0.0,2.0,1.0,0.1,1.0
1.2712099910423826,0.9973589081281957,0.9765837848945487,0.25669834839398,-0.27726359135526435,-0.4232648822044629,-1.2005424937440639,-0.6547655762411156,-0.08356814610605812,0.4554891654711929,-0.06223912894951045,0.0,2.0,1.0,0.1,1.0
-0.27973566040771175,-1.1001902045573015,-1.3227115066471478,-1.5424126578719664,-0.3848067713061918,-0.11139649350985203,-0.2245449874162274,0.9635816372559292,1.5505676549592002,-0.1532279072407845,0.24182037966034575,0.0,2.0,1.0,0.1,1.0
-1.3026770602899094,-1.8597848855277177,-1.1499765076981832,-1.2096878773440505,-2.4110127566555555,-2.1620619392624167,-2.0826641204171117,-2.3525751815103946,-2.017444128804463,-1.9252103092550363,-1.6847593837513946,0.0,2.0,1.0,0.1,1.0
-4.790484634179582,-5.26172218969014,-3.592088428139296,-3.355961286314847,-2.44672421906455,-1.8943207158193005,-1.61450047272024,-1.3360591872035827,-1.3354668427044882,-1.114521267810376,-0.928662644126816,0.0,2.0,1.0,0.1,1.0
-0.42446023278457534,-2.120693967187458,-1.5360925874902354,-2.1517063672483037,-2.638856849337241,-2.7351196950378007,-2.80635670683756,-2.620121795962319,-2.708581459322987,-2.964914184589447,-2.1846041031267522,0.0,2.0,1.0,0.1,1.0
-0.3347776972111331,0.3767846740194587,0.6907351932009005,0.6267841930168473,0.616956651831314,0.12250453497147001,-0.3469512903069763,-0.5926547891984786,-0.11424764683278088,0.00018686479543038315,-0.33674786865889644,0.0,2.0,1.0,0.1,1.0
0.06558228333492079,0.2905582127912806,0.5457914375771038,1.162495681547,-0.40467234687014364,-0.6217835956454207,-0.9985865244591677,-0.8757818170356755,-1.497237365000875,-2.923805085440285,-2.9760439459883603,0.0,2.0,1.0,0.1,1.0
-1.4826733095680529,-1.4990852910627965,-3.8047116346320617,-3.000652100895846,-3.906045562957563,-3.434006388286863,-3.8160467354244556,-2.8477591292959206,-3.876472385373053,-3.4012191265535217,-2.1456681488387668,0.0,2.0,1.0,0.1,1.0
-1.1883293670095136,-1.644384074418731,-1.0867094259021486,-0.7737833249920696,-0.6810209218279825,-0.5942210067221261,-2.1454117837252697,-2.7937252799419716,-1.821155025612725,-0.9390341611574404,-0.28271463466226565,0.0,2.0,1.0,0.1,1.0
0.39992007879172453,0.19289369079045834,0.26823873760782646,1.387287716864909,2.3590108770882052,1.4405173599537084,1.5376611205629,1.6271399311521848,0.9195069814302429,0.617707083830846,0.6352055788538813,0.0,2.0,1.0,0.1,1.0
0.30836679277553747,0.19189088043714472,-0.3016318463741288,0.514669330409908,1.0037116863004871,0.5192442427283439,0.7320118205960311,-0.01787110388054891,0.26174652059875597,0.2908503698158732,0.6108756206964026,0.0,2.0,1.0,0.1,1.0
-0.642738969393372,-1.0016909040887718,-1.2207783363136109,-0.9378704766344802,-0.7169776024476102,-0.35620324915084306,0.29941090987692665,0.4974941622203759,0.6649303081055262,1.2959574602220918,1.2300913405395966,0.0,2.0,1.0,0.1,1.0
0.030409088198560204,-0.040638823402785074,0.26582132317246343,-0.9920994406878328,-1.6573681736139987,-1.5082549909156504,-1.6265543477342916,-1.5008361214111128,-1.6081884015623653,-0.7450924359763884,-0.9042380424470355,0.0,2.0,1.0,0.1,1.0
-0.7153073780322564,0.17548423380213274,0.6795163781442974,1.1461639683458844,1.4978556805306034,0.9646579075538212,0.7135961933291562,0.38785874157416605,0.5204983542014326,0.009334236889871006,0.3275762827769883,0.0,2.0,1.0,0.1,1.0
-1.8970350210877083,-1.160550302448589,-1.8525652020984724,-2.5718980181867916,-1.3676605080736617,-1.6332249414620164,-2.096204625270563,-1.774963426893789,-2.0397669191248986,-1.756113929133153,-1.6861629590450073,0.0,2.0,1.0,0.1,1.0
-0.5285320719206206,-1.4881826657870294,-2.479295487354083,-1.8854742064108698,-2.482690898498044,-2.521434807349473,-1.5026546806583911,-1.8187992215460513,-2.163328882419485,-2.501926241770346,-2.806705981898045,0.0,2.0,1.0,0.1,1.0
0.4828822076343148,0.5297751980704537,0.919735621405616,1.8877809547654985,1.5697583661783112,1.38473664821864,1.6342213758102813,1.8963668202942496,1.9432197588255795,1.4178201098969674,-0.031517221040437526,0.0,2.0,1.0,0.1,1.0
0.032848487015323384,-0.3581385889964326,0.23949797495053882,1.1177323326859732,0.5664689585287159,0.11094708006191562,0.19252467614933766,-0.5560843522473686,-0.29943241752335814,-0.5656720988480558,-0.3112358988912237,0.0,2.0,1.0,0.1,1.0
1.414864967619741,1.3453339753223243,2.4687656070174544,2.4533082843267353,1.3056945083888623,-0.3044962933598385,0.6143041668450219,0.6921018904374582,0.6885925554105065,1.3263027371218643,0.6595996519427162,0.0,2.0,1.0,0.1,1.0
-0.32919872247712023,-0.47687319081104074,-0.14613756719489707,-0.30070510192286803,-0.05635381722213939,0.00549692364471531,0.8179352013476139,1.0700350281212914,1.5752044297787813,0.9928899227061885,1.0435172416796072,0.0,2.0,1.0,0.1,1.0
-1.4520590077788487,-1.799518726402921,-2.3434199974618886,-1.3810337658275968,-1.1280319844945752,-1.0126699935757042,-0.037454712646808996,0.503220697549522,-0.17715086176143202,-0.22557447662267321,0.1096156973561789,0.0,2.0,1.0,0.1,1.0
0.22062743098505663,-0.7138282919916814,-0.16159650544003196,-0.44290675346692066,-0.11272400255862502,1.0445222639396927,1.6712806913846683,2.5037954518817678,2.901334844923433,1.4692060390034691,0.7538577959452771,0.0,2.0,1.0,0.1,1.0
-0.46756128592751606,0.32156285619615654,1.5592124473369482,0.5319690354652334,1.0384931696617825,0.7404030582473149,-0.16544985103966858,-1.8152670892570453,-0.9978352738808817,-1.8235998189193876,-1.8928671247529085,0.0,2.0,1.0,0.1,1.0
0.11664995836944013,0.09496194397455966,-0.6413747968647016,0.4342144011779756,-0.13457865422035276,-1.2654170638163875,-1.7530201104921994,-1.0355029049894848,-0.9765911020325364,-0.5054018702816827,0.18877191274181698,0.0,2.0,1.0,0.1,1.0
1.744206840734236,1.8544346534979665,1.7592938670044163,2.934156894879079,2.8709919061085567,2.2649816862165135,1.8645717087049936,0.8198073751088555,2.967781021019151,2.613535979694527,1.6295595102901697,0.0,2.0,1.0,0.1,1.0
0.061509412156027614,0.5460374625461104,-0.5395688770190995,-0.05664773132635409,-0.23109347518262868,-1.2231902521799674,-1.188840194382009,-1.2279561255139984,-1.2351104248487235,-0.48159688021759095,-0.29995020337127515,0.0,2.0,1.0,0.1,1.0
-1.8245285148666566,-0.453771516685493,0.31222980398766875,-0.6855448875854997,-0.5857120893038065,-0.7707207205967125,-0.9770255572777256,-1.4775717306881713,-0.7367973490813423,0.05713463276052155,-0.07599714035179583,0.0,2.0,1.0,0.1,1.0
1.71958067946743,1.8345360748113235,2.568203524175943,2.8103605133311285,2.600017718584765,2.043203744437803,1.5992136923614542,1.3880246901974658,0.7587136371159122,0.735405353886043,0.5941907792199136,0.0,2.0,1.0,0.1,1.0
2.0278563719451506,2.9698883398194993,2.7020112947840143,2.5505197579387615,2.093626379925864,2.8441757399954053,4.009862428446608,4.251469124619461,3.8774766820217614,3.7547367803378746,3.3779268078408533,0.0,2.0,1.0,0.1,1.0
-1.1573067154122643,-0.3391020788445094,-1.2032213639897489,-0.5583417328702229,-0.6419374825658206,-0.013603087633368705,-1.4998517914187963,-1.734836186404892,-1.5854444930150715,-2.0725345934364974,-1.4117050555294255,0.0,2.0,1.0,0.1,1.0
1.6484928056645873,1.5286329386674582,0.811273253962088,1.1567373063885074,0.832566203035574,0.64601877308873,0.7287279055549626,1.1250340745642187,0.4290433493949525,1.337994437917595,0.759697498087208,0.0,2.0,1.0,0.1,1.0
1.930873765018493,1.519787848872702,1.3344306694465273,1.4520126498053443,1.878805464796292,1.387710647757722,0.6355120061197453,0.8611228364796527,1.3151678999895937,1.3984641956748722,1.216956979801734,0.0,2.0,1.0,0.1,1.0
-0.13577893956356613,0.07363219076232114,-0.7395755020031272,-1.0014741244174936,0.06427621321332655,1.5398885211417617,1.602020287691918,1.4749769191934696,3.0030069359874876,2.6702484761105514,2.758153977074806,0.0,2.0,1.0,0.1,1.0
3.28269952333463,3.4509734429101147,3.208162525290176,2.1903293847429977,1.9583808909642895,1.6582677692343168,1.5179206739622575,0.9650024565231125,0.9490920938808528,0.0797055220233941,0.33248112004780783,0.0,2.0,1.0,0.1,1.0
1.7225999634808655,1.4942535428019894,3.0346961342954764,3.2685900978050846,2.7676389244150488,3.3549024464965607,2.053770502828234,2.1801431761307097,2.12933781842535,2.6449725048546937,3.2921323128019506,0.0,2.0,1.0,0.1,1.0
-1.3358681916885031,-1.283507169892956,-0.7503613578647866,-0.2628160625377057,-0.3794716068671234,-0.3387814283432589,-1.0096825660760036,-0.009840057182414541,-0.6968036579760502,-1.1855147201892797,-1.423896533901135,0.0,2.0,1.0,0.1,1.0
1.792572820117185,1.9497522017830062,1.9054395229880863,1.1684339655239802,1.549746706101949,2.8365777155476515,3.2431242923992203,1.7986533461062415,0.7765558644432234,0.954192567277963,0.9691813382910198,0.0,2.0,1.0,0.1,1.0
0.6158134885664516,0.7242932025052775,1.031409883537012,0.47830545282503734,1.999223275610158,2.830712730662471,2.143964732339235,2.528913652930903,1.9209326022711588,1.795820306346457,1.138068303796306,0.0,2.0,1.0,0.1,1.0
1.326616819414244,1.3213774015217619,1.1636237597977512,1.1664643509529629,0.16218206346571085,0.6975775015034107,0.14715223900419805,1.0252631518135176,0.8944238570871728,1.2323672434900064,1.1765960233656312,0.0,2.0,1.0,0.1,1.0
