time_point_1,time_point_2,time_point_3,time_point_4,time_point_5,time_point_6,time_point_7,time_point_8,time_point_9,time_point_10,time_point_11,mu,sigma,theta,dt,T
2.324056273039177,2.3480381572339417,2.038880380967565,2.0483517863533276,0.9394831339353293,1.3682649450718345,2.0249896101168305,2.1602563971965494,2.297037288432164,1.0692958022052905,1.2382275062087034,1.0,2.0,1.0,0.1,1.0
-1.3123670758025783,-0.8478786055528857,-0.6481231004414242,0.19083192006308147,1.8841475548498732,2.3490570418663217,2.1400874083896797,0.36620226432488767,1.4032385539244072,1.469158553055436,2.8831304985573496,1.0,2.0,1.0,0.1,1.0
-0.7011817846085225,-1.05188782063491,-1.3852351640961387,-1.4151137815248667,-1.8179096206992258,-1.6999324740473154,-0.8886532153145063,0.08328978754332095,0.43983962173133545,0.3109091814037063,-0.6609394170906276,1.0,2.0,1.0,0.1,1.0
0.5594736506742377,0.6607964873260224,0.44218886267731083,0.13540772636282722,0.38537257149503423,0.5563388764466888,1.3941209614684675,1.622069472596194,1.4625514911572948,1.2220155243097504,1.2308221106677215,1.0,2.0,1.0,0.1,1.0
0.786166717543613,2.0298578200941,1.7641441349394305,1.6916424572623927,1.6788748768901833,1.44022811956317,1.4181437105953458,0.8856209886223195,0.357387075988698,0.5648829042933452,0.6527033024950241,1.0,2.0,1.0,0.1,1.0
0.08215386342104446,0.4533666253207495,0.2110548129377796,1.2336764035286683,1.1537928603655492,1.7707598854237974,1.0539868321786838,1.1187217840738541,0.9427523350672969,0.6916348143291507,0.7243077152950911,1.0,2.0,1.0,0.1,1.0
4.7230810760245285,3.850124235714273,3.4930777837554072,2.7569421028112675,3.3664540784441788,4.539011526868259,3.5337090375169726,3.388675559775227,2.2125146587275886,2.63894852607194,2.8429330964148507,1.0,2.0,1.0,0.1,1.0
1.7482182095697143,1.131386241558915,0.41709322727273757,0.5314423371257215,0.4048193854150852,0.730672324164195,0.5427164576162807,0.616891974711532,1.6393057972029825,1.1865566439079052,1.1351530759846815,1.0,2.0,1.0,0.1,1.0
0.12056729323256904,0.015710223632070863,-0.333903702596851,-0.539993687873509,0.07346097060969475,-0.09976234211916746,0.4327911734932596,0.15384267661234297,0.8155669107930484,0.9360827906444862,0.27083247272581323,1.0,2.0,1.0,0.1,1.0
0.7951772041198828,1.6284495996395978,2.237558152751597,2.396792697816554,2.0544211582190246,2.9300142066622143,2.400233144378844,1.5160057992323006,1.1410400620827525,2.989689266558435,2.4169676456181968,1.0,2.0,1.0,0.1,1.0
2.2928186383624922,2.014023241169993,1.4728530279057717,2.329557334551213,2.3067791040533225,3.3604440769186024,3.3156158236903264,3.3294637108923095,3.606418257893333,3.370739815320061,2.031402783225472,1.0,2.0,1.0,0.1,1.0
1.5537979789819665,1.0776064967365901,0.3977977723730729,-0.08431442769973635,-0.2476242181747243,0.4280002359056864,0.19520505463815208,0.4555400706906024,1.4142403031152335,0.9523390304277761,1.6842976267019116,1.0,2.0,1.0,0.1,1.0
-0.4675285452664952,0.10071697871765833,-0.7228995652007356,-2.4350483478429874,-2.8873373437075713,-2.673358250839402,-2.666150655383716,-2.644229453768951,-3.273144722803341,-3.28189303259835,-2.6375289573522553,1.0,2.0,1.0,0.1,1.0
4.529331498936012,4.664595353871538,3.460824879200007,2.532050489370577,2.5890714874442837,2.9395315459278826,3.285979322719235,2.513524718952748,2.665736848020694,2.824739884272967,2.6359323350476105,1.0,2.0,1.0,0.1,1.0
2.851951241073731,1.921521070581042,2.5769964015835845,1.947888591686304,1.693578609880884,0.8173619943503831,1.4293180343333636,1.5091338918332573,1.5339392386156534,1.474603504991416,0.5893424013470858,1.0,2.0,1.0,0.1,1.0
4.407326960568981,4.01229526287783,3.9166289430287313,3.7251836039584614,4.01115685785693,3.6257430702915445,2.5357253617055173,3.053638632539087,3.7328687522281436,3.552020225278462,3.54783928962461,1.0,2.0,1.0,0.1,1.0
1.3275099498624836,1.971862110166669,1.0980858022341289,1.6423979344843556,1.4361082302515216,1.3373506736636913,1.9458106847078858,1.7960524054638227,2.591111235603295,3.685334052928294,4.1706442488875,1.0,2.0,1.0,0.1,1.0
1.044509406081283,0.7919226986839896,0.3926458152900041,-0.03694557671767418,-0.31373514850874984,-0.3171055541125967,-0.8062094204772575,-1.5676421248563428,-0.9980949775866277,-0.6274877637145053,-1.5671828527584455,1.0,2.0,1.0,0.1,1.0
4.276624887806677,4.447391180041066,4.530868707253782,4.719347375053416,3.831326993499103,4.291160231221879,3.497947968584852,4.028951916879061,3.1516688376079665,1.9244720497568293,2.290736221138301,1.0,2.0,1.0,0.1,1.0
0.0689433333959845,-0.4773506712327938,-0.5546680392642823,-0.33103778992938754,-1.1080273851195988,-0.1296919920014058,0.32693373588231317,0.6263644903071591,1.2233996497496675,0.49510629660821104,0.6060564666322118,1.0,2.0,1.0,0.1,1.0
0.961964249323905,0.9366012421548454,1.4184016463121913,2.477783221350909,1.913481856861662,2.562191582368149,2.089292447095191,1.308314225842519,1.1642877797026165,1.4296061535308682,1.1814578780498153,1.0,2.0,1.0,0.1,1.0
0.6263659662741944,1.0989198516067564,1.7469446689938015,1.7703711364091637,1.6817258666007997,1.814002044807831,1.6331157382873556,2.340814692245348,2.065670379044949,2.544709655851821,2.179406719280086,1.0,2.0,1.0,0.1,1.0
1.9175362203113226,0.8803275488372713,1.4472528253491124,2.091399858290353,1.9919803908656362,3.2490118504186984,2.8098028444173977,3.5992632379269995,2.7535484916567174,4.46122963161889,4.6940500270172265,1.0,2.0,1.0,0.1,1.0
1.7243053311011243,1.2584842289977431,1.9671904892441412,1.3040914930256386,1.8390127899298099,0.6661501526223241,0.13665323003301844,0.14267683856146696,-0.3705926102406894,-1.6600070211124656,-0.2991779904285128,1.0,2.0,1.0,0.1,1.0
1.6550689891747525,2.1014601811297293,1.7705632452400335,0.3217192090320551,1.0981390838746488,1.4125499899359664,1.7734764629618236,1.1894677777309681,0.48358221271625623,0.8287399234418109,0.23529709158601986,1.0,2.0,1.0,0.1,1.0
-1.3877327950306961,-1.2847894775878885,-0.1987201798402216,-0.3351108671399565,0.3494705576920998,0.1868080375758832,1.019442194650712,1.0327178824740617,0.1047630117911027,-0.04103142527518816,0.9138904079061649,1.0,2.0,1.0,0.1,1.0
3.6058646697300603,3.231621751310425,3.4242464238550903,3.478809923605326,2.4087286183219865,2.1260323499662706,2.2394060818479944,2.8147855853720314,3.200304508191848,2.7825634768564123,2.0058017296188426,1.0,2.0,1.0,0.1,1.0
2.230591407459457,1.8337105158361777,1.5807674090635118,1.8906390898492325,2.4294810619689806,1.7761230075141081,1.5760347634667047,1.8859992375721508,1.3479926072993957,0.8997236286120862,1.1678244902972637,1.0,2.0,1.0,0.1,1.0
2.355371533536194,2.3252067133153758,1.8821775853766753,2.2742295833331867,3.939402804037158,2.5121387253667478,2.220178073787814,3.7951299649101333,3.48255203017228,2.9909533400859774,2.1225621625850644,1.0,2.0,1.0,0.1,1.0
2.228312371407482,1.4557355393411644,1.234581639067838,1.9009301472082698,1.387988355137506,1.8261814897847417,1.6111621851276725,2.3730356757423126,3.348589247787684,3.2783305837890633,4.885850368902182,1.0,2.0,1.0,0.1,1.0
1.2306944036093603,1.886813557409629,2.333465641561942,3.3711131227421403,2.2983208471834176,1.8532289835008027,0.9871567295883243,-0.10835867850234848,0.8807995039122316,0.8963531802914964,1.2159909187237867,1.0,2.0,1.0,0.1,1.0
0.9035606551153598,1.5732041363742937,1.6612908093799361,1.0871265731239568,1.5896882007235245,1.1182825911066203,0.2613651822583163,1.362700811734208,2.016606071389269,1.441350880823288,0.9131889816716898,1.0,2.0,1.0,0.1,1.0
3.0064160805954088,2.9477746942809726,1.8550886348812672,1.887479498498627,1.4948518235797492,0.6278060136743425,-0.9428743235344438,-0.6107877754285302,0.25465643221158185,0.29600772721198243,-0.6048046414970583,1.0,2.0,1.0,0.1,1.0
0.6146255012521894,0.5078156259860722,1.218870111478165,0.633063287134811,1.7384029336545754,2.0681450688107006,3.5261265252628577,3.8415924609998386,3.1292437711279923,2.5159802750356817,2.8843556449818113,1.0,2.0,1.0,0.1,1.0
1.6420047034739234,1.4298174576904756,1.4179474473267346,2.1251181396406755,2.332456117033091,2.319514659832069,2.303294453306805,2.760830927513828,2.2428819863442047,1.6514875204103483,0.984821979202043,1.0,2.0,1.0,0.1,1.0
1.5138669557878575,1.5143675692857939,1.5597647581274414,0.7719882180962234,1.1248627380241643,0.612271166716741,0.254999756048578,0.2558330196867725,0.19613881253385287,0.6683044009787495,2.055027841368932,1.0,2.0,1.0,0.1,1.0
0.5161886805842906,0.057554931061969405,0.1705817184249249,0.1610474212861766,0.112464205090646,0.5112594031452493,-0.04482972799704976,-0.41582984567070547,-0.25167849667489645,0.1671942751174876,0.012559017988773985,1.0,2.0,1.0,0.1,1.0
1.0287501224484845,1.1000877764448111,0.72581782980105,1.3024740151576308,2.034588234656525,2.2048359875343713,2.8204966256122552,2.9866364989481466,1.549752562595488,2.1926561043761676,1.9521937974284134,1.0,2.0,1.0,0.1,1.0
2.8461996431385757,2.1633346618255285,2.914263738960705,2.101580438127973,2.3091870244720956,2.553149880446536,2.504056238999954,2.0212040947597694,2.366347772579856,2.47451202558695,1.1991374532368193,1.0,2.0,1.0,0.1,1.0
2.09916149556044,1.9605929160268132,1.922602366902049,3.002796045548716,2.723597258296673,2.5769521945527556,2.8392929869254013,2.3324821058650382,1.98006560389651,2.1451829619585197,0.7370903146163255,1.0,2.0,1.0,0.1,1.0
-2.1281014755689034,-1.897664061713095,-0.625598857181581,-0.003692135086685311,0.6967051100457835,1.500751228562236,-0.28808228332368824,-0.5302249154771408,-1.2435505134745783,-0.3251020447077142,-0.5285122672357814,1.0,2.0,1.0,0.1,1.0
1.1098437884676393,-0.664511888033235,-0.9100340410730308,-0.4228035116643196,-1.1866047757379923,-1.7426909234534291,-1.5460230075243342,-1.458947137881568,-0.834937401958602,-0.13475501029169856,-0.38456823135453266,1.0,2.0,1.0,0.1,1.0
1.040530933175965,1.064195667553872,1.2265681622118858,1.3103370102043033,0.25209045756547455,-0.1898416453571305,-0.8358290578538893,0.1823729168187206,-0.7929159482349741,-0.14402130124465212,-0.2726770721983426,1.0,2.0,1.0,0.1,1.0
-0.3601677989685927,0.14542208863740896,-0.312731801616567,0.12260530514532755,0.9307344531000687,0.683896718453104,0.2960528453802061,-0.42793597407177514,0.2918869060257405,0.3061801665851536,-0.724253888126884,1.0,2.0,1.0,0.1,1.0
1.0655081017963886,1.1533193497001109,-0.4753284123201662,1.0477348449250679,0.32866252911028226,0.7455043795476863,1.0978030967524068,1.2741763674016524,1.3511579452401454,0.8096904130675654,-0.2326201469114233,1.0,2.0,1.0,0.1,1.0
-1.2583237401630325,-0.10376733060710364,1.032726635112401,2.3391828156878716,2.461594324421241,0.9623311080740651,1.1340307603181412,1.2718006608677688,1.3015076337603486,1.3829267022001135,1.4816705033317301,1.0,2.0,1.0,0.1,1.0
2.2761210965478518,2.476553007775964,1.892441109624715,2.1376766058475627,3.2489173168668275,3.2834501878579894,3.518741480616333,4.565864530760416,2.9616030263171567,2.8705015069839384,1.723275596978601,1.0,2.0,1.0,0.1,1.0
0.9905205411278976,1.7925933485058507,1.6924612463758368,0.6038040653891663,-0.37728717771411036,-0.8193145367099315,-0.6550720275371974,-0.17659127514070422,0.5403050797779547,0.625344841078292,-0.2503899254137587,1.0,2.0,1.0,0.1,1.0
1.430330850254926,1.2738333286522683,0.741970405185767,0.4386716596090405,0.25300690943022053,-0.10639621530473942,-0.8423584782952451,-1.2336835005444846,0.0034396593180594515,0.22252314007708504,0.8130526000375082,1.0,2.0,1.0,0.1,1.0
0.4240276876548066,0.1239948696467213,-0.42214337301557464,-0.895115997974156,-0.9594127344825759,-0.609177840457885,-0.5472503084870545,-0.6138726703242238,-1.0124483456915505,-0.9049853407947885,-1.2392524748281541,1.0,2.0,1.0,0.1,1.0
1.3078825429918592,0.1286496648101123,0.2044500629876429,0.9132852983829844,1.629904856268754,1.2027673501121585,0.19348289820308495,-0.38472485979730664,-0.8620487940908057,-0.9290334825895679,-0.0903427245112266,1.0,2.0,1.0,0.1,1.0
0.4301389522896001,0.839745626144965,0.9798788237157372,2.076222434859616,2.452485375834674,3.355859658438919,2.231208900538075,2.2661966416748416,2.325260572879492,1.4849417873825166,0.7722843295378419,1.0,2.0,1.0,0.1,1.0
0.9517183816511866,2.120225271393511,1.929295438502734,2.4012985600826715,1.98403119899553,1.1559284077602718,1.6681595084254064,1.939952624798472,2.793666335828787,2.771846791090752,1.1007410031786482,1.0,2.0,1.0,0.1,1.0
0.35208662828680004,0.004797459557681127,-0.4897785098192098,0.37294602039828495,0.6769774605574617,1.202289837454072,1.319943022515865,1.4203648029901705,0.7414092327117275,1.041993339310884,1.052205053232985,1.0,2.0,1.0,0.1,1.0
2.722685202046448,2.291387266737784,2.1957711655472143,1.7254907135852127,1.2275439650999096,2.3413339642973434,1.5412996628568465,1.9466113496959891,0.25373736907304556,-0.7453130138835966,-0.6966579002274862,1.0,2.0,1.0,0.1,1.0
0.6704228807959334,1.160006084380381,0.5594295246252505,0.5650654771752514,0.32874777531439453,1.279142225973217,1.664529078427657,1.8647293425714961,1.7217457357141013,1.6188554747090533,1.7105525313676815,1.0,2.0,1.0,0.1,1.0
-2.0433811303752565,-0.8829872622650128,-0.8456292412086213,-0.18328570519364784,0.8383260672941164,0.7254623464360626,0.53052608118038,0.8124280458460582,1.4879839163137576,1.994446954474216,2.51322646087063,1.0,2.0,1.0,0.1,1.0
1.2016557157036118,1.3679918741149701,0.44357042509258093,0.9498263277274537,-0.09577261680080618,0.596338186978908,0.24499490271705593,1.1257017352462477,1.732203610014825,2.6459148799629864,1.2549575604229264,1.0,2.0,1.0,0.1,1.0
1.9299138019019675,1.2473300015381994,1.6750745620469083,0.8303888307224929,1.1467623018634554,0.8281510100159726,1.1995138569995696,-0.14499408319848017,-0.8237431358205755,-0.16900784258933038,0.43094665242595576,1.0,2.0,1.0,0.1,1.0
1.7461091555112138,1.4429073432971524,1.9790865431345932,1.472932068856286,0.6469740494951657,1.1044136636849824,2.036646855942175,2.2142179294075226,2.1160514503905783,2.033445599236692,1.7226749230119227,1.0,2.0,1.0,0.1,1.0
-0.03449230416621885,0.03449469740494306,1.0489251357785703,1.4675163990793778,1.013169304319698,1.2394466465343505,0.9714923653143912,1.3680142752243791,2.696939527269785,3.5389469859525455,2.982302396299437,1.0,2.0,1.0,0.1,1.0
3.7683147956368286,3.5616534810833267,3.6079463104873994,3.614580267831291,4.217222146025154,3.920001836914068,4.7778266589670615,3.6102458883514643,3.481043965573892,2.6140900439437478,2.185358953370082,1.0,2.0,1.0,0.1,1.0
-0.39511682765970957,-0.2551193642721638,0.2760130190283294,0.07739997593853698,0.41723500786188006,0.2769089767372339,0.4674044787590225,0.46326039692545934,0.7418906892329196,1.3812810037405205,2.483672980729296,1.0,2.0,1.0,0.1,1.0
-1.2083409321278615,-1.5109929711431178,-0.8039759496861192,0.3015015919899342,-0.15215801629197928,0.11745665183493857,-0.07362402056302192,-0.3727108021416063,-0.16297253571307435,0.14279929450946618,1.0055335477862264,1.0,2.0,1.0,0.1,1.0
1.6292532177883716,0.48967266088047423,-0.25475747416745254,-0.07298919154811548,0.2872018606008469,-0.3004271899284244,-1.1224355509131057,-0.8139822569261728,-0.3167162839916403,0.13623334540947077,1.21679216792173,1.0,2.0,1.0,0.1,1.0
-1.7089141389079479,-0.7234987003520137,0.18003823058793933,0.012207244733638128,0.12349562815454299,0.3152449908642745,0.6038563594783258,0.9430595345411301,0.6984619419360232,1.1943258561946717,0.4811398673052073,1.0,2.0,1.0,0.1,1.0
-0.9395736656673588,-0.7267854737570465,-0.4620360215603519,-0.019033526095179498,1.4161813651191633,1.9768615636386873,2.6156967571305443,2.150736747487243,1.523351178855869,1.0845021049018255,-0.16233691206020073,1.0,2.0,1.0,0.1,1.0
1.2927048553848939,0.7999563252300007,0.41014985284465894,0.9238571500946289,0.520401783752747,2.135994357561653,3.1855467221669898,2.2885945102797587,1.835958032354924,0.3484819293423198,0.3415495639788487,1.0,2.0,1.0,0.1,1.0
3.4116922555901823,2.83718759563481,2.084559221183307,1.5126317054986629,1.3234922224175094,0.5077209030111696,0.39877832392445467,-0.023839129365333778,-0.7058501810438798,-0.7273461172657216,-0.946510945405348,1.0,2.0,1.0,0.1,1.0
0.21159456727046402,0.07820640231792261,-0.18699918908557298,-0.5672151038814847,-0.6335906426593848,0.7020867057009972,-0.3848667133339586,-0.9005670040259285,-0.7592513365269548,-0.5558393231283346,0.3479874667712029,1.0,2.0,1.0,0.1,1.0
1.211818393860605,1.566294713928964,1.4584543674210184,0.9295710326227643,1.8288740606228082,1.2048734074629446,0.6244730410238848,1.1557165967310548,1.476300441139042,0.7035175321232371,1.2991113817816777,1.0,2.0,1.0,0.1,1.0
-0.19610120418528584,-0.007497137152050096,0.07692000921961903,0.20164790344880573,-0.19023539784548904,0.05288676449899865,-0.22473267616687015,0.04394636273015817,-0.7181694591320913,-0.6086791284043132,0.9243993176946104,1.0,2.0,1.0,0.1,1.0
0.8778212315250088,1.5613612154060594,1.5980779228453166,0.5227184716680562,0.6300970536605609,0.08323318609998642,1.048185511307696,0.9090257257628491,2.6693372125275596,2.6000180268660755,2.2683622120536553,1.0,2.0,1.0,0.1,1.0
2.7153507760429942,1.7751879096349314,1.224464316293153,0.8140185806692062,0.8187317553055504,0.5737471382495721,-0.6527383473976112,-0.678562201992693,-0.7552124371719603,-0.7402430829923403,0.5951813030697537,1.0,2.0,1.0,0.1,1.0
0.7327914770359724,1.4796170605121624,2.604495559375457,2.794815509420578,2.639655957725938,2.9104592649190946,3.0617289316778886,2.828022671819943,3.2651462442333052,2.2780693319903915,1.455986471569768,1.0,2.0,1.0,0.1,1.0
1.0068391748844556,1.698004015390488,1.2686260093796642,0.9905157256632289,0.9517701584096725,2.036338821931024,1.510714178160414,2.3038375993314104,3.065505278865837,3.0320349714947046,2.387220842611124,1.0,2.0,1.0,0.1,1.0
-2.165423329153596,-1.9621948500420605,-1.752035778894465,-1.2128334524306013,-0.2851925544808166,-0.21668532594426548,-0.8190230311711089,-1.4527873332325842,-1.0364936155191098,-0.8680800029899365,-0.30528484349776913,1.0,2.0,1.0,0.1,1.0
-1.1959293312855679,-0.5891401370968363,-0.9861135219723215,-1.5991245525982272,-0.8527244845097136,-1.1786000044635907,-1.621046505545411,-2.6047745514622243,-2.031855149919792,-1.2192318285480983,-0.026758974153175186,1.0,2.0,1.0,0.1,1.0
1.6370655814468749,2.045938251594299,2.0555284783148515,0.8329936884456366,1.5765027317829254,2.024040934055704,2.3565518215415047,2.6209756325237956,1.9699764164197657,0.644888764061252,1.557325064429909,1.0,2.0,1.0,0.1,1.0
1.6785014299291796,0.6516116627284296,1.1418567513011038,0.6803913687614802,2.532988014406537,2.494069672969297,2.4004883044529595,2.669971707364638,2.5933136866186777,1.8770962871307986,2.2463867678664045,1.0,2.0,1.0,0.1,1.0
0.04644238653347198,0.438685817243386,0.4763795087147455,0.24522227982918393,0.7117108529912004,0.18626973068355002,1.386579517620122,-0.33452533522935246,0.754558792430997,1.0384598838230088,-0.17929132041478169,1.0,2.0,1.0,0.1,1.0
2.252318737485447,2.962110357033164,2.150175864041427,1.9524166480590175,1.2353166992647902,1.4319315370679009,0.49910974793605445,0.8503407588214673,1.1096358808552402,0.626365676838055,0.23740946367231186,1.0,2.0,1.0,0.1,1.0
0.31521929401156046,-0.26497560721047214,0.7041521309822735,0.07518448493936492,0.4421130598693865,0.44413971904305144,-0.6162999908745331,-0.6714992162610849,-1.3304207870620615,-0.6683503709959911,0.17360232691471422,1.0,2.0,1.0,0.1,1.0
1.131694662850398,0.055699822871696725,0.2450623635532098,-0.5189132194980649,-0.9738772979107294,-0.6080788208759664,0.8323917359558877,1.4121150808325356,1.297149490776778,1.1703667990151074,1.0035867690513534,1.0,2.0,1.0,0.1,1.0
1.149206293051215,1.7400612892371994,1.2640653075904347,1.3419438233871894,1.5755273912491845,1.9031690004156383,2.2760461951190254,2.6710899078852615,2.557144879785236,1.5856757649569708,1.4314645679520495,1.0,2.0,1.0,0.1,1.0
-1.7852194533266512,-0.4143231732001251,-0.7439167281985928,-0.4198633803487004,0.2706339902184135,1.1572112005558317,0.6677977382579865,0.7722780436626628,1.141086680786065,0.6068780602621016,0.8785842857604074,1.0,2.0,1.0,0.1,1.0
2.745973943077309,3.1484081564033186,2.958418637748245,3.6855321863579493,3.643493074529901,3.7580223919211346,2.886098061658337,2.730699657608445,1.698643507638442,0.8349876206094432,0.5742800746669936,1.0,2.0,1.0,0.1,1.0
0.35802372575217867,0.7487836813501283,0.5663051386118979,1.2584202418933605,0.32345771387957767,0.30576900638934584,-0.2887956286127358,0.010961537248109693,0.45122699971101526,0.3344373965215209,0.5820029186000137,1.0,2.0,1.0,0.1,1.0
3.7653745695907253,4.006802362130373,4.3919738062161,4.299185379821143,2.859517067073824,2.340457529311515,2.314478676678941,1.9084973289308786,1.5565635839697203,2.4142962020670327,1.7877129880483966,1.0,2.0,1.0,0.1,1.0
4.411878239266427,4.112375148493273,2.965816408358426,2.3744802599981285,0.8854199768345807,1.2614826671982053,1.2806575720265907,1.0413292035442427,1.59477718571776,1.0446581321598924,0.6485563524964331,1.0,2.0,1.0,0.1,1.0
1.180772963606528,0.7899243272662146,0.49280942687757145,1.074445791403679,0.7218136269678757,0.8736343680306091,1.0223269801801267,1.1605445338597886,1.5317087486005903,1.728342405180892,1.291112730021273,1.0,2.0,1.0,0.1,1.0
1.1459976078332752,2.237292425208193,1.3818573598923583,1.3446503490728678,2.080850734546927,1.9081493896756054,1.4922436511041208,0.5567940993087199,0.3390614565499099,0.051433992454826216,-0.5257141447030171,1.0,2.0,1.0,0.1,1.0
1.711480567439952,1.6146652516783178,0.9167732993001672,1.0371139482435072,-0.18245704708896038,-0.20999306892276742,0.5369490585777168,0.32558055195722907,0.14644632423790604,0.9193038944791294,1.1145317081004091,1.0,2.0,1.0,0.1,1.0
2.2602865557235963,1.5406712195900671,1.575639796970323,1.663764182788146,1.4094265009661981,1.2087625705092708,1.378463973612343,0.7435004681287847,1.067372547137075,1.535363097682604,2.0498991849633974,1.0,2.0,1.0,0.1,1.0
-0.6206700114584592,-0.16664447004913674,-0.941168291397162,-0.3721871799459727,-1.9174968566679098,-1.9136168586722786,-0.786936055102155,0.40138026403864024,1.0359252108055352,1.4869350742857188,1.2232802086264487,1.0,2.0,1.0,0.1,1.0
-0.7124810555990737,-1.1950607633333483,-1.692771234513487,-2.2825681265177784,-1.0432637465815626,-1.1727732449056405,-0.5391995290875788,0.26347081530444816,0.6729954244700449,0.6783216961209236,0.07099146025027803,1.0,2.0,1.0,0.1,1.0
2.7161607625577844,2.3549309525847884,1.4623643439804241,1.4167118460681223,1.2184418437383497,1.7048289573254083,2.5824337917767064,2.6446865144489102,2.990911404106333,2.768116391406575,2.9189220216575977,1.0,2.0,1.0,0.1,1.0
0.18470591691502825,0.2551177985191119,0.8651821631720893,0.06600447757517258,0.18157333080837249,-0.2560783204577878,0.5767894196896004,0.607640094110204,0.4002118640702127,0.02244023093405223,-0.6024964634030676,1.0,2.0,1.0,0.1,1.0
-1.2187697154907595,-1.6441038736987739,-2.444669314646072,-1.6844476297240139,-1.4836844298063194,-2.6092679579708715,-2.293048348849079,-1.3042125583793172,0.1780162280645643,0.8076560490275575,0.29727935796996774,1.0,2.0,1.0,0.1,1.0
0.7674431368871101,0.3198714663745773,1.516360349726801,1.5431977304143791,0.6297987997867628,0.35435437685141746,0.6206037092056989,0.6039741032658369,0.816346378184143,1.9941737433680573,2.192255561542427,1.0,2.0,1.0,0.1,1.0
-1.030487618221224,-0.83539983700307,-0.4473524255576665,-0.8272486306596037,-0.784074085634092,-1.1789033575715604,-1.2783195902138185,-1.0808412163237344,-0.3910854059942546,-1.0042213398617639,0.05795597353144688,1.0,2.0,1.0,0.1,1.0
2.606067174242671,2.7061854036256463,3.2547776516675166,2.948471294489756,2.8148877144128983,3.7515602373351955,2.540073864708789,2.8515804754732312,2.586466453167929,2.279050844517638,2.338176312718507,1.0,2.0,1.0,0.1,1.0
1.4990562641464846,0.8564068794081113,0.8857205793352143,0.505665966066701,-0.0507731583088985,0.6813932810641057,0.22524515335201534,0.25852059818301243,-0.41512968196960753,-0.22571706813509096,0.26998540111293584,1.0,2.0,1.0,0.1,1.0
1.6594643342213051,0.649214786848236,0.26493104657356964,-0.5861540147426306,-0.09821533603771065,0.2487429910216128,0.9926991403210399,0.6892774572818815,0.447168522044912,-0.24340067636985985,0.41023683339853867,1.0,2.0,1.0,0.1,1.0
1.032586044095591,2.3235891801081046,2.174744750217495,2.9973213543970147,2.4900434110746987,3.183263426609434,3.002802790349174,2.545932123206706,2.008453516985063,2.052683096609977,-0.010848944219487011,1.0,2.0,1.0,0.1,1.0
0.0881452467135391,-0.8467587228991498,-0.48162279515972894,0.12451200933930517,0.3499142070085146,0.7789781342146882,1.389877568810591,2.921895835114988,3.3568400348610132,3.410333703152966,3.6048474063145006,1.0,2.0,1.0,0.1,1.0
2.4656110357676804,3.863766078234554,3.3534725571486925,2.1296591321872818,2.301949853158993,1.5162858209775625,2.5949390477630674,3.16338303252755,3.179054694566177,3.653770983888889,3.9828580580935675,1.0,2.0,1.0,0.1,1.0
-0.23040701403601221,-0.8081573931547203,-2.196773690407367,-1.876329501607928,-1.5032061069443732,-1.1110746102849014,-1.6522980698018146,-1.697509686426744,-1.3192080880490162,-1.939061351620984,-1.046640733406869,1.0,2.0,1.0,0.1,1.0
1.4927946322936938,1.0924284312167918,0.20158631297439222,0.6189647012157464,0.42614930215113944,-0.13179180166878807,1.0018459913783575,0.9649795193383682,1.8997955512797229,1.5144836296440831,1.9633256079969614,1.0,2.0,1.0,0.1,1.0
-1.0485659102328575,-0.16007409456357247,0.3891552591713205,0.8789979870449711,-0.1863357563917225,-0.3554404553989236,0.021584631514479563,0.29161920014861115,-0.464993776392775,-0.11498684760434377,0.663919175774599,1.0,2.0,1.0,0.1,1.0
0.6738175714798337,1.435223830554143,2.089722317498257,1.5347169286081275,2.3919018202180493,1.2431251937868566,1.2945020589565939,0.7006420600295075,1.2436082292780173,2.139626857566958,1.0696873129050157,1.0,2.0,1.0,0.1,1.0
-0.13468654875942232,0.06027204750662804,0.5607712579946402,0.42682149121630075,0.07007392676515645,-0.7167621953810995,0.36487862032682516,0.1945091086020851,0.43879732504851016,1.1816175209640007,1.8552517779615871,1.0,2.0,1.0,0.1,1.0
0.1669660625186355,1.5226086122502955,1.144169430824581,1.5563708327451908,1.5653647419730004,1.1895996334777355,2.1588454277144473,2.0940786336797075,1.5938428005922272,1.2596133237182787,1.5022598367719415,1.0,2.0,1.0,0.1,1.0
-0.233796455518955,1.5350888130277596,2.459883654918881,1.8861079663158462,2.693478293313765,1.4559205989931387,1.1194926124849025,1.2978756392652526,1.0990763878405432,-0.2603745050269499,-0.0757403098097473,1.0,2.0,1.0,0.1,1.0
2.116962350017522,1.0269484989365423,0.546664089952897,0.9525130275568925,1.7769494704857327,2.740731364811273,2.4639280635634826,1.9141289472064313,1.3684551337471342,2.1555682627471935,2.825697618515394,1.0,2.0,1.0,0.1,1.0
-0.5636435898500348,-0.5020295000730188,-2.1507093664734493,-2.937163544735731,-2.6877980930541896,-1.985336537158815,-2.0500821922094223,-0.7284781881791031,-0.4211694785772642,0.9323209092766892,0.760008434912939,1.0,2.0,1.0,0.1,1.0
-1.5080840555638113,-1.2674031411378124,-1.0346736987432583,-0.8708557330010654,-0.7197548859317233,-0.7689500045822225,-0.2055298850336318,0.5581891902079885,0.7157382517799955,1.599165412994985,1.4318160249154668,1.0,2.0,1.0,0.1,1.0
1.0904499587849117,0.7200107895394721,0.6574168404513437,-0.17297779222953114,0.5285033663976803,1.184068275670624,0.05925740347798403,0.7644117232013908,0.8269288282115566,0.43357684454087514,1.269128334793379,1.0,2.0,1.0,0.1,1.0
-0.6252445004874054,-0.650278350085236,-0.4993463348086717,-0.6698637185857726,0.386927033034727,0.39420889932521996,0.1319925496060374,1.2987211052916534,0.826746175355419,-0.05354513743400113,-0.18967399441262608,1.0,2.0,1.0,0.1,1.0
2.345564961769919,2.3364113855472435,3.5116285134432106,2.6477824661320035,2.0347891136614633,1.8101646900952666,1.8317896550062076,1.2236695926165622,-0.12792632730520537,0.2552457754223757,0.624270349590738,1.0,2.0,1.0,0.1,1.0
2.7435461368798717,2.231814425164443,2.301103098770117,2.7239177031059736,1.8605545226660563,1.8574359246990837,2.85866270756938,2.6579107346098647,1.9390263681060471,1.1554430066245138,1.0209723577367873,1.0,2.0,1.0,0.1,1.0
3.1180681382633537,3.0501477963790817,3.1695100611839604,4.1419402523443996,3.9016984988795085,3.5531805305236874,2.4774214305505318,1.606783000546086,0.5992058052787685,1.2838914165056818,1.638690721134172,1.0,2.0,1.0,0.1,1.0
0.4034366930908138,0.1889740677573571,-0.5160803737479276,-0.6193240110026128,0.5764958261934418,1.3532962243611235,1.5572131527105801,1.6831953699767963,0.43224920495006836,0.7716112451969235,0.4625032124954596,1.0,2.0,1.0,0.1,1.0
0.9367669151507072,0.6494864314611852,0.7017170132061511,1.556606304426897,1.657645983279893,2.2554158159255233,1.8329984978804665,2.1602589871085884,1.0916970151660828,0.7711052056027123,1.270384883444033,1.0,2.0,1.0,0.1,1.0
4.335201654118805,3.2749323368000414,3.542814318948479,3.3690693512098386,3.7912637935284828,4.035358732010249,4.690898662945454,3.9558143757464426,3.8229890795219794,4.057482621004934,3.432132570644225,1.0,2.0,1.0,0.1,1.0
0.5914634172106963,-0.1395041452973339,-0.18284882299503608,-0.4234032870829392,-0.3793475057642436,-0.17969486339028964,0.8397071202212929,1.7636149710860785,0.29352303942224767,1.0858256684289898,0.8857236731268212,1.0,2.0,1.0,0.1,1.0
2.0348132831866246,1.3669974428066156,2.2370060344555043,1.7058640824757276,1.3883813594899141,-0.21552838136375785,-0.5900119530420269,-0.4290768256207699,1.6356744348856593,2.4126263533955234,3.228424222815257,1.0,2.0,1.0,0.1,1.0
-0.7225960099965741,-1.2299245400720618,-1.307279429453617,-0.3762687450917871,-0.24096591149769567,1.0474520899953035,0.8667596038938413,0.9507894762822778,0.8418017833590963,0.8539598224563086,2.189179634639698,1.0,2.0,1.0,0.1,1.0
-0.5709540343367223,-0.8369411068654211,-2.0898285957051614,-0.9267749879123822,-0.7636333821580541,-1.026308700263237,-0.5915209049228483,-0.37615546269899625,0.37498832985543,0.2723075029651814,1.1994371060558267,1.0,2.0,1.0,0.1,1.0
0.36250235941649495,0.7311861519447336,-0.08906598403000898,-0.269255620423714,0.326947745457565,0.6194982693714539,0.6445054505392703,1.386043089753482,2.8812941785611295,3.015955169239221,3.6031421524184606,1.0,2.0,1.0,0.1,1.0
0.5361980544143361,-0.9203392418843704,-1.5677669549941593,-2.097899489453309,-0.6854187926098265,-0.7720975193343791,-0.6072994898213783,-1.6489388926420867,-1.1617579330260044,-0.7919407935033853,-0.7171075957953212,1.0,2.0,1.0,0.1,1.0
2.425466489512894,2.6663086731254655,2.6246165085789572,2.150647152737625,1.6413540804075173,2.5598147039676236,1.9286895763093124,2.167060215078947,1.1788836324998653,2.40220689454016,2.7823782015002143,1.0,2.0,1.0,0.1,1.0
1.0721477519341323,0.9676713054030214,0.5405751178197067,1.061507850151173,2.565397350839212,2.984540032057004,3.031042437573727,2.265408394131594,1.5262740076380892,1.3410886400737434,1.4271288984576125,1.0,2.0,1.0,0.1,1.0
1.5627832098389405,1.573176514697636,0.7653759826349787,1.1235677135486033,1.808024728927672,1.0394159032988337,0.8443440389509892,-0.1795573026485412,-0.6519482529256415,-1.407368302480402,-1.0134768548925235,1.0,2.0,1.0,0.1,1.0
0.7239377583651316,1.7083050375816997,1.9368452789308666,1.7098120057389607,3.079730054646785,2.9951216793599085,3.5455527597779173,3.5271526248777607,4.364183802299593,3.9766893932467773,3.066791895014842,1.0,2.0,1.0,0.1,1.0
0.013152547292176039,-1.8789627067172825,-1.8093637898197052,-1.8325976475372414,-2.4189086403636884,-1.1860414243612365,-1.4406975100069546,-0.8927282026146327,-0.11159882278238642,-0.6861907799532603,-0.9045531476025996,1.0,2.0,1.0,0.1,1.0
-2.686321921442215,-2.019705010292477,-1.390403675518988,-0.5019524177696569,0.385799362564439,0.5374375451311946,-1.2151675906996138,-1.1332303290039214,-0.5036127180502147,-0.49504603020325566,0.047517201024811495,1.0,2.0,1.0,0.1,1.0
1.4544515360927548,0.8691246561917749,-0.39190277050301203,-0.567516982875013,-0.5662694113349626,-0.572366498712911,-0.7859768038800501,-0.9628820626795457,-0.43461697484232126,-0.41351643534723864,-0.04357311133804226,1.0,2.0,1.0,0.1,1.0
-0.18578109543836344,0.1814101802637048,-0.2744936978443294,0.1429508727492044,-0.06303837720915353,1.379483426535204,1.421421995693969,1.9521999614663725,1.569346807253056,3.9933516598851204,3.0225542524540328,1.0,2.0,1.0,0.1,1.0
-0.01575497345756364,0.456742811347073,1.0396550585507367,1.0893189064229267,1.021675027920224,1.1534038607868387,0.4425429950719941,0.6000263049503717,-0.38910344930877727,0.3710828908388256,-0.2183840775579814,1.0,2.0,1.0,0.1,1.0
-1.2381865870859101,-1.1749695141697298,-1.5175780680155921,-1.3384209079165132,-1.3241435167075088,-1.4029578969203864,-0.4273278564856662,-0.29716611423706285,0.21344501640320634,-0.44585926756975497,0.37846888327314143,1.0,2.0,1.0,0.1,1.0
2.1373508791269242,1.4829459007394403,1.0072540629903675,-0.2484825861104285,0.13720762755293908,-0.6425931370712663,0.29724747385674555,0.7035081988045444,2.147232071279114,2.483213889013358,3.026547962115341,1.0,2.0,1.0,0.1,1.0
0.6376082451342248,1.1071549744434237,1.81262088596616,2.259573531271534,2.3171916305033244,2.2544975910105958,2.368634786570089,2.4061855555157434,2.7889293463940645,2.3006613200190245,2.7503948566321834,1.0,2.0,1.0,0.1,1.0
1.4437953521003002,2.0208240726847397,2.390625255670995,2.669631124073846,2.6166469317407004,3.2222750593837874,3.1190779965952395,2.7642513823814157,2.7112174840280936,2.6176876053083133,2.8776504732452786,1.0,2.0,1.0,0.1,1.0
-0.428374600092783,-0.6414097039437743,-0.4589624070598654,-1.0436240738182017,-1.3471239902120145,-2.1360820886642617,0.11463089553085459,1.1000424230499881,-0.04878640741204188,0.3567833900698129,1.2562553087020822,1.0,2.0,1.0,0.1,1.0
1.6310382781643298,1.1620908126186507,1.0810696731939484,0.3910552157576196,1.6631797127097532,1.2603127432844516,1.951666197438377,0.25198544902401276,-1.656377347113215,-1.366145025736837,-1.0300817689068646,1.0,2.0,1.0,0.1,1.0
2.8110042301289333,2.2642067098718375,2.3139154328427423,3.044704862758479,1.833874306771334,1.6512139232747403,1.5469880742562099,0.7521020600713727,1.5318751101565555,1.2851733181030047,1.4517683916472102,1.0,2.0,1.0,0.1,1.0
5.090110456020295,4.632867996897019,3.808169173392802,3.9077536635298187,4.574632404156416,3.968218876717181,3.742506558912615,3.5405315324017,3.5382125137590688,3.0897283167462297,2.5314619690183813,1.0,2.0,1.0,0.1,1.0
0.04330036370610104,0.10191901592538713,1.397284813880434,1.5954974763818823,1.4979974117858796,0.5291321577958596,1.671943243880727,2.49198304157459,0.15724674198143518,0.8526343151777175,0.5783229601762327,1.0,2.0,1.0,0.1,1.0
1.1142875802162255,0.1635417956867362,0.4204399719808511,0.28150045481770736,0.13335595961488947,-0.08722472786018146,-0.6899071275180563,-0.9177653071053646,-1.7840423513065828,-1.0156519583162158,-0.8876217816563265,1.0,2.0,1.0,0.1,1.0
-0.052099615891725376,-0.14751775242308257,-0.39853188544488105,-0.9401072261857976,-0.9676608650277648,-1.664582138200521,-1.468454224911512,-1.297016261279807,-0.6678990401824264,-1.3743731162029766,-1.2761916392364814,1.0,2.0,1.0,0.1,1.0
2.7331117766090784,2.469752273381051,2.691433481246692,1.7435604185963214,1.6979238749719352,2.0357049934559126,2.480211795607233,1.5376495966603443,0.7787686687941634,0.22101262796543486,0.38713992118077856,1.0,2.0,1.0,0.1,1.0
2.3006655943434233,2.532388962857065,1.9289790094859725,1.212913731670263,0.8372117473545613,1.0840268113882638,1.326512832186896,1.090891003910251,0.27308177344699924,0.6220585585985987,0.5926508315069139,1.0,2.0,1.0,0.1,1.0
2.477673765887866,2.195259186681221,2.821574776929255,3.4166379996463396,3.6035103130612907,3.7371062818055103,2.827070254190482,1.1313580741894191,1.199452198921589,1.504275047703045,1.3979853339049775,1.0,2.0,1.0,0.1,1.0
2.57732626332103,2.096443508832315,2.3041102929595145,2.319896845216271,2.7854950424051985,1.009022512313985,1.4246345933919504,0.8451324997284478,1.7027821738233917,0.9897206388349074,1.9327340058786322,1.0,2.0,1.0,0.1,1.0
2.9281180145114214,2.680573320364138,2.395675499032041,1.3583255976799262,1.7121256236050637,2.5624117612893453,2.6980356212506247,0.9321662657155501,2.1213248464408787,1.0808084784910106,1.7406144771527217,1.0,2.0,1.0,0.1,1.0
-0.03729969593966417,0.16082187216277882,-0.6100600485152472,-0.6845398924700714,-0.970063933587294,-1.1443404311313228,-0.4498502812362183,-1.0786013621286066,-1.757864443615829,-2.466246301268411,-2.772567082283776,1.0,2.0,1.0,0.1,1.0
0.8984413195324025,0.24200978552233554,1.3173320530020052,1.6144856714227613,1.2305845883894277,0.8023910608757923,-0.5986609135975165,-0.10569142629396994,-0.1314933900309748,-0.2213169191435017,0.06382443130045015,1.0,2.0,1.0,0.1,1.0
0.08198348215434174,0.5298073991533037,-0.16415484584448625,-0.2366661830661789,-0.9235041002240775,-0.7192023645105496,-0.22658369311247667,-0.030112922115368784,-0.14086570615681826,0.24695065934758642,0.5324405321769697,1.0,2.0,1.0,0.1,1.0
-1.0260632049971399,-0.005771118279256582,-0.11505364688838624,0.7200826511482394,1.7071474367367998,2.3861837729907585,1.1708005511820245,0.8689489864487114,1.0534336703041236,1.7691274016167848,2.100765680131464,1.0,2.0,1.0,0.1,1.0
-0.01926215744028766,-0.7533103567288276,-0.3808207493115631,0.3176162646829253,1.2691162049535056,3.0317757482746597,1.8390325167565822,1.98793699661704,2.1989655631768628,1.6550251703012253,0.912116229172252,1.0,2.0,1.0,0.1,1.0
1.5327300543913374,0.8936386906214093,0.8227208644525003,-0.01974855553684185,-0.5317780807708195,-0.7343870298875623,-1.7693288223606058,-0.331020544381623,-1.0714460705393778,0.18405513392448936,0.20305813266878747,1.0,2.0,1.0,0.1,1.0
-1.886009418416362,-1.455179084397919,-1.0609645324675459,-0.8064306316877118,-0.718051406738692,-0.5114017070484449,-0.28949805572425197,0.4359772149342754,-0.25639947958069786,-0.7340686012298988,-1.742828148741296,1.0,2.0,1.0,0.1,1.0
-1.2326958665412124,0.6316200732816997,-0.21102077995200919,-0.6014775367435428,-1.591295570901491,-1.8570785549126185,-1.953084803840675,-2.2711918956881965,-2.489066880783569,-1.6201571664205563,-1.2536399317161842,1.0,2.0,1.0,0.1,1.0
0.7570695299927088,0.05519717629336629,0.9969362296783533,0.8686484173531928,1.2411545127785968,0.4592384058214346,1.756130794367672,1.6009308423684945,0.21042875008330375,0.9194357474115011,0.7791891819367924,1.0,2.0,1.0,0.1,1.0
3.4547499540661764,3.7571274209663774,3.2565885025674715,2.9940808571583837,3.7826837665498343,2.7840903955706335,2.603452598301453,3.254571642632505,2.608342492201683,2.8214162586366083,1.9254670425322469,1.0,2.0,1.0,0.1,1.0
1.474551622239514,0.9009779664971714,0.7904593155990208,0.11627605850419631,1.0188537620235518,1.088351119148532,0.27117899639398035,0.14802742224079504,0.6634490900063535,0.7809644743228672,1.280458314022245,1.0,2.0,1.0,0.1,1.0
0.6529877721659604,1.372995741064377,0.4079501018289178,0.38890136470732445,0.6286942111298213,0.38699130562684037,-0.7087156372749154,-0.7279653806715949,-0.04836128865297662,-0.8785120460196046,-1.026817345338277,1.0,2.0,1.0,0.1,1.0
1.83833684414435,0.6334577423101828,0.8417095642265853,1.2973839614028577,2.372205716618124,2.692269340097749,2.2731276034425356,2.278959800982813,2.0544794336386323,2.478132869693324,1.2017241396079705,1.0,2.0,1.0,0.1,1.0
0.5985351516042889,0.1969026855146711,-0.0424367232080875,-0.07169131689755116,-0.7401552298362535,0.7025713173434174,0.13507005574811648,0.016845438704775728,0.02091116260301218,-0.5827674055760461,-0.03717070164084951,1.0,2.0,1.0,0.1,1.0
0.7409672722813658,1.3577748585532716,1.3438369924958824,0.15385204478866843,0.7425367042508659,0.6008720973033181,0.7702839617918575,1.1130391714457277,0.1810488257355114,1.5972438343703783,1.4204678773847876,1.0,2.0,1.0,0.1,1.0
2.400595828006911,2.3829905241519995,2.0056667340853136,1.2635696039535693,0.6981706343618496,0.23391750503260877,0.3778091418429061,0.3959761420067867,1.5767899418828677,1.1908955594811959,-0.2065985208082588,1.0,2.0,1.0,0.1,1.0
-0.023670894672729755,-0.506783692292575,-0.09578166275200795,0.6208600875327321,0.7079336377082299,1.2895550839901517,1.7169236689211733,2.966406655210649,3.11053866599188,3.2940447481474013,2.8533628571806373,1.0,2.0,1.0,0.1,1.0
1.8347263570163934,2.35326814642843,2.36100266274436,3.1186827910880783,2.7872521202934064,2.66715453875349,2.4472431837714534,1.1730778817714034,0.2985864603728995,-0.08321595521861197,-1.115984385201182,1.0,2.0,1.0,0.1,1.0
0.18023994585246456,-0.22457439779705635,-0.30252096013912283,-0.5708904227076524,-1.1613296201964505,-0.4678458926720252,-0.4775168049185087,-0.8145113639441317,-0.5765637366117735,0.8420437539600654,0.9725131349352685,1.0,2.0,1.0,0.1,1.0
-0.7711407947490051,-1.242255838569445,0.034127673625847565,0.9351660740366994,0.200570341606517,0.2938027367715948,0.24325937212356252,0.21200295034106031,-0.6002498534831485,-1.0296872765898715,-0.4386639399388904,1.0,2.0,1.0,0.1,1.0
4.565378221845776,4.088678400606678,3.8450975127605997,5.401291482692175,4.277731264000571,3.8543441612230303,4.143822656067563,4.546665341357153,4.086386526339216,4.574853513723186,4.371864900621662,1.0,2.0,1.0,0.1,1.0
3.0488746991704505,2.1841065730966625,1.3872674184053597,0.7571006659700016,1.2501847552139846,0.1502239675848729,0.5187772751606348,0.5294686508505106,0.3569905143200694,-0.36438518203952724,0.11034904866470538,1.0,2.0,1.0,0.1,1.0
1.2753660485235947,1.749851267152126,1.381677048791909,1.412098266761616,2.3098971348377817,2.6892851661922874,2.2123020761084615,0.838871203933903,1.0777771531673863,1.1375693982376116,1.385373235707136,1.0,2.0,1.0,0.1,1.0
1.7087451278589898,1.32872482667847,1.4951047915259745,2.0869205010890206,2.753419487374022,2.220497571535626,2.796414062492948,3.459824032006938,3.130265498720221,2.0795828119878963,2.7693009836704374,1.0,2.0,1.0,0.1,1.0
0.7196627070374296,-0.09839335376649216,-0.5440113005910694,0.1309580060743929,-0.9226917812476689,-0.9717760404550827,-1.4687003229119138,-1.7629021492570396,-0.42539418170575494,-0.3273078826991699,-0.3495036935143625,1.0,2.0,1.0,0.1,1.0
0.8042209448788284,0.8705811696844064,0.9087544549231646,1.3643216750006193,0.8499111495564726,2.2150988669044414,2.690572802111482,2.1819200801470404,3.271017161879657,4.62090331635861,4.688082018415569,1.0,2.0,1.0,0.1,1.0
0.699614654603407,-0.3747434843550227,0.05608051508949327,0.33766635757130614,1.2198357343148003,0.7644592216006875,1.7362771389152214,1.606506758417649,2.4055860336349735,3.4175079614709096,3.5340925058685673,1.0,2.0,1.0,0.1,1.0
4.095044103016278,3.824716197029495,3.6771844123813424,2.9287486556778495,2.504503047389559,2.4544797363285684,2.252188891404155,1.4705773987545196,0.7135188008262149,1.100021861472924,-0.14959703055206686,1.0,2.0,1.0,0.1,1.0
2.17862053504176,1.4737707099582025,1.9838339539412075,1.7879970864137968,1.3731799435362078,1.361548442854043,0.3832921482023749,0.8664451424788535,1.3773127061537147,1.7010165466573155,0.7606273463447655,1.0,2.0,1.0,0.1,1.0
3.7971658310568555,2.7830192359986023,1.723541518574188,1.3930263609194393,1.7647556520446468,2.975850298326719,2.3655491491649165,2.5023150742713414,1.9414099786081138,1.1585887800005932,0.6907760128412027,1.0,2.0,1.0,0.1,1.0
-0.9080032178182534,-1.347922201554646,-1.3324474264796444,-0.8738963191862423,-0.17636912255624904,0.00952225167816706,0.7780258817374808,1.0315000897998117,0.934950466460113,0.4184907667878114,1.0813085488001055,1.0,2.0,1.0,0.1,1.0
-0.5796077156908356,-0.7003137774094106,-0.3508242879435723,-1.2799023029256593,1.0036650278832508,1.3850453943463896,1.3311456868944158,1.3020641237931863,1.6561449227973895,2.235979214568536,1.142621774618539,1.0,2.0,1.0,0.1,1.0
1.0264233713801458,0.9863463815157275,0.28572497772292815,0.47571470430069723,1.7178459032062448,1.5473135838744394,1.1220803865771407,0.5857207549205619,0.296925591647855,0.3151291499209542,-0.5359839064066662,1.0,2.0,1.0,0.1,1.0
1.5489585449026337,1.0391624190281503,0.433453342609567,0.5770483539988214,0.3080038189418872,0.43139378068119816,-0.08828426097173375,1.2892788907871102,0.9998277341095997,1.5408263867311482,0.9011633968661139,1.0,2.0,1.0,0.1,1.0
2.918983692165773,1.9352373298853278,2.6922870764403237,1.9057325398744904,1.1568472792962172,0.8704043604354397,0.4784611830877099,-0.35676761391786094,-0.7780541276688528,-0.4163955005307336,-0.1866979660431516,1.0,2.0,1.0,0.1,1.0
2.9747111408486955,3.5496866163566256,3.846819232646625,3.9702899332813812,3.0941293171750894,2.5967359276809345,3.002984258261123,2.4726244340983943,0.4461413870559394,0.1299631091457265,1.6655402711501666,1.0,2.0,1.0,0.1,1.0
0.1389739223638463,0.8706864958580266,0.7176061748202961,-0.46903637993223923,1.1605993653553082,0.5823590497540557,-0.0017996637539248184,-1.1128422472907888,-0.6637772370549845,1.0269439085075105,0.8478714471613376,1.0,2.0,1.0,0.1,1.0
0.5044463100170311,-0.0765580791068694,-0.31211266961292644,-0.18300365879453917,0.6624716497136373,0.521514952782283,1.120082287646753,1.5838960737725598,0.8182094370454178,0.6160547991966421,1.1836943127709463,1.0,2.0,1.0,0.1,1.0
1.9061052171725774,1.7535612385554264,2.4244804918382292,2.9200578836217472,3.281615584990105,3.5577061831310153,2.062021097770736,2.317718849485841,1.6000554909538334,2.211944611204536,3.019633752864151,1.0,2.0,1.0,0.1,1.0
-0.9017536373084472,-0.6660788974684348,-1.0987384721650684,-0.7566751484954088,-0.21706808836132424,0.18164638366517322,0.37959467729952867,0.47066947840041845,0.05827084368253577,0.8807843840734442,1.4104695346143439,1.0,2.0,1.0,0.1,1.0
2.0821881037972387,1.5046311273750475,1.3687286877009852,0.9473836176968774,-0.06656859116016456,-0.21142014691290012,0.7653082448877946,1.8574174530440164,2.5516254440444337,2.153239203342847,1.883799322049813,1.0,2.0,1.0,0.1,1.0
1.8012312117146911,2.7205676404554393,1.9409733165171055,2.0056028256161023,1.7373602465206526,2.241733596420118,2.601679579188342,2.7418731633768956,3.2306413499640785,3.083663232357716,2.1526210029862325,1.0,2.0,1.0,0.1,1.0
0.35980712946305127,0.20354962328227266,-0.3431006227788826,0.440930648487472,0.7199366868885759,1.3220572772168078,1.1471499824417768,0.4701957994640191,0.5209412872314776,-0.31404091705195214,1.177836641441339,1.0,2.0,1.0,0.1,1.0
-0.915999359134091,-0.623644077486097,-0.18926154005270512,0.11417077384793572,-0.20699382857874166,-0.2679821523045673,0.42326156913183943,1.394636303636646,1.2711606098556345,0.9970123328832761,0.7802269224446716,1.0,2.0,1.0,0.1,1.0
-0.8127149115865828,-0.5478058906778869,-0.798709961514553,-0.521375433423514,-0.3779133330958268,0.3132976777137585,0.6293628679741028,1.2903802499343007,0.974845972003415,0.41561042637871337,0.47358639179503725,1.0,2.0,1.0,0.1,1.0
0.6326349396440005,0.7020351342914035,0.875802100764624,1.5472138362652132,2.4858474892226123,2.8615340073161897,3.6824149553917955,2.52904808199294,2.799219656408407,2.6937012363882946,1.693308587454214,1.0,2.0,1.0,0.1,1.0
1.9191104300465816,1.4566875411073026,1.0870429642897657,1.1042523153800328,1.8354191055937403,2.3795953707638082,2.3605895061676163,2.3088496482948755,2.2462827838772466,2.4407388915745645,2.797845036148414,1.0,2.0,1.0,0.1,1.0
3.552415158202239,2.9757628905700244,3.2840320906298746,2.7936802364331976,1.285413862369647,1.0372270527675376,1.3422448549236763,0.6808213833346063,0.28649348669890995,-0.01634411844837169,1.2296745893610648,1.0,2.0,1.0,0.1,1.0
2.308813045880574,2.4054509787751943,1.8596349162887218,2.28754838683684,1.683363672085647,1.385573396183712,1.4543984991758885,1.2514778191079434,0.9854915689826392,0.1721390367464598,1.6804932683682343,1.0,2.0,1.0,0.1,1.0
0.43966742094996136,1.421354958206825,1.1316257501766775,-1.3672815622501053,-0.82593602708115,-0.5500871390532144,-0.37609834583968316,0.9220111093927937,1.0796168104361388,1.498948935940003,1.4219250442230678,1.0,2.0,1.0,0.1,1.0
2.0765400346628167,2.3735212787821136,2.372107024010326,2.4438485927475564,1.887231935990915,2.0338423784517405,1.8931977524306312,3.2136375629817415,3.5643925412772592,3.2819646427233673,3.4767735440107623,1.0,2.0,1.0,0.1,1.0
0.5954780271718961,1.1539526311957577,-0.04543233476206843,-1.0288253010998438,-0.8502206844117204,0.39407980129192954,0.49680809098366274,0.08958392471262627,0.4321783245279681,0.8532489867973647,1.3220744495594923,1.0,2.0,1.0,0.1,1.0
-0.16055975102461217,-1.1101488394306946,-1.5354939490587767,-0.9890352927194441,-1.840334362909732,-0.8290965474903222,-0.8773297537362632,-0.106196485334759,-1.2220378541182717,0.030508782427593917,-0.05126282995774373,1.0,2.0,1.0,0.1,1.0
1.9701534300140904,1.7569221457016115,2.3812845644655214,2.464954654269463,2.2803032123812406,1.3640020706035043,1.6877044356022264,2.6390377192783756,3.076702529087413,2.3290382765656212,2.8760253678537357,1.0,2.0,1.0,0.1,1.0
0.25116764764789223,0.20158792769614142,-0.1926047198395679,-0.9533259703751088,-1.4418304988262305,-0.6122839673343212,0.27473368916225616,0.5997617770193125,0.6955290051666824,0.29312045171459317,-0.3395547298467281,1.0,2.0,1.0,0.1,1.0
1.047946742721399,0.8889270373859962,-0.13817479160727264,0.41350683564994,1.3429454369577347,1.7336330109538187,1.3950193942190756,1.8473537580686068,1.4121016368229244,1.4137835348031351,1.854985435312316,1.0,2.0,1.0,0.1,1.0
-1.274248974481891,-0.9869668268608922,-0.5321185235358169,-0.18706082555872192,-0.3317515104245046,-0.23474522461367286,-0.020939849801603252,-0.36924730903340525,0.2832989034980291,0.4154034014061341,0.3906874940548436,1.0,2.0,1.0,0.1,1.0
1.9704976665010587,2.26704489660962,1.8609407821559643,0.3534056536725061,0.7056119095571718,0.7048302987437223,0.6679911314329907,1.569529482756291,1.7524682889391092,3.147505860161994,2.1399658178199745,1.0,2.0,1.0,0.1,1.0
2.0630982526778845,1.1359908721330891,1.2956919213007239,1.1888357724762417,0.9189215960310859,1.4552979282067988,1.1436187602255836,0.015186909391164072,-0.17929472248652584,0.307019174381754,0.8146381154301364,1.0,2.0,1.0,0.1,1.0
1.1341669499436648,1.7513258537837917,1.3820119972483151,1.238584391061515,1.5949688374329292,1.5747705775999277,0.4162646934666321,1.7307645956221516,1.8895727831891416,2.625721469477963,2.555618845641702,1.0,2.0,1.0,0.1,1.0
2.6747479684536306,1.1178890087089806,0.08878398130961318,0.7692662756375057,0.5580940703033457,0.5350919263132785,1.8507357844091477,1.3627507547563695,1.5648341450013645,0.9568932928440221,1.3491072182130432,1.0,2.0,1.0,0.1,1.0
0.0056524556773602545,-0.242401017147222,-0.3993014724018463,-0.9384733292954264,-0.9402763702539929,-1.4714147779493163,-0.9151397573829696,-0.8054104664196875,-0.9150115703803483,-0.5599197966938778,0.18023475352649532,1.0,2.0,1.0,0.1,1.0
-1.3891569311958576,-0.5309649250977629,1.2219245499976132,1.6570280612535653,0.9452352742715833,1.1632953510634363,1.1129966113121335,0.6778829686984078,-1.0323702047886765,-1.1397557980107993,-0.587158265688931,1.0,2.0,1.0,0.1,1.0
2.8184316982231072,3.3493054462168197,3.8252572145002057,2.750268054929035,2.0908014154986994,1.6011170342814043,1.7810415401192745,0.6143845810956559,0.8025202660008875,0.18041136559031523,0.8281237503940281,1.0,2.0,1.0,0.1,1.0
-2.080251416532869,-1.0802735670630956,-1.3524270548987052,-1.3893748486369206,-0.9530389583491343,0.18460228064510087,0.5129922219370963,1.4332054465713147,2.5779082219769314,2.2439212585429824,0.8122459183503679,1.0,2.0,1.0,0.1,1.0
-0.20393676233350166,-0.5222077860001022,0.45026003734355147,0.05449365025874431,0.8828066189511876,1.4758771848379055,0.33218989358461304,0.7185764196222754,-0.1711464502052802,-0.2454336803111436,0.117792004663333,1.0,2.0,1.0,0.1,1.0
0.9185364139122436,0.6993420002479702,0.6698812359948579,1.183999229503327,1.1919795773068915,1.2318042761347412,1.0644021967342856,0.8722342312261304,0.4021626874448404,0.9430188190270012,1.3789448585765605,1.0,2.0,1.0,0.1,1.0
1.8796206859593905,2.014141552357763,2.3959720943011193,2.4019006603587703,1.50762195595828,3.054583996193699,3.261521737764105,3.997975987826944,2.764712755104283,1.9650612441270576,0.9689952703054832,1.0,2.0,1.0,0.1,1.0
0.24444000439043181,-0.5740861989224416,-0.13288974522357566,-0.8104701565405463,0.4716092848226572,1.036183193963684,0.8498789316950878,1.0347484920208065,0.7429018000947011,0.49515686206440707,0.7224174860037631,1.0,2.0,1.0,0.1,1.0
-2.6825206527424177,-2.5770278699630094,-2.0869063182091754,-2.0255111001530652,-2.5443934330945,-1.5630367792009765,-0.5086927108260111,-0.48801814487200285,-0.27559543639178613,-0.00495168430292342,-0.6266424149889427,1.0,2.0,1.0,0.1,1.0
0.35771333023659774,0.1656301689340478,-0.1924071307079316,0.5969040685888835,-1.2001442654773133,-1.0419469335671727,-1.3834455942019237,-1.4041100430843196,-1.6361898296506165,-1.0238228442861934,-0.8906275195306015,1.0,2.0,1.0,0.1,1.0
1.4950290533940376,1.8675704694917734,2.3585358482273167,2.296799636932702,2.189917643940236,1.3665907435597617,1.341748302431008,2.341667803155039,2.0547883178829944,2.2269098920270105,2.468750825335293,1.0,2.0,1.0,0.1,1.0
-0.8321073323579682,-1.862176327940882,-0.6458275650140929,-0.3608382210289427,-1.1583280606657884,-1.119958504066115,-1.767639533204022,-0.711114604035332,-0.48693875595959,0.06258093534049547,0.5361158428207914,1.0,2.0,1.0,0.1,1.0
2.2889087272612474,2.4256487263499174,2.107238553294841,2.082883216134924,2.702993765455486,3.3187752475799557,2.695112195268055,2.5028370376800835,3.788386553805275,4.024735854054365,2.464372143830032,1.0,2.0,1.0,0.1,1.0
1.6973349207526216,1.4223424135552734,1.6374299221090758,1.6457582858358086,1.3195367762100965,0.2659519635143355,0.2508884415054529,0.5654564367888033,-0.6540929729079622,-1.3796133484744484,-1.0565630036815428,1.0,2.0,1.0,0.1,1.0
-0.7057076651406462,-0.9004816912452871,-1.5319346293348666,-1.5251183863344777,-2.0886877387129363,-1.02886601412584,-0.3426606987856567,-1.34357745216891,-0.6508922570243714,0.1803986600041061,0.756151433748447,1.0,2.0,1.0,0.1,1.0
1.562633281988111,0.7644987118782791,1.6328833830249092,1.1287666378614074,1.3613562822588094,1.2389193036255501,0.5878163579330555,0.38760498925286957,-0.8684743363619181,0.5383115522425443,0.8443493384061711,1.0,2.0,1.0,0.1,1.0
1.3830783215252644,2.1899613476343247,1.4858570032534804,1.4881380280801253,1.6752310236061416,2.7025503378100075,1.200170212947862,0.7761659642070683,1.324048870687612,1.4131577950121512,1.024916445245158,1.0,2.0,1.0,0.1,1.0
3.206620248281133,3.2225630598386714,3.9842273069615133,3.248594392674036,3.3856918378157355,3.1327080731979438,3.1471771261834522,3.108682041135754,3.262816503285613,2.5866482384150835,3.488566018053284,1.0,2.0,1.0,0.1,1.0
0.19088073890632085,0.11488148291293451,-0.4444454613969517,-0.6531229114081887,-0.7317997823744076,-0.7103871154230693,0.1576289089467705,-0.01036498608466746,0.9286534120522738,-0.07073346405505065,0.004955722693530312,1.0,2.0,1.0,0.1,1.0
0.5719667680776537,0.051234625171477144,0.6877846135057112,0.9362500341849419,0.17481058788107218,-0.07991218717753107,0.629198877019438,0.8675781763525185,1.8702073711544127,2.464632091093545,1.6256584811185144,1.0,2.0,1.0,0.1,1.0
1.7036007202012482,0.5137368862625713,0.16147710541310778,0.1628187845150806,0.284958666160147,-0.7438086565535964,-0.8610231554224181,-0.6471306978143176,-0.355754555657132,0.46205096081794733,-0.9417673349247673,1.0,2.0,1.0,0.1,1.0
-0.19167821575209174,0.10760957059345834,0.7409267060306334,0.4113913325022023,-0.28727215889169677,0.057259822532824106,0.17339761743610543,0.13995001071174096,-0.38179793950612434,-0.0737937174158533,0.2978193518106048,1.0,2.0,1.0,0.1,1.0
1.0580731022921162,0.030576658162149828,0.357978731177308,0.21686334703538077,0.27266994452620513,1.4013539431494308,2.003125618487954,2.777469151837126,2.555154702315782,2.454874908426894,3.00094534169659,1.0,2.0,1.0,0.1,1.0
1.4860494944956635,1.1558458761522519,0.8656676478583387,1.1444191930219816,1.2794920577838287,1.7180745833359996,1.3146673148017995,2.087682725308448,1.788789550329055,1.320055018484539,0.6002868122138907,1.0,2.0,1.0,0.1,1.0
1.5725809294873343,1.1770202288560347,1.4612219211863642,0.7845839955604319,2.0183372020111947,2.0229468793969607,1.6923916272599602,2.094907529122878,2.705628573591032,1.533473055782721,2.296559130719146,1.0,2.0,1.0,0.1,1.0
3.0310057444552863,2.7714012697503194,2.7207585927269764,0.298468329771187,0.1550149285840076,0.6148321753351726,1.389979418534489,2.1309377738905635,2.1453768399394026,2.414409548732067,2.289859125272084,1.0,2.0,1.0,0.1,1.0
3.4231658674046703,4.084381155398319,3.915323172373786,2.6829504097907786,2.482772416958392,2.5197277566027045,2.582541327470722,1.3848514834940153,1.756845570630468,1.4497850651251216,0.6556079498504791,1.0,2.0,1.0,0.1,1.0
0.6034038993756401,0.7085627431251642,1.010027743776956,-0.0082015965785176,0.6892165464596928,1.2650982669997897,1.4493047121386864,1.0647917723507878,1.449652278679821,1.65664822628123,1.2377424925377007,1.0,2.0,1.0,0.1,1.0
2.6376022643559978,1.633639240587878,1.7672865170173107,1.4464646318305365,1.8761128750187308,1.4337563403998388,1.316049839195801,2.327719139272606,3.0629604483082082,3.835707785891219,3.7919995800022717,1.0,2.0,1.0,0.1,1.0
0.5280620935589179,1.181642194625701,1.0906355642641365,0.43217468204833065,0.9526922312623066,0.3141941650432869,1.5555289340112881,1.0932953457460555,-0.1275438236435451,0.7199331060198211,1.1980400974996146,1.0,2.0,1.0,0.1,1.0
1.7777116437656528,1.582267164175123,2.4676416588484074,2.3804184190774413,3.1159997857299433,2.4155069373765143,1.5416497841329577,2.205066454546699,2.07066092892223,1.9176552394067954,1.6887898227181153,1.0,2.0,1.0,0.1,1.0
-0.6366831096110175,-0.6963898286070699,-0.727772594064191,0.08079245172322824,0.642117772052813,-0.07587809783937793,-0.1619748324692531,0.08204077242089032,0.11239764360185427,1.160942986069466,1.6580850176446527,1.0,2.0,1.0,0.1,1.0
-0.32611781459557043,-1.2600308959798208,-0.8087560123024349,-1.133397486505543,-1.572374225173871,-1.2509090775046547,-1.4309409217492925,-0.4464203866274896,-0.8716568559486246,-1.926288394664823,-2.341105854540797,1.0,2.0,1.0,0.1,1.0
-2.9414829197598933,-2.7482254706914864,-2.9928362028083075,-2.5954985613345913,-1.8809050920446038,-1.256404636289458,-0.8110721769822173,-0.3721561865037137,-1.2973826490962552,-0.6971607209026514,-0.6408322418777166,1.0,2.0,1.0,0.1,1.0
1.9929413684172488,1.3828927275805523,1.4804902914059905,0.020010362887209476,-0.26989460772195817,-0.6182291131519034,-1.7794016486704711,-0.38577495848514953,0.28828464858118963,0.9893405029552151,1.4990266612770966,1.0,2.0,1.0,0.1,1.0
0.2279369751820448,0.17442275136383625,-0.3597260041462667,-0.7750993867335922,0.009848464244605615,-0.10411668990866862,-0.13983229063220323,0.2457523585433377,-0.15280712556762327,1.952969202455046,1.6738685477136384,1.0,2.0,1.0,0.1,1.0
1.6413425392316192,2.023792489611416,2.313761040704259,2.6434736341033314,2.9035129831056916,2.4305753173565092,2.7129024371815236,3.066266750400012,3.071268741627472,2.0267003081913,2.0039501297534734,1.0,2.0,1.0,0.1,1.0
1.1003205997320056,0.8984795845654636,1.341866360943318,1.843835064604443,1.0387500071495062,1.260076723191575,0.455065413107818,0.5020101434272263,1.6507262238412985,1.0779786975041241,1.0104508262495822,1.0,2.0,1.0,0.1,1.0
1.4527723763469185,0.711370890191047,1.2425237900052437,1.3514758349795988,1.8825090030333513,1.8955052558160723,1.1228912848704145,1.7646329259278102,0.923262835921492,1.0997817564504118,1.1189016793111526,1.0,2.0,1.0,0.1,1.0
-0.9482385666556163,-0.6632670522818387,0.021389576466149418,0.3312417443339203,0.6961064580026892,1.8058984111190066,0.8066262760856292,-0.1883610421749473,-0.8598911914885388,-0.3828193353848215,-1.1200115457084254,1.0,2.0,1.0,0.1,1.0
2.0834427135789104,1.0873114058444124,-0.05277340530396657,-0.12973727631182164,0.23314132293120582,0.7631386361199192,1.3055317983234838,1.4580761829706486,1.709398366793385,1.7087837625294264,1.905394637770235,1.0,2.0,1.0,0.1,1.0
1.8133439456603389,2.410287542901294,2.2416895718340597,2.228843256673721,1.2999837399017649,0.8891491183579254,0.29991610853596007,0.3807898583979444,1.523520850299369,1.6755322274049873,2.9231249554665073,1.0,2.0,1.0,0.1,1.0
3.0910665908391155,3.081375060902411,2.494955782440698,2.092962314477999,2.6408428480738753,2.0740897248790175,1.9258490172080143,1.5681966055180987,0.16085115139600847,0.10787772854895919,0.594735886395112,1.0,2.0,1.0,0.1,1.0
2.5451659725351594,1.4529863027831587,2.1787863832025955,1.5769973103798791,1.437465418976537,1.8064150985014344,2.370340326300729,2.375615921677376,2.040589382365451,1.1422876476946398,0.48891913887806704,1.0,2.0,1.0,0.1,1.0
0.6143639938469468,0.9237334293088018,0.10794072672445054,0.3435638680603107,0.453277745157804,0.17855266807808895,0.6099369148061835,0.7527141942466413,0.034674464413117945,0.019009896517722016,0.7897603636453161,1.0,2.0,1.0,0.1,1.0
-0.47047189039449283,-1.5420284327661558,-1.508488291756708,-1.1925908757064092,-0.40477172636078684,-0.6649703584898141,-0.36703729913928945,0.07037583041520121,0.3015524475411402,0.15616521905324973,0.15508884301345122,1.0,2.0,1.0,0.1,1.0
1.7894547529510658,1.6450604792387702,1.262946657975824,0.7072627615475848,0.20528656934486167,0.4482109040847103,-0.265516891356707,-1.0196663179253616,-0.9685600778329978,-0.7823368400620349,-0.013318857304149945,1.0,2.0,1.0,0.1,1.0
-0.19452751694033021,-1.2037959951112738,-0.8655503352364939,-0.947442252541898,-0.9587855332507117,0.538323045099502,0.8532800733387493,-0.21985376960971326,-1.2719155216136286,-0.9901649144319024,-0.8648902461796407,1.0,2.0,1.0,0.1,1.0
0.20768428094575936,0.11787911372856505,0.18582421934646895,-0.011302002893278651,-0.7244863807024131,-0.08308010654087533,-0.19343260848234012,-0.35550907307014923,0.18676610731492005,-0.4131614025962326,-1.3248426277192404,1.0,2.0,1.0,0.1,1.0
0.095761074755238,0.6899305867681067,1.7140613149839692,1.475955473478325,1.7658718299116458,1.378809352021786,1.0179695876182897,1.12813300992906,0.9792995921052824,0.627310303406227,0.23716233538767417,1.0,2.0,1.0,0.1,1.0
3.361583937773866,3.218172768891053,3.976046312461067,3.082398266949248,3.3178767371905247,4.407951466444199,3.7433569416761476,3.1201361838578823,2.669887867306184,3.3762102590581318,3.7842346565748213,1.0,2.0,1.0,0.1,1.0
-0.43803335194580545,-0.5568730641455212,-0.8451890358123967,-1.132723941210268,-0.6937915724685125,-0.4217815278697645,-0.29438334597879556,0.3057385612800663,-0.22514356334444863,-0.5882111151186177,-0.9650214877365523,1.0,2.0,1.0,0.1,1.0
1.0052504104477586,0.47358021263497896,0.2343295078498323,-0.3950100093906619,-0.4355302208841382,-0.9431664975659273,-0.39404572130278764,-0.395147840371768,0.3049446910813103,0.7615797768488175,0.6183818321792354,1.0,2.0,1.0,0.1,1.0
1.8985616621976866,2.3143844539564262,1.8736837605708554,1.6893692417655264,1.1365334140294903,0.5435023131992073,-0.1079384014632706,-0.774864735538983,-0.8331721519974846,-0.9509886643166088,0.059086804591597764,1.0,2.0,1.0,0.1,1.0
1.841601898681113,2.0129675346138467,1.8173366394191548,1.5379101524787742,2.55692841918931,2.5246302752405483,2.407408101071655,1.1562027388504392,0.4198807696753887,0.4475728209888251,1.3282448637239574,1.0,2.0,1.0,0.1,1.0
0.27370112630341265,-0.4513336173635252,0.12940852410964687,0.33095679204593526,0.7701791078060721,0.17574514313196543,1.022147233679424,0.7293582033150621,1.6418786918583061,1.8426636653875246,1.95878752918224,1.0,2.0,1.0,0.1,1.0
3.5589732745880083,3.5146369583898878,3.413802535746026,2.9523769778359927,3.2205538157547995,2.864212909356816,2.1880193860430173,1.7055544910555374,1.9050042843914312,2.2665401748040073,3.1551087788352756,1.0,2.0,1.0,0.1,1.0
2.4201497228825493,1.3136458156325574,1.2080002439294846,1.6415800733351988,2.4333828166999876,2.3470975396087037,3.1640999631576743,2.334278797652776,2.3270725057902646,1.4212539961412238,2.249912423230161,1.0,2.0,1.0,0.1,1.0
1.9643067243049674,1.8640561170891086,1.7088270668867827,1.4679028351476164,1.607129882125869,0.7725671390435334,1.3951036645061454,1.9095798039058143,0.8731012314095066,0.480204455006698,1.5572064247600896,1.0,2.0,1.0,0.1,1.0
-2.1972542405257833,-1.5501913154781906,-1.7083997673884768,-1.6545706409071212,-1.3426875340801483,-0.8713490845912313,-1.2862580165186634,-1.491762435749055,-1.3369814768209451,-1.9587418632212437,-1.6759033786980253,1.0,2.0,1.0,0.1,1.0
2.1673398181257038,1.5209220293958792,1.2597165190493205,1.7833309404109614,2.0829996711433925,2.0288554986546044,1.4643542016925126,1.7573938349206282,2.5565521157229814,2.543049869545283,2.459594353433905,1.0,2.0,1.0,0.1,1.0
0.200941413429501,-0.5336455424932802,-0.3451411021161583,-0.5647538515519617,-0.6243601433956465,0.4721586143214097,0.7554110875295186,-0.3503700828814068,0.42110251437520085,0.34242051131636664,0.5071445338708026,1.0,2.0,1.0,0.1,1.0
2.269475740993144,2.423711952523147,3.488026631777232,2.5747045035152736,1.8153698651961783,2.364202140987994,1.9522099286384214,1.69765264825531,2.2029759279111265,1.027779343682471,0.7033923876022532,1.0,2.0,1.0,0.1,1.0
2.9522484815506376,3.3810670742416944,2.966149435260986,2.404268617887976,2.614534205718227,2.845151041555255,2.5315264254690417,2.572434083503299,2.9224897796289175,2.1321837956096594,2.9445376460226917,1.0,2.0,1.0,0.1,1.0
-0.5456591800828335,-0.19309835272812953,0.46749721681902856,-0.1787973466920978,-0.43097249596557907,-0.014086257933707325,-0.3607775910027383,-0.2789767166545826,-0.8472169030514172,-0.33212916024701256,0.04207792037991728,1.0,2.0,1.0,0.1,1.0
2.320746058362135,1.7167157940177156,1.3049236178060688,1.8364673454327405,1.630777423803446,1.2127388470732925,2.1125075259981556,3.3666183788154345,3.1789428250260707,2.57883272617683,2.304684477633292,1.0,2.0,1.0,0.1,1.0
0.7199471037803473,-0.10576418737909987,-0.4806288691689358,-1.331286188354916,-0.9996565104929896,-0.33311830073947607,-0.24061131404766045,1.2955888250490206,1.1726296674542414,1.3485763835090043,1.659665747183856,1.0,2.0,1.0,0.1,1.0
2.5797442536357704,2.0599082612348383,0.9985808079307695,0.771372222972178,0.7202794760236985,0.5453476976781845,0.6730737309860799,-0.08102218417077534,0.5906331712499419,1.0702063246821338,2.229330056024127,1.0,2.0,1.0,0.1,1.0
0.17576804411005226,0.0512204207656306,-0.13841178959813238,-0.9334245672767147,-0.6083122691655132,-0.360469859722592,-0.4077598598981633,-0.592636957243822,0.099608741494157,1.0051669529876381,0.8792157924169971,1.0,2.0,1.0,0.1,1.0
0.3439287248551164,-0.6638971004713078,1.3806171531128388,1.4103568063799792,1.466351230737189,2.015819085841276,0.9904346088000053,0.42458090689829164,0.243661916614053,0.2666492019517153,0.9148665088106478,1.0,2.0,1.0,0.1,1.0
0.09881104559383326,1.6673930814691311,1.7347942471997766,1.390614389895489,2.6297086213861887,2.757453186669148,1.488313211799667,1.6441709975980672,0.3939585021508103,0.29498038571493973,0.13683983586527942,1.0,2.0,1.0,0.1,1.0
-0.1222677308909815,0.815553872398525,0.8493698827940845,0.6613753281507879,0.7838797721861743,-1.2980306407894362,-1.1968923346044233,-0.760903685560312,0.12843661492257163,1.5341995022137496,1.8055596801576197,1.0,2.0,1.0,0.1,1.0
2.7852654182677603,2.448068082626043,1.760085041454786,1.3774181768554739,1.961419243989884,1.7951122890106281,2.3673658682653027,1.3500992005060395,0.7602714435658269,1.7165927329574564,1.267814332111438,1.0,2.0,1.0,0.1,1.0
1.7071449051024086,2.1585519961235935,2.8716716869740204,2.74868939985212,3.2124984979647344,3.497788836299296,2.652667493048565,2.2083468877377643,2.181790867874772,1.791961478775887,1.156912362374999,1.0,2.0,1.0,0.1,1.0
1.8874988076906811,1.4911019415631872,1.225680205765523,1.5088812007513583,2.3803088549280003,3.3396698557242246,3.522227289683222,2.0240711537723497,1.3788631206966864,1.2537836363704855,0.31116312633716603,1.0,2.0,1.0,0.1,1.0
0.7730446775249638,0.23324982869172617,0.40618192209915926,-0.1185874903306372,-0.053809870410272326,-0.6751855571427123,-0.39102381269735736,-0.4195873885822615,-0.12011909207061688,-0.3813476863933463,1.5894501885532701,1.0,2.0,1.0,0.1,1.0
0.4887092907999582,0.3929639909765392,0.32567535411391113,0.4530936406408552,1.1923196570536123,0.9203027091752033,0.5146060050905408,0.41156718364654765,1.4711001324912925,1.4352459203587697,-0.09703343126405395,1.0,2.0,1.0,0.1,1.0
-0.01798733937601953,-0.12181397774641475,-0.10952932618421281,-0.014682298034680769,0.11690030824279667,0.28601078240893185,1.987317526082572,2.213397413236465,1.1122956928863679,-0.10445364586884409,-0.5680086950761398,1.0,2.0,1.0,0.1,1.0
2.3441699838083516,2.2576685310849167,2.2633726280146167,2.3132007296900463,2.9373860667104266,3.1907998094315495,4.185798080495817,2.9159249834482983,2.6976295365784173,3.504436203894228,4.0571141155294335,1.0,2.0,1.0,0.1,1.0
-1.2123172663749855,-1.2167785069150208,-1.343501254012785,-1.4442598524639219,-1.5526956240840157,-0.6979857576182016,-0.7292611725830656,-1.9325304554179163,-2.2542507814756068,-1.7879003239350504,-2.094819447668031,1.0,2.0,1.0,0.1,1.0
1.5628416315763909,0.5771993993695332,0.697496054435192,0.7544334498103122,-1.1646496589809239,-0.8473838072736454,-0.7858899534708939,0.10746706380040971,-0.1597206134414319,-0.6484864683531222,-0.45812328121137863,1.0,2.0,1.0,0.1,1.0
3.2875625418446206,3.736389784309628,3.9500322961635432,3.0247964995450327,3.0043695406283564,2.489903685888822,2.382450082928324,1.6041488482005828,0.22218810313910708,-0.5040610766904285,-0.9252570234270485,1.0,2.0,1.0,0.1,1.0
0.4607459718671596,0.17023827625595833,0.9470602885311681,0.7961967042508606,1.4074604992170974,0.3489181103376855,0.4767672560271221,0.46714353381508744,0.6190225617583122,1.3488195390671582,1.0975867139416602,1.0,2.0,1.0,0.1,1.0
2.0954244149296466,1.8107844456232334,2.2491975819191463,3.077190552655103,3.814153102857304,2.3205122156564215,2.7553509480683194,2.3719453342470964,3.0980944868620055,2.7093641264607315,2.689237773277867,1.0,2.0,1.0,0.1,1.0
-0.024138476141114515,0.28647502605022823,-0.7859113632770819,-0.66731377839728,-0.9631942709857079,-0.4654455311060606,-0.976729597504447,-0.938547220299852,-2.47574825150937,-1.2901990819351892,-0.25392721806602436,1.0,2.0,1.0,0.1,1.0
0.8514716238087404,0.17165218896199486,0.2834447475146699,0.12433264949805001,1.1838104966461984,2.60627209690068,3.6039934657249413,2.694439715363666,2.6411509188472175,1.647249189947559,1.1964656455716252,1.0,2.0,1.0,0.1,1.0
-1.8560695673524923,-0.8034345834866498,-0.4544029645550823,-1.610226495691586,-1.782773215996556,-2.3283831923776135,-1.3902541393174102,-0.5715821695058243,-1.3190124436319515,-0.26990524712821096,0.5590508798607439,1.0,2.0,1.0,0.1,1.0
2.5101003654113025,1.6624690570949654,2.4338574420043493,3.3655638681476,3.233635951009793,3.450110388544404,3.3680971410023837,2.9054948615576754,1.8536906472735515,0.7137241398757059,1.1460665467956077,1.0,2.0,1.0,0.1,1.0
1.1483420318259483,1.3345280579578604,-0.10829749535767896,0.4099143528535374,0.797612027667689,0.3075348432872833,1.065864268381741,1.3721454109040236,1.2478027971753247,0.6120066800148584,1.0944356754161395,1.0,2.0,1.0,0.1,1.0
4.123751246919174,3.8293945698783,3.778294791573784,3.388700451764563,2.9801823794542117,2.678355124941876,2.467789498004092,2.160707368878667,2.0826869418519958,2.5313671631860823,1.9526961127235751,1.0,2.0,1.0,0.1,1.0
-0.12430718168870737,0.37894289416366717,0.14908892337003443,-0.19783574885417216,0.3414482743894459,0.33888194263539995,1.0486297453186633,0.633460610600564,1.1602794883771654,0.988308299144256,0.8031449190241018,1.0,2.0,1.0,0.1,1.0
1.342332191099084,1.8582058601637268,1.060306919635212,1.7716033018236899,2.3848330910825837,2.229212445954509,2.3152936460253892,2.1817018944913933,1.9208647572783444,1.97506150676461,2.8075531434269596,1.0,2.0,1.0,0.1,1.0
0.47975235554484447,-0.3354692081991416,0.2571142549946053,-0.4980183685037134,-0.27623027825107205,-1.2787725199611548,-1.7890832868552615,-0.446648029404233,-1.8863692221472776,-2.0639317567740045,-1.6537767861950037,1.0,2.0,1.0,0.1,1.0
1.8856876099308977,3.0047795496182914,2.8041948829564336,3.34536548744762,3.569968677888291,4.044385476336143,4.0899479172312985,4.294587640169443,3.3200270442345494,2.593763355342924,1.262391182454413,1.0,2.0,1.0,0.1,1.0
0.8480422644170249,1.1030643752631326,-0.7580961039410707,-1.0450943805179758,-0.8681090311356411,-1.1736835170103141,0.1864925284513581,1.6021751853937374,1.9919230147292146,2.8111192899370296,1.8849165015274458,1.0,2.0,1.0,0.1,1.0
0.17056250315468502,0.47297711595923997,1.5613338377512107,0.7969249181099639,1.750100979774168,1.6375516579110039,0.9348457645949318,0.22971989837743378,0.538138662346944,1.0318977867303025,1.4414354702675993,1.0,2.0,1.0,0.1,1.0
-0.20523758391018868,0.6592142497271885,0.5254237873119808,-0.14925463980960618,-0.2896109879637294,-0.9315997444148838,-2.052990739066607,-0.45612106558966903,-0.45949350724528776,-0.723136536305464,-0.43233436461617003,1.0,2.0,1.0,0.1,1.0
0.0768325569031401,-0.22473109018948417,-0.06310893063339042,-0.009129651784259,-0.4434317533246227,-0.3762175244206636,0.20365562032828238,-0.30620404880124874,-0.07125410001517529,1.3023422155104911,-0.1583597801846266,1.0,2.0,1.0,0.1,1.0
2.9287316494694027,1.9878348589264379,1.3533423209145532,0.847683853987141,0.5920013539827897,0.580804928700886,0.28389124687680856,0.26453645373455054,-0.4332311880362658,0.02091005245701094,-0.17531875036279654,1.0,2.0,1.0,0.1,1.0
-0.6698217649266078,1.271018778056297,1.4955016613458612,0.959392150118157,1.7614085930672958,0.9581420688316117,1.04316238782706,0.8417454307264192,0.06447343860892629,-0.1357738240173529,-0.69250352123796,1.0,2.0,1.0,0.1,1.0
-0.08791711121285788,0.2702461087269358,0.5968607335749208,0.8944491434954713,0.8248057318438372,1.0522324477516924,1.0704857683384184,0.7339803280441375,1.1196497329532193,1.742580153525855,1.3433681611783113,1.0,2.0,1.0,0.1,1.0
-0.2642491337443999,-0.2891395160708301,0.14147172800015295,0.3323711639842766,0.19006698923595536,2.149107308500487,2.192799746768095,4.043837201531824,4.025892185362778,3.278106878113175,4.018026792466233,1.0,2.0,1.0,0.1,1.0
2.725657096933572,2.6444748735999632,2.163643438431226,2.336246182368522,2.4827534265515787,2.957707246447329,2.419165852602003,1.7728815281718708,1.2905159275811213,0.9078181969388714,0.8769760697767439,1.0,2.0,1.0,0.1,1.0
0.858250259318141,1.06616799797998,0.9430585766404921,0.9556211263168507,0.1543018939817915,-0.12383619810964736,-0.7751657677398046,-0.029760526478447513,-0.22284899499151828,-0.13395851944605125,0.6539741977029792,1.0,2.0,1.0,0.1,1.0
1.1963268345361813,0.8623692665835635,1.2354025610361155,0.8233485907207152,1.6304106919664663,1.0876922823115858,1.2658036469296123,2.1902683791180504,3.200068109496322,3.015041058966323,2.9576790654825738,1.0,2.0,1.0,0.1,1.0
0.09609228438679425,-0.0013747956766505531,-1.2419485029896824,-1.7833844563449068,-0.8601400568881185,-1.7589953696644505,-1.6904226119387775,-3.6782373793883316,-2.9178683094367246,-2.136994187615419,-2.3753240190959417,1.0,2.0,1.0,0.1,1.0
2.1221984470239987,2.514278063520495,2.1534745058836378,2.000817027246868,2.4950855587502554,2.8838742318502186,1.3551611560998442,1.4772619139435919,2.996887707321357,1.8523069732120665,1.9673203265535535,1.0,2.0,1.0,0.1,1.0
3.1644461190366266,3.285571213975478,3.6020896343657265,2.866204384586751,2.3975778954911133,2.221315488303572,1.5253984025808625,2.0767788222777743,1.7860398787143805,1.7535284686245565,1.4884590049835371,1.0,2.0,1.0,0.1,1.0
0.24510965194511158,0.29657917673885953,-0.2644170240569627,0.32280707895074146,1.400326705278398,0.7331983603106969,0.762047473995975,1.0267186838095852,1.718005819555636,1.7488716719087267,2.7017532268195374,1.0,2.0,1.0,0.1,1.0
0.7043524193800866,1.0317467831441913,1.9310980733383813,1.921404228479146,2.39298443141468,2.3519454441766694,1.9634883183005145,1.768231402631379,3.071247584334938,4.217632626819644,3.9669313648844637,1.0,2.0,1.0,0.1,1.0
2.6382578305435276,2.726257689765426,3.8769086855858665,3.810905339302961,3.14436563471844,3.1285127717608994,2.4949197531385643,2.8991108723386763,2.424471669254623,2.919920626703803,3.6781748931896345,1.0,2.0,1.0,0.1,1.0
-0.27621437199832466,0.6174386273177702,1.677873420303916,1.5531984947549198,2.0789871185075954,0.7944358305241037,0.35071697412675806,0.1368336522301929,-0.46639405969995534,0.3693937896868775,0.26504225986644836,1.0,2.0,1.0,0.1,1.0
3.5899430780697372,4.3515529933024535,3.951939263489985,3.678217214251296,1.8608341703958926,2.4345154649624807,2.4072109574693576,1.8905393278572433,2.5837039211842123,2.440484056127005,2.231718332559151,1.0,2.0,1.0,0.1,1.0
-0.8001954997671191,-0.8001100255446211,-0.6139041068959804,-1.3601131676191842,-1.316059676814367,0.4982620263871054,0.9270153207606375,1.0017336174832796,1.2028523071221844,2.304866747114507,2.165248587556741,1.0,2.0,1.0,0.1,1.0
1.7129873769458603,0.5255701646529536,0.4588272404838653,0.24058695163262928,-0.09496178083143147,-0.03259449925181232,-0.31162229693177346,0.4126749452983609,-0.14023654314628614,-0.2012439171040883,-0.46452735319288135,1.0,2.0,1.0,0.1,1.0
1.6751715325418552,1.0002262683610386,1.560035873134181,2.0426110869945857,1.4199808918971462,0.844630831421086,1.7697050369957328,0.5916569600644996,0.8460546268309757,1.1224448723611244,0.5148742920115625,1.0,2.0,1.0,0.1,1.0
0.12842754474515203,0.7270561107605845,0.7772933233358169,1.5353176447529915,2.5131116157237066,2.7427530144221945,2.1482069873794063,3.0534867136508135,2.357981471501455,2.2720447875726704,2.0994906635376007,1.0,2.0,1.0,0.1,1.0
4.18986901127978,2.475641544991782,1.3427221352665488,1.288446738712223,0.8157140644022474,1.590636673184153,2.365839324743379,2.510186831933674,2.56471615683667,2.8612792670574736,3.6657705397319216,1.0,2.0,1.0,0.1,1.0
1.452250561778656,1.8107750917447551,1.5392581295140377,0.2822489890494839,0.8111790322317323,1.016356891369381,1.0417187584770422,1.0209855963992813,1.5880419061485656,1.5158431146144355,2.2372944534067285,1.0,2.0,1.0,0.1,1.0
-1.2648433220068138,0.044761530287291906,0.5822776730181436,0.42693147672121856,0.6447956299547029,-0.032439162632026175,0.02715325308194467,0.6657223657900223,1.3097540799754528,1.3549819790807016,1.5208112879160702,1.0,2.0,1.0,0.1,1.0
0.4944963922832388,-0.048804155032783236,-0.20346499336186702,0.1839341039302809,0.5061472587548446,0.12490042697502779,0.6297462015481353,0.47537488990589993,-0.0462421656382459,0.3567609604417795,0.3615790032625215,1.0,2.0,1.0,0.1,1.0
-0.09722559071427553,-0.9439958812201868,-0.8633781753337701,-0.1711011582775931,-1.066787287451005,-0.3399740410806932,-1.1723507343297994,-1.9549253202668522,-0.4097816759519559,-0.4012992607777055,-1.1471671639442622,1.0,2.0,1.0,0.1,1.0
1.471985303182226,2.6010676198982394,2.8640300872868174,3.379550202605624,2.510627664055332,3.090689525361973,2.3666858837635205,3.1981779704677398,2.7757292940288716,3.7162504898111655,3.44756803807326,1.0,2.0,1.0,0.1,1.0
1.554546573417085,1.8290340973533867,2.6384786617762703,2.881098674867606,3.4871514943904316,3.197365838094043,2.266468594321323,1.7987565293329828,1.2676643523311184,1.3646184384244622,-0.0336923935288298,1.0,2.0,1.0,0.1,1.0
-3.3529733809927813,-3.1015081121007775,-2.513719106712266,-1.119415044404132,0.06435753546923306,1.0372186934069196,0.610372077367052,-1.0331138206706902,-1.5950311052972976,-2.1767680081411207,-2.232402679920945,1.0,2.0,1.0,0.1,1.0
-2.569912531114755,-1.6261576284563422,-1.3386858383366718,-1.4003315653784654,-1.3970911518436304,0.4744565703513701,0.4401625398500361,-0.4142416280865391,-1.3513426930909964,-1.0669380062507419,-1.4015835846626752,1.0,2.0,1.0,0.1,1.0
1.310680469163286,0.5793530076173219,0.699326350148015,1.338265511536219,1.158836634999901,0.773086722637714,0.6021532712919435,0.06510441842390058,0.05832289226673429,0.46747601741287714,0.18099464189979464,1.0,2.0,1.0,0.1,1.0
1.0231148542378923,0.7629821378744064,0.6949023417110676,0.2180383239506034,0.26905238389620734,0.4141442130185391,0.3630027428489159,1.0283050883572797,0.772824037926561,1.00811428131379,1.4703835468240105,1.0,2.0,1.0,0.1,1.0
-1.3966364359114816,-1.4755790581484378,-1.9534611346784934,-1.0281036805083552,-0.8365473708903527,-1.6385618105631015,0.40854405259725457,1.3487175330228656,0.8310546296094711,0.9701539418650086,0.45576474033050807,1.0,2.0,1.0,0.1,1.0
0.7334810260072174,-0.15348201167267306,0.12409524000798525,0.0900277847203067,0.06920164210118943,-0.5338072453420536,0.05802926320721491,1.1759478954940612,0.2205959122682527,0.20571236452555433,-0.09587449760516042,1.0,2.0,1.0,0.1,1.0
0.708557578762272,0.9286626939277686,1.3830760008932512,1.4624650025610244,2.2480231088402327,2.3144694178917113,1.1259023803793111,1.0443201691316815,0.2527678718727979,0.9159807447634427,-0.6406609485850437,1.0,2.0,1.0,0.1,1.0
-1.6842093223783967,-2.9342798242177137,-1.5881185250120151,-1.3620601607938552,-0.8892939698830129,-0.7798200264983794,-0.6327574327745538,-0.2235238471808386,0.9413483047881889,1.1344630402681268,1.0395825701752959,1.0,2.0,1.0,0.1,1.0
-0.6064683215561967,0.5294469531327823,-0.483242943325061,-0.7542303165316399,-0.9867311735289024,-0.4184476072573007,-0.7075876960503134,-0.3407197519659457,0.21544110639513414,1.2916793687477146,1.8965599854837392,1.0,2.0,1.0,0.1,1.0
0.7147108161273676,-0.40573550554665005,-0.7325199673809054,-1.1982022645360009,-1.0616706311273796,-1.3337191072355388,-0.8923196052333555,-0.5294834255809393,0.297651368799399,0.44360448308544564,0.34428572535826363,1.0,2.0,1.0,0.1,1.0
0.17127636050992878,1.1436002524491546,1.0198230612700625,1.540133202480456,1.5498587315663996,1.4697331589379283,1.4162640109909665,0.08789519450175254,0.6631897649856743,-0.09670016922062918,-0.525774719270336,1.0,2.0,1.0,0.1,1.0
3.5396082667849518,3.2768641925143718,2.1355727617474574,1.7668033069165687,1.1345204111046976,0.8367681466678554,0.18951565261212855,0.29765041410059667,0.13611663062026716,-0.39498943177972023,-0.7581751430495531,1.0,2.0,1.0,0.1,1.0
3.8264192232589767,3.2436290314785987,2.3688542117514007,2.3443732864915683,1.8432256632601671,3.278950587485575,3.5845844339397632,2.173712059912745,2.6397348990116964,1.805898910075684,2.6991782375659046,1.0,2.0,1.0,0.1,1.0
-0.21366304854602106,1.1108485513163662,0.3627603345179621,1.0313492114754812,1.464764325267235,1.9105697265073616,2.679432037021295,1.8044565693240697,1.66818623212674,1.1429963225840978,0.895948073920337,1.0,2.0,1.0,0.1,1.0
2.4354255227945725,2.9482669459248356,2.7765499919568426,2.454768661592711,2.755106494151422,2.789239349454651,1.6863510320589556,2.078677208782624,1.3228701836372783,1.6228675125265477,1.9166597604369653,1.0,2.0,1.0,0.1,1.0
1.9765064097915253,2.3374016764908094,1.86307642307044,0.9120798586291413,1.9092185595250315,0.5648614196378858,-0.37270660621124474,-0.24940572860493165,-0.8778918949199275,-0.7323198506274124,0.09271496048350847,1.0,2.0,1.0,0.1,1.0
3.982750743645568,4.092711623338743,3.501475367841146,2.882603020478471,2.2276633047848944,3.22900824777454,2.8090458411410233,2.9297983561144894,1.6365873888188378,1.5577279586152135,0.8899507195384707,1.0,2.0,1.0,0.1,1.0
-0.3613101571508511,-0.3899066573654979,-0.42675366311263463,-0.28424411381843057,0.10539854727181441,0.13422717460064518,-0.463985250946572,-0.0030369621804614555,-0.21798789057661383,-1.309296394403467,-1.3660512703120897,1.0,2.0,1.0,0.1,1.0
2.7133666788481046,3.090806538413296,3.1423506215717647,2.9121916122268368,3.0226137487815508,2.5997984225348394,3.4999373720094833,2.5684068485668927,0.5242182023302948,0.5056970098348088,-0.6196903139893114,1.0,2.0,1.0,0.1,1.0
0.18250873760106118,0.4704796699908305,0.004401218256477213,-0.3174174022032769,-0.6300495432484692,-0.12533045924634323,0.04291853492925545,-0.39658219444790765,0.42396540469878286,1.2039394397013665,0.6879813710828301,1.0,2.0,1.0,0.1,1.0
2.1611525784375236,2.3478012310826357,3.8921237587573803,3.3434265283973694,2.836505699942674,3.569342790883364,2.8526500714598213,1.584116130360907,1.853361865671969,1.9610759150112198,2.4856689023401755,1.0,2.0,1.0,0.1,1.0
1.0428195319320936,1.002141599829139,0.488154354853338,1.0876061424548538,0.1035475761670922,0.09350080185830928,0.08762698630194672,0.21139513841319174,-0.6463110943017581,-1.125365494316801,-1.0863331468001167,1.0,2.0,1.0,0.1,1.0
1.1614380084920772,2.1687180206182366,1.1554888257704505,0.43405788164051606,-0.36115266356229336,-0.07852670781409249,0.3896000518230119,0.4679405774082084,-0.24626597415105933,-0.3411919280576615,-0.5699240792540861,1.0,2.0,1.0,0.1,1.0
0.26268586848277936,0.23870708871128327,0.26613244829750665,1.195577925045043,1.2539213070916209,1.1543646666644956,0.5855743149515106,1.513976907846588,1.0358660814951717,0.9023527084311015,1.3779040983232562,1.0,2.0,1.0,0.1,1.0
0.06978837194092014,-0.32190947699193817,0.2630054939479019,0.638795757865793,-0.24255527808330457,-1.0138699762776373,-0.42546635556376666,-0.6021450398746127,-0.772199199978691,-0.8652665936522719,-1.3986087304302357,1.0,2.0,1.0,0.1,1.0
0.15705030001261283,0.22709984820134219,1.02620236238272,0.6987467932754978,1.000501304166935,0.8830312978505819,0.41028765365666536,0.42351869582125884,0.07334986339458666,1.4498736032947896,2.083003273202234,1.0,2.0,1.0,0.1,1.0
1.4280048350501438,1.1245897783418506,1.6010000608976673,1.9466380338728198,2.3755959485481064,1.9444381958802577,2.0636521867412725,1.738228004008589,1.9599303753128683,1.8055262380645767,2.325747682152028,1.0,2.0,1.0,0.1,1.0
2.914770986380213,3.21636146718717,2.2561236922053522,2.371551497981153,2.2563630485425032,1.6188034241198561,1.1435771785857187,1.6349714985012689,2.2557989022089266,2.1831542976181164,1.5119063953356313,1.0,2.0,1.0,0.1,1.0
1.1989699194814716,1.7840715619661696,0.7640638239274176,0.32869684000754285,0.9114244028451866,0.24148062118488756,1.1711520588156241,1.06785169638378,0.7597994593101933,-0.6419168107306371,-0.4917601328366849,1.0,2.0,1.0,0.1,1.0
1.8268625722132095,1.664673036878806,1.4582485619043861,1.3248239703657543,2.055082454697747,2.002481102649269,1.8383827687761944,1.6748811680843103,2.237123585249396,1.5176656106536943,1.0213030323405772,1.0,2.0,1.0,0.1,1.0
-0.6241189402815434,0.15334245595688645,0.2399618827059593,1.1191451642216192,1.2948156857471755,0.5282086553664698,0.8057638278147369,1.3552869301905928,0.41633618735456535,-0.007951057947077067,0.2878534598101726,1.0,2.0,1.0,0.1,1.0
0.9761900730540866,0.5138263778972122,0.7275399557929938,1.9899060819279002,2.1468245413342477,2.0583102273914267,2.3906800870456704,2.817071266327002,2.7666738239594855,2.3014903550181542,1.19371749168957,1.0,2.0,1.0,0.1,1.0
-0.022807223204987754,0.06871102931826895,-0.5923292896196246,-0.3599746437622756,-1.813989829931149,-0.5016909522460793,-0.3973891196155303,-0.8378034777636669,-1.5293281041007059,-1.454296595106718,-0.6826083811493375,1.0,2.0,1.0,0.1,1.0
2.1684890487629827,0.8651466461731505,0.4576272916340034,0.14935701969481857,-0.0671130070532544,0.09575659606230688,0.7314376650450765,0.8980803944927578,-0.5991439840548306,0.011150587285611635,0.37415487622621263,1.0,2.0,1.0,0.1,1.0
3.747034947822338,3.8605149757156463,3.23127140711336,3.8802321277295686,3.040766099927067,2.614094834012091,2.95980862565327,3.5440589655589543,2.6926550546536543,2.7568391779652917,2.3200880365931007,1.0,2.0,1.0,0.1,1.0
2.0944850423226398,2.363825143846238,2.689303543880614,2.3865309871648797,2.474696567267783,1.7988421384367768,1.8904554018029847,2.1532729932017363,1.6698571828189541,2.2073032440408933,1.3511009237435505,1.0,2.0,1.0,0.1,1.0
1.3178138887347646,0.7462203691986303,0.21352926093308466,-0.4102139712245293,-0.585191369246045,0.4765591993826769,0.859202429546285,1.5924569834210027,1.9293042258949422,0.854823398899731,-0.09888240245266933,1.0,2.0,1.0,0.1,1.0
-0.8505080474119452,0.5930592753072045,-0.4109875010018904,-1.116744367687697,-1.3831205469291799,-0.6930705129736643,0.5756428595056904,1.012101603181911,1.9428864324533213,1.6284792737404026,2.9778847809452587,1.0,2.0,1.0,0.1,1.0
1.3488333228062555,1.4229984794094317,0.8648229483197996,1.0236628457532853,0.7079921256732667,1.6494698877144702,2.068287707828305,2.2201065208405013,2.796713627480802,4.149875475472524,3.3593905996395685,1.0,2.0,1.0,0.1,1.0
0.49405910000654835,0.7736515115274121,1.626810375388267,1.4262773543275982,1.2839986606198197,1.165162005247344,1.6863340312141941,1.5321270912248508,1.5695406785263082,1.069058510654505,0.3685133061059934,1.0,2.0,1.0,0.1,1.0
1.5440946990361837,0.9894147521458693,1.564031730753674,1.4062218519110834,2.721540835647553,3.3650883194516834,1.7520336918094426,1.262833120906279,0.3620106482723032,0.010741180700937047,-0.38525689343949127,1.0,2.0,1.0,0.1,1.0
-0.7924233891568201,-0.9030265678798888,0.21468249312984422,1.1496125094686005,0.36672250517611527,1.290243301028106,0.6372300596963418,0.12108207702841867,0.9359930758393652,0.3428244996232753,-0.22437976420799427,1.0,2.0,1.0,0.1,1.0
2.515167516074785,2.564761171089349,2.4060166888004346,2.0886945028168356,2.153984428333448,2.7689710351033483,2.386327912972016,2.4855027660459217,1.6894418710648158,1.4877516138323719,-0.09233692782694547,1.0,2.0,1.0,0.1,1.0
0.2539889100689726,-0.20679841316904685,-0.1103473233106122,-1.401881776043865,-1.7250367124296437,-1.2830622177010726,-2.031442100970314,-2.7253694737470857,-1.6279992766802245,-1.5531233882094053,-1.4055789418119096,1.0,2.0,1.0,0.1,1.0
-0.18253098799146042,0.8383844113573938,0.6852587879129908,1.812948628370361,1.9059002980893718,1.7784410694306947,2.62505499139127,2.6894880443775566,3.2466439832829472,3.1228958810060585,2.5737856138989756,1.0,2.0,1.0,0.1,1.0
1.5692349533421037,0.6625138756730248,0.8447542582051819,1.351683194175979,1.3541159414389514,0.7162764086345716,1.0954978625714251,0.7187120974045498,1.3285632821194935,1.0982941999481535,1.2478955657226203,1.0,2.0,1.0,0.1,1.0
1.520877214968043,1.3545722045843842,1.5593075023042213,1.2515752759874461,0.29962580504868386,1.2524534748269578,1.2148525486236896,0.6753117746166467,0.01144968317431283,0.21710777889370575,0.5378538844933735,1.0,2.0,1.0,0.1,1.0
1.4928593310525058,1.9197101273142971,2.4456693223123174,1.3020461497915612,0.724651565024247,0.978788997327361,2.070797688431502,2.846794636679105,3.3748728174980984,3.9955491687366487,3.2018658116200998,1.0,2.0,1.0,0.1,1.0
-0.5399810164298031,-0.5648662114945269,-0.24222585812192127,-1.1507172779696466,-1.0042207622382295,-0.5526964705661985,-0.011738558842877445,0.3213076962886709,0.2722624043909986,0.5141285143760344,1.0496859681191313,1.0,2.0,1.0,0.1,1.0
2.1405933706299507,2.7624566380531976,1.7094202884903638,1.7064746739676442,1.0236205852671874,1.2966575770542523,0.7596707174794903,1.7614034320598613,2.2288176361694916,1.0161074664768952,1.432856788731469,1.0,2.0,1.0,0.1,1.0
1.7237691586964539,0.186149463731061,-0.06948479240305488,-0.14433639707794846,-0.10940305499095661,-0.6316467138842184,-0.08246122560692115,0.6454622840125791,0.3518119403248272,0.7819228854532674,1.0137026679132024,1.0,2.0,1.0,0.1,1.0
0.8737551124434021,0.938234833203141,0.6270165495500304,0.0631184809289762,0.15915848709122982,1.1036934349661136,0.9801364226026051,2.054530407710941,1.8924118949162372,0.9574824831716889,0.6108161939333835,1.0,2.0,1.0,0.1,1.0
1.4193529431685223,1.2043605936460433,1.0928571892928802,1.103836260666561,1.3314302420457604,-0.029023627906674232,-0.9092500259449833,-0.2856950238267076,0.14540804107597113,0.7488944511149414,1.1833945145159606,1.0,2.0,1.0,0.1,1.0
0.8237781799616674,0.4963476463311749,-0.40560860781952,0.2614741609420798,0.018669773490882502,-0.06995220742425137,0.363209541575146,0.7316840744867172,1.061391279801384,0.4669393595915685,-0.3435517321392091,1.0,2.0,1.0,0.1,1.0
-0.19336639485385212,0.1177277452468525,0.6395161994789298,0.9856697042296687,0.6513893992725766,0.6388068750903058,0.9304367621177708,-0.2350509593523067,-0.37224177409435555,0.4557393241177412,0.1861024347170494,1.0,2.0,1.0,0.1,1.0
1.9854117098611759,0.7160070933422091,0.903309137802308,1.1012549022027163,1.9159903757219925,1.6151968432037702,0.8711097886787402,0.33756302633753144,0.6987126679443976,1.9896129982149222,1.500074971006661,1.0,2.0,1.0,0.1,1.0
4.292145078263955,3.643870579916156,2.1399576387428105,1.7179612607509067,1.9114693398134646,1.7036504688599354,1.1712662486838574,0.20237496216138806,0.43109346131639914,0.5124766882872686,1.2418385488861206,1.0,2.0,1.0,0.1,1.0
-0.8471751246168425,-1.6301153208488808,-1.125073668094934,-0.28868624293573875,0.6730088226776222,0.403312353102735,0.1262370572061599,-0.03052727217559531,0.24760766083654812,0.3975853107407757,1.1805746110702087,1.0,2.0,1.0,0.1,1.0
0.6565761150819196,0.7033976218653142,0.431327258848818,1.493444968565318,1.605538160591646,1.6127944921070136,3.1000986206355705,3.076354357342019,2.9082798787914657,3.062912923994467,2.5522637334961904,1.0,2.0,1.0,0.1,1.0
-0.24873446111632094,-0.3110994789304319,-0.19687775387026887,-1.7074671653442879,-0.5956577026192108,-1.4843828337974934,-1.3006559674892726,0.05224050941042102,1.0291947309276335,1.511106087911413,0.2999752704355736,1.0,2.0,1.0,0.1,1.0
1.0069550961616707,0.6273345362443392,1.6251210649004593,0.9688549738756228,1.4284065376673731,1.1429449977317385,1.0711080862356879,2.837446001061105,3.3120179271284833,3.28551539366464,3.5607682178782394,1.0,2.0,1.0,0.1,1.0
1.5266638109105473,2.5161498290997644,3.8260175723585528,3.4430898776297676,4.035418997959143,4.355357135036761,4.440552370728781,4.5433614712513855,3.8831889090262584,3.299995177378668,3.466026680567954,1.0,2.0,1.0,0.1,1.0
0.509454947747098,-0.31771731889220356,-0.579350023184887,-1.1225118732451385,-0.5374003484016268,-0.6438039020004028,-0.08349216482610894,-0.32744755570212225,-0.5788071841283418,-0.5812384712674565,0.2239575811228971,1.0,2.0,1.0,0.1,1.0
-0.038483856485063715,0.3231550061180285,-0.10435573733319686,-0.7561775965194566,-2.251429845544861,-1.8629403953648895,-1.1329692774660671,-0.3144600297490062,-0.18846386216207728,-0.09721997215883316,0.6579240405900408,1.0,2.0,1.0,0.1,1.0
0.5831988394506606,1.130029488792198,0.504758567426121,0.6261342475091181,1.3924324106272379,0.38321819868951335,-0.013597378037705221,-0.5883113798174724,0.15929416259108292,0.3314434002914691,0.3057150121048736,1.0,2.0,1.0,0.1,1.0
1.2176317561452334,0.646402673526008,0.9127504665350947,1.12162769708373,0.9824981967315165,1.5876858467047714,1.8260873035018657,1.961276051602786,2.2353849346581867,2.9479355476703275,2.6794021453449424,1.0,2.0,1.0,0.1,1.0
2.1301576444596773,0.08887160932724636,0.20930463743907263,1.3176230333231116,1.4245467348346295,2.3712070850729243,2.523511943919215,3.451757971422026,3.7742124248079696,3.471049835889306,4.407844415193756,1.0,2.0,1.0,0.1,1.0
0.41341233396118465,0.5694034255445672,0.08461605084360979,0.378740324694297,0.41442242396796036,-0.3788681347227197,0.3767282139926458,-0.35525638414751726,-0.8736072411579788,-0.44956842356513904,1.1821098378994384,1.0,2.0,1.0,0.1,1.0
-1.26025155187392,-1.1369914721600562,-1.0082237121740798,-0.5793435254649919,0.16596465068766897,-0.17818155812719216,0.4190212646414008,0.43559087954253645,0.5547782412374516,1.0622735288887781,0.04898305114320434,1.0,2.0,1.0,0.1,1.0
2.0227453072642865,2.0451814635396235,1.8691197562901662,2.293906328062367,2.4616945302970823,2.010339663876545,2.2420751833539194,2.749998126548585,2.1542167448651703,1.991263547431567,2.328103510424717,1.0,2.0,1.0,0.1,1.0
0.8236019461310568,0.8057450428360828,0.3983831453111156,-0.18713394896953306,0.12426233609708535,-0.5063987237674703,-1.3201972577860368,-0.3487855386799149,0.3175213180181675,-0.2782373425413161,-0.4153205410167836,1.0,2.0,1.0,0.1,1.0
0.881555650423296,0.574108109611353,0.7609016253605879,0.6243159096333201,1.2554545552080278,0.7038696496281766,0.9733992698768887,1.8589261383973898,1.8138145913415618,1.9281195022036572,1.4828291919230336,1.0,2.0,1.0,0.1,1.0
2.178613790986787,2.7258994206489486,2.0801015042737556,1.414767045848393,1.0407181166408863,0.7313497390350101,0.7520732477753962,1.0266118404990672,1.0666990359794566,1.06887529311263,0.5008969566049253,1.0,2.0,1.0,0.1,1.0
-1.8982655512647018,-0.9030364662512688,-0.2006833843480632,0.07115581283561541,0.6078658029489981,0.6172701553777387,0.5185868254289001,-0.37127903115232397,0.7768473659488737,1.8325856161017744,2.088044403768858,1.0,2.0,1.0,0.1,1.0
-0.7745631841741117,0.9016616854582572,1.1661016899397156,0.5682907821519276,0.6637995870121207,0.37216828645512284,0.32114433470458104,0.8450164695983058,1.641863597961919,1.3995397608915632,2.274546835317825,1.0,2.0,1.0,0.1,1.0
2.813223839296456,2.74884603462297,2.8083815784212875,2.327659550991905,1.6522122794523448,1.7898324109996544,0.804825732785841,0.8254699070514934,-0.1990923112844103,-0.5834635643349917,-1.1507919392748684,1.0,2.0,1.0,0.1,1.0
0.5815170720200703,0.665446709978816,0.14843770450964766,0.8293840365048522,0.5715050527700211,0.0028042518350565038,0.27924278416886017,-0.8318330797909328,-1.0979892673175495,0.02896429081113605,0.33967459401226435,1.0,2.0,1.0,0.1,1.0
1.5706112609613863,1.578641747218582,1.4912527428711984,1.2478966523623303,0.6304567371768794,0.6152251652198998,0.9752806692031144,-0.25035250428141254,-1.206222125007584,-1.3828663795771907,-1.9460774313523124,1.0,2.0,1.0,0.1,1.0
-0.6392762298664658,0.27363731050422296,0.5250817485424951,1.197411949488271,0.9399436479468775,0.9734035892083146,1.1875472435203571,1.2546236499291694,0.9298523059725058,0.3381539371033919,-0.3349903852926053,1.0,2.0,1.0,0.1,1.0
1.5050384982996874,0.9035729913484948,1.2955328693521464,0.995933217723638,1.1276690928975732,1.0998547552005633,0.5025248693938373,-0.1655126337018048,-0.6274191502325435,0.003527110118352439,-0.5010970495758026,1.0,2.0,1.0,0.1,1.0
0.20542982949526833,-0.039634072843845236,0.8973200945437902,1.2071184241962962,0.2919941509538502,0.9078447002998877,0.8082134286819205,1.9058833476350443,1.0890535591443626,1.9641484646452536,2.8957613458466467,1.0,2.0,1.0,0.1,1.0
2.771982481300308,2.227752759000319,1.2635522464646143,0.8012393204930129,0.6039810530512484,1.039892153410735,0.47380542217443067,0.7192198153536011,0.8429591378109946,0.9884587862124539,0.5746213898110826,1.0,2.0,1.0,0.1,1.0
1.8985045122128748,2.810931147968974,2.2560579660701556,1.8991999016621415,1.8601523995325733,1.4234580029402744,1.0975631165393853,0.4645791875850448,-0.0024273668863721287,-0.24469989585541885,-0.42014361250188176,1.0,2.0,1.0,0.1,1.0
2.0187748656521602,1.4139561813885098,1.6844428867005816,1.8901747438899985,2.1892893585023376,2.0674636619088287,1.9922826963902196,2.0656874016284883,2.806498618029928,2.979903835134592,1.1867246172587513,1.0,2.0,1.0,0.1,1.0
0.16383185071068643,0.26862292115507636,-0.742377134161577,-0.7335322062058613,-1.496108787730582,-0.07829894865192655,-0.36963798092866273,-1.3556452369534973,-1.7491920483324719,-0.23712554081097337,-0.5345306975803659,1.0,2.0,1.0,0.1,1.0
1.3177302572426668,1.2080784859292655,2.2661189152316012,2.1877027449883055,1.3423529529925977,1.9617074279832136,1.9771526734629898,2.1517852793099994,1.6707461667912065,2.0192482303858514,2.2174940306605992,1.0,2.0,1.0,0.1,1.0
2.1469339819106406,1.4145861610784034,0.6742165141839731,0.1664898450989849,1.2734129797812004,0.32339484894168447,-0.22490267091497934,0.666354304572833,0.7142383928836206,-0.7291382219752672,-1.05975107323835,1.0,2.0,1.0,0.1,1.0
1.4179604157980548,1.389545708507787,1.3035888253324606,1.245016754639795,1.5801124467843608,0.5969243439314706,-0.24618436961239343,-0.2778006249410949,-0.23485031297759723,0.6502389047132627,0.5418973146541202,1.0,2.0,1.0,0.1,1.0
2.484237225775819,1.901524133800938,1.2154577150207562,2.2832283897982557,1.8045849926545463,1.5373467092698845,1.2868402254498505,0.667527475360337,0.4172897881717924,0.2509974402381555,-0.6563923556907578,1.0,2.0,1.0,0.1,1.0
1.8631791438717578,2.726716665492142,2.25950650715702,2.6195010178378975,1.9238899633647404,2.5161360295153665,2.477077247561653,2.7942893813050445,2.7823944142911587,3.172872357065812,2.6328975764404783,1.0,2.0,1.0,0.1,1.0
2.0916942091501025,0.9855322030441566,0.9133304305782828,-0.29438063376805335,-0.9419032000370215,-0.882621384119271,-1.9724655181634738,-3.057447333499706,-2.5755956933373794,-2.6771405507049044,-2.973704043139858,1.0,2.0,1.0,0.1,1.0
0.9329714789392649,0.852858214208369,1.553339145115149,2.151186924830585,2.2504810918550087,2.315485542813577,1.6350043262970884,2.0666309316769684,2.452545621661216,2.219910965778011,1.8015767941536396,1.0,2.0,1.0,0.1,1.0
0.3560623086972305,1.1081066667976325,1.7583604587261044,2.4931784094646927,1.7695708674363928,2.0118997793151117,1.3991230523913654,1.408200674552762,2.1317746692922013,0.9653273605557016,0.6868379723000211,1.0,2.0,1.0,0.1,1.0
2.9899184541840174,2.5831955999917633,3.29202210602594,3.0637201349509753,3.3707901196446013,2.7401436919532256,1.7015145012295574,1.8233766679180732,1.4520216923069058,0.5913650096648961,2.001227007132426,1.0,2.0,1.0,0.1,1.0
2.6266010892583855,1.6268423133309748,1.728737560542081,1.5223621472728954,1.1260423708803882,0.9002288284952606,0.8063196198020378,1.7320858788949993,1.5477683017571868,1.6499710102539622,1.5086630099623843,1.0,2.0,1.0,0.1,1.0
1.301540332599972,1.6283175232275902,1.6578289415939431,2.0307452778423225,1.2838253767171828,2.0983755849897854,2.2115424038722598,2.886010159618311,2.489147864314284,2.1882010287293747,2.3308155874945666,1.0,2.0,1.0,0.1,1.0
0.399364629869448,0.9088697210153118,1.4890796785091553,0.5202996677048394,0.36375409971829886,-0.11720504915347496,-0.10880307546936989,1.4964455476792866,1.1776323399186852,0.8218755364078005,0.16813633749901236,1.0,2.0,1.0,0.1,1.0
1.3037522923186935,2.2388577447555136,2.0499757395744274,1.8348629546132602,2.104833072058129,2.913089711967823,2.010881062766721,2.137474559266459,2.854928123594751,3.1499918469070325,2.5278591686270095,1.0,2.0,1.0,0.1,1.0
1.0367358356494605,0.5289985211944402,0.7884663648043856,1.2324679542168027,1.2985935040860914,1.0738581985278601,1.5330905139939877,1.205635941715158,1.0128064095014,-0.0592294366225663,-0.24239561137200372,1.0,2.0,1.0,0.1,1.0
-0.17019191503684986,0.840217236574438,1.0835161284820902,1.2373905984712996,1.4241585060689619,0.6935144568707675,0.4407970031877044,0.3192522302699784,0.9995743964506354,1.6476544378043,2.280585601421194,1.0,2.0,1.0,0.1,1.0
3.525338130734719,3.473002538829357,3.273768628374186,2.668293980850799,2.575429861399588,2.9958877172762843,2.6041246827897333,2.0666424713148164,2.30261155759994,2.257459783344075,2.3228638330130478,1.0,2.0,1.0,0.1,1.0
0.7008016274343132,-0.34435948438464437,-0.43343502471083417,-0.5771994550249779,0.30533181447757407,0.828889256925162,-0.14901650566756464,-0.10995443113908314,-1.4942177857191627,-1.0048544371133894,-1.574878985723236,1.0,2.0,1.0,0.1,1.0
4.211194931269672,3.8298517225184163,4.059407153658596,4.134087830882391,2.5384967929556357,0.9941987442581877,1.3103323181072217,1.505234893931288,1.455431117018343,1.8459467878904232,1.744671299064426,1.0,2.0,1.0,0.1,1.0
0.8907156411528716,2.292497994382096,1.9669198199083378,0.8800695886750985,1.0142662593041638,0.1370708341040736,0.6952589011655881,0.22080552862057823,0.39110260510997513,1.4318101616710797,1.3610789497687477,1.0,2.0,1.0,0.1,1.0
2.358332464032492,1.0428776009666434,1.1723079222365655,1.445408215882467,1.6785808111546792,1.5154425518133297,2.1625851392270947,1.6999046357807723,0.9736331023973319,0.9374616529180329,0.535106499683706,1.0,2.0,1.0,0.1,1.0
0.9943251451962046,1.8621080132458885,0.6841615682443907,0.5293603866840049,0.920642121153158,0.5195012654691846,0.15282691708261947,0.14615466928834964,0.05299346428165047,-0.6984096014947004,-1.0543833875858228,1.0,2.0,1.0,0.1,1.0
-0.9962884467087108,-1.751558545265744,-0.9854969075301698,-2.296293659259193,-2.1055728464095056,-2.346166551271969,-2.1283639026946344,-2.6093320465607115,-2.649337788241695,-2.890430225649044,-2.629151685869602,1.0,2.0,1.0,0.1,1.0
1.4393327753995797,2.086482781957026,2.180301737804185,1.2286891352910019,1.7703521986419855,1.1317153364734047,1.5426020798979878,1.721944945064843,0.43945834897239733,-0.2900633956768799,-0.4532870146749072,1.0,2.0,1.0,0.1,1.0
1.0988400357271026,0.041555630015653655,0.7226147799118394,0.12491539107973648,0.5191666383510084,0.12850872027720223,1.556559140156952,1.7203368621711759,0.7117634424243328,0.427682330617266,1.045112039822946,1.0,2.0,1.0,0.1,1.0
1.6454390037913302,0.8872388512345347,0.9211578782153675,-0.24242911179417015,-0.8757011924720707,0.049131454768298166,0.7581858288339647,0.07025444877544795,-0.4962842508258023,-0.509599091521523,-0.9832975336193313,1.0,2.0,1.0,0.1,1.0
1.9922699213866535,2.0229057853240726,2.3478364833668532,3.311293418127085,3.911671409414633,4.022070438526983,3.317810132613893,3.002691133952307,3.259090343237617,2.869929098354561,2.712350043270198,1.0,2.0,1.0,0.1,1.0
1.9083924792709988,2.249002590450742,2.0231323408604136,1.6577651073495434,1.7178588317649204,1.8394412988954525,1.3181231082267393,1.0605240381713306,1.0931903557829605,1.532022941082011,1.4187648808325601,1.0,2.0,1.0,0.1,1.0
-0.8514172499529024,-0.5481026489749943,0.3978466551089465,0.3477040681131399,0.009712061228818847,0.6453931775945055,1.2295476050640486,1.151906751716851,0.7701290445270066,0.9457590561400966,1.557861521140759,1.0,2.0,1.0,0.1,1.0
-0.0771842549959823,0.04657902344695557,0.45342182358516564,0.04644736653933812,0.30455555103335546,-0.14325101461119022,-0.043473437758789334,0.46948217311857976,1.0158202569830257,0.5683675482827365,0.028357699713055573,1.0,2.0,1.0,0.1,1.0
2.9768555563907784,3.0846695702969407,3.1377868512952998,2.529752564637512,3.2615353711580686,3.162629710789896,2.5607289197234047,1.6438785468571449,1.8601894983372893,2.1818719487682623,0.7500699005228373,1.0,2.0,1.0,0.1,1.0
-0.32021792257711906,0.36038062673541293,0.08755753476882694,0.48203740406516404,0.07887198315759125,0.10611064594895048,1.2271385213604349,0.46506286036397015,0.4414081178831418,0.6080252290362788,1.7230975898988476,1.0,2.0,1.0,0.1,1.0
2.639898446196551,2.8473168132841518,2.006588642691515,1.0664835983540535,1.179867045191057,2.003018165866834,2.8992617595471053,2.406810161342264,1.7104420044264517,1.1315251273918951,2.466037166584794,1.0,2.0,1.0,0.1,1.0
0.4274833776266058,1.64111683534423,1.494298904696534,0.9549725504650749,0.9568598721526788,0.6975933477219038,0.2876650870377845,1.4260932013654184,0.48323754516757755,0.2517246126672491,1.4194415300681915,1.0,2.0,1.0,0.1,1.0
1.3078338997994132,1.5712129143938944,1.383664874880486,1.1400816883359635,1.760843045508096,1.4222544093270595,1.3869453231301494,-0.0519624756885364,1.0360578433109233,0.6921759752160632,1.695469362811698,1.0,2.0,1.0,0.1,1.0
0.5064924446489605,0.894372857780892,0.2924246931505413,-0.11175053247526451,0.5971663753364681,0.770276599415074,1.0335729533819102,0.5304121637958049,1.3565205842242838,1.5027861269691327,1.5013931118628634,1.0,2.0,1.0,0.1,1.0
1.5239175600982775,1.1028115882923795,0.7027770587271029,0.808641265773842,0.6256946618596685,1.6961834601776362,1.755028709590423,0.7191529384495423,0.42274126001304446,-0.5707502215951147,-0.15411671566610846,1.0,2.0,1.0,0.1,1.0
-1.1311009670947465,-0.2226668992552916,-0.8434203247229528,-0.1320038434287102,0.1744532621210395,0.03939426424861453,0.06640640157393896,-0.29690259257695867,-1.0392625465679313,-0.3556200001462785,-0.46907931327688684,1.0,2.0,1.0,0.1,1.0
0.7120661722732031,0.6857018481504104,0.8924065391331093,0.2462194189878073,0.9028531037940128,1.9269139878693413,0.8317193246609589,-0.3493222497472783,-0.553624382406515,0.5412241655171677,0.5750690955694439,1.0,2.0,1.0,0.1,1.0
0.7352987847739583,-0.851545373196871,-0.9477673771997088,-0.232891743763461,-0.46299561031315417,0.5815254753803647,-0.09759945683929572,-0.4205146599757821,0.5000479651820037,1.1909543569026408,0.5938018878244655,1.0,2.0,1.0,0.1,1.0
2.305671992630812,2.1950588317288107,1.790540979239889,1.9716602331829602,1.850738509335765,2.1852872133104344,3.1910476358236446,3.446584154327622,3.020421806861545,3.048792284423192,3.2016538933606067,1.0,2.0,1.0,0.1,1.0
0.8856912610515566,0.7722818589672628,0.5645980519486762,0.9189162755302218,1.6536936291531865,1.801176011172841,1.4728945591534572,1.1415447195305812,1.3198666157206171,1.9563460531487527,0.5250450890629219,1.0,2.0,1.0,0.1,1.0
-0.1469632212727422,-0.14550717061240415,-0.6637075761037279,0.41813832599351664,-0.24565842415409261,-0.6585562776115538,-1.6149218933806466,-0.21582754314198338,-0.09039618849422182,-0.31089933817538784,0.3470187084191183,1.0,2.0,1.0,0.1,1.0
-0.03410867107293967,0.025930709096566612,0.8018773998532613,0.21041545947889106,0.8700240736764621,1.9469565556378017,1.6165562381920595,2.0554497072906237,2.5117528744199915,2.998919511889345,2.8918242822738995,1.0,2.0,1.0,0.1,1.0
0.7529472643010311,0.3493191129166387,0.6782004460746058,0.25535070150451467,0.3131031988847084,-0.6086248513293893,0.2990505933502651,0.2787815671150515,-0.29607483625079,-0.46615011573792964,-0.7756954515838597,1.0,2.0,1.0,0.1,1.0
2.3183324141025183,1.9929002869012638,1.8013923067307074,0.852952689228353,1.5130278767385725,1.4404980017299491,1.1902211871704935,0.490235433726221,1.2322444215397597,1.3730552243843814,1.3191345775099617,1.0,2.0,1.0,0.1,1.0
2.339082155962176,1.9424856100434487,1.5466214490826082,0.7464943705142316,1.1910750900290505,0.3804521103286761,1.6083166313638333,1.3676637965700282,1.5369651847411057,1.0250107608314853,0.5436642907073361,1.0,2.0,1.0,0.1,1.0
-0.6858261229233311,-1.0837762731995464,0.46673711455418787,0.2629767094771343,1.9198964452106912,2.863900646576835,3.3342832900510446,4.639430548895419,4.65244672720526,3.720347014231133,4.030067845392311,1.0,2.0,1.0,0.1,1.0
2.1540196479103852,2.381727436019202,1.3279473469336938,1.3063436816030296,1.2158099866811414,1.50366849947625,1.836354573475106,2.0494158590045686,1.949820380235663,1.5073041995483174,0.9030066168976593,1.0,2.0,1.0,0.1,1.0
1.9282134350665485,1.5496316504996535,2.221001197795148,3.1635578142299066,2.4165931920235546,1.9009592608319117,2.0959520247144474,2.1301725761724253,1.3942911513029297,0.06651405156794943,-0.0990223746255739,1.0,2.0,1.0,0.1,1.0
0.3453624523858624,0.7924392524132575,0.33139511306586483,0.3531496576655888,0.9825727399996904,0.9216507531843696,1.1434181884485546,0.4677480307168588,0.590771226214538,-0.34830704219624986,0.13159895783656625,1.0,2.0,1.0,0.1,1.0
1.257636733176852,1.796632234454066,1.60751383289338,1.181831495268451,0.929257699921895,0.6128022297087602,0.5856971563169401,1.8132992161368002,1.6759889451197862,1.997449383432366,2.0360037464901706,1.0,2.0,1.0,0.1,1.0
1.618855484571737,1.9067427643746726,2.945834537039001,3.025558924060663,2.9319565844063527,1.9876360631414822,1.2844207897297886,1.3993793221287258,0.8148686759944441,1.217974493149912,1.4497493940224357,1.0,2.0,1.0,0.1,1.0
1.273671302307231,0.8634924256225905,-0.24518275163206849,-0.6976109642984487,0.04544591930363018,0.35613233404060335,1.0742988245970813,0.9571575907670731,-0.5917586066188375,-0.1986804343677901,0.9036801811343215,1.0,2.0,1.0,0.1,1.0
-1.3312876489414216,-1.6581557497998132,-0.8086820575453667,-0.3258270385830193,-0.3896881343564929,-0.3487885884823215,-1.4909804717644457,-1.5865868373018812,-0.9066957687296104,-0.46552186430766634,-0.7391172798886807,1.0,2.0,1.0,0.1,1.0
0.7739006213389461,0.5092037391898414,-0.28773843289473144,0.4858782006004907,-0.3427415533713545,0.2084765579672637,0.7513919879905406,0.7388302334437933,1.088948645426539,2.8060595969128768,4.439209065807148,1.0,2.0,1.0,0.1,1.0
1.9405143725865623,2.2512790678711165,1.9886992127441219,0.989329039804901,1.4111616265439058,2.0019274978054717,2.342339215231048,2.709706139404382,2.4566561832235636,2.244896067089784,0.9168677103538394,1.0,2.0,1.0,0.1,1.0
0.8802962371270401,0.7878312177467711,1.2850775172386255,1.2806255642962683,1.0249294337693489,1.3036224273694206,0.8022332429536359,1.1177668836047712,0.8112411159376123,1.5593388255089282,2.7022811257551167,1.0,2.0,1.0,0.1,1.0
1.5280405059766404,0.4133726497494481,0.9229959872558944,2.128346974902899,1.8800390402957716,1.9324202547834353,1.7224615579586409,1.7011377618511043,1.1306097548919274,0.13085398171417328,0.1570897612352653,1.0,2.0,1.0,0.1,1.0
0.7544234385232104,1.9475130928712348,2.1063336797775274,1.6181264662298476,2.0748975112576606,2.175500295807797,2.6094237240848677,1.3058589541571974,0.8908649615162718,0.597840531448555,0.3940390512337807,1.0,2.0,1.0,0.1,1.0
4.339522912436917,4.492351829419051,3.4453305661402966,4.1564733882702924,3.760098463529717,3.2935081623526177,3.2384431139840317,2.395732767084341,2.112307252600367,1.7803100720640928,0.9071040996880304,1.0,2.0,1.0,0.1,1.0
1.1163555142152175,0.6933590610685063,0.20970632027306702,0.0772483924161082,1.0094691835931136,0.9140154755950993,0.6621128683090506,0.7076612589543516,0.8467253335431473,0.1329098357996964,0.8280669763191103,1.0,2.0,1.0,0.1,1.0
2.2918468044096625,1.8048203529755893,2.2336916571494223,2.78868013532557,1.4429767851556823,0.08807081081384305,0.2248615139617123,0.7089917152416442,1.0152605508601447,0.48466958616646894,1.1998375733949183,1.0,2.0,1.0,0.1,1.0
1.064293299720384,0.8110567252238365,0.10868414720858821,0.3108527504292032,0.06664978209959688,0.5184928405068506,-0.9351336444958849,0.21023079633544417,-0.5082752650945779,0.2959705316991806,0.16207962140633578,1.0,2.0,1.0,0.1,1.0
1.9322054807238307,1.63944705417899,1.0497652023208541,1.434706721792642,2.1244012246500428,2.0946660113242563,1.428616457965048,1.709143424193311,1.7112760972917331,2.2337808601245595,0.6470667734352433,1.0,2.0,1.0,0.1,1.0
1.5860941097192567,1.3850537006584325,0.561187027343469,0.8868431388563232,1.057022740210164,1.4352676921458196,1.9700406281223701,1.8786207067413665,1.6918776580765684,1.553140820701117,1.633357008998125,1.0,2.0,1.0,0.1,1.0
2.886746138985972,2.7039376267906428,2.0646695608702266,1.6838078670388643,1.8551931192208786,2.2534235165887493,1.4499318393889036,2.2098303965230732,1.5210683314453146,1.4635284079863171,2.288207006818927,1.0,2.0,1.0,0.1,1.0
1.6249772578829755,2.96536993367724,2.8448031137856726,1.5666343504268347,1.3615890773315664,2.008133754410392,2.537708182668261,2.724102275840446,2.593590775528161,2.953208020548765,2.473775262895031,1.0,2.0,1.0,0.1,1.0
1.8978733912024717,1.7311978537858896,1.025889235153283,0.135480184759027,0.6238855954040161,-0.4234025712946945,-0.7742005799114525,-0.742348567241259,-1.3704586196279682,-2.0216512748900004,-2.8918275744332274,1.0,2.0,1.0,0.1,1.0
2.2198103423801037,1.9900712313500337,1.5524481040921154,0.9617116667095172,1.1772202703264751,0.2342200964087643,-0.3598324342051302,-1.4678210493207682,-0.6872521341068367,-0.3278378398778047,-0.004663773371640728,1.0,2.0,1.0,0.1,1.0
3.3733855972501297,2.7222766865003467,0.7595797580414465,1.5327850710942528,2.281877907744742,1.8955445312896322,1.7422641207965381,1.1821007257648637,2.01511961771218,3.0167918749585576,1.6573603493993998,1.0,2.0,1.0,0.1,1.0
0.6399030460287534,1.5905126919574988,2.0613303109399865,1.4120781283030568,1.3047198764390606,0.3920773628738914,0.7392856460159356,0.3573929594804564,-0.5737742373236627,-0.7750940663331648,-1.0823219029271776,1.0,2.0,1.0,0.1,1.0
0.7952116972813974,0.6317323922379608,0.6907683174362059,1.5360437068652608,1.8231571347908662,1.457418589059647,2.0734771147025715,1.371969210518191,1.718527604767238,1.0869478517572908,0.8308425513838056,1.0,2.0,1.0,0.1,1.0
1.146705057386657,1.488609221144793,1.7657207487695603,1.8757359046245723,1.0267794369840209,1.4168616803940872,1.8071657384128663,1.67801669354004,2.193291432655515,1.8424673322275564,2.571520391092275,1.0,2.0,1.0,0.1,1.0
0.9035990391222951,2.055779743173796,2.362933278888309,2.5108603621105474,2.1410837196451467,1.6207721395766084,1.682013226599396,1.371444962137317,0.9983848763096,0.6889060189125049,0.3021298935583529,1.0,2.0,1.0,0.1,1.0
1.3304357748740205,1.5654151851742848,1.970408204324932,1.521786861774752,1.8264178842531926,3.020521862571451,2.6269336953211178,1.5620102189022018,1.8717456837701207,0.7863524842048486,1.115751214124385,1.0,2.0,1.0,0.1,1.0
2.5928315690063,3.09262729478208,3.1929707525672675,2.805265974104863,1.2272735093044658,1.0253615924636503,0.2808798292811119,-0.8165546584125414,-0.8294013768245863,0.08508249760540387,-0.40062124768836255,1.0,2.0,1.0,0.1,1.0
2.514143130009244,2.2908024807829896,2.847253938012492,3.136572622467357,3.332754102960404,2.9096738482040045,2.899183050981888,3.5484450261174914,3.350502711664574,2.8704487698936387,1.9846948154926765,1.0,2.0,1.0,0.1,1.0
2.9325656823336455,2.8689687917195754,2.421424065493115,3.131168123276057,3.965533099740527,3.720323367189348,4.714255732625292,4.043801507985422,3.877820545200633,4.116346406096723,4.319763806598244,1.0,2.0,1.0,0.1,1.0
0.3736905234899349,0.5578476055706285,1.9689297659987135,0.2597646389720485,-0.45582858799221165,0.6912804557232461,0.5521130622462784,0.9279300699981339,0.4937642437156881,-0.7833338923554246,1.052884463364447,1.0,2.0,1.0,0.1,1.0
2.783866237246309,3.391401696041683,2.8058192136136775,2.2741381799301337,2.362564970642321,2.2630398479067204,1.3050378405020722,1.5319141956251277,1.419695152689706,1.9288323004562566,1.824653688656497,1.0,2.0,1.0,0.1,1.0
0.3281403966136504,-0.39858856910961804,-0.8306526761439855,-0.7295941288323021,0.25165894896408125,-0.3311314504708074,0.035995528431031515,0.3469251192558814,0.10354816315521193,-0.3490183310755312,-0.46596893507137405,1.0,2.0,1.0,0.1,1.0
0.3243932618750632,0.30902356223727434,0.23677308842571898,0.5015852778354347,0.7101798284922215,1.3650408255240083,1.2534754229375675,0.824163396096738,1.5171184575007226,1.484680670883642,1.8300626623986858,1.0,2.0,1.0,0.1,1.0
1.5362476145896227,1.6328566300965126,0.8993047664865884,1.2059565135986317,0.2581846196249352,1.6571106088596013,1.0134988909074,1.8706950462719893,2.6270628002227365,2.7014532031116625,2.257820472282005,1.0,2.0,1.0,0.1,1.0
2.178787895573396,3.0479200931802306,2.587339356538563,2.8136493147276793,2.028935642515269,2.6300372305504727,1.2551981023574568,1.1649462929323873,0.8222517251364894,-0.5757070242765482,0.0060556416421331805,1.0,2.0,1.0,0.1,1.0
1.5294410635354332,0.5894786004519683,1.0091763761198163,1.0574174373815644,1.2056015521439707,0.8964517099209246,0.32489612025328996,-0.5477653144139053,-0.3295785288141867,-1.058385383610834,-0.8378834751854743,1.0,2.0,1.0,0.1,1.0
-0.08664642148076178,-0.057845042482251294,0.512164674158024,0.2079208078640568,0.5812221585480584,2.493302843033242,1.6071548770428605,1.715432717234142,1.5902976146881602,1.6955047225997066,0.5374275883760087,1.0,2.0,1.0,0.1,1.0
0.34926380326776924,-0.3256932220374239,0.8540168520535529,1.4156957595271304,2.0553553592133413,1.7050682783933535,1.0984690763889806,1.8760590763618794,2.0821244145355937,1.773110922943272,3.451227032544055,1.0,2.0,1.0,0.1,1.0
-1.2837974138717285,0.005762613158347918,1.1736217109747111,1.405726841596925,1.886035985924206,1.8109231661940073,2.660749751952806,2.337816000920789,2.7541826718768956,2.3573536542145868,2.691567161943851,1.0,2.0,1.0,0.1,1.0
0.8805343221977974,1.8201961611678419,0.9577379621714827,0.7722319494110925,1.3554137159758608,2.013453557955977,1.991026765936711,1.9696951787642973,1.2008691091970305,0.6247222850807971,0.09215480125565256,1.0,2.0,1.0,0.1,1.0
0.09476737025269702,0.21653535644333433,0.5535583946788054,0.44747893256751814,0.16861416221293457,-0.19552127885996273,-0.13748837194703442,0.31043419919007686,0.8204480431739039,-0.2950776387326286,-1.7494811514468431,1.0,2.0,1.0,0.1,1.0
0.973623173297314,1.257061376258394,2.0312029188983316,2.383741987327457,1.6943901800052932,1.20233671331225,1.6911112634805106,1.7156955349388854,1.5479305718880474,1.7697097469970637,1.8432682218696783,1.0,2.0,1.0,0.1,1.0
1.002658695517031,2.2499425877987527,2.0886426820595747,2.496049388403832,2.180621331267496,1.414532244171852,1.8768148635396544,3.006171852551887,2.7738948375586356,1.519644335956111,2.728494939322056,1.0,2.0,1.0,0.1,1.0
-0.9747797471774611,-1.1371571227473407,-1.2250743265117212,-1.1775939578354788,-1.5195023422344536,-2.6711839672112863,-1.6997242153539198,-0.4915761883530101,-0.29321168767290406,-0.02197225042108572,0.2569716444195263,1.0,2.0,1.0,0.1,1.0
0.5706921518314345,0.2925507980407125,-0.6205538263258041,-0.11694495777929798,1.2744498565648084,1.1134835785461106,0.37869661895723217,0.34547793356984935,1.2616747566448323,1.1071148434069973,0.2599801062907403,1.0,2.0,1.0,0.1,1.0
1.6698796079678593,0.552557809307535,-0.5118788242443612,-0.2546651679297275,0.7923226160515238,1.9116529765727792,2.0178079826516404,0.8044550628514813,0.6867961497334458,-0.3924376037294106,-1.3402245194032174,1.0,2.0,1.0,0.1,1.0
3.9042584807792347,3.909057828185886,3.4930619995031833,2.3632498295906506,1.6741823131557383,1.9740189072825238,3.6413138689351703,2.9348864863648645,0.37714380464342323,-0.14557558188158082,-0.212229359109677,1.0,2.0,1.0,0.1,1.0
-1.8123516866412595,-1.3446737516499028,-1.4984914297180945,-1.2601655628242872,-1.383152693576291,-0.8636468658990537,-0.626669995637763,-0.717191775164363,-0.7746731008537268,-1.284330269587295,-0.2238286752559726,1.0,2.0,1.0,0.1,1.0
4.27337126399074,3.9617270345309055,4.326436889075126,4.408259004546479,4.633270838312125,4.30416134450643,4.704790505965157,3.487708662938705,2.661195088711982,2.201412310915181,3.1064045911601283,1.0,2.0,1.0,0.1,1.0
0.9043405522904646,0.6599029006882327,0.23298253471009978,0.8467310544634097,0.015952210729286764,-0.05855884749933615,0.037126993370757956,1.140855170623475,1.6799040630121267,1.6326554869473113,1.5755487142269122,1.0,2.0,1.0,0.1,1.0
2.10651774634345,1.8276676276083814,1.6253649571460416,1.986634873180653,3.101256524055608,2.728946080774264,2.9384825109055726,2.250330574566768,1.4905701323836675,0.9140427771327919,1.8427814005641325,1.0,2.0,1.0,0.1,1.0
-0.477975035861348,0.8852894735217649,0.5438738591225347,0.3627279039190916,-0.08530596269689561,-0.25244727593503347,-0.30213072140490593,-0.3267237465752715,-0.5916359267804899,-0.9725718428677128,0.5134879170277317,1.0,2.0,1.0,0.1,1.0
0.9339708746350515,2.4026827065742484,2.0588666632831716,2.02392675217517,1.0106579088565397,0.8500794676543607,1.2966003492549003,0.6752286545245562,0.7559345520711969,0.7539358795579671,2.245892431425726,1.0,2.0,1.0,0.1,1.0
-0.6858586584965701,-1.2503218113896768,-0.9536067183420407,-0.5371565214243124,-0.5858112500580313,-0.5999943092981863,-0.25869886889984867,-0.664653188658484,-1.1058481662913766,-1.082684219616748,0.31723181737824757,1.0,2.0,1.0,0.1,1.0
1.3394184097987083,1.5380608672614373,1.5956313806475229,0.5845811834673088,-0.04036602591555816,-1.0833473133413214,-0.6282570492365545,-0.7660311178067588,-1.9130409082920052,-0.9667874356179084,-0.07271123518305245,1.0,2.0,1.0,0.1,1.0
-0.15227264412710562,-0.2615750194909725,-0.024762803755095972,-0.2236037257071642,-0.5114273545606303,-0.38173277904681024,-0.09011707218215714,-0.4102756861338217,-0.24265483028462162,-0.3900537183673301,-0.0008382248889159949,1.0,2.0,1.0,0.1,1.0
2.489765449438586,1.41630782761582,0.8944836891351703,0.36645356299339205,0.19215423399270115,-0.18158111971602447,-0.3996791064779094,-0.8384321129134868,-0.0969987174019501,0.5536540046258358,0.7190994873475937,1.0,2.0,1.0,0.1,1.0
1.3775285028546544,2.8384536411750814,1.949378180573743,2.3136830944254085,3.436349843398708,3.318768449011493,2.739014126444917,2.96159840735782,3.0623033715868364,2.461230407830604,2.423277131831657,1.0,2.0,1.0,0.1,1.0
-0.25057298315432214,-0.25047114553010486,0.2271321744422026,-0.28866149868305013,0.758269822822728,-0.08389474889773829,0.10604692435313923,0.38369584132246504,-0.26810984450672615,-0.9654150864653553,-1.795799968449586,1.0,2.0,1.0,0.1,1.0
4.248778258286854,2.787829100391399,3.344418257642016,4.383827949166693,3.3832002792711746,3.2429957645012206,3.4029420354150206,3.487853795321903,3.606545681660668,3.6432386058908,3.323198394883921,1.0,2.0,1.0,0.1,1.0
1.5675510819454965,1.725240669276205,1.9013930960269376,1.391958775967026,0.569760444739665,-0.9871871660978566,-0.33236150876133713,-0.1883741091356663,-0.15501464879302163,-0.3710599133987821,-1.1453737009274776,1.0,2.0,1.0,0.1,1.0
3.0909831230989973,1.8326234551034895,1.1173331490498997,1.4219356650115091,-0.1058961058044765,-0.5021729739393016,-1.2448679670913854,-1.867607127251903,-2.033973904824584,-1.3639861365012858,-0.37142797995405596,1.0,2.0,1.0,0.1,1.0
1.7785421710442206,2.19931728883675,2.02749374307509,1.0451118171895517,0.3759673287249402,0.8045433160380978,1.4503974698887072,1.719094832154807,1.040696349024625,1.7178389534669187,0.6365444849728386,1.0,2.0,1.0,0.1,1.0
0.02863182334943542,0.2975103565987104,0.8606814561208406,0.6269157898605494,-0.47078580948247684,0.6754560804121152,0.9729155287604063,1.1621918030245237,1.2645011363694754,0.31165798167144376,-1.2867517055986428,1.0,2.0,1.0,0.1,1.0
4.802615698794894,5.643128749117183,5.724043142207783,6.524563348657423,5.11665006060293,5.5769638199542495,4.874970091057975,5.934262464119715,5.257271729061419,5.886647405615447,5.274436421880637,1.0,2.0,1.0,0.1,1.0
0.723189098545639,0.4357129586904754,0.6302805045575396,0.5563911192670399,0.4208284013385075,0.718849537553971,0.6223655831383871,1.8572679704855644,2.1235326709912776,1.4455752816353802,1.2556011808881793,1.0,2.0,1.0,0.1,1.0
0.8808472121488066,1.8955301995800622,1.4135268613735503,1.062895697392252,0.507922158183871,-0.1324372082727434,-1.1295652325430774,-0.9623873852395501,-0.21747257372201256,1.4440284758869564,1.7572296779371768,1.0,2.0,1.0,0.1,1.0
1.0791846661631308,1.2775139120913668,0.9899788508037611,1.0237101031653784,0.9986524125231495,0.32549794739140414,0.5272418117053397,0.7047285406052538,0.42046630672810303,1.1530165781629917,1.304947190199187,1.0,2.0,1.0,0.1,1.0
0.6149036659291398,1.1258448925156948,1.6313868487164074,0.642977188105071,0.9585255313130916,1.3348295364023641,1.4810241110959617,0.7062591264005397,0.043623388704914334,0.582611263436013,0.21172277038291798,1.0,2.0,1.0,0.1,1.0
0.149797345373847,0.8449176711429878,1.09238711908085,1.4424537523948806,1.869792139783944,1.6100825790640858,0.18117858834531075,0.8603681710202655,1.3630612789833818,1.7013535192735187,1.9269262203992672,1.0,2.0,1.0,0.1,1.0
2.1910615382528817,2.0437028520002163,2.236874375328445,1.6744786817105068,1.6921580310288407,0.3934818627611163,1.5768684105174922,2.2543949161474535,0.7458988741628216,0.2167728352186763,0.1322086368259498,1.0,2.0,1.0,0.1,1.0
2.1612016599164665,1.7361819240346033,0.8980928522439577,1.1661187072529244,0.14356093236704393,0.5843692642218798,1.254410610229947,0.6299763846688861,0.6385283753003197,1.160329177855233,-0.14457530016520326,1.0,2.0,1.0,0.1,1.0
0.7710711636996909,-0.042762132200540925,0.6306558538448512,1.2881121828729174,1.4137469512765402,1.5835611390116542,1.870014912768358,3.110243199789584,4.510621765784496,4.056993550882382,3.216832757778445,1.0,2.0,1.0,0.1,1.0
1.272248539206878,1.6337677808122502,1.5684090313209216,0.569271578043095,-0.13396089485520457,-0.2322658687298002,0.4241432382552433,0.04092591510901633,0.10773378683219989,0.06531441645196223,0.16095595754923317,1.0,2.0,1.0,0.1,1.0
1.4110908639604693,1.3665252429813248,0.6871136988895642,-0.2827845762249791,-0.9366475356198323,0.6707961493601492,-0.08479781616536186,0.1483400495772804,1.4204086258103887,0.7241653665980967,-0.2682027993787335,1.0,2.0,1.0,0.1,1.0
2.9568121866009114,3.2503517766076135,3.2900029843495533,2.538629964814158,2.963200737764364,2.9741747183163487,3.2100683518621587,3.2166704786139126,3.419217673048784,2.264134344219406,2.492761671532744,1.0,2.0,1.0,0.1,1.0
-0.23114884586748285,-0.43519567748902516,-0.17643736786859854,-0.4005279839404905,-0.7387087873515117,-0.1256953419351699,-0.6489019075833804,-0.5659576344207036,-0.46797537283257906,-0.22449379719685275,-0.37860950115987985,1.0,2.0,1.0,0.1,1.0
2.0936445546214726,1.9821934293882428,2.357906858957161,1.8806480881193064,2.108424461009849,2.452101260793486,3.123708666878594,3.3515061726743034,3.275566315828056,1.6711727019991383,1.1090502640285236,1.0,2.0,1.0,0.1,1.0
-0.6629154423874439,0.6408688658036531,-0.08935246297945243,0.282220556177492,1.4680397306116562,1.9611807069580505,0.9924519378442933,2.4733913791426345,2.4051231087297866,2.8302759308077876,3.3805430146628375,1.0,2.0,1.0,0.1,1.0
3.5756602493634553,2.899005530926791,2.7808486787391633,3.5355111640262327,2.3081143387218357,2.5127349882845134,3.1028836203518297,2.2582916491596285,2.3084358966406224,2.4866247618521853,2.6815459833876623,1.0,2.0,1.0,0.1,1.0
1.5022184203264524,1.2234630322089335,1.3956779780430133,1.7814568978088932,1.329258579102245,0.6806014463427152,0.9102421910098228,0.7111509937494872,0.41256024911035144,-0.39657788670696337,-0.8516962458648477,1.0,2.0,1.0,0.1,1.0
1.339196144780564,1.7152144033724226,1.1814934255359875,1.6264880180264627,1.0504351551705444,0.7193234371487485,0.4991263574831811,-0.04327324394858689,0.6288161532608981,0.15858606324999835,0.694071235519141,1.0,2.0,1.0,0.1,1.0
2.330181180455473,2.479633785784793,2.113091230464782,1.7009248007471576,1.3857001515862475,2.0295861437386877,2.051577931302668,2.820636067788402,3.175031372947853,3.880667359351146,3.9746136474915983,1.0,2.0,1.0,0.1,1.0
1.1056614769867612,2.3277191466414817,2.030197009360096,0.9034786982767902,0.454898826519433,-0.18809130053935585,-0.5896175874626682,0.2225774002787958,0.26252462582272773,-0.6058668794828899,-1.1090142138089196,1.0,2.0,1.0,0.1,1.0
2.1537330648708877,2.679205372719171,2.627492095399407,2.4952186275188817,1.1413905199316456,0.7475048025500659,1.4487474507084868,0.7372690155874749,1.281955442662632,1.6785441247514328,2.424732475860827,1.0,2.0,1.0,0.1,1.0
-0.2756199490559227,-0.4342297371233951,-0.424333601733739,0.016044446585821326,-0.8296726162480355,-0.9584045807000503,-0.5388363702266799,0.07904317770402475,1.1623066745026365,0.7043876395096058,0.9451194506070486,1.0,2.0,1.0,0.1,1.0
0.8188120838360542,0.19363402577405997,0.15604832783209238,-0.49684451511113503,-1.2681097829830552,-0.7215803632580301,-1.64793631548618,-2.3630961093946756,-2.6775355102862783,-2.0616936620797155,-1.520730109124913,1.0,2.0,1.0,0.1,1.0
4.92605560734203,3.3577451287883635,2.8856922142431425,3.332541064229261,4.021920700897976,3.927956785362539,2.4553059933649646,2.505079739403364,2.350349112680502,1.0698941029991995,1.8306508106091597,1.0,2.0,1.0,0.1,1.0
-2.3462212116324594,-2.958749316925924,-2.7767427636624116,-3.0444486442687846,-2.11791003963877,-1.893422296109927,-1.7792749062873077,-2.105937387222583,-1.5936748037026547,-1.0970472448136803,0.31740722692723666,1.0,2.0,1.0,0.1,1.0
1.3901575706923686,1.9143576746233806,2.243578343691622,2.8813693332992223,4.053025002324931,4.276362309473746,5.067036455089744,5.210593397018016,4.258105844164436,4.1821094907152006,4.575620152473827,1.0,2.0,1.0,0.1,1.0
-0.6717725350729733,-0.22951262759275254,-0.7638299335208232,-0.42687572018491704,-1.5699057946404036,-1.881289773965305,-2.9323719788394946,-3.240986481035877,-3.464059258740564,-2.8304350422565916,-1.556466071713066,1.0,2.0,1.0,0.1,1.0
0.626866765572264,0.5236513778894635,0.9530238840058443,0.9244858900266173,2.011354686111929,2.138049173778639,2.9588228123541294,2.485282239350234,3.6331941787215225,3.221584346063725,3.99276549893869,1.0,2.0,1.0,0.1,1.0
3.4569018628184045,3.6237895463922296,3.1044633985177827,3.3170778670131256,3.4575697374528986,3.2529280645315564,3.237831679299757,2.469445817625444,2.1608621520179674,1.4611642018396154,0.8654293137737888,1.0,2.0,1.0,0.1,1.0
1.4068234872577376,1.684562010261649,-0.18557985730005044,-0.18425272468437903,-0.14609583675948173,-0.024907201909950136,-0.41301981721763537,-0.9105962603752827,-1.9626488135899407,-1.9036441684130525,-1.5561008604429452,1.0,2.0,1.0,0.1,1.0
1.213098804844685,1.7477202624642618,0.5448466815356476,1.0669769306271302,1.184007844963723,1.923363084885737,1.9963865165186903,2.2310124952411323,3.1613012113453607,2.4835295418134575,2.1490469369112755,1.0,2.0,1.0,0.1,1.0
0.20370628008050598,0.5877696199395396,0.5765511508195273,-0.28873957101961945,-0.20051864507346237,0.5674814163497219,0.015630102401685497,-0.40493311557912276,0.9996206711246817,1.3346778171867393,0.8413452754587085,1.0,2.0,1.0,0.1,1.0
4.009599810977467,3.576571883845302,3.548845892888952,3.7553836901046393,2.3844826937253947,1.99236316003819,2.0005152390171497,1.6141403604398925,0.9121932537187389,0.5562282733908506,-0.43874223365337917,1.0,2.0,1.0,0.1,1.0
1.6244870736473902,1.1206202987924558,0.6409366146418727,1.1738081201499855,1.8789334660244024,1.1603494025649086,0.5720783034623836,-0.4892469730157841,-0.06426327659415898,0.5764154010248956,1.2403526040907886,1.0,2.0,1.0,0.1,1.0
1.77457687433646,0.536337681205836,-0.04969105823260378,-0.6463410343591282,-0.33490092979902686,-0.550579335191171,0.3894928470821607,1.709638806312871,1.5522934022354626,1.0030328629035923,0.9831684444406188,1.0,2.0,1.0,0.1,1.0
3.0482718987130624,2.8411827847627698,1.7241373178811825,1.1513485020397236,0.20558751500776729,0.5729431408526746,2.0284784411647623,1.5516381197889233,1.8393593064718277,2.06462418310095,1.229287557130517,1.0,2.0,1.0,0.1,1.0
1.1859905875041252,1.0459895954522336,0.255842027044492,0.46033483331292446,0.10580426829033901,-0.4253653950841618,-0.0037733531498486683,-0.382002085043861,0.018498919495989447,0.22783699483400782,1.2279180368223697,1.0,2.0,1.0,0.1,1.0
1.4363553459994907,0.6457393414304571,0.08725698681850247,-0.2583376833818841,-0.2752340072595929,-0.5852200703692481,-1.039920004146792,-0.5548645641566405,-0.6325738739155896,0.176918701618911,0.6219398947346529,1.0,2.0,1.0,0.1,1.0
1.5419072884915042,0.9933926062816232,0.037347646631644804,-0.4378858583220865,0.687856271305798,0.7194660861885717,1.4583259269143631,2.112070742797168,1.6522393623980607,1.4642719428299347,1.9631496524971217,1.0,2.0,1.0,0.1,1.0
-2.2065299182936484,-3.0390158514695367,-2.6189952934648693,-2.810252007876948,-2.9266880972334928,-2.6648364935046245,-2.339255450888038,-2.4122944030909785,-2.654630985435791,-2.2731382795450643,-2.086908433814495,1.0,2.0,1.0,0.1,1.0
2.0788789938319083,1.4865623481719752,0.02289802117220896,0.1406314803389504,-0.32526558384583293,0.23858864394859866,-0.2486156254952946,-0.7067880638436812,0.5686590074995302,-0.10195017590160982,0.1501436727935223,1.0,2.0,1.0,0.1,1.0
2.626795280505712,1.8054191485182611,0.4346609812560467,1.2407878791146363,1.3471412923545953,0.1497044376622958,-0.34857521239322176,-0.4701016057542282,-0.008699410428554544,-0.1569040632315706,-1.0747402269967483,1.0,2.0,1.0,0.1,1.0
2.510535637359274,2.000794629269942,1.8575094654679773,1.6131418738535461,2.479184302382488,2.5720857860613098,2.5683866482588433,1.689782319986036,2.5097601727742633,1.6473745090206386,1.3435583821651025,1.0,2.0,1.0,0.1,1.0
2.104645640891882,1.38548481453395,1.509290681607468,2.6168854583498122,2.709871051076598,3.1643516777217853,2.3864694279239576,3.2550722042094757,2.8043542305469096,3.8803885923206414,4.024848843424104,1.0,2.0,1.0,0.1,1.0
0.9477368522865788,1.0162070776827619,1.8860201140392032,1.2042684719463796,1.9698171633561743,1.5856650669023362,1.4437508295067303,1.7413272152711639,2.7069068232915265,2.089838197799868,1.1044823073672052,1.0,2.0,1.0,0.1,1.0
0.13796533209663944,-0.1657001132868589,-0.6198291048758793,-0.7774077203986771,-1.3747945195482534,-1.33177279299969,-1.2236203715977685,-1.4668152010565534,-1.4184381828416193,-2.670468558863659,-2.7933454538270377,1.0,2.0,1.0,0.1,1.0
0.46469342331320956,0.1346299421277109,0.26195441385351287,2.1463610021985273,1.9847756810299735,1.465692509499611,1.9480518725148546,2.3446325935055605,2.411286402278405,2.7994995216960183,2.798542034326137,1.0,2.0,1.0,0.1,1.0
2.290774197394729,3.8006962320701403,3.627521614721894,3.8285621156735923,2.494334297582248,3.151184580320063,4.160244707751303,4.647420951040299,4.266225831805305,4.796103611634939,4.448920360611903,1.0,2.0,1.0,0.1,1.0
-0.7767327392784531,-0.7931596843888483,-0.5765885614536052,-1.0544861603469615,-0.9225626088564193,-1.6975075202906664,-0.5196219615661193,0.5257392906993716,-0.3592862595169075,-0.14732274566662695,-0.29923078004051196,1.0,2.0,1.0,0.1,1.0
-0.43546253626994447,-0.7653424611341528,-0.3909208811105055,0.822748730593305,1.2015634596979587,1.3567556754234407,1.5569992887478403,1.2053297239720446,1.7832210501580883,0.7599822343190767,1.658470170054001,1.0,2.0,1.0,0.1,1.0
-0.43538349601187093,-0.5612085739813875,-0.032400083749739184,-0.4310408045580429,-0.04582833355076371,-1.0846350709574546,-2.054918656540946,-2.354681460169973,-3.516931246801134,-2.6398525388096985,-3.2486847483113332,1.0,2.0,1.0,0.1,1.0
1.90535970951526,2.0314071497676855,1.069837233280079,1.1230985818356554,1.8778077161773197,1.7201509130281367,1.2277629132659298,0.622560718047619,1.1989930479122357,1.5029704858475914,0.9673590183886638,1.0,2.0,1.0,0.1,1.0
-0.7136110718151896,0.19836215562740256,1.0318577113482252,0.9263445160920984,2.4342838248875953,2.5258314801278265,1.610892936350969,1.2250266350280146,0.9518158916937416,1.4730633274588674,1.4626026339368785,1.0,2.0,1.0,0.1,1.0
3.2846556898326456,1.9403434991325132,0.3921261709733219,1.5004221344964561,2.1990882469323685,2.006835412919727,1.8836476436227243,2.1199663944657536,1.6181508450188353,1.02502109173003,2.0613338776755272,1.0,2.0,1.0,0.1,1.0
0.6116404581913694,0.7937513761847048,1.7074902812410402,0.881681606810117,1.0773787349713309,0.36764728826839177,0.0007967876173146093,1.0286977655270912,1.0262516812602722,-0.1604978544775495,0.04095685782459721,1.0,2.0,1.0,0.1,1.0
-0.5962161794441712,-0.4499106418059779,0.35797420165310767,-0.19050075825392598,1.266006438431678,1.690130702819396,2.0710188343827576,2.103929521278828,2.5200748985253068,2.4464354035470577,3.2927219846113984,1.0,2.0,1.0,0.1,1.0
2.4502678421023787,2.551040093562118,3.0705584398032175,1.6403329046656028,2.064949435656347,1.6985754627902296,2.0762340594947277,1.0359409690942534,0.9793302524061861,1.3664369003355512,1.4708064051267722,1.0,2.0,1.0,0.1,1.0
-0.31577552304245343,0.9348569799553125,0.6903053597416942,-0.04945648525461488,-0.18637025900025433,-0.5577192026711194,-0.38686936087835455,0.555994776391827,1.2400581334068224,-0.28906462010240896,-0.9067914972601508,1.0,2.0,1.0,0.1,1.0
0.7330444777822172,0.9810538661429365,1.8508742466115045,2.3056475634661098,1.3669631156331654,1.2131215504137145,1.845579335938795,1.6374337518040856,1.0301167391051838,1.2402530554073954,1.6257682220329222,1.0,2.0,1.0,0.1,1.0
2.4007328359190865,2.8272279871530452,2.723263361244353,1.6729825483086889,1.5515795131068593,1.8774908752990582,1.9433986989001688,2.034538918177595,2.582296083387652,2.348569001746838,1.7089056411388712,1.0,2.0,1.0,0.1,1.0
2.0554272588227422,2.5592808515078884,3.4403321496718346,2.4586098162139476,3.106097154569165,2.48115731832345,2.4313144204279142,2.6018978694250245,2.133297249042428,2.416085603413088,2.233722598396471,1.0,2.0,1.0,0.1,1.0
2.7004997524905776,3.6706855168118073,3.3754372491299574,3.414334878656229,3.3537499957472927,3.2375729699391105,2.0640689002762618,2.2057158113517406,1.9728682862035594,2.2614286473509417,2.273976809975519,1.0,2.0,1.0,0.1,1.0
-2.4833817905632567,-2.4238042544300225,-2.4102838043964345,-2.2198382519943305,-2.0312191235249895,-0.9665199669188533,-1.1334299280666709,-1.6144745870058639,-2.100349336127319,-2.1385552373723904,-2.033352010588531,1.0,2.0,1.0,0.1,1.0
-0.01023618109382909,1.1902907315163802,0.7387734592559512,0.2948808324921052,0.8234178616554777,-0.06643639221990905,0.975269574957307,1.0720124473512855,1.6940481542114156,1.5407129850350167,1.877156996522886,1.0,2.0,1.0,0.1,1.0
-0.44813424468570145,0.03572745001875727,0.4655403743422835,0.18810945330814016,-0.7245580265343207,-2.025189720509115,-1.8317017305774712,-2.0797500581334507,-1.6106646164285465,-1.9293065900570752,-1.8241920521981243,1.0,2.0,1.0,0.1,1.0
-0.8764102855013166,-1.0921241696943067,-0.1484938567260512,0.03669071484398363,0.8606016516002812,0.7126925902549021,0.02163645540547221,0.0011864397788509673,-0.9966083611935077,0.039374735900907454,1.01683131980436,1.0,2.0,1.0,0.1,1.0
-1.023233580302297,-1.4830589664385598,-0.593340676172847,0.08989916829087063,1.180067118542386,1.6298239599248117,2.62177481570048,2.4988181762815467,2.6139378421633044,2.5143008247768823,1.3335005682511405,1.0,2.0,1.0,0.1,1.0
1.2816774997245068,0.8167581778005754,0.8786449599227762,0.17185833957743357,-0.5716997667070697,-0.1631056824221337,-1.4046735035553048,-1.173288727880676,-0.39899909346091433,-0.3996113414172868,-1.602830593485502,1.0,2.0,1.0,0.1,1.0
2.986469673691972,1.959724236113563,2.4129159568917697,2.3552406370138215,2.4850415280660885,1.840906330493032,1.5239232084385292,1.267393779001748,0.7162619959627887,0.46087324738383084,-1.0311953523028365,1.0,2.0,1.0,0.1,1.0
4.008517674785244,4.816644083712125,2.6055978422407,2.414255959767043,2.940246028320943,2.890548086781346,2.0253536791572753,1.8953096869963613,2.0802535549417223,2.2458204741023753,1.4033049527771515,1.0,2.0,1.0,0.1,1.0
0.530448675601452,0.697634537782557,1.4019382475373205,1.181206883838761,1.3616286587804403,2.0170976379588295,2.570298792792462,2.451152823568836,0.8505298712047813,1.127215911330352,0.4761508653986656,1.0,2.0,1.0,0.1,1.0
0.27804131312258595,1.5040167397546824,1.6739726884312562,1.09912334610979,0.5890458186699711,-0.8841260011240704,0.10581403232898634,0.023625632051904377,-0.6199892051278724,-1.2121442196782028,-1.0858992054800023,1.0,2.0,1.0,0.1,1.0
0.5650270895613813,1.5183384266103408,2.1136977094048524,0.9350700921899233,1.1296756889989508,1.5137732118985388,1.4707821310279636,1.1601911994411769,1.7584528209600416,0.0879891189213704,0.38504960541832534,1.0,2.0,1.0,0.1,1.0
1.0992031947365755,1.425799408301227,0.6762471543861054,0.6126073780878226,0.6410410982076356,1.2464328090918004,1.3753388120647014,0.5802975574510904,-0.1875477022787101,-1.4462432166349208,-1.5843748232351744,1.0,2.0,1.0,0.1,1.0
-0.005670968246442455,-0.1281697901834049,0.6811577541299492,0.44406452295636967,0.4451225046505378,0.09498685476116725,2.1128055617494814,2.587944455426474,2.1297212115408186,3.1604368852284157,3.3283194345073777,1.0,2.0,1.0,0.1,1.0
1.9637218060022272,2.0108570119917926,2.1598256467727857,2.16472551430781,1.669079142276493,1.6377201842702571,0.3748526401642869,0.3400549156803545,0.6533567116714961,-0.30065056462979844,-0.21100624543801122,1.0,2.0,1.0,0.1,1.0
1.2729550351484726,1.9212641896472613,0.9406118846535196,1.595372579589022,1.874800836988308,1.0502118046687197,1.5899528143145352,0.44430042799798564,1.3380068909049012,0.5986007612377712,-0.03693104081795695,1.0,2.0,1.0,0.1,1.0
1.4243187781445754,0.9313333352632471,0.8321496500452237,0.419105386510774,1.2512975649848472,0.6111486514951955,-0.11663885613627256,-1.2451802047833262,-0.963561329418128,-1.026333535600948,-1.2459150381532256,1.0,2.0,1.0,0.1,1.0
2.3180453955202522,1.2219404023227556,-0.028303156441393806,-0.7666191509607935,-0.5851786958477291,-0.801643307137001,-0.451809064230755,-0.7539845920754575,0.24093637283322533,0.232740007214439,-0.3441560239976121,1.0,2.0,1.0,0.1,1.0
-0.5127623679590031,-0.924228836688355,0.890031851463882,0.3813449181835018,0.28240310414354974,-0.20929844838769585,-0.3550150775688925,-0.7129849781770345,-0.6468960612929089,-0.4661474834285551,-1.4145758422243662,1.0,2.0,1.0,0.1,1.0
-0.9100737973814267,-0.7138819429599544,0.1340577759731899,0.03315614274997242,0.18814208316332287,0.013862796564131474,0.9924096802125991,1.2983489767875993,1.289254165419924,1.5608277649295148,0.7874601012960638,1.0,2.0,1.0,0.1,1.0
-1.6675467176405672,-0.7556891432809864,-0.25541044727344886,-0.18945373303347318,-0.259605251892098,0.9489929291280526,-0.3205696297911297,-0.2615333267380149,0.4485759933148973,1.1468781452227494,0.751636064884943,1.0,2.0,1.0,0.1,1.0
-0.7470324227950832,-0.966097284956327,-1.1542003650531698,-1.6723042930155996,-0.8577757117747757,-1.701558929164008,-0.4057497333507729,-0.7761851819687207,-1.0233477474876738,-0.8010022758007664,-1.6668425650807033,1.0,2.0,1.0,0.1,1.0
-1.8973488212541323,-1.2716660987963255,-1.547424593220018,-1.7341143570550424,-2.1017110278070605,-1.4541593517694358,-0.8199357261989166,-0.4287216725176527,-0.4259292506273505,-0.974281123331147,0.5558384625526405,1.0,2.0,1.0,0.1,1.0
1.3153531082493104,1.2774282729132882,1.5930820421625786,2.0351239663971348,1.6621610353701675,1.5670772994811606,1.4709242863325882,1.8086814412640717,2.276143940317588,2.6092085708532533,2.289800036388018,1.0,2.0,1.0,0.1,1.0
0.14838017576327459,-0.7606374655020056,-1.1246386455203856,-1.5198359874065392,-0.6654574480817284,-0.5016735461649586,-0.5290888350804142,-0.48226649888865153,-0.57283836605141,-0.06714079602312611,-0.6284702117047094,1.0,2.0,1.0,0.1,1.0
1.1561541920629863,1.0779657418658601,1.693077446795717,0.911241030990089,1.4007695997905416,1.5032494068637967,1.107407923580691,1.8664748423427344,1.1785611546874948,0.8813380612610582,0.40452499604718095,1.0,2.0,1.0,0.1,1.0
2.172330350834124,2.6170365172225316,2.2727990426065015,1.8544224639820073,2.0005304897142397,2.3161062672644355,2.2977868279193503,2.7140382967739773,2.615591326052533,2.5595361532676213,1.7253534349792214,1.0,2.0,1.0,0.1,1.0
-2.587498435721967,-0.8050666322227347,-0.5819074342240991,0.2222238877721343,1.1174256831174008,1.733129564972819,3.0735491938709876,2.228812252732765,1.1827542469634829,0.9984696161500495,0.4260519117125019,1.0,2.0,1.0,0.1,1.0
1.3834191297139968,1.9092104133558054,1.6149187415061244,1.8936667526842546,1.7876376112951116,0.9415541317601755,-0.2777979902896671,-0.07624681280991978,-0.545771481072602,0.6177570934359948,0.1984035509013169,1.0,2.0,1.0,0.1,1.0
1.4142098299800894,1.0806483713061978,1.374361704937217,1.1288502798977105,1.7460799611491042,2.2830689438003136,2.897730756574709,3.078047417816762,2.8838185081949543,3.4030840461387406,3.56586621592699,1.0,2.0,1.0,0.1,1.0
0.9432917384318353,1.3629565759135849,2.6130622323292445,2.7570163302426307,3.1916979688442124,3.047757528984242,4.039133850923468,3.957388713502109,4.148585465574343,3.6238183864622533,3.8247700819471557,1.0,2.0,1.0,0.1,1.0
0.6781011592035256,0.1005010805068941,0.6790886886494918,0.8156676237703702,-0.06903033162861849,0.20776347920792804,-0.08380240945439743,-0.676676722730403,-0.37003099148649676,1.1550462619916722,0.0035823249084090403,1.0,2.0,1.0,0.1,1.0
2.362061695840596,2.110110824012926,1.7911113152378104,2.2211360329235257,2.261841053404811,2.0400714165774105,1.8477480670332342,1.302431042436502,0.6016296547758727,0.446532686128169,1.0689684250019704,1.0,2.0,1.0,0.1,1.0
1.348124092854741,1.8989696978448554,0.9430277539625421,1.1107321420513534,2.0339286390194298,1.6703698284185604,1.2896753673812382,-0.057942677986542845,0.008925144436058248,1.0492369079447108,1.3538896628371373,1.0,2.0,1.0,0.1,1.0
2.1357404197234877,1.371450682398154,0.9250720654563103,1.4008370923150673,1.8805978780967076,2.2270169748883104,2.577098970510188,3.0490312987968107,2.029221943592729,2.4999619916470017,1.2677540152132287,1.0,2.0,1.0,0.1,1.0
2.2171158544840823,2.2951809691722,3.3991867472173523,2.5755156541736226,2.2006142323399573,2.2552535985971582,3.1004460264125306,2.631158083787853,1.8650615693857113,0.8951521021289429,0.3835657438389223,1.0,2.0,1.0,0.1,1.0
2.5564699180705497,2.2611817198821416,2.238426304577484,2.0795487483639867,2.2697848429079275,0.36134447929439784,0.5303781719938718,0.7973289599264403,1.257263135046737,1.2360738075554312,1.5563144529158826,1.0,2.0,1.0,0.1,1.0
1.0587541905097198,0.3133192399250765,0.9989642710281189,1.4226071908428057,1.7884644995979107,1.896027838960971,1.9601535934866103,3.377519139829491,4.860159929367249,5.776001697769816,4.8886185428941635,1.0,2.0,1.0,0.1,1.0
2.4126053375538854,3.852407336184002,3.626488013716037,2.6293350369997484,2.417567022894067,2.1914932057130803,1.1064561218577154,1.7818987700244122,2.508069500358847,1.8730824385055254,1.5105006618113759,1.0,2.0,1.0,0.1,1.0
2.2586494866171503,2.1011146309221176,2.1646377897898743,1.982727717603318,2.180563594981692,2.081309279681233,1.6578830795407564,0.9412880710651845,0.4610927934097525,1.8223763136014188,2.382894019901107,1.0,2.0,1.0,0.1,1.0
0.8211101648914169,1.1791256608344636,1.989761613908609,2.8973712258101325,2.777019393807747,2.6095173966059,3.3853863676043847,2.878940790634786,2.5614520000311165,1.7078887759290475,2.5459478992599265,1.0,2.0,1.0,0.1,1.0
3.012871826727605,3.1867706872156267,1.815793712697719,2.245432272443237,2.5964308717494204,2.600345978562508,1.7693838257117784,1.4097118379173748,1.3904329535565967,0.8572130226998603,1.5475394313658697,1.0,2.0,1.0,0.1,1.0
-1.0671475199797884,-1.5243444257490948,-0.6960823334972674,-0.20519790359537327,-1.027532412060864,-1.3942990929715928,-1.9809675444896317,-1.7159757634446509,-0.3042789330981781,0.1156629256425499,0.22494081392880236,1.0,2.0,1.0,0.1,1.0
-0.42758917536079616,-0.5162905311084505,-0.2583994843048559,-0.4303825536994428,0.045944918658865186,0.3532733028852729,1.4119243450047518,1.6591963226423467,1.616143265893213,1.4638871930014654,1.6504480336379341,1.0,2.0,1.0,0.1,1.0
3.0333273057218224,4.079379288043853,3.428548360764684,1.304200242013127,1.5381208464462426,0.5600842102485326,1.2827545796427422,1.3694790364498484,-0.23505490274484142,-0.9337967646081826,-0.31313758189150653,1.0,2.0,1.0,0.1,1.0
1.1937951728730243,0.21054058239471385,0.6351793771476679,1.3681669572873005,0.01658056242307393,-0.8036619032652237,-0.20768493708768848,0.20669494843892322,0.9304324245371289,-0.2264281227295114,1.0618689000783303,1.0,2.0,1.0,0.1,1.0
-0.24819180794559226,0.5054083187417707,0.7484720488274241,0.4814846422094265,-0.10084738410749117,1.229873935896622,1.2378721364355947,2.613722569411074,1.2068012500419525,1.913542688968347,1.4282083881946477,1.0,2.0,1.0,0.1,1.0
0.41935757983897815,0.4418746225757615,-1.002498268289496,-1.7405165189683713,-1.1278778119588113,-1.2758376903564685,-0.609880379886723,-0.6216876998897173,-0.02895255884959319,1.1570986047029699,1.1564734573127096,1.0,2.0,1.0,0.1,1.0
-0.2905894172922185,0.5053384287982523,0.7892135678684815,0.6236316875963882,0.768590382361332,1.0094985616265644,-0.07083898425577817,0.19660353109743273,-0.5207368669455079,-0.37475467583380134,0.3866441591729865,1.0,2.0,1.0,0.1,1.0
0.8011576508937316,0.19405075861430598,1.3954017530482947,1.5611063223528445,1.2054173357515574,2.1473389960656055,2.174507020694018,1.9249778585054018,1.4024504696672453,0.6449713890202774,0.8142370545986632,1.0,2.0,1.0,0.1,1.0
1.3647138746443475,1.6247287197473352,2.2906195237598297,3.128299501286955,3.583100035072181,3.477335027271422,3.82487247331425,3.393029849461205,3.013364514639651,2.8386171656003594,3.287739269487264,1.0,2.0,1.0,0.1,1.0
-0.07326735689658523,-0.6042713010158829,-0.8526166814580785,0.040172723266757804,0.5118284821407139,0.5718796535680919,1.531638203962931,1.665732802407034,1.1564538951319343,-0.2913864992349562,-0.141800264760419,1.0,2.0,1.0,0.1,1.0
-1.2194500737709186,-0.7309788544396416,-0.1877026521744929,0.03662212062843555,-0.11180927772761298,0.050091005670599965,0.42251406961715654,0.1021910670919785,0.5796226715417462,0.5429594162425242,0.21063035819986958,1.0,2.0,1.0,0.1,1.0
-1.197520350483866,-1.3950325197094018,-0.6779615695564742,-0.06815504962519142,-0.9406705028395717,-0.2918668291798166,0.23131090378942756,-0.17307159739060496,0.08615921552720282,0.2757293735248949,0.8039478156750193,1.0,2.0,1.0,0.1,1.0
3.071064084385051,3.1177462346261464,3.2932828970078307,1.4929887772034607,1.8410122421588693,0.9555468864328236,0.18480705109829842,0.46304743667760584,0.6716652490219008,1.3654484434962044,0.8944395437108353,1.0,2.0,1.0,0.1,1.0
1.3088072750626891,1.9966113436628887,2.3077111236817123,1.2257792110803676,0.9863152206179616,0.4604252657565219,0.017240146442617288,0.5804182897229112,0.01682523562139071,0.9759405848498935,1.886467018201371,1.0,2.0,1.0,0.1,1.0
1.8413360703429416,1.4728583551543937,0.4855487523581292,-0.38348121066349505,0.7455338782330814,1.0813437120427487,0.6505728609955013,0.6996191076909561,0.9978002195307527,1.8464315358825099,0.9559232387204035,1.0,2.0,1.0,0.1,1.0
0.6012847640842932,-0.02310655398167405,0.3658969795968291,0.6445634012418132,-0.2239255020803843,-0.3606026488193994,0.0154053457507968,0.5874641668410984,0.23393948852077284,1.1580590170449865,1.6263082809962408,1.0,2.0,1.0,0.1,1.0
0.7095147782740561,-0.23149100633615705,-0.1858024074866686,1.0451684850939225,0.640153873331847,-0.41754533085181555,-0.9180897633355898,-0.5667645270901808,-1.2805509761779752,-1.823497009336858,-1.4437275399090084,1.0,2.0,1.0,0.1,1.0
0.5201058692992458,0.07099238043184936,0.9658951934402336,1.033992527761619,0.8780583195861489,-0.08270087049452413,0.009680485728622644,-0.42890354374234496,-1.4844941394767117,-1.9598293849867923,-0.07095143926907199,1.0,2.0,1.0,0.1,1.0
0.39482554535096986,1.4047495883430776,1.0518196391233432,0.36897954767139485,-0.7371921034443931,-1.1593406553270815,0.12314091003936967,-0.8804860707272788,0.2596067204463266,0.20902345272273362,-0.3039093378548553,1.0,2.0,1.0,0.1,1.0
0.6718374553663652,-0.22301705127696814,0.9461192116514827,0.9884408694239356,1.2422917764877002,1.7135332411251443,2.442903513545458,2.118785215749961,2.4089757941797516,1.7773197191676446,1.6306121226535957,1.0,2.0,1.0,0.1,1.0
2.1774676703675233,0.608837233237274,-0.5036672626096051,0.003592993810038081,-0.43301440278580017,0.007067413222781482,0.3320278762687207,0.46311493136711535,1.6469832137926919,1.3052524500815506,0.9872023104587693,1.0,2.0,1.0,0.1,1.0
2.28237992256444,2.4494187487753543,1.4624059534117468,1.0571227374750893,2.243398439015774,1.4173179384693249,1.8560981390711402,1.4015229205928252,1.1664446221691238,1.4540926447509857,1.74930512436633,1.0,2.0,1.0,0.1,1.0
0.08010361571417438,1.147798727210498,1.621348871030647,2.186950184480321,1.5686945921892095,1.40095387334211,1.5513757772616261,1.4979279364328322,0.2540108054586705,0.2906679182610678,0.9403328740938177,1.0,2.0,1.0,0.1,1.0
0.5375478507877189,0.015574195508744393,-0.37386605337439194,-0.44281498136960606,-0.5994197027233958,-0.7789984610326564,0.41536627731760634,-0.08669664499627683,1.57578720071219,-0.15261493417763594,-0.09813121583305633,1.0,2.0,1.0,0.1,1.0
-0.24198213700573037,0.5177948283935897,0.21301620931665172,-0.48132697215621834,-0.6732928672366676,0.21243368479805136,-0.0939995828748254,0.558016759049541,-0.5998506508733582,-0.6336416960375323,0.05166928607941479,1.0,2.0,1.0,0.1,1.0
0.29197045347347844,0.3662801430746395,-0.12231435268745644,-1.089047430061928,-1.1321033646603056,0.3138580505162567,-0.6015493707719057,0.1628773807254444,0.9025584599545377,1.3410586788179621,0.6404459526560913,1.0,2.0,1.0,0.1,1.0
2.422757388797241,2.848822555179953,3.634499666679322,2.9358584366272744,2.12888816263482,2.684160614144096,3.030772516263933,2.6804785097551362,1.984691830088846,1.342088543683699,1.1570685446207105,1.0,2.0,1.0,0.1,1.0
1.015958798343315,0.09243264730779044,0.7767524323945156,0.48758642351257697,-0.5651115727403712,0.3101257847037292,1.7038629367289677,1.8423067907397197,2.0368684725065647,2.0613228318513674,3.025909325540505,1.0,2.0,1.0,0.1,1.0
1.167691312372267,1.7771886986821581,2.5909775839499836,3.064375901694848,2.405806664446171,2.1676901794168617,2.231800462422842,2.150154489488211,1.79629147546879,2.4966607803398935,2.4681932207172363,1.0,2.0,1.0,0.1,1.0
3.404754350791453,2.2254936901154507,1.7464660338042979,1.6275001650785175,1.9075960454649015,1.5555338918419153,0.8217411827472153,1.1924036463519792,1.0424464359288812,0.3802007439269196,-0.3998919060984316,1.0,2.0,1.0,0.1,1.0
0.2906349962067136,0.3921771783199439,-0.5417055703811086,-0.8022049888065459,0.05120926553907601,0.7878070214141335,0.42758644089478454,1.0789337713359428,2.254707983605482,2.0010268897742685,2.8271760025060244,1.0,2.0,1.0,0.1,1.0
1.5084877661890808,0.8328553540782385,0.7110163896173987,0.42265733319620286,1.3784941073178403,1.3093606236410957,0.945543747919402,1.0796944987200907,0.8052328220571301,0.8412299993393961,-0.11855786317194106,1.0,2.0,1.0,0.1,1.0
2.3157622683770875,2.114797812059125,2.4265125241546843,1.5987295115206317,0.7384100453762075,1.581282951837422,1.77835668405833,2.080336451391544,1.9927668251475164,1.3156734252532856,1.5702469151110452,1.0,2.0,1.0,0.1,1.0
1.4062885013065198,0.5516927942362809,1.1331378764162228,1.3112375349653844,0.1310138132212575,1.2134398118529106,1.40230478639699,0.27379194118726646,0.1565786898944705,1.001236931773661,0.7519287233757217,1.0,2.0,1.0,0.1,1.0
2.2479273030610534,1.79755375294612,2.6603066956333485,3.423480520529787,3.388971486155162,3.8739463573559645,3.4366212591529868,1.9961723323054508,1.0031402871563078,2.023824635914252,2.472639097924813,1.0,2.0,1.0,0.1,1.0
-1.5406482986452479,-1.872534571413532,-0.49510463148550166,0.13104257617693538,-0.4049269446628586,-0.3597844337560344,0.9341733375415809,0.6974590882215733,0.9924447577070469,1.4796930997107052,1.4532370049328764,1.0,2.0,1.0,0.1,1.0
2.071612449353089,2.4337851044555148,2.607371398711524,1.8579298850334602,1.291574224324819,1.877087390228148,2.912666296846277,3.996737010603992,4.605962790869324,3.9855639269885543,4.768665033246387,1.0,2.0,1.0,0.1,1.0
-0.5929618702569429,-0.3210531852413759,0.2842674257597724,0.2813592412642952,0.9629096488583736,0.29122641546761907,0.7871736115870087,0.40720036334576964,1.171264683167104,1.605930860656639,1.0694498145596507,1.0,2.0,1.0,0.1,1.0
-0.599783030473812,0.9668524326524599,1.468481255685193,1.0411513392635738,2.721115928750087,2.3533368227531923,1.929828437579382,2.5724428230214285,3.2362340021530938,2.5679313211028285,3.187158224807678,1.0,2.0,1.0,0.1,1.0
1.4621185913421073,2.179995853158723,2.2435866914860125,2.0243032795366407,0.8620758427742798,1.8200477216622004,1.9815910620850088,0.486140023153268,0.42232658590073796,0.5426972501543483,0.8163021966675276,1.0,2.0,1.0,0.1,1.0
2.0240219453614916,1.8654704448906565,2.2543352339695737,2.024993120081682,1.998656094762651,1.5983806811584347,2.702017705105824,0.9557471766421832,1.3692011394827444,2.168203055838036,1.0689499278197783,1.0,2.0,1.0,0.1,1.0
0.16291995669462897,0.10598347378680989,0.517298852480961,0.4915803124610873,0.7151258777313362,1.0733777925296826,1.3393045862159858,0.5032264011228131,-0.3681568839611248,0.02342737885068419,-0.35744310840582383,1.0,2.0,1.0,0.1,1.0
2.4593306502587686,2.4558403093291123,3.5988041274594007,4.032648124789107,4.102877829525365,4.020287899804362,4.542618655311882,4.2682267875039015,3.217714577362062,3.630402910277782,2.7452451290553688,1.0,2.0,1.0,0.1,1.0
-0.37430297032373777,0.5547989705473331,0.8861328665908024,2.113379867904354,0.4417062309848643,0.17734116931422422,0.11887613362929472,-0.37982911686200693,-0.009275499996283881,0.43866592300276464,0.5700318557149276,1.0,2.0,1.0,0.1,1.0
0.6709138637112836,0.5975598358603236,0.24988410268825578,0.8944454241346866,-0.053636298647117275,-0.2104219337706302,-0.09246319997002059,0.22003045748827432,0.7407748884705452,-0.2635478192070162,1.12741869314411,1.0,2.0,1.0,0.1,1.0
2.222600586755589,2.8170057865673863,3.8686590231577958,4.500694341123655,4.955823168827914,5.171216616402948,4.906655230117967,4.979117974782539,3.7207402034823045,3.847196363558611,4.094461305070986,1.0,2.0,1.0,0.1,1.0
1.060530733811326,1.6514936150929618,0.9201753602818017,0.390526620586619,0.03454631665133584,-0.536878705592948,0.5027912743942643,0.09645198854915438,-1.099486283980715,-0.06825094508098395,-0.4197596779728411,1.0,2.0,1.0,0.1,1.0
2.6280278161196704,3.2564506197626235,3.531630204626595,2.6106965657979972,2.527678594012816,2.2063713372618343,1.7017599046251277,1.5345439117983097,1.8211632224173493,0.8913088835145379,1.8613426882286148,1.0,2.0,1.0,0.1,1.0
2.9595518218799137,2.77927224495232,1.713199471463779,2.7779429132216773,2.7289090373070444,2.082862922017292,2.228575815787632,2.6857809991136876,2.129581033690452,1.477336235490501,1.9002268759956504,1.0,2.0,1.0,0.1,1.0
0.7700763244144001,-0.5948444761224787,-1.1877354424521849,0.0605774120886613,0.2956237879306852,0.4808655712714172,0.7990875428718145,1.314300683560338,1.3729627764456431,1.1397650310457537,0.41676584240135883,1.0,2.0,1.0,0.1,1.0
-1.4125851007881327,-0.4105457734261443,-0.5357384202132804,-0.00418747646201123,0.5008088573249954,0.5489573595051611,1.0447556662426591,-0.07918277469011126,-0.29703611658808865,0.8224857213253575,0.03795738979864738,1.0,2.0,1.0,0.1,1.0
2.9597012532743356,2.4534491880807403,2.064247957461789,1.4011455905189778,1.4067766603511551,1.8369182138928846,1.867525823677355,2.3546218044187435,1.395883034408246,0.986774317505792,1.1716789235197513,1.0,2.0,1.0,0.1,1.0
0.5506982784345987,-0.5925361373523144,-0.16598567196216485,-0.3556725824922546,0.3674486839870784,1.5405813147553857,2.387574094495391,2.1649185431280613,2.3001828595691576,2.640011624626219,2.5467548034418512,1.0,2.0,1.0,0.1,1.0
0.011631000973567052,-0.05477134261428536,0.30499885630443924,1.6591049280805326,1.8266336522808355,2.499053404809355,2.3470663148839646,2.4164112926054764,2.039701597738449,1.7248735145715821,0.7216824237379127,1.0,2.0,1.0,0.1,1.0
3.441129193490373,2.3192471500438328,1.3951234483127415,1.6825952535767321,1.7314449132990228,1.4205352786829604,1.2599146869413016,1.004143793777612,0.5253243149586491,0.5401718542455639,-0.32332353588165275,1.0,2.0,1.0,0.1,1.0
0.3244480052841052,1.1196879564494633,1.2665091034720262,1.683735688796214,1.7367793460571432,1.1629069486997397,0.3836567574132287,1.5353028803513502,1.2583733280139682,-0.017597665664726314,0.693475508820817,1.0,2.0,1.0,0.1,1.0
-1.963281224766768,-1.3380346961088148,-1.9743652000493686,-2.2625566804860844,-1.7593233904423058,-1.4489933634057612,-1.5468228185666957,-0.26348376695593867,0.3254504255651396,1.1633102272543194,1.1242701280924159,1.0,2.0,1.0,0.1,1.0
0.9986554971201476,1.8056626206309299,2.1118465494165113,1.526443876537675,0.17243822530482378,-0.35112088105072464,-0.2260675578742889,-0.8807167546870951,-0.7425629267973881,-0.2846988940781283,0.08875938772789901,1.0,2.0,1.0,0.1,1.0
4.5852225921518555,4.196137001232656,2.111557509810886,2.3727571189044236,3.2319286711303405,3.272441816655858,2.0622898552071844,2.135721044129907,1.8355864362904037,2.7971569554307276,2.0206640822185244,1.0,2.0,1.0,0.1,1.0
1.5521879179207194,2.6223453739587894,2.9666110508691443,3.1618150201098545,2.9190904843836756,2.7075130066446236,2.8072720945558727,3.195420431044542,1.7253294358191222,2.2794312150033695,2.661609882146738,1.0,2.0,1.0,0.1,1.0
3.2170108090494507,3.106155822356731,1.0874189552773128,1.5406443632024842,1.0125904305372633,0.8260345433729244,0.07760705125917844,0.8929068545283232,1.2962278314608664,1.1456655859564575,0.591889265691434,1.0,2.0,1.0,0.1,1.0
1.1834052047286392,2.6520892889680328,2.8287529406457352,1.8408266654432204,2.7503100448821005,2.232491402470662,1.7437782821759988,1.8916777609576956,1.2249820873609165,1.5840100679317008,-0.16181047816595995,1.0,2.0,1.0,0.1,1.0
2.8327533465428614,1.9240110624450715,2.2687558457013264,2.768556326518701,1.782066557789895,1.8493208398672563,2.088865384947259,2.156973733547153,1.4411844215846377,1.2591297822875815,0.9501553435974286,1.0,2.0,1.0,0.1,1.0
-0.16166674381440735,-0.2517400974294083,0.21480471598046896,0.6671164982432585,1.1099652253099574,1.8685966101239766,1.395901538544336,1.8252304982299221,0.4832626705774903,0.4026168221927736,0.2640101805228263,1.0,2.0,1.0,0.1,1.0
1.9289791340588573,1.7157525743333788,1.6567842836988906,1.2531157652633071,0.8404718047862028,0.3642154736571556,-0.5150723808957132,0.3109520869795619,0.19866557062525042,0.032490339250157124,0.5765195058688201,1.0,2.0,1.0,0.1,1.0
-1.9166766565748612,-0.8113152620551974,-1.118001489647309,0.1777215665064099,-0.25725978272122113,-0.6257630597409682,0.5052009513236384,0.15822787961309037,-0.34487039408005005,-0.7931638204557545,0.394699805675518,1.0,2.0,1.0,0.1,1.0
3.0646907810220023,2.882679410059444,3.1523211571106704,3.6157060933525327,4.028421751956118,2.8798470526154794,3.248970571175263,3.559267629494777,3.387092046916456,2.8865714612453894,2.2338366595933103,1.0,2.0,1.0,0.1,1.0
2.1809839599446583,2.6536972468730453,2.3748244422483213,3.5060259141364316,3.478252638008778,4.114136905168482,3.8056429444653266,3.076454894548022,2.3692044126580987,1.5663173654948344,0.9378508662659789,1.0,2.0,1.0,0.1,1.0
0.08507525550654849,0.43807807242968183,0.37846206614197037,0.5771438287771118,0.19829432158053129,0.3365639961935527,0.14141465192038566,-0.26545358033118716,0.01784630094617884,0.5928072551895868,0.5355409771052503,1.0,2.0,1.0,0.1,1.0
0.30597043268306934,-0.9501264268935659,-0.6275705185405189,-0.8652175401347701,-0.6748407682238848,-1.9893599726986424,-1.7567294930900648,-1.7789426033438172,-1.4963646830853898,-0.9338288858644574,-1.0521744536322362,1.0,2.0,1.0,0.1,1.0
3.3927240749601815,3.141414119852458,2.692637597293382,2.4445087634052425,2.7200235833939694,2.5188312521567546,2.1429529054184933,3.5637286045563767,3.992544889349111,4.762070736154337,4.6644350626473186,1.0,2.0,1.0,0.1,1.0
1.5930276140679098,0.6691912723541616,0.38215174926515466,0.3060773948181703,0.6661887074234891,0.8890102766296194,0.8670819689699296,0.6935622487273201,0.41401808829442277,0.32383171645380426,0.9617838639575073,1.0,2.0,1.0,0.1,1.0
-2.9451863993593537,-2.493985287833346,-1.5843014123062362,-0.7841305967617477,0.1592365625547234,1.087103049189312,1.9917169830852761,0.921885717308953,0.8257535406334122,0.6436627662386945,1.5053728376844786,1.0,2.0,1.0,0.1,1.0
2.2308236907411243,2.1395730676259244,2.0753678329226197,1.8510908636014087,1.6202338537539749,0.8074898792696807,0.3598005811834851,0.2519132882643201,0.22034913374773918,0.34687262351453346,0.8486804605595006,1.0,2.0,1.0,0.1,1.0
-0.22473900560727325,0.45176253766711244,0.613603972707712,0.24062884795316314,-0.5918231802432747,0.18779778099741973,1.2338726609510107,2.3658121646144266,3.183242655606645,2.387232006226361,2.7224238120255366,1.0,2.0,1.0,0.1,1.0
-0.2704206840390732,-0.4287557667804147,-1.2039414412681406,-0.8707824555780315,-0.6543943676602539,-1.7847361496434957,-1.6439008367935555,-1.0105178867329665,-1.5452856714488274,-1.8024183616743574,-2.499460799551435,1.0,2.0,1.0,0.1,1.0
0.9792876435138202,0.4826601420503793,1.2207619467752306,1.9301629734552115,0.6712043258986371,1.151808763839607,2.020781497744348,1.5802847725235898,0.8834410145311123,0.587949417265636,0.3515310997979751,1.0,2.0,1.0,0.1,1.0
1.5766662365848776,1.5476147761858143,2.2221734941307836,0.673010659068018,-0.2483068838544339,-0.27206738940390507,-0.1068922235973547,-0.4219239374548304,-0.5808947432203596,-0.6989852482482126,0.33888241143755926,1.0,2.0,1.0,0.1,1.0
1.1459522071448824,1.6251225388652721,2.7775709380997347,3.072892851666236,3.0492617579632877,3.1532065107236535,2.3404937395770986,2.2715600028465985,2.1890084204426064,2.7919432409740965,2.0040392283765467,1.0,2.0,1.0,0.1,1.0
2.3785164677183404,1.5140926548228335,1.0833142450535898,0.5177231195532362,1.1698139938382557,1.4904110516390316,0.7754520985157498,0.7540867664972826,1.681796161845237,0.7976806759699516,-0.16317335217707807,1.0,2.0,1.0,0.1,1.0
-0.12017863846143045,0.5795196340050276,2.5186765519555143,3.178645449010988,2.743620993800342,2.702850886996028,2.7083597408803883,4.143329453265076,4.490215609232432,4.1460161769270245,4.23614722285872,1.0,2.0,1.0,0.1,1.0
2.501602008986339,3.2965248489883985,2.4952093060344587,2.151884612626214,2.5922487457617094,1.392221715893482,0.7369758428939056,0.3930827269678686,0.1604185767961302,-0.23825773883932733,0.45973794883175517,1.0,2.0,1.0,0.1,1.0
1.1544908344573952,0.8636106146575065,1.932270063840708,0.8182666641541674,0.9293837529808925,-0.0034607407452469374,0.18280806853606965,1.2133210430858612,0.7884954009625841,1.6423511122211887,0.7803233383839947,1.0,2.0,1.0,0.1,1.0
-0.6993886370876822,-0.31108380121011303,0.5522050242107068,1.2479311579281935,1.0851213738875005,1.4845317462276222,2.2207536688738223,3.0017993818092905,2.61947102080906,4.220694714066604,3.500105469568797,1.0,2.0,1.0,0.1,1.0
2.975191684896269,4.053123759831096,3.6037574911849766,5.147197218907903,4.553811084066685,5.025690821772097,4.759058117704814,3.8790997404082415,4.315157307340368,4.336770871723181,3.9124012417059486,1.0,2.0,1.0,0.1,1.0
1.478084111015131,1.5638622204890906,1.5289421611863538,2.9494278050522595,2.195019082299954,3.584826365763095,2.869813955589391,2.181265504477337,1.8372381519725856,1.757183324646961,1.401898047967887,1.0,2.0,1.0,0.1,1.0
-0.5303738319788058,-0.8232812586524565,-1.4017253492089154,-0.6650665303434554,-0.2698197002108196,-1.1541597750922346,-0.5372821684042719,-0.5383415584100021,0.43022612661618176,0.8975719339769037,1.0362896522731437,1.0,2.0,1.0,0.1,1.0
-0.38118935318147124,-0.23073898262084946,0.07594548771443238,0.3238222867777464,0.6781228413062989,2.4472565864139115,2.7612499257072667,2.9475032303250264,2.8306591123248834,3.2861691897760594,2.6789266329974177,1.0,2.0,1.0,0.1,1.0
4.554988004633163,2.628332322307785,1.9605180124089692,1.9286761898894118,2.6061996264799943,2.671889454620411,2.959064502002631,2.4425101452112292,2.3382647198722584,1.8178412985131975,1.445338689555435,1.0,2.0,1.0,0.1,1.0
-0.28114154609389286,0.5377297072765883,0.14982334928934232,0.21811464652310306,0.4135308256496949,0.9579703300960727,0.39042784314846857,-0.058870441171266885,0.12094293574265348,0.5981812604283098,0.1380179523795101,1.0,2.0,1.0,0.1,1.0
1.2246763697760579,1.1204365676276418,0.7605559338776341,0.8105488854822819,1.240415701278899,2.8349289627611842,0.7797388497892412,1.6518291355639796,1.8097434508513544,1.0757145761882778,0.9536157031102652,1.0,2.0,1.0,0.1,1.0
1.2641791901106343,0.4454699826651535,0.37268805176770636,-0.5730992843928056,-1.2913091654603255,-1.7133481261054442,-1.705582507625326,-1.853946381411749,-2.395623059387409,-2.955076078186666,-2.6414675432142474,1.0,2.0,1.0,0.1,1.0
3.0304346607334867,2.4651310463297573,1.7011394041202776,1.0621097253330594,-0.3981151249224568,-1.188016461594592,-0.1701297688453196,1.2494419098535654,1.1276612299142963,0.9893269305431678,0.7377761313465341,1.0,2.0,1.0,0.1,1.0
1.9452981668907723,2.2867801606925084,0.7237121603017218,0.6970122837562287,0.8858564081796427,1.3703218085104985,0.7097704237665722,0.2889337687396791,1.0913672290514875,1.2267912483824883,1.600600962229306,1.0,2.0,1.0,0.1,1.0
1.8683274871170636,1.6474484470637203,1.186558736375198,1.9347313618484727,2.6620210853325386,1.9581424186991125,2.0351829015988874,1.3064876625327368,1.740092749928666,2.0651322057188755,1.895938843818509,1.0,2.0,1.0,0.1,1.0
-0.36180099131120247,0.7524454597028809,1.2894482229930553,0.03151138444401713,0.6700649750785304,2.21704745782938,2.136206078797838,1.923846141921764,1.3446485950909115,1.1463945095570516,-0.3382739161961872,1.0,2.0,1.0,0.1,1.0
0.8634368716146014,0.07987054916150482,0.645742816394198,-0.23027354901932828,0.5300771819602952,0.9302592789600002,0.17177051662980702,-0.5796640408117951,0.5014708652511024,0.7651170578994987,0.9769045237645363,1.0,2.0,1.0,0.1,1.0
1.6162736505537985,0.5540270849722921,0.8005506767807657,1.2865412256504292,1.967509900035104,1.7496738208428253,1.7748963096386827,1.2714950117779287,0.7317596411679158,1.8695207589624334,1.7494984882493414,1.0,2.0,1.0,0.1,1.0
0.4327960152761672,0.4994630821720489,1.14585812684316,1.3651984940581963,2.13564739143154,2.4602004532085404,2.0659131950253298,2.1571213579834914,1.2622522333834518,0.01665469203267711,-0.3694350733891545,1.0,2.0,1.0,0.1,1.0
1.8246665102690682,1.5758403784550699,1.185297892348698,0.6859955086864675,0.4690592073514973,-0.8505349735695593,-0.2616210677914501,-0.1599664779550339,-0.47965719147966124,0.5613950621186228,0.4709797544439547,1.0,2.0,1.0,0.1,1.0
0.6314184346421831,-0.2840362277013666,0.0664647199914487,0.04442170521841844,0.4450643615752948,0.285507488096345,0.4900304528289585,2.001213113740348,1.7788983164503138,1.0838821177632072,0.94173965601042,1.0,2.0,1.0,0.1,1.0
-0.6462842615820109,-1.6495317650826151,-1.6523915997049619,-1.3339198873636304,-1.3465021190178814,-1.712446214204764,-0.9797230896361204,0.1360819970604259,1.0583679146503857,0.9663182099164416,0.895905856543474,1.0,2.0,1.0,0.1,1.0
-0.11806971606543955,0.11632770941684394,-0.29176541022696045,-0.16996483476369925,-0.557285788727664,-0.23775887108968477,0.1302053520253478,0.24421917031568352,1.21796253783765,1.4887136873060713,0.29265880910190045,1.0,2.0,1.0,0.1,1.0
2.136161376107174,1.6196111006245522,1.2824269689207877,1.5204079390391416,1.5794319752720671,1.4359086497344051,1.7330694356212888,0.6012540958608459,0.8272216845982454,1.831894449734028,2.4492486612704765,1.0,2.0,1.0,0.1,1.0
2.69953485936777,3.2351920286043048,3.8028357759833633,4.2435207693041965,3.9597280358555658,3.1800752358597046,2.7032448424112876,3.6797534417971898,3.8179502074226686,3.5588921686145625,2.669792235849671,1.0,2.0,1.0,0.1,1.0
0.005457393279602487,-1.8074904582233107,-1.597999016615383,-1.5319118043197446,-0.9339880238913004,-0.42706927692184243,0.10492711480192918,1.4573623533931594,2.140318352658209,1.318116861538059,1.3577237004798692,1.0,2.0,1.0,0.1,1.0
-1.4796786040879182,-1.072927011422004,-1.0596913775539156,-1.4621797038678839,-1.6067819351774073,-1.6754595600134223,-2.174114027132194,-2.6795070608067877,-2.2419918288895055,-2.4542610296739147,-2.6132611644962425,1.0,2.0,1.0,0.1,1.0
-1.578190544972829,-3.1437819330389907,-2.1552695237732302,-1.9590190646703682,-1.0164973731635574,-1.049338775375641,-2.112302866859191,-1.0744186765566484,-0.43305800717623477,-0.5732634011142241,-0.1319933906288585,1.0,2.0,1.0,0.1,1.0
0.7775548870347474,0.32605161703076313,0.41716318964234045,1.8214519622329117,3.442226158651048,2.9283350228403973,1.6747281385119928,2.0642029842045795,2.4367833428320607,2.611599750711033,2.7164902533031587,1.0,2.0,1.0,0.1,1.0
0.9256927700532808,1.0434158087876213,1.697131498281012,1.5906149547868784,0.19903540502772832,0.8498868666243089,0.14102644032370626,-0.6329868555032628,-1.5433002717054571,-1.3197688799270744,-1.306316998744251,1.0,2.0,1.0,0.1,1.0
1.5653786282682622,1.6217972814677735,2.283098356598508,3.0736357786487765,3.070457366260394,3.500030183976075,4.198172539071964,3.853331650866939,3.0938055048722237,3.4446968476097863,2.7833904594884995,1.0,2.0,1.0,0.1,1.0
1.4711019712521258,2.516984682184164,2.253559679598144,3.05362223622289,3.0221753977232,4.287780444068058,4.146438794546062,3.8406157171264286,2.634819437381868,2.8242616567500636,2.8875264284233095,1.0,2.0,1.0,0.1,1.0
3.0056852152473197,3.0053315311886823,2.7302317343666944,2.1561371468014263,1.8741942085251764,1.8933205896686056,0.7761821967248574,0.47892936672949404,0.9722236893504048,0.3562053200968711,-0.5316327508533674,1.0,2.0,1.0,0.1,1.0
2.4879755973780653,2.2796771535071008,2.526752687800999,1.3086178569948637,1.131210942799354,1.629718151760937,1.8397124841380028,0.9160266806953716,1.0333273998722077,1.170140609553623,1.4414797625592317,1.0,2.0,1.0,0.1,1.0
0.7892644189807492,0.5790423809241403,0.1341013442541984,-0.8284234487705553,-0.1355918878722029,-0.20172462744714603,0.03842996117533733,0.4834683330358512,1.5064253753628276,2.0204591791866884,2.38419599728988,1.0,2.0,1.0,0.1,1.0
1.392833728386565,1.559861605237498,1.3170463567127373,0.6767089111751871,2.2755412403963837,1.4032598340678772,1.7936796041243097,1.9205231206158697,1.6136158519686055,1.2306910231163646,1.126148868355126,1.0,2.0,1.0,0.1,1.0
-2.9054990522993736,-3.510217572698373,-4.132571169766011,-3.5531933358107137,-3.0683063319015274,-3.2707498923749405,-4.621196893905985,-4.50180868473547,-3.5024807147612833,-4.210358551865564,-2.8739425599737025,1.0,2.0,1.0,0.1,1.0
0.25844582105108177,0.5350493877209581,0.39498071401372636,0.004433552612221281,1.2241506670130513,0.6054097733127793,0.5151849906759829,-0.24755114325150573,-0.6268187470204952,-0.2344159924889348,0.28785513439005267,1.0,2.0,1.0,0.1,1.0
0.6075646128001665,0.6122878451540823,0.9043019531919361,1.4685587168831145,1.5599692428053484,1.8108864215516642,1.577877042024169,2.6777640016184017,2.7818765681001327,2.4195870503562977,1.2614109852643616,1.0,2.0,1.0,0.1,1.0
-0.32251613814606944,0.03222052497608763,-0.4758236125894474,-1.5218848570916552,-0.4525069868459275,-0.37977915068486834,-0.43460529890675537,-0.12539120774725707,0.6119124975894482,1.8162189066764969,1.9854671209597434,1.0,2.0,1.0,0.1,1.0
-0.31354199410497813,0.15070295357253918,1.2485591107320444,2.5626943382396137,2.964928710170357,2.9897003743445842,3.1061727864877584,2.2779555071596245,2.19414890155684,2.1543732218550744,1.7728397275652532,1.0,2.0,1.0,0.1,1.0
0.53196072479916,0.067502668807501,0.2456095530644659,0.26763847181962164,0.1056889444677035,0.17995759005751139,0.4716012476424659,0.17579839353895332,0.878340428031406,0.5012088762770928,1.0455180954499022,1.0,2.0,1.0,0.1,1.0
-1.1460724941298202,-1.1290864373004088,-1.1745909745557168,-1.0210576675445928,-1.8227946418543866,-1.9101396272257003,-2.2586389100770923,-2.3680317575897174,-3.000786245934606,-3.0484348111696944,-3.837335122377235,1.0,2.0,1.0,0.1,1.0
-0.3743129900700754,-0.32385972092978665,0.5897233851995597,1.260748103198869,1.7822076982693198,1.3856818421245805,0.23791128517087623,0.8758916997341333,1.442959071110691,0.6894250303404826,0.98273623954879,1.0,2.0,1.0,0.1,1.0
3.9225567080978267,4.472973630512798,4.990003740006836,4.095398539517687,3.803609925746206,3.863121879263503,3.125376474105651,3.3161448175061055,3.357675112306715,3.336582288314748,3.9903873141760107,1.0,2.0,1.0,0.1,1.0
2.818934667544656,3.281582704773331,3.0687342429519724,3.6160265154088203,3.554738117132387,3.9076127328459913,4.1505931864870185,4.335894596252488,3.397283070726973,2.025077628650234,1.8516739752906615,1.0,2.0,1.0,0.1,1.0
1.9943347449171307,1.4255491546633339,1.9564324092658913,1.463770707904682,1.404117323591674,0.7953409758594565,1.9901924072841946,1.1114021347935155,0.6480303016210367,0.8949112240213981,1.2976402134212972,1.0,2.0,1.0,0.1,1.0
3.122818439498633,2.5232563329956186,2.133952633028441,1.7431914331354756,1.594828096883583,2.9482895990822273,2.270947340973891,3.381023841073204,3.5558929095083402,3.6383870360482633,3.000573164720912,1.0,2.0,1.0,0.1,1.0
-0.10359243832535336,-0.30330830581529006,-1.116596106825222,-1.7325935751855208,-1.4827537397600574,-1.0876154247618166,-0.15907339070012638,0.1393599649478954,0.5031147086341247,1.4153641984527363,1.4613387549636487,1.0,2.0,1.0,0.1,1.0
-0.3677759664636257,-0.1863413919825953,-0.39377447780781066,-1.197587282699713,-0.6164771327729954,-0.6473165100313398,-0.8866636494038584,-0.6614014254084134,-0.23334755078171343,-0.032170323906263634,0.3363889360176997,1.0,2.0,1.0,0.1,1.0
-0.9881062153839293,-0.006785979998017,0.931264336546461,0.4631501235174261,1.4879796458647747,1.8465014247128455,2.1143152508331586,2.011770853278685,1.5626875583432258,1.7225878274476496,0.6031206019254305,1.0,2.0,1.0,0.1,1.0
-0.3450549295826974,-1.31432409012759,-2.15257740389249,-1.1328136777608422,-0.7949585504691978,-0.9654017241198212,-0.47332212633814846,-0.001097775298116166,-0.8104553703891159,-2.061344883110891,-1.3823660275872334,1.0,2.0,1.0,0.1,1.0
-0.20951823245421503,-0.8295448774681919,-0.4022467833650466,0.3596729447621858,0.9023698147477988,1.4985611551776068,1.5287187505931885,1.0858420690297554,0.31743456982579143,-0.3920172373762167,-0.9394896807805324,1.0,2.0,1.0,0.1,1.0
2.1625860806325474,1.4244807309614322,1.6961487841008107,1.9381581900377218,3.144675255351644,2.14037892622986,1.7323498395637955,2.5227876840781245,2.453816968454905,1.3220206837644317,0.6871812093619385,1.0,2.0,1.0,0.1,1.0
0.6216113276898602,0.4107191563247012,0.19739313663732738,0.596889641752186,0.41785436115121133,-0.174404043206003,-0.5776677815455525,-1.0034640248773323,-0.5426188864983712,-0.025857003812514767,0.5472712080773738,1.0,2.0,1.0,0.1,1.0
1.4370314728199327,0.67375799116805,0.6722834679063465,2.3224126503675633,1.3715425850709808,0.6992513279055402,0.4368700389410225,0.17610010698889084,-0.42953003881791074,-0.7864129921892901,-1.0351963711273384,1.0,2.0,1.0,0.1,1.0
-0.21096307709901763,-0.6736813518969382,-0.42469274515902,-0.5214299458923499,0.5072636730256034,0.745861269943666,0.5981589179780784,0.2932753241323817,-0.5882960954837775,-0.0013157772611256946,-0.16806140054923796,1.0,2.0,1.0,0.1,1.0
-1.3431707130336452,0.1547631181031488,0.24112152360834427,-0.05257417782263046,-1.551204682609924,-0.7970975730427228,-0.962586888142397,-0.2891779989869842,-0.09054057554339362,-0.3859316327895312,-1.0907012284095194,1.0,2.0,1.0,0.1,1.0
0.6057324718393954,0.009232592294925235,-0.013865673030474715,0.1973847994134804,0.7671402382217973,0.7340434057721511,0.2957942997579204,1.57057876158996,1.078415425118536,0.2412413271939684,0.47601033568513784,1.0,2.0,1.0,0.1,1.0
1.715886665313466,1.1694501834278301,0.6580632447635266,0.9451368091239775,2.2128559583274314,1.7127208959582116,1.642777994019136,1.3287262357663825,1.5447017684949145,2.4604238922924444,0.6006133732609389,1.0,2.0,1.0,0.1,1.0
1.0539360220688563,1.3507497374520627,1.7391508862603136,0.7701870207335654,0.175859731805734,0.46095009202155535,1.1836513018484829,2.106075515224721,1.9394345895415608,3.3418783270697627,3.90750979202858,1.0,2.0,1.0,0.1,1.0
-0.7601137732459671,-0.47029685566358115,0.08336622883620975,-0.36566200708984953,0.00869826979266386,-0.10767060113169166,-0.19897299346946049,-1.437211096513203,-1.321824957163587,-1.6206174201548502,-0.8368987843995783,1.0,2.0,1.0,0.1,1.0
0.45528498646614063,0.018045880333811215,0.7808185062932795,0.5009427589495323,1.4142872847104244,1.5864934637308226,0.9553198660689317,2.221838312981949,2.1979259440648824,1.9419801363487392,1.66217557744982,1.0,2.0,1.0,0.1,1.0
1.2676177853043562,1.4449612660528182,1.1230571157357598,1.008953343367872,1.0027337063170225,1.7621461683865638,1.8412612409413227,0.8983579828606938,0.6690862280417844,-0.1742193010152553,0.2707988487964382,1.0,2.0,1.0,0.1,1.0
1.25919801930505,1.6304045281087602,1.8165388062360945,0.9989665162314431,0.47109192165387936,-0.07831911634734601,0.93717168956107,0.60397803602971,2.0978497627606827,2.0830046424692927,1.884902864136138,1.0,2.0,1.0,0.1,1.0
1.9964990523169668,2.233768357533494,1.9829038673716861,1.7706498426711204,1.361424771018176,1.9437127102358709,2.4133578341242705,1.3644916076157068,0.45165951183351705,0.10366476142082348,0.06252257574811015,1.0,2.0,1.0,0.1,1.0
2.681328074093827,2.3423761874466473,2.368400275157226,2.097962323004084,1.8828321975614388,1.4695421208043944,0.7955652231785507,0.4005058834292179,0.1269141178124068,-0.6485229260513004,0.506729136403942,1.0,2.0,1.0,0.1,1.0
1.3132857476439448,1.687758556089299,1.7400123631268942,2.742832591411981,2.8319161497347434,3.6675127700683925,4.027660936899714,3.6537841041015895,3.8566068803115683,3.382892922122972,3.5049568230582615,1.0,2.0,1.0,0.1,1.0
1.483123339154453,2.0048396792283265,2.52496624332478,3.1540644987999404,3.7567679751720133,3.065211964342696,2.548287571917176,2.490006190433298,2.117459035255566,1.1711380136662606,1.7573048845810895,1.0,2.0,1.0,0.1,1.0
1.0888143921529925,0.44608874599775705,-0.7170787688312865,-1.4460518112472205,-0.800540087906154,-0.13698912578296496,0.8820184859857232,0.5715062314820065,0.39954912501282147,0.23612702707368582,-0.3931600527794658,1.0,2.0,1.0,0.1,1.0
0.2545788517843933,1.0066969172456184,0.009336497708175129,0.9157660885264935,2.0317639114126664,2.0960881595449887,2.942931606819749,1.8334302699164433,1.7032960034901727,1.2403577869889397,1.213295952796451,1.0,2.0,1.0,0.1,1.0
-0.05161940252612395,0.43703569768591677,0.8885445942081986,1.3615814681770322,0.9262893059498742,1.2116242586463621,1.634876680389355,1.0835458880291153,1.653466745658828,1.361677419972036,1.6533247876002113,1.0,2.0,1.0,0.1,1.0
-0.023839095533369527,-0.07345235614170184,-0.1812029033058452,-1.2113369589294818,-1.3757159544462556,-0.8601116600576577,-1.257872776359868,-0.9790886272539487,-2.3183768322637732,-2.60372975881302,-2.0508163026232267,1.0,2.0,1.0,0.1,1.0
3.586327504880635,1.9940901475272121,1.9635303239492563,1.5843016724286185,2.2580549869219277,1.9277071442178926,1.605219142886361,1.3890853851810887,0.914137736064049,1.0329119263329654,-0.14757814296351013,1.0,2.0,1.0,0.1,1.0
0.4549788571453147,0.7747574049548644,-0.07065560008381289,-0.08165512067136742,-0.20412753636713074,-0.18792915176912806,0.5197822558458693,1.3602661664793287,0.7139265620820322,0.2605150370442322,-0.2731057367249502,1.0,2.0,1.0,0.1,1.0
2.190293618695355,2.250123910073339,0.46735639264162554,0.7333469545848883,0.3439205722820654,0.9968956263058635,1.353439861820835,1.697555105048012,0.9388300263164245,0.35507913835880467,0.270753865040365,1.0,2.0,1.0,0.1,1.0
2.5232296454759244,2.454790236521151,1.6172824539435595,1.548897990202386,3.293170993852418,3.624368751300279,3.4264995588941387,3.323172424950649,2.4150785669581976,2.5509277258720062,2.2989285978556517,1.0,2.0,1.0,0.1,1.0
-0.6629824573364262,-1.2586390438715034,-2.0117736730577658,-1.7209112412871794,-2.412631681214177,-1.457746435508306,-2.5851637841981083,-2.6207333065732055,-1.123617442692119,-1.582119727569798,-1.988754981492771,1.0,2.0,1.0,0.1,1.0
0.46677987980149577,-0.08725475394575521,-0.40763559726744564,-0.10513895193158465,0.6244939189022501,0.8106492942666722,0.9687667329241038,0.6863493732524125,0.4321251777921948,1.1140464880791403,1.2465483346979136,1.0,2.0,1.0,0.1,1.0
0.8518530563393134,0.9679883560185443,1.603177123109658,0.7606771909494575,2.3802597669597563,2.3988525290624185,2.7354812432110505,2.3884498331344233,2.6275219566631245,1.9174338508137883,1.3780719189450905,1.0,2.0,1.0,0.1,1.0
3.928573595232356,3.386197872204224,4.0891663423551385,3.894341134367169,4.682593982805063,4.327801608159723,4.504707793071027,4.286862225816521,4.175987976824325,3.3078992451362015,2.459315842137306,1.0,2.0,1.0,0.1,1.0
0.04118634099812284,-0.7607878407426789,-0.20123831492793143,-0.9981691299413066,-0.3268070809592767,0.18510292218725669,-0.15491220327797417,1.0476528549758504,0.6803249933907061,1.3307183449070457,1.2859613162121935,1.0,2.0,1.0,0.1,1.0
1.2197646746244033,1.3950682494913633,1.2717615730952578,2.1332675869212796,2.15713502966751,2.318986727407616,1.6502880104387938,1.5599850614560018,0.5881018956077803,1.3851941623582396,1.3754743149436475,1.0,2.0,1.0,0.1,1.0
1.0203679361026696,0.4749586610660377,0.037886150209587244,1.4129082691271533,0.9071413707563132,1.3949927682846757,1.4166000748201275,1.5601281816871413,1.757845242207512,1.5817484757088063,1.85320935689802,1.0,2.0,1.0,0.1,1.0
0.9796618910537926,1.4842069567740697,2.71237166964847,2.0732479501754515,2.232152856270119,2.4368503774957087,1.4694789736027838,1.5903214802330536,0.6780799258258181,0.7427351042414376,1.0000644213987253,1.0,2.0,1.0,0.1,1.0
0.007651366985255831,-0.160761494703184,-0.6052961457389168,-0.4015038919919536,-0.907459049852873,-1.1678978925737222,-0.35951501964047816,-0.08121185524479965,-0.2689738799543375,-1.292041031820054,-0.5542406498203846,1.0,2.0,1.0,0.1,1.0
0.6517293315317311,1.3014599798347177,0.23900364418341402,0.873460226858674,1.0043106249374871,1.348268827080462,1.6450282444845765,2.0591911304384305,1.8107507870198067,2.25380752319083,1.3616759354287868,1.0,2.0,1.0,0.1,1.0
0.5973087744297884,1.3600566832444205,2.332209001372272,2.2977781599552425,2.667075658373895,3.6237409483230207,4.241856292479975,3.4486331920684643,3.901694239553322,2.509846811776211,2.91295293315035,1.0,2.0,1.0,0.1,1.0
3.3532430828581403,3.458364547882942,3.244897680215908,2.5152503286064256,2.6867891721355655,3.2553930412596124,3.6758798778954493,3.459333073853796,2.199913495065382,2.9986977985835575,2.804585167133113,1.0,2.0,1.0,0.1,1.0
0.774162496229808,0.7932239852350064,0.8367178699855905,1.4682552796607777,1.6429858363105514,1.985291976387199,1.7695629956930767,1.6623034109386383,1.5550866740121039,0.9096099315376807,0.4501455292203503,1.0,2.0,1.0,0.1,1.0
0.3028674538591221,-0.25014994724575534,0.01005191497974936,0.18696244493917463,-0.24989442333481726,0.5004398634524174,1.4190564883156838,0.8509688021319802,1.3231876824943725,0.8032945321266372,0.8881958910534207,1.0,2.0,1.0,0.1,1.0
0.8090612289354807,1.5697156589670884,1.21267676816499,0.14525358423900747,-0.5511073810342737,-1.4033470530320935,-1.3709663802145868,-0.5665406758765446,-0.010136250977659522,-0.0962650533163108,0.21087854606908019,1.0,2.0,1.0,0.1,1.0
-1.4199778089708688,-2.3080637501086896,-2.581931669336476,-2.308326422068809,-2.1425808588763156,-2.233032112985144,-1.2385884138421943,-1.245501144838043,-1.8588144222881193,-1.9393413122257321,-1.323560779681645,1.0,2.0,1.0,0.1,1.0
0.5222788152837508,0.36909181606448216,0.22450708857525586,-0.24296557069774688,-0.4778918557578187,-0.725050161982795,-1.0864824706993197,-0.6956932092661946,-0.05219119506872577,0.398524193384222,0.5573615875882674,1.0,2.0,1.0,0.1,1.0
2.1011415413087473,2.137982578345764,2.2498323920319314,1.881362867384497,2.1086185146423833,1.7147069265603787,2.3339917536127786,2.5931353454239665,2.8383911386502154,2.9261451072355396,2.5347734069259906,1.0,2.0,1.0,0.1,1.0
-1.276713217959147,-0.4089261650175734,-0.3362418618402595,-0.5912241557949511,-0.024670793614502473,0.3524273606125383,0.9055368507663537,0.9056181249877339,1.642558622465586,2.661549458922408,2.486354878351784,1.0,2.0,1.0,0.1,1.0
1.0951177684430313,0.7537774012432528,0.6866729630125445,0.7114064679032309,1.5292742903271144,1.5013652353457163,2.1616314407545225,2.4509974166970276,2.8893076906521284,3.5964222290768135,3.1984299212228584,1.0,2.0,1.0,0.1,1.0
1.3412245712756752,1.8712289305866858,1.809757436833619,1.8717076788454758,1.1524787311883196,1.6270220841394454,0.8949927123621059,1.6871759537964075,1.4536936708362773,1.732982222334158,2.8390044602804876,1.0,2.0,1.0,0.1,1.0
-0.28266336707216594,-0.18411911705620626,-0.09085465813231886,1.1173114776303916,0.595423374448726,0.2598955997255796,-0.25159529608806513,0.7732063837422498,0.3123514719796449,0.36310968652311476,0.08140671425639295,1.0,2.0,1.0,0.1,1.0
-2.041147052862801,-0.5731677620606865,-0.11415010374291285,-0.825133142657083,0.2861321763999063,1.3555675645173715,1.2780876867507496,1.661558122594122,2.6306569719002533,1.9264243263670722,2.1697359765283757,1.0,2.0,1.0,0.1,1.0
-0.5958877839804684,-0.6987640263077206,-0.47416379845397105,-0.39161994589403415,0.13910993827098095,-0.10525093409421196,-0.1158151831243914,0.2207912712848698,0.27271213577442605,1.1249530327280983,1.243301581011927,1.0,2.0,1.0,0.1,1.0
0.08106950982430088,-0.2661831189589474,0.7196690982083954,1.2315889819929273,2.18687146625688,1.76653474556569,1.4285947932052896,1.7052032974129108,1.2775194509463381,2.5611627366640493,2.331827163504255,1.0,2.0,1.0,0.1,1.0
0.6752473734096589,-0.1710294446330094,-0.7506339961601975,-0.7850948617005805,-0.50938382342083,-0.8437330149878122,-0.6232114123393001,-0.8977698254366078,-0.6276049356616568,-1.0871173378355183,-1.8818016838908866,1.0,2.0,1.0,0.1,1.0
2.1542202149565957,1.7236550925936434,2.1069582905880586,1.4885589518873656,1.674196432008246,1.5365417311416285,0.9171185613751072,1.09292572558721,0.5554630077040831,0.8094833509248148,1.1278519300219814,1.0,2.0,1.0,0.1,1.0
2.035949909300509,2.1254338730257425,1.3788764508253417,1.4444032325614553,1.186519901784256,1.4759345653062705,1.075505952313508,1.173928572260805,1.6884168680272982,1.051960943430103,1.5524580935842371,1.0,2.0,1.0,0.1,1.0
-1.0219124557316857,-0.11202243722899974,-0.04707470388969744,-0.03773225328847623,0.6359873664925153,0.05061904827079333,-0.4725520861151414,-0.10544048336909362,-0.0801017253123805,-0.7557394815223965,-0.7492605101762477,1.0,2.0,1.0,0.1,1.0
0.05666934024243459,-1.003833753316791,-1.1103317782420818,-0.7131783287868468,-0.5678488423466052,-0.0876814309674242,-0.4886017078958246,-0.6699585359585167,-0.4529217363469037,0.05753099190576799,0.15803910559254783,1.0,2.0,1.0,0.1,1.0
0.7736919934203343,1.2217772267697848,0.8155876069253793,1.0490118264783312,2.3728985024829186,2.566200147436681,2.5322987172103106,3.510199124899674,2.329971217025771,1.6705604195032175,1.807119940042974,1.0,2.0,1.0,0.1,1.0
1.0522416172883484,0.260556152669124,0.18235656895189525,-0.21507754439876625,-0.7001177280451408,-0.6473636649845143,-0.2821013471466568,-0.954090219273234,-1.4231796904441412,-0.7952753523674885,0.8193260232635877,1.0,2.0,1.0,0.1,1.0
0.7016826204814828,0.40090395243860033,0.4599470528333619,0.5424929438017445,0.9890232111160557,0.45146650068128125,1.2366092116020675,1.5054623985307571,1.0796585216531205,1.6301515952663717,0.6163724389332488,1.0,2.0,1.0,0.1,1.0
0.19517430006680903,0.9446533654219147,1.0694697337225716,2.468505334640926,1.547467581920661,0.6156121932971267,0.20470530786459717,-0.2596597390297194,-0.12289316220092518,0.23354240494550782,0.11540231631274633,1.0,2.0,1.0,0.1,1.0
3.3008891847703143,3.5575724130854494,3.5453441406264488,2.998605243606627,3.9749317803877986,2.915255816039771,3.197098090391251,2.3613112550475828,2.0991024720365505,3.09312131110067,3.9479869893243844,1.0,2.0,1.0,0.1,1.0
0.3184195340336509,1.3000790995395926,0.9228453682785756,0.9192384507555882,0.4136529880998151,0.4165119015619899,1.4227144862545813,1.4829364158845186,1.7903147641307575,1.6550812060378939,1.2804204295750568,1.0,2.0,1.0,0.1,1.0
1.5489910632958817,0.17486284617488068,-0.8587118284003994,-0.7548005353368195,-0.3128908243767377,0.6791018994398353,1.113044196277775,1.7147808314290816,1.6219679269278011,1.8483544668433411,0.4389539371595963,1.0,2.0,1.0,0.1,1.0
2.134841220095134,2.2897735989180386,3.072453469538564,3.1194139923368036,2.829940574827536,2.9656779706968024,2.087497316127396,0.5906635556203084,1.6538963884588163,2.5391277410254194,2.5515842792746835,1.0,2.0,1.0,0.1,1.0
1.7086131430525862,2.142369427727414,1.1877212536449795,1.7460038332747838,0.6542534838941882,0.6078153466729723,1.0788329576031026,0.8419534935914031,0.545119188684775,0.4209143392836564,0.003909392291058078,1.0,2.0,1.0,0.1,1.0
1.3068849807137717,1.4457526030727232,1.8668372239751896,2.08202744393291,2.394655190249697,2.558580602303823,2.757287981553233,3.0178198617056995,2.4958368693539974,1.7245334466726856,1.7769073478898523,1.0,2.0,1.0,0.1,1.0
-2.4689992698294128,-2.1235001709702526,-2.6749278669250964,-1.9584835987661982,-1.8518072931571536,-1.7992635602772806,-1.7602412208913463,-1.6057445038467149,-1.8134893954953522,-1.8542281066517445,-2.2370018994711764,1.0,2.0,1.0,0.1,1.0
1.4123906775385346,1.293297194754548,0.9916844145323707,0.5257559331280676,0.2303771070664985,0.09974449614193129,-0.3700148858988393,-0.3359130607585187,0.1152423073562572,0.16252471125921172,-1.7438657888822218,1.0,2.0,1.0,0.1,1.0
1.5234325232935146,1.4765750459322788,0.9008555354777626,0.5502474433511015,0.5546465485086557,1.0283791526038832,0.9040231517918283,2.5888219920978885,3.3616512759316,3.2613562296675633,3.2273321022555086,1.0,2.0,1.0,0.1,1.0
-0.44378938696306375,-0.180040592688567,0.17860442349697622,-0.5049690243361312,-2.4043942637112097,-1.905908595190315,-1.6535665930466843,-1.3957621620660632,-0.3621896845090601,-0.1914254062960768,0.9742338553852414,1.0,2.0,1.0,0.1,1.0
3.9652040950578433,3.475383307834326,4.49553629689922,4.374185958755008,4.345719248474729,3.707179403715337,3.2697560642857786,2.754655898601403,3.211750524102387,3.823007111079948,3.541466318164885,1.0,2.0,1.0,0.1,1.0
-1.773193277395126,-1.7442989653814092,-1.7710378423678177,-1.662084353937426,-0.38146254256470913,0.8903109507060873,1.2737789549211644,1.2359269308629024,0.9620557963995471,0.1169295118245206,0.6482865717040971,1.0,2.0,1.0,0.1,1.0
0.09099003780796804,-0.007419485811705484,0.7506142241991041,0.992857808392235,1.5367349381787383,1.9387324712241223,1.3512677682511873,0.919614580892214,0.9205035537527676,-0.07202792858100415,1.071275093542667,1.0,2.0,1.0,0.1,1.0
2.393288070867685,1.8858772159545303,2.4296977998206466,1.9651625784643096,1.8717825472831315,1.9428054271711876,1.391763541340883,1.4354911392590715,0.9295621711943779,-0.35245255828896993,-0.7346055868893876,1.0,2.0,1.0,0.1,1.0
0.8278236618550748,-0.32609743991350626,-0.5524711585301417,-0.30320108943082236,0.12743509448962606,1.5335383491237657,2.0313094104775966,2.233047192736726,1.9649876465669402,3.019206147584759,3.686236926236155,1.0,2.0,1.0,0.1,1.0
1.3042569190443696,2.0176704300102872,1.4599077570011911,0.8520672015450439,0.2599305954375698,-0.37785036627528235,0.7083345560067049,-0.4273567473687655,0.3164558457502151,-1.4928495162599922,-2.1163837936855865,1.0,2.0,1.0,0.1,1.0
1.3369961663615153,1.7320044668267052,0.5935188720659139,0.5032613709798768,-0.18112184306039047,-0.8538397807270484,-0.8832292598643081,-0.3148790691370624,-1.1941663135878122,-0.5972437571742708,1.3857582415730292,1.0,2.0,1.0,0.1,1.0
1.4495350955088275,2.424528359977173,2.633383633782445,2.6730940370183416,2.5773163120697897,2.432905714905881,1.2692137257914016,1.5096435108120811,2.0869247277234866,2.1825848581751055,3.2018964138735004,1.0,2.0,1.0,0.1,1.0
-0.024076916756264444,-1.0621057854706895,-0.3125565562525663,-0.2470026314734201,-0.6717619207399407,-2.230241017428586,-1.780007916451945,-0.6749174379769405,0.09290193368607935,0.6228123716607759,-0.4432793836309039,1.0,2.0,1.0,0.1,1.0
3.227598245991826,2.6815841923311607,3.451399336579636,3.030013684529985,2.770559386715248,1.9873926142597536,2.742859400230526,2.0088389027988915,3.2745291934294487,2.8621250361790316,2.5977501202730413,1.0,2.0,1.0,0.1,1.0
1.5693310464802095,0.46349102925584185,0.2649864130231975,0.6861003491974695,0.4413416028521039,0.4356077784890071,0.8171687334967997,1.1000526455529234,1.2709571393193289,1.2163938274618529,1.0502625524123064,1.0,2.0,1.0,0.1,1.0
0.06255717484560412,0.577270269106411,0.7165172777258897,0.8789790981976386,0.7005162840634741,-0.5445789932998829,0.7173201831593311,0.7823142393716815,0.6197005773792713,0.3005225405560036,0.35057878757491273,1.0,2.0,1.0,0.1,1.0
1.2165576762424046,0.6828241532944405,0.9652711512691525,-0.1168830622612671,0.7794282145628371,0.9089379898558967,0.3207611974933309,1.1683513890774353,1.1761132975270845,0.7378385322349288,0.6018015730591435,1.0,2.0,1.0,0.1,1.0
0.30403722702701713,0.6594942448156812,1.4851248416957348,0.984496300645961,0.2698589970355407,0.45100451775913936,0.7747872390139878,1.502808344192645,1.8416185635141895,2.082516616726984,1.6886904799435252,1.0,2.0,1.0,0.1,1.0
0.41284914672353706,0.28754571147501073,0.543079202969019,0.355088590546465,0.9084603889807041,1.9818087101151403,1.414030788581505,0.8296875395996688,0.7665798968119715,0.5930224830802772,-0.24612244942253547,1.0,2.0,1.0,0.1,1.0
2.62892283095207,4.136155938810891,4.125176541614154,3.568124749209192,3.04035157205211,2.5768086902144858,1.6868531263848558,1.1803264936088054,1.6284739879214774,0.9552677909134262,1.1439754653496417,1.0,2.0,1.0,0.1,1.0
-0.18417242566636283,0.5087840654024194,1.1483699211186709,1.8446758128479916,1.4509195120017453,1.2422859134926412,3.1252065336749846,2.322484356374647,1.901522376366477,1.356341507921611,1.2995178466590733,1.0,2.0,1.0,0.1,1.0
-0.13136799584023537,-1.154772487214638,-0.8252028268233721,-0.6143194316638204,-0.27799554563297024,-0.12218706696968397,-0.7655329170235701,0.25426181733487785,0.11937129594360069,0.5144521275396701,0.32881213902067,1.0,2.0,1.0,0.1,1.0
0.12835091268965523,0.08524340127963803,-0.19272309668010423,0.8584760575785533,1.775760316912275,2.293856339938368,1.2384104431779872,1.0605440002432125,1.1101321159649995,0.5531044642132337,1.4917469808921273,1.0,2.0,1.0,0.1,1.0
1.1706757714230007,0.12076599763126183,0.6400072479173773,-0.09398412268321832,0.14134070524039985,0.41649327812904036,1.1272036106106793,1.38816256599342,2.051913181857261,1.4108140403293876,1.7330144239561893,1.0,2.0,1.0,0.1,1.0
2.3420580178406167,1.9918386306532787,1.2434995260230362,1.3211981972890174,1.2850304184452466,0.738408385350188,0.18105754358323667,0.4696702773363879,0.9893379816951138,0.5227206325152068,0.8163660380348482,1.0,2.0,1.0,0.1,1.0
0.9984862665294434,0.6320784432233804,0.20276194778608903,-0.2383839660696525,0.22700935807571848,0.4796609433928716,1.200078121012465,1.6067375600374103,1.689900223375088,1.7223122603952044,2.050687470971818,1.0,2.0,1.0,0.1,1.0
-0.9596061540399077,-0.2531877249329597,-0.2713598572961049,-0.39682792655575694,-0.6410396582701277,-0.13063013566681975,0.4614780445621946,-0.6492096224591335,0.19621906078359996,-0.6138435439744783,-0.32136411299997125,1.0,2.0,1.0,0.1,1.0
1.2041803577172392,0.8496063884418584,0.4467476730373144,-0.3245718976953964,-0.31822731102048063,1.1228934939259214,0.7926400905937128,1.0722961682979428,0.29406462660118116,0.0026115063538409977,0.21433310554731588,1.0,2.0,1.0,0.1,1.0
2.7933133758262247,1.002665144620757,0.04687579960943944,-0.021035340310609524,0.37199399153095153,-0.010110841569184958,-0.4005584612814644,-0.9311965129766748,-0.6951381345237504,-1.6878712404095875,0.13451338811670355,1.0,2.0,1.0,0.1,1.0
-1.495243221967119,-1.8181806943698655,-0.7681176809451399,-0.7831199768942314,-0.07276353596296714,0.4622665311704349,0.611832152779161,0.5448906644144288,1.1701843108382846,1.9683309784375251,1.5403386200294298,1.0,2.0,1.0,0.1,1.0
-0.09778925179330558,0.14115046361818104,-0.09755503262019832,0.08732981133092282,-0.10930979840023788,-0.267532659259441,-0.16341175171533584,-0.2382733272032171,0.9734519840154224,0.9689394926632714,0.1577249464792242,1.0,2.0,1.0,0.1,1.0
2.2612252751190507,2.297314400775273,3.160444516267334,2.8231924003067514,3.8762292624427843,3.688962728522692,3.905252074012658,3.986322585399558,3.074050496054577,2.7775702488846217,2.525161695210468,1.0,2.0,1.0,0.1,1.0
3.3889253440206732,2.711056857043635,1.8601629686661325,2.0876917360275646,2.3828588145651115,1.6553653131502615,1.5874269884455168,2.1937884355750903,2.6739867467347045,2.7164328012019157,3.7977271530111487,1.0,2.0,1.0,0.1,1.0
1.3048050634002157,1.207531914489751,1.357136238476518,0.7296885486573602,0.7293931577500001,1.5810156030680884,1.0980988833630378,1.1804206773982857,1.5861706174218804,1.9299976418417417,2.1070155605967686,1.0,2.0,1.0,0.1,1.0
2.459961435873208,1.3225937500377425,1.3884898985412624,0.997462232412889,0.6351259989744124,0.5140062203429117,1.3953686189014172,0.19693431893130442,0.5779516810034657,1.8868566138504366,1.7362791066143366,1.0,2.0,1.0,0.1,1.0
0.11775823876572358,0.4640524738184355,0.027097055433444317,-1.1792728864209847,-1.8457606735869585,-0.9871766586908464,-1.1712631017017796,-0.7521229436122944,-0.7532333347221711,-1.2899758556665006,-1.3383824395317465,1.0,2.0,1.0,0.1,1.0
1.5022350026640303,2.112385638994816,1.9306376384390567,1.4116072065439678,1.9683947995643636,1.5819546765353003,1.5919451798708004,1.7108837073451468,1.9029014185881472,2.246468310708124,1.126626397623253,1.0,2.0,1.0,0.1,1.0
1.1484033162250655,1.844870256001982,2.5936708126334,1.928997250158912,1.0706573466229816,0.4176261188025161,0.18832959046492026,-0.5041586093865067,-1.4134563177282176,0.33385739656475755,-0.014607202888853255,1.0,2.0,1.0,0.1,1.0
2.070256623232244,2.1761625841209735,1.9303257892085959,2.673099952677063,1.6491536391874124,2.0805552121534285,1.9635759487863371,3.0896740692708353,3.1013528523925062,3.637190189398973,2.8860318802003007,1.0,2.0,1.0,0.1,1.0
1.9785381159476554,2.132460265057089,1.964066280165349,3.453467801449368,3.166880887868884,4.362022978726164,3.6754792857986547,3.015838410818285,2.9169594571858983,2.764867236875611,3.0002952057022676,1.0,2.0,1.0,0.1,1.0
1.1913984802583708,1.3395928262630252,1.161209471140014,1.008658827642009,1.7627470220319963,1.772488932004886,1.9477020513317622,1.1035360980608875,0.6521699478237375,1.1067474925925251,1.5993986899088202,1.0,2.0,1.0,0.1,1.0
1.7037920712818895,1.8832922728008925,1.4675550427428163,0.8664198979438603,1.2380705201162725,1.714282811672677,2.482368006998333,1.6706359419417898,1.4359553408637638,1.9988030215252004,2.5386973000825144,1.0,2.0,1.0,0.1,1.0
1.3295062208964448,0.7328728724966842,-0.09174032167788804,0.6641516737955531,1.2171338445591993,1.7159126694018436,2.297975565187776,2.9373696789335195,3.491339206127724,3.8209311080504373,3.7041187935907334,1.0,2.0,1.0,0.1,1.0
1.0081246699356459,1.5937735969932325,1.5084951966657678,0.6099061197986062,0.612665019098842,1.6755521927478758,1.9189335849059437,1.0186838790584816,0.9770804650332516,1.434004975792623,1.5526931080780353,1.0,2.0,1.0,0.1,1.0
-1.6110775856194375,-0.7562382228844372,-0.4569626420823997,0.6149578991995914,0.34658505759821473,0.08178435118037225,0.7031955028132746,-0.18135321088152156,-0.5032667206845309,-0.7506009918976497,-1.6163406766320447,1.0,2.0,1.0,0.1,1.0
-0.6008350896674879,-0.1291970929988504,0.7324513398392442,0.8682318345031032,1.0893998888537428,0.7038405035119455,1.499665479365555,1.3019611349711135,1.383361516083524,1.4816494172000925,1.0412465379118425,1.0,2.0,1.0,0.1,1.0
1.048229332455525,0.6021345594611763,0.9352360334612664,-0.02339507806301122,0.48166934115109494,-0.05985729548411223,-0.01982855004490447,0.10757644081995875,0.877784704949399,0.59103351638585,2.0828992595666307,1.0,2.0,1.0,0.1,1.0
0.6127134888226987,1.0419412170547457,1.187535202930155,1.3805778188169322,0.6122102177634366,0.811578525834005,1.8142372631255115,2.0233525931315297,1.3104380159371045,1.1968581586059779,0.4590771437115545,1.0,2.0,1.0,0.1,1.0
0.6867198683728575,-0.09030823239699004,0.5329837061560144,0.925790518726346,1.481521546815153,0.6749995640247658,1.6609547842032129,0.8854936361533257,1.5796388623687077,1.0177282046789116,1.0020684802226782,1.0,2.0,1.0,0.1,1.0
0.47237520153060164,1.3641829768768794,1.5548153450237177,0.6350276187526699,0.12860660021273085,-0.05185091042583767,0.18277260063596,-0.23758536695044719,-0.15977166016625877,-0.5998841861091503,-2.0059736328923723,1.0,2.0,1.0,0.1,1.0
0.789680569534327,1.94156252926497,2.6089948518451322,2.08185264966153,1.0867063754943282,0.3501352856594371,1.202410327677672,0.7899900917433471,0.6704336309390828,0.6239749090445115,1.2225994704887424,1.0,2.0,1.0,0.1,1.0
1.959336593921931,2.1317050011167495,1.9336599085509523,2.003075906637094,2.614839681121307,2.925113505928935,1.5360967463421513,1.9031272234972418,2.0753594177868244,1.9889026713113058,2.7607396003663696,1.0,2.0,1.0,0.1,1.0
3.4764873011208612,2.9613245619976243,3.47117450823932,3.1521160566362374,2.6573296873154884,1.1645895647345927,0.536728755820801,-0.8700907180983077,-1.1418727440561305,-2.0029511560110302,-1.288353203205281,1.0,2.0,1.0,0.1,1.0
1.8058154118656249,1.580835906110477,0.7959480057983506,1.3200160168300967,0.9754427039325053,-0.43382896885085687,0.663212635944453,0.4853672717876836,0.8683038771364823,0.8862396393511003,1.4088673181810056,1.0,2.0,1.0,0.1,1.0
2.5201336208755047,1.724478929535645,1.836615232751688,2.102159153785176,1.6895183189719671,2.237951874869145,2.510812370526478,1.6973057120635482,1.3717338914363126,1.8959440145385797,2.169855877019354,1.0,2.0,1.0,0.1,1.0
2.3715128286899296,1.6981262022069985,1.069815254283173,1.541966967398543,1.8407627341838135,1.8787823176509049,1.8224230256385483,1.8343572087324418,2.4992317320575896,2.5009915606131323,1.913218005210537,1.0,2.0,1.0,0.1,1.0
-0.6907769334557569,-1.1351717788918054,-0.6529514827956392,0.44141401306236705,-0.28007704745828443,0.16300365846302936,0.6153055538317275,0.688211729728392,0.5600674908043454,1.1151046123976243,1.6373955654591383,1.0,2.0,1.0,0.1,1.0
0.5503108015197858,0.06030616251624832,-0.1138242936983091,0.05650643155884334,1.3485415650160841,1.0292367813018077,1.9894141327321369,1.952275240756356,1.5762178758221248,1.298465865655877,1.5260974830598384,1.0,2.0,1.0,0.1,1.0
0.5679638559703966,1.2940622540446853,0.8298473458234883,-0.36849496730790565,0.1067256682315674,0.1250318915149936,-1.4654755035375737,-0.8362603626880699,-0.7598389991411695,-0.1099470478933417,0.611409104591916,1.0,2.0,1.0,0.1,1.0
1.7258357218894544,1.3966390358009826,0.9663031300896188,0.9713371626223843,-0.10714468128356436,0.5763658852608424,0.8746943132754554,1.1297707660540046,0.8120943603330999,1.0732076340004075,1.690989682407865,1.0,2.0,1.0,0.1,1.0
2.6294972365693274,1.888546031565077,0.9429993518739248,0.706097866213394,0.621376898829241,1.5660324944297603,2.8891442936621097,2.328986780405171,2.2892184773697477,2.2129337442506722,2.464003710885863,1.0,2.0,1.0,0.1,1.0
-0.24451010892237365,-0.7218628125061538,-2.034442057528157,-1.29411412672113,-1.3083435611634637,-0.21179025276730423,-0.08332224469354972,-0.2234990803849084,-0.048672724817429305,-0.854874757620336,-1.036770462762577,1.0,2.0,1.0,0.1,1.0
0.05421795362740335,0.3388828690555562,0.654709015754491,1.0219472931173825,0.3754711290201481,0.009842812329831252,-0.3085180646995296,-0.09958420806404869,-0.22917207826118177,-0.19060757751786112,-0.47058048332267904,1.0,2.0,1.0,0.1,1.0
3.571979015310846,1.5652868653445162,1.292815673409982,1.2528697653000886,1.9560714912348682,2.3884100524772096,2.8629985039397807,2.207813109726955,2.163455776366649,2.6489605165051033,2.7417511035510467,1.0,2.0,1.0,0.1,1.0
2.129961517419315,2.77529827676154,2.5181057050367186,2.4531517484639385,3.277225693617192,1.1503416616074393,0.4511552354542453,0.8125671027240593,0.918622231813715,1.1617878055088957,0.3949908091884564,1.0,2.0,1.0,0.1,1.0
3.282115376087858,2.4644520798951715,2.592452805845379,2.335425304083872,3.080408193980323,3.6267722576521546,3.291481035353277,2.843838171873171,2.9633430787887556,1.029920629820337,2.461806384363136,1.0,2.0,1.0,0.1,1.0
2.4155178889485347,4.73142663772287,4.755244697197533,3.838305454329393,4.174664816657531,3.887519039828966,3.459685105640987,5.17079452547571,4.8999481439883965,4.912943388515511,4.881005147886203,1.0,2.0,1.0,0.1,1.0
5.0011456981200695,4.622779378989492,5.103198594637263,4.399712068221874,4.115546540141394,3.506217532999858,4.900482655379093,4.257608101446819,2.79131221084966,3.247312509618779,2.732911294421269,1.0,2.0,1.0,0.1,1.0
-0.661710254176644,0.1814238494565944,-0.3919857656470584,0.0345086016346377,-1.9537901541662261,-1.3811133356355718,-1.5192108551227608,-0.6730324684202443,-0.3946866415399642,-0.2420012320371499,0.8580613546298606,1.0,2.0,1.0,0.1,1.0
-1.8928788337177727,-1.2750203785263965,-0.11037602959982595,-0.20651224366017928,0.23932490157892033,0.23836488402961906,0.04962483946435042,0.4803892673964361,0.5091437573161444,0.2875544723620939,0.5870791430881988,1.0,2.0,1.0,0.1,1.0
0.6337897123500986,-0.6417238095943099,-1.1215970833394728,-0.5998460661582474,-0.022105306813209602,0.10490957467820755,0.9779557654487182,1.6083982484955066,1.3045647981321786,2.0274082280129964,1.9092043573112176,1.0,2.0,1.0,0.1,1.0
1.3479462103650195,2.0860207946440643,2.066379728041817,2.3286727217163405,2.3735538616624963,2.7428108496481274,2.637611022719703,3.52116092360094,4.321896756699404,3.7330763922592824,2.462569751412495,1.0,2.0,1.0,0.1,1.0
0.9243361333885707,1.5541119205007523,2.2965636942287726,1.6579872401942413,0.8503970949865667,0.8113575855595461,1.3428075472643084,1.8338732889561022,0.905735872184738,1.2379263426457805,0.960715578517022,1.0,2.0,1.0,0.1,1.0
0.40192205864518976,0.451110726013663,1.2381698171772972,1.4765504507299947,2.1848414038555575,2.032880614141154,3.0596647552162537,3.1604590574156894,2.1662372749395136,2.5937150636290074,2.363795142906477,1.0,2.0,1.0,0.1,1.0
2.6680744067944597,2.7331241758592846,1.9646960764937358,1.6728496229934648,2.2683520038536367,2.1044830406963673,2.654955164819822,2.3155636916317928,3.1054200943360577,4.055038100301484,3.5111708232850365,1.0,2.0,1.0,0.1,1.0
1.4683726731229456,1.0754624754817206,0.6859776340018532,0.29372037165695314,0.2728688139137828,0.591616028691539,2.026710290140107,2.5083531094739673,2.0122816859221038,2.0327912488442257,1.749066552605872,1.0,2.0,1.0,0.1,1.0
2.975645822952997,2.691939384050387,2.4336081256447715,2.724806329465349,2.466151242054863,2.828681678093914,3.1415256192454675,3.1081088100799805,3.3771902675017365,3.667458853847469,3.7063818967503854,1.0,2.0,1.0,0.1,1.0
5.129319737208194,5.104853023393333,3.4710839858601017,2.105300797949874,1.1019459694929443,0.3465128224060213,0.3359238742489604,-0.17462636534479803,0.01115633806483192,-0.11929764130825825,0.7594827083584377,1.0,2.0,1.0,0.1,1.0
-0.3872659701936629,-1.0193621349068707,-0.23429516620214175,-0.05397907372125167,-1.0753465240295144,-0.4353898712126961,0.03558588756622244,-0.23314766160647576,-0.6325253586674996,-1.0151610215812965,-1.346992419061692,1.0,2.0,1.0,0.1,1.0
-0.02958711123123304,-0.2978440711829728,-0.23250777866839856,-0.5172352116930132,0.6717148603168877,1.32439339650214,1.6187543378880744,0.9115093867323978,1.1401327235759278,2.1527813927789854,0.9655924729290628,1.0,2.0,1.0,0.1,1.0
0.8139551836073835,1.1357532129174657,0.6197217619760478,-0.34835536261853317,-0.5092232897879102,0.5554716893561817,0.9902762928962203,1.7662639492059213,2.5945132736027574,2.4958144996520493,1.1237437584587082,1.0,2.0,1.0,0.1,1.0
2.4469397267913773,1.9255276748733618,1.4284712279658458,1.392705757793889,1.7014127056547936,1.8257115704270956,1.6762606420637753,1.9238435710575166,2.060435094281422,1.377605076670504,0.6684670218374827,1.0,2.0,1.0,0.1,1.0
0.69263320454398,0.36057872108955336,0.7703557901406317,0.11702843727025614,-0.023642046773495018,0.1821324657468535,2.2387290114958676,1.185079582111216,1.6699992828422063,0.6317843968354021,0.1935640702614157,1.0,2.0,1.0,0.1,1.0
-1.3163359148210894,-1.0821781592268425,-0.4048691254146842,-0.5322724791028355,0.1540223767450002,0.17875016383000025,0.21632281669785844,1.331475994237931,1.7400675420047642,1.0531875022676438,0.2664143324401461,1.0,2.0,1.0,0.1,1.0
1.9804489595193167,2.3081092723173544,2.96435949123038,2.8293335809253217,1.7561037252598735,1.1621011336867468,2.317410124809122,3.2771683875202644,4.154275072641473,3.222697508298072,2.521678906827721,1.0,2.0,1.0,0.1,1.0
1.1154144902788803,1.8033431571481058,1.2976098291406202,0.87461219836438,2.573391059716859,1.3943696664791863,1.8352636426221376,2.5344558699281,2.436782370347909,2.777581250245505,1.51248155367165,1.0,2.0,1.0,0.1,1.0
-1.5749988780057136,-0.7387897532409595,-0.04477407847989334,-0.02134073054530118,1.636066309910415,1.1980017379168801,0.7994275877721659,0.21949672966827216,2.111078451976827,2.2702382341559044,2.0424868539814267,1.0,2.0,1.0,0.1,1.0
4.930220698833048,5.232195341671761,5.161757939393334,4.09975341718411,4.173525315694595,4.08900301752371,2.994866282003841,2.1951990119060047,3.007929536858546,2.744385524319461,2.360624071556713,1.0,2.0,1.0,0.1,1.0
2.139911580319013,1.624183096857517,1.8164302495937121,0.5518842469889862,-0.19194158748393997,-0.40897888345089073,-0.012534776304840844,0.5478387829906829,-0.12842011901043293,0.2714985270430065,0.5884723446542433,1.0,2.0,1.0,0.1,1.0
0.25933509964619766,0.7425186069912066,0.8565529716070508,0.8701353831918242,0.7802837367652253,0.9544766903953078,1.1920508072862843,1.1084883978478293,1.4344468549035005,1.7125456025984804,0.8901120852750247,1.0,2.0,1.0,0.1,1.0
0.9890654305186716,-0.09017498818926395,0.1068040061319769,1.1013766553826208,1.8120127052486472,2.2673937682026053,1.9850349510237328,1.641928365370199,1.556305118462719,0.924297616896704,0.3638524336863488,1.0,2.0,1.0,0.1,1.0
0.21390726248656416,0.9098015112832525,1.9560129172494323,2.0381333842024794,1.1820663691241633,1.5736253668904272,1.7505570319525146,1.3736000770861239,1.4793736301868452,1.2430270177904776,1.1987768007178747,1.0,2.0,1.0,0.1,1.0
-0.6940261059598373,-0.3208272759198564,-0.25488016067056135,0.7813311267046029,1.2909379099353195,2.1312998811775956,2.3516370170433443,3.1125713402701987,3.617567513064995,3.386730385939785,2.3507466772666925,1.0,2.0,1.0,0.1,1.0
0.8392737041300855,0.5675862698969429,0.541904100710693,1.5163953116261504,1.6962413459125387,1.642652393482706,1.664522291241063,2.6040898010237266,3.5563916108021116,4.038219192660689,4.1650341844970695,1.0,2.0,1.0,0.1,1.0
2.357005317343443,1.6431021399899386,1.51243340140251,0.8127838138367982,-0.007202650905279606,0.5812468265430594,1.443037531559786,2.1325462275419462,0.7174601572965771,1.1866719993711918,0.7508583558078181,1.0,2.0,1.0,0.1,1.0
-0.11600843474102714,-0.45822297246104604,0.2068746886794367,-0.47779350417462124,-1.513841179379075,-0.5885659674821704,0.8341844038457432,0.49701688438404806,0.7165455018210545,1.5392021629736323,1.8585995586349673,1.0,2.0,1.0,0.1,1.0
3.917292932238023,3.2715405945740295,3.3437821903528917,2.1351085679729933,1.4814606556485397,1.2476069297678871,1.2879536377447678,2.046992478638468,1.9978047459883654,2.867446425379963,3.2052066164783093,1.0,2.0,1.0,0.1,1.0
-1.2377496754943293,-1.2716639820684998,-0.784499022761459,-1.022399608635971,0.5311857721867229,0.22958130929801335,0.8096756915809948,0.8006067269940057,1.3962893998754824,1.220399190968337,1.4977453297212415,1.0,2.0,1.0,0.1,1.0
-1.7523291823329332,-1.6902561950291242,-2.799044955846009,-1.8105847701198512,-0.5000080517694829,-0.38270253115669645,-1.305239550344469,-0.6553411325882004,-1.060483324689487,-0.25353902444893894,-0.3829671246959465,1.0,2.0,1.0,0.1,1.0
1.3781330184278386,1.8497561897732728,1.0488498935751402,1.7152381224104565,2.805706270963662,2.175173762008668,2.975509373218018,3.568209273879959,3.7910821187526493,3.011203004060924,2.3837025523329327,1.0,2.0,1.0,0.1,1.0
2.4520608993467214,3.276324282060907,2.66370590642483,2.1280270986586904,1.6622100547752767,1.6530129416387302,1.4910676679195667,1.8766881311238417,1.4765648489635308,1.2184756752301276,0.6663851892885009,1.0,2.0,1.0,0.1,1.0
2.840261905865621,2.5888733959345056,1.9796247972138998,1.3735177427698384,0.8022554101929227,0.2977145411041159,-0.44179249316352126,-0.5380501803219254,0.11078113622521885,0.029914857279750823,0.5905682885826529,1.0,2.0,1.0,0.1,1.0
-2.7462546319429064,-2.461859778898363,-1.226939248488549,-1.9867048685290931,-1.158369669926627,-1.609394461176601,-2.128595804367631,-1.2596893434250558,-0.6288222822832612,-2.105198208359388,-2.0390033352479753,1.0,2.0,1.0,0.1,1.0
2.8160053161331513,2.6050029345254906,2.8408883682346144,3.4251841499562907,3.5900230648680096,2.9627260373481175,2.536821224651389,3.001510060615122,2.2378473700117496,1.9834805991018714,2.837628887256779,1.0,2.0,1.0,0.1,1.0
1.396686026355806,1.2416569223048368,1.241350861692686,1.4225432937500937,2.3002835145633878,1.4941731537457508,0.9952196294770643,1.6614743706212516,1.8591742061099268,2.853439216465971,2.453670446532591,1.0,2.0,1.0,0.1,1.0
2.7158659786800623,2.5151291162956078,2.821238682931569,2.1891827525339136,0.5056030518622427,0.06549748302595532,-0.37416121450489614,0.004161716897395418,0.011665453197474723,-1.4873355583190848,-0.031734585471068666,1.0,2.0,1.0,0.1,1.0
1.5387952093704924,0.9363618855652546,0.5286200358585196,0.4413622127439042,1.3161632590471979,1.914848942219447,1.5659360079446722,1.3141976006077303,1.1415386056008834,1.2785817763427987,0.32870598664103445,1.0,2.0,1.0,0.1,1.0
-0.06380362957688478,0.2716255434182941,0.413658430907477,1.2544132137974375,1.3366379021630248,0.36812427141028903,-0.49714306511054024,0.5161718047388916,-0.7900962893974888,-0.4510391178116548,-0.19713505442572932,1.0,2.0,1.0,0.1,1.0
2.786200914244236,2.0343054595195103,3.3462655989474217,3.3439221709724434,2.802222885319748,2.858881966695861,1.6939180866897598,1.5985900589157167,2.5937801822644184,2.8491505734352343,2.438773674171098,1.0,2.0,1.0,0.1,1.0
1.686238439847099,1.7122734040171403,2.1902826149695698,3.4756901168626513,2.89955559067136,2.3868862480014204,1.9120126927814143,1.8192300627620848,0.5635192103081605,0.5818671565348221,0.039305700099877994,1.0,2.0,1.0,0.1,1.0
1.7266991327885164,1.2448458532950495,2.1113154832531715,1.3542029527514567,1.3292631715702858,1.3180937360314324,0.9356143950441094,0.8566291544475135,0.6465044676915488,0.18591130905442954,0.6292678930379327,1.0,2.0,1.0,0.1,1.0
2.3598083254560667,2.1787626694362765,1.3801646175062525,0.9410907201167855,0.9775609007068861,0.5364083394772007,0.2885263031258039,0.5915102126607844,0.2331280396049069,1.0882531698042817,2.664996396856786,1.0,2.0,1.0,0.1,1.0
1.984688611059652,1.626377294147023,1.582047068232427,0.9320294887492441,0.8908326402594029,0.8840126257910008,0.5678090305257587,0.13664347096797091,-0.19249374122907345,0.39673234658978773,-0.2538130952372083,1.0,2.0,1.0,0.1,1.0
2.041222859236946,1.5785086220022542,1.374667115647606,0.6690465307417971,0.6112816976595223,1.374990856343175,0.6661449843623567,0.7795517228503756,2.2049757052968446,1.902106741790614,1.725757499172409,1.0,2.0,1.0,0.1,1.0
-2.1883568289509023,-1.5888912514858762,-2.5878112661650143,-2.730298901505856,-1.9899094463905227,-2.2758415266122225,-2.571732701274904,-2.280848864391538,-3.0922623339342703,-2.525532122535057,-1.763637268690705,1.0,2.0,1.0,0.1,1.0
-1.023484847769787,-1.5812116374303404,-1.355469990972136,-1.0089148952619014,-1.5834020635797583,-0.14102322914965715,-1.1898993170162624,-0.77247734142345,0.8047794132602992,-0.2455332465660497,-0.08623204027809007,1.0,2.0,1.0,0.1,1.0
2.2672592282155293,2.566247727836995,2.067762920121535,1.4615651014514004,1.094514847282466,1.2183386252363542,0.41425778196918006,-0.017902417112801328,0.43829962009632295,1.0783084376778613,1.2583240778520943,1.0,2.0,1.0,0.1,1.0
-1.8536843556016722,-2.2662900357947446,-3.399619160206151,-3.3970838702569504,-3.3726563945437227,-3.3045793465180497,-2.4006867773834415,-2.529923788757848,-2.494802786011034,-1.5257191186652634,-1.1620951280860665,1.0,2.0,1.0,0.1,1.0
0.5672760884930967,2.0035453782448154,1.006682527728458,1.192057854429344,1.285569518942527,0.8428260585105611,1.076922291832739,1.3198498014658675,1.0881255086766517,0.5396231749620556,0.9150958340468578,1.0,2.0,1.0,0.1,1.0
0.30151120287098665,1.9308060532739884,2.364431668347634,1.1384730570534851,1.1427659822049134,1.749327378741087,0.568850052376392,1.9726834764829944,1.6367050288626759,1.7577026377872473,2.2741827261561434,1.0,2.0,1.0,0.1,1.0
-0.7291581609032503,0.06694905207638557,0.0956563048664014,-0.5512732364987254,-0.18429273800139623,-1.6048435055886923,-2.626700041312803,-1.8108187156602442,-0.9992023171310583,-0.5711586661067158,0.18526163410396768,1.0,2.0,1.0,0.1,1.0
0.5219275415654974,0.7613984285012625,0.7607715533172394,0.7833402945294313,1.2235333438824463,1.1038300269852803,1.1186081844420859,0.03836218982792827,-0.5657628886213995,-0.641701800710229,-0.11301062386271199,1.0,2.0,1.0,0.1,1.0
2.289793380555138,2.2177777338548923,3.7430000884771135,3.9514468900363524,2.7942023385652117,0.771981724577002,1.0521790806975986,1.2094711567918859,-0.10170669446853053,-0.5162736842540807,-0.4885469442630397,1.0,2.0,1.0,0.1,1.0
2.5642001734792674,2.1101735142957283,2.129420390345868,2.1003218009866895,2.4204711097194704,2.638542361567338,3.728624833598887,3.7026685208246892,2.569075538761921,1.0363658527926973,1.7379706160092883,1.0,2.0,1.0,0.1,1.0
2.350371192097693,3.253184759237051,3.9352891822536575,3.843800949058485,3.978350448600011,3.4717474688020427,2.8327415239588936,2.0367024023436624,2.343107812866954,1.7829216740627591,0.7929234946743321,1.0,2.0,1.0,0.1,1.0
1.5914475009507303,1.6417448572062505,0.9569430881335821,0.2460218289946251,0.3962165109442357,0.9661497947901971,0.8600033738436458,1.3199855254365345,1.5603168447013118,2.2613612911708065,1.881062601472449,1.0,2.0,1.0,0.1,1.0
0.6058567800241318,0.17177408047122422,0.023439480876458363,-0.7958761343322582,-0.8181293743882644,-0.8204870634116499,-0.8214863874673539,0.275428819996001,0.7853777332130758,-0.15318018319826043,-0.515002856944685,1.0,2.0,1.0,0.1,1.0
-0.2851243582681609,0.0736037636764397,0.44574804239227733,-0.3251428876907677,-0.2092504853999974,0.6783573007785273,-0.09144592321091782,-0.5035447392644133,-0.18732951384215968,0.8824676352739136,1.370201505999702,1.0,2.0,1.0,0.1,1.0
-1.030276583860124,-1.938674738386673,-1.4813621465524789,-0.2570710239373908,-0.3022123365083629,-1.3793224041237564,-0.5494849604006794,-0.39809856325540166,-0.4766945839032658,0.07462380438988397,-0.5326921023149201,1.0,2.0,1.0,0.1,1.0
-0.6146595023084764,-0.06724874727875169,1.18031467445762,1.5152177535921099,2.1440455507708016,2.0482530316367633,2.8608775313908783,1.8520649020749897,1.3081369567898329,0.4571959308126895,1.0226039276557564,1.0,2.0,1.0,0.1,1.0
0.9078906014674903,1.0490534447381894,1.831236742594199,1.5505284220370037,2.1697165524702937,2.0310952173917274,3.2520560872615443,2.9894060820876533,3.3993111726568594,3.1703554836175205,2.885725301751745,1.0,2.0,1.0,0.1,1.0
0.05148191701286865,1.2113202056603354,0.49811437604714504,0.20433414929886407,0.08043576265785934,0.9179843730089589,-0.9734555149899154,-0.41361375790627486,0.7001790477091757,0.39134482254215036,0.41511658759246495,1.0,2.0,1.0,0.1,1.0
2.055003615518424,2.8985616916808907,3.270797815088243,3.247728927080079,2.2862626378307693,3.2971689307904883,4.113272429966593,3.682656900528282,3.100184815006718,2.9515002720841914,2.554679837344593,1.0,2.0,1.0,0.1,1.0
-0.004069122249917654,0.34958420183153094,-0.25571508704314805,-0.6209707724673079,-0.23313836323547588,0.12427148535780086,-0.5851305584476374,-0.5342427449110444,0.7047068728408017,1.1245794118127006,1.3682531417420516,1.0,2.0,1.0,0.1,1.0
1.9329861317286936,3.3074770006061884,3.9990235272135903,3.7959281210729716,3.7494285396651996,3.879437882350229,3.2423533321953406,2.4661278761072163,2.086747476875122,2.8949075586134088,2.8972644799200364,1.0,2.0,1.0,0.1,1.0
-0.0860065866474556,0.4116605157301756,-0.4239832055176853,-1.5493258211991194,-1.3391709782235603,-0.9742672138321253,0.345082719260976,0.3553196891015065,0.46252897709737534,1.1491959201231101,0.7495415824551994,1.0,2.0,1.0,0.1,1.0
0.07586350638006288,0.41183348498049727,0.8753068225884626,1.9936856603181328,2.1867318001549116,2.323175127407624,2.5712115916311786,2.1400388118430884,2.5437879676386848,2.017207900012952,1.6699444800977417,1.0,2.0,1.0,0.1,1.0
-0.030068826189266235,-0.017642523640810467,0.0011979987393365282,-0.4281159144852668,0.17782342328539624,0.5645627356673332,0.21766195995190912,0.5999700969671415,1.1019498072341989,0.5555372696543717,0.9855639394227498,1.0,2.0,1.0,0.1,1.0
-1.3614378347090241,-0.8606682665090645,-1.410592042619045,-0.37550552454945674,0.5982926528393899,0.1578405636848913,1.265808464071192,1.3933879661593578,1.9770710228184254,2.9306837631839597,3.0592488662313304,1.0,2.0,1.0,0.1,1.0
-0.39563902060801753,0.41731144887059635,0.8044905571811163,0.7293216008000887,1.7503836755332078,0.6809531495627398,1.173692123522625,0.625776846495269,-0.7711122922379084,-0.9799709591866768,-0.14030122661480926,1.0,2.0,1.0,0.1,1.0
-0.6281007364965857,0.1311624504299923,-0.41826646771282977,0.7470395257070008,-0.4453693214161686,-0.7874760203093591,0.7396808253858034,0.9207482054790292,0.7237424854952069,0.7119038043837812,-0.0676366386541738,1.0,2.0,1.0,0.1,1.0
-1.0639838488732742,-0.42224036342896,-0.3489170211190282,-0.20316603868577718,0.9560060476049089,1.7667693115559304,1.8828146708649722,2.364668858671927,2.8491597590663935,2.129082741660501,2.2405179316789674,1.0,2.0,1.0,0.1,1.0
-1.5711358562370787,-0.17239135833447206,-0.5434419368139518,-0.3188948172709054,-0.49345399143726176,-0.45834482353707495,-0.29343286074178787,0.45678420541679643,0.5436718362475842,0.29568834946152467,0.34371437484365724,1.0,2.0,1.0,0.1,1.0
0.12041057761747131,-1.5171400329544829,-1.5452377039468146,-1.377809890361088,-0.30264027232223645,-0.6648194419901892,-0.6711150315067617,-0.8680998478782509,-0.447543238874254,0.6500934083394792,1.0666639227608758,1.0,2.0,1.0,0.1,1.0
0.1629370339443368,1.3285518996692438,1.2475126826328513,1.0913919477724825,1.5602834430252606,1.6409391847867039,0.9871301944813871,1.1891772679272492,1.1963400255079775,1.3733482498161722,1.7542615855803132,1.0,2.0,1.0,0.1,1.0
-0.38130995183970495,-1.27757436247751,-2.025986738236897,-0.3003926319941035,-0.530588863138101,-0.9905432240180656,-0.7449866373098339,-0.3781601483397366,-0.628571472628764,-1.0317410318785605,-0.7243909401262741,1.0,2.0,1.0,0.1,1.0
0.7881856837453731,-0.009470507559444341,-0.6975917069631421,-0.4506509983261594,-1.5980458633000185,-1.7822224142810175,-1.326069369535808,-1.9465682014663441,-2.3407358084551637,-1.7386817779395523,-0.5723761409494154,1.0,2.0,1.0,0.1,1.0
-0.6660323060856996,-0.007862896898554184,0.3675986972868034,0.5987235797699775,0.16037608866997244,0.6604684083605895,1.2799462892363753,1.7987817539531146,1.852147029838189,3.261919265695692,3.186393226165498,1.0,2.0,1.0,0.1,1.0
2.4739140444564507,1.752855012559337,2.0612978921863516,3.2412360137062657,2.003189645084121,2.2533909462732904,2.0764675793223772,1.5172768097664822,0.6093454548352765,1.0506869329491018,1.522194147225104,1.0,2.0,1.0,0.1,1.0
1.1436476422916653,1.42403385035098,1.439141018681283,1.4992624890909538,1.1419822669187578,1.0153743725553475,1.3724840528928794,1.8287900526871563,2.222755233636308,3.391660364725318,1.8998739746833637,1.0,2.0,1.0,0.1,1.0
2.578594810201897,3.201025605569629,3.1992760038377805,2.9047033907381725,3.3245328592767542,3.1229248317999665,2.234832704945272,2.6505471211682403,2.813472343680633,2.3304494042373594,1.3976671086379897,1.0,2.0,1.0,0.1,1.0
0.18725868953521446,0.574143634100273,1.6362806277325004,1.13870036089555,1.3802788913387616,1.874370286142218,1.7169433390266733,2.0552310996712686,1.8340350037501498,1.429519437616988,0.8304652934966062,1.0,2.0,1.0,0.1,1.0
3.3092861412606465,3.281555920117834,3.889277561109629,3.575407469668054,4.395563737392316,4.301956365536298,3.908448421298276,3.460031332934927,3.551438418802406,3.522703627472551,3.1520976182938467,1.0,2.0,1.0,0.1,1.0
1.5543296323605298,1.9595533111045167,2.195472497085571,3.138742998645408,3.274675038957534,2.626413990099521,3.0335331457597334,2.8139300404916225,2.544700989322054,1.9657317548467228,2.3554565725800103,1.0,2.0,1.0,0.1,1.0
1.1468599412130038,2.506821418719327,2.0465853423445286,3.011764407983261,2.1280158028557046,0.957908395261944,0.9356448053100181,1.396627850356889,1.5816401557021942,1.2437080188499001,1.3335899023590176,1.0,2.0,1.0,0.1,1.0
0.10987720265492716,-0.5254094729593735,0.5070218634983455,-0.3141147103145724,0.07485670536230896,-0.32663529289049364,-0.43906354375335543,0.7670593259557117,1.2012026944215866,1.3359250922880246,1.3099412603658234,1.0,2.0,1.0,0.1,1.0
1.4587497391774749,1.1727976201316683,0.8134425538557104,2.0983040748585764,2.4064150425845647,1.6643244046902128,1.6302275268552264,0.7057357805845583,0.25064930539582836,0.6403451294191911,0.5559493837762791,1.0,2.0,1.0,0.1,1.0
2.877506617808391,3.3118774436188323,2.7951097054269187,2.42836250788719,2.3510544138425034,2.542007106128406,2.8134206343308112,1.6125535129618631,0.9508917316684675,1.1573000101345485,0.8112949840812617,1.0,2.0,1.0,0.1,1.0
0.41224918455766946,-0.15370550655212156,-0.24873334320432067,-1.1913635324596967,-1.0922346777775034,-1.0924831827561372,-0.9365306135859268,-1.0714036019549664,-0.6574152610909637,-0.8046136242472839,0.06026106245144336,1.0,2.0,1.0,0.1,1.0
1.498800319065665,2.264970938651518,2.202724649223238,1.6261600131194993,0.8222582885086872,1.0719923054584783,1.1671679848391658,0.8450773451888862,0.5911025472301976,1.1825904963724638,0.7954365751226127,1.0,2.0,1.0,0.1,1.0
1.1982079492539914,0.6450221778185282,1.9670907777505917,1.4426288649406376,2.8499422492945454,2.1856684840377483,2.994512778003049,2.992638929431608,2.7279114325862115,3.2105110374694945,2.7259478725676907,1.0,2.0,1.0,0.1,1.0
