time_point_1,time_point_2,time_point_3,time_point_4,time_point_5,time_point_6,time_point_7,time_point_8,time_point_9,time_point_10,time_point_11,mu,sigma,theta,dt,T
-0.19741513855544982,-0.43345295783631,-0.35333784796107526,-0.26466251401715246,-1.7431442983497691,-0.4709199645803779,0.16496517771263886,0.5297007686644781,0.678858658591712,1.3252623830561454,1.0612966629990361,0.5,2.0,1.0,0.1,1.0
-0.6982399601762245,-1.666868862030378,-1.0010078777846392,0.7170791860938421,0.7494424571447927,0.8755921972455099,0.13310431754119434,0.3045356400128471,0.5241209155849507,-0.1549603325466834,0.24125242680170333,0.5,2.0,1.0,0.1,1.0
0.6036516105112414,1.167288076013759,0.2816185747439294,1.3240037968087373,2.3728671802950116,2.1176725435772723,2.5343419535421123,1.7915096640315191,0.9484421219610227,1.5055709591357056,2.3986190296125933,0.5,2.0,1.0,0.1,1.0
0.8464168957067907,0.7926857040080543,0.9625672100311256,1.4792865456490585,0.028328218357655643,0.2902225229853107,-0.3123817911327001,-0.08358671405656848,1.3950600839826621,1.5207955772889175,0.2748802612454462,0.5,2.0,1.0,0.1,1.0
-0.6113594633991172,-2.0471848239998183,-1.2284069488281033,-2.2605050334074965,-1.6576870291045587,-1.6213666501281672,-2.32211353227189,-2.6907197100081235,-2.1636311355068285,-2.219917841521504,-0.5726607695331993,0.5,2.0,1.0,0.1,1.0
-2.598685823667798,-3.4254593726382847,-3.061357743279533,-2.0708833804781417,-1.058866457249239,-1.6637663570176213,-0.6250873979709073,-0.9563911092232554,-2.1418096668344404,-2.3938240211992703,-2.4570978234319094,0.5,2.0,1.0,0.1,1.0
1.9007971005377517,0.92546653401734,0.07834852756639743,-0.23208918736897902,0.5353509541525312,0.8044248334243207,0.8455059987880565,0.5079055766701351,0.12057959446223465,-0.07487547038032757,-0.37782966021504955,0.5,2.0,1.0,0.1,1.0
0.9156562461697509,1.539985433162174,1.519974916108932,1.3917407121219618,1.3730575803543394,0.12804764226716925,-0.6012901776843423,-0.015914796499663264,-0.04914262928126097,-0.6336027860967609,-0.3273101341426528,0.5,2.0,1.0,0.1,1.0
-0.9633663617567041,-1.8845202076411791,-0.50578020983607,0.16441061440339533,1.9208725069357677,1.2298874237556712,0.8079700301849043,0.6309999788370153,0.6072534027345798,1.0451239313399878,1.028835662259704,0.5,2.0,1.0,0.1,1.0
-0.11312601061072775,0.0010101489457918014,-0.8769217514464561,0.5024577631345387,0.32531112747960333,0.31226238494532077,1.2416666523635465,0.4097118646905519,1.1737431511691292,1.207273250442734,2.5544880551435556,0.5,2.0,1.0,0.1,1.0
0.1300595802230398,1.533321506565247,1.9721501107398431,1.2356186138517469,1.8001512865037608,2.0436338312208857,2.4912687918701217,2.0066414496571126,2.181188609354889,1.2486244745262502,-0.04973057199570907,0.5,2.0,1.0,0.1,1.0
1.2791234089333094,1.3335046332643,1.660472506957257,1.6850660691359332,1.6812389154653495,1.483812475310373,-0.07362547837416433,-0.024131251574673974,-1.0808211536789927,-1.2775383318625693,-0.8031173218065799,0.5,2.0,1.0,0.1,1.0
-0.22780396428810198,-0.1603034438906048,-0.5650642205577622,-0.9343931128334426,-0.4608683263471121,0.10803541920453286,0.943120707736761,0.3598404295768215,-0.1829218642748942,0.6043902650345274,1.0501418678355474,0.5,2.0,1.0,0.1,1.0
0.24688763354005966,-0.7371086054141099,-1.1885220481967789,-1.6111611369279404,-2.5516321892345086,-2.647084246157783,-1.958329503691683,-1.370610626326683,-0.7918271463823199,-2.575249073032125,-1.6048546018237504,0.5,2.0,1.0,0.1,1.0
0.7127151390911843,0.739105492170079,0.40614460304770966,-0.5985878005942264,-0.41134116528409403,0.11327749063966275,1.0743634878901869,0.6257009825987632,-0.15299903980883034,0.06827225943474538,1.347860587374868,0.5,2.0,1.0,0.1,1.0
-2.104608093758781,-1.4821281571704987,-1.0432843136707153,-0.9055991620906891,0.4958839526048431,-0.5304192578270253,-0.6013814439457446,-1.3577685102346808,-1.227852292605595,-0.8670263284502384,-1.316120794761792,0.5,2.0,1.0,0.1,1.0
-0.6851287641863328,-1.5376532556241715,-2.555811765176389,-3.2196225783792847,-3.087426278377,-3.6304894836472172,-2.490629781226118,-2.3456567987891352,-1.7289851383923538,-1.1720596896894981,-1.1699964581399735,0.5,2.0,1.0,0.1,1.0
2.6332923930568093,2.0328218328531324,1.5208172591224745,1.1463749750571655,0.8931470565245557,-0.8236064968242065,-0.4334891596046931,0.449260252299447,0.8303040444359614,-0.22803537383328942,0.46094025345337414,0.5,2.0,1.0,0.1,1.0
1.2248899643463995,1.0896439540093785,1.300888802176321,1.5355830822812175,1.4781733362985643,1.851821566562033,3.100916545911412,2.247793881749629,2.0250816069591737,3.3825596420353623,3.2496843199235124,0.5,2.0,1.0,0.1,1.0
1.6825947831435204,0.8495240579373614,0.6664775016195353,0.18739170001284405,0.20383121951403038,-0.11500441928157684,-0.35929217731953844,-0.8449811549950837,-0.9185082821666923,-0.28001116569078605,-0.8694177192833756,0.5,2.0,1.0,0.1,1.0
-2.711034139539076,-2.0210576846465274,-2.4616676540548053,-3.9864704033047746,-3.71815034650602,-3.049472329040495,-3.0307604401387014,-1.9991438529954833,-2.2146776443976606,-2.347854886609804,-3.153079892347073,0.5,2.0,1.0,0.1,1.0
-1.470483156191706,-1.1754665268964422,-0.18733976079741577,-0.3732259457729089,-0.1569914487001241,-0.6696805960322885,0.033349612237526194,-0.6416043511399877,-1.5405559143466863,-1.7596550406132907,-1.584787475766759,0.5,2.0,1.0,0.1,1.0
-0.48388906586545266,-0.6461860740185544,-1.366023646406405,-1.9532129913595748,-1.8126420494536872,-2.685265344153983,-1.5661427898347933,-1.8221720317780685,-1.5863390299329994,-1.8242471272386533,-2.3500002734531504,0.5,2.0,1.0,0.1,1.0
-0.270398367174113,-0.15264799203748203,0.008786748692329871,-0.6051537480194109,0.17160010767523104,0.445432793847496,1.1750039599784783,1.4916913232112248,0.5046110819676682,0.587858471390217,-0.7939630234237482,0.5,2.0,1.0,0.1,1.0
1.8905093356466995,3.0940587284230303,3.0283377117974624,2.8029882536771047,2.701640782814967,3.226834065948329,3.4626902515843443,2.943000624428224,2.8707783473482573,3.0979628077238965,1.8089836898448135,0.5,2.0,1.0,0.1,1.0
1.1198188799380617,1.3195659140574247,0.8307127228827307,0.7943095443680958,0.04589099401388674,-0.9043746359124668,-1.18843629487931,-2.6409535442455425,-2.3305625246779855,-2.6400254714922315,-2.3797557957755537,0.5,2.0,1.0,0.1,1.0
1.4218095369124557,1.9808656687493023,2.202529713376259,2.031036418272834,0.6464230348645554,0.2949146007978413,0.5066125111288657,0.49980653702340666,0.5080947869136001,0.2475880433681017,0.2501703996406106,0.5,2.0,1.0,0.1,1.0
0.8841878296983763,0.6660595283228689,-0.056905868027234074,0.38237807475328134,1.1863599143255124,1.4674496989052723,1.1435270313976507,0.6478723849949513,0.4449815511171369,0.7952909266102857,0.5790757340609354,0.5,2.0,1.0,0.1,1.0
-1.2957066563322455,-1.1841252814018859,-1.864213655015528,-0.8342010855361495,-1.1334037401360428,-0.36060181450170503,-0.85684174158142,-0.4527156204687031,-0.6830650479515752,-0.4124229601109749,-0.22203087383892256,0.5,2.0,1.0,0.1,1.0
-1.1590899665060446,-0.8594817429835973,-0.3608628630695855,0.30660482386101884,0.6762043708979083,1.9315015625509906,1.768296226674991,2.63225671648882,4.193524843194439,4.626978813715597,3.510354364710971,0.5,2.0,1.0,0.1,1.0
1.2058836598136378,2.1123652318816135,1.9764657707052995,1.9998145837206556,2.1149584285596874,1.6609190791105064,2.946642081652505,2.9459835233642715,1.883621576356326,2.4256757178156896,1.8757421361808317,0.5,2.0,1.0,0.1,1.0
1.9105171956448601,1.1953791824414113,1.0981095743481097,1.0315690161919777,0.8044078683680316,0.333812162727301,0.11518151216252542,0.2872429103485189,-0.20215144815847846,0.3023850758361034,0.1941266850724237,0.5,2.0,1.0,0.1,1.0
0.6193426282255574,1.100376369826338,1.1625331949663569,0.5531761890120723,0.16305730365584348,0.9811123343293374,1.051063566000321,0.3908843591631218,0.34856798634027836,1.1094786408311568,0.9346765932528371,0.5,2.0,1.0,0.1,1.0
0.7461715775097583,0.8168245941661378,0.3203474619254031,0.5125801441619606,0.06705388926484401,0.8460245411654117,2.32037186393995,2.2779876347645818,2.173125751498375,1.735185168020613,1.900590961685372,0.5,2.0,1.0,0.1,1.0
0.496038314990609,1.1006217317608704,0.7499695566083606,0.7380140523745263,0.2448259915208313,0.17767004601623065,-0.13237628995592732,0.7907298833294584,0.04650823275945104,-0.01648586450968105,-0.6467373940084293,0.5,2.0,1.0,0.1,1.0
-1.002895437820744,-1.010541524821531,-0.6620402957015988,0.009533841660655185,-0.08716761881877963,1.2106289096773217,1.2232656309852077,0.009752621414202522,1.1233937985799918,0.44599542348995536,0.1673252629497859,0.5,2.0,1.0,0.1,1.0
0.913271173494944,1.4007907517400064,1.8279394321580065,1.5421127265768353,0.9455947236577917,1.8352517520031408,2.2319020180288507,1.6218755557649898,1.0766130028872667,1.7862579332638422,0.9507670844521001,0.5,2.0,1.0,0.1,1.0
2.267058049574079,2.2140584644861687,2.4424372240505776,0.4394704283975164,1.4948105221339218,0.26860892953354765,-0.5012562489431015,-0.5149027926794637,-0.21568669816573693,-0.8230685965988572,0.44872717466389866,0.5,2.0,1.0,0.1,1.0
0.3378598836000829,-0.638394837681457,-1.1280847605179143,-1.378902644279045,-2.2374461570402833,-2.386300198583185,-1.6365203693108494,-1.2895237684829355,-0.44404610186136284,-0.03720129020471552,1.1520258570833386,0.5,2.0,1.0,0.1,1.0
-1.4407858657328634,-1.2399807664512932,0.6987529813808864,0.7430560833770358,-0.21612515674880362,-0.9461140577314536,-0.6307240381066184,-0.8035006368241111,-1.3581864953689844,-1.430062608188802,-0.38320117705147094,0.5,2.0,1.0,0.1,1.0
3.72922133808518,2.917672761679227,2.5546605446115267,2.8620884181219326,3.267452276571199,3.5500079312265607,3.9494398035224965,5.50439327117167,5.217117895872683,5.719088907558918,5.438966547602902,0.5,2.0,1.0,0.1,1.0
-1.9788605055766113,-1.5601821068055652,-1.4048472125408986,-1.1554802537925606,-0.6480118042968442,-0.880250531951984,-0.6552532661047136,-0.09345328093063099,-0.0638090036667584,0.38124721951649476,0.9453023620994556,0.5,2.0,1.0,0.1,1.0
1.9869437683316817,2.1062264541498315,1.9905912655950948,1.0668030484565905,1.354581060021209,1.6962344422725744,1.6085839033308214,2.477144899790248,1.8580928834542285,1.0786675844370464,1.365330654558659,0.5,2.0,1.0,0.1,1.0
2.0795232974249083,2.178207026681048,0.778917179996363,1.0778973667296938,-0.5492340552559274,0.19775043906091871,-0.2743225563922633,0.4560155509527639,0.24020051042269797,0.02500465919008299,2.1755098276203264,0.5,2.0,1.0,0.1,1.0
-0.09523602960223147,-0.13622319098694896,-0.475130403242886,-2.053557619279717,-2.892631732564165,-3.4220081370812183,-3.5623075112736715,-3.0586323814459675,-3.066109841224783,-2.4156474373570505,-2.8717935952719675,0.5,2.0,1.0,0.1,1.0
-3.476128017355679,-4.107799838580562,-3.8512111307512,-2.729187711187224,-2.5156933106927606,-2.216587697513401,-2.1249925208743,-1.8689964991279375,-1.4912434128000256,-1.3258831750665911,-1.9908870617572527,0.5,2.0,1.0,0.1,1.0
2.5410956522971992,1.9879314464112157,1.1168969461546454,0.19278193122541976,0.5157530619286922,0.18046982809391215,0.587209650292376,1.2114158718482675,0.5262053122145317,0.3029745990694604,1.2321941642765422,0.5,2.0,1.0,0.1,1.0
1.9988326473213687,2.386584019561431,2.1099749923353768,1.1224662077615504,0.43351452728703166,1.2755425128653881,0.7569917794870578,0.28762998138172247,0.5830814799536046,0.6755536127398202,0.4362845125205765,0.5,2.0,1.0,0.1,1.0
-1.6661387378668924,-1.2189051454463768,-2.4737413939231025,-2.9675125736553465,-1.8677091471787508,-1.1711452509071243,-0.9694085297670251,-0.43605944891298504,-0.7493376064927038,-0.6332109151942389,0.2295238736852222,0.5,2.0,1.0,0.1,1.0
0.006081577373045693,0.12271941848651591,-0.01290324472298604,0.07862941571410863,0.7986380896908748,1.8941189711427788,2.828843619364646,2.2415078421789025,2.265655271524958,1.7968260163444987,0.4137210084032319,0.5,2.0,1.0,0.1,1.0
1.6672222474700695,1.4864322217001518,-0.8148505911396986,-0.971983810120634,-0.6229421009341274,-0.6752048055790056,-1.0386890516825766,-1.1349923412302558,-1.3225405808724426,-0.08641128858388036,0.22805195976760442,0.5,2.0,1.0,0.1,1.0
2.0436325529808474,1.9457119525373017,2.205179302116464,1.3325638735255956,0.3255511251935279,1.4946753627980176,-0.4164035591728561,0.11959209720150149,0.6307810648102794,-0.23434922679683978,-0.765624623088021,0.5,2.0,1.0,0.1,1.0
-2.049327564097484,-2.7934351270001043,-3.669094991151531,-3.502776183389625,-2.8377867269933903,-2.4759250677917573,-2.112578917847707,-1.4350043722222996,-0.6096989844153321,0.09280218288430758,-0.8090642160059939,0.5,2.0,1.0,0.1,1.0
0.9027119319727503,1.1504870751269287,0.6189651908719845,0.9379066587482687,0.871282184430676,-1.0975049187235149,-1.1609167953741069,-1.9964920808396394,-1.64814780453197,-0.7958497293429336,-0.3087512395964813,0.5,2.0,1.0,0.1,1.0
-1.7728102675583555,-1.4384656453748448,-0.4872059597432915,0.5086975484071256,-0.019210914736498164,-1.032777832855065,-0.4543949749442156,-0.1920287011733748,-0.36762544714456497,-0.6208614846723639,1.038722398279975,0.5,2.0,1.0,0.1,1.0
-1.0551320915324494,-0.8472528521582159,-0.5618024366464056,-0.7456096003241104,0.03349247282790224,-0.13571372376029284,-0.04404689527591009,0.7066018115986644,1.6075605675259257,0.982989117086856,1.1915034145512309,0.5,2.0,1.0,0.1,1.0
2.078651420202324,1.5144550058684583,2.171451769932551,1.8778860612379553,1.9361685151238446,2.2649022333772297,2.707405854997601,1.8767894956567832,3.318022062711873,3.161832365602762,2.6836820125675516,0.5,2.0,1.0,0.1,1.0
-0.6485473166540081,-0.12631545062111216,-0.4802430429185202,-1.2831895280330086,-1.8003268566783541,-2.1952506223945174,-1.830556086560909,-2.2230526526660155,-0.26985108853077366,0.6569574690623159,-0.31155095192004545,0.5,2.0,1.0,0.1,1.0
1.8563216376782832,1.6618212356666486,2.1815580934685594,2.4186491080708667,2.187768727282001,1.7816027053202774,3.010131522004162,3.3264267767602758,3.8805338332260657,3.6288490073375703,3.239497244407509,0.5,2.0,1.0,0.1,1.0
1.5061298522598567,1.6217576906710593,1.5182585933237598,-0.18341010025155757,-0.29107349289752604,-0.8446358025736076,-0.03021681387279329,0.28444616003256207,-0.3658000245535001,-2.001750498485358,-2.0659252352251034,0.5,2.0,1.0,0.1,1.0
3.852857544358973,3.9302450090301564,5.338357343291414,5.659699978464784,4.829974838995854,4.20736084345778,3.7781774178898093,2.85996338120898,2.8456100392351376,3.4906266394337364,3.321438294008344,0.5,2.0,1.0,0.1,1.0
2.9031669455733953,2.5596951008444586,2.5512328821561825,1.5680482262054563,0.25929029140987203,-0.03559402255157512,-0.442713996389101,-0.9683865593940633,0.289303781974908,-0.28288889613754514,0.5839044107185938,0.5,2.0,1.0,0.1,1.0
2.0369370122138872,1.8613194215445945,2.3489621594317347,2.240020819755013,1.27311941704821,1.688379365258831,1.1365501572600365,0.9577239413995258,0.6604827974766385,1.2845574192343758,2.3883904661713813,0.5,2.0,1.0,0.1,1.0
0.4028617868083427,0.42679382644304975,0.007300755614693455,-0.12989886055718913,-0.6631851380496564,-1.4142424265881632,-1.1820252895125427,-1.2223584282386295,-1.4982944917472014,-1.162162580181363,-0.9448718376498647,0.5,2.0,1.0,0.1,1.0
1.1361783420062264,1.3602692625996102,1.2593371792805204,1.146296704430432,2.3569168438981896,2.5202381619075807,1.44374722362396,2.3577812292821516,2.501264629082542,2.0082598254173245,1.5803264008314817,0.5,2.0,1.0,0.1,1.0
2.5845195238172303,1.976804855228118,0.9242377211973716,0.9825564587159447,1.3917310656529827,1.486387774226108,1.2437008176896573,1.0073857418749368,1.3996575070875685,1.1532410921408598,1.0248683043001112,0.5,2.0,1.0,0.1,1.0
-0.2444022178334463,-0.1315926381918141,-0.3570231637857795,-0.8184322663949691,0.08542845665201337,-1.0903652321331672,-0.9892499359009423,-0.9320804019359111,-1.2084905225790126,-0.8156303134665543,-0.039351332063154,0.5,2.0,1.0,0.1,1.0
0.1263164735511584,-1.82849008912012,-0.5681390494915532,-0.040277643925453965,-0.6540610517769258,-0.10953565202205406,1.1533015788525787,0.9867843287036399,0.6781833024928836,1.1894288070548669,1.126970944378474,0.5,2.0,1.0,0.1,1.0
1.5434224630252662,1.4377065082687706,1.4627715235518717,2.120719407742559,0.7387166514713364,0.19177764520013463,0.7207334178226431,0.33240035941731366,-0.6916088037496388,0.408460408493002,-0.7264405288487836,0.5,2.0,1.0,0.1,1.0
0.2290008943916764,0.08618896697346284,0.7326904656443504,-0.29656967425202296,-0.4156029334516128,-1.0370280883304046,0.24372081629458908,-0.22406721208821412,0.7969931636051184,2.6681300944867576,2.2423998745821554,0.5,2.0,1.0,0.1,1.0
2.750198718327195,1.8457402623642176,2.3117373073724745,1.0913777906140256,1.0371533805738906,1.1366410518954055,0.4224505763135421,-0.0356266189252753,-0.28977529346198994,-0.36920136874947507,-0.6384256316724962,0.5,2.0,1.0,0.1,1.0
1.9924224714478571,2.7835523639298465,1.5986554438406446,1.9485041350115773,1.2070659203729326,0.7264355963727757,1.8225175295262592,1.7868927434634008,2.2524193601043763,1.4665190475237906,2.1372016843452037,0.5,2.0,1.0,0.1,1.0
1.1444961253688322,-0.011788258533127927,0.40809781445300697,1.233871681297723,0.4994876779627557,-0.43136257884645396,-0.7968880124648716,-0.49922131484140064,0.4085098963010134,-0.1145848806209433,-1.1067097289772798,0.5,2.0,1.0,0.1,1.0
-0.4015616746238384,-0.04325640246746171,0.30250603474772714,1.669748077750376,2.247297469132654,2.6563328897549856,2.3246728134354666,2.1796797171240248,1.2359450642740466,1.7081108054722391,1.3942836075943728,0.5,2.0,1.0,0.1,1.0
2.2669184311700947,2.4643397112194525,2.431160352417808,3.195844803964844,2.238587045758374,2.302597468916653,1.7873601226079487,2.223217606505601,1.2964546423877676,1.591619058605126,2.019963854442014,0.5,2.0,1.0,0.1,1.0
0.9128688110182028,0.18776200314760672,-0.6746119601787739,-0.1459014299692558,-0.8011650762838236,-2.486611013833735,-2.0647566145701055,-2.331397924569874,-2.786738557590161,-3.9827054307246534,-2.9067559516518537,0.5,2.0,1.0,0.1,1.0
1.32614998856982,0.625031802371701,0.483730044921036,0.2519540787142186,0.486231899308761,0.37402909035331744,0.16946155635262272,0.4937372404435196,0.2596343273575107,1.1517538993427072,1.6310366064477106,0.5,2.0,1.0,0.1,1.0
-2.294420293100264,-1.4397680181767276,-0.7952724137874461,-0.04991174309160096,0.4304493984901803,0.27754872151144494,0.550766703380065,-1.0969455792484584,-0.3144308128354728,0.48483549650258506,-0.20881090292009558,0.5,2.0,1.0,0.1,1.0
1.7858193800667201,1.6250988281436656,2.053892984415175,2.1288817118687655,1.0671180102195137,1.7526478516100021,0.8295456532889306,0.21444220225998112,0.14944711366267974,0.15235759794844556,-0.47655369507034223,0.5,2.0,1.0,0.1,1.0
-1.3819708506261565,-1.5346234209847418,-1.929796692729116,-2.578210737131477,-3.4119816802025182,-2.9318285202713987,-2.0516429679376564,-1.7790728777772922,-2.0652673509666224,-1.8804023173079867,-1.7264448750779435,0.5,2.0,1.0,0.1,1.0
-0.6008960175851062,-1.2137332741804705,-1.1884715910438586,-0.256317670700387,-0.35885291696596444,-0.7190367119199943,-0.008414276865800985,-0.11813174047208402,-0.15197930339013907,-1.1037771275757218,-0.75981517956186,0.5,2.0,1.0,0.1,1.0
-3.010607204294796,-2.637816315423273,-1.986216365464836,-3.1424484974968787,-2.816347437562761,-3.1165414337995694,-3.0817511330873515,-2.253511160965057,-1.3425398482548472,-1.01687087745426,-1.1260905572014845,0.5,2.0,1.0,0.1,1.0
0.2025013337679393,0.9080595408455392,1.7407190007375228,0.8291110146645277,0.4607249775299148,1.329198857198084,0.8521875324517271,0.008046164525834731,-0.11250182852537535,-1.4966111029111697,-1.9519341694085084,0.5,2.0,1.0,0.1,1.0
-0.6223015512064379,0.3222814630068721,0.13396993641495583,0.8561289683666896,1.7850234977351032,2.707081830584428,2.372533244997549,1.4503883444536194,0.7659436679931022,0.5500493025319545,0.575406842597676,0.5,2.0,1.0,0.1,1.0
2.7525031528083956,2.633115053162645,1.2266741548871565,1.6175529700194005,1.858794295510159,1.6289539861096887,1.2344999089900484,0.9453982340908285,0.6524606972327885,1.0278098800992126,1.2859609151657665,0.5,2.0,1.0,0.1,1.0
2.8853875698109266,2.1339622699946217,2.2113122327944033,2.3262901624624828,2.2458234180519123,0.9436072576359533,1.0687430840170076,0.7350667787538645,0.7406720470773581,1.5724277647717693,1.672175002731945,0.5,2.0,1.0,0.1,1.0
1.2867589541131634,1.315999978724224,1.4588805343861553,1.5853412887028795,1.6893474721464212,1.6261186340566536,0.08452133002117845,-0.9660703635531991,-0.6035386350505102,-0.35490170074250643,0.02587446539428362,0.5,2.0,1.0,0.1,1.0
1.3296798651192754,0.3510979488228625,0.24946525306729958,-0.42206194861860813,-0.06247378504259665,0.1551965503465133,0.36134705709301485,0.3303334843958401,0.267265081838913,-0.23466142592426936,-0.544254285849782,0.5,2.0,1.0,0.1,1.0
0.6703754957930242,0.9660493847684111,1.3078313790706315,1.163343802595047,1.5030268118913064,1.0384681038198227,1.610050458184607,1.1535511119820439,1.4348170818861525,0.8927216831048657,1.9023594716515273,0.5,2.0,1.0,0.1,1.0
2.9036553947870036,3.770667238228936,4.19804366867873,2.9498319566515447,3.062715912492777,3.47993425921851,2.801678165855708,1.4059617191732143,1.5246324586979423,1.6169096061347263,1.568382357758181,0.5,2.0,1.0,0.1,1.0
1.388044648491874,0.922293882228852,0.5287281440046996,0.8024157594138497,0.5665953797196646,1.1414207522291155,0.06423630257614454,0.5256390872818948,0.3549181628114389,0.2693843370377925,0.9031938838441442,0.5,2.0,1.0,0.1,1.0
-2.120304176260601,-2.097943585752239,-2.4465475760472835,-2.3690227260913796,-3.2924466578158924,-1.955350139041161,-1.521445177662591,-2.0509835746067306,-1.3716536536938286,-1.4153449338525135,-1.556620843330708,0.5,2.0,1.0,0.1,1.0
0.47670688094445496,0.24205691899119747,-0.576476613176266,0.6405580993858969,0.9779107633382076,1.9335234967583752,1.9685164802827035,1.6282903144807448,1.6125416666963628,1.9050454435082886,2.6558392462374156,0.5,2.0,1.0,0.1,1.0
1.4839705682106783,0.7416285286779551,-0.014567203087178737,0.1366156658292934,0.2480310047475653,0.12793885516518666,1.1660767201335678,1.0638964164920137,2.678825757542082,2.5891859640003108,2.196422866575679,0.5,2.0,1.0,0.1,1.0
0.8876876131547851,1.3770173625932982,1.70253648833411,1.9341720877585842,2.1812104290285736,0.8449294175132476,0.6041226514887345,0.12375948710182322,0.24235004221113976,0.041958789640015204,-0.9260774120072942,0.5,2.0,1.0,0.1,1.0
0.2742399797473451,0.22494932666755552,0.6044985327470673,0.6236007182881003,2.052542306414329,2.2528046669882733,1.6743812636991675,1.7439787798672286,1.251671146885788,1.2672759073006412,0.8899700999119673,0.5,2.0,1.0,0.1,1.0
0.7045728305867811,0.6817139405228794,0.05110779584067682,-0.6173684594933286,-0.6215701671619213,-0.2749969883193467,-0.1371894260590833,0.20485813144189607,-0.6689966145769278,-0.39422399610023773,-1.085007290206724,0.5,2.0,1.0,0.1,1.0
-0.11021579729221027,0.7649265310141035,0.9181163160251902,1.4480834564861986,1.153574209611336,1.944218066921993,2.0774337095370945,2.510001904682409,1.5815892270555385,1.5809020432080678,2.57117405639205,0.5,2.0,1.0,0.1,1.0
0.20581424858966932,-0.19050989768581947,1.3667984594196652,2.2382718757424733,1.3203747332196114,0.4538349133703854,-0.5252836687837891,0.049142967780411606,0.43249463036446,-0.3545757239378725,-0.7965423798065249,0.5,2.0,1.0,0.1,1.0
1.0306615684190645,1.056283191342336,1.3729138833426202,0.8239777540697648,0.47311756099952057,0.8476402649607861,1.1400162663860014,0.7756614818593923,1.4281359543871068,0.5496352342849777,1.0406373131025193,0.5,2.0,1.0,0.1,1.0
-0.4440639168635868,0.1302818079725172,-0.039646999132790406,0.404655784375216,0.35020751247242465,-0.38527750978468717,-0.41254940798871864,-0.04405747349674605,-0.4764553371766697,0.39000558364019855,0.3808511505345118,0.5,2.0,1.0,0.1,1.0
-1.1172620265474151,0.1837938592799222,1.5911572506158822,1.488049991395853,1.4324210946525935,0.7984068815610976,0.44975112386896077,0.5610821524559464,1.6920818297599827,1.4773294015899936,0.8408019828153839,0.5,2.0,1.0,0.1,1.0
1.131529422567978,0.40270469545888177,0.4321027380825606,0.6191479198798207,0.8945487053286435,0.36378353316970374,0.7618501308031242,1.4060384701103823,1.8540297463171909,1.9945955616143491,1.4990382627086154,0.5,2.0,1.0,0.1,1.0
1.4661091331522553,1.4584384061360587,1.9629732298577622,1.3853924118635526,2.358542276848043,1.948427000742677,2.648140546795954,0.7809945297499992,1.1294183005684513,1.708800678916569,1.818380698981269,0.5,2.0,1.0,0.1,1.0
-1.773678714136648,-1.429704158851869,-1.719033518028607,-2.171867395464702,-1.4793520810168403,-1.1737239150310534,-0.7117974537773948,-0.7818753403646942,-0.7466605013107351,-0.8486364436049447,-0.8391121654728735,0.5,2.0,1.0,0.1,1.0
1.561568100450318,1.1008985543362666,0.031461631170925264,0.1127769107591656,0.5215274892800366,1.6726952328086124,1.230958088373264,1.3719512977698032,1.8748608765561798,2.7074830035713013,3.425161655422502,0.5,2.0,1.0,0.1,1.0
0.5446986892404501,0.9399499223504753,1.223233389223279,0.7550370569837832,1.1232421452747325,-0.20922623699121523,-1.9524607417415434,-1.8901444668393876,-1.8890882632970571,0.13952100120240463,-0.48570981327895646,0.5,2.0,1.0,0.1,1.0
0.06159898410456364,0.17049435436934163,-0.19433484518180894,-1.2522648833009375,-1.868840227700235,-2.2823779428060607,-1.140887392276892,-1.1942956047734026,-0.7508431275198242,0.018136123738624055,-0.6320249993023196,0.5,2.0,1.0,0.1,1.0
-0.3121668183952464,0.4556119399198611,0.8114862556818618,2.1304340591279036,1.6309209116881047,1.3681137890466075,1.0817107532234715,0.9792328981379818,2.0705876251848894,1.9684996545119995,2.5842513414394395,0.5,2.0,1.0,0.1,1.0
-1.2373146594142992,-1.8188240794700379,-1.5380745730010394,-1.726097358576034,-2.743083185524133,-2.5615248264204733,-2.6984388102845016,-2.6352777670249927,-2.6169825917050233,-3.2132625448007333,-3.65698961016635,0.5,2.0,1.0,0.1,1.0
0.7800308512320573,0.9354962974326317,1.4611989583384275,1.7791386939585285,1.143368398145265,0.9648050505266268,0.40568014220813453,0.5487935563806643,0.5791122026644555,-1.6054437286756025,-0.9888774801429945,0.5,2.0,1.0,0.1,1.0
0.19309520512422162,-0.24773995771538518,0.6028845121957656,0.12888946521382016,0.5912316045832267,-0.07371412619720785,-0.262716761350955,0.19493726774666342,1.2293962683925206,-0.3382698571146001,-0.06116393293114741,0.5,2.0,1.0,0.1,1.0
3.0435549141081193,3.069285827286258,3.2311040787221357,2.647844394887649,2.5939541523724308,2.010102871085427,2.3379692830053003,1.446062974270356,2.059701559024454,2.124950860624222,1.3838970940974185,0.5,2.0,1.0,0.1,1.0
-0.6709059457029001,-0.3873050955137668,-0.5359565907679263,0.38567992967730996,1.8197431321748587,2.644642301666263,2.0172472510853545,2.652033862359973,1.4826032608921733,1.5391637059397791,2.077245740415214,0.5,2.0,1.0,0.1,1.0
1.1648600372167368,1.131697830597111,0.2235241280320729,0.6862278534016999,1.8611610284176794,0.9951519317659355,0.3930286427384415,0.6072683375403523,0.4848555637695681,1.1603548575997464,0.812666836617811,0.5,2.0,1.0,0.1,1.0
1.5937312994919912,1.3848210715688067,1.471995839668788,1.7020520640877699,1.7996933762446101,1.6183911823793717,1.29229832542663,0.8697716235765853,0.616859113161028,1.595742673465991,1.1381739311738863,0.5,2.0,1.0,0.1,1.0
0.955478699528598,1.3692872070395903,1.392585290114329,1.4588049760737163,1.423152346704519,-0.567884488594556,-0.19788534841775918,0.04753980632312996,-0.016525160587881227,0.4618113758457639,0.6408276461982724,0.5,2.0,1.0,0.1,1.0
3.6741627593678916,2.631736096392731,2.4415284013783136,1.2689411313752887,0.5359132459190908,1.093041104677669,1.7062779363516438,1.5990487836919256,1.6892053729480396,2.2234896708051424,1.3874943927971741,0.5,2.0,1.0,0.1,1.0
2.15807863058001,1.991892918138087,0.8334313804762072,0.2687199229143111,1.5954389272478473,0.5547055212919106,0.3770499704999509,1.3721094984780573,2.387257181809984,2.33241607099826,1.5219629408568336,0.5,2.0,1.0,0.1,1.0
1.012261911752037,1.532673147440506,1.70889081768384,2.3624958631863917,2.3402179519089072,2.3627718766475017,1.787632824817536,1.4606173991387772,1.8463406805046902,1.639246066448817,1.8845436668057034,0.5,2.0,1.0,0.1,1.0
1.3313168100658468,1.0346943195748561,1.3068811364681157,1.4580036147564122,1.9016037109330601,2.2837898829377554,2.7763754042644435,2.651369095951025,1.5505414911549322,1.5177509687224284,2.644325776916423,0.5,2.0,1.0,0.1,1.0
1.7088396150234848,0.6675568903965201,0.45841210987427,1.0309119927591937,0.9081526272060034,0.9315039110087292,0.7905142419427358,0.9146984205872948,0.8289421092131197,0.5120396904866232,0.18407108064247252,0.5,2.0,1.0,0.1,1.0
0.5096181761192768,1.0060010322392696,0.5302981618563551,0.5139664973423305,-0.20632539410127215,-0.03961264222689387,0.17311734580968524,0.4988441466970965,1.3495162488513608,2.016865444557412,0.9303497869118937,0.5,2.0,1.0,0.1,1.0
4.1059191432030495,3.5928385643137632,3.23165587279864,2.52050014149939,2.121451881797585,1.4341014053979677,1.214144765121714,0.6972219074950358,0.49097006752953876,0.4053884263899009,0.3055957766684749,0.5,2.0,1.0,0.1,1.0
-1.2384442093403747,-0.549693594543584,-0.2735622401005763,0.6863976194288754,-0.5789075446759153,-1.467669637623716,-1.2411157284008376,-1.4748957303921726,-1.6772300472676647,-1.0988054567140775,-2.7709565708919563,0.5,2.0,1.0,0.1,1.0
0.021991477379440946,-0.19698380039130925,-0.8825480639765295,-0.9174158484630038,-0.7586119419860052,-0.9012443715635889,-0.16524373302026574,0.450789665962325,2.598576049041978,2.68519060492795,0.3327558977496965,0.5,2.0,1.0,0.1,1.0
-1.3026629755786705,-1.204219364883453,-2.2563062730867776,-1.4190367194960825,-1.0746503416039803,-1.477846536084464,-0.3757045114476141,-0.6425923824784354,-1.402077029456223,-1.4048438415201276,-1.3019883188085792,0.5,2.0,1.0,0.1,1.0
2.864910771265605,2.985728125596353,2.862958619323662,1.8862280528317512,1.8646507275505675,1.5004254323068684,1.52499568341485,2.8242483909496645,3.923424897478802,2.820176552062277,0.9221969917941322,0.5,2.0,1.0,0.1,1.0
0.3384429837029043,0.9464892139440351,1.6724836104997767,1.8981659192876907,1.6733082192957647,1.737155172593392,1.7963443618886559,0.662659858437179,1.9991904361604527,1.9660479122794428,2.609660391413558,0.5,2.0,1.0,0.1,1.0
2.938448904859463,2.816998180150551,2.459919754918684,1.945473196456775,0.6561723932110881,0.7647594639322014,1.4130884408944837,0.39066722256604103,0.7053666282385249,-0.32361278094832746,-0.2880249443581068,0.5,2.0,1.0,0.1,1.0
0.5845948608475141,2.2045170713650286,2.699846253091013,0.6390521024985207,0.38482619946254293,0.4484078641228875,-0.32131947948302075,-1.3551197121381275,-1.820649413574761,-1.6671977332418964,-1.0310613455820896,0.5,2.0,1.0,0.1,1.0
-0.39389085879557395,-0.4089929574895603,0.05081036317547993,0.007167964229255322,0.1534551265152588,0.6104866479353847,0.20703746294974873,-0.14679229132130145,0.40112983445412087,1.273840742801558,0.6254346080752499,0.5,2.0,1.0,0.1,1.0
-0.8049767336494117,-0.2033357678249238,-0.20700717941759889,0.6711399629551165,0.5741427577086017,0.6171344692578465,2.003924116134204,1.3934036267108398,1.3999817678136597,0.6396550584526237,1.2200128088597002,0.5,2.0,1.0,0.1,1.0
0.5354445883360451,-0.21071485356565656,0.598784735001479,1.4350636292393462,1.0079948644561103,0.7901446345806991,0.09190405396681223,1.2809911172435617,-0.13386621281917854,0.15191823522567152,0.2741338742896843,0.5,2.0,1.0,0.1,1.0
-0.5393788871297102,-0.04798634456854417,0.15046021074240762,0.310829388509294,0.5011660967960625,0.26398366045923327,1.1437096702661593,1.4669706670478482,0.20273186312879754,0.8797996226659858,1.3818657790725555,0.5,2.0,1.0,0.1,1.0
0.2043636645689237,0.7548801245567978,0.46018620308431935,1.0743940013077744,0.5183351294095238,0.18827563594818392,1.0130259638750765,1.8108923477646472,1.6559562230979743,1.627864456717594,2.2911413249648405,0.5,2.0,1.0,0.1,1.0
2.9337958842041796,2.8966750942418042,4.211277659091348,3.4090090462497877,3.2896244324173014,2.8148137101999415,1.4290458190983646,1.7409807174439385,0.696880631328375,1.0323146896440663,1.2822157789642896,0.5,2.0,1.0,0.1,1.0
0.9408475565680101,0.7869385568165055,-0.517197391813732,-0.7352409202004593,-0.38103512328173306,-1.4481178863739232,-1.2930636397385125,-1.90471159489072,-0.47575886498833886,-0.10221703613203909,0.27952525689137675,0.5,2.0,1.0,0.1,1.0
1.6490792276040196,0.9675264930563482,-0.16967131852913364,-0.04553666798283329,-0.1629017629406941,-0.30823363644717067,0.5532954096340759,1.7453545160936008,2.1136228212804893,2.4300857546497623,2.964895016916681,0.5,2.0,1.0,0.1,1.0
3.788711438350357,4.826271189658727,4.0597404582469805,3.794488582205071,3.659789024241997,3.526715343381118,2.931138187835593,2.039940385367264,1.4152368403620283,0.1433237468293176,1.1665288318322842,0.5,2.0,1.0,0.1,1.0
0.2329722289264761,0.28871049955622696,-0.25470328783891805,0.022538530556643288,1.4274084650495107,1.0382001509599577,1.0564120564241235,-0.06409870945728335,0.3392956785251773,0.38928811732489843,0.013959108964194722,0.5,2.0,1.0,0.1,1.0
2.637630076931089,2.231092990520029,1.9768161243999032,1.3971506527275572,1.9325938307959185,1.948379884520186,2.611943384160298,1.7688911736552229,1.7386107196485912,1.9742486289891097,1.5331701029375746,0.5,2.0,1.0,0.1,1.0
1.5301177111881548,2.428063950356279,2.005521428830423,1.6441848473079765,2.179211469851377,2.2432645453341165,0.775367299555926,0.39052352855972394,-0.6525934139699036,-0.9671357799814437,-1.0162880789996132,0.5,2.0,1.0,0.1,1.0
0.9838163647508817,1.6125562988722117,1.8461929640378925,1.6423521054429568,1.6888857822465484,0.7978551936320195,1.5613443511394767,0.8060372149212455,0.9998639283529531,1.1438023985054062,0.8694485599664554,0.5,2.0,1.0,0.1,1.0
-0.3784121670650254,0.7136036378032554,1.4476233843083655,2.261234621696642,1.5803488998337651,1.8015397524441255,3.1703996851637357,1.7313409051237825,0.905098047550849,1.3558141305645313,1.4889085571655545,0.5,2.0,1.0,0.1,1.0
0.4869465928322687,0.9692422714668465,1.9428140522130941,1.6773299298540698,1.1371265982949175,-0.10650597600648304,0.5687514770860596,0.21140954068163254,0.934873614832807,1.2398956281786349,2.346054296869263,0.5,2.0,1.0,0.1,1.0
1.7400715779836187,1.6713455168109304,2.0300524600163894,1.746327587886566,2.4040941757970544,2.583679325233871,1.8779911533073477,2.14688419275583,1.4231465260834055,1.704599273493581,1.0917947289315557,0.5,2.0,1.0,0.1,1.0
0.7088907434871199,0.6753475477845275,2.0632615269815537,1.435912195410039,1.339795039958111,0.7387049276969527,0.8952921569558379,0.5681331394848725,-0.06245548034347759,0.2179638434008257,-0.26033782332588884,0.5,2.0,1.0,0.1,1.0
-1.4274157533699705,-1.7394603173968477,-1.2485170774796894,0.7471095372723981,0.4342284363379227,-0.3108167115504179,0.16013250096944404,0.11373117507967269,-0.22723976698964735,-0.21210481612733117,0.6369299402065292,0.5,2.0,1.0,0.1,1.0
2.15229268871297,0.7908062182755426,1.3256302253497396,2.7162262457813746,2.4345092065345777,0.6081183378662254,-0.14574369559028177,-0.23125190848785762,-0.8793102244257447,0.28055703622147043,-1.502527578163493,0.5,2.0,1.0,0.1,1.0
-0.3463947355268006,-0.4807333117693836,0.37343397843572446,1.0434750109454474,1.5310296558354501,0.9373412250514841,0.39481705476001644,0.42204954425467794,-0.4287586274330901,-0.7469927416736086,-1.1381149941789839,0.5,2.0,1.0,0.1,1.0
2.239630972982592,2.288375340219096,2.002490163675161,1.56888275331296,0.5023909005433944,0.23360932810024815,0.17833811153583232,-0.029947142394432524,-0.0671661391316647,0.4035884624940038,0.48335921227923684,0.5,2.0,1.0,0.1,1.0
-0.175418726946445,1.2079704044621407,1.8563612660957012,1.8733803207347128,2.2088781735402403,0.5952247435065803,0.9790331633252097,-0.3591016532847122,-0.05586876525812287,0.17400320365200367,0.3277866540106015,0.5,2.0,1.0,0.1,1.0
1.994864356277786,2.0495974010359577,2.0236748270175955,1.4781485663694447,1.6482544330899478,1.1168297839605357,1.391497942404098,1.010690499693784,0.5132830051603138,0.3391954557317153,0.9454555118846066,0.5,2.0,1.0,0.1,1.0
1.2048971817430865,1.1568517047452314,0.6351630505735776,0.907312064841924,2.0429818086397264,1.6216358485750777,1.1433752514584479,1.995415888382294,1.4739584872718854,2.2570242961204237,1.4776599514711513,0.5,2.0,1.0,0.1,1.0
-0.902257560748634,-1.3675753295422846,-1.0101889709495002,-0.5653841829574091,-0.4667677387452735,-1.0714496580683082,-0.04363380313325005,-0.23994166392362526,0.4608693195093374,0.19612107259766398,0.7309910356792664,0.5,2.0,1.0,0.1,1.0
0.2162497788391697,1.702680199131737,0.7981322092536162,0.7717142980548836,0.5828671732411037,-0.27568884490223766,-0.7344571614755064,0.05253400853678425,0.2529974139008506,0.28380628022007137,1.494052495919575,0.5,2.0,1.0,0.1,1.0
1.2063627853626975,1.5617630238615143,2.727344859839291,1.8352513698131827,2.8986056362074777,3.1793169525982625,3.7516778949591476,3.3635255448998587,2.916605277610482,2.786084468889142,2.971433969779247,0.5,2.0,1.0,0.1,1.0
1.8888427291757133,1.4068670198540898,1.1530685645498164,0.4175561802996751,0.26875172863277264,0.6169246707927567,1.5587672789566196,0.9298795606783735,0.45914940994630193,-0.8567339372381705,-1.5094113429025051,0.5,2.0,1.0,0.1,1.0
-0.7243891623368528,-0.19798315304705816,-0.9699506912723359,0.09828502785474846,-0.06800573168139892,-0.7131279799608103,-0.7277273580872106,-1.0794681180087649,-1.7556992602894554,-1.9446098969667962,-1.922199747856581,0.5,2.0,1.0,0.1,1.0
-1.4805223015661775,-1.2156513018239936,-0.8084835400003308,-1.01711933987179,-0.5697473162554325,-0.24653481224858115,0.560609420315462,0.9625438762398044,1.1192707862298805,1.341175024499528,0.9138976793763849,0.5,2.0,1.0,0.1,1.0
2.147295589194366,2.7560325020304233,2.2650343290968697,2.666095316843881,2.5772471740049845,3.095227053173817,3.1657367203825078,3.17358582187355,2.406834156263831,1.5633438571493996,1.3211060427228674,0.5,2.0,1.0,0.1,1.0
2.0681962032604693,0.9969385446311246,-0.05872463249983506,0.8922662129795799,0.8179956851402831,1.261902201979778,1.515552611285503,2.3339808916334537,1.704283867341926,0.4975824477927482,0.5122410169980129,0.5,2.0,1.0,0.1,1.0
-0.23364952125544505,-1.2665011876562546,-1.6531475374805114,-2.229722732217038,-1.9932089585905162,-2.275662742293873,-2.0081998677390644,-1.5708525404842284,-1.6057851859065273,-2.441751856462634,-2.158945582273072,0.5,2.0,1.0,0.1,1.0
-1.406965371815823,-1.1985809836407892,-1.4603034480228154,-1.1786130721703547,-0.7589513999851336,-0.39144429906732514,-0.40613561441444535,-0.9987264044434137,-0.09505282555216088,-0.627190393249391,-0.6378689894601446,0.5,2.0,1.0,0.1,1.0
-0.08324982178303757,-0.3554631798901412,0.16167676952127735,-0.7265556446243199,-0.2816322732256165,0.7854871875253027,0.3410085770101176,0.6867652403102937,0.38010002606170934,0.8823173617218799,-0.3984938192627382,0.5,2.0,1.0,0.1,1.0
0.9473914101470513,-0.13040859184999398,-0.19794331643067248,0.20653458005120334,-0.9164913408715207,-1.1915185556181989,-1.461910294416841,-0.817720354978809,-0.45831623130564186,-0.3142753984266039,-0.43494860784090916,0.5,2.0,1.0,0.1,1.0
0.8615441248482312,0.2916637544146735,0.036766540592633845,0.4363845632813994,1.6385225318308108,0.7578819258464512,0.7146386265346413,0.21824650414764324,-0.24036823218873757,-0.5349611490509205,0.07041848017677799,0.5,2.0,1.0,0.1,1.0
1.1009694673113053,1.6719370337195445,2.0879084432569064,2.019286251467234,1.9556139638952792,2.2910703366790646,1.6884850314849396,1.9164883157562453,1.2251321983195467,0.9819536556978035,0.5856363077796036,0.5,2.0,1.0,0.1,1.0
0.3647260734353622,1.3082024228356046,1.181083186651707,1.124977010374187,0.9275583535690377,1.5017852639069722,0.34779499828669236,-0.3299735430097291,-0.007852416248341071,-0.7218410206745449,-1.200112943329874,0.5,2.0,1.0,0.1,1.0
-2.2023994128072846,-1.3399129414140434,-1.601193038243574,-1.0769862862075659,-0.5073888574079042,0.1408319274154421,0.25935817331863653,0.774833523757597,-0.43966376843433463,-0.6697949079255237,-0.7025174211425982,0.5,2.0,1.0,0.1,1.0
-0.4519136307102235,-0.44622961840895675,-1.1763577158789638,-0.6121831961522719,-0.09420666426943985,1.1844748676560295,1.4559614608640221,1.398105922888789,0.9757818823988413,1.192727170996563,0.7257455559732283,0.5,2.0,1.0,0.1,1.0
1.5337150141855278,0.847585717992399,0.44093414105889595,0.308635971348898,0.21879386188931815,1.1872662127245688,1.6349260582060636,0.5540386666794557,0.7020914417910413,0.3770525195535765,0.5027414941728645,0.5,2.0,1.0,0.1,1.0
0.6059886908534191,-1.0537545852452,-0.772564673850352,0.1903793068530566,-0.46310600706575233,0.7434641714898188,0.850527384126415,1.015496458305009,0.8462580474622063,0.46439216492492896,0.21758169699598,0.5,2.0,1.0,0.1,1.0
-1.1356035711263097,-1.5288562891963435,-1.2094922832031623,-1.7618593303045036,-1.8739614488741063,-1.9850654846121252,-0.8376203778623792,-0.48294089324353207,-0.8535589865405373,0.14914692753710745,0.12379991954522149,0.5,2.0,1.0,0.1,1.0
-0.9847865302669241,-1.2954710384839396,-0.9256552920022606,-0.9158107101544818,-0.7185185317886351,-0.5381933994460419,-1.3582473716216015,-1.149427397977693,-0.544845342894706,-0.5037695849111452,-0.3963048072701637,0.5,2.0,1.0,0.1,1.0
2.1703290432822326,2.1155412375105094,2.0066668330465656,1.9389160608649267,1.9188486456972262,1.4890247214260666,1.160939502782413,1.611041033815446,1.1330681070634634,1.632301051508465,1.5594289585699987,0.5,2.0,1.0,0.1,1.0
1.106122007138864,0.37966415019883126,1.0460655069691709,1.2788222650628929,1.4243517670362043,0.9598595364915916,0.25973331532910016,-0.13056268667943632,0.6258872426749756,-0.2612124028778384,-0.40004119240052327,0.5,2.0,1.0,0.1,1.0
-1.103979026477003,-1.2512608762725161,-2.0662817558148485,-2.3593878701650977,-2.800222268669625,-2.684013153817054,-2.3128895412241097,-2.398476468681862,-1.9751063346431146,-2.6533205564308524,-2.7496741409434304,0.5,2.0,1.0,0.1,1.0
1.3695717651255188,1.3751439973708346,0.3478118796013744,-0.4341936481097595,-0.04451866945329147,-1.2701710260345123,-1.3327463394567938,-0.7692997731154054,-1.3401199507797312,-1.7739199808868025,-2.3314503904055104,0.5,2.0,1.0,0.1,1.0
1.1302493664356827,1.693945972805841,0.718173964598041,-0.013267928020255892,0.09828512360939573,0.2563750173031285,0.3004952388210338,-0.16336330316046677,-1.032344130268956,-0.6790403479902583,-1.7153247077684017,0.5,2.0,1.0,0.1,1.0
1.2146717439666201,1.069996155343328,0.8895823078763302,0.7469739007787219,1.0388306525729942,2.11198944769314,2.942631845371207,3.2924073187188427,3.4115415657816954,3.9106042622597874,4.131513009299838,0.5,2.0,1.0,0.1,1.0
0.12074457502883026,-0.0916282682146013,-0.5108481503106974,-0.7469462166570058,0.18060952031922517,0.07794757616435938,-0.6244022337633359,0.8440794180954917,-0.3697755561803784,-1.797588856285738,-2.796410083370752,0.5,2.0,1.0,0.1,1.0
1.2034910080474288,0.8541397709115242,0.7213412551556824,0.9055362016329053,0.146823353687774,0.6273742339165607,0.420365139535259,-0.222754009734479,0.4290582661917715,0.7482929040062641,1.2140220425222692,0.5,2.0,1.0,0.1,1.0
1.3523913309568463,1.2541530693036742,1.3605979108783886,1.3682480012775502,0.629516307494485,0.4880468399258888,0.3223066966515319,0.1713702710299132,-0.2232714043074362,0.49848378580734876,0.7687090088319216,0.5,2.0,1.0,0.1,1.0
-1.017325410945059,-0.24170507971839106,-1.282789044667759,-2.028531874996097,-1.8109052891042716,-2.262819766020709,-2.3843003987201774,-2.278665274333193,-1.1578860142173584,-0.3871030936712476,0.048632433824925714,0.5,2.0,1.0,0.1,1.0
-0.11526929989585943,-0.3103520597510966,-1.6594584929666636,-0.7884464158518775,-0.3991516398212671,0.8307397904434648,1.5364249245536865,1.9253010720473815,1.939032753799144,2.555612496562887,3.1511201481370157,0.5,2.0,1.0,0.1,1.0
2.0539609960343883,2.7641537124854345,3.0753209884261867,3.483604199905061,1.9514674233906206,1.9840387323060573,1.7879834069029714,1.3853400498254966,1.7484416226050383,2.1229993003310255,1.3860669633114049,0.5,2.0,1.0,0.1,1.0
2.0120209151744683,1.104441233268441,1.7981976763282037,1.6210599757649462,1.2524810902253511,0.8838032901169739,-0.19623104624904608,1.182748632487396,1.4461503680096564,2.208539223390887,2.27684348918291,0.5,2.0,1.0,0.1,1.0
-0.024040279019115516,0.38510345946408053,0.378211581795742,0.4486849112451191,0.18411285949538392,-0.008507445760014137,0.18170947443438634,1.9503306240003015,1.5580792698026997,0.5783545432454471,-0.1721712416120752,0.5,2.0,1.0,0.1,1.0
-2.6658897331440117,-3.38410015344746,-4.178345033528411,-3.6365177181684083,-4.404088288700986,-3.3074272134161933,-3.2899213825094438,-3.4794093517058053,-2.475382775658486,-2.0683677107076806,-1.890803857345834,0.5,2.0,1.0,0.1,1.0
-1.625628966218457,-1.2438398630303134,-0.9642703594943237,-1.1560977821219967,-0.5850934806404149,-0.845616041071019,-1.375439802937235,-1.195693229350662,-1.2325352411097752,-1.8714431697181615,-2.782634490242579,0.5,2.0,1.0,0.1,1.0
-0.9489955486594628,-0.576471870404005,-0.8507670279239147,-0.7913818878170098,-1.8212092704759693,-1.9695610267862307,-1.3930979180375045,-0.30871874794711296,-1.8376923900597966,-1.693738439131979,-1.5657247592555485,0.5,2.0,1.0,0.1,1.0
0.5548810143533343,0.4587799064950597,-0.26150670105290597,0.09147433527599985,0.5098585802600049,0.680424017585459,-0.33472262887516824,-0.06591903991652331,0.9163019424016527,1.13242504852123,1.348963593953772,0.5,2.0,1.0,0.1,1.0
0.24078262158035846,0.2640158566576367,1.0688285052971858,1.2396709586082157,2.294045790817595,1.1424746492053348,0.6749504209694266,0.832090473430939,1.2632848255496172,2.0467348311065345,1.4611681537266374,0.5,2.0,1.0,0.1,1.0
0.7835743267909882,0.5815254568772679,1.5643324198246993,1.1425482635480793,1.261866654839086,0.903890535710169,0.4695223115820123,0.7142400873979232,0.20764846797595132,0.5385870278733482,-0.843084640926303,0.5,2.0,1.0,0.1,1.0
0.2639820153801045,0.07156167116740028,0.13667856072795356,-0.6328477117216287,-1.625730484148633,-1.7594115415595875,-0.7053495065264557,-0.855622079363024,-0.36933589510403875,-1.5280370087011597,-2.3213811744087502,0.5,2.0,1.0,0.1,1.0
0.1795202711455762,0.4562933417850865,1.251064133406957,0.6786019820798139,0.02001050946257188,-0.09256275257128134,-0.6713722936077642,-1.0068271573109726,-1.2010904537719287,-1.1150728471273277,-1.1939315291865489,0.5,2.0,1.0,0.1,1.0
1.4432098443775327,1.1870028185330066,1.5104967412455534,1.0849996905028427,0.5718831975949119,-0.5613490615793985,0.0767074417394501,-0.834053314533949,-1.2216432663040733,-0.8035358079933348,-1.8442194980341768,0.5,2.0,1.0,0.1,1.0
0.11152776526317038,0.7881074749543104,-0.43371329264419545,-0.21985452076651663,-0.21719848947820153,-0.11243209322401268,0.4753938584945228,1.1903681591087194,0.9663445295811427,1.029812151458051,0.44073627372696067,0.5,2.0,1.0,0.1,1.0
1.9316804196416748,2.077698275958371,1.2651575422312091,0.3556917042567952,-0.03144642508486911,0.10660763013640207,-0.3027616591691744,0.4394650819008631,0.8262397828161538,0.24424974158200308,0.26017344234568185,0.5,2.0,1.0,0.1,1.0
0.7666325359251063,1.4580983983679112,1.0346128001532033,1.7742558603518073,2.1715996079084894,2.1594688579768304,1.9482247089270084,1.5371764408476325,2.7745590986894624,1.8397200111084313,2.1546351577998366,0.5,2.0,1.0,0.1,1.0
-2.2642595134937813,-2.0721606818445406,-2.1363562475455486,-0.6839426178454819,-0.41617926527170535,-0.46576238451710406,0.7707830300897112,1.5057343330782011,1.4462240399637514,1.9253689160044476,2.944565319424111,0.5,2.0,1.0,0.1,1.0
1.954375264238571,1.693031707908423,2.1081128968007996,3.3568994966666774,3.3350962118995566,2.8625474304285974,2.5058486641476465,2.9920955456718383,3.3581379109063185,2.7379287108364156,2.8899827998292174,0.5,2.0,1.0,0.1,1.0
0.006956270657806675,0.37754561064417214,0.14897523263060786,0.46371358786920636,0.7578098913759512,1.3518073289393104,0.9668317913196551,2.481636804813223,2.168576212185419,2.0578673443120215,1.7092180123087035,0.5,2.0,1.0,0.1,1.0
-0.2795938663878599,-0.2165770018704731,-0.7667840675310473,-1.0435869449034711,-0.8789481373182694,-1.1711284076458397,-0.9989181866159074,-1.2670612868097524,-1.44462557550117,-0.5322502300867535,-1.4127686202570944,0.5,2.0,1.0,0.1,1.0
-0.31535441397224756,0.3144132419449699,1.2841990275351771,1.6751698589182693,0.2546998210178102,-0.3289879370178498,-0.8021850254993284,-1.1525031053138082,-0.8211880468141239,-0.3412721722585057,-0.11635822269843396,0.5,2.0,1.0,0.1,1.0
-1.0540613702518984,-1.3624661221518426,-1.3997733574599187,-1.6865103955617344,-2.174026907065109,-1.3461128015549275,-2.3592281458016044,-2.2120590852407545,-1.103542778488897,-1.6440513973101858,-1.5129751160396896,0.5,2.0,1.0,0.1,1.0
1.1337354810248073,0.9455556784238615,1.5969960587489527,1.8550558197405027,1.820439262555654,1.1057205696440788,1.338214932727026,1.7813364323819965,2.701709909086075,2.171219016648638,2.2747770005146606,0.5,2.0,1.0,0.1,1.0
-0.06195015520316754,-0.17532407846012624,0.30848690002482865,0.0726782255337915,-0.6384554875949954,-0.7504099788587579,-0.03538060672724641,0.8130412230391568,0.7274380990511718,1.4058315853309888,1.2889937717218078,0.5,2.0,1.0,0.1,1.0
1.198059906148355,1.9622698010304096,1.3411888776491208,1.7419953323486113,2.3777577867457658,2.3768719095540494,2.1398449479663353,0.9205299319205258,0.8262327327655992,0.6435646262295613,0.5790504251288222,0.5,2.0,1.0,0.1,1.0
2.4926340009555004,2.1058824993841796,2.345044480474153,2.320687474617329,2.1143254550874966,1.3786299017414503,0.07257053623428122,-0.014284084748969611,-0.08867086501647689,0.4410277229327022,-0.3952849934586526,0.5,2.0,1.0,0.1,1.0
0.4126177609532726,-0.9207491188927686,-0.1732691126400835,1.0537690829272006,0.4197594993264032,0.20419704931664276,-1.0685632032818149,-1.1680743641316023,-0.6900362542836718,-0.06185958923086332,0.0626090651138441,0.5,2.0,1.0,0.1,1.0
-0.09499935338218675,-0.4516838606526323,-1.3550460642103437,-1.7949085245900012,-0.2806197414436451,-0.15678124965690948,0.03913840264871973,-0.14914822957877602,-1.444260873615518,-1.712785531200824,-0.6886396487677569,0.5,2.0,1.0,0.1,1.0
-0.5181980795019823,-1.2025774890622654,-0.9501508189934024,-0.4852084039767426,-1.0200946295838338,-0.8236449276398273,-1.4553791920327397,-0.8827434041194613,-1.564808221066997,-1.1891995181208637,-1.7260886975736005,0.5,2.0,1.0,0.1,1.0
-0.29073723850712724,-1.2309714860537873,-1.5715226129613051,-2.133924997875879,-1.4086056902254152,-2.9681304727009095,-2.771051708119223,-2.3874620382842773,-2.137313097847584,-2.862081915865411,-1.6902365676499416,0.5,2.0,1.0,0.1,1.0
-0.09274534595818207,0.832218753590108,0.5369255900696226,1.0369814945779035,0.5075313125260112,0.6584469894106277,0.18278097750781208,1.0636263146372957,0.8237383175424821,1.3956091041344014,1.142260258716634,0.5,2.0,1.0,0.1,1.0
-0.1776352697152249,0.540500265273105,0.6840524352876136,-0.639911571114804,0.046706670899924085,-1.0832664497825815,-0.47739603313485385,1.4069559751504899,0.5390377688690108,0.45710574758520334,0.013812464356813103,0.5,2.0,1.0,0.1,1.0
-0.8501777858483224,-1.1281606013540109,-0.707687896652505,-0.9146293488654766,-1.412729575787806,-1.47532853849513,-2.60677657755953,-1.1744682100005237,-1.5405036459140657,-1.6195475667949886,-1.0685152302911731,0.5,2.0,1.0,0.1,1.0
1.5077945642594706,0.9075080124629518,0.37063990221683235,-0.37176371530879343,0.3399965332755813,0.8539222138005416,2.480247373019549,2.3953145455843607,1.938462931046368,1.6080201090234902,1.784766335583178,0.5,2.0,1.0,0.1,1.0
2.389193092633144,2.1907718177816884,1.461723676485634,0.8800711721278291,0.48827369870586046,0.09035982726512304,-0.6654143436088271,-0.6645550744110904,0.24073496169468833,0.5710569940874759,0.7283888998126754,0.5,2.0,1.0,0.1,1.0
2.4406268863958913,1.964668144889761,0.8916486353129502,1.4156920192607836,1.368926310831506,1.5001924698495923,-0.5181664978818739,-0.8803983224533604,-0.6610459001126701,-0.2732880528524534,-0.933770072551742,0.5,2.0,1.0,0.1,1.0
1.4197501501712433,1.2062575965326137,1.7207502553861727,1.967658343574927,1.6643151671512313,0.535248100085985,1.2472433306769997,2.0080443148547475,1.8004125157437285,1.345364388533024,1.4255338067877272,0.5,2.0,1.0,0.1,1.0
1.3168910699300496,0.3336256462324053,0.8715341657264357,0.3334041395613121,-0.17226629979809188,-0.4484167879262931,0.055018211029221775,-0.5589118380298521,-0.6102268877588428,-1.6959894961142898,-2.4977221542595887,0.5,2.0,1.0,0.1,1.0
1.3163834760302704,1.0088986925483288,0.8595024641300039,0.2205103233059854,0.6089029707525685,1.852919665789958,1.586073103507048,0.9877473691722642,2.2619215125917176,2.9162293978266094,2.659255083089461,0.5,2.0,1.0,0.1,1.0
-0.4915574845309344,-0.8965764778693273,-0.10321892157659207,-0.6032093442138473,-0.42712460027051413,0.4489428698361763,0.7884123506961903,0.9115463563798167,0.9846524480893509,1.2431039799385897,2.235873023622275,0.5,2.0,1.0,0.1,1.0
-1.730686186629444,-0.36430685757361037,-1.018177457509931,-1.6771552498638802,-2.0195297645226398,-2.2811451444209547,-1.9871713138214246,-1.8990847701444276,-0.8284051616056628,-0.7969019195499095,-0.28645700143036534,0.5,2.0,1.0,0.1,1.0
2.0380547106932916,2.4865109072253695,2.6643650013638767,1.939461973767493,2.3983063767414596,2.024163701980323,1.153717482180316,2.154645655813196,1.0799204021636752,2.3996901165190474,2.1974244173724635,0.5,2.0,1.0,0.1,1.0
1.1478743145257202,0.2829564872731266,-0.08467559781619144,0.34415494375003564,0.20676177223355025,1.2343039117028223,1.2690076140083286,0.9764364447679916,0.6659971928279831,-0.12352141469656464,-0.0508478733310244,0.5,2.0,1.0,0.1,1.0
0.4633412713655865,0.013569070140743267,-0.22171268335967798,1.8442146124810774,0.7662635381933751,1.30536631407656,-0.03359820448310269,0.33331177818526736,0.8318610075161386,0.20277581968008251,1.1448896287745203,0.5,2.0,1.0,0.1,1.0
0.9051432492117415,0.5673574651087929,1.2341066775176786,1.1614567202170194,0.7740718955086976,0.22151738167747037,0.270160768951466,0.6756206921031263,0.5604056115769156,0.5858464431306257,0.0005233423143760074,0.5,2.0,1.0,0.1,1.0
-0.4789722093721597,0.37985329555315706,-0.3705524800875646,-0.258935301893612,-0.27775731095125694,-0.5633768823195677,-0.49416666473900805,0.019019968784958652,0.21020223437357177,0.702329503256863,1.0081655753964291,0.5,2.0,1.0,0.1,1.0
-0.7991973657089793,-0.8057062571366642,0.36894303235890524,0.7285363387831656,-0.21092325641692944,-0.466820754812573,-0.4869658572867483,-0.29106208734174116,-1.4757247345613527,-1.5364224554909196,-0.23105116925932823,0.5,2.0,1.0,0.1,1.0
-0.30980842632741235,0.2377454045234058,-0.5209726172188605,0.04381227045487146,1.3085131362606828,0.9177502359427558,1.0919281012622222,0.21470809283978565,1.0458027148873035,0.4225780539862881,0.8103941805574435,0.5,2.0,1.0,0.1,1.0
-0.5093030304908256,-0.3126444509835258,-0.4472345874534962,-1.7537860665236036,-1.3534423349508231,-1.0822832307241357,-0.7483447108828788,-0.761458606905509,-0.19279881755882078,-0.8216353473946096,-1.6596733142194586,0.5,2.0,1.0,0.1,1.0
-1.3316734598235405,0.1356218882087583,-0.02940356516412379,0.4938058098913582,0.3379294053050762,0.6145953495479155,-0.5266816635328576,-0.3284580985282456,-0.8184508647190352,-0.9040062799817654,-1.6771723315611373,0.5,2.0,1.0,0.1,1.0
0.23274249013009685,1.4321481242864245,0.8209650439756657,1.1482054144820473,0.6809914409699084,0.6303540290991252,0.6204575107886875,0.8252524872016598,0.6766830363836412,0.7777283724861378,0.9428434681609404,0.5,2.0,1.0,0.1,1.0
3.224071905664574,2.451860088578612,3.2755092766040192,2.7479959151266917,2.574585458452938,2.7030276258575325,2.6738606807461647,1.87128758711005,2.861467695121055,2.334176819603968,1.414864117785115,0.5,2.0,1.0,0.1,1.0
-3.146335510235864,-2.9823721458435317,-2.6203804428969697,-2.2915933903579564,-1.4665091981424996,-1.5102451097455163,-0.7046946586252825,-0.6875223059011775,0.008271259543049192,0.38660281918808587,0.19600291340375153,0.5,2.0,1.0,0.1,1.0
2.673337065112218,2.5546568021971328,2.5644429560315345,3.328224727648853,4.30201317146065,4.295567740896342,4.199270006605163,3.8641074335033965,4.416140503408645,3.708257366405081,3.0945763810616898,0.5,2.0,1.0,0.1,1.0
0.25163645149953295,0.4771741396314493,0.42880969451008305,-0.7502951590732058,-0.6788192701345153,-1.7590281619432186,-2.9515886347935134,-2.9276755556492273,-2.588248273282327,-1.9075279098563676,-2.0157745500649966,0.5,2.0,1.0,0.1,1.0
-1.1891244413516389,-0.7595871477872523,-0.7683246469485564,-0.24353447888645408,-0.8834603565959248,-1.4705041699374852,-1.1153793099485618,-0.8674486881257797,-0.03582197760707262,0.4614256526619493,0.0997979836507134,0.5,2.0,1.0,0.1,1.0
-2.09112888609714,-3.0946816719651338,-2.2268738056225916,-2.489070693346153,-1.0949280878476373,-0.639775689241019,-1.1118350896929468,-1.3061923413326002,-0.9044573322269863,0.4181577107946861,0.6981174314523124,0.5,2.0,1.0,0.1,1.0
2.8168664295610513,1.997518279333243,2.1967018448779534,1.6124321023255952,0.8404985971663139,0.2810781812484521,-0.4903279186970863,-0.03215858170499869,-0.05076842168608121,0.7351350395632271,0.6804971259394729,0.5,2.0,1.0,0.1,1.0
-0.7278147692443556,-0.21530635721274116,-0.003215028162869421,0.5599379482374611,1.2442830905838538,1.0902235423734703,0.10743377229410711,0.4465544322002102,-0.49568644667314604,-0.1131910019459817,-0.015501477532397313,0.5,2.0,1.0,0.1,1.0
1.4723403359347063,1.9872407716252543,1.0268849266323663,1.030660772985629,0.8601711293852133,-0.1621700035529161,0.21847784680154297,0.4845047858479105,1.0241398693050727,1.0580755650773292,2.0039447839522198,0.5,2.0,1.0,0.1,1.0
0.47962281618859043,0.8715697765314776,0.7181695917629566,1.3144065141193457,1.2984423773847327,0.4654431283884294,0.8164260031846223,-0.639784202172797,-1.0085008778211084,-2.0939413421553086,-2.2620492726298718,0.5,2.0,1.0,0.1,1.0
1.155092614365592,1.2390329077824598,0.8509518938043332,1.3462152945560177,1.3890009747848493,1.2508453871395062,1.485380000773616,1.1469503860236328,0.40430562079081467,-0.128031670822855,-0.4267026183571937,0.5,2.0,1.0,0.1,1.0
-1.9563043006314016,-1.7831905378085275,-1.6749620417863165,-1.7774706882532803,-1.495823622409281,-2.249046837944171,-1.964713678323177,-1.3953215455823136,-1.0373136781105994,0.013598840456356287,-2.0782560225467384,0.5,2.0,1.0,0.1,1.0
-1.4075808128669363,-0.5635179670299395,-0.10421020595023622,0.25316408062615775,0.2691402436626497,0.638712176431329,1.5795130824523198,0.875651198039863,1.2040954541205173,0.4904115807425967,1.708782694111684,0.5,2.0,1.0,0.1,1.0
-1.087510389453304,-0.16411341325327422,0.2631561993355222,0.7844800415036852,0.7012896899555003,-0.002706128896742044,0.2863175427438828,-0.8484681664552698,-2.322606219485678,-2.8087706823386966,-2.485089557276477,0.5,2.0,1.0,0.1,1.0
0.6525672497663817,0.6063220582836143,0.5750389385997512,0.6936746630979791,1.401688155020969,0.6919138394081252,0.7763129778236034,0.47787596147374684,0.2127500586906368,1.0631391477392271,0.4224404355713015,0.5,2.0,1.0,0.1,1.0
2.2406732226060244,2.2779376937333797,2.439218056691475,3.526265544223591,3.4351446390340903,2.431611655841709,2.9678204773112817,2.991962809763798,2.3721292104939367,3.125905068962487,2.9321537422675776,0.5,2.0,1.0,0.1,1.0
1.1679220231311787,1.3303266990028302,1.088719777521428,1.8888074458392778,1.8706999983423547,1.5308138413720416,0.7499073389337917,1.1534300253691108,1.4776883623586752,1.9824866595109756,1.9402367938338918,0.5,2.0,1.0,0.1,1.0
-0.871507331964412,-0.03443782134563844,0.14491808443040707,0.03483071770161847,0.6163449214065448,-0.13542717205308274,0.19875836559179938,-0.27640074404163384,0.9564359150030943,1.0384116722355277,-0.046116220325549406,0.5,2.0,1.0,0.1,1.0
2.205177324962409,3.0005418018791357,2.005572115403784,1.8162487038653028,1.0518340770324857,0.36019213559620245,0.40934918796246655,0.10531192490161534,0.15051785630502393,-0.022966054621242377,0.11300339942460283,0.5,2.0,1.0,0.1,1.0
-1.6640271976530963,-1.4606958237143834,-1.3635947712235106,-1.0143851392698302,-0.7888780664789236,-1.3705502603446895,-1.5109912439841682,-1.5656612481367773,-1.6796447336095381,-1.954186500942872,-0.9051129741157831,0.5,2.0,1.0,0.1,1.0
-4.563529913522267,-4.40630243919846,-3.8400921342594363,-3.846426294266033,-3.5343661983675694,-4.313989505425271,-3.4915452686524824,-3.0073364507361386,-2.524925934644062,-1.8619663384443372,-1.9975506583708564,0.5,2.0,1.0,0.1,1.0
3.242917390547226,3.7004525611029466,3.6561502455640404,3.664172560687568,3.2088795216717085,3.718227991520442,4.666473847822526,4.696438265778349,4.210001492452794,4.695581606691805,4.120508686127981,0.5,2.0,1.0,0.1,1.0
-0.468974479161864,-0.857922386033728,0.002383352830580221,1.3012384339742098,1.1433758500835938,1.9055776107739337,0.11351378048076843,0.44370555546851004,-0.04921769201754872,-0.8909489193244478,-1.2501969763138554,0.5,2.0,1.0,0.1,1.0
1.6344994730627629,1.5160557265280648,0.04390097653806935,1.0733183145426743,1.3801636127968555,0.43333251237498005,-0.6701952726897131,-0.44723203115334614,-0.977478561198543,-1.2324550934949845,-1.639730082079987,0.5,2.0,1.0,0.1,1.0
-1.512834000400779,-0.8874207392413729,-0.15967480641823584,-0.40650936345796185,0.18663009988093754,-0.0784472608037417,-0.566240527454589,-1.212524954204619,-1.0898755566600968,-1.3586942633751535,-0.6900929029390173,0.5,2.0,1.0,0.1,1.0
-0.3391118833065383,0.5574578788934712,0.9179903483253076,2.0763510979294093,1.6702122187749069,1.8508610491384543,1.6616005382103958,2.0639079217939433,1.9132334748007298,1.9851918051125925,0.8832935901379426,0.5,2.0,1.0,0.1,1.0
1.0692392919308964,1.6509920329887993,0.7757234875671459,1.1276024142065253,1.1628849628092808,0.6332182000481043,1.6054251001398978,2.135928208458172,2.1220122226006746,1.2249227764105783,2.005725005291545,0.5,2.0,1.0,0.1,1.0
0.03475005475266568,0.11232595716101287,0.175524027958585,1.1437809035857076,1.5836962698288,1.8850095352591794,2.6086434558545686,2.381902155241769,2.306599213480709,2.1321042418775864,2.4251323711953496,0.5,2.0,1.0,0.1,1.0
-0.6182229330447857,-0.9610475549585341,-0.43196018296403693,-1.0178887292293641,-1.097538540117819,-1.7187468047317995,-1.3286492961292595,-0.5730865645678683,-0.19310134020438163,-0.5847472805892673,0.4886599871047304,0.5,2.0,1.0,0.1,1.0
2.940039557927336,1.9580145789638141,0.9359185057730042,0.9436027246271725,2.6422613743304364,0.8413055205058244,0.6117721061083603,-0.0003024662269680567,-0.20060830323807746,-0.2921669740806785,1.036602629434871,0.5,2.0,1.0,0.1,1.0
2.6314535869586617,2.5911623710445815,2.8137894380207182,1.9648219884557894,1.3956760734678486,1.119026029315255,1.2935944093854177,1.0909391313252905,0.8377889529137663,1.2353684444754918,1.3654011991328365,0.5,2.0,1.0,0.1,1.0
1.1536290165505318,0.8296212273055018,-0.22785911132752434,-0.5728728502642869,-1.0449889987764012,-1.3438409950280101,-1.7463300248674758,-2.227885017443676,-2.2331630643809106,-2.2845749271814855,-2.80809107875531,0.5,2.0,1.0,0.1,1.0
0.1290647276768837,0.5044688559439499,1.2494119330637874,1.4686148428377588,1.602009863957997,2.1997453490921273,2.2322446324528222,1.0922472646512567,1.4004959401598367,1.9139684588603059,0.22185242269931416,0.5,2.0,1.0,0.1,1.0
-1.784907877687275,-1.3434282743792447,-0.6717936381371912,-0.7076597244085082,0.42348369039257316,0.2899845137382657,0.18492679154347752,1.0778752749686515,1.774578356298941,2.3857562052059373,2.2025328487560745,0.5,2.0,1.0,0.1,1.0
1.7307120979987256,1.9556907175862066,2.0573984229939075,2.011302908329339,1.512184849410406,1.7230853929449157,0.7509558599871996,1.0973959126087156,0.7881118924562424,0.8586150208967558,0.9357869406691862,0.5,2.0,1.0,0.1,1.0
-0.7868181527063569,-0.8710583861355246,-0.5179928692559576,-0.044274560104882954,-0.13367324398970537,0.6274742692696648,0.9223100456019069,1.717772575213651,1.4111203939348445,0.7052900733483102,-0.5810954126634368,0.5,2.0,1.0,0.1,1.0
1.1726989740227443,1.0784717307687859,2.012486509277036,1.1326422707137884,1.4197975298869414,1.4080493725048775,0.7253844293398746,1.1765674264837107,1.2107510516319377,0.9874437483681158,1.657827957576803,0.5,2.0,1.0,0.1,1.0
-2.05579940830013,-2.992669233603167,-2.6955159700525164,-2.5649237363071093,-3.6305059839792055,-3.6694747085957586,-3.439187293403269,-2.8611712400767093,-2.061330290660288,-2.4191787121102206,-2.6174368446700247,0.5,2.0,1.0,0.1,1.0
-0.09219878046116405,-1.493428950854355,-0.9785856450834797,-0.4680512109777292,-0.012288063696181961,-1.325765639015232,-1.9293720764728692,-2.16110784862738,-1.304137476894999,-0.3848690280172806,-0.8617340259825406,0.5,2.0,1.0,0.1,1.0
-0.13392599865271923,-0.5317588720381984,-0.359445841063633,-0.19328988006639772,-1.3300016834027333,-1.4414629828806225,-1.18114260541952,-1.185477758856698,-1.4309578075639373,-0.9160529486322739,-0.09100623804143637,0.5,2.0,1.0,0.1,1.0
0.7486645052985322,1.1747423193965885,1.1619929329174101,1.646228983579133,2.2611401898219166,2.163146007750377,1.8601688565755867,1.426299474906619,1.8503467527724262,1.4809545093639238,1.4589169255800782,0.5,2.0,1.0,0.1,1.0
1.1258812853420184,2.1183649462533136,1.3750547066435816,0.7023780450843659,1.041552074120017,1.0210338491407023,1.1380578262035699,1.7590481155510962,0.1964634221634376,0.30145282984956046,-0.02446799926016302,0.5,2.0,1.0,0.1,1.0
1.6297942083344228,0.9248752937204985,1.573181578244452,1.3269198816714143,2.2341183052558593,1.7441138333491437,1.4923511342817684,0.9441377058626192,0.41888131314683663,-0.08067899999510941,0.243110495832206,0.5,2.0,1.0,0.1,1.0
0.6953229176223066,0.3500034294630359,1.0501984661672097,1.1159829718361352,0.1529449844816515,0.03332721516106138,-0.6166377054745812,-0.6656236836906354,0.3920585457977497,-0.7828379078107274,-1.190410340204504,0.5,2.0,1.0,0.1,1.0
-0.057848241098140976,0.6902958975072812,0.23656888700769435,0.8803331812554608,1.3688946627532292,1.7466431748211388,0.07590212758227688,0.06115235998497066,0.5064797412645912,0.7974542782155141,-0.8227711877735842,0.5,2.0,1.0,0.1,1.0
0.9998761050425813,0.5640759422278664,0.5670710220287839,0.5737610700238783,-0.18780019469629372,-0.2453047947090623,-1.2102273358128162,-0.5645075359256353,-0.6223660557887213,-1.1003214220619064,-0.3876566749852608,0.5,2.0,1.0,0.1,1.0
-1.7393789621574396,-3.049568152549905,-2.5381668469163,-2.4327961635329856,-1.4974189881582411,-2.1593215079241435,-1.068023124372022,-1.9089985830999465,-0.9490728675986021,-0.6388216262990613,-0.4227157433727648,0.5,2.0,1.0,0.1,1.0
-0.9813961209155503,-0.665225020851725,-0.7959574787325289,-0.9330867503306888,0.09054984984770209,-0.6401843413854624,-0.29220703795480407,-0.825974387154987,-1.420659527899624,-1.013948968212297,-0.5223890019949948,0.5,2.0,1.0,0.1,1.0
-0.17643175855570925,0.2051119925446438,-0.6347138648703152,-1.3301427225416111,-1.8822148261797835,-1.4465552595261892,-1.4752806972153807,-1.704294888595694,-0.8355537467898924,-1.1207567206394027,-1.4245948495525653,0.5,2.0,1.0,0.1,1.0
2.179144556573654,1.074739387722786,0.8801983148935413,0.43010947662447496,0.7741402792566013,0.606874912083318,0.07479506810244063,0.5858713874460257,0.3120657480962276,0.6210833413994117,-0.0807188740708411,0.5,2.0,1.0,0.1,1.0
1.4515973426660116,1.042070497055098,0.6573641497031151,0.22865330052891747,1.4730936271738888,1.5583598473317182,1.4499400030856386,1.2456573973828444,0.8860012477573758,1.7949921905130573,1.6045217448866365,0.5,2.0,1.0,0.1,1.0
1.2360689385469747,1.1069084197730465,1.0013080303210793,0.9572441460946011,0.28352472885048563,1.1067437101483,0.9176897556591295,-0.09219063792942006,-0.19830144224156313,0.1257974474464159,0.18524231751963233,0.5,2.0,1.0,0.1,1.0
1.3432297127946373,1.1805286694656945,0.5181982604678086,0.6303114531517391,0.21474680082155306,0.9270347384930671,0.6366842672483694,0.7001418297636999,-0.4165363268835076,-1.9968079984634617,-3.080093635522517,0.5,2.0,1.0,0.1,1.0
1.9860623487527784,2.2713953058929377,2.61244829493994,2.1956036197854965,1.8468566604262506,1.443155207962809,0.14405006828708466,0.8387493245326125,0.93128480175322,0.6261020522805396,1.5575490292964507,0.5,2.0,1.0,0.1,1.0
-0.9819539551041181,-1.924367965622146,-1.4244967370238335,0.17315425000358164,0.06258951616101788,0.10085282400472087,0.030207238263030636,0.0966597340816191,0.4947333688569671,0.8688034275321317,-0.012852079590458088,0.5,2.0,1.0,0.1,1.0
0.25747417233903586,0.6184476974114077,0.7348786053739825,1.6671206161812457,1.8253500895315677,1.6434234666958207,1.4103580603629944,0.6009751549211577,1.3212594708858365,1.514932872671894,1.619209641344933,0.5,2.0,1.0,0.1,1.0
-0.37049742413416376,-0.11283424520545335,-0.328360583029143,0.218705996831217,0.324053924964428,0.3381655429199433,0.07723009043679202,0.30244992561853534,0.09585251142760529,-0.6833950512224576,-0.8287182228265284,0.5,2.0,1.0,0.1,1.0
-0.2170063113125615,-0.6902127967477911,-0.44821500397544983,-1.4878413576435245,-1.6451668611971673,-1.3134047488916416,-1.0099728045652516,-0.4793973157598193,-0.5327772494430472,-0.8188563826956119,-0.35778708567923617,0.5,2.0,1.0,0.1,1.0
-0.4437147176035433,-0.1313887371102789,0.4895494953711399,-0.08677104299949673,-0.14792611292396857,-0.008162049873377014,1.5096782127493553,1.640965299674154,2.9924186212163466,2.544572691103171,3.550052262168922,0.5,2.0,1.0,0.1,1.0
0.5575764280334303,0.4587892745503642,0.025494494682874902,-0.612942385199838,-0.5069342095305432,-0.7379742796844517,-1.3161667027918749,-1.177233019379068,-0.390716757894643,0.2685411343720021,0.3418233860951458,0.5,2.0,1.0,0.1,1.0
2.2047137689680896,1.8301032798093686,2.009578986752524,1.1481842262980781,2.2389648408026286,2.363111383810711,2.4710094863583896,1.829131269603838,0.9211815249313935,0.6073215737081444,-1.2588132909054788,0.5,2.0,1.0,0.1,1.0
0.4529810041727281,-0.3664534390128894,0.33059775209030884,-0.15781127189026056,0.2857339099591633,-0.18586998310276442,0.27708539657423614,-0.69063801362123,-0.05488966374899007,0.8141553208848217,0.7223489223756465,0.5,2.0,1.0,0.1,1.0
0.08009296824156985,0.8874707803282351,1.6040296287165692,2.475726079414896,2.605780173044334,2.514867604249469,3.228362469801186,2.85228053999177,2.078973777163328,2.7989629477699918,2.9353412648599275,0.5,2.0,1.0,0.1,1.0
-0.037089182379418204,0.7087704417578736,1.5311207881912106,0.47589208620650647,-0.30254482306967473,0.5208941518392372,0.05673957184190498,0.18041951178910398,-0.6388381566766965,-0.9658777359350157,0.08067088571174152,0.5,2.0,1.0,0.1,1.0
0.14554082497825063,-0.09642171694913915,0.8006844096027664,0.26369501188589717,0.27416190539123003,0.720545876520776,1.4902195016474198,2.2166902582310577,2.697403244274043,1.9496506894207442,1.4535912731102523,0.5,2.0,1.0,0.1,1.0
-1.3260931816292227,-1.882142844498624,-2.8488738656454724,-2.047948077535843,-2.3280013171082605,-2.9347450146454577,-1.938914683035406,-1.881459082275477,-1.864276165345162,-2.2221390650979784,-1.6684019856179066,0.5,2.0,1.0,0.1,1.0
2.2271231247488745,2.1895907531603274,1.344643610318638,1.9467731159825894,1.2223636172588856,2.2677464366658686,1.6511713474609349,0.3752641446071958,0.603952144068769,0.5207357765295878,1.0836585140393833,0.5,2.0,1.0,0.1,1.0
1.5735767167350707,0.5938692206869441,1.2927749593016706,0.0037891702344594602,0.5753621050147198,0.7786304275468502,1.8250384807409143,2.381817111665339,3.4294544790228985,3.9208938057259184,3.3466201549853407,0.5,2.0,1.0,0.1,1.0
3.317990837888952,2.346740705862469,2.1066200675100717,1.8499309702272055,0.4172758014583138,0.05886448734723909,-0.3231130490466251,-0.22016674177661605,-0.20923613750963088,-0.7970211120088846,-0.510944350002761,0.5,2.0,1.0,0.1,1.0
0.7981955035112971,2.048114813846318,2.212173565549548,2.118701358868541,2.12774161092571,1.6266547472462398,2.02752107945208,1.3757812999663992,1.1200705625220402,-0.47110439420954076,-0.5437184365780781,0.5,2.0,1.0,0.1,1.0
1.510880965453316,2.3042354249325667,1.6732366290057406,1.0355758334190543,1.6782977819604876,1.7853865756525757,1.941701570994223,1.3603622469156078,0.8643654756808742,1.558521661845358,1.6718432974461408,0.5,2.0,1.0,0.1,1.0
1.1688564865216315,1.1794960143827877,1.6287952247303417,2.114634269639483,0.8324351205710916,-0.042192029692992516,-0.42178901363249177,-0.7158985799876119,-0.3703222302062138,-0.8032500947606426,-0.9492332731522102,0.5,2.0,1.0,0.1,1.0
-1.003915616359262,-1.4086007028407361,-2.1810017354868294,-1.1868172189161394,-0.7780477689368731,-0.6013232066278071,-0.5827067095825399,-1.5740958234006297,-0.9123577642355982,-0.5613768267083302,-0.7748696677968222,0.5,2.0,1.0,0.1,1.0
-1.5822310774366626,-0.8269026576587385,-1.2493272557752504,0.12545366536329272,0.2775476791325825,0.98805437806607,1.4667200761610175,2.553871356563684,3.554502413137763,3.3254950861907773,3.840896781019279,0.5,2.0,1.0,0.1,1.0
1.4885943382631266,0.8892877880512934,1.1553722141609923,0.8572093204872475,-0.007930695585402159,-0.23633012114184823,0.13063618629058318,0.32840891942907985,-0.8209785372454252,-1.8706996017900865,-1.8568348480389307,0.5,2.0,1.0,0.1,1.0
-1.1651550881841957,-1.0574676483389078,-0.23166383889428022,0.7102328891385745,1.3596742700248512,1.267212051508457,1.2333330117320223,2.183030928554273,1.539054607921123,0.4222443273838292,1.0105711412368557,0.5,2.0,1.0,0.1,1.0
-0.09305403552391757,0.8599657743896001,0.6403426831091097,-0.6601459890549553,0.8869226729929394,0.964557082149392,1.259971203906662,1.348151193272128,1.2194588376110842,0.8158388661056694,1.650424731026674,0.5,2.0,1.0,0.1,1.0
1.4667791352158464,2.146559568266943,3.182553614202423,2.6991979670316035,1.858176545110715,2.3864772862711634,1.7468848060645248,1.738488230388047,1.725403993135942,0.27109706745765183,0.5049920545775428,0.5,2.0,1.0,0.1,1.0
0.6673051637377182,-0.5517635768106759,0.17600071383510052,1.0256915804414835,1.1721370022938564,1.2066505023495728,1.7136152570042829,1.542930415766958,1.4411162363126506,2.1389936872716673,1.8252545301192473,0.5,2.0,1.0,0.1,1.0
-0.1475727633692424,-0.0700231961808921,-0.13501749279277514,-0.14054037890555576,0.08707720251822675,1.1953941844264546,0.7917311568494529,1.4919830294980256,1.887062174353445,2.66129176142516,1.9766586199829836,0.5,2.0,1.0,0.1,1.0
-1.006858653056568,-1.4728491312383234,-0.5603568597089296,-0.3110183248827042,0.15191731097331762,0.5896228689956207,0.47309781135097695,0.5174416126104143,0.9468258878743487,1.7957011646184196,2.1446584616832176,0.5,2.0,1.0,0.1,1.0
1.5398092242000334,3.1824526060899836,4.599507961432988,4.871305387734461,5.373021792681369,6.186244749923649,6.358507137141315,5.023448258142292,4.753687996541153,4.478004521757663,4.638703372583756,0.5,2.0,1.0,0.1,1.0
1.3588526770602414,0.7494776323301058,-0.27849547884714587,-0.3694454723598065,-0.38365364835456733,0.6243946199687394,0.9323085575387141,1.1395749031217786,0.7127234332055936,0.19443190332610316,0.40285859221218867,0.5,2.0,1.0,0.1,1.0
-0.31229221876706914,-0.2857001410731077,-0.971021188136511,-1.0373493802845704,-0.037089014051917446,0.9333657420808861,0.2299921089655862,0.5280453151860982,1.417059801286521,0.9350528646191015,1.1133899368591769,0.5,2.0,1.0,0.1,1.0
0.5590311759014265,1.082344714617673,0.5309409043818505,-0.2270139934857468,0.009456645914611705,0.8011580514147438,0.6585171415348047,0.6185954255251094,0.07203308854109214,0.8991705699209495,1.1918557702514865,0.5,2.0,1.0,0.1,1.0
1.4764948695590019,1.0017886056065672,0.543519212557297,-0.24528899640477186,-0.6319291903157491,-0.4927986409336053,-0.9631314663830481,-1.7346601257753294,-1.4952126812638074,-2.0889755745269953,-2.9689481634273744,0.5,2.0,1.0,0.1,1.0
2.01251779601104,1.9603212218897998,1.1295028232717186,1.1409886490982235,0.9278959094523092,0.22386745221692606,0.5403220230909189,0.23944884460668536,1.0773620915469668,2.414452627481439,2.376134672037624,0.5,2.0,1.0,0.1,1.0
-1.4508100235241383,-2.153960777001325,-2.444849574628126,-1.1150302730151913,0.965166187575467,0.8653807542725052,0.8449657939978207,0.5584807444354136,1.20067188653131,1.0821801067879506,1.5572733592295918,0.5,2.0,1.0,0.1,1.0
0.6246217453172153,0.4344269381413966,1.0247410581819851,0.7824173902627647,0.8536080395789816,1.36566586226343,1.9959051620063868,1.920924754979607,1.8761961339331437,1.4818502221136267,1.702779124564123,0.5,2.0,1.0,0.1,1.0
2.613500584177109,2.58574094132359,1.2409065927084997,1.576400185171555,2.4001565150068,2.417254504620289,2.770815151350542,3.494117893336931,3.42101971657948,3.327776473573985,2.941752666810427,0.5,2.0,1.0,0.1,1.0
2.3632664573332565,1.7695010488787124,1.9089976665468287,1.8742244777563803,1.7183661786743052,1.4622248620773706,2.0692142056241893,1.7668140424258227,1.5879156723532808,2.1487268834121167,2.5575778845076056,0.5,2.0,1.0,0.1,1.0
-0.8329134860758264,-0.29720684784557266,-0.36812184659818376,0.05544293953957302,0.37070093708750235,-0.46281657693966083,0.2708356233693375,-0.2664115734506738,-0.17101820825517128,1.0507488922340167,1.5668018651570084,0.5,2.0,1.0,0.1,1.0
-0.6187203792192136,1.0812428310143707,1.1688380219617318,1.3819999327961852,1.3879859365657623,-0.2591240802660666,-0.1722810488125309,1.7492203615270718,1.8177746522221991,2.169294596188749,1.5785895811396875,0.5,2.0,1.0,0.1,1.0
-0.2875500352462327,0.558139050017962,0.626235809513026,0.6508499348970436,1.507715431902343,2.254915421447635,2.0624643155449145,2.1324755073244726,3.6426371964345146,4.2454693917231,3.7620759838682587,0.5,2.0,1.0,0.1,1.0
1.326065474277086,1.4498853808213037,1.6083988525488648,1.1975952670101424,1.2925726509656608,1.703409038830885,2.3109291092170214,2.0308608197005595,1.956900173785026,2.101999065428115,2.4662454911002913,0.5,2.0,1.0,0.1,1.0
1.9937142943820767,2.14661238490445,1.6303494316951457,0.8987320471422902,1.1432409191453636,0.6647684354157513,0.5820621632219031,-0.5804735440143193,-0.11696624580680448,-0.06369085730867306,-0.4501018567956854,0.5,2.0,1.0,0.1,1.0
-0.16617542900034324,-0.43991025200278366,0.18667382135522914,0.2239047181156058,0.3493502477092433,0.9490607060133809,0.9082289837076152,0.6794945261122756,1.1240729556246882,0.9440292792693118,0.8432120380727645,0.5,2.0,1.0,0.1,1.0
1.4401528996538215,0.24589025273245313,0.6372634224964688,0.5809510044839467,0.594700282503053,-1.0191222622937792,-1.2323277319222767,-0.7903835944403808,-0.4465347292895307,-0.19539725290123258,-0.5538362169946695,0.5,2.0,1.0,0.1,1.0
0.1995371922885563,1.375163686843038,1.0032808299514862,0.2691448724059302,0.01322480949610605,1.0571014497256734,0.15507601386912417,0.5699762173162136,1.1855244378606509,2.1048658950308705,3.3272683339146454,0.5,2.0,1.0,0.1,1.0
-2.9407739119966867,-2.9382169979894144,-2.7586995995092494,-2.38001279839664,-2.4170924436229835,-2.415737871064706,-1.5922430086317785,-0.8420864509287564,-0.8147203010826477,-0.5475334920516051,0.24302436104786013,0.5,2.0,1.0,0.1,1.0
1.135414483874921,1.9376447699785935,2.443128434037991,1.910355120613347,0.7764936440588666,1.658522796245029,1.0882814077645826,0.7622282065815997,1.725783994287645,1.235835057261405,1.9587354210505281,0.5,2.0,1.0,0.1,1.0
-0.02829952532397547,0.1696550626409777,1.1006227723470825,1.2775835238716193,0.8515005530207079,-0.08678082779147323,-0.6650517589994722,-0.06149184065078289,-0.5538813133896254,0.6527317254595374,-0.020683591292999348,0.5,2.0,1.0,0.1,1.0
-0.6775196383571339,-0.9136479517151195,-0.06736321090803132,0.7440076542513757,-0.41575780761010517,-0.8172529277373155,-1.033896097596989,-1.0877482521562574,-0.8788132531438348,-0.5098256606809577,-1.8130099235417685,0.5,2.0,1.0,0.1,1.0
2.5122420688797917,2.202203191053081,1.4519352804914203,1.3026668621403557,1.4422069419857615,1.2197857424998155,1.741485633868232,1.6814412039741793,1.8297701994954532,1.9447838498222982,1.8020788848581166,0.5,2.0,1.0,0.1,1.0
-0.20851025036581966,-0.3960200014913667,-1.3297785280649335,-1.1142345997340524,-1.463413360423621,-1.525913363907125,-2.2838825078592246,-1.8646012024288863,-1.241210642539153,-0.4584603884253978,-0.5701284094984738,0.5,2.0,1.0,0.1,1.0
-0.5475282655303538,-1.1009441638352944,-0.7620964187276978,-0.6823818748493939,-0.9612474971196696,-0.5636611790797634,-0.2681725165072388,-0.7549541905414086,0.8739823918353131,1.2771099711525995,1.038755631538514,0.5,2.0,1.0,0.1,1.0
0.9695644984540132,0.9066162314234529,0.9219726557938621,0.5831010401496282,0.2942829263856072,0.6470985708078121,0.19821668174925278,0.37513485517242906,0.5131106906444574,-0.821590339078274,-0.3366212177501403,0.5,2.0,1.0,0.1,1.0
0.9368118894835727,0.68369906466275,1.1478258940540673,0.9852709824750487,0.4254812418788435,1.0856520279275086,0.9890989671334713,-0.28738202637508137,-0.1539245636272846,-1.0465445205519357,-0.9145396451906187,0.5,2.0,1.0,0.1,1.0
1.7083378037239527,2.3257180338122945,1.565552753705322,1.142890450876191,1.8183183630088728,0.698073924966864,0.6522814627301728,0.14756658344195656,1.4418240530872648,1.0320903856323458,-0.2658596854209717,0.5,2.0,1.0,0.1,1.0
1.567049580329705,0.4787284659065091,1.3002951849509699,1.17920098399698,0.7593010857597186,-0.06555386477765834,0.04653655643096351,0.37264352135455514,0.4437516531738189,0.8222641500223044,1.3628442175626398,0.5,2.0,1.0,0.1,1.0
1.5138998540461066,1.0477600332064685,1.3172188659114321,1.3646026441207826,1.5079726650339471,0.7614016854235068,0.6501453758076621,1.4431521102028964,1.4210829783540977,1.8770044667083932,1.467241077586693,0.5,2.0,1.0,0.1,1.0
-0.49651178252162104,-0.7694917693092699,-0.8604513472458665,-0.8796098880522506,-0.5249591332152486,-0.6174637490328144,-1.1856741261692796,-1.413515567577115,-0.7869782064795511,-0.8720640949590933,-1.020299429972468,0.5,2.0,1.0,0.1,1.0
0.020072314957998834,-0.26932769279340474,-1.4879075460602984,-1.5870658039699501,-1.2304890775142874,-1.4086403357184545,-1.0236316064016113,0.16678925976162962,-0.44062493356362237,-0.842243582040092,-0.7946540434796271,0.5,2.0,1.0,0.1,1.0
1.0095619574928703,0.870865850576803,1.1683977748000367,1.4650876350126785,0.7181679496866221,0.3164149839635274,0.5105617579616862,1.107556304041947,1.7076070553143428,1.5249959698518358,1.407626365208933,0.5,2.0,1.0,0.1,1.0
2.1371172665421527,1.7457658579920068,1.27804900301367,1.6511844786643106,2.3237777801270636,2.519393227169847,2.820297142610116,2.5982933667152484,1.6805396177476093,0.7596924403680262,0.5115675398605651,0.5,2.0,1.0,0.1,1.0
0.011972314140609447,-0.3864258388345612,-1.2115874744924964,-0.48216225280882896,0.7722222624710171,0.9178558759845817,0.719796886100809,0.4998609173396653,0.6161472816558274,1.4811790903577253,1.5195408346911625,0.5,2.0,1.0,0.1,1.0
0.8083928176954172,2.139120455560338,2.329180471763068,1.672250322728002,2.2477899738791667,1.779154584411944,2.3864818442778266,2.7323306105363385,2.828941244962637,2.418321522778256,3.092144021460398,0.5,2.0,1.0,0.1,1.0
-1.0707663085381556,-0.502667812444752,0.20549095097854164,0.3129095888244012,0.921174844507644,2.3331202594124107,2.352516352316914,2.2249274044454594,1.9388855849749567,2.6540230663829325,1.311833437783864,0.5,2.0,1.0,0.1,1.0
1.341518979077031,1.2654690951616272,1.5429911432962928,0.45359010153700086,-0.1508723585943289,-0.23578101728380152,-0.9595218364002547,-1.0065326658020288,-0.8835222150240334,-0.13162644089477493,-0.42388839919234456,0.5,2.0,1.0,0.1,1.0
-0.6807447846656675,-1.2165417198579052,-1.1733746177601465,-0.834042344005484,0.09468733275555652,0.27367145081311195,1.2535581874975632,0.12897978997432458,-0.1674538293194886,0.29763612251570515,0.10144229829621976,0.5,2.0,1.0,0.1,1.0
-2.19165576293961,-1.6414975869942454,-0.9753035754604504,-0.4127694628796217,-0.52009410217917,-0.07681981383617986,0.9526700665092467,0.934729264470389,1.391048406204987,1.7389425149283753,1.685109586430308,0.5,2.0,1.0,0.1,1.0
0.9897282677142857,0.7167631986134291,0.4766089159253373,0.5788389519007756,0.26895279481244583,-0.0826726597405979,0.10969339347298596,-0.8278739681796586,-1.2635081518509717,-1.9116575984321602,-0.6660128067191187,0.5,2.0,1.0,0.1,1.0
-1.3516165797913555,-1.1159100485547633,-1.1822636362149859,-0.8401588314218913,-0.7073909640830249,0.028875365937640618,0.9416753216938785,2.244001439146718,1.9877523219942295,0.9231694094442368,-0.20963710581107087,0.5,2.0,1.0,0.1,1.0
0.06407330121975253,-0.26391828811465046,0.11659664875495246,0.45484113735223536,0.3740970341759541,-1.4894047795417797,-0.6932791370259597,-1.8438518039011802,-1.6327562092433838,-1.9927903325000758,-3.1522152004375394,0.5,2.0,1.0,0.1,1.0
2.4841538958342118,2.959057241646953,3.1089453191867396,3.139468501775115,2.7554413177301145,2.2974209850743796,2.277675694729213,2.9194599307995386,1.2328247492673363,0.7804466751355543,1.4027810957351248,0.5,2.0,1.0,0.1,1.0
1.7295211002565267,2.281415529473078,2.339228721169546,2.368674274252702,2.1842097898367774,2.1550859998825156,1.2171147696000275,1.5816964552777109,1.3533858872802664,1.1665713399669322,2.6126923211880047,0.5,2.0,1.0,0.1,1.0
-0.15035420793271487,-0.8506839311390967,-0.44688125243542093,-0.39711111578310826,0.5697977972118125,0.5325156779386581,-0.14632790209366098,0.7496536692070334,-0.19711521697007917,-0.9311281336999567,-0.2092406581120444,0.5,2.0,1.0,0.1,1.0
-0.6180752233547191,-0.12932854955458023,1.0095165592421398,0.39484358145999543,0.2701442722076507,0.42131849085554157,0.5905242231995564,-0.23172176299510294,-0.17333792991571628,-0.002754463011493305,-0.5126842556742731,0.5,2.0,1.0,0.1,1.0
-0.7146019283445537,-1.1098881476464513,-0.8816052060294841,-0.9710518887012818,-0.4516618307069317,0.3122446508510546,-0.2532262191874231,0.21465321557464864,0.4749998285047059,0.25890410858801804,0.9455133691840137,0.5,2.0,1.0,0.1,1.0
2.171256550428208,2.234063164864843,2.1764847306323194,2.192556538767723,2.6538559448515193,2.036758743899803,1.1555839511305956,0.383628505253116,0.1836778402287352,-0.3987612189869398,-0.7798218483715058,0.5,2.0,1.0,0.1,1.0
-0.6306049530671172,-0.34943576599386195,0.01965110391860364,0.5457675394969953,0.3439863701162702,0.1646855504851584,0.3895766814879812,-0.5852707537017767,-1.6275780276849183,-1.75229301294829,-0.6247059586723608,0.5,2.0,1.0,0.1,1.0
1.5007722818987372,1.6099494729698878,0.9399035591093385,1.7233528634046777,2.513628901812779,1.1709350237564944,1.1169188961278618,2.121464463234661,1.629128972489273,1.8917365180273746,1.7693482059382546,0.5,2.0,1.0,0.1,1.0
-1.1188979569891304,-1.6535828864242974,-1.9440152615832949,-2.307843886214779,-1.5825871747037432,-0.6937709310525908,-0.8189226081531195,-0.37790416945016075,-1.3064777433914434,-1.3413129207821388,-2.2524600702247097,0.5,2.0,1.0,0.1,1.0
2.2310598557449586,2.303694121799235,2.7400788253863744,2.146847766026937,1.7307088721655632,1.5829632041615413,1.8091351949031966,1.8438645299663556,1.706438826056512,1.5324031660169233,1.8463426284061581,0.5,2.0,1.0,0.1,1.0
-0.3073261396167201,0.20283120775761726,1.0878149014053253,0.5931688320704337,0.3841143578842011,-0.03838127932818103,0.895117218195591,0.47445218598040617,0.35427169576114814,1.091922564374726,1.0531279063049581,0.5,2.0,1.0,0.1,1.0
-1.9599863602125531,-1.3628202099315283,-1.2667708497101373,-0.6741881863474484,0.06275444033572619,-0.7850623860967583,-1.7797335857339787,-1.6411738137418177,-1.26433332111383,-0.9985468655588666,0.20485163230721803,0.5,2.0,1.0,0.1,1.0
2.4189055879874353,2.116583395860546,1.5122645283340082,0.7051026030179771,0.10275570921068644,0.14079522579876552,-0.18680789547826243,0.6032637986189157,0.13608302164489755,-0.2138502405622433,0.30987238612792595,0.5,2.0,1.0,0.1,1.0
-1.4768518639639752,-0.9305000423219707,-1.3706455264262658,-2.821412019152178,-3.0858635532034215,-2.5967114316432833,-1.082761630552773,-1.3332478803431773,-1.4653625556201966,-0.007991562687776899,-0.20904388114404782,0.5,2.0,1.0,0.1,1.0
-1.2959934063061975,-1.9417248098631001,-1.173131081041431,-1.1283779584263522,-0.69735341375791,-1.9243917542304385,-1.3650042173468457,-1.603096306219209,-1.1368532011580867,-0.4021213103742709,-0.06071135488065227,0.5,2.0,1.0,0.1,1.0
1.3950930826762025,0.8456510654832724,2.3196280066806554,2.5849404555496087,2.736620511288492,2.915257373318725,3.4064536461499193,2.897733142119838,3.7581600961526473,2.505478457202573,1.8777427325789409,0.5,2.0,1.0,0.1,1.0
-2.3480230428742703,-2.7420624407980947,-2.903331172260032,-2.322999484064641,-2.487962124185476,-2.3417956677210277,-2.490157655270334,-2.096729791638815,-1.1434140012697909,-1.2342077196432002,-0.93280092580744,0.5,2.0,1.0,0.1,1.0
2.600577127415369,3.0636948727791733,2.311433084311271,2.8941826315870873,3.326856448687481,2.5176401366632293,3.251427822621902,3.617436840767745,3.639266153377295,1.8882072736265554,2.1774573104719592,0.5,2.0,1.0,0.1,1.0
0.8032246141251341,0.5386862045733145,1.8505506519061592,1.873179819946229,1.274551088210792,1.2480481955191212,1.722057746434674,0.7912412249968117,-0.7800810528925983,-1.2577483839997332,-0.15119017268466128,0.5,2.0,1.0,0.1,1.0
0.45018014963977604,0.2934390670291726,-0.9661201218998274,-1.512293907833624,-2.43928958177195,-2.5663311485124263,-1.911758044792153,-1.677867272066803,-1.2490674716770414,-1.390466283270117,-0.8471176424714238,0.5,2.0,1.0,0.1,1.0
-0.5739279904798547,-1.416795861119127,-1.9985130463511318,-1.567599382415192,-1.5637076152126002,-0.9149689428969309,-0.918170586561051,0.2530840658197093,0.502367560665111,0.653917561819727,-0.49017888699378953,0.5,2.0,1.0,0.1,1.0
1.6232616034516196,1.5293656292063953,1.478799260950308,2.1442255389890614,1.9834079035520853,1.566212258038286,1.9371697245527706,2.2015269262976123,2.8778559738947536,3.219773498791403,3.4583480757340173,0.5,2.0,1.0,0.1,1.0
0.9808108944228082,1.5933391423629861,1.573947028557305,1.3045686181934688,1.4443376356557152,1.4620854061028672,0.9448795384559017,0.7365744632647564,0.3222939341267233,0.5885770196282097,0.6144708196419506,0.5,2.0,1.0,0.1,1.0
0.5326287034601727,0.6349836332162797,0.11774795151840944,-0.044723774952583645,-0.506191964661048,0.04027612776112366,0.9755648395249402,1.3987759210001294,0.9500398650889565,0.9581446276643663,0.13808849078202778,0.5,2.0,1.0,0.1,1.0
-0.9298329781572245,-1.5287566419526142,-1.4437914782272014,-0.5982321124849486,-1.450290688922616,-0.6088917721572717,-0.646232157327842,-0.43303127957661425,-0.1947859087803062,-0.10061528292755906,-0.6502520082211452,0.5,2.0,1.0,0.1,1.0
-0.2521707933143392,-0.4360193297233754,-0.9747324488667977,-1.0167502351827786,-1.2019727740373465,-1.2934685300175885,-1.3357627321147343,-1.1744881724604794,-1.306965694887473,-1.710186805279064,-2.168253095039955,0.5,2.0,1.0,0.1,1.0
-1.7151036427141158,-0.5822424565556404,0.2578220936908053,0.5077679173575081,1.1005381867290074,1.5055175012186126,1.0216252240420118,0.6371000701824232,-0.10559419391666303,-0.2508263690454438,0.5421524752756295,0.5,2.0,1.0,0.1,1.0
0.4595856536810778,2.242906414770959,1.7081442059750933,1.8780114403194847,2.1048201809111347,2.0588981739012473,1.9124342694704617,2.152431268843638,2.287175795551581,3.2630294897397754,2.9273991550769765,0.5,2.0,1.0,0.1,1.0
0.7546162059940315,0.219125447090458,0.7012134271933694,1.5623407679646215,0.7799294273664792,0.35238131170830317,-0.7210206647200704,-1.2840753083120076,-0.6955486082128909,-0.46084500387107086,-0.3845494547286633,0.5,2.0,1.0,0.1,1.0
0.39292310795901786,0.2317328032342072,0.8888509774851308,2.2224392613586184,1.3888015283087016,1.4603431079745959,2.1537218108435274,1.355872549461357,1.617039839946735,1.8509193605698866,1.954514662752798,0.5,2.0,1.0,0.1,1.0
1.3171788652511214,1.6428212847367798,1.644142236422156,1.937338118991128,2.9492351328330035,2.413486008594275,2.691616552146229,2.529928663102898,2.664207364720641,2.4241372951187867,1.6277957108332524,0.5,2.0,1.0,0.1,1.0
-1.727512284925576,-0.9548000873880319,-0.6126236692058763,-0.3663169998785193,0.06578956807510405,-0.035392893060481045,0.8803268938666534,0.8305399239495691,1.116633981975444,1.1412744141812687,1.27562810293333,0.5,2.0,1.0,0.1,1.0
1.2864909320939268,1.959387622070826,0.28089099960872654,0.5098259803490404,0.16356990009133332,0.5196938588939903,0.014641567433620106,0.17224168405548146,-0.6755419491436513,0.27275377671904644,0.00962618790377423,0.5,2.0,1.0,0.1,1.0
0.6174799856283094,0.8559883054467278,0.72118207663585,1.1507136059985072,1.0565260317081402,0.8626990850490369,1.2755426676144475,1.658267431025572,0.9384732267705193,0.9153716546341756,0.3493494359105921,0.5,2.0,1.0,0.1,1.0
-0.586956617908765,-0.08619174038912625,0.15336031068954686,0.8627679710887332,0.7293478210178334,0.6412293176360259,0.6835110672259929,1.2979494247214447,1.403757964567751,0.31957109133033845,0.02682879030430635,0.5,2.0,1.0,0.1,1.0
2.742163239151304,1.8592588572276272,1.8779072767902731,0.9212104072741278,0.363698676227999,0.8147394223884952,2.0212593198865085,2.2770940172731526,1.878612664398154,1.8188404495223023,2.639570710336896,0.5,2.0,1.0,0.1,1.0
-0.2560183161873961,-0.02439374507645317,0.007220851594761286,-0.19599120168862905,0.9420160526884822,1.078618739997032,2.2166625042952943,0.5394887499275003,0.654750662833671,0.1401900806706593,0.41200687830861726,0.5,2.0,1.0,0.1,1.0
-0.7315421660214573,-0.867842866027132,0.6612514609888228,-0.07069152553989821,0.4993119649216877,1.2264195099687083,-0.08457661995906585,0.5721883882476329,0.6059899108132897,0.6904481074644093,1.5013229406225717,0.5,2.0,1.0,0.1,1.0
2.6160502532596293,1.378900303878375,0.1493979092604365,0.7161544840137876,1.655571539590884,1.40449289218402,0.8656128386966717,1.6398312885856163,1.8470194598917469,1.8196591484555662,2.532084590551888,0.5,2.0,1.0,0.1,1.0
-0.39595349976429767,-0.6247100754942212,-0.09258694848153437,0.4442865462508523,-0.7103675518571787,-0.3243834222025276,-0.8382344184415185,-0.9522895933020049,-0.931400338586893,-0.4039598787769975,-0.31173030805076957,0.5,2.0,1.0,0.1,1.0
1.5448432389529088,1.650335830368429,1.890071287103338,1.839915419788253,0.874208160055846,-0.3073374403758181,-0.9385538138461003,-1.328146948532794,-0.9778128280520203,-0.3054852293627084,0.5303244488156038,0.5,2.0,1.0,0.1,1.0
0.8509260597874343,1.6688152835169963,1.4249013750113322,1.8132449116327343,2.5055784650958053,1.9145534694626716,2.5550509813207185,2.3192268260077578,2.333135809656383,2.603182180743438,2.8021547375732383,0.5,2.0,1.0,0.1,1.0
1.4210169998720314,1.2332460614029501,1.0117091374039051,1.8886751943745055,1.3469560672877885,0.7812197595945478,1.2787271419772899,-0.4149851630689183,-0.5998580476269909,-0.9968752496884659,-0.9525753284782222,0.5,2.0,1.0,0.1,1.0
-1.7183291591966654,-1.8764674851229974,-1.3204610231664078,-0.5118752854866663,-1.0729966425655506,-0.5752413117675863,-0.987700410740493,-1.096213610393571,-0.3927081310065368,1.4758330075021442,0.3639971095147392,0.5,2.0,1.0,0.1,1.0
1.5133460992770018,1.7336861691799552,1.925194335586557,2.6765529321585926,1.9683590152020654,2.09939922765566,1.4487076759337394,1.4241652166592014,1.8684365714563695,2.6155207585991396,2.0120083004565514,0.5,2.0,1.0,0.1,1.0
0.07766686657381336,0.6973654857606395,-0.025142023217653908,-0.2983148842157662,-0.8549372589273518,-0.14765368445433102,-0.5613714901556213,-0.44430213541065494,-0.6475809348232324,-0.959240033208825,-1.047973751226169,0.5,2.0,1.0,0.1,1.0
0.6950870013292247,0.927306074483938,0.32823898826303455,0.3648916039308609,0.7099881808967188,0.8464569489004261,1.2323088195587633,1.6145776514537313,1.2340168835882046,0.371495664721034,0.4001331546359922,0.5,2.0,1.0,0.1,1.0
0.4699641092485271,-0.430901977156041,-0.6720948920309091,-1.7797126126853207,-1.8189872154342757,-2.3656280266056955,-2.083736810885537,-1.430563000480343,-0.7584340522455497,-0.7297183522532446,-1.4951103104041874,0.5,2.0,1.0,0.1,1.0
-1.012838313230683,-1.7393833336849345,-1.1920156565164024,-0.8518310105542282,-1.3114776885983026,-1.6421853365981824,-1.1310179426189433,-0.5119781913654922,-0.09403541682574057,-0.5878023260063052,-1.0064242932505607,0.5,2.0,1.0,0.1,1.0
-0.33553822299995706,-0.05526766261458821,0.32236201018570354,-0.6927467814819833,-1.0885915866193185,-0.6951369045745184,-0.3814518474224806,-1.1830951328863746,-1.3810205358522518,-1.3567152116138188,-2.0833427056735982,0.5,2.0,1.0,0.1,1.0
1.1857938133958914,1.6320403697462713,2.001454999527457,2.534096400014603,3.1876919007300293,2.763392571234592,2.2230132618942884,2.9248270960232143,3.145707483512687,2.7907159821285017,2.4027784800300838,0.5,2.0,1.0,0.1,1.0
1.9208589090905335,1.7270328963401789,0.8128708873671533,0.6172999676381479,1.2727937617929692,2.4338415554309636,1.7023935128483751,0.46693540192941896,0.7914961524113484,-0.2716258735364221,0.2296327513812756,0.5,2.0,1.0,0.1,1.0
0.33523463449754304,-0.2226596835019542,-0.7440183103294105,-1.069081554354599,-1.4000937848727513,-0.7296475429366083,-1.2107796936946706,-0.3888096161197513,0.19538235023349915,0.44952242800703845,0.5524206870033324,0.5,2.0,1.0,0.1,1.0
3.280974802174343,2.1649477160447774,2.8564494210328917,2.050361729057014,1.5198915257917656,1.432110804291286,1.557227634475005,1.2413078420743746,1.5373145357870555,1.8179291117503902,1.9185535053068927,0.5,2.0,1.0,0.1,1.0
0.20772537704908392,-0.1816509653385015,0.9423769473567745,0.8277943290846117,0.050526570892363676,-0.3380437221283063,0.07767494230891231,0.4097934746707038,0.7212042517036406,0.3293648985594808,0.9929562216326997,0.5,2.0,1.0,0.1,1.0
1.981039485473943,1.4332174368926323,0.9013360752874573,0.750053977868174,0.15937019469229974,-0.11135125023346013,-0.6064645452804049,-0.7761601306173855,-0.853986177841578,-1.3990636510873862,-1.0997975300331972,0.5,2.0,1.0,0.1,1.0
0.3484124673481414,0.10269890619753747,-0.4326502974007056,-1.034898666611619,-0.9492970382439179,0.22177403396409723,1.3013837338070666,0.9994171169992605,1.5844930768171783,1.4796786602192622,1.2290410787442674,0.5,2.0,1.0,0.1,1.0
1.31957031981184,1.5502571474752997,2.2880411784577097,2.639634058968379,2.610313606660086,1.3515170844925908,0.7345027469467055,-0.09519958330391509,-0.3941866349723356,0.7013371397498357,0.9325532342711229,0.5,2.0,1.0,0.1,1.0
1.1817376259575858,0.20068500263777111,0.351810546119265,0.9676951101675083,0.16418260065200097,0.3824332945835138,0.3157257237091361,1.0524638403397244,1.5161367543977362,0.44745404747645656,-0.2361978353528807,0.5,2.0,1.0,0.1,1.0
0.8058228526855117,1.3221308340326567,1.2110782522248977,1.9669233681727696,1.428444494381983,1.4442510710599121,0.9787675386292907,1.0595129036573419,1.5866620657054513,1.8995574143876468,1.3273584891822947,0.5,2.0,1.0,0.1,1.0
-0.7854058614213992,-1.441195104830544,-1.5754013698694076,-1.0324579378752363,0.70114186083642,1.7949605579702848,1.3560302585045845,1.1238829408707798,1.4060405959662754,2.3463535319782,0.8256073904316066,0.5,2.0,1.0,0.1,1.0
0.026225328939671617,0.6380100169336353,2.198351774931763,1.8191365486143212,2.681531269798642,2.1463858901959685,2.1901653438115485,2.6583445746161836,2.33428810761642,1.549657914578505,1.6664044140736667,0.5,2.0,1.0,0.1,1.0
1.4382921330146436,0.6976350952750743,0.6081439580531167,0.17247719670155343,0.8652450221648593,0.7082864566017035,0.2525449836232757,-1.2497523308211353,-0.9577695653416473,-0.753925351202989,0.22964107602403439,0.5,2.0,1.0,0.1,1.0
0.7933188650683447,1.1557051207139382,0.38725718156989175,-0.17991507840324106,0.33292194348180315,0.8374935472351726,0.9557797348465626,0.6787924423525831,1.1343873798252115,0.9377004867972175,0.5720474975523702,0.5,2.0,1.0,0.1,1.0
-0.06732665569563272,0.052448969935889767,0.16989914917153218,0.5547720273037557,1.1566649442304087,0.580344448854783,0.1921818685416038,0.9366614543385915,2.4595748175686647,1.1607053248549024,1.416478509078891,0.5,2.0,1.0,0.1,1.0
-2.1219768808690977,-2.6914563714604354,-1.433089388472296,-1.5449749254553329,-1.2157290889405563,-1.0798944294486466,-0.7498588900974797,0.4491171308496795,-0.12507894167487454,-0.33240852100066126,0.8680892244418859,0.5,2.0,1.0,0.1,1.0
-0.5695887667813936,-0.24227002852287874,-0.8936673389498728,-0.12523483225515242,-0.305968975921066,0.1518586535722064,0.10129015415011605,-0.4076080736259808,-0.8231728956249508,-0.42201178072877304,-0.825792766877196,0.5,2.0,1.0,0.1,1.0
2.1164479732296084,1.686566176912291,1.4962451626091775,2.2273840216859724,1.569766165859936,0.9975705521744093,1.5344957129605725,0.45134345903772477,0.7328019965843497,0.4056036244450636,0.016783688588788648,0.5,2.0,1.0,0.1,1.0
2.328574490748395,2.08975784124859,2.388003838534269,2.6643325506349678,2.164040764995984,1.839498780877427,1.4949554740275037,2.147010943392333,2.4488880444919863,2.480752104938162,2.5664060872038803,0.5,2.0,1.0,0.1,1.0
0.12569930868053542,-0.48180095074844015,-0.8227602156994717,-1.1976708900681332,-1.706670053950599,-0.9873569255512678,-1.4924681261302262,-1.848462326813373,-2.725589093530716,-2.86634694079562,-2.356772015820997,0.5,2.0,1.0,0.1,1.0
0.7003027507087676,0.7790163404727479,1.8418266664005154,1.4026990979880023,2.160435047030467,2.124858994181719,3.416264628069805,2.8439131048322035,2.194586320858285,2.501287832510716,3.0955827226981247,0.5,2.0,1.0,0.1,1.0
0.054351366835039876,0.7828487649294369,1.4809841456705413,1.0676325319666033,1.3171288054236805,1.5074075974013081,1.4517641276807254,0.7481507611595494,0.24884966937359893,0.6851322993764462,-0.1602029389338987,0.5,2.0,1.0,0.1,1.0
1.7841698682483293,1.80750007392883,2.8118769008963516,2.6157929470334875,2.5249728597753753,2.9026687275472796,2.9600230412652824,2.137594174740513,2.624121742577426,1.4151906821545692,1.587576408348247,0.5,2.0,1.0,0.1,1.0
2.789200572476891,1.962250246284674,1.9995338063814347,2.152573832812511,1.177059141639102,0.3859170580322143,0.46052307989831165,0.7511337978839272,0.5203497819747867,1.157660809508297,1.9073329930094436,0.5,2.0,1.0,0.1,1.0
0.8502431623696127,1.0610075643858177,1.2483016478155422,0.7462060175630958,0.49384688178613956,0.49707726728644835,0.503099572031938,-1.3778296221127149,-1.4713003796962505,-1.8034016681584026,-2.71344546397801,0.5,2.0,1.0,0.1,1.0
2.388020780663555,2.3433645940789773,1.6571329609880467,0.7929031814846174,0.6566962528316621,-0.32080856186490725,-0.934149216693123,-0.0465267684569437,0.2465372796945966,0.7022394012527213,0.7237831709250233,0.5,2.0,1.0,0.1,1.0
2.1961818363470336,3.531285105944833,3.6704917708508753,3.7961333948639058,3.142381004330004,2.8649403284814388,3.6479416188841904,3.306574505819436,3.803931681112019,3.294048777055317,2.0736672628548214,0.5,2.0,1.0,0.1,1.0
-0.2800852649180542,0.4908588878389857,0.5225609145152728,0.6221327421549091,0.020924838176954785,-0.2149884748466919,0.27496608142649587,0.11774331488887835,-0.6696886876647316,0.03805282496796614,-0.2429163647744346,0.5,2.0,1.0,0.1,1.0
0.839006716933889,1.6764492729498084,0.36810294955061273,0.8343041284979862,0.42617565616867525,0.37898828820319147,0.9159741481537629,0.40352309527019886,0.5711365494041213,0.6455984786740534,0.2778082071871379,0.5,2.0,1.0,0.1,1.0
2.2686097342317866,2.468173755574576,3.014479074836538,3.8917134914055156,3.750781724091424,2.262604493785565,1.6502339555716656,1.1791803379168562,1.6900775266116994,0.6871606254826016,0.7752028486459432,0.5,2.0,1.0,0.1,1.0
2.3620907591994533,2.805045297342766,1.5974906416505814,0.8651948817558036,0.0831410910734437,0.0035091940151288636,-0.5443877506605524,-0.43702376882366134,1.298656868604692,2.0391500928502855,2.437195457361272,0.5,2.0,1.0,0.1,1.0
0.3294973488058477,0.32317167697595656,0.42254498571098753,-0.06873331117439246,1.2462217632546442,2.3543912829519416,2.1880946266212087,1.6713530790568025,1.4557925618977865,1.05335838067613,1.3638318057950956,0.5,2.0,1.0,0.1,1.0
2.1629035548598776,1.7323251260959003,1.2144980808767305,1.5083212066100735,1.9068337448319326,1.3743219170967174,1.7977943485795045,0.8599755157029643,1.0568514434546366,1.7165703145760305,1.48097822948191,0.5,2.0,1.0,0.1,1.0
0.40091417984692057,0.504049609247316,0.3974065191349052,0.6450291073169995,1.6222700577173002,1.260106809496522,1.0339965989974853,1.0790292902998488,1.2684020600508368,0.8834313782170145,0.20238996418142674,0.5,2.0,1.0,0.1,1.0
0.2929159610371956,0.6538775923894464,0.9260036108154859,1.024226455304711,1.3686244610411253,1.825513874422443,2.415680282008232,2.0368852875739685,0.7430835760687902,1.3696439650371737,1.124112435075508,0.5,2.0,1.0,0.1,1.0
-1.1110833703403638,-0.6238008531733104,-0.7087143293936522,-0.6932985014291658,-0.24196606630315048,0.2008550382601952,0.24193566254568216,-0.5149074370923667,-2.1594403576146424,-2.4386726663321134,-2.6180961623916392,0.5,2.0,1.0,0.1,1.0
0.18665794239645597,-0.2773748631179843,0.8272134562365154,0.38142061496107244,0.5826439620791034,0.11136492675703852,-0.20187200182711446,1.3684062335252032,0.7433650684197698,1.7232583198376714,2.3161756355264993,0.5,2.0,1.0,0.1,1.0
0.6693815425464882,0.6117560907429473,0.3629889447441567,-0.6727421155631077,-0.9030329238071941,0.015084240186224007,0.4388073355000545,-0.08100339256213784,0.7910617958315599,1.3715475250468563,1.6362325037716827,0.5,2.0,1.0,0.1,1.0
1.2419807984783848,1.6562562184640544,1.745417641846535,2.3341875828981844,2.3139103855183056,2.929518318103643,2.5988285606722226,1.0386676422823076,1.6807489157933622,1.8036225629017764,1.8456057583427206,0.5,2.0,1.0,0.1,1.0
-0.8552550414953122,-0.6391153215663761,-1.708036168719174,-2.794566389615259,-3.750566407117648,-3.5113292524746424,-2.5445653920828795,-2.4725920705235733,-1.9873691281401706,-2.4138479639997095,-2.705031667769605,0.5,2.0,1.0,0.1,1.0
-2.1139340988687882,-1.8937444301141442,-1.7165576257963395,-0.43606578878826996,-0.5068429651805324,-0.7749658233977688,0.29108959868061834,0.23615356571086818,0.2665909704801458,1.051789087993168,1.0634791982058127,0.5,2.0,1.0,0.1,1.0
4.131189254363751,2.713737422751117,2.5671226008948946,2.2823061448817907,2.4321927280267333,1.2259426540608624,1.9255629594031067,2.862031116262753,2.9475398062718465,3.4500703298821245,3.7156688407471083,0.5,2.0,1.0,0.1,1.0
1.147480377179853,1.0416705505454835,1.6715006361370472,2.1367214920796163,2.422596259116484,2.741692792298596,2.464543477310076,1.8729376278507381,1.9222730252989673,2.60641112419321,2.682750110459318,0.5,2.0,1.0,0.1,1.0
-0.12527036840520223,-0.9807813920640084,-0.19167316698625525,0.3507627783300364,-0.3721427639281294,-0.6536905643968802,-1.3144989435850976,-1.275997826251423,-1.0672304867923241,-0.015827839606538996,-0.933823268524035,0.5,2.0,1.0,0.1,1.0
3.584761303643109,3.7974027309563017,2.937724467622086,2.541868958398036,2.078745579111521,1.9203784294252622,0.9926534269221897,-0.21378149762154985,-0.7186398798563802,-0.39602551822470455,-1.8471827787609443,0.5,2.0,1.0,0.1,1.0
-0.8665012398880031,-0.7708158672214456,-0.3689678287933715,-0.37213167889532556,-0.02518307278717824,0.03082329469596242,0.49552014777106845,0.8327120262660143,-0.6720336992153262,-1.6180744679958259,-1.4334052522553038,0.5,2.0,1.0,0.1,1.0
0.8345985716835084,0.45926214027398615,0.869909573196582,0.7665695660383929,0.6989895694872352,0.4775078966741967,0.20758582883825089,1.0593846929953123,0.49305367287878377,0.45852219739410094,0.6051239518889029,0.5,2.0,1.0,0.1,1.0
-0.6623494706975057,-0.9033519965467589,-1.6265249859258257,-1.3819592968871808,-1.1905772524413183,-0.41742887641797544,0.07102886374928052,-0.12475376646686748,-0.010080314349751353,0.9022061260682064,1.6663295906319386,0.5,2.0,1.0,0.1,1.0
-0.8860779637766325,-1.3019366721448429,-0.8785919470962265,0.051611741929409094,-1.2294936822052058,-1.0469623585857744,-0.7359716191690991,-0.22911513448047233,0.9538800466312716,1.1152141612060253,0.6727803202770942,0.5,2.0,1.0,0.1,1.0
3.7915439229962264,3.0037799932145672,2.812958622479097,1.6395528030835187,2.3459009274922593,2.4893572398262473,1.4425292189092576,0.9987292644713317,1.0620327754003869,1.418848077490625,1.162278622883512,0.5,2.0,1.0,0.1,1.0
0.16902106051257612,-0.20777019143360514,-0.6117865411772029,-0.13862669594113536,-0.7197903072348484,-0.5283146779117555,0.06388453251453757,0.12123291421476619,0.3688222494398926,0.9401177019462221,2.286259302604463,0.5,2.0,1.0,0.1,1.0
0.5682602391859506,0.4598339526461228,1.1102326086371783,0.4734152999558904,0.556875095475443,0.4849328387328179,0.9153137397680893,-1.056595985930283,0.12418269983235652,0.023036491205678744,0.028639477338552592,0.5,2.0,1.0,0.1,1.0
-0.5858888038774104,1.0427658119440069,0.47078576776757153,0.16892020144401204,0.5058378204098912,0.02718473726081455,-0.43452574934229593,-0.6432637826088832,-1.034541685776448,-0.47692041760760373,0.8576725617085521,0.5,2.0,1.0,0.1,1.0
-1.7411944843335512,-1.4238754337446242,-0.957091355250856,-0.3214179993163842,0.07588012120209373,0.23739608500304882,-0.5125789567934315,-1.9901469245996666,-2.0962819842905556,-0.860511068911603,0.9320436208844883,0.5,2.0,1.0,0.1,1.0
3.461223614882413,3.5346969491441036,3.2126000510239665,3.2932421608402027,2.369285081643745,1.808141618931962,2.3435396306757035,2.278241525867215,1.0244165639522538,0.29989773682982945,0.6723697125344077,0.5,2.0,1.0,0.1,1.0
-1.613237237002487,-1.5576629801662387,-1.4981181535279866,-2.398182109808851,-2.3283624957122404,-1.0135852650539254,-1.1158484939585573,-1.6731803327107253,-1.114502946329485,-1.534576350921502,-1.5610238507741678,0.5,2.0,1.0,0.1,1.0
-2.5590386316246976,-2.778051894083844,-3.4472151837468425,-2.283461491562261,-2.24410888150877,-2.8801576985082646,-2.943534499525525,-1.8044775414242697,-2.157584865019884,-0.7226754262612538,-1.374785265627556,0.5,2.0,1.0,0.1,1.0
2.366489728590462,2.0447630544885884,0.40782143720880826,0.08392081587487993,-0.6040432474950798,-0.11634465498615787,0.6107189082606967,0.8724586395819368,0.5671691894779693,0.318608763679879,0.20102392869595168,0.5,2.0,1.0,0.1,1.0
-0.7134498671774931,-0.28070099684615224,0.39173792239546723,1.6748431379506052,1.5495714529970062,1.0751243643154318,1.7229302983587953,2.06170814220275,0.7077263451813995,0.17092694586806945,-0.26549588626668386,0.5,2.0,1.0,0.1,1.0
0.8221280105766974,1.4062540981111964,1.9144221355697342,1.2586433200032914,1.5809636690142352,1.9408451115265588,1.9213350375363387,1.368197498712295,1.2674375488048772,2.4608443666855395,1.9170970651723072,0.5,2.0,1.0,0.1,1.0
-2.7165264004870093,-2.447430159851086,-2.9978627974605,-2.783315594042966,-2.8642466828262565,-2.942458030962988,-3.61013278733848,-2.917482767213657,-2.9118573794967806,-1.602561630330054,-1.1815704791941648,0.5,2.0,1.0,0.1,1.0
-1.306285975169918,-0.782075376621395,-1.0770583336654362,-0.24027571651422508,-0.36610916033154783,-0.6877201695705755,-0.10651221573510045,-0.4247858805444003,0.8413847917528937,1.0067359928664183,1.2711372791214988,0.5,2.0,1.0,0.1,1.0
2.6369711002553697,2.6711178327517024,3.218752946494376,3.3237340770529578,2.993991055243614,2.9117639907908885,2.9881660283441267,2.5104000985300963,3.0338406035081142,2.8258978815946643,2.4905180832730887,0.5,2.0,1.0,0.1,1.0
1.6696318696627324,1.8795436612703051,2.9411293797349085,1.7332793121892394,0.9390510896030124,1.5055354661589453,1.8166635124586623,1.3115591310369248,1.4241430094356156,1.72104891379483,2.3352437935034005,0.5,2.0,1.0,0.1,1.0
0.5250234397035352,1.4325664755103529,0.7293453163096123,-0.2090360050563066,-1.034215576880646,-0.14135608973035585,-0.34222016294785884,0.3496629887483522,1.8689364477576262,1.8592687255415987,2.0218528071693145,0.5,2.0,1.0,0.1,1.0
1.771244511019414,1.0451132717652913,1.4736629925078317,0.897611285122438,0.5680204380183246,0.6761456362521643,2.036614034057486,2.473186534514203,2.538594491361061,2.5540776096945628,2.8840401485869345,0.5,2.0,1.0,0.1,1.0
2.094870397066382,2.131820268084455,0.7455825550437714,0.41793389307026163,-0.18189276259940207,-2.4351753668850815,-0.6382128874638204,-0.1191875242669111,-0.4424810705980051,-1.036223002878943,-0.3402499624441413,0.5,2.0,1.0,0.1,1.0
-0.7599432547585991,-0.41706008944387923,0.0732620260928285,-0.2503594241572449,-0.8237255663440419,-0.6715483484241047,-0.7883988118050127,-0.1184323264320184,-0.1554440294152086,-0.09484785969461411,0.003919556718310339,0.5,2.0,1.0,0.1,1.0
2.5261268503664738,3.7042818851886734,2.952781023545111,2.6084954587283224,2.6638819346781717,2.601860018464622,2.6288524528627333,2.712754021645084,3.4265440513017844,2.5750292136292505,2.5822291679158034,0.5,2.0,1.0,0.1,1.0
2.192045178244532,1.903691398798539,1.9394833289564657,1.2560882616771614,1.689774624861199,3.1432286569211483,1.4344494538279788,1.2885815051013532,1.319339868462471,2.060812471065173,2.295866292713473,0.5,2.0,1.0,0.1,1.0
1.937790614616361,2.6119466254203703,1.8933282895306602,1.1137080966309312,1.2236857865788242,-0.3455236635083707,-0.10661272416849021,-0.016291908874734706,-0.44277766862743634,-0.08624903041980136,0.501798912604451,0.5,2.0,1.0,0.1,1.0
-1.513177432509776,-1.2277895510319288,-0.5186315037961275,-0.6584579332445446,-0.14764547964345887,0.7222957482644639,0.905281453890826,1.2801604801640314,0.9992721013682337,1.3028184375776213,1.3129646433991295,0.5,2.0,1.0,0.1,1.0
-0.2769925786859875,-1.0023230230337385,-0.8642642450855024,-0.3828162385390307,-1.4215757933313777,-2.344550680309248,-1.6507009312411243,-0.6963547518081028,-2.1598664626035453,-2.109230102397121,-1.8943747515645148,0.5,2.0,1.0,0.1,1.0
2.8567112259006757,2.109939749996696,2.240208965052482,2.7681602065132394,1.8343707089786423,1.1437796452381193,0.4597127718946207,0.24387218258587032,1.1379370293373003,1.2232429249784584,2.3585984986557453,0.5,2.0,1.0,0.1,1.0
2.8764288427093345,2.8736753139913795,3.2280442848420106,2.8809803083987777,2.4944262703927382,1.1529598983003637,1.3605321314938057,0.348447604648115,-0.23951785576060702,0.30610802992149955,-0.39292119580688467,0.5,2.0,1.0,0.1,1.0
0.00400316240722294,-0.09799384599924624,-0.3265370003576784,-0.7564579762750843,-2.4135877424703835,-1.743763418477128,-1.7634901513608012,-1.662581670684144,-0.9274717215981376,-1.2753772979841673,-1.1811859986876738,0.5,2.0,1.0,0.1,1.0
1.9487831844684036,2.1260197280376487,2.1225049192854,2.03456012775097,2.3025937224799513,2.6862312351612188,3.5161665559596997,3.0818431039987475,2.8924742607798737,2.4965167813520455,1.5808374975465767,0.5,2.0,1.0,0.1,1.0
1.838873363504486,1.7465066950254786,1.2154219997661004,0.651904835154864,0.7129960918846784,0.4233677199329714,0.8542255829549233,0.723730560756584,1.6390219317256673,0.4459459382333588,0.846350451244862,0.5,2.0,1.0,0.1,1.0
0.9542091306055246,1.2813777216302762,2.5963302217345996,2.3384231473326036,2.354387817500358,2.2221892383446513,2.7453463789009627,2.8849087541186993,3.0427143390180773,2.193061637930577,2.1634276596896793,0.5,2.0,1.0,0.1,1.0
1.2388972207880615,1.5855218570624383,1.4318056453893973,1.1261945002156981,0.15320483142756447,-0.440560457563291,0.36495789455632843,-0.5060896881051276,-0.41396244127377707,-0.4262198939893393,-0.792378307995802,0.5,2.0,1.0,0.1,1.0
-1.1115280251041366,-1.8659485098626822,-2.1411829548539534,-2.034544257654864,-1.1176674021212756,-1.5187786852974994,-1.014336524805782,-1.1115828505857173,-1.630359842689038,-1.1106647044339801,-0.8639449877216725,0.5,2.0,1.0,0.1,1.0
1.8042885073908652,0.9353519126164065,-0.05484829445495398,0.07488967286847387,0.6889602449795408,0.6250246347041757,-0.02564350371836166,0.10169720872628024,-0.6206092840007867,-1.1986321582810677,-0.1277519329402117,0.5,2.0,1.0,0.1,1.0
1.379808117442905,1.3972949224832676,1.6214795164956173,0.7228991377780907,1.2011020725341943,1.3749740455761015,1.2333913167279935,1.8294065983442998,1.4817410003694147,1.3173718497590767,2.4683219182901457,0.5,2.0,1.0,0.1,1.0
1.182550274525037,0.8526027403587397,1.6871789501477898,1.4863725345168841,0.5875506332893694,0.41496728574515496,-0.18876560117802205,-0.1774897674942702,-0.3503191698678472,-0.8791978604612198,0.19705003418620481,0.5,2.0,1.0,0.1,1.0
-0.07136548805909497,0.608499044129394,-0.2053241289457437,-0.2483595773621149,-0.8422477016373531,-1.287837863780426,-1.0171249083794873,-0.7536824950323848,-1.0355001067277647,-1.7809609636873993,-2.8597081509436126,0.5,2.0,1.0,0.1,1.0
1.4586058705067277,0.9568159203083768,1.5452960928838344,1.1154827625813342,1.0522164671672758,0.1776222609830782,0.221715823160142,-0.7912543710816586,-0.9887161574714143,-1.1432711732096652,-1.4878073503593048,0.5,2.0,1.0,0.1,1.0
3.6482005866268716,2.3351111595817313,1.1697102331979843,1.671119718991787,1.0998680359172073,0.545366028376034,0.31505089669610087,0.6367780496486037,1.172625591420787,1.468306203039018,1.939518312558319,0.5,2.0,1.0,0.1,1.0
0.07405105543179624,0.6459571306146101,0.4156991091543063,-0.27869518615324934,-0.27229823021547594,-0.6155734318831804,-1.2094348608195906,-1.6140512101929398,-2.2147091777707733,-2.1616721464526427,-2.16358774716015,0.5,2.0,1.0,0.1,1.0
0.7324988212188215,-0.40263440110644677,-0.9549660279950569,-0.474459337047781,0.9370758317764736,0.600841638950382,1.7346436490743815,1.8189373378562999,2.3770131131409684,2.7648563693285095,2.237780726679445,0.5,2.0,1.0,0.1,1.0
0.4674339020617912,-0.25270234637426625,0.6253083661006571,-0.836636185646506,-0.17287399807152626,-0.10604525806571052,-0.4985458019652446,-0.8434094883677359,0.4279322180035795,1.6066302558339776,1.9413804986824577,0.5,2.0,1.0,0.1,1.0
-1.6590964218180897,-2.8165307592303854,-2.2518349042271053,-2.006404874167822,-1.8433359279543915,-2.0071327886569374,-1.8993227849970822,-2.1146420409851534,-2.767576766626193,-1.7650743268783253,-1.110479400815354,0.5,2.0,1.0,0.1,1.0
2.293592730575838,2.7251273670619884,2.8404728948116404,1.9720481927178946,1.7869842633397657,1.8333871772197707,1.3418715061364732,1.8969769099005358,1.7491262396314418,1.5921228113027448,1.6619806366659844,0.5,2.0,1.0,0.1,1.0
0.2190170230409541,1.4736732802663388,1.0044372860975825,0.8098872470740814,2.276084108456997,2.249402783182543,1.7303012771200903,1.2922927279122949,2.1947125562311776,1.934253135609254,1.7427842834525444,0.5,2.0,1.0,0.1,1.0
1.7153775837705576,1.5234314349233502,0.7540071657668032,0.4138269953303389,-0.5637844439907722,0.9899477407478494,1.8648173452994654,1.7197352774413308,1.1362540503933314,1.4651081854959074,1.0202788382440535,0.5,2.0,1.0,0.1,1.0
-1.449990698489647,-1.2696952683535145,-1.1233379995392379,-0.584481059114909,-1.023732500016517,-1.051393607190266,-0.31335060775082435,-0.6153568747026192,-0.245369081092849,-0.4371415940883292,0.633266892330486,0.5,2.0,1.0,0.1,1.0
-4.244000966280936,-3.184919945587411,-3.421388785274899,-4.166586404292306,-4.465339082439485,-3.0751477971707883,-3.199542231003373,-3.4148000372721308,-3.627424877855945,-3.539485891526798,-3.4533389925685705,0.5,2.0,1.0,0.1,1.0
2.0177270163661416,1.5863916057331249,2.1517870863443496,1.6596869629076902,1.4076682908859666,1.041960375985213,0.7855295080050794,-0.2376874257602859,-0.444291484331153,-0.05468247858691461,-0.30054355806570404,0.5,2.0,1.0,0.1,1.0
0.9446213713997498,1.1689505110162952,1.6617607397018745,2.14364411622363,1.4384500631297756,1.5687305102858418,2.052926900380952,2.9935821642612805,2.9615111654360344,2.2058233028093883,2.4724619234825815,0.5,2.0,1.0,0.1,1.0
0.22216261218288824,0.7509272416991835,2.333310823421318,2.3614669477989283,3.022358465574089,2.218336538992072,2.2677593893552235,2.20190816925059,1.5979668323624603,1.7660925476048759,1.3229758576210793,0.5,2.0,1.0,0.1,1.0
-0.7960310639477799,-1.9657304353169904,-1.5262957955713887,-1.248480114513082,-0.541273000858781,-0.6772050754303119,-0.15487914080471782,-0.5382513001592528,-0.27801046416307196,0.9458782278857147,0.3263618280219074,0.5,2.0,1.0,0.1,1.0
-0.13020018162369507,0.11363664439036926,0.49516541888745896,1.5892936174566805,1.3168438689115918,0.9193114701419973,0.8586114366379141,-0.11991230144229004,0.3232042612463318,0.3423158892410708,0.38200892734371616,0.5,2.0,1.0,0.1,1.0
-0.908910856304755,-0.41165496340219554,0.2936241311653546,0.9334967413244726,1.939716298508434,1.762265921754936,2.074489718086313,2.247648540657089,3.2957482148223525,2.6517949634128946,2.2504948834904877,0.5,2.0,1.0,0.1,1.0
0.012246522333724233,0.24555736928892685,-0.04497463786016048,-0.1151672784586906,-0.8340836625321753,-1.0405115798604565,-0.049290463662841844,0.2735405304939151,0.25559042332553433,-0.5132073994146986,-0.42989797295076715,0.5,2.0,1.0,0.1,1.0
0.7619987267897919,1.232202659538058,0.5455500267513007,1.1839557425329181,1.3235875514358613,1.8437767466284924,1.7070456806813876,1.915105067241697,0.8129762604382896,1.8864612183266052,1.5403302845826294,0.5,2.0,1.0,0.1,1.0
-0.2163057229563522,0.24221538908248186,-0.016698596868762794,-1.0924663084281383,-1.093122198545355,0.3388535505424558,0.5590058757079266,1.2490691640402163,1.1709257117181537,1.7533531048695425,2.15509649075181,0.5,2.0,1.0,0.1,1.0
2.362039347333022,1.705935186071124,2.162033077962376,2.449775062376734,2.3052731527024073,3.1243171489741686,2.9157009591124927,2.478456921346626,1.8406495155838722,1.011257450072704,1.93845329453166,0.5,2.0,1.0,0.1,1.0
-0.46316303186970387,0.20150566806731507,0.3710326163570784,1.1861254284677032,0.7070851236212896,0.30277210608154437,0.5197468914403321,0.700802140623228,0.31991144327410237,-0.5217868292975756,-0.43404122003800555,0.5,2.0,1.0,0.1,1.0
1.3490092031624537,1.6736515188239505,2.7046707592374917,1.9832571006776725,1.9334489628617022,2.380639725960649,1.6753348314447074,1.781723520577845,1.2488139400011775,0.8098807213939179,-0.13508188388929543,0.5,2.0,1.0,0.1,1.0
-0.0242896434200225,-0.07294949800407255,0.15028926290347466,0.3859380489696179,0.6273881692110672,0.614955286658855,0.21480948476549327,0.20855833878091035,-0.8644519439386461,-1.8242376767413047,0.3314241186007467,0.5,2.0,1.0,0.1,1.0
2.6190997302369654,1.8572967655950243,2.7071078967418005,2.031695338476281,0.9933265970483574,0.28896983172064805,-0.6062324251552136,-0.8649019858243169,-0.31259123427170193,-0.7926010440098118,-2.0105636592023775,0.5,2.0,1.0,0.1,1.0
-0.02463329596176032,0.21674381819772565,-0.15837198962600796,0.5927144322866954,-0.17763505463908646,-0.13106333021763666,-0.3371015272330376,1.2827647342456772,1.4326735890492086,2.3232162137443693,2.274158230053774,0.5,2.0,1.0,0.1,1.0
1.890256886505273,2.6884966941076183,3.381401529542309,3.6218577018060287,3.9963721706850874,3.5691441780998447,2.75483139056745,1.5588510908170776,1.237232661603524,0.7778679559023779,1.0703127457297654,0.5,2.0,1.0,0.1,1.0
-1.207562308825807,-0.305473452549074,-0.9487961380029386,-0.21082677163018193,-1.195635095562278,-0.8318380880418055,-1.033027789564716,-0.40751522791235084,-0.5885222310937147,-0.6523182632238447,-1.453293996288048,0.5,2.0,1.0,0.1,1.0
-1.6540103690286292,-1.4981677032283685,-2.3647426155398312,-2.2671323749787233,-2.611132099731626,-1.874616929083233,-1.7329132653932582,-1.3133443664388114,-1.6343611639320228,-0.9736819862534996,-0.09909705263935698,0.5,2.0,1.0,0.1,1.0
-0.5177879730444047,-1.0344200666161485,-1.3384602283174807,-0.6455488913050649,-0.3448756937634806,-0.45823179503944445,0.3698522345994234,0.5095202362569364,1.0617007165884966,0.5998721042448527,1.678722023944614,0.5,2.0,1.0,0.1,1.0
-1.0339191144873743,-0.948743892928245,-0.4123587317370367,0.06636459043985271,-0.9193881770078024,-1.1115208010350823,-1.3227945456355308,-1.7297254076374853,-1.2646532118314535,-1.7352402118674066,-1.8164179591142737,0.5,2.0,1.0,0.1,1.0
-0.07042339265297913,0.4733707041505995,0.6016342140470172,0.6323090292061333,0.41269241597148176,0.05992599363714074,0.37063669082324485,-0.22184385882638225,-0.35952346397746404,-0.6976501548596579,-0.24390513228561728,0.5,2.0,1.0,0.1,1.0
-0.3123639945264608,-1.1288572908226986,-1.37408502209867,-1.3020353640062106,-0.8797781920409466,-0.39976789034825866,-0.6390370669033419,0.033420329388980874,-0.22871398090840306,0.36810329046792273,-0.1281023500345988,0.5,2.0,1.0,0.1,1.0
1.199047575802046,0.18491743654760995,0.26230274413787436,1.0121526381504455,0.6103587759196245,-0.16961704801249355,-0.10192129600259318,0.49829060091828986,0.4230519140919693,-0.6203722795731557,-0.32956537320236623,0.5,2.0,1.0,0.1,1.0
0.7476546819424423,0.4500333011673679,0.7563626877790355,-0.6301959290736355,-1.147880571870952,-1.2581875085449243,-1.4842394565535737,-1.028493316951304,-0.6809393311661951,-0.2817306394870852,0.46015048003513354,0.5,2.0,1.0,0.1,1.0
1.438754487527521,1.8050899504731832,2.3648590851904636,3.4846274706795195,3.341855320501365,3.656549303636102,4.043306407468601,3.5677570198370776,3.4992110462125265,3.3652747630919326,2.7791325987054214,0.5,2.0,1.0,0.1,1.0
0.40739901711164334,0.3289284708057435,1.4931734374607968,2.058718355327487,2.1822602122174612,0.8658121171345288,1.1104355954706777,1.4742890575258145,1.0259252752172416,0.5470792117176098,0.5477596103639695,0.5,2.0,1.0,0.1,1.0
2.176091871606214,2.5459434533052296,2.433640269985665,2.8014816250253296,2.94217753663454,3.2576585555966293,2.339021224723583,2.1891286360337983,2.979587402724197,3.867839135619911,3.6130631960608914,0.5,2.0,1.0,0.1,1.0
-0.12220220388220997,0.24204664391022634,1.0211347883339024,1.6931576307787677,1.9142278921603924,2.4424219402333596,2.0763102955275587,2.4952287480336466,2.3469600245408975,2.744609813979716,2.662187723814226,0.5,2.0,1.0,0.1,1.0
-0.511619165384514,-1.1290502703863181,-1.5784651539344647,-2.5284324426043137,-2.427044697122117,-3.1485752184910747,-3.1860627828754753,-3.346746573207201,-3.3291269476390943,-3.9558525460312124,-3.6631277458474987,0.5,2.0,1.0,0.1,1.0
1.096257450755289,0.9947712038479912,0.1825809490888598,-0.7918164361422888,-0.3310330882099498,0.040774679750945675,-0.4006763103535668,-0.2936005711765721,0.4690448986076063,1.1848531718521533,1.7309003229264683,0.5,2.0,1.0,0.1,1.0
0.6519355163153812,0.6189192574560505,0.8399514160838351,-0.07626883249445549,0.3445020855921031,-0.4530735486566233,-1.15566687031723,-0.9669741497018061,-0.018791515509963386,0.32611015835306445,-0.06156489838945656,0.5,2.0,1.0,0.1,1.0
-0.39906591356342763,0.887743683980155,0.8659373228392622,0.3175554453902051,0.6457376494158706,0.5095576516997722,0.2572488032972149,0.23293025613823057,0.6920407931990944,0.6435146191824817,0.641643445632091,0.5,2.0,1.0,0.1,1.0
-1.4886358415708676,-1.3176131930694286,-1.274997697043039,-1.5775014548007555,-1.9509952411553053,-1.6804700514835977,-2.3751327642663673,-3.3068506636286044,-2.0640700505625396,-2.101472969124422,-1.7112850828442403,0.5,2.0,1.0,0.1,1.0
1.5672884475287951,1.7050790093218062,0.9313787549910585,2.377903459821711,3.2072619130066378,2.568476482261408,3.2611618550483232,2.7178024249322874,1.5816737700809982,1.6677270177162618,1.6316383832367574,0.5,2.0,1.0,0.1,1.0
-0.42502025987228575,0.04981825370196802,-0.2168716094669603,-0.9124241640098814,-0.7192177122448166,-1.4442759417574633,-1.8365392620013608,-1.1327895231581835,-1.3622157295817368,-0.6143935342287509,-0.43763865793462386,0.5,2.0,1.0,0.1,1.0
-1.8391216982612253,-0.7700229489418378,0.2256402584429208,-0.5305890305778984,-1.2483650834987188,-0.014013056713270133,0.6040007851187066,0.23096634734012,-0.5583683851912209,-1.006202857544869,-0.7434496002313076,0.5,2.0,1.0,0.1,1.0
2.9864990419498243,2.7246406550071023,3.261225469982956,2.786894920037342,1.8527982779955168,1.2085851862145187,0.8222755748803863,0.16941589211845065,-0.31156765194848757,-0.12852305603973282,0.7973051301130836,0.5,2.0,1.0,0.1,1.0
1.270512043428291,0.4451926283669222,0.49419650324071274,0.8904002127723052,1.4061796678947696,1.8739040457791414,2.030410340110505,1.8868644663133494,1.9478078922027813,0.8400542642818745,0.6730477313947827,0.5,2.0,1.0,0.1,1.0
-0.9252233810182449,-0.8313399143306183,-0.8911666768691658,-0.9175195940492298,-0.28728944805289197,-0.12610498909642204,-0.40241355177136395,0.1205830556815195,0.07384614174516173,0.2993170236985657,1.512289767133449,0.5,2.0,1.0,0.1,1.0
1.60790929040376,0.9815059957569096,-0.1096074161498144,-0.4220109012981396,-0.22450520947855596,0.1092810997479885,-0.9146351050317443,-1.8247275322267638,-1.011454308210448,-0.5238465169915361,-0.4168131926475281,0.5,2.0,1.0,0.1,1.0
2.5294155434211234,2.7008010770611963,3.77297667452091,3.815642202181407,3.4218146313862263,4.118464298786577,4.361968731689209,4.314978643565225,4.436328405013214,4.331003912265899,3.5645085879565106,0.5,2.0,1.0,0.1,1.0
0.5999608635764834,0.1276836491596106,0.23369208563522753,-0.7939720162645167,-1.118592970275691,-0.93326733692535,-0.6847171814443379,-0.026731541357367883,-0.08284838396041139,-0.16629775522092743,0.35684694415775536,0.5,2.0,1.0,0.1,1.0
1.8173176776391218,1.0569313000627796,1.1333737639375006,1.7354597041590665,0.4502060465389244,1.9068332197011908,2.229023532657576,1.273715733281124,1.774378805454244,2.015759841762385,2.863558385747177,0.5,2.0,1.0,0.1,1.0
-0.8514875294740085,-1.2839516987434763,-0.8635432238601026,-0.8770667894712152,-0.1795611704503337,-0.07338804076212616,-0.0331429186065751,-0.931067536411798,-0.05216110087799464,0.10145194642234914,0.24712286756849736,0.5,2.0,1.0,0.1,1.0
0.7716547156539287,0.4728189139285783,0.555147545741208,0.5297643088962313,1.3007428397832892,1.1356402918117976,1.482320768795383,1.592726156881207,1.8387730965762434,2.072058739498175,2.4101534836030276,0.5,2.0,1.0,0.1,1.0
1.9633537214307986,0.9771515424837355,1.197546082608464,0.4560122477748303,1.5525941787338868,1.3314972726773489,0.06048514924277115,-0.21240127338758386,0.26698980961190877,0.4065147651469326,1.4323392678938525,0.5,2.0,1.0,0.1,1.0
0.13702638302307413,0.4324383340026451,0.5048561986517287,0.3999578822918578,-0.7857991826864401,-0.3800207465199593,-0.14839436918615123,-0.028774678271966704,0.3919977632492391,0.29312762754763466,-0.7224525364801355,0.5,2.0,1.0,0.1,1.0
0.5584235351668635,0.4005752503477972,1.6870653216380387,0.8428428580969559,0.6253401167863832,2.5835861698353213,2.6884584080857112,2.6812369043029687,2.2243639800204758,2.497753034018628,2.1851361286142903,0.5,2.0,1.0,0.1,1.0
-0.7650444400424011,-0.46126881066239406,-0.7438225308211899,-0.9114068388311036,-0.5803601747761562,-1.1210288615152864,-1.185104232660071,-0.3200691538876608,-0.3125758105640166,-0.3851199824892052,-0.4113404905936402,0.5,2.0,1.0,0.1,1.0
-0.676291180816695,-1.8487569581924492,-1.43401301238027,-0.9671446484569199,0.43615117403483294,0.392930163246817,1.0100740028710002,1.3562602948201106,0.4276532757611964,1.3805390143146496,0.7351951176173188,0.5,2.0,1.0,0.1,1.0
-0.4403303653032077,-0.19676372403396783,0.4238004410832402,1.153647984015532,0.7177581354206743,0.6184087047243932,1.1546551825678217,1.2382737057059827,0.7601950579749915,1.3483430763115967,1.5622824974494116,0.5,2.0,1.0,0.1,1.0
-2.4622111824995843,-2.3893530986838956,-2.6470326190899454,-1.7033144652330403,-0.9435186481526349,-0.5479398909928899,-0.4515854630876931,0.004628699935892822,0.013688365617110183,-0.27880145396182016,-0.2300767406009572,0.5,2.0,1.0,0.1,1.0
0.24598189159621794,-0.7876718510960456,-1.3393913923780123,-1.0809933094996862,-0.15457200794381232,-0.8702525517735554,-0.3566875260463347,-0.20067262139852488,1.6324215217120863,1.3254775541322905,0.39215077839671475,0.5,2.0,1.0,0.1,1.0
0.013292835148668589,1.203265783719491,0.8938159310270515,0.2363728341799931,0.5058268369775984,-0.14237725442632365,-0.08572856239866108,0.7437841356156216,0.3749932705523348,0.6492751402948564,0.736465943995728,0.5,2.0,1.0,0.1,1.0
2.1298814537260173,1.650035267662282,1.7085112975241796,0.37044933911248723,1.687463709463799,1.7163303010737245,3.022229070839324,1.7130720141732472,1.5982145873706368,1.3514518256551604,1.0122246773075996,0.5,2.0,1.0,0.1,1.0
2.444594213248447,2.5884773851637037,2.5921005309777967,2.65605486850452,2.636420630315524,1.864794522042232,2.2593796016784795,2.9448281537342873,3.5330104975613903,3.153414707470402,2.691464790901406,0.5,2.0,1.0,0.1,1.0
0.25960915381496086,1.5159601211567098,0.8659983128342623,2.4692027748995082,2.2400736223366295,2.5909120713932294,3.088519515836388,1.6965162893078352,0.674937290302865,-0.6436201861037166,-0.7121055250262324,0.5,2.0,1.0,0.1,1.0
-0.5549660247604725,-0.5861572062992149,-0.9780581890901294,-0.16190792692880995,0.12135283680969783,1.348218584395815,0.20914947335082212,1.514739415657797,2.186719525155673,1.6226417974503495,1.9009079138353246,0.5,2.0,1.0,0.1,1.0
-0.2507088361791805,0.2526627186283863,0.8239443035925857,0.7591695053570421,1.2803338049887127,0.9318967044598723,0.2583120585162485,0.34766863679042176,0.6124036994309027,0.7055362125475412,1.2080824394652327,0.5,2.0,1.0,0.1,1.0
2.43749383236057,1.2954019284645641,1.059543119612754,0.7471514914839659,1.0767345282610903,1.9851877691275108,0.7105623808684085,0.5379389638360133,0.5738250596523267,0.9200219788143491,0.4940582344557645,0.5,2.0,1.0,0.1,1.0
3.0811499072599635,4.059837946446211,3.6350409175882965,1.9997279738696871,1.5826179964749079,2.670991341734987,2.7152764368760507,2.196623715330928,1.9249364308791885,0.07804316616388518,0.03699596187943907,0.5,2.0,1.0,0.1,1.0
-1.448990029518255,0.03369695448603105,0.5713358978312068,0.6337748074279201,1.9047533871538245,1.5303345131928277,1.2102399225218994,1.1478701093396115,0.5520512025916392,0.419945936427483,0.049613791854769385,0.5,2.0,1.0,0.1,1.0
-0.09018604471817897,-1.0746410284957961,-0.9259063954263059,-1.2398125721954152,-2.197970556110789,-2.767799182529899,-2.461087854791418,-1.7896211490099552,-1.697920349467382,-2.0068823712214345,-3.30862426418299,0.5,2.0,1.0,0.1,1.0
-0.7301968333788967,-0.14392882529292794,-0.9339573840190983,-0.2766787647911726,0.259016477278628,0.7656261260849684,-0.2591486931534458,-1.1069460730204939,0.14613963502878868,-0.749220150471848,0.061410443496163314,0.5,2.0,1.0,0.1,1.0
-2.1254966871180163,-2.461015732270469,-2.3471048418526026,-2.1423186900866553,-2.4068457904145864,-3.329950689839853,-2.0532060650529598,-1.6843932665883243,-1.0742087371654256,0.11028393699514405,-0.7675967654779566,0.5,2.0,1.0,0.1,1.0
-1.6645420022793427,-1.335881116836504,-1.889851221408894,-2.6543082124840414,-2.642262279735618,-1.1225189681477603,-1.2218945305401854,-1.193620894866005,-0.44812792881219987,-0.715367578690695,-1.1385921376584618,0.5,2.0,1.0,0.1,1.0
4.468394003792867,3.410939812880308,2.645966879901204,2.32226546929683,2.6203308965647043,2.1130747428888768,2.0414785018362727,2.847121768160543,3.2430768623096116,3.217530394636656,2.5439778774145014,0.5,2.0,1.0,0.1,1.0
1.9832345442624633,2.0080354563317466,2.033998197163145,1.1562668014865811,0.42368245870098076,1.368007034189913,2.3725919021984803,1.9409838710371992,2.0130130580244456,1.7796760535090126,1.8670022722965116,0.5,2.0,1.0,0.1,1.0
0.3110440810362984,1.5687967211011227,2.6029110380393887,2.051988385096714,0.6624384614365728,0.24641412345061497,0.46277168347223574,1.2468641636777464,0.8419131441397505,0.39130316541176063,-0.12202825346123036,0.5,2.0,1.0,0.1,1.0
0.566508440574298,-1.0712757723513393,-0.8077661935319911,-1.0083366390226163,-2.2314144118197143,-1.209409206366852,-1.131295299232429,-0.5277372883127007,-0.6958170976189161,-0.06448990899034812,0.22043282181557344,0.5,2.0,1.0,0.1,1.0
0.5423992029640197,0.5376454559997078,0.11101767690725994,-0.13276522420330292,-1.0237741059786765,-0.39055481601640424,0.4138411874138615,-0.6355593634838699,-2.105109604992188,-1.9780890809123282,-0.41158044710659225,0.5,2.0,1.0,0.1,1.0
-1.8200759590936706,-2.7466172766862993,-1.6492004757581205,-0.8652996114538691,-0.5409433280300443,-0.673675660567261,-1.101911652812523,0.2351191460032246,-0.00299369146050249,0.4080247884911757,0.09497075916465703,0.5,2.0,1.0,0.1,1.0
1.9599006465617477,2.4134725979517233,2.4065227686413477,1.4520269543320872,1.970426667223137,2.043075323552163,1.7001435263690945,1.2945191590221847,0.5509189999692798,0.6446511048432194,0.4457364600740429,0.5,2.0,1.0,0.1,1.0
0.21535029368082476,-1.2575770271731148,-1.24444083455217,0.06265523207648882,0.5006016510389111,1.3100153162302783,2.7985091161600417,3.2947720036453987,2.212385557528236,2.1273172562979807,1.6216335980996561,0.5,2.0,1.0,0.1,1.0
0.688295763795047,0.5550435203604231,-0.4800177217094632,-0.3431845768920062,-0.12955960822698334,-0.030838744757678047,-0.032326414396419624,-1.3478941361971384,-1.828191592269012,-1.7990832516609228,-1.768977203207631,0.5,2.0,1.0,0.1,1.0
-3.1319163934896133,-3.2064852717486287,-2.0283279298380013,-1.3455443325449565,-2.4564731297852243,-1.5872206762021432,-0.5579410569298298,-0.4527885390995122,-0.14368067798713222,0.22228492352512724,0.1002656733781114,0.5,2.0,1.0,0.1,1.0
1.299114589741683,1.2002943161751316,0.628178466478188,1.998715017981092,2.415366446428401,0.8310133780550237,0.5085841581713508,1.0394201958448404,0.4711642957121567,1.4518783864908156,0.6175596160082585,0.5,2.0,1.0,0.1,1.0
2.508910678007287,2.8332093850267546,2.028184237286927,1.6449160061483583,1.824735053953415,2.583082621499659,2.1565708702783617,2.2097564027844823,3.3145125833087983,3.236011669520645,2.6730911887026885,0.5,2.0,1.0,0.1,1.0
0.21172314829126665,0.7858898125079586,0.8950485203312971,0.9230781286847783,0.4616525399996812,0.35064836554918016,0.2644905717594381,-1.9310755183948598,-2.230155410584617,-2.438825638204658,-1.3836655734696346,0.5,2.0,1.0,0.1,1.0
1.0544576183181955,1.733961830096612,1.108307731520731,0.9901359771320901,1.6228172354727979,1.7198542446971752,0.910737407097036,0.7344749377710217,1.7512747973349405,1.927723263185363,2.039821379308393,0.5,2.0,1.0,0.1,1.0
-0.13727289582992852,-0.34162802020911165,-0.19277782153160966,-0.33193284637040765,-0.0653847155284292,0.6393516719356787,1.1430252745265395,1.1710605881358123,1.9764874229706773,2.5993899219832044,1.4578270237706294,0.5,2.0,1.0,0.1,1.0
1.2071168739666955,1.9019014108672447,2.341515427871363,2.943462677658707,1.8324557205330378,2.1911010674136167,1.9329216815773964,0.7085013772120068,0.22067564375458082,0.5678848438692604,-0.27748228910211614,0.5,2.0,1.0,0.1,1.0
1.0162637600794633,-0.08562033698710247,-0.04770057089962615,-0.05055320690439328,0.0032620093802420568,-0.3377608321406965,-0.17145956076513935,-0.07175409354222564,0.6004385653972663,0.5998001547593893,0.18097159835449006,0.5,2.0,1.0,0.1,1.0
0.8796856951712232,0.09276659288079725,1.1816754344805447,0.986176533092733,1.4350889793577606,0.6691240041046801,0.20164819486427837,-0.354511777186025,0.25027782479313393,0.919371568705332,1.1554973893858038,0.5,2.0,1.0,0.1,1.0
0.26050531295976304,0.8030833606394552,1.3647037833025393,1.1660233236446491,1.124270133559707,0.6319320390205296,0.8888442407994253,0.2871622137430794,-0.03952779360272973,0.7037375336327063,0.38158217585987825,0.5,2.0,1.0,0.1,1.0
0.7625255009498167,0.2770158625962973,-0.5158935856955424,-0.8506328236321116,-0.7304062948090975,-1.5996142459401244,-1.9352731960033331,-1.7387311906525051,-1.4233563738651467,-1.5232482943952816,-1.300217034207386,0.5,2.0,1.0,0.1,1.0
-1.4037739823857798,-1.3933703763099279,-2.460087422533019,-3.021653772928276,-2.471587775438496,-1.3103002288158754,-0.9242776851182988,-1.0193303008700234,-0.8542852152782897,-2.118857422440697,-3.0210761850767356,0.5,2.0,1.0,0.1,1.0
-2.0590750875065327,-1.7195222050136285,-0.7124847390440694,-0.34384084017594285,-0.8628773654986632,-1.1297752310897353,-1.08011137316865,-0.7989902851288209,-1.5075982106451038,-1.143747727445691,-0.39803145250327576,0.5,2.0,1.0,0.1,1.0
3.3728819405756947,2.951426719654196,3.685401460183935,4.07700338581728,3.588298113721119,4.046158774955385,4.729814489467447,3.9317459749423422,3.1127532826740842,2.6047284870434173,2.42976738993834,0.5,2.0,1.0,0.1,1.0
0.5424103579569044,0.5776284607775594,1.2838428562591169,1.1366037023111277,-0.023243549622292692,0.17218186586290996,1.9092355095294629,1.4427374317903157,0.002810695046528755,-0.34106867445380173,-1.0761070558499943,0.5,2.0,1.0,0.1,1.0
0.8358141850440918,-0.4752635169917073,0.09241806756580179,-0.18699926261362265,0.1961047406148897,-0.6124913700155099,-0.924935600662632,-1.2241262870267184,-0.3728926624232817,-1.3021597238148193,-1.6927012430998576,0.5,2.0,1.0,0.1,1.0
1.8853302349136962,3.2342992553313206,2.969477884311081,2.705721305561622,2.037631384227355,2.6130608620476914,2.6051794673687114,1.6700891109969178,3.1037824933318108,2.905489277289732,3.427611769073976,0.5,2.0,1.0,0.1,1.0
2.2393099308961917,2.5126039878068807,1.3472528653728568,0.6030498725610434,0.31402836386008026,-0.05879992399706002,-0.18611148716620174,-0.8629587021911752,-0.684230837794769,0.24290435959923296,0.3331283740760966,0.5,2.0,1.0,0.1,1.0
0.7453866838967814,1.2300397339588183,0.9953939909944436,0.5086064906688902,1.2259866475875811,1.7134266250926269,1.579485601807918,2.3605929157681027,2.1954640133281553,1.529133097258773,1.2227655264933,0.5,2.0,1.0,0.1,1.0
1.7004673229051412,2.012968802940252,1.6342857662758377,2.038958450175059,1.4869699394542648,1.9277271624483694,2.3414106088950644,1.9680507871199897,2.0137703985280138,3.1376617606542956,3.6946080792685616,0.5,2.0,1.0,0.1,1.0
0.24893762849942974,0.017243029783982955,-0.017084595527261548,-1.0183008720619595,0.722908298971644,1.2021054990298528,1.7999484946669344,1.5272434458941542,1.300564211543328,2.0977292474614124,2.6735942910888517,0.5,2.0,1.0,0.1,1.0
0.7516603167977901,1.0319175196104764,-0.038422964608819665,-0.9941648304117852,-1.3492196553012397,-1.809726245236498,-1.5151156835800998,-0.7666006669613188,-0.8292738803636037,-0.3931988344789625,-1.0452788951529717,0.5,2.0,1.0,0.1,1.0
2.0518301099156036,1.9160345269034424,0.7717725496625998,1.8968352581838626,2.119343789481094,2.080327614526738,0.9818457327728278,1.4733584180880404,1.4880797171163398,0.9643635995305766,-0.24709106810601444,0.5,2.0,1.0,0.1,1.0
1.8851865023928212,1.3971122142593047,1.0691830001008114,1.4231078220072169,1.779690572611777,2.2759555968065284,3.6630004677764454,3.5606078847182077,2.757454482651438,3.4578702726482735,2.8940321990611135,0.5,2.0,1.0,0.1,1.0
-0.9324058758049268,-1.5313657266140255,-1.7531394041829698,-2.031085014774468,-1.7874610643353668,-1.6696697879243665,-1.7606955874428205,-1.438063295974374,-1.7078172828318616,-0.18241157179507583,-0.18782948768457447,0.5,2.0,1.0,0.1,1.0
-0.44064144354916107,-1.1578074557291353,-1.5033885231466098,-1.8474890239353459,-1.3767768382424863,-1.1815557673020256,-2.1946458916292806,-2.3510137371492767,-1.270812166726094,-1.4763636600535133,-0.4688369470209366,0.5,2.0,1.0,0.1,1.0
1.3412868550404944,1.2429572953531396,0.7971372870172564,0.9900760378986645,0.4202256910150348,0.5097122196761159,0.36081204736892647,0.4388879513605426,-0.46753310271873977,-0.11640238956561749,-1.070659799596385,0.5,2.0,1.0,0.1,1.0
2.2267378996746294,2.3256015496583915,2.001582939933983,1.630304684257202,1.4885170284800402,1.5802096988889582,0.8763676302984731,0.042158908521684024,-1.3162537238919625,-0.3878165475880475,-1.1877649916508857,0.5,2.0,1.0,0.1,1.0
2.769422979890526,2.7012778096759043,2.840373084276874,2.6250052480249377,2.1631104799296472,2.1286420431007618,2.313291513802157,2.3692112680740705,2.073982250503294,1.2252427978143137,0.48018487053331804,0.5,2.0,1.0,0.1,1.0
0.8758824847476543,0.7596105330368241,0.6194544820437254,0.16141375165517563,0.24017052966036345,-0.6328355409186224,0.6096328083094675,-0.3706922508590993,-1.196280975323917,-1.931430457380007,-2.5870114931672243,0.5,2.0,1.0,0.1,1.0
3.2797123128333534,2.741391355876272,2.078727979605073,1.6405389521565716,1.180980034998258,1.7077896488440283,0.8881092207597192,-0.1315468333866393,-0.6138393085069973,-1.4926092155574164,-1.1674862174955798,0.5,2.0,1.0,0.1,1.0
-0.12153040139246267,-0.46078391949590874,-0.36145438576825534,0.653360711841293,0.13269755208029843,1.2346186892670252,1.369844066559264,1.8825588635491144,2.05324706270707,1.0420379490170308,0.2129972723992457,0.5,2.0,1.0,0.1,1.0
-0.2583099701705383,-0.2581534225640383,0.19593707668052407,0.5151301126381003,0.25930971042451845,0.6091303181386787,0.5942086026756899,0.13143914915215693,-0.4175083218743644,-0.8492234736018263,-1.1907727507008705,0.5,2.0,1.0,0.1,1.0
-1.1337992840146818,-1.0657761138880597,-1.487986319396784,-2.293889683985562,-2.272687267483646,-1.1718474398997976,-1.4973120532955233,0.29182265854256983,0.6562377159033266,0.11327525876820266,0.9710920117827575,0.5,2.0,1.0,0.1,1.0
1.2368396336782217,0.9195989517603342,0.03600632534275461,0.25393533247219,-0.0030333650770266174,-0.09804461926474833,0.6857286501969962,0.6060624847847598,0.4591973031635112,0.35538528887924903,0.07966432348429986,0.5,2.0,1.0,0.1,1.0
-0.5971726042395114,-0.20510924278843462,-0.1187841261563223,-1.1438343196005727,-2.1652559936145654,-1.8129922619366678,-2.32881169264306,-1.821579655543621,-2.4465573825864775,-1.8521791420712397,-1.6048830899061275,0.5,2.0,1.0,0.1,1.0
2.426406768428015,3.0446745938932436,2.276390243557467,2.0037051763911142,1.9228700921852295,1.7846762381145576,2.0440052132966087,1.7162434450903399,1.380949628235652,1.4952959585779801,0.4804789527196003,0.5,2.0,1.0,0.1,1.0
1.629285728915538,1.157992042272384,0.2971903663862394,0.46216269985065006,0.5678283343668515,-0.632464330209877,-1.5529722412201363,-0.9102974057725539,-0.7202812361168802,-0.6174700685330856,0.03109935770017458,0.5,2.0,1.0,0.1,1.0
2.0073675460618343,2.3327354977073487,2.1032947359568523,2.6253443125981795,2.2477205906296596,2.00981942137711,0.5664565396518388,1.5747114596664176,1.9503021543909016,1.0836723215555866,0.8652152143254966,0.5,2.0,1.0,0.1,1.0
0.39015217439298394,1.1061152671497263,0.3216842057725532,1.2913602320950641,1.7119126395101647,2.4287208423817086,2.3430718500233576,2.572355515279656,1.826831716528936,0.006345374786967506,-0.3778747956196074,0.5,2.0,1.0,0.1,1.0
-1.442520381490574,-0.11974948779522188,1.3384731054898351,1.21333891790584,1.701424616638361,0.822515492242097,1.3772926681995443,1.5332201164739643,1.023950369798278,1.3877118257355656,1.1429295182953603,0.5,2.0,1.0,0.1,1.0
1.1157366923826006,1.9756622044692929,1.560751179536275,1.9490395978826394,3.003067892738617,2.3213921543232585,1.9097922801555498,2.4568887551979013,2.364974364578828,1.1841474404750336,0.5640080678205218,0.5,2.0,1.0,0.1,1.0
1.0784495744396676,1.5211496352937717,2.9415108358107043,3.3067269063945712,3.598158013163999,3.9023859702528325,4.91943973604827,4.713279637907029,4.197731728634209,3.2143027316312365,3.3548493476380474,0.5,2.0,1.0,0.1,1.0
1.2627078810629278,1.3310376653485814,2.0223392348758487,2.7396947030072534,2.8439539407906747,2.71192243815968,3.21463952236148,4.255961833534405,4.58017060258066,5.51803376783573,5.44714167623147,0.5,2.0,1.0,0.1,1.0
-0.7567517092249046,-0.5697437358669803,0.3037893690928535,0.31344118077818967,0.2967608015861022,1.1950405831640412,0.11587634351478848,0.36350120392036434,0.5523773332124342,0.3216573120992947,0.4046510135527079,0.5,2.0,1.0,0.1,1.0
1.3875427396250952,2.449688717340835,2.1268972093065845,2.1340341056183796,1.7196273100476311,1.338767221727668,0.8599423731889317,1.9474147383159037,1.3845435619368267,1.730686199072411,1.081408534216275,0.5,2.0,1.0,0.1,1.0
-0.9783190402563338,-0.8513495509622767,-0.3479231758630938,-0.48045605737991215,-0.4827745445217518,-1.1582478782551782,-0.1835533036460658,-0.2598134825758465,0.05023631179752336,-0.7663108595602964,-1.0084276295486245,0.5,2.0,1.0,0.1,1.0
-1.6830945634025434,-0.5813469971177482,-0.031163922811902334,0.3996525683092525,1.6907319364523181,0.23191372497582852,1.3918748989761627,1.047712107248741,1.2897342168455592,1.6354023683506151,1.9954790142769707,0.5,2.0,1.0,0.1,1.0
0.7053971633510295,-0.05475411595059876,0.29864115047256057,0.31826792467263226,0.2505686346525297,-0.13440627932822213,-0.5052835377229445,-0.3111678849759012,-0.8283627649930558,-0.8466216704016964,-1.960298632119629,0.5,2.0,1.0,0.1,1.0
0.9624552003408757,0.8776583744497417,1.2324442656826773,1.451782624437866,1.1051233805265106,1.3362846123131136,1.2147415735623104,0.5439038674714798,0.5407843901870254,1.2483485088052648,0.6268931752128377,0.5,2.0,1.0,0.1,1.0
1.1403633123605412,0.9507891532575153,0.5477309713257839,1.1730274129418135,1.3943714491612946,0.48667218937250534,1.476242227851431,1.0382777368885399,0.7952736564216336,1.3315164970183702,1.6816330703202422,0.5,2.0,1.0,0.1,1.0
-1.4905466003460492,-1.916040910703213,-2.0835225015278733,-1.2670684304239996,-1.6457185857514922,-0.7713876021573348,-0.5542196172168434,-1.1930967813908218,0.40167208391657394,0.4093216823451182,1.0970303385261426,0.5,2.0,1.0,0.1,1.0
0.2763170800546222,-0.24954813785117475,1.0677329847126888,0.8703534025588712,1.160265015313973,0.7866332364204276,0.6517875931770718,-0.9290246719275234,-0.9947170898405947,-1.2166301608901018,-1.681219375615568,0.5,2.0,1.0,0.1,1.0
0.4227141912940997,0.9263327288030119,0.8589372296495796,0.4030666508695838,0.06028843337195838,0.043260275956276205,-0.08115886214623441,-0.8477267779953815,-0.6253132171382624,-0.07804095690391716,1.1574075898082785,0.5,2.0,1.0,0.1,1.0
0.27746793552297294,1.5221325067834481,0.556733192409665,-0.5045870205292423,-1.5582804324020858,0.3628450398886496,-0.40104596151960753,-0.317428896289969,-1.0045160622575893,0.2785071152497015,-0.3116264069174287,0.5,2.0,1.0,0.1,1.0
3.0560325723569437,1.5394604203960653,1.4923770181108682,0.9664661960618213,0.9485866241180443,0.9323370710539453,0.6239632277337599,0.5036406049392721,1.0488939727675874,1.889166525831162,2.2908360412737947,0.5,2.0,1.0,0.1,1.0
1.8586035087482708,1.0600435001834247,1.3526061355466008,1.8463816248222282,1.5142470526519856,0.9684459230032705,0.5543230245183646,-0.07307609561128792,-0.3952289811746897,-1.0395787986491767,-1.3880431990783109,0.5,2.0,1.0,0.1,1.0
1.6650475501563515,0.7180958637195695,-0.5001293924259173,0.4386431881656489,0.1254714702388378,-0.01794403030845715,0.3955940275992895,0.7508683275815573,0.47223929442585516,1.3628758557776939,1.2032341938465125,0.5,2.0,1.0,0.1,1.0
1.2191596506462588,1.7516132917324665,0.6512355895610745,0.9983695960868906,1.8318300591996937,0.9321988038751197,0.4764288715449619,0.4273658173588834,-0.5164447046493184,-1.1561830125880643,-1.2845590897618917,0.5,2.0,1.0,0.1,1.0
-2.0643881871642535,-1.910935335380577,-0.9931721016023305,-1.412228763353906,-1.080019603697359,-0.8120633217070237,-2.3014526326060887,-1.3685691109721263,-1.5268513219493642,-0.028818849862682017,0.680306729851903,0.5,2.0,1.0,0.1,1.0
-0.537581529482376,-0.30202034822892004,0.2813498545483131,0.3067183513008496,-0.4762423888530344,-0.3478420023579234,-0.6366023186652919,-0.11777415898273186,0.1687809715667168,-0.20189809295056405,-0.8904695533168641,0.5,2.0,1.0,0.1,1.0
-0.9824938708690204,-0.4915352682502313,-0.7118357236383288,-0.8619739233923338,0.08878530845356192,-0.48391356378848654,-1.2248242573260877,-1.4001420308232673,-2.154840531669964,-2.8443203535900565,-3.290345756977906,0.5,2.0,1.0,0.1,1.0
-0.9756621402968932,-0.051521833381391935,0.32548329280113286,0.4413556919192413,1.2612120404191232,1.2228998298410225,0.903043633511277,0.42350161181986967,0.35081408413912435,0.729210261421195,1.2787395359183842,0.5,2.0,1.0,0.1,1.0
1.467345601473519,1.8441937481583628,1.2047621194771458,2.142705940072486,2.3497070948510674,2.493715785658317,2.194222887844419,1.8914536339035832,2.0567009380847128,2.709300706521378,2.725588692413879,0.5,2.0,1.0,0.1,1.0
1.1757370929733924,1.2978127366829606,1.0865914621495727,0.7922548438621917,0.999920362498173,1.2791945037503967,0.9945780029388185,1.4698239234356465,2.978306471039056,3.0440816971474884,2.460034423968065,0.5,2.0,1.0,0.1,1.0
0.9232781513408395,0.4696524723135378,1.2068548235510692,1.7236019628765376,1.4824617362809929,3.215896604516227,3.569598268103726,3.4753142706463778,3.687990124686272,1.532582468827778,1.3965092287763483,0.5,2.0,1.0,0.1,1.0
-1.2127744310420276,-1.3421541806572477,-1.3846315831003972,-0.33275663848610837,-0.48016580271103837,0.5763698750216824,0.9079745886826681,0.5441372251799639,1.0678068540406462,0.36323801932342725,0.6827084389060407,0.5,2.0,1.0,0.1,1.0
0.5943162620305961,1.3095633499985437,1.3199217900960298,1.335066580055217,0.5263082020788508,0.8393675167001433,0.18062833981578252,0.4598019923007562,0.6839893662423449,1.6779716030984728,0.6208536836934125,0.5,2.0,1.0,0.1,1.0
-0.0331039969339764,1.1581907982504616,1.3857469909260713,1.1154064814954592,2.01863615878886,1.678110275240233,0.9472213888240996,2.6344763893634937,2.9099999685289863,2.2591928416047344,2.4629695359654296,0.5,2.0,1.0,0.1,1.0
-0.2430501296912088,0.04166015477094512,-0.394530317351627,-0.7420438633922795,-0.2652123192578725,-0.6853445241965317,-0.9499684130409013,-0.7864414339188476,-0.790639025015038,-1.5396377588592078,-1.6939084801346813,0.5,2.0,1.0,0.1,1.0
0.42496358936426093,0.9564887214789558,0.3795056655854552,-0.050493195937282964,0.42556421880541284,-0.11072364969310555,-0.432681409859967,-0.4821210592895271,-1.4921747021883462,-1.176794048212283,-0.9717071275824045,0.5,2.0,1.0,0.1,1.0
2.2604235462900273,2.9625809853770155,3.328242622345863,2.6183900184597397,2.2237884559427585,1.7275646775694706,2.1005430298571244,2.4016481901343028,2.8927263571748822,3.2710154043504565,1.829914197451237,0.5,2.0,1.0,0.1,1.0
2.221443007507594,2.7320119519936803,3.276583919998177,3.2847654314377386,3.952899005747323,4.2435440965413616,2.7795528193517542,2.533078683014572,1.4486929589185409,1.667816194270322,2.14375641371949,0.5,2.0,1.0,0.1,1.0
0.12380507828994909,0.3148282588655983,-0.2796608943970122,0.6773260762364652,0.9161308666656651,1.7583149542589467,2.3815944768626918,2.988496591410984,1.9185646647710095,1.5501241531231196,1.8948156627656556,0.5,2.0,1.0,0.1,1.0
1.7122414780609159,1.4737421497009657,1.5700390386646532,2.2226167573571716,1.9098044855569007,2.1419582033623166,3.5468552607066064,2.7760985165908383,2.3048871357082263,3.347916113012202,2.6461520420160576,0.5,2.0,1.0,0.1,1.0
-1.0461917746275236,-0.7214323682539422,-1.143146425492275,-1.5295323113412342,-1.5862842033293187,-0.862742125370376,-1.1124884043020988,-1.3314815762189007,-1.9943903117177428,-1.5750686916600356,-2.3358550266924127,0.5,2.0,1.0,0.1,1.0
0.3260588700076717,0.3160624389951239,0.7289546518189938,-0.27222272900016675,-0.09528201589102361,0.9630619677343243,0.6585805800320781,0.6105603745789977,2.433481977337094,2.1239187423533945,1.9099630807609775,0.5,2.0,1.0,0.1,1.0
0.8891609795624403,1.6264129867066792,0.49379423211283036,-0.08989246604902823,-0.12103468719352614,0.0077714182240297205,0.2234672197883549,0.49319604314078125,0.994513114737136,-0.03504266261532141,0.22388448608925426,0.5,2.0,1.0,0.1,1.0
-0.8602761621771711,-1.3643442799844452,-1.607309251871029,-1.3436306487361485,-1.8042196631884648,-2.1329572901512988,-0.9955470328134938,-0.2692069065170424,-0.005029972165660618,1.089521194990231,0.2465324684886181,0.5,2.0,1.0,0.1,1.0
-0.09754556195253233,0.3464996821056582,2.0505868528125233,1.3210965362645448,0.22874901484853183,0.4732776461100978,0.5604113479103531,0.8135139297535394,0.423361374657943,0.22341776769294203,0.7492338239046539,0.5,2.0,1.0,0.1,1.0
-1.0151452246765307,-0.723816833330012,-0.8109575296177152,-1.9077539471594063,-1.7432428747198578,-2.4172053883208697,-2.737711362071847,-1.6231215619906973,-0.8613475230782089,-0.537792714588748,-1.008956612293268,0.5,2.0,1.0,0.1,1.0
0.24098568795651776,1.5471321601709414,1.9081964621358065,2.026206342239691,2.1330703288337283,1.3571399208535249,2.7249858296452345,2.1808620162175507,2.432608783882314,2.5230966263113914,2.545903963481765,0.5,2.0,1.0,0.1,1.0
0.3287616638520957,1.2750973057599255,0.4172862209801813,0.4463423961902465,0.5226676949038292,0.2057280552894527,0.3884289076975017,0.09712062223884738,0.6366170403145928,0.4960878936206732,-0.14548775146217285,0.5,2.0,1.0,0.1,1.0
3.9243578056486674,2.3341975959246932,2.0146903603217567,0.284166981485805,1.2537004518800743,1.2172607239008748,0.19578114939602176,0.07804993946939734,1.243106012905059,1.6086464622762613,1.7530756924625113,0.5,2.0,1.0,0.1,1.0
4.343003972003789,4.742480684104963,4.3363773199357505,2.8282869148976566,2.3197760385424457,1.584228496679948,1.5867877949607212,1.3110499309312942,1.5576922936654265,1.5549358224241798,2.049605715167597,0.5,2.0,1.0,0.1,1.0
-0.15099262113201334,-0.7243976913225264,0.3914364153432007,0.6197806784579226,1.0353552950680998,1.5684447668317123,0.8520667326820869,1.5453732692853066,1.274563518417882,0.2954604178601873,-0.0431956175813874,0.5,2.0,1.0,0.1,1.0
4.693550791202654,3.228219355147682,3.0671517514574207,4.413725124287611,4.413382387311455,4.269159343937932,3.4711463900609463,2.9099128497409765,2.261750355386453,1.3126851151358077,1.7565435468429207,0.5,2.0,1.0,0.1,1.0
-0.0679597133268532,0.6997275224221526,-0.4205806771071421,-1.5375073049639663,-0.029688294919328895,-0.635006820116038,-0.27392766287394454,0.5239198336333201,1.0897391626504724,1.4055840028712945,1.9106946417949962,0.5,2.0,1.0,0.1,1.0
1.1829221017159781,0.703074195174374,1.710426695801503,0.7066450619242762,0.5752572163832887,1.4972680163686491,1.7734751848784789,2.6051475979624334,2.6961271806518723,2.772465921024785,3.245965649865727,0.5,2.0,1.0,0.1,1.0
0.5235651050090003,1.7173066268693669,1.2003760883514123,1.764136508040798,2.3400501172736736,1.5712997931450925,1.2011672159310316,0.8695900383470063,2.025826177772695,2.858389143938953,2.5726036153164413,0.5,2.0,1.0,0.1,1.0
-1.6437573494189117,-1.5350556422244632,-2.127631767052839,-1.081110440224943,-0.4756122857578365,-0.5439708299735941,-0.28750741608160724,1.3524606273841824,-0.3181004566834924,-0.16149105868354768,-0.23532620045442157,0.5,2.0,1.0,0.1,1.0
0.802111526815782,1.7140301813108305,1.3616475022128878,0.9737109293018404,1.1464931104007872,1.0381213631537516,0.12244035158931632,-0.45476719063705084,0.298825342595649,0.01113804617864017,0.37433036081099114,0.5,2.0,1.0,0.1,1.0
0.6129198628953161,-0.2730547048973022,0.7509766520326534,0.39531564576574435,0.4943685009888323,-0.30719882507287954,0.09225291518020784,-0.44873258628215823,0.29351184609513986,-0.7841064107057496,-1.6727308173954123,0.5,2.0,1.0,0.1,1.0
-1.2536025250766292,-0.7804118295926745,-1.3456753403506623,-0.823514011048208,-1.0092415984348626,-0.9610256823322467,-1.032929718858191,-0.6777662954010089,-0.4409726583130096,0.1556566076818925,0.7637224003542792,0.5,2.0,1.0,0.1,1.0
-0.025375582477465828,1.131943441988079,0.6587629452102269,0.805626730961961,1.0835158882076992,1.1915600715757655,1.1581261018286373,1.4562794265215215,1.0280611714015229,0.5634662346950765,0.5570253452145176,0.5,2.0,1.0,0.1,1.0
-2.2436561225052527,-2.0565275649843873,-1.6156796831565914,-1.185662021728172,-0.5046630999597826,-0.40506536057062753,-1.1719832217629034,-0.7488701829790168,-1.0690820476793497,-0.9472746250137613,-0.7960780921872782,0.5,2.0,1.0,0.1,1.0
2.9482429015669203,1.9482268484522565,2.3877262103245944,1.7997749306729849,1.8788390312321035,2.518611344386038,3.208257587644166,3.88929477377708,3.1331879879372426,3.3958070931190427,3.0306446285050654,0.5,2.0,1.0,0.1,1.0
1.026523517832324,0.6668466715069399,0.4314707925136282,-0.37067801125830413,-0.3438086428659756,0.09258285908378983,-0.45186107776875833,-0.5507995749735788,0.7336418600902522,0.36565311819394486,1.00533007998873,0.5,2.0,1.0,0.1,1.0
1.1541652121513577,0.7590502479161482,0.19663803151983328,0.08364742015958165,-0.032706329581753096,-1.2255990951447409,-1.4306171007011774,-0.8163840839451888,-0.034197446605799375,-0.37248048053998106,-0.6331231465236238,0.5,2.0,1.0,0.1,1.0
2.013613236328062,2.6795872520048034,3.195276085584982,3.2448930107136507,4.222244869811344,3.860769215459361,2.242533215306608,2.2589829556258914,2.2352221408937236,2.820352175295123,3.1435634440427904,0.5,2.0,1.0,0.1,1.0
-0.956583868707712,-1.0716928300836879,-0.8744138749504543,-1.7623625278448276,-1.7672012892635571,-1.211590784847185,-1.0727966055305895,-0.8587844199996761,-0.033563619288687674,1.2896418455669876,1.1925669804051577,0.5,2.0,1.0,0.1,1.0
-0.22749984787682895,-0.719152720684774,-1.039938049524386,-0.9473841544990128,-1.3522381454381085,-0.10573496940781535,-0.9671338161490095,0.34974985825399296,0.7706461668196318,0.8437993539506257,0.4827690289339152,0.5,2.0,1.0,0.1,1.0
1.4933845317708858,2.2423370945394048,2.805815786388603,3.4302968274153662,2.465258433030085,0.8949863538281535,-0.1686563231732735,-0.8002882888267688,-1.8521962347809517,-1.5768799142279737,-1.60435547137377,0.5,2.0,1.0,0.1,1.0
4.398211823374345,4.182253193780731,3.147429064512959,1.663158175433654,0.8648004951104221,-0.31959099709454464,0.35305927009631033,-0.1606579584923219,-1.0862864473903915,-0.825706506663079,-0.6201941035062579,0.5,2.0,1.0,0.1,1.0
-2.5454482735890176,-2.293712882157193,-1.9660712866843286,-1.3520778513142584,-1.1774989679952712,-0.7541854343369505,0.9043898955815407,0.35547053280288066,0.3837228139477382,0.3337947733016549,0.48612564560814264,0.5,2.0,1.0,0.1,1.0
-0.15610666408382928,-0.14587858686295474,-0.933896949378226,-1.3036069453408916,-0.6302855361491753,-0.052978335948958954,-0.16642987414110755,0.8380787033597021,0.981539875843036,2.2275186335383235,1.1798644123096762,0.5,2.0,1.0,0.1,1.0
0.8597841851958529,0.9458561897275135,0.24801236641417412,0.7309034257527367,0.21936050960834186,-0.43853145548778955,-0.7358284479928101,0.2615313375088294,0.5893030218466684,0.7542478184688757,0.3225876421070217,0.5,2.0,1.0,0.1,1.0
0.6949012673870332,0.2235770055438177,0.4291720250546158,0.09070654580234072,0.9114247146337551,1.2849998818361088,0.8719601758570121,1.4318549148066055,-0.25528940119672283,-1.381838358701403,-0.5005917848952951,0.5,2.0,1.0,0.1,1.0
-0.6059430536259859,-0.5069460787221465,-0.3580327455338981,-1.4043641484161196,-0.32922784257942705,-0.36023122423899623,-0.2527760262875421,0.8538981176308748,1.0652893964548096,1.4235370007532233,1.1946298405062066,0.5,2.0,1.0,0.1,1.0
1.6393894993940925,1.5933787622123332,0.810431319796448,0.20574786488603747,0.6568133677070843,0.6966572723823212,0.8870802057163716,2.0656436012145556,2.7477311829165165,2.125911543203942,2.728856822608283,0.5,2.0,1.0,0.1,1.0
0.44393764685398585,0.21991973252825514,0.017503162129146432,0.38462097099607806,0.7633897645752448,-0.00552578970670492,-1.3559100600304972,-2.5820876603474936,-1.7693698119744528,-1.3033569095557225,-0.5640819060066572,0.5,2.0,1.0,0.1,1.0
0.3941611456424001,0.12325799777176366,0.3587320677360253,1.7164825713825198,2.3300327723107896,1.6485943364360303,1.7724005977053632,2.063834634884997,2.1754456325903453,1.8943174838143344,1.4672994161406052,0.5,2.0,1.0,0.1,1.0
1.2160802134893633,0.773747768621561,0.3534552620930221,0.06417179257018851,0.1586958011616336,0.45193869048124624,-0.041332312339638244,-0.18765090344493246,1.0159109527657084,1.4564832808838735,1.5733718739403921,0.5,2.0,1.0,0.1,1.0
-0.14849680826821038,-0.565261186520781,-2.0854296573570457,-2.36604107199337,-2.042924874338306,-0.8565995437531,-0.9666191151656909,-0.29837207939760435,-1.6818673932705315,-1.8392951173279102,-2.3744555565093295,0.5,2.0,1.0,0.1,1.0
1.9412233290590262,1.6804069641298076,1.6144602749216306,1.0423547815927598,0.732168408769349,0.6266259645247201,1.15790632650153,0.8698680747283661,0.4984117735497497,0.8366301766391686,0.4140619746079982,0.5,2.0,1.0,0.1,1.0
-0.7184085704088505,-0.16864455299580744,-0.4090695364171198,-0.23543338217489568,-0.7200556458881364,-1.1120386955491275,-1.0408089269157332,-0.3313435075296528,0.09138993548617846,0.6924828850075662,0.600541356563201,0.5,2.0,1.0,0.1,1.0
-0.5658677663250554,-0.4934089536597906,-0.2638776566228304,0.3263467247563686,0.056383305504621894,0.2336911029739104,-0.3150153337302063,0.06115748108735408,0.9539510364827413,0.7019444124603049,1.4226085852506958,0.5,2.0,1.0,0.1,1.0
1.9326583110251898,1.5547062451574816,1.44619244119983,2.1532295285701135,2.3433196166754975,2.998749203080198,1.5663958972234333,1.3907651247806743,1.8515201650900535,0.09937149868022033,1.4829518221023403,0.5,2.0,1.0,0.1,1.0
0.1819757258245144,0.4937236573649827,0.20441215638194477,0.6256845459222227,0.5232822205300052,0.2912538356117673,-0.4515432712791976,-0.6453506157713347,-1.0098989917609251,-0.0750770723534292,1.2549913409512488,0.5,2.0,1.0,0.1,1.0
0.30029696807200207,-0.14166523665780478,0.477896357755228,1.2107386508256397,1.4084569281891401,0.8172244400022707,1.223434115138166,1.4041800782433398,0.7362392686110769,1.1386337916313352,1.2983411910811924,0.5,2.0,1.0,0.1,1.0
-1.4195883483804244,-1.86376838911877,-2.048500251827998,-1.2260772564994173,-0.17808156962529986,-0.5700843284205154,-0.4545290067000609,-1.0992019299539812,-0.899296123364865,-1.178399778835031,-0.7688087253065329,0.5,2.0,1.0,0.1,1.0
-0.028804478403812096,0.13901665978938707,-0.1392682492968253,-0.8850588006165553,-0.6685765913451812,-1.2156202305980064,-1.4597771623384739,-0.9414914785869366,-0.06200722926452806,0.12368750974069398,-0.7207117047339369,0.5,2.0,1.0,0.1,1.0
1.4515135103502106,1.4649953137949963,1.4702609829512463,0.906904910115581,0.15638701678344236,0.6525926986971414,0.500904067944831,0.8560247078006961,0.6414406733359213,-0.260299918110655,0.03854768546498458,0.5,2.0,1.0,0.1,1.0
-1.2042461602153036,-1.987041157719812,-2.103097697397266,-2.4124253704437617,-1.2846886706305565,-0.9524701777006628,-0.04651228872219115,-0.6680129035996045,0.5624784623878925,0.5002214604274096,0.6839537969012432,0.5,2.0,1.0,0.1,1.0
-0.651539474762363,-1.3655084360676821,-1.3938124898258206,-1.176924659891454,-0.1997275070762652,1.1795263541376833,1.4906295805155265,0.5503027216094745,0.6134624168911585,0.48051899853326097,-0.5211805162778715,0.5,2.0,1.0,0.1,1.0
1.6276066385232437,1.04465086890825,0.7653899223995694,0.3616175536966323,0.8112800532595262,0.9585356077371979,1.4405937096307748,-0.36622667914752594,0.1101249125782846,0.49620168161872463,0.16266577229840418,0.5,2.0,1.0,0.1,1.0
0.6101430999812018,0.6139976713516303,0.6771841757294216,1.380787692098287,0.7981632736008039,0.8343364559250116,-0.07733608702573969,-0.6964855083538329,0.645813822254924,1.1821352912755763,1.007106949322298,0.5,2.0,1.0,0.1,1.0
0.1627518973073218,-0.2533871146116322,-0.5222283298444101,-0.7971185385324351,-0.39919793292708755,-0.5433112979174671,-0.6997962919467327,0.2042582544714061,0.25272518960428786,-0.29650185531008716,0.5958514282947128,0.5,2.0,1.0,0.1,1.0
1.0043127564612617,0.7119669105519447,1.920411548593757,2.315708726824418,2.6745006738235744,1.8794263399591546,2.261606491835196,1.8524905581859692,1.6296234360097095,2.5590081832589853,1.7763494380728382,0.5,2.0,1.0,0.1,1.0
2.2803692471918535,2.325072735430272,1.1826960775252333,1.850986653190219,2.0337822514129136,1.3129545673802014,0.5742967326042226,0.8391569948530919,1.4486430444852245,0.5860799084303389,2.060939029018385,0.5,2.0,1.0,0.1,1.0
0.31609821028454005,0.12081950845294975,-0.3916473628414527,0.536823638650367,0.5711021846158463,0.11619595616658968,0.184719907958446,0.3250399720429341,0.9387609586918886,-0.47122627059776967,-0.5203834244656129,0.5,2.0,1.0,0.1,1.0
0.7079777437427152,0.1800417164251824,0.5170681291631799,1.5980655190880073,0.6975255221129805,0.8418759287795642,1.6052792269068212,1.759683465307858,1.535686469098798,0.8057777243483356,0.2964249451552543,0.5,2.0,1.0,0.1,1.0
-1.9189876748595593,-0.80242507339203,-0.4640372738329922,-0.7360759064401992,-0.8934484317773905,-1.495074362115933,-1.3856677057121982,-1.6969964247258513,-1.627224143557104,-1.7383450511309122,-0.9001948750931357,0.5,2.0,1.0,0.1,1.0
-0.6889162015683039,-0.9125922543607626,-0.5412894612310216,-1.2143436737363755,-0.3796014568053495,-1.3465307077657025,-1.0649348986301408,-0.4834068333638806,-0.17373133370028193,-1.0164703169173146,-1.2773161826158648,0.5,2.0,1.0,0.1,1.0
-2.7123198676718507,-2.91702143792628,-1.6982623713501623,-1.0501363432957074,-1.8624541065005031,-1.9022053116217932,-2.121189142470852,-1.6140348471725385,-0.9624170635124436,-0.9041464944534757,-1.518603452483281,0.5,2.0,1.0,0.1,1.0
-0.13658543098249956,0.015316952866083089,0.4755745223481432,1.5856796574257002,1.4588004982870153,1.6369831059241307,1.9669559468261526,0.47169764282280346,-0.36719809484113675,0.8207118421564077,2.1789903090990856,0.5,2.0,1.0,0.1,1.0
4.080853815886346,3.08074939700992,4.199906751888331,2.73561279664865,2.168950928057475,1.35331996355063,1.5120864736617665,1.1396788226036418,1.9523339658181895,2.849070910109565,2.519776117524599,0.5,2.0,1.0,0.1,1.0
0.1032014561739818,0.7526880271592662,0.767575144387862,0.6043065167117526,0.5774125930272322,0.5599363115615662,-0.7614622789985043,-0.12905617966412808,-0.7216569585830682,-0.5486431395888671,-0.6906067284169237,0.5,2.0,1.0,0.1,1.0
-0.4952957604605699,-0.08322662057662655,-1.0449435025261242,-0.20029423316191808,0.10493621576909032,-0.11493348745899867,-0.0655569697767867,0.7422337909801474,2.0696696068648617,3.4421210864413085,3.646380161373052,0.5,2.0,1.0,0.1,1.0
0.09100370994198463,0.1080672218477149,-0.18512700371960839,0.15766196032294283,-0.29797115581102707,-0.1763701543169047,-0.13483339372972247,-0.3664888943415367,0.2517283822131998,0.8053592092493624,1.3492655929389172,0.5,2.0,1.0,0.1,1.0
3.0322423657787563,2.1463158300307654,1.9796749526283592,0.4884933070225457,0.7295847288871823,0.9908267343705075,-0.6477055128051531,0.5130907661443957,0.14314862738325734,0.3815941002349459,0.8049079211381648,0.5,2.0,1.0,0.1,1.0
-0.8562129883941721,-0.5077371921476452,0.25801382353107727,0.8486837265580918,1.1154424332020396,2.06944375179605,2.374028703174971,2.39797614281712,1.5235544475807044,0.8773876899986219,0.30138762832132604,0.5,2.0,1.0,0.1,1.0
1.7621156866772796,1.5470139295531864,1.348916926464256,2.2065696125832934,1.7522605836684242,0.743967484723428,-0.20997868182354495,-0.5087080959863008,-0.9902671896513595,-0.022176601580759958,-0.4004978138861251,0.5,2.0,1.0,0.1,1.0
-0.9045284510082265,0.07948172045946844,-0.018677218626405534,0.18171533514892793,-0.43070173244570426,-1.706311425083689,-1.1041654029288184,-1.7393018689398403,-1.9527016016433927,-1.4437907235260763,-0.999460810926494,0.5,2.0,1.0,0.1,1.0
-4.650854709940019,-4.799377735475061,-3.6093906379855363,-3.487530300875163,-2.7168655086089646,-1.9368540068728455,-2.111860728526826,-2.865601644130863,-1.8450935123831487,-2.2135163135890465,-2.0155737963830944,0.5,2.0,1.0,0.1,1.0
1.4859773582937348,2.579120227286956,2.5020372715036068,2.3306372695581676,1.1459646325970512,-0.07307198124919201,0.17651732009756044,-0.8633336498226588,-0.4697838213228207,-0.6837866791011866,-0.3377589387769359,0.5,2.0,1.0,0.1,1.0
-1.2026065157024841,-0.41000023498225846,0.051054656139401855,-0.13227992502769598,-0.728516976328098,-1.0123269921783076,-0.5573460623793568,-1.1694327484848797,-1.8392861517744628,-2.239992498781076,-1.8345024281984437,0.5,2.0,1.0,0.1,1.0
-0.6433987001973197,-1.7202406146017561,-1.3443295770386785,-1.1054100577063548,-1.5210942016931035,-1.2181626201864872,-1.3818882721027834,-1.4718034452054058,-0.15661566086086776,-0.3235744955632045,0.580135343552947,0.5,2.0,1.0,0.1,1.0
1.7903106968748757,1.8309552653584562,2.1900508614497407,2.0414819824416703,2.2118054794874236,2.2238787178659662,1.785795113780448,3.0326762221055557,2.4803912437379676,2.5727392214806564,1.9242561701236665,0.5,2.0,1.0,0.1,1.0
-1.1981312040316863,-0.6901124942147521,0.22271942311266113,-0.6694380334225664,-0.5139059076774634,-0.4191315647606962,0.10949546051609355,-0.001292004825721338,-0.04396420152265504,0.17652617904039936,-0.13280750127362662,0.5,2.0,1.0,0.1,1.0
-0.9768018842733589,-1.2471037054402367,-0.31833149997195087,-0.8026304218233784,0.10695056677744896,-0.37750281113548156,-0.015414038229435933,0.02827189414274964,-0.5807018185180923,-0.9742499996941476,-1.3287721756026933,0.5,2.0,1.0,0.1,1.0
-0.901539073943089,-0.6192937860319834,-0.7258032446210265,-1.1469667097368905,-1.5775718219668722,-0.9633882373692115,-0.26376240240884596,-0.7313158119098835,-2.2144435743505717,-2.1082920521851607,-2.3190406721650976,0.5,2.0,1.0,0.1,1.0
1.0016633287665524,1.360130586761172,2.529621563225498,1.4713657812740553,1.8643949937632902,1.2774315231004172,0.8124352327641153,1.9747653670108694,1.727865594781057,2.4013235494663663,1.5719584204045205,0.5,2.0,1.0,0.1,1.0
1.3054237573875087,1.2112600779306721,1.2116920531744222,0.7603893123917049,1.1890466777800182,0.6583377648787776,0.76297189127507,0.22001389510935254,0.08813574061558471,0.7865493951802078,-0.10469898150032775,0.5,2.0,1.0,0.1,1.0
1.301191670098009,1.6314638473750191,2.060084877321163,0.8515885630828897,0.5427155632920642,-0.6973423147877544,0.16078813854510499,1.3538229956664014,0.46421900106857583,1.6930298625475255,1.1086214502897542,0.5,2.0,1.0,0.1,1.0
0.868536638118978,2.1997238614915995,1.6733301604891222,1.9763550186357102,3.4861382308889723,3.3835488330038754,3.7122487004404343,3.29889407812218,2.3264442399772,1.7511470034066854,0.6561009350241551,0.5,2.0,1.0,0.1,1.0
-0.9991993849267005,-1.4751601016581595,-1.1040878331063473,-1.1954495299562065,-1.62976660381936,-1.7263329333753092,-2.10171822285188,-1.6747991592390976,-1.1025383714788046,-0.636231634940263,-0.5221503574221962,0.5,2.0,1.0,0.1,1.0
-0.19031861005774636,-0.01394440855409071,-0.4412439262048697,0.7518999288616439,0.1616666886260818,0.5406902535091109,-0.13121022824093498,0.813814239234035,0.7885745230837669,0.9682089451043077,2.239227396561523,0.5,2.0,1.0,0.1,1.0
0.1561084496562159,1.3594451033159414,2.8562349346991427,3.268278131220865,2.891296826858458,2.5446996218344564,2.701113195802515,3.438425940891481,2.059626114593966,1.4026739667726105,1.0048224803669892,0.5,2.0,1.0,0.1,1.0
1.8246080289534976,1.8311846303349935,1.7488389318195743,1.9933218427560275,2.312977331497859,2.0273148227175968,0.8286080994015492,1.8999142531974775,1.6354081340026487,1.7533291757766873,0.8432634442466722,0.5,2.0,1.0,0.1,1.0
3.1837995653201383,2.8720727859506647,2.367451452874668,1.9683926908853646,1.840988561867892,2.461434742329862,2.179960252810058,2.265477272402549,3.084386144036163,2.2364419109621387,1.7679313102832475,0.5,2.0,1.0,0.1,1.0
-2.696661130624923,-3.401862816963824,-1.6631731461035562,-0.9668599872385149,-0.894969240575458,-0.05095579861522359,0.13540220280972826,0.23702050540737676,0.42218584549006943,-0.5583032970579556,-0.6102404492477875,0.5,2.0,1.0,0.1,1.0
0.19445714829670713,0.35613579928080163,0.17849853490820736,0.34113151506494455,-0.4558000036656563,-0.5574627600134592,-1.065331404784606,-0.6670849850065315,-0.7000699322653604,-1.4615004193847898,-2.2707672346674226,0.5,2.0,1.0,0.1,1.0
-0.4355956824223889,-0.17209067938506248,-0.3252094709324014,-1.2724742777801596,-0.6187950000752407,-0.8955688325994078,-0.5195661632486317,-0.40375213184973147,-0.33229278528788997,0.25637222172484475,-0.5572273858881216,0.5,2.0,1.0,0.1,1.0
0.324342065466419,-0.055197126587355094,-0.3285243875218903,-0.16589878844643885,0.02741993233833477,0.2464267576997424,0.954367281850993,0.5113150479355585,0.7115628443303421,0.9164708714363324,0.7610210265585171,0.5,2.0,1.0,0.1,1.0
0.3703455345847937,1.3569668279310103,2.6238430272926205,3.321480919050468,3.084527421778536,2.525391497388188,1.9871236995250392,2.792696898236921,1.1857054559575848,0.91664912532265,1.348885602351658,0.5,2.0,1.0,0.1,1.0
-1.36960488735517,-1.4458070476826295,-0.7503058561130355,0.013742564413708802,-1.0402189574232246,-1.2853948536251156,-1.0453390835387733,-1.9833268405376687,-1.603888048569934,-1.7436836696313172,-1.6160124010339207,0.5,2.0,1.0,0.1,1.0
-0.5746388047496076,0.4989585839520337,0.22355879431879866,0.35522156746388645,0.31604164205180146,0.4587876760230665,-0.32013593612547847,-0.25099639316631817,0.19863123988517084,0.29747229442224804,0.07318475195626306,0.5,2.0,1.0,0.1,1.0
-1.167656136848885,-2.348629894067137,-2.0124927737058265,-1.2365876821043602,-1.7899656943798634,-2.006113170470747,-1.8504710555431938,-0.935128769077525,-0.7210563069400878,-1.243668041464042,-0.7006327400506778,0.5,2.0,1.0,0.1,1.0
1.9495496186256929,0.34335747906457903,-0.030450803878066535,0.38414583976363537,0.6839802008110956,0.27063255724757834,1.1562768062823983,0.23271362735107715,0.06071452885799811,-0.4188289151511316,-0.39658520018727833,0.5,2.0,1.0,0.1,1.0
2.4937010121444736,1.8509681856825697,0.936995977990506,0.4440126738437721,-0.14808689447872164,-0.6031823456582882,-0.18238781712533136,-0.15441682705324022,-0.6654316243613291,-0.9846698704892931,-1.1016031952729852,0.5,2.0,1.0,0.1,1.0
-1.299166266772368,-1.098193057277782,-1.5797103562151944,-2.7919161606796505,-2.4386236472067915,-2.0487342094528955,-1.783412425862286,-1.4061555439914226,-1.2647790225282203,0.18312499534560045,-0.8116957801646432,0.5,2.0,1.0,0.1,1.0
2.065629311141705,2.2980603847972683,2.5461835035183635,1.9155892923115374,1.7765534532135117,1.6222779596439163,1.7706661402791675,1.2149566206178217,1.9372214313895133,1.6758001812025645,1.4225121305555963,0.5,2.0,1.0,0.1,1.0
-1.4738597462663268,-1.4763214738623445,-1.609131635382509,-1.7539170057513918,-0.299197256502824,0.02251410940857365,0.6003716375319588,0.15176996156288264,0.5130203038354502,0.058989622251609586,0.0356010414837139,0.5,2.0,1.0,0.1,1.0
2.247365003105571,1.8522425735430381,1.6889791216698147,1.9833503328719668,1.153897092922177,1.3601389574312355,0.02188870680749111,0.03441690344696699,-0.04354501093171241,0.2662980545979162,1.237636267002267,0.5,2.0,1.0,0.1,1.0
-0.25483072849023564,1.0746122883869955,1.5858040582575954,1.2051696564776528,0.6818563680104213,0.29853231943443104,-0.31833062870445383,0.24223369706258224,0.7982525277828876,0.3827261725939363,1.010697302639473,0.5,2.0,1.0,0.1,1.0
-0.30712439119486745,-0.31853039659846105,-1.0406857645718322,-0.6548824515748607,-0.3235314357180905,0.7850641356252759,0.15825228188133933,0.9017340666960896,1.6881555375061499,2.5394509424240947,0.9857997081283771,0.5,2.0,1.0,0.1,1.0
0.11508246938228496,-1.6865051273000553,-1.9405555436582653,-3.066865322777921,-2.478447282308099,-2.839587990095113,-2.8729030205806843,-2.291638057031857,-2.2422253979194133,-1.6647624834402643,-0.9868780389760288,0.5,2.0,1.0,0.1,1.0
0.3089124049159604,0.7466554888428569,0.6374312981130998,0.35118996330165014,-0.6270839835860613,-1.0359871261847882,-0.2838453032593704,-0.14078762882224666,0.6240782524895326,1.0969746719224966,1.7989373780503084,0.5,2.0,1.0,0.1,1.0
0.4395780503583844,0.41436386961177246,1.2264954590227766,0.7188726641945258,1.8713778067076867,1.6531838014971794,0.5615640945969439,-0.6040875822827064,0.053308664698794306,-0.06292359630761894,0.3837397310265106,0.5,2.0,1.0,0.1,1.0
0.11629443710575128,0.8139631329833692,1.5376878616677474,0.9080451698688706,0.060751419924221395,-0.014670045624535347,0.15995135148808282,1.2436582305296955,1.0169899449445077,0.4690452734964405,0.6463192618464038,0.5,2.0,1.0,0.1,1.0
0.03806098280747362,-0.16436466440107816,2.1097042769143663,3.3476278826253156,2.885011037148555,2.448276723944021,2.210875316457207,1.4462691385958162,1.0412590650546838,0.6785456153263936,0.2445965906960828,0.5,2.0,1.0,0.1,1.0
1.9624810149289305,2.631328229997777,2.450810421670868,1.3772526707938404,0.6384168912664047,1.164710753137344,2.2126579147229055,2.727415012119292,2.983630678927084,3.675374745267981,2.7825003044492016,0.5,2.0,1.0,0.1,1.0
2.3155495547541762,1.893595059165792,1.8459462976566603,0.2882544828908373,-0.2672028472989207,-0.643945091238889,-0.4643074404810802,-0.6460988705978039,-0.6847989494833545,-0.9871054814634497,-0.5926355998697209,0.5,2.0,1.0,0.1,1.0
4.973902908166578,4.58661161118565,4.5128670952729655,4.225632812050147,4.362237946982057,3.908823416586668,4.193459307788329,3.3641582742240015,3.1878386753876082,2.2171456498260014,1.5400129291641287,0.5,2.0,1.0,0.1,1.0
1.2742292928553838,0.5629862212726898,0.5482054339272485,0.6790013016219381,0.9459341273866076,1.8296303440944275,2.508487621449328,2.5221707735519048,2.5202348759266053,1.7240463200486338,2.375136974399707,0.5,2.0,1.0,0.1,1.0
2.1840303659137614,2.2651844219068153,1.5729122531995587,1.996449189056675,3.580968535155977,3.7088454196740837,2.454295709001879,3.104451435385152,3.7617086112055267,3.662271787158693,2.670596699714164,0.5,2.0,1.0,0.1,1.0
1.643702194812613,2.597379801182883,1.5517594195972613,1.7898840229385184,1.9949196729758156,1.521260715382009,1.5897590638856607,2.4086076755309267,1.980856510731016,1.1934056876761188,0.9055032448896961,0.5,2.0,1.0,0.1,1.0
-2.579731057135767,-2.5984256684153415,-2.075852487985955,-1.557070579117753,-1.3084108168426392,-0.09045543756311836,0.19992850855791872,-0.3812415599642317,0.03978836447009132,-0.13365924468923143,-0.6198511948109854,0.5,2.0,1.0,0.1,1.0
0.16974178063533657,0.19146457273693682,1.624976190131919,2.463615890291393,2.816263418978571,2.866741516526605,2.5888153378010115,2.07299175797499,2.445638797377507,3.8769033953860204,3.192951210928799,0.5,2.0,1.0,0.1,1.0
3.4545411959707915,3.5492323271292823,3.6918174488267788,2.621973020135247,2.0888376022279465,2.2480860189748255,2.0925681606530024,2.381623546217767,1.3518621519342262,1.242600352768624,0.6831962416235418,0.5,2.0,1.0,0.1,1.0
-0.11209857917305628,-0.13000795499910367,0.6610134287584668,-0.06842307126066094,-0.3355227244065306,0.20741945371212006,-0.4425456151043745,-0.2016224059587881,-0.26788942646512204,0.5428552250718952,0.20377755277335896,0.5,2.0,1.0,0.1,1.0
1.469637735982854,2.2751478794912394,0.6222939037774362,0.7905116960110496,1.1041178171354353,0.2591100756701312,0.05533175659777631,-0.9392166342812303,-2.229142599791584,-2.448402573692079,-2.5548426884934226,0.5,2.0,1.0,0.1,1.0
0.3265056362736314,1.204828247682892,1.4106096807269497,0.827822977650858,0.33083558746242314,-0.6234243054245803,-0.5578140579304658,0.6017329803233671,0.6436792487930129,-0.7266810858653125,-0.06735385294125673,0.5,2.0,1.0,0.1,1.0
-0.06819994075904448,0.6342246037970619,1.4556653762709812,0.9607689870063019,1.4695475550159547,0.5201488250825749,0.37602669491908036,0.20656394052053412,-0.02054821074358487,-0.7703427980798389,-1.070126628231419,0.5,2.0,1.0,0.1,1.0
0.07138275061058218,-0.27439754860141286,0.3602449637405559,0.13415031425215215,0.42933326127427374,-0.46805353788429926,-0.3904551302689368,0.5020090147785341,1.1823973496552842,1.4871620998690331,1.9958416211818713,0.5,2.0,1.0,0.1,1.0
0.4161960951430052,0.20793684480803157,-0.28111297514138983,0.09945200992040698,-0.8385619662352033,-0.11755844229149615,-0.17182824976182892,-0.4327870235378429,-0.2833700877051022,-0.5793702527859759,-0.7345377707305794,0.5,2.0,1.0,0.1,1.0
0.8246950813151341,-0.4602555677930258,-0.25374173976275405,-0.11023378709560833,-0.03423590292163871,-0.04584245335776445,0.2643332770920363,-0.6154861485221786,-1.206637076524233,-0.8868215496538565,-0.28152465822131734,0.5,2.0,1.0,0.1,1.0
2.221816123143943,2.086412742953369,1.9513778426889858,0.6320823087904099,1.560373018074594,0.8810050760820337,2.02699575801653,1.8624286948852444,2.1814804035899886,2.1564866409455066,1.7358480158530445,0.5,2.0,1.0,0.1,1.0
-3.6807804783504414,-3.7724057551118113,-3.9849983294362126,-3.7694437348059293,-3.439890415858053,-3.1266237813135525,-2.0057465203589886,-1.5425090052341033,-1.2961962923632953,-0.31715104170277497,-0.48029372207201193,0.5,2.0,1.0,0.1,1.0
0.9980145210130091,0.5061844800661922,0.3809725911579957,0.5803742660131164,1.6129626927535574,0.8611257123089407,-0.4630831889048336,-0.35555617926383876,-0.39993465025123826,-0.5053774468548784,-1.179088170580761,0.5,2.0,1.0,0.1,1.0
-1.0923355404316497,-0.583001947156178,-0.7049886159044023,-1.2867492681147823,-1.3348007373299222,-0.5887454487591188,0.33039974704553166,0.6153271539100122,-0.35137759534622437,-1.095339136651941,-0.8292032623931075,0.5,2.0,1.0,0.1,1.0
-0.9925160953533101,-0.33987660075886916,-0.8639794849228368,-0.44962276594081346,-0.3654912508722353,-0.8690419067429508,-1.2575772366928404,-0.6913669498313268,-0.5263445779356993,-1.4009347755830286,-0.52741016627567,0.5,2.0,1.0,0.1,1.0
-0.45008844550065097,-0.07433466205028139,-0.1265682588986106,0.7593061564451238,0.8557420392083344,0.6033646661179242,0.48471574325939,0.199602166087737,1.374677085417106,0.5753318219523718,0.7928907000438823,0.5,2.0,1.0,0.1,1.0
0.12256110841919304,0.8484647014048976,1.1933212050711028,0.3152647459275457,-0.02585040770727781,-0.29279758001543676,0.5705010799279024,-0.9257804620787289,-1.136448613956957,-0.6686476809652498,-1.7690600361785533,0.5,2.0,1.0,0.1,1.0
4.783795980661438,3.976716220202878,4.1022879828972245,3.28366525246089,2.4788918279589165,2.0902343064273743,2.5469519646341117,2.785012752379091,3.3150250633466767,3.796294953276562,3.558410817411705,0.5,2.0,1.0,0.1,1.0
-0.9853957882770829,-0.1967367038498673,-0.4472571213458108,-0.9571204460047642,-0.8600521180449033,-1.3415692465165239,-0.4895031696619494,0.11913875613062452,-0.19286218258431853,0.6550581924039693,0.37061670425995163,0.5,2.0,1.0,0.1,1.0
2.5073022233802162,2.438734488664551,3.026434555055537,2.5933724871046615,3.3174808715358357,1.8540270262446044,1.8945972249003804,1.8918129483766433,2.301170492195334,1.224485418735417,1.2221879104258004,0.5,2.0,1.0,0.1,1.0
1.0880221203383988,1.8788824400828439,0.4969832725828094,0.8112704494280132,0.1143937352959955,-0.08859331972618409,-0.6288408785137152,-1.0044619968922492,-0.640891960602416,-1.5082507931109155,-1.5100067800593444,0.5,2.0,1.0,0.1,1.0
0.9825172165421043,1.6390866218011402,1.9193502103834774,1.0657191066090248,1.6343488472585308,1.5822607992478965,1.355882370465573,2.7846196509321275,2.7634669852659743,3.397003787288591,3.318711734102102,0.5,2.0,1.0,0.1,1.0
0.36855916232967884,0.9107038833384111,0.19662028270327803,0.06115019335182778,0.8486058170577149,1.18888865152927,1.0733353446772624,0.9295505404922443,0.9182530841311436,0.7120340922647553,1.2841938788016687,0.5,2.0,1.0,0.1,1.0
1.2825344917456813,0.43514808606202404,0.914173994952766,0.39908666311954794,1.3022625177945937,2.0906288142031753,1.465866420252443,1.6144800302375024,0.9469302686159857,1.1348283510166777,1.1684398980102295,0.5,2.0,1.0,0.1,1.0
1.6009940342778395,2.1740369271670605,1.5152552417581966,1.4417604341459738,0.5518818631139722,-0.692456419017516,0.22927081006394323,0.6955255652902981,0.4620035688783357,0.3103836507949437,0.5743772200115985,0.5,2.0,1.0,0.1,1.0
-0.2297955229861442,-0.2912714046508358,-0.8714970090246836,-0.6096940051009372,-0.9189169612497388,0.9274968479673182,0.07684584587242516,0.7062971108452415,0.28031382407617245,0.413841389109061,0.5718890931748097,0.5,2.0,1.0,0.1,1.0
-0.10530393980836641,0.6821367853149856,0.5502174307357568,-0.548735829018572,-0.24419255195311987,-0.23696355909651082,0.0507693017403347,0.5592799619742506,0.46031392944463,1.60028115864155,1.4648949444675197,0.5,2.0,1.0,0.1,1.0
-0.381494195759238,0.15601920815877152,-0.7581603758408406,-0.7499515613134436,-1.3539168201808112,-1.0542920299374887,-0.34640561659429003,-0.5996450708902561,-1.645860665112739,-0.9166896308241027,0.837165422572369,0.5,2.0,1.0,0.1,1.0
-0.8453224954799606,-0.1481079571224886,0.415739263898827,0.8660204694879692,1.9813736284424122,1.1627356755155538,1.899423157017404,2.099930964105878,1.2244495747938147,1.4650875706489483,2.2113275231505543,0.5,2.0,1.0,0.1,1.0
-3.2959383375594125,-2.977669764685254,-3.1035119813475207,-3.711796305786933,-4.0462801921525395,-3.6377086425857774,-3.367233710171787,-2.7746622495210067,-3.419558841409996,-2.278233534986877,-2.05307199941815,0.5,2.0,1.0,0.1,1.0
-0.6075064399588201,-1.2128833278447784,-1.579866889544292,-2.071077942718147,-0.49120505610677,-1.0996703468139128,-2.4753428438146985,-2.347040918870079,-1.8734668528477727,-2.295705532097096,-1.246776989303183,0.5,2.0,1.0,0.1,1.0
-0.5898703073736791,-0.26546651529978815,-0.31105454171889296,0.4003443450659054,0.6841668561373871,0.5274967183741569,0.3383365846736981,0.26193179873659467,1.9450256779951622,1.764446931139091,1.3518925026252726,0.5,2.0,1.0,0.1,1.0
2.104837100549282,2.2385789417086546,3.155631670645258,2.5889472136630345,2.2714744334677417,1.9553054437347144,2.1502012794614505,2.112062574644781,2.2673052799968514,2.654737890512984,2.200176573668667,0.5,2.0,1.0,0.1,1.0
1.183564125985037,0.6845236410610742,0.6405805658560185,1.8095694740158015,2.013292596178475,1.460171301382975,1.1335071594006816,1.221714488840104,1.653737020035491,1.5702073738122673,2.135189335086702,0.5,2.0,1.0,0.1,1.0
0.1042917737999561,-0.15646211171050198,-0.6075416866241176,-0.4499720334785623,-1.1205784184500414,-1.0790450864348853,-0.6848284503638218,0.021798877760595636,0.0006319577510391916,-0.14792424956037453,-0.46908710093330763,0.5,2.0,1.0,0.1,1.0
2.0563239120608805,3.088189055782099,2.9062388292244523,3.7225497879994425,3.252576836940046,3.540430806404802,2.7027621341630175,3.2023777921714127,3.527008600721889,2.384284965128766,0.9207604155652425,0.5,2.0,1.0,0.1,1.0
0.9876882122862995,0.07657145007736699,0.5847901058217178,0.5870406266686709,0.35111025786671474,-0.11880364340664673,-0.3704854595039379,-0.004567759853079056,-0.07900627957370726,0.04548720089121969,-0.7935399330153061,0.5,2.0,1.0,0.1,1.0
-1.1546894956834273,-1.1732237356945494,-1.8897302782115655,-2.5979394011070536,-2.9824780500883694,-2.555207745681456,-3.5492862192049883,-4.223940819896814,-3.9629220810545465,-4.101230817163738,-2.441063490783507,0.5,2.0,1.0,0.1,1.0
-0.27041028058640626,1.005055407728249,1.8669395544528355,1.7094101370339725,1.3767755864072109,1.0411552872071637,0.7905734577366078,1.263830392991486,1.1423479659077982,2.1955895090433977,2.4045527360611034,0.5,2.0,1.0,0.1,1.0
-0.8605249672308114,-0.04362388775327919,0.2674835640880965,0.7261896465013967,0.9973751136039681,0.03349334587414843,-0.11949264068561166,0.3677455260304437,0.6757716341184945,1.1694952690508988,1.8311152621479074,0.5,2.0,1.0,0.1,1.0
2.608612618182065,3.2648599869605786,3.01001168006013,2.886690356891435,2.1313952178590863,2.1397055460653434,3.4780073171554977,5.275881586903218,3.9019934926063895,2.760974974214342,2.1212151663077234,0.5,2.0,1.0,0.1,1.0
1.0815980699688046,-0.315039677886628,-0.41088075334827595,0.26255045975215374,-0.07089585592690717,-0.01011806228008179,-0.254094859754841,-0.19495386184794516,-0.34230224807733944,-0.06713358116213439,1.0178985423235505,0.5,2.0,1.0,0.1,1.0
-0.5476605755433563,-0.691968156380335,-0.8274381190944728,-0.32516905537146173,-0.21854998949845944,0.27997261971790577,0.13351925859792782,0.326699497454722,0.06888907156509222,-0.1575241485546347,0.7926305023093675,0.5,2.0,1.0,0.1,1.0
-0.2792490984760685,0.07744611844399357,0.6538314157349845,1.1458615375649268,0.4715351779668622,-1.1852753518041335,-1.313447852530491,-1.0964375496253433,-0.3698275442905995,-0.8664241290386587,-0.9651416855554996,0.5,2.0,1.0,0.1,1.0
-0.1738477235774148,0.2681371575657722,-0.7067351400291195,-0.22889358276916594,0.6056228570933444,0.2158305335837713,0.34606998183038845,-0.1630791205686254,-0.48916531444747213,-1.338025048361346,-1.1349811612910259,0.5,2.0,1.0,0.1,1.0
-0.5341539172591838,-0.8547242006723172,-1.2935012954078446,-1.0521878784399703,-1.811446097530897,-1.042847125471986,-1.2516888971179878,-2.3543879149068516,-2.0083414054791935,-1.9062145782641366,-1.062145765384499,0.5,2.0,1.0,0.1,1.0
-1.108172853594682,-0.754444055857356,-0.512154810807298,-0.6891089902586622,0.35701020442785314,1.1625838713113947,1.5360249296245034,1.3455104015761896,-0.02566239564171413,-0.43774014419808194,-1.1017771565041494,0.5,2.0,1.0,0.1,1.0
-0.3672543651482008,-0.34130836269643205,-0.5096858444129886,0.22739111878163665,1.1362060872245494,1.4424983652881052,0.2071673413036832,0.687765055737876,0.41518384688751975,0.23527816099152074,-0.41163125137901274,0.5,2.0,1.0,0.1,1.0
0.782217579173856,0.3039245232606373,-0.156671572228558,-0.8828530370775022,-2.0849377609225974,-1.0464616560167959,0.25126176402497524,-0.4691208447823799,0.9476249497754055,0.5475467682022035,0.4389415623344576,0.5,2.0,1.0,0.1,1.0
0.1504099079984211,0.8841461971723152,1.5025171426724864,0.46605733238624114,0.9790957851692614,-0.206201646944564,-1.3424787259437054,-1.4281370316363846,-2.1739512087780124,-1.5225419851934727,-2.634123632761347,0.5,2.0,1.0,0.1,1.0
0.0022547668841351285,-0.21362188487519457,1.3221535236118842,1.1428281649918974,0.13269468965960174,-0.1385641989553575,0.5120758793324173,-0.19249225584800922,-0.07839737965545446,-0.4838816259483234,0.25464552852417693,0.5,2.0,1.0,0.1,1.0
-0.47547542795088193,-0.46889471530739224,-0.9019998471783056,-0.7275778882831111,-0.2578844563044642,1.0909356687103546,1.2784670439119323,1.637481171086344,0.782874239821938,0.6096721365617832,-1.3452267773747466,0.5,2.0,1.0,0.1,1.0
-0.13117691806334683,1.0697571314138488,-0.020198341270194264,-0.12186761638083757,0.5190008777110067,1.1054140485568262,1.3277922719345119,1.2734914904904149,1.763791224008028,0.9231765679413221,0.18903874566829348,0.5,2.0,1.0,0.1,1.0
3.392921097161239,2.418142071836499,3.1003746547677413,2.5268415395142334,1.519256910734089,0.7746697852858455,1.008163455051264,0.6321293755035513,1.0218986624930047,0.5350429592469249,0.6816713332376049,0.5,2.0,1.0,0.1,1.0
-2.399616025784322,-2.3632242899108413,-2.174563411523423,-2.0756834983160064,-2.4410112487930586,-2.054965703836838,-2.173771743654661,-1.8711995638943941,-2.667643168285107,-2.236785203014234,-0.7274015828398814,0.5,2.0,1.0,0.1,1.0
-0.0720229909257506,-0.7402929524551491,-0.2624441811867389,-1.0549984941029495,-0.22743650710180074,0.297732044539829,-0.7400503579728409,-0.8453780583982636,-0.29053984928140664,-0.5901806337665768,-0.5234253564743421,0.5,2.0,1.0,0.1,1.0
0.7947102891039878,0.6663498112384485,0.7512422851550387,0.8945733074904534,0.3062395315645968,-0.6311940712276076,-0.3026336243807006,-0.8308111017829471,-0.9313103134385073,-0.6134327525280447,-0.6467053986378726,0.5,2.0,1.0,0.1,1.0
1.5507245956309923,0.3663725835945084,0.6985979060938198,1.1689498435106749,0.9562762861047688,1.1010631700231082,0.9287944718569368,0.7556824137780969,-0.06426290489424402,-0.07010097911607278,0.3432879226251735,0.5,2.0,1.0,0.1,1.0
-0.8191322465080003,-0.1489401512850479,-0.7063733719565397,-0.8233917104578204,0.02037625450348901,0.22764397010635465,0.7615295248774758,0.9765197609122428,1.244284353438835,3.1450721129743786,2.845168027511989,0.5,2.0,1.0,0.1,1.0
2.5390038138530295,3.102675662536026,2.5105271137130516,1.2776844325562533,1.2620324857830967,2.4760497666634285,2.869493716699695,2.8088239042592056,2.600227898343371,0.06793060050928279,0.8930608566132026,0.5,2.0,1.0,0.1,1.0
-1.2234755528854866,-1.206592250272973,-1.0726027381463812,-0.6555893948848797,0.07261715094004251,-0.00788096194788504,0.5776324625806127,0.40551026053254535,1.217612391444024,2.186428716962501,2.0396574644731627,0.5,2.0,1.0,0.1,1.0
1.5166458326557977,0.7588374887178122,1.7222613668095534,0.9420057868974278,1.212891478810731,-0.13979515990583047,-0.21962387812120704,0.23526237517042253,0.5067213251892888,0.004662919268304422,1.107847828717774,0.5,2.0,1.0,0.1,1.0
2.330229873725433,2.3499153098965,2.504108347661377,2.389563204695178,1.722084124820231,1.8011284193419084,1.175232212039313,1.1786768407654975,1.170993045209129,0.3593921170427725,0.9049567132790769,0.5,2.0,1.0,0.1,1.0
0.07404757446553933,-1.267932610820462,-2.357347195690679,-2.1443992032178287,-2.098706729521738,-1.6560605703610016,-1.1508754969969828,-0.3171811953073358,0.31358799845086105,0.42494824795235114,0.12800069755089605,0.5,2.0,1.0,0.1,1.0
0.9714270758285174,0.20960695584353428,1.062256206044588,0.6869450200425695,0.6075179719535116,1.0575595998546237,0.721174731803802,-0.4444448347293628,-0.01658965150805769,-0.0307210971627902,-0.7138670308264868,0.5,2.0,1.0,0.1,1.0
1.9033917992444755,1.983378005519967,2.02981072017441,0.8785038862323201,0.6300944861090114,1.124968530386386,1.2360716444380542,1.4447445174193354,0.8728710172330579,0.6558016859152067,0.8158268337286059,0.5,2.0,1.0,0.1,1.0
1.026489945186243,0.2164484625291604,0.5126778569526934,0.8892965580335397,0.25633937281071784,-0.19115523794247125,-0.381159792381886,0.3215832574930009,0.6230573746892902,1.8243964963196262,1.5163165594358032,0.5,2.0,1.0,0.1,1.0
1.7884771718681305,0.7986656940591537,1.1336466517366872,1.3834854097215015,0.8645365117268455,0.2517354865011582,-0.7981837514540597,-0.31370884659953263,-0.7241729773272874,-0.3732495335011097,-0.6749994945397311,0.5,2.0,1.0,0.1,1.0
1.1219360359965664,-0.7877140147310047,-1.3564498150748638,-0.5587439874078679,-0.12407015236269309,-0.13912757812483356,0.033459719527724044,-0.28281393807265437,0.7062570912059914,0.9496509338192383,1.3767398750173439,0.5,2.0,1.0,0.1,1.0
2.2497969367548682,3.1532742573407218,1.8696739975701129,2.0657608456087866,2.5449858167308523,1.9984550843346058,1.5913431211773523,1.9493678251939652,1.4811302482255537,1.4350331353066004,1.1397224705273725,0.5,2.0,1.0,0.1,1.0
2.0972244002126703,1.7356803568932906,1.7707635748212047,1.506493047057475,0.8851759932738766,1.0034912750637053,-0.04539606991072331,0.07565221385268409,0.6259928031894539,1.5567439459318861,1.7839226128137873,0.5,2.0,1.0,0.1,1.0
1.140643603614146,1.263170429829968,1.2435946054126572,1.5782310329489582,2.072743582488884,1.8158984693491094,1.1721461467480419,0.9811652204818618,1.0174567190718935,0.42739669558856075,1.3822722725875236,0.5,2.0,1.0,0.1,1.0
0.8198555189107835,0.1459333787644158,0.36084040009610807,0.5817191967555226,1.5063886555051256,0.7482160442767518,0.8281996532583363,0.542818220484574,1.297063871484876,1.8069344681780635,0.8139434515154012,0.5,2.0,1.0,0.1,1.0
-1.7070496285824897,-0.3428000470461152,-0.43274868656358456,-0.11806095826333088,-0.549056983356474,-0.3755300334951571,0.027896061329487687,0.3586846306630365,0.6232649602669504,-0.35115302229838197,-0.36756695941677153,0.5,2.0,1.0,0.1,1.0
2.3464912915980767,2.530723432788055,1.841686727671823,0.5378622415357086,1.6761058615373432,1.2854058856239126,1.6443159085061747,1.7108967059937397,2.3826811145587685,1.3203674512757948,1.2758647905645728,0.5,2.0,1.0,0.1,1.0
-0.2284373287647055,0.860394376139127,1.459940553501566,-0.35401321849499534,-0.8644694333285993,-0.5363135090063225,-1.1801574355223297,-1.8237854074349693,-1.6217242688463513,-1.6781033426367722,-1.9727249661298756,0.5,2.0,1.0,0.1,1.0
1.4903643719125852,0.56288705160417,0.07573625886636537,0.3796137109863366,0.14498588064859624,-0.21079955797525324,-0.9185331650844,-0.3954332789841218,-0.4395232841934613,-0.5621310112986997,-0.8841990999128286,0.5,2.0,1.0,0.1,1.0
2.818921667961231,2.990470847097196,2.328542516913943,1.0009261800600742,1.2164357281023472,1.3445651004094141,1.2680999102728576,1.7029786677735257,1.929343828991489,1.8357272702878071,2.1382829097531855,0.5,2.0,1.0,0.1,1.0
1.4292453779643375,0.8367014625417253,1.2619606738003906,1.0196159388500654,0.4333565830520748,0.051522665142437585,0.009490723747090757,0.5062552118462074,-0.11018600529387013,0.34667990695779594,-0.02556477775964444,0.5,2.0,1.0,0.1,1.0
0.6695249218816206,0.32945431060318603,-0.27625116033040514,1.4098827139666246,0.5976701470061417,-0.2574920782581792,0.05256019121224442,-0.10087653797212356,0.6049404929722896,1.3809020908418859,1.371338239373571,0.5,2.0,1.0,0.1,1.0
-1.9336442695637677,-2.0323531989499046,-2.3911471212731357,-2.17316133861407,-2.842938311169668,-2.8433088737225876,-1.8120889036206562,-1.1520627355208255,-0.8795251742106539,-0.16659704703823575,1.5575253912987872,0.5,2.0,1.0,0.1,1.0
4.033546867036061,3.276444949720675,3.8991830003116057,3.4478348958598874,2.9679763063624054,3.201189275886498,3.0619856256935374,1.8934220345924277,1.6074384757101017,1.6220037395146916,2.514882526814157,0.5,2.0,1.0,0.1,1.0
3.161743908625495,1.752636293029015,1.6163735449191492,0.7823810384495374,-0.3381951205660706,-1.977111724598804,-2.120680356828615,-2.0289851004557793,-1.6661440357635433,-2.478480849457139,-2.6204182973508026,0.5,2.0,1.0,0.1,1.0
1.927913180902932,1.247521581327152,1.6109549009754005,1.1187700189036638,0.194640796355806,0.12630815034019893,-0.3779153919325674,-0.40738990941717634,0.195004667337087,1.1835874021537358,1.6180586131693881,0.5,2.0,1.0,0.1,1.0
0.6180992265304263,-0.2204702241294797,-0.18376077230147786,-0.492514759961012,-0.3839845398706464,-0.005835647940061639,-0.008923506645644244,0.3140062233707116,1.1811403207606457,1.0058392427573954,0.6415504095637099,0.5,2.0,1.0,0.1,1.0
-0.5744415310334404,0.35159545705594314,0.4740249116972255,0.08215471580321654,-0.3347797006147319,-0.3907895272877577,-1.2454704432315244,-1.3785904573488175,-0.5384863660972353,0.17630165711037693,0.698215304961592,0.5,2.0,1.0,0.1,1.0
-0.06871552419651426,-0.8783057034311502,-0.47779826454828456,-1.7620076572987629,-2.7887217339955193,-2.00399510829286,-1.727258193172989,-1.3233190563984953,-0.3809595600364264,-0.5758021748862967,-0.815743453494627,0.5,2.0,1.0,0.1,1.0
1.5060117384349088,1.525245757815835,1.9642829487686946,0.6301526340395329,-0.44139237568836065,-0.20396244840032532,0.2224211480812493,-0.5957901482578014,-0.12744976231187366,0.7479604526884044,1.2365194954427396,0.5,2.0,1.0,0.1,1.0
1.1770221603822324,-0.12812654714529303,0.5162837470539989,-0.734623886717307,-0.8015564413685062,-0.2422565880353904,-0.03180734754193973,1.1778879040783148,0.7523320536725329,1.0784117909621656,1.2316007322120601,0.5,2.0,1.0,0.1,1.0
1.68053115777951,0.8812956748969617,-0.1966261783990496,-0.5092678181380678,-0.515505367409083,-0.39099644443785725,0.10116373799865802,1.1302043501689867,1.0561298792089702,0.2451742065091982,0.012340000119749117,0.5,2.0,1.0,0.1,1.0
-0.28287961364868164,-0.6484080961826764,-0.2571793398891712,-0.20237513878914654,-0.5416873013620785,-0.6886580929119146,-0.27933594471407536,-0.551592326655263,0.39418148430579936,-0.42622993648558405,-0.006620893439379938,0.5,2.0,1.0,0.1,1.0
-0.9858344989914075,-1.4362022580278557,-2.3499913117036684,-2.135630661417592,-2.5487959133675555,-2.3761776077937196,-2.566179616960396,-1.81380132365198,-1.137216161057316,-1.6089657442030751,-1.1089055738090727,0.5,2.0,1.0,0.1,1.0
1.604681736142921,1.286337692164673,0.35190710289867555,0.06187982778813539,-0.7071820881862025,-0.2995472050681472,0.17253753372349306,-0.3671734578715303,-0.4049186724606987,-0.6328537019915443,-1.4367296324405647,0.5,2.0,1.0,0.1,1.0
-1.1274713257162756,-1.0849481567861825,-0.0668444902017774,0.17767196482951214,0.03976079294160778,0.9949296596798418,1.3720778977982337,2.1400513129824006,1.9379915139480963,1.7263729047638232,1.9424316026172326,0.5,2.0,1.0,0.1,1.0
-0.15774882242781196,-0.5079813215400628,-1.1710885439397956,-0.3987669065644136,0.31422553063937647,0.5834261479549802,1.6124574588430967,0.9011528586597584,0.35968427955091586,0.4249973268533725,0.36783992595865267,0.5,2.0,1.0,0.1,1.0
-1.0474754472428693,-0.8754910413793464,-1.0445123750381924,-0.6280171844351419,-0.4326983510955031,-0.35639232511300756,-0.6871266200791843,0.29852285714134963,0.048897447073573574,0.5604908844250007,0.551212642091886,0.5,2.0,1.0,0.1,1.0
0.5985549968888675,0.37174341689962664,0.4722322535041059,0.7155496534589335,0.17829840535328778,0.4044276088627631,0.12686048638845954,0.030731578547715188,0.18208766013562344,0.29208113226775795,0.12420028725626703,0.5,2.0,1.0,0.1,1.0
0.6644197230692702,1.4080990923789916,1.719336915788876,0.8750559007669365,1.0976878801670615,2.2546086620107424,1.8439037629139376,2.786161669358626,2.466257722187001,2.1091577589728887,2.3480396789500197,0.5,2.0,1.0,0.1,1.0
-0.013883087895516462,0.22190457274113684,0.08713090483494593,-0.030159672194040282,-0.44726458413503845,-0.5881483815245598,-1.1392902928020754,-0.6866727192781916,-0.2479578321396771,0.7555254164885403,1.1467390372061779,0.5,2.0,1.0,0.1,1.0
1.9428364374551446,2.054334680874167,1.7575256123838443,1.9931758383196032,1.1456596675052237,0.47404019133304964,1.353038398908975,2.507198928429755,3.1948324031280584,3.3426711702202607,2.6194965694041574,0.5,2.0,1.0,0.1,1.0
1.3442092998050892,1.2511106194342343,0.4175673815822998,0.8118179486467706,1.682681214968074,0.583880913700476,0.2937665866311816,0.1937878169442768,0.16577406799217384,0.2854980242110753,-0.20715721018774952,0.5,2.0,1.0,0.1,1.0
1.2602603824573397,0.811421500657359,0.2678654858617222,0.3320760569410019,0.018044360893258893,-0.5002740999644768,0.16340750140986182,-0.4495210391221037,0.6250535009762086,0.5554704713682035,-0.3702649514120515,0.5,2.0,1.0,0.1,1.0
-0.8337831810068486,0.06615913618961333,0.6217790286077215,0.8002108542456272,1.2510465701230409,0.7120826565879788,1.0777763815900683,0.5388150878787433,-0.10041303625064468,0.5242509746742542,0.7761146962469107,0.5,2.0,1.0,0.1,1.0
-0.3945990716327021,-0.7966146199933748,-0.1635297379789442,-1.462990201530728,-0.9104152607770042,-0.7794800815294479,-1.124898641255583,-1.6630550112593956,-1.2013213068919408,-1.162007660199434,-1.1903425886642935,0.5,2.0,1.0,0.1,1.0
2.2643008713467134,3.037536811071524,2.5574636628453358,2.813061535659699,2.187311277986031,1.7422006317450394,2.6695787545878016,3.2435968736017338,3.188583239950346,2.7384992145412212,2.4673273968683067,0.5,2.0,1.0,0.1,1.0
2.0915302638379245,2.594540466717421,2.304222347489487,2.138688064679662,1.780088445880381,0.10256535308909243,0.0865926101702944,0.7261205301370576,1.266314298576794,0.08535074244301333,0.41577276212823766,0.5,2.0,1.0,0.1,1.0
0.5960379424516151,-0.5563195580930808,-0.18150639591946527,0.41676344248979,-0.1992060459066749,0.6381284183898521,-0.27861744361509333,0.6260906176962653,0.3285862029278569,0.52270905081686,-0.36846360478174056,0.5,2.0,1.0,0.1,1.0
-1.6842853308565093,-1.5644491217676764,-1.6314008635627442,-1.563968324100221,-0.3619442809282487,0.9974412672723199,0.9762772243508243,-0.2179661116447742,-0.45393827809898224,-0.8085509518394873,0.3030832119826157,0.5,2.0,1.0,0.1,1.0
-0.5716437893989159,0.3436550295228784,0.8116728468178647,0.9458176225381821,0.5483975972119359,-0.09482618382706709,0.7611663488775313,-0.19885068576081688,0.7310682133062738,1.8399367191967602,1.46270114473842,0.5,2.0,1.0,0.1,1.0
0.11456416007065201,0.11167745853750366,-0.3944137904346115,0.3139179214087255,-0.3856636993085587,-0.47931628037219415,0.05595529571757096,-0.26129509575668913,0.2558080071300576,1.1140290386724332,1.3812449259443702,0.5,2.0,1.0,0.1,1.0
-1.070419592463479,0.07463213621253317,-0.29526924956021217,-0.7517598558134597,-0.5539319777224299,-0.22677401198499275,-0.1662906019086837,0.3264803006996692,0.38614758823280065,-0.6325497636921789,-0.5242911708770507,0.5,2.0,1.0,0.1,1.0
-1.2751563519310487,-0.41892779504057165,0.36358770020083153,0.005579976682497767,0.32308152253256245,-0.3981115365705912,-1.8396629295134503,-1.047245139750405,-1.4259658128674628,-1.4603623602798042,-1.072502347173978,0.5,2.0,1.0,0.1,1.0
-2.674803043989375,-2.832446673740017,-2.533758006996827,-3.1387861033209097,-3.0767449333935613,-2.6436532502148653,-2.0194178987684133,-3.1247630413176193,-2.1857876501223013,-1.8144581918337985,-0.9959690115000301,0.5,2.0,1.0,0.1,1.0
-2.098489011888327,-2.217380849819055,-2.0861483227311317,-1.7535509866837284,-0.7506358668872802,0.06669709959614978,0.8201337215554912,0.40802691431166144,0.550789276081905,0.8557145389002128,1.7595960987588422,0.5,2.0,1.0,0.1,1.0
-0.5186947208514264,-0.5668662654135255,-0.5838030594712639,-1.3163235815803773,-1.1787424812359082,-1.5396432099500845,-1.4681668917286463,-1.564836891991423,-1.1061007210682845,-1.1980787973989258,-0.699652364094494,0.5,2.0,1.0,0.1,1.0
0.5406138039716204,0.6454687165333833,1.1582864665881103,0.8806610219451741,0.9908987337127433,-0.12300881140694342,-0.3453657728208974,0.043462612308024395,-0.7152208252688721,-1.2457372678273284,-1.3719938411435817,0.5,2.0,1.0,0.1,1.0
-0.3394078148242142,0.26523446680423723,0.5499765172424842,1.1863978368999055,1.2907777388184773,1.1694103987648368,1.0776063560682476,1.8753359554498825,1.2990098802645047,1.8908925414062443,2.6795010954836727,0.5,2.0,1.0,0.1,1.0
1.9974965418688584,1.5699533755513522,0.7062222232179426,1.2134509655520826,-0.05689724421506259,-0.29958119327789645,-0.679018100814411,-0.1417390413233326,-0.5324008075437909,0.173673927950871,0.041780178511533095,0.5,2.0,1.0,0.1,1.0
0.7796170460068612,0.9634978543208899,1.6774274486310394,3.2425608156712324,3.387006940478436,3.34092626441408,3.1370440778881408,2.589150906489584,2.8921100687630097,2.1541612902653293,2.211286372193819,0.5,2.0,1.0,0.1,1.0
-1.0854001543234613,0.16169795324696623,1.0993312944921858,0.3676878567228208,1.2450463990481733,0.4304292064142451,0.4747820391521228,-0.2569140928817338,-0.4414290817714742,-0.6196491696896977,-0.47782582350485936,0.5,2.0,1.0,0.1,1.0
-1.6212923051749795,-1.0472639312952077,-0.21727903717898034,-0.046547337160150234,-0.6946539030402687,-0.9337531233262669,-1.0253187219960485,-0.9638173699720765,-1.227440130857265,-1.7693317451742137,-1.4634859296202896,0.5,2.0,1.0,0.1,1.0
-2.3396549356877805,-2.0555917157112105,-1.3881453650070794,-2.0367104167080723,-1.5581136692626234,-0.9678013636156284,-0.7090598294581216,-0.6961963723999597,-0.4706014301710792,1.1462871969642503,0.2683430107597672,0.5,2.0,1.0,0.1,1.0
-0.22595369710495153,-0.15914814841625533,-0.8772238983048622,-0.9947857715438756,-1.3961521281505025,-0.8184683061828312,-0.7537465900629146,-1.5467859118422496,-0.7484580376288292,-1.2970323982559808,-1.372928361479983,0.5,2.0,1.0,0.1,1.0
-0.1791830663447682,1.344075723747784,-0.18986355854348336,-1.1144794217895064,-0.6812998124854792,-0.8756396721483298,-0.4283535292214881,-0.969972600813304,-1.27159221878735,-1.2483241212476428,-0.4344048742505682,0.5,2.0,1.0,0.1,1.0
1.7936987120981338,0.7483754063000807,1.3109646602598066,0.8935716590279994,-0.4404157793832447,0.07185673865524744,-0.2771788554928287,-0.33453087723194364,-0.4380521512994394,0.49304989212442835,1.4343060416596125,0.5,2.0,1.0,0.1,1.0
1.517491892880635,0.9852047394744992,0.24919308334988166,0.3785959989246993,0.18449118597946987,0.535138080122723,-0.08687227044501045,0.332873869523731,-0.11310186418395707,-0.5408952798557637,-1.3652504208239142,0.5,2.0,1.0,0.1,1.0
-0.2015048603630288,-0.9879479424729849,-1.0910361254432128,-1.2480801118843203,-2.0735009308563144,-1.2303137607544272,-0.7316263552024382,0.2766991988330515,0.4962663546446117,1.0293831356049965,-0.2964077055852542,0.5,2.0,1.0,0.1,1.0
1.1631861807764798,2.0377814804039724,1.070778018058427,1.431341726856886,1.3772779754927802,2.2946755164711394,1.3894492533676766,2.5013651683286477,2.093942821298816,2.097094523446274,3.3651301297154887,0.5,2.0,1.0,0.1,1.0
-0.40379549070852766,-0.12655231761456978,-0.6299282214312969,-0.9381729646804572,-0.29662638003135045,0.2763759171884389,0.4118847489139764,1.2691220344838883,2.110214565537246,1.385538362124958,0.8932797234509199,0.5,2.0,1.0,0.1,1.0
1.1100697873056282,0.25648352621494575,0.6519271107891161,0.13724267070495932,-0.14606303121602257,0.4324708820891955,0.26649590977895476,-0.45541117672537457,0.9492251436711144,1.7169337558322582,2.301555937539347,0.5,2.0,1.0,0.1,1.0
-1.0840214472118297,-1.0067896870586943,-0.49010576569463865,-1.449397300342357,-1.6331545098174298,-1.504952054251764,-1.4082784131291401,-1.2650342242647516,-0.5283417010260043,-0.7495201147096291,-1.2575057012815707,0.5,2.0,1.0,0.1,1.0
0.5929969312589914,0.790673615637778,0.48614100332312327,0.35726306886284714,-0.007693718319622234,0.5972362449324652,0.5836648225814639,0.8170859049939756,2.034285308570936,2.170100318246893,1.8517446342164638,0.5,2.0,1.0,0.1,1.0
-0.13172213991588722,0.49333112605570356,0.0489200575529094,0.16709517867605725,-0.31508522716716303,-1.3157531627419128,-0.1892456243568158,-0.033869065319681854,-0.6622695491869796,-0.5609867384793715,0.01867007700786355,0.5,2.0,1.0,0.1,1.0
0.44088622248260706,0.15036453215831347,-0.2939157234647718,-0.7054067307731211,-1.7808011555373393,-3.2775653305050017,-2.373346556940273,-1.8440483316085317,-1.9176000300369584,-0.8388505385033219,-0.7749336001310397,0.5,2.0,1.0,0.1,1.0
0.5959440114987625,0.32132832688245894,-0.27989514276900584,0.8060972772430031,0.5176695679334882,0.8393949772938669,0.9504307785974669,1.4554381423793896,3.1254565128189427,2.4648175132664423,3.148101706431877,0.5,2.0,1.0,0.1,1.0
-2.605889298511333,-2.100576539949815,-1.3506519653154263,-0.28492471046239143,-0.5572891213611704,0.0598019903471787,-0.45464446747666176,-0.42178550038236023,-0.9825134772456563,-1.7108690574420464,-0.4694891081361108,0.5,2.0,1.0,0.1,1.0
1.4510914357524058,1.816849384553387,1.559362364090052,1.4265767404459593,1.4165457519357734,1.4046975544700713,2.366342528530785,2.6215582127945667,1.5444478466850335,0.43022061430042946,0.5197738033799155,0.5,2.0,1.0,0.1,1.0
0.2550520989253487,-0.5154448850353728,0.22766776631037478,-0.12149368718610071,1.017572707234954,0.7512714473910558,0.18320305994045993,-0.27956701264230494,-1.9547974055840207,-1.3860502906154564,-1.2401042424048037,0.5,2.0,1.0,0.1,1.0
1.004665879219696,0.9459808394042625,1.4250565043700305,1.445974998533834,1.6368170426856736,2.198253430072394,1.650971876327395,1.863232828000807,1.5913487097331747,1.5812231912537968,1.0367646627439369,0.5,2.0,1.0,0.1,1.0
1.7266462712360802,1.7457737461397522,1.3407660215173982,1.4129245135356165,0.10762236483405818,-0.09227147763638205,-0.35961111178283184,0.479168163461624,-0.10988534330998567,-0.17905434051056862,-0.6072266537078752,0.5,2.0,1.0,0.1,1.0
2.0745505718332127,0.5400741853146762,1.6758342816941108,1.8569104233475722,1.3987487550173152,1.4444323613159198,2.5502728121474716,2.448660516619167,2.46370012802013,3.224236381917442,2.8892509220241225,0.5,2.0,1.0,0.1,1.0
-0.10989396340245976,-0.3362807753680516,0.7510548147568534,0.1148842679896922,0.028794801410402332,-0.17404514284407,0.32880476268915215,0.2555564920275882,1.8062722841007668,2.8347640706410897,3.140662379037395,0.5,2.0,1.0,0.1,1.0
0.39951195850736365,0.5969995579987551,0.6285697320403257,0.4109027747401265,-0.2629484501933939,-0.43658257044568655,-0.6016287700254231,-0.759050403552733,-0.8218503457223364,-0.7108398057587549,-0.6102105800465646,0.5,2.0,1.0,0.1,1.0
0.42230523803238507,-0.027543816946295707,-0.4674127240816881,0.8625005612395078,0.6740255191446816,1.2505394199853557,1.3391224199024179,1.2704654598203808,2.1575441861624403,1.9475915213107657,1.9198975184171054,0.5,2.0,1.0,0.1,1.0
1.2608073015378658,0.5836626430809682,0.5462011321090275,-0.3509670095586829,-0.2999828157315737,-0.8034088162160326,-0.20621723196657443,-0.29172418912841414,0.5049553230211811,0.9901788265269575,-0.00600640277407416,0.5,2.0,1.0,0.1,1.0
1.252626946103772,1.2292696271125374,0.5381255403325745,0.15717022555463755,0.511826420992882,0.3347724815781995,0.7142877474415736,0.2019514801353648,1.521044069898716,1.9797024407656678,2.2777047307752722,0.5,2.0,1.0,0.1,1.0
1.4344738898037783,1.142809811597726,0.49398964312607296,0.6913516292204355,0.33837340946000344,0.3146806503024485,0.7215001146268398,1.1007793383374227,1.2444859013235876,0.7957993651240118,0.45693760176878606,0.5,2.0,1.0,0.1,1.0
0.3343044048445201,0.22960189529230035,0.3150241657237578,-1.2622620277656276,-0.6426813007033605,-0.9183219065979431,-1.4913614892808411,-1.739432572935362,-0.8526143323378754,-0.15455653962139915,0.04000675055475271,0.5,2.0,1.0,0.1,1.0
0.5111467705724235,0.6005671070274595,0.9426916337890308,0.6531644921390147,0.5403535801095661,0.659016807616882,1.377210720211726,1.8300309728578337,2.0930047476435756,1.1147710971377394,0.6131528117058596,0.5,2.0,1.0,0.1,1.0
2.597995495683915,1.7752221906866086,2.790595617733666,3.9596100582527805,3.1737162914296926,2.448399070885836,1.8381572474227141,3.3708592773885666,2.5948233704018,1.5837497693319857,1.0884112805568344,0.5,2.0,1.0,0.1,1.0
-0.41835872705323685,-0.6253525920119115,-0.24532648364323034,0.4296976538379553,-0.03751055318328961,-0.4593840680924393,-0.24649790025495333,0.07865379127401878,0.21151534847100625,0.23587261438598936,1.5341127780571027,0.5,2.0,1.0,0.1,1.0
0.6589769441637736,0.4849423857806854,0.2846367199433786,-0.9373546999275622,-1.6412868380586578,-2.4643206480559487,-2.3744878483422287,-2.036708465996249,-2.0939484864621893,-1.502249731463281,-0.8092178949394753,0.5,2.0,1.0,0.1,1.0
-2.598823224592936,-2.1782192965284337,-2.376592126430155,-1.0862983101120924,-0.2621937463021431,-0.1342940034468224,-0.35048758236734745,-0.1981310639466988,-0.5612800436345269,0.6397513597989615,0.5093584325505328,0.5,2.0,1.0,0.1,1.0
0.8218803982081083,1.265450986907131,0.5728328863930539,-0.23285312904261313,-0.1448479216012778,-0.8829277345870646,-0.2846704125478776,0.08571063681976043,0.5200206065265944,0.5100821917774376,0.34747140391572917,0.5,2.0,1.0,0.1,1.0
2.5585251056196445,3.058259204608213,2.72823981396281,2.920560885243983,2.6617126684621657,1.9860834400882748,1.551438287146851,0.8659749327294256,0.4573145010542024,0.12911888979734387,-1.0423316979269144,0.5,2.0,1.0,0.1,1.0
1.8324871351454532,1.7636322185745168,1.5984584016832701,0.9816712782293893,1.2874677470752875,1.253516172050188,0.8279439517764067,1.0497437681381538,-0.025350466217489265,0.32102593910427146,1.0765394287123333,0.5,2.0,1.0,0.1,1.0
-1.2354755299341122,-1.4145006440480046,-0.8250124690042839,-1.3720441333010314,-2.030300291387266,-1.999828462668391,-1.9157653847164848,-0.9673346838491527,0.06098404636315835,0.2969608761199299,-0.30830953730748384,0.5,2.0,1.0,0.1,1.0
-1.3850981147624755,-1.4831207584884978,-1.5574333656753774,-1.5317490191728251,-1.6220279949136158,-1.4779482239347816,-1.981861021852164,-1.9404418952375777,-2.0455531163415017,-2.5651829052281307,-2.9299973935095345,0.5,2.0,1.0,0.1,1.0
1.3160840351343743,0.9074224154228004,-0.13367258650334224,0.09983477362349576,0.08870742016264321,1.2577703197862444,2.201545099434776,2.038649778538731,2.583644350507363,2.2457283751274852,1.5155257748937054,0.5,2.0,1.0,0.1,1.0
1.4340557442426256,1.080305843606447,0.7484402057438646,1.6657491843986478,2.211956491521175,1.6707193798394009,1.9899411964796918,1.2349425716680913,1.440373212545011,1.5900532546104582,1.4040402542872708,0.5,2.0,1.0,0.1,1.0
0.5118980605227985,0.680928811239391,2.120046502200214,1.6851195058496544,0.7784818157616429,0.5800227556098013,-0.10621658794099298,0.615791692249578,0.019956697076822016,0.7933004900982479,0.5818874276260151,0.5,2.0,1.0,0.1,1.0
0.34267659056244626,0.4812949169146429,-0.08468724538372391,0.1455127185665933,1.0820850213218054,0.6222069946249498,-0.35710191986809525,-0.947242555168363,-0.7331414105611135,0.3768333906535296,0.0710896359236281,0.5,2.0,1.0,0.1,1.0
1.7961693397758607,2.2304781334445405,2.1865364311577826,2.1142799811106734,2.1000671148811287,1.7503213748215447,0.7496916417802764,0.9893286033559103,1.239397811947744,0.5287994086686126,0.48041720940115035,0.5,2.0,1.0,0.1,1.0
1.882341609426204,1.9961919389105691,1.3077299223639383,1.4066390246437823,1.4241810184518926,0.6404568947392337,0.7163463398128668,0.18012811907559056,-0.7382960660320597,0.9293265193480692,-0.5253830464252065,0.5,2.0,1.0,0.1,1.0
0.6153077272296538,-0.18861068872864273,-0.30409775334362016,-0.24628077704949608,-0.7132595045523145,-0.6578547436249492,0.20649145441927963,-0.5161451497397369,-0.4733620897202686,0.26836381586830693,-0.4923472774683581,0.5,2.0,1.0,0.1,1.0
0.4954105949942864,0.4441184023394008,0.709550224914413,0.9565323788757863,0.41881495717147105,0.21979390524938353,-0.3715481814899221,-0.46882531088436913,0.3751155496802478,0.3708985790279022,-0.06990235128504413,0.5,2.0,1.0,0.1,1.0
-0.24976299807048855,-0.5407046725882219,-0.8272341252495806,-1.2088563517419186,-0.5610081505423568,-1.157907760548672,-0.8490976388056948,-0.45572045549984475,-1.0942861100206982,-1.5901069943979733,-1.0970127098216726,0.5,2.0,1.0,0.1,1.0
-0.87991230951411,-0.8855082452583887,0.08566959886305825,0.5025603671390528,0.5588170868985924,0.08334101775173369,-1.0511065242715636,-1.1810863476887545,-0.7250993688289351,-0.48803372452049043,-1.1286243361340147,0.5,2.0,1.0,0.1,1.0
-1.2426719983519514,-0.83534543980557,-1.430313146639243,-1.9462447801372922,-1.6041566067369963,-1.3501469989291621,-1.2262341628043485,-1.4913849379316975,-1.4938250463792953,-0.7162112394755814,-0.8557802961908028,0.5,2.0,1.0,0.1,1.0
2.46009554203208,2.770585661727253,2.2414370921065454,2.659508990599771,1.7310378947739737,0.45854824684704587,0.14014554152746683,-0.218335656310769,-1.2355933631149925,-1.1042110769351856,-1.2504470468433821,0.5,2.0,1.0,0.1,1.0
-1.9155692372497641,-1.5963194992150602,-0.2815738685875653,-0.18886993975988461,-0.4352853383561638,-1.2955986700765802,-0.7905636951695112,-0.8013125805235539,-0.87014921194536,0.013481046976297262,-0.04343773299710788,0.5,2.0,1.0,0.1,1.0
2.1076835818145025,2.637077133118259,1.5331769176049679,1.4752095453683003,1.2834955290983834,1.8656206338828407,1.3535239951021896,-0.33540163232358045,-1.2398530994548063,-0.7187199280354541,-1.2264201020621872,0.5,2.0,1.0,0.1,1.0
1.1213077279749886,1.5676443007425962,1.8167653460284834,1.8607324527078908,1.8513110407568518,0.8354428361599616,0.5692849599740435,0.5812974161780362,1.1079593636458274,0.00906759800830459,-0.2832208283941255,0.5,2.0,1.0,0.1,1.0
0.46310519279930756,0.13783767731575503,-0.12873923845019644,-0.6797547946551254,-0.6693959601750556,-0.6981070139020099,-0.8335095148239101,-0.993649952166491,-1.7516048851513006,-1.4751617927402387,-0.8131369647520088,0.5,2.0,1.0,0.1,1.0
-0.386580054805816,-1.0277269230643866,-0.4351887076401335,-0.5070977157459143,-0.37778266891242906,0.6397988495376773,0.520444191113433,0.36187013923504446,1.0675801482206937,0.4260324018965974,-0.2694957455615783,0.5,2.0,1.0,0.1,1.0
0.5565149366866514,1.3366682101367173,2.47130392024912,3.4969980414001256,3.7442329786589372,3.0705156210415976,3.3334564785729484,2.547733132942867,2.1792532581150197,3.204538033954558,2.6788125884742247,0.5,2.0,1.0,0.1,1.0
-1.0422375326634488,-2.249932592500248,-2.2307749440145552,-1.222979550856485,-1.188849448889404,-1.710522883312163,-1.2988411339734764,-1.4737668038225897,-1.8495581248356512,-1.662232393062369,-1.2118679818264666,0.5,2.0,1.0,0.1,1.0
0.19683940956339785,0.13115888275079068,1.5200641468475196,2.2108370521979053,1.8061867669073743,1.515696319472059,0.9101760312902575,0.26590898717430433,0.9347250618171281,0.9518407025443436,0.19486389081024902,0.5,2.0,1.0,0.1,1.0
1.224029636926638,1.0931289969858147,0.2750792483888379,1.904130076485116,1.5163107021628837,1.3303452847326374,1.5862335416344318,1.6923294458934688,1.6561559327773425,1.7515764588650056,1.1955049935691127,0.5,2.0,1.0,0.1,1.0
0.5126052675020976,0.5103123607467114,0.4005206118755072,0.6477964399078572,0.7741727627543208,-0.02453070138682545,0.44767107091004715,1.763767045953935,2.202934965265056,2.8211620295393893,2.7045325396841755,0.5,2.0,1.0,0.1,1.0
1.1887052514477112,0.10096113315713029,1.3370896149340454,0.49544194424327326,0.46088058019827155,0.8827100281314695,1.4669404757683921,2.4950259760305338,2.9230562897271986,3.8034167245200488,2.3778822309534124,0.5,2.0,1.0,0.1,1.0
-1.9941993143159598,-1.265873956155442,-0.5435034391958976,-0.13851841746286164,-0.8274273225497772,-0.2256190106748434,-0.44195808846473544,0.340709908192125,0.5057055839623364,0.6315233186490552,0.3008415164874837,0.5,2.0,1.0,0.1,1.0
1.1609080371392695,1.2840126622497992,1.182509510723967,0.5212492739338777,1.4716350166090542,2.2090720234335683,0.5846280756280133,1.3909186647500884,1.8578800143017338,0.5874685561069788,0.036366960742949206,0.5,2.0,1.0,0.1,1.0
1.1881046011053338,-0.2706397613002942,0.3843392734167623,0.05238229125723659,0.05140102905478012,-0.36686932944602,-0.17656817911277362,0.47432726310611295,1.3179289202593638,2.1706089413233682,2.12474771079031,0.5,2.0,1.0,0.1,1.0
0.07553272522882241,0.7091649908193307,1.227476529016318,1.545247021573455,0.14329591812470022,-0.7160259693726289,-0.705083746955924,-0.6932607819834954,-1.0724572842469948,-0.5720476879219761,-0.3961703359167042,0.5,2.0,1.0,0.1,1.0
-1.8981916217001962,-1.9804279312713855,-2.3040223521312857,-2.3998959215279,-0.7339128218456874,0.028651775370875265,0.2607391820454642,0.422098872034947,-0.21787158998396916,0.44448971489256717,1.0763940220294987,0.5,2.0,1.0,0.1,1.0
1.679673763904067,0.9210802951548331,0.032551108494077496,0.5658756826367016,0.380717242705518,0.8534919430184796,1.6559649436696122,1.1267484229571774,0.6150224964008201,0.11228640629233877,0.314755433902553,0.5,2.0,1.0,0.1,1.0
-0.10567986187925707,-0.7720439390972162,-1.2149026195843988,-0.44227513624630577,-0.20602704766745317,0.2698401427809667,0.7272284785989003,0.29909181492308196,0.04005577346774353,0.06356669328953585,-0.31066550824633005,0.5,2.0,1.0,0.1,1.0
-0.30647963506508347,0.9346568202544396,1.343562872103136,0.8219115657119842,1.2622490592210234,1.5880276825098332,1.8388641254276774,2.729341490846937,3.177400927622205,2.7606445762536085,2.559793562904606,0.5,2.0,1.0,0.1,1.0
0.4458236523640744,0.4401991605276703,-1.2815509041947781,0.14756692242568636,-0.06544374293506663,-0.6919743635165979,-0.206345700747663,-0.5253719562935496,0.8048534470431035,0.3110937956668239,0.6498741280550216,0.5,2.0,1.0,0.1,1.0
1.2353585139184347,1.2630214606585386,1.634542178544239,1.8232656087584926,1.6660958545004192,1.909461887790698,1.828562104679819,2.13663317401,1.1416678028263054,0.6753071273133687,1.8770768280264316,0.5,2.0,1.0,0.1,1.0
2.2663576711485067,2.486189318976717,1.8975988931016023,2.3048820800358136,1.2980353144487724,0.3989510262382546,-0.37918832562896937,-0.6419814864704079,-1.5065841175090386,-1.9729086313317685,-1.7433664791012224,0.5,2.0,1.0,0.1,1.0
-0.569998109025592,-1.164347251527891,-0.4153728292044222,-0.18859342885972857,-0.5074148894814032,-0.5075701262814544,-0.085315935910251,0.21892195204652448,-0.6804988234022773,-1.3033837077267116,-0.3756578237123779,0.5,2.0,1.0,0.1,1.0
0.5952756297810371,-0.08013934451104543,1.185007550598863,1.690332589291228,1.647951948122198,1.081709468238508,0.47534001820456073,1.0358096936556807,0.6801705915880518,-0.39554362719985336,-0.4870492476694271,0.5,2.0,1.0,0.1,1.0
0.03157755020079769,-0.31858758648763563,-0.9509242585490267,-1.1026685308350792,-2.18205399986872,-2.358799563464719,-1.6492899148261708,-1.7106926134704372,-1.8340434700799,-1.7099391049741968,-0.09271269879622346,0.5,2.0,1.0,0.1,1.0
-0.5921743188413227,-1.1608380861809409,-0.27532960183771893,1.0097811134423382,0.6454314891320643,0.5319925521975629,0.7057493033175047,0.6557583483840571,1.0303782781133568,0.4131414480388661,0.8840100261295357,0.5,2.0,1.0,0.1,1.0
-0.036271175431689374,-0.6095978395748376,-1.2372600360172212,-1.2353928217211834,-1.4855044761993155,-1.9978559982849196,-3.0190202266078137,-2.9752382251824745,-2.7169761064089237,-1.942924862029632,-2.9130713606128946,0.5,2.0,1.0,0.1,1.0
1.6578548283234524,0.7490719184550445,1.0224034446015156,-0.08169729354439803,1.461312612691437,1.1231523711301288,0.38278070855512003,1.1964637248370222,1.2199724585629146,0.2673760591326757,0.020081957907451875,0.5,2.0,1.0,0.1,1.0
1.4502931757684212,1.8866920399866927,2.7510437427352477,2.489156942361797,0.9071074919682685,0.6891622041234303,0.7721757778856598,1.1750614962075576,0.6135003948359284,1.0522313216451316,1.427630898968662,0.5,2.0,1.0,0.1,1.0
4.559007906882014,3.8701045050549463,3.2378818303449615,2.0336081690109458,1.9079250635439544,1.169326390187354,1.9039924201711245,1.5550430365475623,0.7261828269765142,0.8461449350778659,0.24904692992839617,0.5,2.0,1.0,0.1,1.0
0.8767772114165306,0.8676947906880356,-0.07984450856855341,-0.5792718555463253,-0.03661546819583328,-0.715780538664069,-0.9608890609525582,-1.7084968369530658,-0.06583319318859915,-0.29682564145437185,-0.8616614485595198,0.5,2.0,1.0,0.1,1.0
-1.429639869747069,-2.1983297660238263,-2.1407290877636416,-2.182685245670017,-2.534210161253719,-2.051979981118395,-0.768730540711418,-0.4557142706505829,-0.5004993531449553,-0.9094799127183588,-1.2146703954936238,0.5,2.0,1.0,0.1,1.0
-0.1653988772193922,0.5521777093202229,1.0074719160875372,0.7421345034464738,0.6268045256230963,1.4540135251300068,1.4246963973016349,0.9847308756126231,1.5250800836624865,1.466345258180103,0.22402330788938318,0.5,2.0,1.0,0.1,1.0
0.5287483681509055,0.8284718428043398,-0.37217253701655195,0.8141163219256056,0.6019506552146856,0.7952378817454036,0.7493709674050117,0.4207065521676517,0.9470081656046907,-0.5054761194509757,0.059743575135682625,0.5,2.0,1.0,0.1,1.0
2.2583628829728615,2.2202603116364767,1.617772263606443,1.6362780351539814,1.6928005516341793,1.0689075067772362,0.1596034127237942,0.6143213337369502,1.3144162539229505,0.9847738278896323,0.7997986692576513,0.5,2.0,1.0,0.1,1.0
-1.1980432722990326,0.0396986608574168,-0.3349129292028838,-0.8023971509833314,-1.4986924951093792,-1.3699874815093036,-1.8970829548104797,-2.4310028189262747,-2.168025026065199,-2.6002089047453367,-2.5609202953861474,0.5,2.0,1.0,0.1,1.0
1.9233148931908473,1.8730502891758571,2.9400619617700143,2.813703622465691,2.2965454364107822,1.6006656199320601,1.2778882645709644,0.3713148372531211,0.19350262833247095,0.6326066964644306,1.202439244519752,0.5,2.0,1.0,0.1,1.0
0.9810116695427571,1.2620592688121417,0.6537414034709653,1.314661942611892,1.1459838581392339,1.0977242220888057,1.1293634477728618,2.205253888174599,1.2588776367255319,1.667662849199944,0.9280927325542093,0.5,2.0,1.0,0.1,1.0
0.22017192671302419,0.7496017515076132,0.7029010415544682,0.5115494031962511,1.1636118427840074,0.2874311182389899,1.1912116659938112,0.5643485751738123,1.3949890874788455,1.8107345248167075,0.4487452327128949,0.5,2.0,1.0,0.1,1.0
-0.9237196184993863,0.01994450807707515,0.18011993189458322,0.02302512197199691,0.3069052339699905,0.2890037701959628,0.7295730945983397,1.007912337256502,1.0354723228821425,0.9621112966257198,-0.13206511975644342,0.5,2.0,1.0,0.1,1.0
-0.5187508239011254,-0.5498108718293014,-0.9071771738087782,-0.3857108032758175,0.2323730037735362,-1.0604169639279506,-0.47322088898081865,-1.8130224058282842,-0.8865657749242489,-1.6565682855002688,-0.8140737801146283,0.5,2.0,1.0,0.1,1.0
-0.5077387509171072,0.023405288884623954,0.4915855484069328,1.284568240553865,-0.020137048659518708,-0.5047400035316197,-1.470604013149841,-1.0944048665923287,-1.0579721151238348,0.2570691386484588,-0.3718359408315576,0.5,2.0,1.0,0.1,1.0
-0.8800207157508882,-0.4579372684434604,-0.020697096110867563,1.0709734726897202,0.4715876576322422,1.5230117004910417,2.405976452859874,2.0365460916924674,2.088872084514365,2.738044133224624,2.1551157295078567,0.5,2.0,1.0,0.1,1.0
-0.4373518481907406,-0.3251033359447018,-0.18099297275743909,-0.8380667374346346,-1.4632539735579082,-1.8777396819979044,-1.217636766554795,-1.1719939529785066,-0.21009885163818365,-1.175716119843824,-0.9026889249687833,0.5,2.0,1.0,0.1,1.0
2.0279532720156386,1.690896017356112,2.675469680113004,2.897801570375176,3.3018913082256187,3.159646467354658,2.358480825152212,2.0933260746209013,1.6724533970930788,1.7885540345277036,1.7354170449579351,0.5,2.0,1.0,0.1,1.0
-1.1986220536083794,-1.4749624881627164,-2.2125007916847994,-1.865125922230376,-1.780705890418613,-1.4593266065855557,-0.7432449052094083,-1.6704742504235623,-1.4381832628063929,-1.7533371500371966,-1.644626238480077,0.5,2.0,1.0,0.1,1.0
1.2934443923378585,0.9743421638712422,0.6023078155216867,1.2946007275039442,1.1907603868463326,1.4425006727727625,0.100019611476859,-1.3483352238150386,-1.8547730852628923,-2.4240419304961898,-1.7457229586558556,0.5,2.0,1.0,0.1,1.0
-1.043262949104346,-0.5867521039570434,0.2610088606457143,-0.3699798227254333,0.14423247765752728,0.15751505736825958,1.1304314300650427,1.1051231919259223,1.5022207052847918,1.045379210249478,0.6627632801369623,0.5,2.0,1.0,0.1,1.0
3.481873564330073,3.487452784187662,2.2076627020053117,2.9737773295481427,3.427136086591447,4.134505671447251,2.768273234181045,2.361823741233005,2.7231734346711995,2.6470841802655976,3.2468161719587085,0.5,2.0,1.0,0.1,1.0
3.9294926353849964,2.6365292777709093,3.163297855635171,2.9351628902383626,2.0467858534647307,1.7100993649880296,1.192649693241957,0.5071957615518372,-0.534808258511785,0.14147966544821894,-0.3775567598688062,0.5,2.0,1.0,0.1,1.0
-4.104116486603641,-2.7844546399018855,-1.0912448137904474,-1.2873592866262538,-1.88399647299636,-2.1102449002233836,-2.279676057139056,-2.254541734502572,-1.7350679914051064,-0.2643083494549294,0.08845772168828464,0.5,2.0,1.0,0.1,1.0
-0.48435178288323477,-1.6614672175429837,-0.8907749673214196,-0.7174460916149803,-0.9415101996075775,-0.6451792312167468,-0.5434714459332478,-0.2837786719552847,-0.601110184818523,-0.2621892333006378,-0.9837395961466711,0.5,2.0,1.0,0.1,1.0
1.8030369849167245,0.9597641606657645,0.9870169251221034,0.26308945831623376,0.1909123001066925,0.023302732977552088,0.6182022488827472,2.535861834198452,3.340481908152221,3.300207047279058,2.771483154085227,0.5,2.0,1.0,0.1,1.0
0.052750554135008,0.4284322595674728,-0.07080340399607671,0.5384483635387445,0.01208314424630541,-0.22076609203685488,-0.8337606169293749,0.3753287545031152,-1.1029872201855833,0.33630662276074674,0.46002237750756725,0.5,2.0,1.0,0.1,1.0
0.9707894213753,0.40079082777299246,1.298220675362968,0.5783691699381568,0.9035599041889266,0.39027894748734765,0.2614830298644931,-0.26661586649409236,-1.6699418204009833,-0.6237501130435176,-0.3413708226410065,0.5,2.0,1.0,0.1,1.0
-1.0072504408209813,-0.8475772577453172,-2.034461791410788,-0.8214261052971926,0.047337748339374985,0.15797795076847906,-0.05812089706868123,-0.41647352217844835,-0.8436426157502885,-1.5165152321208901,-2.368703275243632,0.5,2.0,1.0,0.1,1.0
1.2117778466781002,0.4487059282859279,1.0648375873815699,1.1300700295255834,1.3512441708494678,2.1161664376891953,2.549563232910547,3.3443556972905055,3.292816291545211,2.6932146478492474,3.0954613815013463,0.5,2.0,1.0,0.1,1.0
-0.14830550354745292,-0.0985284329541436,0.5748221986682099,0.510495127014674,0.3735252363589764,0.4128167367463048,0.16454214337296597,0.12264693465235668,-0.38011495528744493,-0.48830347345085434,-1.694615766982518,0.5,2.0,1.0,0.1,1.0
0.6481628360323505,1.127949017580985,0.9165566917594251,1.3340369302559492,1.3450095847959824,1.6583189644790783,1.1879538924894435,2.4074588985831076,1.789350194641043,2.9343520624376476,2.4642001671865006,0.5,2.0,1.0,0.1,1.0
1.5412803505407664,0.4253889700854896,-0.6116467620318486,-0.9220699316048657,-1.149920785312848,0.03591688171540364,-0.43431571764145094,-0.797160868170973,-0.32793831013267877,-1.0724601185907008,-0.19781318635520695,0.5,2.0,1.0,0.1,1.0
