time_point_1,time_point_2,time_point_3,time_point_4,time_point_5,time_point_6,time_point_7,time_point_8,time_point_9,time_point_10,time_point_11,mu,sigma,theta,dt,T
4.285220622656359,4.685763120390653,4.571710512588928,5.29695327145905,6.033655797135459,6.138184635197504,5.6767741051882155,4.390053107410901,3.2092637533298998,1.9646861113346097,1.869463907410385,1.5,2.0,1.0,0.1,1.0
3.9005760755461285,3.616237642058475,3.224535890647223,4.041310753196051,3.0337197118787578,2.278790824915961,2.9629406525421507,3.430758665431584,2.369494545285039,1.254133208381846,1.221745224765586,1.5,2.0,1.0,0.1,1.0
1.0852495213819127,0.24039122056505935,0.4965390422109647,0.6205650498161558,0.4261145643407232,1.1256736178739333,1.1500572981736288,2.4192596239066733,1.3104320995878074,0.48055520762500903,0.7830573415749789,1.5,2.0,1.0,0.1,1.0
3.0524923445914496,2.6269113497615217,3.9471556290557572,3.9204549042274706,3.3942471674578565,3.541251668358397,2.518769459755497,2.4399785436027335,1.5716084647099369,1.888241438045477,2.3359154280395975,1.5,2.0,1.0,0.1,1.0
2.203611461482562,2.204795861082667,2.105418236348503,2.5346833305787846,2.8161017214563633,3.2953710951459487,4.23749838609549,3.231883292096804,3.3656439168444643,3.797918706155172,3.7804897493862235,1.5,2.0,1.0,0.1,1.0
-0.24281379213024248,-0.8964230079874637,-0.776681247306124,-1.1244351985194734,-0.6066815795082022,-0.5180492635403912,-1.0016148858418368,-1.207166447337079,-1.4716217802314846,-2.381271091771155,-1.5984467128474495,1.5,2.0,1.0,0.1,1.0
1.8924053920464299,1.2081295696025602,1.1224677114168968,0.9550763277902892,0.4069015878472553,0.6067427133825356,0.902736542572052,1.4353424434178292,1.5554688312132954,1.9655353019387656,1.0225962419365549,1.5,2.0,1.0,0.1,1.0
0.6844748916435199,1.0479060290077418,-0.19658412477648057,-1.2559279807957786,-0.5663890460225354,-0.5195367615177904,0.04398192514579291,-0.5239270437808613,-0.5507421920792058,-0.9401208376119995,-1.3623825169871173,1.5,2.0,1.0,0.1,1.0
-1.0924720174599352,-2.4690372897935213,-2.0771521061996205,-1.4917152630517174,-0.8552143929475263,-1.3855518862987015,-1.0789485595406858,-1.7022093845097603,-1.1438262435227085,-1.286634760428562,-0.7210676299097727,1.5,2.0,1.0,0.1,1.0
2.605031071134837,1.401189851294296,0.9771862405314198,1.1845070085030924,1.228093401014453,2.367945338744142,1.80631076161936,1.8068734223332588,2.2087308688106906,3.366106529710519,1.6804713269131941,1.5,2.0,1.0,0.1,1.0
2.6940058756472602,2.4531122477131113,2.876520117481272,2.8598974559442447,2.6490947057554015,2.856631085555515,2.802700526876978,3.597848886026604,3.025619596688903,3.0676466045427735,2.6661983544105596,1.5,2.0,1.0,0.1,1.0
0.9219073303386269,0.7227151977848842,1.1585475232384355,0.6150969860553546,0.18195536519858757,1.371474251122785,1.1643306236195667,2.582045492610346,1.2147817777245389,0.45725147217787443,0.31545090204986215,1.5,2.0,1.0,0.1,1.0
1.808443660177206,1.7045621691755701,0.21933981630394128,2.0797605715704974,1.8997601119376804,2.8453123179352566,1.9705033156922795,2.093039351575484,0.7257019938190279,1.8399215024787896,2.1456958260617127,1.5,2.0,1.0,0.1,1.0
2.8336925044400956,1.3039716160419936,2.0113962484719083,1.6233044233545182,1.140034277647345,2.0015123858169392,1.3328617001284315,1.6262780078214438,0.9963503021116394,1.1177059453800677,1.8085389901224214,1.5,2.0,1.0,0.1,1.0
2.8203735953116498,2.435596969478371,2.3111720744830393,1.614279465844655,1.29839341365932,1.8426299041992547,1.5198023781208363,2.0292299682931576,1.5690954728730775,1.6916029615728363,0.6517032104937106,1.5,2.0,1.0,0.1,1.0
0.7239575227603189,0.7267664138113312,0.819798846098027,1.9264010108464147,2.346333505703708,2.5244153915838514,2.248166685285551,2.0465693601806385,1.7044211564062222,1.615596340996213,1.448065167611803,1.5,2.0,1.0,0.1,1.0
-0.1957524144113992,-0.5289100613449751,-0.5582799837595088,-0.6369916608410513,-1.1374190183071928,0.017712770281528734,1.4084426379566704,1.6881372862837025,1.744496348044048,2.02527537511,2.710109386584484,1.5,2.0,1.0,0.1,1.0
2.2346970256463217,1.7541484553464304,2.0747961791024374,1.5328799983376524,2.4498789449356324,3.2215755792956506,4.032399398834553,3.6113971502073046,3.254561859707028,3.023213745830313,2.6741181751005523,1.5,2.0,1.0,0.1,1.0
1.470198591245173,1.4305884921959284,2.121976076684126,1.5991662141971563,1.3929618925757206,0.8208026099298895,0.4503241482649195,2.8186364941053794,1.9470642605144768,1.581475739709346,0.6401989477308737,1.5,2.0,1.0,0.1,1.0
-1.9294185083390254,-2.3360655752523884,-1.9269184781229993,-2.641411652144316,-0.9165678081302122,-0.6065990687270492,0.5150777390851422,0.7554161827163042,0.7226302385283219,2.0843149580711864,1.8940132577904396,1.5,2.0,1.0,0.1,1.0
0.7572004922027835,0.4896026679301756,0.40261998064363574,0.5819724034622817,1.0949941705260795,0.9761304034469845,0.7489362882814612,2.3633453763061323,3.8150935195593285,3.660269541160577,2.836197645453215,1.5,2.0,1.0,0.1,1.0
2.7399645197398255,2.0657413126472832,2.4854281153844835,3.280116146092237,2.0905893481711963,1.9213351061482675,2.577708726144359,2.5887410838897456,2.9331415192690304,3.2057629692202347,1.953937183920455,1.5,2.0,1.0,0.1,1.0
1.2106946186410579,0.8587055825216741,2.4499768653519736,2.082214563671847,2.1074605363463954,1.7348106836046728,1.476187960598943,2.01521887487463,2.2046764211311825,2.223282712432551,2.275157960081863,1.5,2.0,1.0,0.1,1.0
4.403647448808879,4.790985709086737,4.181897112324824,3.610647422308275,2.8730282206167526,2.3146555354432117,2.580708870762798,1.2850587589614528,2.2058377902366524,2.4914274801217102,3.1287459761918357,1.5,2.0,1.0,0.1,1.0
-0.23662443501564098,-0.03991461320061275,-0.17027680029138614,-0.36702122425825134,-0.29840172295129797,-0.11878323130340245,0.10781269104292492,0.7386880940931366,1.6881764065006715,1.5108514239100095,1.6543239722428016,1.5,2.0,1.0,0.1,1.0
0.9081803704302451,1.3403937561263337,1.927056215858649,2.08907322373091,2.5493764028574843,2.0107033537920915,1.5429045908418213,0.505901620992018,0.8651414031259195,1.3562294248107243,1.4356546923418,1.5,2.0,1.0,0.1,1.0
1.6230302726899979,1.8616009715023536,3.515302025084711,3.2611705039456735,3.062115147054235,3.1833700471088644,3.142971046471939,2.9231035961256095,2.7096224769083177,1.7756029947814485,1.4356902917476506,1.5,2.0,1.0,0.1,1.0
1.7731707163519144,2.0672813811089243,1.7167268591935092,1.9599236746174733,1.730125117361229,1.9515745939617002,1.5669772173430994,1.8067734516691463,1.5354271712757248,1.4169643963377383,2.319832705449229,1.5,2.0,1.0,0.1,1.0
1.4531443916861815,1.4673750510152672,0.482419561585835,0.41246175919428973,0.04779083522328803,-0.8387327384596573,-0.061456978483753866,-0.13609846778356993,-0.7987442990142376,-0.37328511241653073,0.32297660330217604,1.5,2.0,1.0,0.1,1.0
1.0296681072998324,0.7524944570984526,0.8829987390869991,0.12093717717823138,0.8810877917974986,1.401565823979719,0.9718658000618452,1.0229583647464744,0.2761426540743449,-0.3235805461860072,1.3804917240885135,1.5,2.0,1.0,0.1,1.0
-0.17285812632956077,-0.82218471197685,-0.23133744001739232,-0.683947263792498,-0.6148938972765712,0.01626948174690096,-0.2697484478227746,0.775188314962622,-0.2513467938979569,-0.3228480150674014,-0.030958806019958554,1.5,2.0,1.0,0.1,1.0
2.1625601007482285,1.1841760852008698,1.7056431454282555,1.7436930874063084,2.0295793131706206,1.0273483153825933,1.964161943804366,1.0729731363304786,0.946074459157858,1.3631625635724656,0.8381770493867913,1.5,2.0,1.0,0.1,1.0
1.2352414104057297,0.719315633313714,1.332208498477543,1.8653615824850773,1.3423665778823048,1.2419930594056239,1.6758498972853726,1.69201434627877,1.7030195726725454,1.4562347115617307,1.944207194357408,1.5,2.0,1.0,0.1,1.0
0.9722019513150868,-0.18670793082998927,0.8728366513525225,0.8436607076441169,1.6725798797904452,1.7432270324388863,1.2456726563649072,0.4119058828700375,0.9000720950776708,0.5360251900306198,1.6375400862299188,1.5,2.0,1.0,0.1,1.0
0.34170211240294124,0.6845639946290041,2.0182415160985423,2.7967631125247117,3.10437083924863,1.7340541157552445,1.557789937625641,2.809029299265813,1.8707823514274435,1.5633096902001804,1.1473339845656336,1.5,2.0,1.0,0.1,1.0
2.239323702998136,1.5903315371091813,1.7872975894301,2.5849378570663872,2.6570694922940032,3.1937356617312114,2.6156542172636765,2.8192874315531093,2.3744502124809577,0.9757454184105587,-0.17713125722312983,1.5,2.0,1.0,0.1,1.0
0.6471823078859726,0.36663788781955514,1.0890492528750004,1.429932814511926,0.9009575061984513,0.8011383766886067,0.2608871951601547,0.7366730007572874,0.01266359363533387,0.356739713717812,0.8136341150184261,1.5,2.0,1.0,0.1,1.0
-0.031191052386632435,0.5234155617061704,0.4533300943095736,0.1149074730105355,0.08685300652537017,-0.7687202785422411,-0.683458105784134,-1.1613912814778238,-0.8829785411977734,-1.168576849885495,-0.9651891772197705,1.5,2.0,1.0,0.1,1.0
-0.017086465736989975,0.14342546971418416,0.22418808990564282,1.163128965340922,1.276463065307258,1.7406310446622635,2.5036583240030024,3.787321342221243,4.1389186341157505,4.638339723515379,5.1026445490422,1.5,2.0,1.0,0.1,1.0
1.0985595601034042,0.648932108395723,1.1198024877030284,1.2519896582317573,1.5226290799793976,0.5163926080392063,0.7672057406371309,0.40320135155111453,0.751587165637343,1.7816468361983357,0.6750054575894802,1.5,2.0,1.0,0.1,1.0
0.01683159671698705,0.20914970065591582,1.5607705172178639,1.7089832718873228,2.6034538147103374,2.038198285757719,1.5201967649626604,1.192156180910236,2.462972492446231,1.8163483095168673,1.3911780715056479,1.5,2.0,1.0,0.1,1.0
0.848599797218358,0.930168596172597,0.9890521751546898,0.41499651466553344,0.3361999544608727,0.5152354050109325,1.7454299617610736,0.9226565362937516,-0.07981071739200751,-0.7315269726864188,-0.6072515764010373,1.5,2.0,1.0,0.1,1.0
0.10764925036186401,-0.17518220652245814,-0.8241116751585693,-0.23940325407902002,1.275108008167797,3.2199275734001738,2.789180427152887,4.076280547887309,3.01041611808553,1.7553966025208065,1.74946144774237,1.5,2.0,1.0,0.1,1.0
2.581668826233055,2.341019122978872,2.832404660070067,3.9549809540400367,3.686716710255435,3.2033032227689926,3.0623766586652463,2.6086773180542906,3.263825754111423,2.3502654975563573,1.1343405021361668,1.5,2.0,1.0,0.1,1.0
0.18856947144703665,-1.1680795872813636,-0.7261226251621897,0.09917213066327146,0.4974286236254517,0.8140782557380372,1.3906322084052156,2.0226988640759247,2.291451688270423,1.6691330241892794,0.9413596091818307,1.5,2.0,1.0,0.1,1.0
2.0415858636278426,2.3151273913179535,1.906275619061395,1.7254255118890809,0.6533641267867278,1.155013524616514,1.3708183323718153,0.680866963938025,0.8166409967231028,-0.2866507070848794,1.2225696344173052,1.5,2.0,1.0,0.1,1.0
0.2351690198721332,1.1423054608601242,1.663720584150602,1.317044628724908,0.9616608344163622,1.7741859617298315,1.3206820102465247,1.2357426459492646,0.8982836314736014,2.0215081715315075,1.1309560900516535,1.5,2.0,1.0,0.1,1.0
2.382970813580011,1.817627162333566,2.072288279424957,3.0519727371318046,2.050502077259348,1.7160627312464856,2.086159907081149,1.2141379000232837,1.0994190191941082,0.5599565858633605,1.1325928328230999,1.5,2.0,1.0,0.1,1.0
3.3784351569872495,3.617800572040142,3.410231188157979,3.8816996915537025,3.128071792990316,2.98820928689322,2.22740290146487,2.234237634989746,0.9245105662082718,0.6447840295214007,-0.04378990858794973,1.5,2.0,1.0,0.1,1.0
1.1794204362344982,0.5682757528975605,1.5062126309469945,1.487927117904679,1.6088305660139481,1.6351431438225692,1.8010603115913109,2.8530571200871364,2.9315914450148943,3.1271833657507364,2.8549125760183025,1.5,2.0,1.0,0.1,1.0
1.704417069940531,1.0305350173843346,-0.0462305787708428,-1.1119182922066062,-0.1211806153030921,0.07154947195901822,1.2459371779270776,1.6057811587758606,0.9797296751888045,0.7924929713724491,0.6356685524782155,1.5,2.0,1.0,0.1,1.0
2.720660098196619,2.4294181397396146,3.0020081494691464,3.175136208414556,2.610230779911115,2.160002290891254,1.7341779787654255,2.3870836943029374,2.111892965414353,1.7427780416064886,1.3313541261247266,1.5,2.0,1.0,0.1,1.0
1.1284640274282953,0.8181016800434671,0.9300905636060848,0.45125076652458995,-0.5169718791093436,-0.8528137520127999,-0.9907719492269595,0.05626266250285816,0.6057117942960548,0.9855778117998049,0.9409316607052123,1.5,2.0,1.0,0.1,1.0
3.45507392358058,3.951143836840004,3.3509772600525025,2.4158587104177456,3.1059827561276734,4.523285045632358,3.428366570478133,2.7344140629013736,2.00586261241321,1.6609376376143712,2.1429180398540906,1.5,2.0,1.0,0.1,1.0
0.4219355901432084,1.0908942637708356,0.5501476483044626,0.10775473287981041,0.21719169361322005,-0.2991197671129686,0.3159740764436519,-0.3005946674876474,1.7124142532883975,0.08009768122030181,-0.27298249618526116,1.5,2.0,1.0,0.1,1.0
1.376868745249247,1.4686827867194194,1.0714287677880092,0.6340300526821995,0.052784117939684516,0.7854966047786298,0.34069041081578433,0.9487907301432178,1.4560275356217427,2.3577077861244247,3.0767937963896603,1.5,2.0,1.0,0.1,1.0
1.643117622650112,1.0480442343426335,0.9421324008753054,1.0389840287757564,-0.6200402779794036,-1.5087787091305689,-1.2989723568328457,-0.7357814377955876,0.2911773833182716,0.7978657366986622,1.4973150229269905,1.5,2.0,1.0,0.1,1.0
1.571108052688726,1.4769603122099044,1.0738785159005118,1.539260963508443,0.5836993816014457,1.2350494649989407,1.3122220105170022,1.1155380178990952,1.265261338326083,0.7183515390429134,0.29067114326020904,1.5,2.0,1.0,0.1,1.0
2.7556808933677788,1.56466030973577,1.6857264701604449,1.874697871189746,1.2358847776848545,1.5887414566226978,1.7299462267863295,1.5851145357016694,1.18350818280358,1.6260538467422883,0.8476979453093658,1.5,2.0,1.0,0.1,1.0
2.5026821932353145,1.6752582205403825,1.7256576419382867,2.1674711625122662,1.434237116045638,2.159825355223776,2.513265258657004,1.2654182425790939,1.3504412796648224,1.2510220050648297,1.3835577974272584,1.5,2.0,1.0,0.1,1.0
3.1986746504026224,3.399318561008909,2.6676775143643363,1.4230972235890245,1.1550069906693892,0.42048185752149103,0.0012443880616005432,0.8745904461971965,1.8424763693940995,1.0004065910662705,1.329581489308746,1.5,2.0,1.0,0.1,1.0
-0.35737050112175767,1.3908777372363752,1.2215654743233384,1.667585338388739,0.6863605317797068,1.423140257524932,1.704957806237444,1.9339343690493622,2.792297819839441,2.8638909222500932,3.0931276539128247,1.5,2.0,1.0,0.1,1.0
-0.795578236305751,-1.143753761612227,-0.8181499393842222,-0.6293300393638085,-1.3052919546065527,-1.9349891820307472,-1.4928047364915757,-2.7221064460947635,-3.6200739714852395,-1.9818744053171147,-1.7333663560463786,1.5,2.0,1.0,0.1,1.0
2.3157615911017513,1.462775200864749,1.6989484965737067,1.9798901071638018,2.1990026719113285,2.418498681905338,2.0337074244753426,1.4209293556942764,0.3888632703045769,-0.2326297577690225,-0.5860960102396322,1.5,2.0,1.0,0.1,1.0
-0.5281987202823001,-0.17982503082373733,-0.6267642667877916,-0.900644041147483,-0.17816915048049903,0.036181015571645055,0.39086923268405316,0.4132216379771492,0.9845984502257124,1.1260204862683354,1.2329655711810181,1.5,2.0,1.0,0.1,1.0
-0.315061163867497,0.6206965250814852,0.6456375947376112,0.4975516910602408,1.59618294971406,1.3756276189657843,1.996204713911483,1.2630925619526767,0.8098814681220006,0.5203866131867634,0.642764523823317,1.5,2.0,1.0,0.1,1.0
2.0197754497844476,2.3242942185946722,2.132417292484584,0.9274378589275967,0.6860337400376912,1.919396259818926,1.5450930733638735,0.41484628058620787,-0.3334046294859587,-0.09212752866551363,0.4123770596528118,1.5,2.0,1.0,0.1,1.0
2.2003361557769088,2.6349439860249184,2.8704345602600636,2.824090968847238,2.376084495610371,2.480365835013835,3.0162888058412674,2.966668236675395,1.6513899659282745,1.6300386654189083,1.4224918825713082,1.5,2.0,1.0,0.1,1.0
0.9742872347147534,0.9783373476263424,0.7455945179293869,0.7473677126499914,0.06806078294920326,0.45855473522538837,-0.06342953223094949,0.43738298988737145,-0.5475750799509924,0.20864985696912408,-0.48517061419902974,1.5,2.0,1.0,0.1,1.0
1.9523052731953068,1.8429313107206182,1.6581476758793277,1.2061255145603071,1.3060377560503955,1.2006760504495442,1.0219468966065708,1.582664965772257,1.860553470211579,1.8223292750310853,1.3246350020086721,1.5,2.0,1.0,0.1,1.0
3.945032263628876,3.1479834580625283,1.7751827599549184,1.0395174234710955,0.3322546853085574,-0.27466170717518323,-0.2609596394422105,-0.16947256337961494,-0.09150304489291251,1.0636035715267227,1.0523622030450714,1.5,2.0,1.0,0.1,1.0
2.0173352306286674,2.2720053263151407,2.2386323606928666,2.6554101058215114,1.4654193147468848,0.9141388140201312,1.3570101162244657,1.185945537304108,0.5602347816295327,0.3000297038558151,0.7501574645107376,1.5,2.0,1.0,0.1,1.0
2.038458413210328,1.5720386379854274,1.0807909215899518,1.8866740556056567,2.146985013801594,1.1755965948263714,0.8353795898917098,-0.20015624612043914,-1.9121775659932916,-1.2631695081389103,-0.6799494656483573,1.5,2.0,1.0,0.1,1.0
0.10372428872191308,0.8563373784578083,1.4873206934398278,1.1211713235595049,1.5593922949667847,0.9599004254403724,1.7213689267170476,2.129281031196869,2.058193219890716,2.851505376779879,2.824609066870252,1.5,2.0,1.0,0.1,1.0
1.603197851311852,1.6594084827206013,1.7369555159457242,2.137775922055112,2.3436008544433946,1.776609185134048,0.9175366662469365,1.576399685591565,1.9513768896033403,2.391455971365001,2.9727650953967246,1.5,2.0,1.0,0.1,1.0
1.8694020438128822,1.8997935446757994,1.7940751309731737,1.860152137185838,1.361724923664993,1.6729703696889358,2.2490302050338897,1.9860196901578295,0.98592383122774,1.1895660791211853,0.7143242658987285,1.5,2.0,1.0,0.1,1.0
1.648635807039114,1.5207535147982458,1.7996798717320712,2.874048987859535,3.4034102365663466,4.016374427530826,3.6635035961102713,3.642815958624994,2.1002787466834363,2.748700646904042,2.8205322033492,1.5,2.0,1.0,0.1,1.0
1.5695988953006503,1.3353353527119793,1.8736739019439694,2.4498183428908997,1.064292503376175,0.855724965634485,0.4557263336981542,0.5621771669214264,-0.2572616290911125,-0.8473006365353855,-1.8634289366886945,1.5,2.0,1.0,0.1,1.0
1.4897003142783012,2.5048695087906143,3.3159907751140247,2.316558555242202,2.7395010153773214,2.5850417269367743,2.605710790065038,2.195853168518644,2.7579505801523787,2.1334436128210905,3.0210487851713537,1.5,2.0,1.0,0.1,1.0
3.7976878087999797,4.779576289630785,4.183437810279794,4.643420385862153,4.876815272006571,5.077900252799391,4.623531645374468,4.633559985012319,3.6823453134510062,3.552775554215906,3.816511213791104,1.5,2.0,1.0,0.1,1.0
3.2002722859084893,2.8402594083458927,2.250959438143255,2.8941649258021576,2.9883620891997413,2.5305539991823776,2.9056316021083237,3.5221172663169193,3.773697663843285,3.908288649185769,3.8610175434237837,1.5,2.0,1.0,0.1,1.0
0.47360186641289437,0.7156856920354514,0.3686739120068401,0.3218729724819892,0.5058636409261101,0.7100520164301456,-0.7606964278082242,0.6824790894982875,2.2366125236007637,2.11459453643282,2.0938062998337914,1.5,2.0,1.0,0.1,1.0
0.41882878201877866,1.7324727761324419,1.3319245417575554,1.1125960698824737,1.7122363467350088,1.2444594189290248,1.6507836607040673,1.1987115971133575,1.6909228454738257,2.312974260786185,1.9638703771864567,1.5,2.0,1.0,0.1,1.0
0.451700175055904,-0.10641708821396811,1.9744555437524949,1.339580035671148,2.1327606331838598,2.549428960052498,2.71472171373754,2.5944468511790877,1.414880631052616,1.4093084687493684,1.3256504694756486,1.5,2.0,1.0,0.1,1.0
0.0534330388513017,0.054647569907267324,0.526638971294894,0.4461734717209326,0.7240118887163429,0.0921168719563028,-0.3689343436843323,-0.7180626647548545,-0.20123444243528266,-0.8328000299388323,0.1534887663575345,1.5,2.0,1.0,0.1,1.0
1.1369904508287976,1.200969525570201,1.9304766683676269,1.9794583634653107,1.2840122798424352,1.6922730318138046,1.7007359065424184,1.381887681843301,2.310467347273152,2.2130120755655205,2.814034956141795,1.5,2.0,1.0,0.1,1.0
2.9724917989857857,2.6932921638575245,3.0279933239172765,3.0989738630130375,2.2489923167983656,2.4717537620553722,2.3943390735036543,2.8149919709982143,2.446847572794368,2.471832902777193,2.452694171496613,1.5,2.0,1.0,0.1,1.0
0.9468837664994149,1.9407061699157384,3.484263051988405,3.667018183093785,3.6479907614436464,3.4293105278490015,1.849682792203838,3.4600027072111255,2.8551206137851737,2.5150838485275764,2.088056470696713,1.5,2.0,1.0,0.1,1.0
3.1439884768947652,2.081717260954433,2.5330805777441325,1.5150152472745169,2.6038744146704227,2.321308159820014,2.8174446833895836,2.916700864858421,3.440178682164203,3.4228609336329665,3.618549028570563,1.5,2.0,1.0,0.1,1.0
1.9097099086681648,1.2975788614566715,1.117104589169525,0.47208707506878167,0.7713915536181334,-0.11059293171676055,-0.03517776612455033,-0.05051027516152849,1.7208804068199939,1.712853184027439,2.2614995217101215,1.5,2.0,1.0,0.1,1.0
3.147359556063296,3.133192773426699,2.4657372341584187,1.6115913721738222,2.5139524616507107,2.7251591685272114,2.6560011586724332,2.2959490873755253,2.0059776045508473,1.7441553250711546,1.8924325103476467,1.5,2.0,1.0,0.1,1.0
0.48130320229194107,0.265906586476495,0.420491066857979,1.7113865821511283,1.779628160210229,2.2326866546583286,3.3147392717608613,2.248047888012236,2.299181901127616,1.2803864740587096,1.603740577247089,1.5,2.0,1.0,0.1,1.0
3.1230304180815818,2.218002563215408,2.548707068029263,2.932406384786225,2.0235755947880922,2.396511247633644,2.179061032125429,2.249251517155599,1.8059181628472474,2.4091965743054606,2.9845897142579556,1.5,2.0,1.0,0.1,1.0
3.998014484195922,4.93198709721158,4.6692657853148045,3.9040586925087606,3.164669880588449,3.526573448355364,4.365942751268623,3.216031147282916,3.50848631860379,2.7455547828803812,1.7346526433054232,1.5,2.0,1.0,0.1,1.0
-0.17759847604033346,1.2253620049160285,1.7377107075859026,1.4861744094728142,1.8796925404112201,1.644184209410358,1.7453566098086075,1.252570276540729,1.2119000409200802,1.5540382804966906,1.8700991437833356,1.5,2.0,1.0,0.1,1.0
3.0447114522925105,3.1717102665411403,1.6098620614705523,1.9033004023568587,1.7409904844727737,2.542922517324887,3.2559430683838246,2.81346488433334,2.3674641476538634,2.023870721178197,2.2676248523345275,1.5,2.0,1.0,0.1,1.0
4.273645313804226,2.7014576746537164,1.7191481123786847,2.389194096780402,1.8733148583486583,0.8842029777151033,-0.4854523270241551,-0.42324159873256423,0.02292435455861544,0.8164347849316136,0.5765069234736551,1.5,2.0,1.0,0.1,1.0
3.7710098804901038,3.844892647767732,4.863861935384742,4.3137260930509065,5.520332770876722,4.824522140897745,3.5919293222882973,2.2248099008338595,1.8947152672705716,1.544445407479637,0.13850353807721993,1.5,2.0,1.0,0.1,1.0
1.2310783123205262,1.869060646754925,1.3850304756652458,1.0932986342710955,1.0839439705132832,0.8214154756816271,1.0915714001967907,0.00855263826682462,0.8250328168819674,1.50041120526351,2.0803533717746383,1.5,2.0,1.0,0.1,1.0
-2.3616661659148592,-2.2002464025762345,-1.3101553826903896,-0.15455985594317256,-0.00950278521856774,-0.028067808329926724,-0.3112968161134516,-0.058183475884310915,0.12499697450243505,0.45110884225113873,0.95698020179973,1.5,2.0,1.0,0.1,1.0
-0.9657702963675319,-1.0402377565692877,1.1574425215129454,1.5085376880887797,1.063850385803235,1.711301483294681,1.8764596521735122,2.070782722008144,0.6510142290269283,0.5079463377001671,0.5833467240969116,1.5,2.0,1.0,0.1,1.0
3.2866924765881556,3.0080916893142504,2.659330195537001,1.5678607701160114,1.2809623944595985,0.9435671704191767,2.428585412648043,2.905017151822841,3.0993080382504297,1.9325573094590254,1.6404031940485773,1.5,2.0,1.0,0.1,1.0
2.018874060919353,2.3856203408263,1.6981156414100962,1.4972175934264595,2.079891377071055,2.237538147968301,2.5443127389964983,2.231925031285475,1.5808534274644197,2.0085409939002035,2.3489459435180096,1.5,2.0,1.0,0.1,1.0
0.6137391052131659,0.0750828492706791,0.9389875040122553,1.8872608342020794,2.5934388621303652,2.0932580321113856,2.151798367118318,1.133911527931208,0.32740845707899524,0.10414211401080464,0.020716758633690047,1.5,2.0,1.0,0.1,1.0
3.2952264028947384,3.1317057956418655,2.391911179701133,2.975595748530238,1.8889963710946933,2.0432856593890807,1.7522439066429858,2.047988196116228,3.1192459524470952,3.1651813699490545,3.162840020731582,1.5,2.0,1.0,0.1,1.0
1.3540277927836002,1.305652174235065,2.403313068726668,1.7498621510880639,1.4124532707237711,1.1035818292063266,1.216252306974538,0.7194324462433155,1.1728518282020697,2.2544283176688147,2.397432046374688,1.5,2.0,1.0,0.1,1.0
3.501459269953449,3.12020363514906,2.415016859464808,1.807089880755109,1.154267013240871,0.8636506091657126,0.07211969769404336,0.23692535967735903,0.3043485906773891,-0.4541976168228144,-1.085695817370913,1.5,2.0,1.0,0.1,1.0
-1.5001022573901257,-1.06661778582624,-0.20488882665602537,-0.9280634157993426,-1.405055665470619,-0.6086579099861644,-1.1948180686403833,-1.880589650810438,-2.0704814608946265,-0.8952560491133946,0.29979939161793456,1.5,2.0,1.0,0.1,1.0
-0.6470508623726032,-0.916071868156744,-0.7977323187455448,-0.03589495208646398,0.6856695030315175,1.664505060990589,2.165094747063283,1.9752731349952302,1.5316004082292523,1.0849005813405024,0.4736356946428799,1.5,2.0,1.0,0.1,1.0
4.401664055365786,3.864638508814391,4.024726927775419,3.877359995408925,4.388589296304111,4.1526433757023336,3.954225789713066,3.5695727944519784,4.239464314971962,4.391732350900803,4.550865291344967,1.5,2.0,1.0,0.1,1.0
1.0032591467945937,2.2891846404465266,2.7829132630992097,2.736591457961826,3.394931677233577,4.429853035257029,4.916680234255053,3.976462152473635,3.5779053015239466,3.164558807927751,3.384288233467987,1.5,2.0,1.0,0.1,1.0
2.7206538440034,2.5373737497530953,3.035730158785584,3.5444740799731975,4.19664611715219,2.641377579630452,2.490912824093088,2.599750748608849,2.8668644255468076,2.3983857610163906,1.8674003740629335,1.5,2.0,1.0,0.1,1.0
1.7125593733055324,1.950527209253406,1.6465823581247316,0.11515281354151186,0.5418086739900334,0.8530961038705995,1.180707365879729,1.1501105575298887,0.752725226429908,0.1330812256555155,1.099447148582187,1.5,2.0,1.0,0.1,1.0
0.040230922931240955,-0.4711171322791107,-0.293058747743046,-0.8297842718768105,-0.6400839591747041,-1.492581452053073,-0.6093658362659992,-0.2407880942534933,1.0059702635619954,1.6475959009010084,1.5824428039481346,1.5,2.0,1.0,0.1,1.0
3.099606636000945,1.8007313091785953,2.179027816929332,1.9747506154914332,1.9522619198172073,0.6301736615106655,0.6263485182129871,0.5916471936369874,1.914682705066325,4.014146065088636,4.364520373599637,1.5,2.0,1.0,0.1,1.0
3.2695059150620764,3.0530059542467627,2.2284584783942893,1.2782784388920108,1.277518076758107,0.8866285998344408,1.7099979350904317,2.2822170488831994,2.32366747456682,2.67133803218458,2.3854764326750075,1.5,2.0,1.0,0.1,1.0
2.1422695383322994,1.5900967789434197,2.8542027780824064,4.701123310671843,4.54548406190935,4.025022974485129,4.3587352387344245,4.219255937894577,3.7349971709034557,4.4041979613559885,4.348527235844284,1.5,2.0,1.0,0.1,1.0
2.579704246619437,1.6852440861065974,1.3118192831462236,0.19083870987268403,-0.6145513088438862,-0.3832347985977231,0.08170594529523634,-0.48980641431353755,-0.44802268462653644,-0.43801169847683574,-0.8163677861465932,1.5,2.0,1.0,0.1,1.0
-0.7664193046410551,0.8520016301619382,0.6380666600504137,1.4823114086914844,2.3958797799081895,2.1791595840186835,1.737644288111152,1.189850576180373,1.1178623483393781,1.2768998617833855,0.6461901974275757,1.5,2.0,1.0,0.1,1.0
2.129196521210669,3.6295614689531472,2.5919395624786814,1.7358954862299072,2.0176469234088996,2.771707004075984,3.2320149839645715,2.7301660003877286,2.7738964741285868,3.173439311193062,3.0492558117883704,1.5,2.0,1.0,0.1,1.0
0.7572612761276417,1.8130538845659783,2.2355518493901387,2.7654950503064,3.476302211544458,3.355769851246442,3.170186715906595,2.489838367362727,2.6911523759942884,2.9831611277217167,1.4870292051275944,1.5,2.0,1.0,0.1,1.0
2.0168496632900332,1.9338653924445206,2.438681585027733,2.7996114854490535,2.011397522544817,2.127726834817821,1.9732237729475144,1.917457781813208,2.3645636262204257,1.7669806949269602,1.536082230511741,1.5,2.0,1.0,0.1,1.0
1.8052565479203202,1.243813502828861,0.7125327548757001,0.39345845283656333,1.1399031025167532,1.1478303815939663,2.361409643263812,2.9599963812864756,3.5113017840814913,3.827139745409361,2.3602663309651213,1.5,2.0,1.0,0.1,1.0
1.501178865218571,0.6640507490839397,0.6479639533565358,0.45470823478204186,-0.9547553129912554,-0.06002402751703695,-1.4747739679075096,0.03031891499631212,0.584298558022442,0.6972311809509097,-0.6287171246790101,1.5,2.0,1.0,0.1,1.0
1.4796810424774802,1.2727252778290616,1.2292634767658286,1.8487229978340607,2.257305190382729,1.8911914863398034,2.486094269811754,1.4418662907992905,0.9417509353794046,0.4562400967284065,-0.41598070644709784,1.5,2.0,1.0,0.1,1.0
0.32248162413737447,1.3586444748507285,2.494970538168607,2.6262412779982083,2.837972129083407,4.528491873712001,3.375051184377251,2.840965403284832,2.2170170086267085,2.0565175718991275,1.7195397372157057,1.5,2.0,1.0,0.1,1.0
1.4294861432509092,2.428055606005624,1.1688574109100391,0.4494596973164322,0.44586106955839394,1.6854892665707388,1.684660946330725,1.4400229357651444,2.016155675784545,2.830956516100921,2.7274359540391058,1.5,2.0,1.0,0.1,1.0
0.9812021390451046,1.5870269063368005,1.666625346894067,2.207424998154896,2.392054047280589,2.1411748879786963,2.106569720507993,2.553844768388855,3.630797562545931,4.616420306783449,4.886688412828471,1.5,2.0,1.0,0.1,1.0
-1.4251219389110934,-1.2691763048445488,-0.8838353000468228,-0.5117436706861535,0.3054105941470745,0.0653827514028898,-0.37378275597640265,0.19170018609446762,0.36178719645882407,-0.3516158680854747,-1.1742115620672098,1.5,2.0,1.0,0.1,1.0
0.07135469433224742,0.7893496752918256,1.1405172138138995,1.173802496557656,1.620255728834347,1.4401877413520539,-0.19202596531000782,0.18214245662715126,0.23780511115212172,0.25261455919112574,-0.4137400392519774,1.5,2.0,1.0,0.1,1.0
4.412291710431905,4.110712965326467,4.98341156693066,4.51286162003074,3.9348517851150824,4.12296082957729,3.388427189825262,3.297140963120274,2.694206023588789,2.369302092229454,2.495270198667945,1.5,2.0,1.0,0.1,1.0
1.2487773406658664,1.9765967440539909,1.096346524420624,2.472386587162557,2.553299878006637,2.3518520571969908,2.7936974852960486,1.961343043906246,0.9409383677536366,1.6303789611612403,2.2060182704445523,1.5,2.0,1.0,0.1,1.0
2.6286198618722585,2.121106984753177,1.0284492161599093,0.8492559191737674,0.5596959864469941,-0.020446112860320387,0.1787371419757473,0.6653248812037174,0.6898458454634063,2.348057211906856,2.270470289069805,1.5,2.0,1.0,0.1,1.0
4.166375786505385,3.2375070352228406,2.7585101277175026,1.7513866255397752,1.3541671727613789,1.1968017021082713,1.1134902588062277,1.0046406673655723,1.567997546298018,1.4252719984502975,1.97991825426094,1.5,2.0,1.0,0.1,1.0
1.4603758282422343,2.3384391491093863,1.8433724878140163,1.8813454729515746,2.160320507566731,1.9347041445481035,2.030255413405108,1.8713842548341562,1.7581220190211977,1.7017530624015293,1.1792997610058633,1.5,2.0,1.0,0.1,1.0
3.2638280533741226,3.6643083987017433,2.609688731800901,3.2784976994835184,2.3760283846100383,1.9925681664493253,2.6594245910650596,3.596952987692231,2.794585519047091,3.0576380945713004,3.2474350761544652,1.5,2.0,1.0,0.1,1.0
1.7038934164844701,2.4021540602420406,1.5686524502014236,2.6028272071223286,3.076090730323211,3.0788840886753004,3.890637927500867,4.352086721912125,3.9233951138603373,3.791602118598413,3.06162858585936,1.5,2.0,1.0,0.1,1.0
0.5206668602482027,-0.5470629096993673,0.1801671137966585,0.3846450987694543,1.362852666692522,0.6779326670483173,0.5111661176036769,1.407056977909086,1.6013211166163637,1.5479986759127724,1.605928062174788,1.5,2.0,1.0,0.1,1.0
-1.1526777884115516,-1.6474821896584877,-2.0156342463118797,-0.1471328382721595,0.0986812280260237,0.18030098579301237,0.9526626406975829,0.6385311531248563,0.3487636258885801,-0.8280092643558736,-0.4553669441800745,1.5,2.0,1.0,0.1,1.0
0.8659227470557886,-0.256291533215393,-0.7502128661516658,-1.0445852842164052,-0.48678995410938936,-0.1197225589644425,0.5604686884548354,1.8564791254507977,2.217011652799862,2.071859553922463,2.405981365038169,1.5,2.0,1.0,0.1,1.0
2.940666108890421,2.5794429004620776,1.5672779833778518,0.656601553771796,0.7347401415542211,1.4233913801305853,1.76761275781087,1.9816293559796196,2.1765089717509842,1.3277324419239562,0.9718031915861529,1.5,2.0,1.0,0.1,1.0
2.918056467046125,2.6963219851700724,2.4022884057489438,2.5434874501572042,3.062913130835768,2.9896697987690395,3.127421598625867,2.840338459947483,3.187461063620769,2.9690011890850756,3.071752240023263,1.5,2.0,1.0,0.1,1.0
2.385278300130861,2.027403327052009,1.5547147030876447,2.4810432459932583,2.849975834245691,1.9164363177923873,2.174142151740507,2.4627680064543327,1.5684036906410732,2.5529360805830144,2.041449688204025,1.5,2.0,1.0,0.1,1.0
-0.4837305798773415,0.15862194641132937,0.07992169485379405,0.16879523512391265,0.37701734757954686,0.8793922468675286,1.776743121923578,1.5729808250854713,2.2546673564982513,2.4485481073406,3.0817541136694357,1.5,2.0,1.0,0.1,1.0
1.3403961044687636,1.7083578528315473,2.3631290451173355,1.7010775594258085,0.9846531678002433,0.7958705531777186,0.4249458172772148,0.6400390863698635,0.34736953314266633,0.680577418514261,0.9406071942087842,1.5,2.0,1.0,0.1,1.0
-0.02728222785870908,0.2618263744347858,0.6863139939659368,0.09306634558988736,0.5403931604754477,0.35096723042168315,0.7817358908645291,1.2929173459457681,2.085746023012372,2.2192353647094767,3.2317810499695687,1.5,2.0,1.0,0.1,1.0
0.4524237058598408,2.3068804733854993,3.275056859004191,3.1852028523544003,3.1301469863831466,2.6435468943656564,2.597399786609339,3.3093854465083137,4.3609595296238925,3.4381119852184887,2.52564378700556,1.5,2.0,1.0,0.1,1.0
0.5565595449125376,-0.009380435674588905,0.028497409989394873,0.08210232025869209,-0.1796165313153159,0.26233500928768394,-0.7315982066878891,-0.5099848857917049,0.22280210939422024,0.8582201845959726,1.1146084866569785,1.5,2.0,1.0,0.1,1.0
2.1578627499761676,1.9560052428231551,2.152836050199795,2.3418505676999195,2.501195854460518,2.1429156465033614,1.6941258277560287,2.1119786826130644,1.7652781194648823,1.762215140520441,2.0216114512731465,1.5,2.0,1.0,0.1,1.0
0.8666705544560432,0.9067565873018427,-0.20854432776473786,-0.8750301071969562,-0.7818897338283056,0.6333140790704584,0.07113810737137005,0.31787472046886983,0.621689862753098,0.6599019829429832,2.1502310702875747,1.5,2.0,1.0,0.1,1.0
-0.6698398082163499,-0.8521275895195708,-1.1079333279150265,-1.0845205351610403,0.22753994954831724,-0.12223848459785075,0.2437163132747665,0.023045884719638254,0.04744061428476688,0.6840760857417139,0.26336657326430846,1.5,2.0,1.0,0.1,1.0
0.1614008414846678,-0.5373399228222022,-0.9790263742660813,-1.3673863243826854,-0.5931421738851194,-0.18810688201734796,-0.3488370918154154,-0.23977935164682423,0.16905300818071392,-0.30592867088639886,0.12245668885568739,1.5,2.0,1.0,0.1,1.0
1.7514879719434375,1.0211362089771217,0.9355290894707573,1.4615335279646169,0.5906120275240612,0.2567013005839574,0.45479216111547266,1.4823862157429888,0.923653394666987,1.0607255809920053,2.1414258558764265,1.5,2.0,1.0,0.1,1.0
0.41180226121223673,0.5677120891911129,0.9624082699047115,0.6061637795048203,0.18021526553591882,0.06457128965727493,0.19784888636981807,0.052859057286928746,0.6374162905154905,1.2631920991228398,1.4773232707985195,1.5,2.0,1.0,0.1,1.0
3.9088038816600355,3.1332551718941946,2.7603534921133517,2.3415987295736875,2.6414064725947592,2.3417764355942783,1.940284230976142,0.9973520279630449,0.422246953877625,0.3869532313774421,1.0807379394552041,1.5,2.0,1.0,0.1,1.0
1.0539519006346165,2.09000660157764,2.2588385793387613,1.8603217271263115,1.8526382955498744,1.8996516511689394,2.050302149654784,1.1205051981815772,1.4372564972577304,1.61495698194849,1.4494005818653197,1.5,2.0,1.0,0.1,1.0
-0.42699788423788787,-0.3986177034898385,0.15371078689617895,0.24082992249889285,1.1707706598628038,0.5617061786693356,1.2464819260722217,1.9231518175953282,2.351452525912947,2.362103677873138,3.1427006434628737,1.5,2.0,1.0,0.1,1.0
1.6348689418959725,1.4182474532196587,1.5107563773283916,1.4087339234594003,0.5134835028336013,0.6717434158917018,0.23812640183274358,-0.7815534219029604,0.19078736484366465,0.6655034371610019,0.9299615682978004,1.5,2.0,1.0,0.1,1.0
3.2193013825274943,3.825531967819335,2.908455925687405,1.79877728868327,2.1912797760911915,2.4053054251930517,2.618065681123566,2.92305522427188,3.6997043879410527,3.939513262607418,2.456357529090896,1.5,2.0,1.0,0.1,1.0
3.216790046658496,2.6690072034650805,2.4779228348833073,2.4770248599484623,2.5815736065750285,2.3306870805239104,1.8810390800639443,1.3404177368687031,0.43636422075368597,-0.0539182195664103,0.5536170247415809,1.5,2.0,1.0,0.1,1.0
0.7124743831069854,1.29617028966342,0.7168856032902097,0.8017091023768353,0.7299158906084319,1.3428446691206242,0.0579602673448012,-0.0013797136441796864,0.11256977094175764,0.30452825059691013,0.7494175711444271,1.5,2.0,1.0,0.1,1.0
1.6946443370714188,2.142795341499151,1.6159661140731134,1.707367766885277,0.6671103737594395,1.7033280421809787,0.6632471550893355,0.1978451501214441,-0.34241164601199614,-0.9196843870585307,-0.5045104948844584,1.5,2.0,1.0,0.1,1.0
1.8797091389704736,3.03799329264216,3.1151328130829783,3.3784685674446906,2.139942903537544,1.6599521205970778,3.8997570511962376,3.1178052817711044,2.960440543335788,3.0230388974248714,2.1646290440116687,1.5,2.0,1.0,0.1,1.0
2.540902297658937,1.6460354523468608,0.2276430729114407,-0.34515938862451767,0.16126533490411077,-0.3330100786232038,-0.4027756415740829,0.5416115846898714,-0.25283192084471506,-0.7522707569182276,-0.30683234951855,1.5,2.0,1.0,0.1,1.0
-0.3559812792266181,0.2184985449553209,0.7975768964072845,1.1374243925677598,1.7912422154066578,2.450598411973294,2.349897591837416,2.8393102920029114,1.9759136806555198,2.1887252675104674,1.0414052498692707,1.5,2.0,1.0,0.1,1.0
0.7816928569903453,1.8754993235712512,1.0215822446115173,-0.02377025441910896,0.42588111945559926,1.0080667019435259,1.5378891226055926,1.5049097963973566,1.244597743442002,1.915335907715961,2.4331087669765044,1.5,2.0,1.0,0.1,1.0
1.2242405177979474,0.6643570581184044,0.24073297994648413,0.17507899880633843,-0.6474583120004737,-1.2946811618123548,-0.6049227043013108,-0.9926582989820325,-0.22555663046606444,0.3103447995558102,0.8189332401827694,1.5,2.0,1.0,0.1,1.0
2.8589521132099938,3.1312216337126664,3.0437920848163276,3.5539642026231686,3.115149070839383,2.3543495817221523,2.0936058521894356,2.3097930167389578,3.0092850773521946,2.443142356605505,2.4273079009141942,1.5,2.0,1.0,0.1,1.0
1.756313343047334,1.6808787906157354,1.9671563203325073,2.192765997995921,2.2582436438993567,2.39657194070156,1.625809268818518,2.4220716920161545,1.745537045439471,2.1671679159619845,2.1596661244204887,1.5,2.0,1.0,0.1,1.0
-0.04348236291093863,1.3536010333535855,1.081189703359823,1.035089696596073,2.3541540600596527,2.361364919534341,3.4548305116016333,3.092045380899538,2.4796002869957845,2.5181295922256384,1.9827452215215193,1.5,2.0,1.0,0.1,1.0
-0.2485991995528118,0.8511082220114298,1.4034786263263577,0.8498968622274179,1.0737729822019004,1.1712803816852972,0.9386686098992332,2.0800736367114396,1.7345042286601768,2.659241603829428,3.066352578366751,1.5,2.0,1.0,0.1,1.0
0.0033042417453429027,-0.6093737606335581,-0.2875923885565584,0.3417553716876316,0.28573431281233613,-0.014911478798964484,0.18580227785548367,0.7199351579603723,0.7848719908010604,1.7187456550160976,1.6486144785783223,1.5,2.0,1.0,0.1,1.0
2.1126810860414778,1.7413346458959338,1.4965206363558397,2.049704015015095,2.2016913745167788,3.148865426549679,3.079784640302678,3.1401689411262006,4.059672660120038,3.4649382957564354,3.804130766694505,1.5,2.0,1.0,0.1,1.0
3.8172349673191346,3.9612176818165086,3.8633880706872117,4.274667453100731,2.4940486573281695,2.580258082721108,2.6457470961048735,2.3988998816028424,2.2433061049306895,3.0478240488288426,3.3497820897477015,1.5,2.0,1.0,0.1,1.0
1.1562036120339838,1.8839117520248758,1.4010593794189508,0.7948567226985603,0.6289626763725735,0.21412336807269672,0.9742288716941203,0.9398374980031752,1.0772089223199905,1.1184778420392003,1.5542240107633152,1.5,2.0,1.0,0.1,1.0
3.6828552692456955,3.147605448808268,2.1020160218538217,2.126433657247043,1.9197174743397554,2.4515936171658357,2.615280743785852,3.289606489023643,2.5525397224347195,2.211606775495357,1.6411666220598955,1.5,2.0,1.0,0.1,1.0
-0.00798082682961882,0.02033449301263665,0.08268909580284535,-0.047247946248087314,1.2922484252873834,2.0695556580742256,1.6822279763556836,1.026124655113298,0.7283839247863866,-0.20395519646986282,-0.44351022282373176,1.5,2.0,1.0,0.1,1.0
2.9425484935792374,3.939140424270237,3.6105878748178606,3.604799743797505,3.0889543669826587,2.0402950220555223,2.611932462729727,3.144126269718603,3.015490326396667,3.413959049909413,4.0151675657560135,1.5,2.0,1.0,0.1,1.0
-1.8425654295501066,-1.7611616933787893,-2.690770007920051,-2.419363019124204,-2.2005491047335948,-2.6535181597002153,-3.0837893495848325,-1.923419798544121,-2.2593522308941103,-2.113584688097075,-2.0739818950302276,1.5,2.0,1.0,0.1,1.0
2.687589351911308,2.311588975781655,2.4780923011800433,1.444945444289797,1.4151905578284916,1.4003934057130545,0.6431992000888901,0.9081023823472139,1.6953804349821624,3.0890370459592393,2.0114612277025286,1.5,2.0,1.0,0.1,1.0
0.8295455720946443,0.7861284728474744,0.8699397205772262,1.239616709988611,0.7639323441648854,0.7584506237600019,0.5376911835227345,0.5641387026017857,1.4891049127293825,2.190229838834828,1.177284409166433,1.5,2.0,1.0,0.1,1.0
0.6192354070125787,0.8013650144918967,0.2409466261977078,-0.1053873792411964,-0.9202378841495369,0.691422487426798,-0.1701958101428902,-0.32049966809710073,-0.7114970216928552,-0.6602400006890292,-0.16170099849750785,1.5,2.0,1.0,0.1,1.0
-0.5282480591657797,1.0875877278293293,1.7112046028328596,0.7856477844497829,0.45113026995029126,0.4481274081875915,0.7144111511101409,-0.21095017721733367,0.7180566722699914,1.4603208908322696,2.0978333186678975,1.5,2.0,1.0,0.1,1.0
1.6331634677810285,2.245696466762569,1.963648291111564,1.3079633241139228,1.514796714014326,1.0565780022430973,0.6616562618880568,-0.09600955862292115,-0.13395129632739644,-0.1936593923119568,-0.2774406366378338,1.5,2.0,1.0,0.1,1.0
-1.75151520668394,-1.485595068916072,-0.1807765622337547,0.22916380502577235,-0.05349635434392608,-0.6634062608559022,-1.432696521497367,0.29978080436377974,-0.5649431061051882,0.016407510406824644,0.2532605668109133,1.5,2.0,1.0,0.1,1.0
0.6509107937352381,1.2918302576976357,0.8957227743753755,1.0001335986046975,1.3978387369199128,1.449832653130888,0.8926091890811789,1.706564761680975,2.10337712652977,1.316021071100749,0.5608575790418513,1.5,2.0,1.0,0.1,1.0
0.8398195958730629,0.6675094779278177,0.8996963912526771,0.3439625617442724,0.0025418598417946137,-0.0999637094378743,-0.48440560474225525,-0.8704048320285788,-0.3221960494331553,0.09556798261505375,0.08370844361969931,1.5,2.0,1.0,0.1,1.0
1.7437115437178865,1.9164098140074157,1.2496925172956042,1.422166349723861,0.5294687000652664,-0.17003551094909342,-0.8159158054756708,-0.4059355589805562,0.6072432910263523,0.9169586255431442,1.2513115076424692,1.5,2.0,1.0,0.1,1.0
1.29162309643217,2.168913138278552,1.8702640504622061,2.0306000895690763,3.0883202244957557,3.2661820194630615,2.7259148956404644,4.020585615988478,3.2828015777961497,3.0994087240574184,4.078671574147088,1.5,2.0,1.0,0.1,1.0
1.4877217218642684,2.148348600305625,2.033132029247498,1.2104482276020807,1.5846582125144857,1.2254646786149854,2.6157034990077124,1.5886930701320081,1.5802669988737323,2.2576277674918663,1.8598074687302668,1.5,2.0,1.0,0.1,1.0
3.324213848635422,2.728286398249135,2.979293858749341,2.4551005216989474,2.4019290405806997,1.8462632503504082,1.9817383925338643,1.8388796692691418,1.508163329531037,1.8080421621941762,2.47669775150608,1.5,2.0,1.0,0.1,1.0
6.316463257838205,5.849193119440582,5.639944061962286,4.927956840959399,5.099232239982889,4.823517448655529,4.61224374939542,4.790145829120239,4.406720482738793,3.047130213979807,2.708791640544816,1.5,2.0,1.0,0.1,1.0
-0.308942197105827,-0.1743596883700182,-0.7638959529136269,-0.18567050131516244,0.5858457780963378,0.023003611864177986,0.07728816526712622,0.030048121978453607,0.49309480248295834,0.36326762762580445,0.32745789357306043,1.5,2.0,1.0,0.1,1.0
2.1541015390312244,2.7332738455432493,2.0603170568820883,1.2134403110403613,1.332018226118878,-0.032942176840979887,-0.048612030678430146,1.4992258360134412,1.7319898529014395,2.1049174929911696,2.0986062595745514,1.5,2.0,1.0,0.1,1.0
-1.6822100139434641,-1.128786153125192,-1.0735067779518772,-0.7625378378192514,-1.445779628866856,-0.8264350182934888,-0.6953927110602238,-0.4566012131213783,-0.830775440894572,-0.7934326233708577,-0.6672434364539763,1.5,2.0,1.0,0.1,1.0
1.9314329490907178,0.78727338707578,0.4153894952710313,0.8631208042028459,1.0628016536118803,1.3503018435827656,1.1259740698243084,1.524048042545407,1.0863132466059615,2.2476148024434535,0.7491621473371466,1.5,2.0,1.0,0.1,1.0
1.8344239560052964,0.3428784575545061,0.5459118397546432,-0.028806697481407406,-0.11845757631129739,-0.8493858079427007,-1.4648159749992842,-1.5119985869040922,-2.224869476612855,-2.2572527754378737,-1.4863002919865005,1.5,2.0,1.0,0.1,1.0
4.273028617034707,3.654046511950316,3.5779226250103697,3.163543250988462,2.868162834675598,1.3737298579491783,2.005721762300243,1.5866021441176619,1.3792094952098128,1.790065034258284,1.6875027367562636,1.5,2.0,1.0,0.1,1.0
2.004363308985649,2.2908999184431638,2.148941974824819,1.435825900561524,1.1578713003446977,1.1124682143534907,2.0968325148358917,2.0389231576984947,1.928120004118954,2.0088255938267503,1.6238880579218375,1.5,2.0,1.0,0.1,1.0
-1.0716817284654827,-0.44340358932964075,0.23834012117456088,0.9054271061228539,1.0189652375265408,1.5435696867501905,0.48329687611577943,-0.7946762800835844,-0.7056643221050395,-0.43874948195917657,-0.5242464187580093,1.5,2.0,1.0,0.1,1.0
0.6448804286511,-1.4334186652453909,-0.6960455847566123,-1.3485150765739298,-0.8119031321049056,-0.7916330365746177,-0.42057761712617797,-0.09382931284792201,-0.2061354225156969,0.8661733422070416,0.4845192943715096,1.5,2.0,1.0,0.1,1.0
0.15051832362497752,0.6410897757387288,1.1473353855327564,0.592240122507016,0.6271149891377187,0.7786580793580221,1.2902557243114603,1.1077058408247122,1.3691818369523396,0.2023317162334215,1.0744642008098597,1.5,2.0,1.0,0.1,1.0
1.6836723418624593,1.5304083533134978,2.0931942587005614,2.2684035876031463,2.330008811691557,2.146385014799199,1.3428259255559714,0.999478727232255,0.4747352269678192,1.258334587727084,1.4347579010296343,1.5,2.0,1.0,0.1,1.0
1.7005503468432652,2.0754418260849317,1.7253904487146774,2.9934687528116646,2.633464290138212,3.6022159558624267,3.7231332925494875,3.9224547313642897,3.395423738732223,3.054751147922741,2.6997241816589437,1.5,2.0,1.0,0.1,1.0
0.5740774823863558,1.4244890275030804,0.404411266468776,-0.16101523682800434,-0.08567112105432002,-1.0521684292289377,-0.5906442258112978,-0.9929989655586037,-1.4399702330681703,-0.11532524553284484,0.36549982381768675,1.5,2.0,1.0,0.1,1.0
0.8514305019072198,0.8350519577316542,1.4505168807084328,1.306008100635234,1.0450723062464466,0.478231147952776,0.14082887461779997,0.6726457509791997,0.43385754299498613,-0.4287304017046253,-0.009954086738737933,1.5,2.0,1.0,0.1,1.0
0.9907772208895415,1.688400470178531,1.9564122988549029,2.1265960323426487,2.054779869007042,1.6429373781061627,1.7532331074713539,2.0015291361151397,1.5752216941283856,0.7099581342559923,1.4337621126034188,1.5,2.0,1.0,0.1,1.0
3.5303977682214938,3.209365738797414,3.48770584209777,3.294534551584363,3.8112590297784994,4.042292245929003,3.9520129325045974,3.9551191103796204,3.5495830943970663,3.245899071725107,3.995161290519491,1.5,2.0,1.0,0.1,1.0
2.896768492941169,3.5897264448677597,3.742187573551882,3.8996849947340544,3.517411459674155,3.3484258277018535,2.5757220005353436,2.0900960979661236,2.3858482866803943,1.740406598470977,1.1028853748778005,1.5,2.0,1.0,0.1,1.0
1.453042471202178,1.730440119827243,1.8381235702894438,1.3761414571006996,-0.00045107845286174175,0.029793073458458372,0.29362374164148036,-0.0096883232113803,-0.34941203056387016,-0.8280484744754878,-0.2574553242947533,1.5,2.0,1.0,0.1,1.0
-0.05319023324516597,0.2536113157907219,0.003233174506264258,-0.17572653916489048,-0.8524852112948207,-0.8542844610529774,-1.057900398153112,-0.4073598239860396,0.08874182051069404,-0.2372161487852869,-0.46744733828123786,1.5,2.0,1.0,0.1,1.0
1.8534655993628777,1.0179212006088867,0.4525993951585262,0.5630552842310457,1.2257128041992105,1.8832991605388578,0.6990260636525456,0.5306874192900626,-0.08903057352486132,0.972676055574315,0.2944745362078629,1.5,2.0,1.0,0.1,1.0
0.2895263118423531,0.7348628859318387,0.2625357733604289,0.23773230490009256,-0.6141631661869328,-1.040928629751154,-0.8306303821531684,0.29247544612662,1.2067969640194263,0.19742824969477124,0.9974727976501014,1.5,2.0,1.0,0.1,1.0
1.2532571903303895,2.2006630221593824,2.8384564662456535,3.620447156857022,3.915447445270285,4.618685143491795,4.073337405354343,2.661068158349865,2.3927321651784617,2.5689377242339435,2.6725634036669685,1.5,2.0,1.0,0.1,1.0
1.0588359408644936,1.7260525277709566,-0.08870448577169032,0.4072021086492609,0.13328944210640065,0.7789914426663982,1.2127841703108564,0.24228699075924676,0.866722104221775,1.4506213738848799,1.4256433456193236,1.5,2.0,1.0,0.1,1.0
-1.8324833429575764,-1.8971368463175413,-1.1424290677914233,-0.20579599887244426,-0.2418043299025738,0.684350379793249,1.0145100879766344,0.8390308682614264,0.7360929077550402,0.3075513465612222,0.20327477744763547,1.5,2.0,1.0,0.1,1.0
3.240997769389613,2.1837954772184927,2.615134646630752,1.7899963655337081,1.1571551782381,0.9292669926474721,1.0290122774553463,1.4721064393020424,0.8632405744797362,1.2039866890699322,1.8276792421711385,1.5,2.0,1.0,0.1,1.0
-0.9109342995692322,-1.1398396365493753,-0.6345857728336936,-0.7942750059324746,-0.1362916632177965,0.30773156021943926,1.5282933195454214,1.7902181290469108,2.3922689543260516,2.025596845332146,2.45096765681016,1.5,2.0,1.0,0.1,1.0
2.262915669957761,2.259861685788066,2.8289801923005116,2.413076840420538,2.324333285351287,1.6873947721498528,0.9653058551040655,1.0643822557526363,1.5910121534670059,1.5643413756164715,1.8323569150630445,1.5,2.0,1.0,0.1,1.0
2.118372149606137,1.7892624927130778,2.3704818416148408,3.0880527442236443,3.1325871238053127,3.491396856830354,2.6049703759114,2.4132597277231977,1.9683388494287382,1.9567235255721411,2.7063600802084355,1.5,2.0,1.0,0.1,1.0
4.126353932069728,4.798226410734913,4.0297605729158406,3.275454212023088,3.4838167079650635,2.8103670862152867,2.3796169381337,1.7545238696243786,1.4795785795799343,0.8003427255882719,0.8184658146955828,1.5,2.0,1.0,0.1,1.0
-0.39255431149574066,0.1564907470606227,-0.4037340756170332,-0.06476545247172058,-0.08516638130714876,0.06625241103702158,0.07388783008294855,0.7463559545004178,0.6772959175085707,0.36049448931488315,0.9730203074630288,1.5,2.0,1.0,0.1,1.0
2.323733957464326,2.106322028958566,1.1467043981458254,1.5316281624333439,1.9496218075402636,1.6117590323777056,2.04718427295705,1.748387455379727,0.38497115374831115,-0.6833722895438124,-1.146040530412389,1.5,2.0,1.0,0.1,1.0
0.4122792851009552,0.23909622694215926,0.3901860674657854,0.017221617533342615,1.6393304369648858,2.205275675545997,2.7086515627472987,2.6307967304053914,1.8354885260047218,2.900756064698247,2.4029158516312035,1.5,2.0,1.0,0.1,1.0
0.48862900193164166,0.15933331475608464,-0.22358519946910665,0.011171290059016722,-0.013008929094992377,-0.3435200956854237,0.3233169208566848,0.35866893984484083,1.0731217481919926,1.3263119929097813,1.4245947232668879,1.5,2.0,1.0,0.1,1.0
3.1686397684522465,2.2233637965261437,1.4588014828779938,1.546481705966579,0.5122793595439725,0.692691290207257,-0.1395844512949057,-0.12539262705312604,-0.8642394745721254,-0.5715725217277845,-0.11346659487079619,1.5,2.0,1.0,0.1,1.0
0.4983074256886688,0.37755675813057826,0.20761566721236296,1.6673613790249249,1.9583623656543767,2.4052879620844587,2.348123813750749,3.380038777773382,4.026073348378169,4.252199072059129,4.398166079452727,1.5,2.0,1.0,0.1,1.0
1.0225307770620764,0.9067805322502912,1.7435831401635014,0.28276935012833593,0.14667453506536254,-0.1221478794571273,0.4439669802429234,0.6640720568260021,0.24774702684702976,0.26495556463561315,0.7426844238709536,1.5,2.0,1.0,0.1,1.0
-0.7176349496744392,-0.5780413539885335,-0.7076696935972607,0.4157552936694574,1.4564439676707517,1.0865531973801357,1.0787410590872442,-0.9817131218322757,-0.5666409729903236,-0.38725419410156087,-0.7161109216951604,1.5,2.0,1.0,0.1,1.0
2.308670049932643,2.604381137673454,1.4504475485676516,1.0044911074915615,1.4994828538746874,1.1650141861605072,0.6822210341005597,1.636139858136327,2.7591944267484783,1.9368970330266495,1.4444617585040396,1.5,2.0,1.0,0.1,1.0
1.4922654554574555,1.5923340234558705,1.4335022430154252,2.0812792570642844,1.6525581872199975,0.9823827416531691,0.6380742061287642,0.5008872994213127,0.49463525932932717,0.6571031914742897,0.26410862096083926,1.5,2.0,1.0,0.1,1.0
2.500053779618741,3.183975623371415,2.6569867142445616,3.078636084217476,2.7638617602133895,2.674972446420604,3.1890367017422037,2.958895033053422,3.9150917853804303,3.334436394484868,2.989566357234144,1.5,2.0,1.0,0.1,1.0
2.0216379892251592,2.863895961879815,2.9658718753672377,2.5480942238244157,2.2678861707717806,2.567390673727194,3.433119758370636,3.226772943594666,3.401287984137361,3.866821267234082,4.177365630124895,1.5,2.0,1.0,0.1,1.0
2.7197890843905412,2.4834575263648935,1.7541297039014088,2.033856068891939,1.5381306362291816,1.5512375344303804,1.1205785650908706,0.5663942071890808,1.3420438808650306,1.6343063296032923,1.3556669668370798,1.5,2.0,1.0,0.1,1.0
-1.5334051183649398,-0.6661306813199184,-0.05360987385140925,0.8094249571860046,0.7468782692281698,-0.13802793414326897,-0.7827600277156733,-0.13178418997334074,-0.1248032863887944,0.6711302770749189,0.2831686658333947,1.5,2.0,1.0,0.1,1.0
2.0972012616086664,2.5858869812133434,1.7471146621473004,2.3676062113468714,3.081589844793211,2.526103170754796,2.5402668805991255,1.9661596146841336,2.5594328899790804,2.2008706092175143,1.105605985444602,1.5,2.0,1.0,0.1,1.0
1.0941651014957423,1.9091002431676563,2.2707093030034553,2.378789476107608,1.8591945846052158,0.9538454601659747,1.2998681344041403,2.3568871081492277,3.6214460607425543,3.22080222192838,2.154856206079123,1.5,2.0,1.0,0.1,1.0
1.4238824068475147,1.3408504775361847,1.1517774788572646,2.6102102497132846,3.9959661591062385,3.4502709416343142,4.783655085161178,4.228369287705846,3.5507030659748717,3.531396283019225,2.9775581502703794,1.5,2.0,1.0,0.1,1.0
3.467247746852073,4.372136223709807,3.8855850301697004,4.395295239679892,3.991164136560959,3.5802486959691295,3.4149300636568554,3.013036460064554,3.0727662826313518,3.2926886412633722,3.8252288164221135,1.5,2.0,1.0,0.1,1.0
2.244946754849424,1.966771952587164,2.478288327581178,1.9648462115397822,2.3022795731919268,2.638580685196344,2.361871169193469,2.6831000406095926,2.1832356262944312,1.8185378934010177,2.001712021522646,1.5,2.0,1.0,0.1,1.0
-0.11816494190406474,1.2834903078188336,1.253029837425312,2.227865208113223,1.215047585483037,2.0536499657521006,2.146626219173739,0.9579618322086063,0.46793972000686,0.31284321541491444,-0.16659794466999472,1.5,2.0,1.0,0.1,1.0
1.2860227790546996,1.538282384133169,2.069584739430173,3.0303583526682107,2.8702323514128456,2.7230316826679983,2.4796308430653062,2.4503084339966326,2.6675514369076105,2.5762159092250023,2.138066602631408,1.5,2.0,1.0,0.1,1.0
-0.18633864620895707,-0.37648361455139767,-0.8390972943087932,-0.4308093216006875,0.5350858658741301,0.08365802773289233,0.6171277846285654,0.8349740002538824,0.8275007075155283,0.5780035327524335,0.7640048534086846,1.5,2.0,1.0,0.1,1.0
2.9558037086630806,2.366038683973649,1.5660925760909183,2.215448294840976,2.752537370387917,2.679240917367818,1.2135183491971142,1.6520699763203306,1.5123425876582286,0.6127719255393465,0.8071917973323064,1.5,2.0,1.0,0.1,1.0
3.8239998160165594,3.123081282922529,3.0792040958144877,2.6139662919185627,2.504966515131298,2.6135011711161082,3.708754977226353,3.30892777816908,2.68313742794863,3.8270850232994835,2.0045507609030224,1.5,2.0,1.0,0.1,1.0
-0.7343167152791048,-0.18569942047164184,0.14965219493095253,-0.010251203932203579,0.791503622875411,0.8013341217146285,0.9319793620882342,1.546478700410486,1.2847902825785051,-0.1122507596508977,-0.599632764452183,1.5,2.0,1.0,0.1,1.0
-0.02640490803726664,-0.07392222019173647,-1.5705351278302553,-0.4899595297447076,-0.5639557019179067,-0.7214065175738822,-0.374229686781535,0.016803913982389562,-0.1007476512781372,-0.6795842194183903,0.4102273850709296,1.5,2.0,1.0,0.1,1.0
1.6952969496554229,0.8318909853338594,0.4517812332547275,0.4764414403997691,-0.13110579587734916,-0.24322418420913658,0.4777875838979718,0.2121508520065548,0.6198961575500593,0.990157094284444,0.787684079218954,1.5,2.0,1.0,0.1,1.0
0.41995480666497875,0.8898577674596533,0.3410358516757035,-0.41058706007593226,-0.15359162117681419,0.7018849725400216,0.9131857473047411,0.256689947686894,0.41053941360114066,1.1460204619582939,0.33187824239510577,1.5,2.0,1.0,0.1,1.0
0.21776057990980907,0.08853260939766883,-0.3715771304941745,0.037924436399581346,0.6034659608881614,0.00805751040422742,-0.35349380904177913,0.4095814470209932,0.22291468822547433,1.2035058365393057,2.0513699977738558,1.5,2.0,1.0,0.1,1.0
3.174671324430988,4.087909444798029,2.909660754412774,4.10985350217742,4.392584815989182,4.567555393909232,2.897735879664439,3.0265195263630416,2.518840316033786,2.7556267036742415,3.1830992587235385,1.5,2.0,1.0,0.1,1.0
1.8048496990992153,1.7118113489288522,2.5409092699594664,1.8298528359946462,1.8524106243254572,1.9431926022057742,2.272683461668247,2.123960111006756,1.7496893380673169,1.2389066800727941,0.009694244957539233,1.5,2.0,1.0,0.1,1.0
0.03281039941500931,0.8541306480933135,0.4159257200804948,0.7901658678754225,1.5698349384111094,1.3773023666908568,2.085791497760092,2.3512476017427915,2.1528047920123212,1.3112394968766112,2.5678975258306083,1.5,2.0,1.0,0.1,1.0
3.218700013675528,3.3604731844402056,3.400620079447406,4.42153499156642,4.297555731573725,4.6153901167436135,4.14230526668911,3.3736615633157356,3.6101819605653187,3.834204927215043,3.1981231591303243,1.5,2.0,1.0,0.1,1.0
3.5200991900325134,1.9423237885265972,2.1740994006108494,2.4135635714341555,2.027146203451694,1.8671675054388286,1.4574444006656608,2.614836646112176,1.8472180312196378,2.1102252100808303,2.7515534350035815,1.5,2.0,1.0,0.1,1.0
4.469540060111592,4.7059635207020705,4.481806850471529,4.457855881983655,4.366336191688949,4.0474404206026335,3.9096135981873137,2.1719945216179894,1.542086874192885,1.6815740740312606,2.3480757545212456,1.5,2.0,1.0,0.1,1.0
3.756183516175451,3.507286764150461,3.574419678180613,3.614806721684786,2.2117321410908515,1.5308992264512566,1.567971483682269,1.8809612400135807,1.062565277916233,0.8348154042970083,1.9142195189392575,1.5,2.0,1.0,0.1,1.0
1.2031927296700429,0.7083216477621384,0.7857151320266921,0.42839827524874075,-0.26505691608072035,0.23155881623202734,-0.1533828610289642,-0.724761304020068,0.14957287144400533,1.0687774305512265,0.4968466696089874,1.5,2.0,1.0,0.1,1.0
0.9423369935878941,-0.3515152562116258,-0.6185850274649021,-0.3715911743003646,-0.4568253951077924,0.10817127066662563,-0.2691106191482192,0.8559877127652766,0.5233361162871966,0.4094076502272386,0.4267440476677983,1.5,2.0,1.0,0.1,1.0
2.405205890564578,2.9771877313013038,3.065800398625149,2.6641534650054477,2.5578930914519336,1.0070123040997192,0.6694608494686712,1.3080887059690198,1.228664058934125,1.2741622919078885,1.043632034303847,1.5,2.0,1.0,0.1,1.0
-1.3259667293091932,-0.73911392900386,-0.3599139874534154,0.2675286024048823,0.32225930296662453,-1.1952038539899075,-0.36207692218483434,0.5924568412169146,1.2522518597559757,1.7764135061956021,1.0093423308047105,1.5,2.0,1.0,0.1,1.0
0.14587523748009898,-0.0030835883912377904,0.4241507644849898,0.24463219718182466,-0.7887588011804695,0.8610616214154916,0.4495579596011969,1.157928917913415,-0.017028554340557944,-0.805405086501678,0.046581151434224366,1.5,2.0,1.0,0.1,1.0
-0.2514977007812405,-0.5047880140813588,0.1102487144126027,0.4307064389736179,0.44483894853467126,0.2076332687420684,0.5019413320304704,0.8828555077765945,1.4858028571556092,2.565580189814448,3.246563974592781,1.5,2.0,1.0,0.1,1.0
-0.06027147210492959,0.28144703891043166,0.5890954518575727,1.2794365293755314,1.7383904593322341,2.716216005926865,3.187900184088483,3.586798716659486,2.27856090001256,2.3815047086150467,1.27176253527125,1.5,2.0,1.0,0.1,1.0
-1.3303382433180166,-1.4819074652152326,-1.3078025787752334,-0.8904087395016149,0.02513369597167936,0.19149187989754882,0.8775123585847928,1.0184023456680453,0.7198230296608168,1.6187965492424674,1.141656066351787,1.5,2.0,1.0,0.1,1.0
1.053699637306163,0.8716907899457393,0.51253655260286,0.44714623448293306,0.4971737235892662,-0.8580253908779981,-1.9272246347165614,-1.7351471285147368,-0.6381649101110716,0.12742493680555472,0.8209488457413693,1.5,2.0,1.0,0.1,1.0
3.0689603249701194,2.4414271825160085,1.9066752021426954,2.5144772356059675,2.5452179901456686,2.7524482024799326,2.558968597128801,1.559566827778995,1.9094273423365553,1.7028431025048656,1.795881162581239,1.5,2.0,1.0,0.1,1.0
2.990746799106222,2.9448091956529145,4.542757021220554,3.953724071354553,3.591997032264406,3.719091488478642,2.976954056510173,2.435914841854466,1.6486439691467452,0.6087754920821422,1.179878088694947,1.5,2.0,1.0,0.1,1.0
0.5046215435160247,-0.03920278433668778,-1.1673394240907753,-0.9322448377654342,-1.6960168144539793,-0.7813193530751357,-0.6071070963143229,-0.5612084353691905,1.028322192432312,1.3374779471303146,0.8497146469615581,1.5,2.0,1.0,0.1,1.0
2.335119639869784,2.5822734650826176,2.984556395496932,2.809970540896197,3.2921510963884684,2.9628861149667376,2.407803087558665,0.9877037140356333,0.9595002110386499,0.6958020336878171,0.6245960444280563,1.5,2.0,1.0,0.1,1.0
0.8803550760035685,0.4032112816502371,0.8526166804724167,1.4954059184607629,1.6389313686729607,1.473635800837715,2.027133007183112,2.303848381758153,2.81616837191397,3.3214888983117627,3.336563251572786,1.5,2.0,1.0,0.1,1.0
0.9932142423068849,-0.08285428858811694,0.6221758305815208,0.8769268918365072,0.5797529380609003,0.8566270987505826,2.9035143261507317,2.955620963611369,3.7776088368224774,3.323057351219544,3.3089794968939987,1.5,2.0,1.0,0.1,1.0
1.0741131424301011,1.0969706407764652,0.5314804176712954,0.17547883124370994,0.2493197327124964,0.3081503327157602,0.24090068161137662,-0.007894280849057023,0.2955602542567808,0.2975270103191476,0.4093971425854583,1.5,2.0,1.0,0.1,1.0
-1.1035018406850658,-1.2955921496090381,-0.9838125815518108,-0.8853937050319132,0.05002240320472984,-0.3407484990024534,-0.12030867931131192,0.5644926931979007,1.517186572862607,2.7213712563388155,2.741199151228763,1.5,2.0,1.0,0.1,1.0
3.4363208192337042,2.6875758573226003,3.1927694341593167,2.850343835440833,2.523964607508047,2.9250626660183983,2.645783456738819,1.7450666201313108,1.2847794483203998,0.6587187155048712,1.5750806502442305,1.5,2.0,1.0,0.1,1.0
1.798190529824076,1.7927462681016892,1.6350982970552368,1.2707244877555721,0.2654128767299069,1.4792977356004156,1.2818725030423201,1.393988560850663,1.2275839202059173,1.5633828544716433,1.8521835549356305,1.5,2.0,1.0,0.1,1.0
1.9191335324428014,1.9024567530040088,1.9339000090045273,2.216147933517668,2.454983485412418,2.842217156025008,3.3113039420898898,3.033047006146777,2.9164605823052723,3.1464454153895725,3.170632771729448,1.5,2.0,1.0,0.1,1.0
1.7543288814384723,2.0293224125051466,1.66507279230484,1.7673671467500633,1.4261733161215824,0.32464442773866864,1.4327741507954699,1.4643618370544718,0.7828458658727192,1.045782787939916,0.2593942705110993,1.5,2.0,1.0,0.1,1.0
-0.5775535951601609,0.24989644149266288,0.560176087757425,0.16311853877819638,-0.25747997226408104,0.1856808876661814,-0.1872110011923387,-0.6309786821743756,-0.36667430498277487,-0.053923055950950344,-0.1456250791054391,1.5,2.0,1.0,0.1,1.0
1.486195180800003,1.0701205687956719,0.744709085248147,0.7794614070635095,1.0607454123441027,1.852436831147604,0.4307390968121452,-0.6482921384231418,-0.8341375595671229,-0.6635960965424379,-0.3899580726613016,1.5,2.0,1.0,0.1,1.0
1.9857141017053999,1.5180848101692614,0.7716679059658994,-0.8007841857585348,-0.10129124627267955,-0.5762478882892662,-0.8481111396903589,-1.8532720341131033,-1.5579845131579655,-1.6273474082530939,-2.03535803568426,1.5,2.0,1.0,0.1,1.0
0.6272031792812172,0.42406873224042596,1.0705745527645334,0.04290887666328036,0.6811613773842948,0.0652728019190929,-1.0000444767781738,-0.49125927226530064,-0.5069808607132329,-0.27758348027852464,-0.5346606970234256,1.5,2.0,1.0,0.1,1.0
0.7695498930241468,-0.22255514230349338,-0.3631178307982115,-0.20402659751913524,-0.7941392543548823,0.03939647873702279,-0.6027637331331097,-0.9312779628290493,0.07117257700917834,0.47250187612373995,1.3493569589511787,1.5,2.0,1.0,0.1,1.0
0.17208783662345636,-0.03876688830127506,0.7165588291548595,0.45189227828879275,0.7311123236218652,0.7359978514452616,1.3968682040291096,1.0417181727550506,1.3159779917376295,1.9219409379603793,1.4438236282938839,1.5,2.0,1.0,0.1,1.0
3.279033404992356,2.449006888290407,2.7103754837674745,3.1561337798298625,1.625745268983511,2.402438460147691,1.3037761160074042,2.123058859730823,2.8349087595655864,2.9218244008057925,2.249904199366729,1.5,2.0,1.0,0.1,1.0
1.3879568853103659,1.2278363809454458,1.84833819931676,1.8692721252623092,2.2252398024575637,3.19784785073872,3.1979081470471478,3.802223080816282,2.532991520238721,3.1940286112484073,1.7502018108384614,1.5,2.0,1.0,0.1,1.0
0.04813661941808858,0.8132806056368621,1.2248701034343987,-5.5105888927098334e-5,-0.21898773355802048,-0.9381683959537306,-1.5463751447609102,-1.217553308150522,-1.4526391481703929,-1.0396539878288436,-1.2640072453366857,1.5,2.0,1.0,0.1,1.0
0.16024833916497536,0.4193570871930461,-0.7014419553909811,-0.8597742625061643,-0.5204448801788035,-0.3456526810283542,-0.32355168744061763,-0.3618211390257249,-0.5430247094505394,-0.5207292966478749,-0.23626072391729686,1.5,2.0,1.0,0.1,1.0
1.1204817484206324,0.6109655991684377,1.6309772229248891,0.8161184932577376,0.8054217998129872,0.8664704460407588,0.5373262991146002,1.12124680872618,-0.2620839959664756,0.5165813837261677,0.531385568215642,1.5,2.0,1.0,0.1,1.0
-0.5204891658055254,-0.0794232892104606,0.5865509713412254,1.1888030864571266,1.6707382707274436,2.523874080001267,3.2740335607238182,1.9307190043225175,1.6289054815063717,2.024910758592529,3.044096415358057,1.5,2.0,1.0,0.1,1.0
1.0331057837556497,0.5468096284027125,1.3589986424225766,1.3007562249974431,1.0202061673030507,1.687339526786554,3.2589850325841905,3.1122136472036166,4.436813587713159,4.331682355955756,2.939205713859871,1.5,2.0,1.0,0.1,1.0
2.589781143628166,3.091684588505884,4.252527797756441,4.416469792407751,4.717481399501684,4.513756060722111,3.657274970575117,3.6962836132740335,3.623169633191075,3.320687803904348,3.947251841234355,1.5,2.0,1.0,0.1,1.0
1.1560572184288673,1.5835908179681417,1.8654139068270923,1.3712684141267584,1.550455037930424,0.8485507894621094,0.7667766739719852,1.4353954827797577,1.2325273159337606,1.4645430974071116,2.356497082425227,1.5,2.0,1.0,0.1,1.0
0.7311295995690549,1.358521655977944,1.4769393007676768,1.3674467481680428,0.9127401964686537,1.324165181562262,1.7670530036700254,1.5327714787659166,1.2946819394784495,2.3268049111863576,2.237232560782056,1.5,2.0,1.0,0.1,1.0
1.1129782664038,0.8218857584452292,0.7707113260435552,0.7003532678429888,0.6098538891681016,1.0468207557404332,0.9069353747692451,0.988842600835422,2.4801748183850196,2.570792043107114,2.597106459640748,1.5,2.0,1.0,0.1,1.0
1.6404909178269373,2.8754474194561777,2.716179289294922,3.04345973825114,2.3377839035537047,2.93717127216294,3.095682275323079,3.001639143475755,2.392133828315687,2.0497103635076015,1.1842762016330541,1.5,2.0,1.0,0.1,1.0
-0.004659731492791121,0.8772234716125873,1.1031704172206234,2.0373335468394296,1.7898087896435142,1.1869346492920378,1.322941647765293,2.04152426098115,1.7183981726505955,2.1942047765320907,2.217871222474378,1.5,2.0,1.0,0.1,1.0
1.2635063254351695,2.4633975958965886,1.9548859501806923,1.3445293357226782,1.7838242314913726,3.06574698347973,2.981868699765654,2.6981661981211826,2.1460524972634034,2.108339770211355,1.3285231845551273,1.5,2.0,1.0,0.1,1.0
2.79873270732994,2.384489828878522,2.38241640711996,1.5610328444788821,0.8365425088249875,1.3630713633857345,0.9323269949731021,0.6927557931370486,1.187369969718395,1.0187633734569848,1.387944321883816,1.5,2.0,1.0,0.1,1.0
3.2453963153620378,3.0611538853257767,2.3564348219414617,2.5098231595617264,2.561295106230025,1.367114861822081,2.1606005540815385,2.0168624038187475,1.505847611023288,0.9259064241788516,0.6844450431705258,1.5,2.0,1.0,0.1,1.0
2.2622557080644334,1.148336815449103,1.5020636460718209,0.8471384517640502,0.2669278744661867,0.7201817881122963,1.4008596664389161,1.7740930334018472,1.7288399914769952,2.7620805220630276,2.076209804579259,1.5,2.0,1.0,0.1,1.0
1.3938220282757925,1.9922888751175432,2.3928961349072555,2.7395032178295766,2.198152077668112,2.2962395731430187,2.36554797569512,2.275528056195808,2.9534824892372225,2.8596541764985437,2.452988480638512,1.5,2.0,1.0,0.1,1.0
1.1856155221807165,0.877928745889381,0.0002654085457973743,1.0156556298030366,0.8274647099305805,1.1194228702063025,1.2821220142272531,1.5412043040523942,1.1985335279172227,0.5122455409699811,1.9647124137003331,1.5,2.0,1.0,0.1,1.0
3.452671229754716,3.8560110773664875,2.231069215323263,2.2289933930122268,2.8125655432486467,3.118979006932456,2.5406320173573618,1.8845893605212074,2.6195560961759465,3.139668204449956,2.7321511241572067,1.5,2.0,1.0,0.1,1.0
1.7074942966127906,0.73667821657071,0.7788733521267226,1.530946363482029,1.63569432088308,1.1679208284387805,1.4146402136594685,1.9069936561787886,2.5069993268514557,1.5134244556644116,1.486500311861815,1.5,2.0,1.0,0.1,1.0
0.6890011888578561,0.08839970402778363,-0.07442125950858516,-0.9995469899431528,-1.227701453986598,-0.37132551696825167,-0.2956173052731437,1.155766393754656,0.8871254123080058,0.794748980539012,1.250149897254044,1.5,2.0,1.0,0.1,1.0
-0.5498638667184493,-0.8811273663904688,-0.10330240517657974,-1.0842767866267178,-0.3154508614254852,-0.2768041390959257,0.22830346997982856,-0.4072987968062344,-1.3758858831630976,-0.83194996252137,-0.37498551691375825,1.5,2.0,1.0,0.1,1.0
1.4302389956689174,1.5266961754074913,1.4523602800332642,2.1728921607346052,1.918740470254201,2.0273619693659892,2.2004338609388103,3.01568321011271,3.314864116767829,3.5555341942561913,4.004715978801514,1.5,2.0,1.0,0.1,1.0
3.396177401996126,3.403080187045274,4.629004794947775,3.6566501659251642,3.967949684966331,2.873066305308127,3.213837389884937,2.884661995088589,2.870209921140853,2.643546406888765,3.3337734537725163,1.5,2.0,1.0,0.1,1.0
1.801214370545406,1.6838781133460934,1.5430920811760191,2.5509022259855856,2.4907878966003842,2.5928615656311664,3.25579545204199,3.1243308533884333,2.4812170114516205,1.6812928353393706,0.027584497404958164,1.5,2.0,1.0,0.1,1.0
3.7263886667499855,4.495539065548889,3.864916502785486,3.126408570902948,2.866116021134439,2.653091514156689,2.914372767855894,3.3012395354050614,2.7537995483985815,2.25449206109654,2.730901577580335,1.5,2.0,1.0,0.1,1.0
-0.2427709127499052,0.3705116295103787,-0.5363100366761236,-0.5916771274961252,-0.7560080170262581,-0.9596714723662539,-0.15611944783850118,-0.19523633263170626,-0.2560349491251326,0.11022752105704389,1.0133445148196492,1.5,2.0,1.0,0.1,1.0
2.696499225934421,3.2042890684428134,2.6811876008989763,2.5142745773148945,2.560577117866998,2.2807985237964004,0.9800023082047118,0.634789974584417,0.7899616527610257,0.18708476658337092,1.0329908824072278,1.5,2.0,1.0,0.1,1.0
2.522912311250868,2.5440407756056658,2.098321719259448,1.1774040081766803,1.3976001579217923,1.5866099667881621,1.7351108515595948,1.9313483488221783,2.3141033527293957,3.3503719189458727,2.4250761232234765,1.5,2.0,1.0,0.1,1.0
2.428597286511049,2.2591740232434865,2.570448904965671,2.8803452772585074,3.069581904159838,1.9571190242866168,1.146727153594143,0.8385849869244508,0.11408407270880006,-1.17909501870238,0.2615511675814277,1.5,2.0,1.0,0.1,1.0
0.10494836578833641,0.07784223578324198,-0.18557847228468555,0.4607445171655097,0.5967523040863679,0.07737477994879982,-0.08179195152058272,1.294128459425757,2.2916713895861207,1.4199726482873753,0.6731819575322509,1.5,2.0,1.0,0.1,1.0
2.2902485746584382,2.4812353734634915,1.7091247793162996,2.394545193316299,1.827731155786926,1.7772597352403119,2.410033370931563,2.6409925474286178,2.4919096046152545,2.3534795446725347,2.8763435461267948,1.5,2.0,1.0,0.1,1.0
2.8498346954639024,3.111484676186115,4.671848366992495,5.21657522767835,4.352932429120374,3.7740605718854465,3.5924180728420807,3.1589118226782706,2.480250049978793,2.2660969126246884,2.577869194018076,1.5,2.0,1.0,0.1,1.0
0.695489508715941,0.7673570663640183,1.1759714804225694,0.8423721895364038,0.040615576382918794,-0.019988548660067856,0.04275111541576375,0.20447015920452297,-0.08172068405724381,0.5680653641662232,0.1420337183688929,1.5,2.0,1.0,0.1,1.0
3.0022203508482104,3.047808398416637,3.4900897384831824,3.5059431926209883,1.9805014350503505,3.339087210815943,3.051576419219145,2.853689591619301,3.1066275224779347,2.545090474985531,2.1634797563145685,1.5,2.0,1.0,0.1,1.0
2.388486406948317,2.661797528743794,3.030373269964434,3.1533943640103326,3.975720765195286,4.308398041511586,4.2969805660320715,4.122285574709978,3.5117948841742472,3.6473687201141227,3.3206170402138495,1.5,2.0,1.0,0.1,1.0
2.8877002578234316,2.1558715106149844,2.5932942513922894,2.392416328593084,2.518455770795824,3.1298139913326897,2.7501848806286073,2.1333497711480467,1.3488405541920852,2.2173214837623663,1.2420491605508004,1.5,2.0,1.0,0.1,1.0
-0.5581644453292655,-0.7471552806923186,0.3231833352890635,-0.07083220371944488,1.3234008632220986,0.8289348681242165,0.7837460454396193,-0.3245649443808274,-0.6891444370941289,-0.608317787822145,-0.1441849346648325,1.5,2.0,1.0,0.1,1.0
1.475536433317247,2.782068563561963,2.4964238949979807,2.476442238748055,1.9876680545256376,1.4054688925238674,1.1043705419373826,2.1288974001924066,1.687877895338378,1.5415102218072736,1.4839478522282437,1.5,2.0,1.0,0.1,1.0
3.4475859013010037,3.805117479164585,4.111144077038616,4.445059870802479,3.150361436614051,1.737805805935471,2.206159295090481,1.6910549031459885,0.9380814907530799,0.5719495452786764,0.3420167892110696,1.5,2.0,1.0,0.1,1.0
0.5986386630063636,0.825867903437489,0.9783737225557692,0.8516885791534358,0.2010750686915519,0.7861103262093891,0.13406605238314606,0.09812286695103664,0.08635374310186164,-0.21588417904233195,-0.03532255884253961,1.5,2.0,1.0,0.1,1.0
1.8406896070723255,1.995066006813558,2.5835041849013662,2.5220009073975933,1.9515585332561756,0.9622011532045363,0.8723319400007639,0.39416931046584724,-0.06442186765483204,-0.49452874299642285,-0.4701213817757551,1.5,2.0,1.0,0.1,1.0
0.2390174747188141,-0.3168794453184269,-0.6506547645262367,-1.3830768927356474,-1.0588003585287566,-0.202417596997147,0.4127974471813721,0.11293465062863256,-0.6540319529335493,0.8925041619616798,0.1466402378916779,1.5,2.0,1.0,0.1,1.0
3.6897237194338395,3.018923038015562,3.493285531385025,4.532371750069305,4.311603813747775,3.575706683605947,2.556782588567098,3.088777033124816,4.7363376102652355,5.172352709995842,4.277285429621264,1.5,2.0,1.0,0.1,1.0
-0.18628160683192121,0.6419689887482752,0.6599394744303687,0.228040541782902,0.8769526096646071,-0.7892572508189006,-0.429173804527724,-1.0805398282692513,-0.3202100906586498,-0.11277830556558859,-1.1654468821016932,1.5,2.0,1.0,0.1,1.0
3.200614081910149,2.808348727482377,2.8809070096508047,3.4106528584491382,3.4009793223106826,3.2158904105608404,3.3326494729102403,3.098711266307455,3.600888847684624,3.689715939753375,2.910508739572779,1.5,2.0,1.0,0.1,1.0
3.056691503513003,2.7158511483761942,3.1672457803813643,3.440370664157157,3.2447159414109943,3.518766920628014,3.769627969656765,4.425041473355142,3.713626950734396,4.035845387853233,3.1117627244377988,1.5,2.0,1.0,0.1,1.0
2.868195541919825,2.895356540810499,2.3424003071058377,2.146623854303816,1.9023965365739697,1.7369490364422984,2.0952759214458134,2.149790260249228,3.546394108973536,2.1616092151945216,2.4407449038798634,1.5,2.0,1.0,0.1,1.0
-0.045527676048098965,0.4220096873924193,1.122951431402544,1.9057887952428612,1.4330150511696682,2.1464318257003563,1.6199828150191073,1.6445476638115986,2.173057030688082,1.2452847577907078,0.712071292665257,1.5,2.0,1.0,0.1,1.0
2.927172409357631,2.7885631868387595,2.3629147239688155,1.9838379214601938,1.8102295552731633,1.1823836494001587,2.355608744975199,1.8974365546964145,2.1840202180846737,1.3942214856906945,0.9285273653040795,1.5,2.0,1.0,0.1,1.0
0.14578083287552923,0.0982870138128582,-0.7328569220715284,-0.902438249439916,-0.4224083796968798,-0.4465009301537133,0.11271288288144443,1.1582298884418538,0.6969729299659312,0.9373664695944713,2.031784551472489,1.5,2.0,1.0,0.1,1.0
3.133471030412915,2.8181243904963496,2.249154104535515,2.5305707485013027,2.7821536297257743,3.51586311044758,3.5570701543175516,3.221190489753655,2.8120530732554587,2.8013821696032286,2.2845853819919584,1.5,2.0,1.0,0.1,1.0
3.532223404094466,4.019644409211013,3.036940683344313,3.197743513769214,2.595237460011447,2.4092630954467835,2.2697562229486645,1.959480853220671,2.4406324441373624,2.872477699370045,2.8881801461079712,1.5,2.0,1.0,0.1,1.0
-0.3922389643375036,0.7984851353080682,0.8371958193711884,-0.1953092316179862,-0.21107996730028122,0.3393825981779314,0.5451528366154719,1.5972803069712893,1.5836982090887433,2.5058239635153114,3.3478176170766525,1.5,2.0,1.0,0.1,1.0
0.11961100183871902,0.8314059666839796,1.483837807562786,1.1829715105109373,0.8335532379154988,1.5018906174864115,0.03226857220330337,0.008685616627691295,0.6171038380503945,-0.16469161693618006,-0.16929599380138632,1.5,2.0,1.0,0.1,1.0
1.8598859212009513,2.4606538308034303,2.4826555685845726,2.6517863497724736,2.352171112754976,1.3634779578926608,1.4835660679118865,1.8533877802007321,1.742891864761364,1.8012306722274896,2.074725517373433,1.5,2.0,1.0,0.1,1.0
-1.2964091690853246,-0.9445696703636671,-1.1945777775241018,-1.492249036126233,-1.498390107248972,-0.04957595268506898,-0.5220241035938559,0.11523057724983721,-0.8966754992935917,-1.7146015926980973,-1.2870913387247669,1.5,2.0,1.0,0.1,1.0
1.188526622343432,0.9904117556826173,0.7007197010365507,0.6129365020060966,0.6507170124246788,0.3813976100434124,0.14802915430611763,-0.3634335168101803,-0.5623587678584837,-0.8086031714496857,0.46077060247982815,1.5,2.0,1.0,0.1,1.0
2.988071447064558,2.8273725780973225,2.6796033248697104,2.3893739282342854,1.8656432933759248,2.793048836810093,2.2092098991810083,1.5655882609607326,0.9296604134356651,1.2007047015326469,0.820271219463651,1.5,2.0,1.0,0.1,1.0
2.08345336881795,1.8064054106740615,2.082255687655201,2.9053681819173116,2.556573576127774,2.202418064963504,1.6385113316651294,3.0341952174769586,3.1854187454729237,2.9620391430997564,2.5085887808969263,1.5,2.0,1.0,0.1,1.0
0.4453920117712547,0.3454477152553126,-0.01288866087295032,0.6565510336903801,1.6986625676352585,2.2555055942816367,0.8153171641374142,0.9927040569952411,0.280936536161854,0.2339437124713004,0.6187856434135539,1.5,2.0,1.0,0.1,1.0
-1.5412397106873423,-1.7397783034663652,-1.2801560210259357,-1.5825832997773865,-2.121282656658491,-0.8655679925118532,-0.3556027859711585,0.1955628123870749,0.20888090627000516,0.5562143891030118,0.8187787829949107,1.5,2.0,1.0,0.1,1.0
1.540637894048803,0.8820405460808479,1.0937331347258459,0.44727611075770624,1.0377274927061946,1.3686044678908815,0.6728288489428125,1.6273732465696678,0.009317567487460598,1.0927846841040052,1.3929858295599207,1.5,2.0,1.0,0.1,1.0
2.994178128552003,2.764869204828093,2.845731514979868,2.6552389414544737,3.1382374624060527,2.9764530007039367,3.823220139065976,3.2016703579578385,2.635448917456383,2.895919567769327,2.92516656676348,1.5,2.0,1.0,0.1,1.0
1.3464599515438744,2.102379751103737,2.006809806093898,1.1027072698179006,1.32764706973292,1.826374162699185,1.362298557834597,0.9307292928626663,0.16154727081575082,0.4866104735823712,0.6118571534429079,1.5,2.0,1.0,0.1,1.0
1.054047484140119,1.5015664120628487,1.125533849367013,1.0304866799255878,1.8539303359072836,0.6207578708958901,0.2944826484287025,0.4701738490155047,0.8397755328533985,0.6979746546856287,0.8417782911384499,1.5,2.0,1.0,0.1,1.0
-0.6893880825926448,0.49165066388322143,0.2200179683458095,0.8765772922796815,1.559305807573541,1.870381364747743,1.6109530960117076,1.5079514528561504,1.8529018166868942,2.501374396601073,2.658105770629782,1.5,2.0,1.0,0.1,1.0
4.9625870114077415,5.649650308546744,4.95900626660571,4.350250660127145,4.511826937668847,3.612566425736962,2.9937988903683177,2.567659961415873,1.975013236002186,1.1377562109648176,1.598287018845614,1.5,2.0,1.0,0.1,1.0
-0.6273021124098963,-1.0601546085078488,-1.728239354955373,-1.3670764658131282,-0.371800860925378,-0.3972519295232987,0.22636682773108696,-0.43549247948747827,-0.3970640526740324,-0.6997211490914994,-0.32566947358292264,1.5,2.0,1.0,0.1,1.0
1.3467774575634537,1.0442193923694276,0.5495876907018763,0.2043150983686901,0.3914875347507107,0.28078984428981557,-0.379888218973641,-0.45508333046856214,0.2280155569312461,-0.10566747077675431,-0.2784758368374306,1.5,2.0,1.0,0.1,1.0
0.5909748700539051,0.8453210313372767,1.0473029359956332,1.1607694619289006,1.3054189243782737,1.1496813014810325,1.2611358366828944,0.618908611972149,0.677914563999994,0.9176277854006623,0.49967281551297693,1.5,2.0,1.0,0.1,1.0
0.036312714189713276,0.14623767579555721,0.5768805053528551,0.5154190405455287,0.7415489781629575,0.10205668570928539,-0.31560972320517977,-0.378981782642534,-1.68387194354038,-1.8651980357615763,-1.5665920077062048,1.5,2.0,1.0,0.1,1.0
1.5133960275658207,1.8867576009905478,0.8858989721715149,1.6714022404261337,1.8681476593374549,1.5138860605294333,0.4355681746923019,-0.15036792911170627,0.4504681488752531,0.4056048837902151,0.37844082234444787,1.5,2.0,1.0,0.1,1.0
1.10369873535258,1.2019303395390855,1.2678001727213355,0.31986981585716956,-0.6063964837158867,-0.29662595024776434,0.2698227192875212,0.5024397824138306,0.1825342193148654,-0.4140395525730255,0.907589454218999,1.5,2.0,1.0,0.1,1.0
1.92774175379346,2.8360833912010186,3.5916200813254715,4.3762586526705185,3.649061047743045,2.4950954881474736,3.6695286216308967,3.194000586046383,3.256426799660619,3.518881725086474,4.13208014178185,1.5,2.0,1.0,0.1,1.0
2.0810096242086535,2.0249515717112296,2.2609901197569733,1.4438723422224466,2.2599192886608197,1.8499426521063558,1.7773412461572875,1.694064715940224,1.034622153049642,0.5144237858278679,0.1677543971742223,1.5,2.0,1.0,0.1,1.0
0.6534489273393282,0.1446201021088116,0.575979086314429,1.7455783207318016,0.984359726404053,1.2623654391983412,1.9533948232846812,1.1266572477866998,1.323683544628476,1.5327842403275413,1.9805645645804426,1.5,2.0,1.0,0.1,1.0
3.3955254853113455,3.370178732110197,3.209283688446221,2.578720769080249,2.05865638200303,1.7532635528013607,1.5033665688043905,-0.007352984328472756,-0.46385982637851464,-0.9000329297160287,-0.41205611519046037,1.5,2.0,1.0,0.1,1.0
1.9077210719380207,2.7485783654580715,2.60838174322753,1.884863418310798,1.9194512950613434,2.620493059659405,2.558566719679598,2.6367776207134423,4.4962409471324865,2.846057973972475,2.905620219083318,1.5,2.0,1.0,0.1,1.0
1.1024010713258505,0.10661732845783356,0.6223448456575137,0.9094808224489414,1.0388161030816396,1.51740628487622,1.575048832430092,1.0144023262540698,0.7280697465240722,2.0524386623798048,1.627581400246724,1.5,2.0,1.0,0.1,1.0
-0.708429294482739,-0.9321650968718784,-0.7835476077684626,-0.5157680949103528,0.13207842842696466,-0.5358937352582223,-0.8539018105390087,-1.020742798082297,-2.0398668316386472,-1.8532726662270038,-2.634156419566204,1.5,2.0,1.0,0.1,1.0
0.4238358502671646,0.6832535892860965,0.8762616544639761,0.6032330754229444,-0.12579573539555988,-0.11735274021328634,0.6549538441216376,1.4109205457188263,2.5002255701144236,2.4741201772949344,3.9044026253778634,1.5,2.0,1.0,0.1,1.0
0.7475116413216312,0.8507899309259789,-0.5661713515253337,-1.6504109035729524,-0.9104426970689841,-0.6749110704639122,0.12323405640728952,0.2388820000981878,0.03480042094929453,0.7813334627910995,0.7327449674163453,1.5,2.0,1.0,0.1,1.0
2.4735531591488553,2.1993499050351346,2.26358274311139,3.477333796886891,3.491703056998947,2.1168790894975706,2.145798280796185,3.0033493969137677,2.575782012385969,2.581683872318164,2.673498597474266,1.5,2.0,1.0,0.1,1.0
2.375508352903892,3.0404296408447093,2.5513575306624445,2.2177600832921334,2.3141202880752774,2.598884832038575,2.531255731522896,1.3749680596985736,0.30213512620181326,0.3387602971763376,0.7350648655093375,1.5,2.0,1.0,0.1,1.0
2.4025163249049717,2.113842734550301,2.988189238557725,3.0864917879821645,2.291562867254049,1.8345068105249829,1.7187780216855437,2.2508816135103937,2.6883894303757265,2.614433947358828,3.351748027988348,1.5,2.0,1.0,0.1,1.0
2.7719048200018794,2.033516859033984,1.216678606929118,0.5475415142331622,-0.14351885743299708,-0.8706529843148495,-0.061118682541317804,0.4559726064200632,1.7937721184596414,1.777835622841479,1.3381463423656101,1.5,2.0,1.0,0.1,1.0
1.0522094139223817,2.280992340273877,2.553618217212451,2.006445223893523,1.1882609560701947,3.036723079383689,2.3206608226256638,2.6438542602868806,2.587741009309902,1.1397019687735075,0.6329296967657096,1.5,2.0,1.0,0.1,1.0
2.258585542342104,1.7622754639965459,2.7673096890688225,2.3404576239975268,1.815383097854038,1.807972551952864,1.0773823690818491,1.0755317502004282,1.1958493851753285,1.2821753271862126,1.1165815863759887,1.5,2.0,1.0,0.1,1.0
-0.23600817588337028,-1.8075372742942206,-1.0988721939791506,-0.7590554703189324,-0.849283253024157,-0.7782594070880493,-1.2835571857818293,-1.9273687883015493,-1.0412423184436397,-0.9998333525519177,-1.0226647215734395,1.5,2.0,1.0,0.1,1.0
0.9871579877989938,1.7186223059993528,2.335658978117724,2.6388265055296594,2.064665223635755,2.2404830158903852,3.0753210671601585,2.2515991240364572,2.062064112415891,1.3247299654496123,0.8169637686267636,1.5,2.0,1.0,0.1,1.0
0.9836917736652266,1.592657410685273,1.6473282114878647,1.3250363476132756,1.8082422437098813,2.5078723299498504,1.8616524322924761,0.837000876403085,1.545083976992074,2.564372571694247,2.089599946892872,1.5,2.0,1.0,0.1,1.0
1.92212832039562,2.004297663247298,1.2660022323317368,2.63978885987865,2.4580238256559976,2.78475604267309,2.747565895878135,3.1852035179093527,2.707305479837919,2.8680005150955448,2.8945173571544256,1.5,2.0,1.0,0.1,1.0
-0.16661575331355583,1.1973895421883776,1.6725845193726046,2.1061611944540513,2.6137760275816326,2.790913045938587,2.7046959954013317,3.4973165512950466,4.196635063184248,3.7715830902471787,2.8843465200882066,1.5,2.0,1.0,0.1,1.0
2.1707323501947156,2.1442861920229106,2.677575706945885,3.437577100178532,2.1031823942976007,2.4364304856744767,2.2613898854427825,2.826322545944735,3.8214997258039443,3.0169422091980787,2.974764748126725,1.5,2.0,1.0,0.1,1.0
1.2851501616374361,1.3121044522545116,1.047900805181962,2.2830167574792846,2.4535125981790262,1.348976041296175,2.626814983125662,2.753076291522588,2.316811389017339,1.2597141726524894,2.224325723237932,1.5,2.0,1.0,0.1,1.0
0.8430299178826799,1.2434045019813205,0.9320465494346836,1.4892204725868476,2.648403753057358,2.6455987660044733,2.7619433505999424,1.5701547343269655,3.3745373177765288,3.009233716277146,3.39699978207777,1.5,2.0,1.0,0.1,1.0
1.554685137953505,1.297071661350333,2.7262670129097737,1.8024495601594,2.1674774174406437,1.468881888006674,2.1338047092584094,1.911423370759796,2.943758919330435,3.921970767179013,3.5621935615610916,1.5,2.0,1.0,0.1,1.0
3.505112020312813,3.3136447230158446,3.3676496263995195,3.937384142105963,4.243063372272607,3.6883076062516293,2.5944397049722654,3.102079986342738,2.1540806337018674,2.4757142763544433,1.4128224157808882,1.5,2.0,1.0,0.1,1.0
1.2025754525549543,2.012538509545245,2.128123281678031,1.7681997876611595,1.8670644943443289,1.9395485338834955,3.395019941945857,2.9480393809454846,2.5658194782491672,1.4019542778128125,1.7644304682507688,1.5,2.0,1.0,0.1,1.0
2.0428580759262607,1.2241782476096992,1.4053011646064855,1.4803571067399701,2.0660701711630143,1.9457351241058736,1.4416831563089523,1.7237987347396555,1.599760364972545,1.3907667661016918,1.5859993841145765,1.5,2.0,1.0,0.1,1.0
-0.8259782312153318,-0.24081727391152485,0.04316041444079896,0.39997934331366425,0.8748710477839303,1.2102629673730676,0.5372343617725103,0.36474523346387905,0.8874118998838123,0.10813568579988386,0.43235060947302584,1.5,2.0,1.0,0.1,1.0
4.036768735178441,3.806981981318002,2.3738427344357382,2.0693324010315006,2.07415519163818,0.9072639976588823,0.21895608522350418,1.6462696910814092,1.215319990561693,1.6543628395598229,1.734832487263295,1.5,2.0,1.0,0.1,1.0
1.2008156495628786,1.1875547247584226,0.602725330232839,0.36227315929962467,0.9119289136006393,2.9112384866907943,3.3629862437766613,2.494227767648549,2.4110096660128835,2.9466748104414227,2.966209982846984,1.5,2.0,1.0,0.1,1.0
3.498373678941596,2.3604594122197686,2.812218526316011,2.9481844297815285,3.3455445773905694,3.0048508064687494,3.7655403521946873,2.644482403792607,2.1117590570428626,2.1098509840353916,1.7145791870417253,1.5,2.0,1.0,0.1,1.0
1.2956183476765901,1.6454603530325271,0.3939418490251694,1.4713788954134932,1.7594521574221704,1.283136328437062,1.8148500479826926,2.832136597130211,2.3103624177235753,2.883161556195778,3.8235851521750863,1.5,2.0,1.0,0.1,1.0
-0.3366213973049829,-0.5367324766929168,0.004208730255488846,0.9294587406846655,2.5810287516506123,2.337205437670574,1.5341092162257923,1.7131239976446206,1.4186717753670455,1.5030574583683993,0.47576425549402157,1.5,2.0,1.0,0.1,1.0
0.24728388519931221,-0.5200103502875553,-0.9587738792737086,-0.3662932160676794,-0.4982599538052571,-0.747905305509941,-0.732475817775072,-0.42344301218168734,-0.2623421522267383,0.18873157878175364,-0.6869300999811955,1.5,2.0,1.0,0.1,1.0
2.5972895329358296,3.1654129172063663,2.780144304110439,1.5193354972443163,1.4931367462679839,1.9362768077669508,1.6024592277902419,0.5699594576895346,0.7488965728672938,0.9679735109466466,0.6053587854268566,1.5,2.0,1.0,0.1,1.0
2.3291278924196854,3.3184855003331797,3.8522999137715215,3.427555665399286,3.4297399672016113,2.9595370041657616,2.509009905552944,2.954422414410746,3.571553552566283,3.226675507368587,2.4555674826157796,1.5,2.0,1.0,0.1,1.0
3.2862918772609455,3.074853874510743,3.4593557279457663,4.443124480321041,3.3640121001479883,2.851318655533421,2.3129592516996063,1.802307546240951,2.2456847800435344,2.4025960399824386,0.9428470806893359,1.5,2.0,1.0,0.1,1.0
3.3425691048474957,3.3706551500036777,1.2638193199473993,1.187369604553042,0.35745819723042005,1.3170988893242255,1.9133687356331728,1.8336548151275995,2.9641011758409737,2.3550113042752767,2.014835541156418,1.5,2.0,1.0,0.1,1.0
-0.0018756330564460443,-0.5868655071260428,0.45180963027251364,0.1260880788963626,0.7484062475771529,-0.9444108919779015,-0.8513964450946326,-0.3902871077872144,-0.37606787868309155,-0.0836307264466136,-0.7062440650963099,1.5,2.0,1.0,0.1,1.0
0.7794500504262001,0.7367900835237535,0.17423510522582608,-0.8868606871020361,-0.3503433817418966,-0.644162915866318,-1.7088733807902314,-0.8832481131932459,0.5749777230068345,0.8953710464881506,0.9898296986794218,1.5,2.0,1.0,0.1,1.0
2.6800597145059464,3.503430509029301,3.422594339877499,2.554222221105906,3.226800671597947,3.5170966814268123,3.0971789381730597,2.5017660644637836,2.8570941441841584,1.352891822682447,1.5391640469514214,1.5,2.0,1.0,0.1,1.0
3.187940174707739,2.9457932306497256,1.6231461222978127,3.054730311023694,2.650298070757027,2.239877535649427,1.0041354700664555,0.29319746892739196,1.020200599522206,0.9437695746439966,0.9948566038791752,1.5,2.0,1.0,0.1,1.0
2.099291325502235,1.656433913751661,0.7770784074003649,0.2894096966667027,0.4675723726443581,1.881473414126603,1.189777618211928,1.36752988791272,0.849459309031807,1.3668576520888687,1.6154877677417314,1.5,2.0,1.0,0.1,1.0
-0.4095826258560583,-0.32430862485667916,-1.330417839769146,-0.65894623262384,-0.8609996009754246,-0.2674748375373724,-0.21886871491891147,0.5498386182861551,0.6538190221162673,0.8349507262172223,1.3251364521990978,1.5,2.0,1.0,0.1,1.0
4.383866264982965,4.09379331906275,3.732446127061935,3.173686589123758,2.675417931128253,3.316837841993947,2.6443226531799304,1.7328217735941158,1.9657394501660665,3.3564406625437826,3.2498920796971276,1.5,2.0,1.0,0.1,1.0
-1.0420411146482191,-0.503167669167655,-0.6593786790121146,-0.3401884590916661,-0.4211953870697256,0.649495638209139,0.5491632735478651,-0.4430290801693775,0.39203643164219937,1.1406091567283982,2.1270945012962827,1.5,2.0,1.0,0.1,1.0
1.9296953393064573,1.9012013848722216,2.850695590099217,3.094479145474731,2.5421875445189293,1.8349452862554916,1.5080227346052717,1.3576957269831,2.7594070955279597,3.4185127954916625,2.9871950841777655,1.5,2.0,1.0,0.1,1.0
3.053061019317997,1.939990875680948,2.5769799038502055,2.4132934969134543,3.1230760566080917,2.5018954044698445,1.7536682904228331,0.3500899801636854,0.13848627261496593,-0.07043572701045914,-0.5906982910034995,1.5,2.0,1.0,0.1,1.0
1.4911680610339504,1.4448941339924752,1.4793245345949948,0.801732663977302,1.0313545676163607,0.4929419010975091,-0.020531279789771206,-0.6593036697900803,-0.796545284152683,-0.3211735431439051,0.760132670760054,1.5,2.0,1.0,0.1,1.0
-0.0924571466083475,0.32917887671812796,-0.3672183863390852,-0.9809765447342303,-1.1790141411597812,-0.6782945677489298,-0.629617791922139,-0.9600492847359855,-1.07694298694847,-1.2584400670025886,-0.5942431703907404,1.5,2.0,1.0,0.1,1.0
0.687454113568199,1.1518567955022727,1.9023781749092623,2.3073396009534477,2.5681031346380165,1.4480363070372027,1.3145601174991843,1.20952981460523,1.5074203833182003,1.7645037304553202,2.046835019386693,1.5,2.0,1.0,0.1,1.0
0.05746892293754217,0.5597235388666068,0.8318540383843263,1.4971917114610365,1.6378745129683578,0.756682818742789,0.806259956427992,0.5345866990733641,0.2790882477213776,1.5431176054629594,1.1909243437466457,1.5,2.0,1.0,0.1,1.0
3.363013698558411,2.7485097429199064,2.5685664595148503,2.2130842367084527,2.869783401821242,2.9478128152022394,1.9050965643084163,1.851221197959241,1.6303382415433982,1.465479679949862,1.9896621410864381,1.5,2.0,1.0,0.1,1.0
1.3749970374434268,1.7016655574744957,2.5357119837145694,2.708990712090481,3.5802151532469058,2.9475916824759043,2.6939423380872856,1.5776910329044154,1.3299871448525284,1.1942860178456776,1.4791301686437972,1.5,2.0,1.0,0.1,1.0
3.317678616437518,3.205913621224537,2.6251115430717005,0.9255907485868897,0.8727589635699853,1.126613541813996,0.8238912569524388,0.5540982203782917,0.6669417388571834,0.8580928457028217,1.3248820168006525,1.5,2.0,1.0,0.1,1.0
2.455067655210321,1.5376590351609667,2.3576540899447416,2.5274211645465257,2.1695925117094044,2.595711323796116,2.0597092376234194,2.129885601755614,0.6391567142887387,-0.03482280672953142,1.0789298751779268,1.5,2.0,1.0,0.1,1.0
1.7514822069328266,1.6979906892641725,1.7624228804763258,1.3943793375694018,1.9880073674314394,1.9925850543213917,1.3701970701526713,0.91922826901159,0.6603004768322992,1.8534712918369145,2.038016425464125,1.5,2.0,1.0,0.1,1.0
2.3843619249628047,1.8649810593752305,2.5305442107850995,2.7412894190877815,2.5523031032836028,3.2011095576697826,3.2781861317854344,3.6373532768028034,4.0188403042546605,3.714458937188377,4.245447700572442,1.5,2.0,1.0,0.1,1.0
2.8908637704593523,2.899161989264023,2.20460963819923,2.888703519193252,2.495149865341953,1.3570155904145906,1.9997437880130093,2.7630838810069687,2.2598849110282617,1.9744432274857535,2.0373684897561697,1.5,2.0,1.0,0.1,1.0
3.329011389877463,3.7805797530837846,3.632117441916916,3.930473682005668,3.1102415580912495,1.1326126463658117,1.3082967228318376,1.5450515978477875,1.612293847696826,0.7760570988566481,0.5903293988200218,1.5,2.0,1.0,0.1,1.0
-0.8716615100009706,-0.44188498821687694,0.2892938365274063,0.31214282107953445,0.0008400623405194207,0.68177612057538,0.16598333698450218,1.3633860499579127,1.965720858977736,1.443481596432756,1.0058680012129182,1.5,2.0,1.0,0.1,1.0
-0.19259032392095993,0.13811707052318886,0.8109377172310838,0.9206621502542027,0.2683427378666098,0.321786072858912,1.0416467451453237,-0.14970372245578734,0.9319932852067753,1.2147123207180461,1.0645849312149358,1.5,2.0,1.0,0.1,1.0
1.4343877630074475,1.6173871036572383,1.2982169527576501,1.643534694426923,0.9742646616884794,1.1573681448130766,2.005138463483461,0.975459568975447,1.6790942775087263,1.4979221089851966,0.6888515464142807,1.5,2.0,1.0,0.1,1.0
2.0473623140478545,0.9583938455164798,0.6312748094754572,0.8907104588076864,0.9095395294764468,1.5220330214772326,1.2226501391502191,0.6844673848991759,1.025073610270663,0.9613408553931704,0.06048488913783889,1.5,2.0,1.0,0.1,1.0
2.488981337055581,1.369227932400922,0.09650172900553167,1.235570986196912,1.3161610801646555,0.6093842506348301,0.3253908159028635,0.9739795601968343,1.2554337200828911,0.5080682996901432,0.8194985149939311,1.5,2.0,1.0,0.1,1.0
1.56122126717855,1.3009933089567212,2.315891214232397,1.8296028107218056,1.1366557706014975,1.047184318591786,0.41218993660346526,0.653369854754899,1.852084834395324,2.0937715589362877,2.919461540379758,1.5,2.0,1.0,0.1,1.0
2.2154224834159995,3.04217978792866,1.9524757102357047,2.446601399779651,1.4635611838237859,-0.10517705983661796,0.2877007828701019,0.12861580487075336,0.13821416335676934,0.4825844132923839,0.4677149158691137,1.5,2.0,1.0,0.1,1.0
0.09783486185159557,-1.0312439394887274,0.25934128457249184,0.6065634729749817,0.8174193194772001,0.6707335869761121,2.288484707234734,2.041312056971598,0.7898323350537466,1.8160035776459955,1.6740811850052415,1.5,2.0,1.0,0.1,1.0
1.8476878538408734,1.2248675983578026,0.7033575953043131,1.289790732111877,1.5177943864730445,0.20906764500888841,-0.5957327981213434,-1.584327637545473,-0.7447817813791436,-0.7674256510595684,-1.3275364393543172,1.5,2.0,1.0,0.1,1.0
1.5964480678615227,2.130080993182709,2.235811013994648,3.415268520951013,2.7353548834395793,3.038448387606525,1.5990966847720776,2.1473745227695584,1.933854650779123,1.3182879351668233,1.4039034278989415,1.5,2.0,1.0,0.1,1.0
2.1298834593383793,3.8323373042920235,4.330345003711446,3.0980562089789663,1.4942579740446815,1.058820223669818,0.7994150750519667,2.336908919746415,3.510909058422076,3.3544135976509697,3.245642977945914,1.5,2.0,1.0,0.1,1.0
4.364522751280575,4.229163676377292,3.5436240450356125,2.658881897254528,2.0705550135371276,2.163095423156489,1.5669859720900767,0.8457657926065724,0.5393536760747055,1.3221481739396033,1.031093266202302,1.5,2.0,1.0,0.1,1.0
3.3879518586236794,3.1246448034792573,3.427948258964457,2.430822829159206,2.6385955483645516,2.604268494496111,3.782126732399247,1.6015113692466694,2.2113520812025578,2.0372865809231575,2.1116459346978496,1.5,2.0,1.0,0.1,1.0
4.511478137023793,3.840345678458745,4.424738660885622,4.299457807307171,4.254626518550003,3.3661585917508843,3.3393194081445943,3.5679033666015227,2.764534539224981,2.573420058127191,2.5413576310177453,1.5,2.0,1.0,0.1,1.0
2.1350804948322626,1.8537461524474252,1.5446078117017774,2.3369249316607608,1.766185417334103,1.9996417081054605,2.150797030768589,2.713781925877211,2.2373162998379983,1.4497523793596998,2.0224859948138425,1.5,2.0,1.0,0.1,1.0
-0.03637250212223127,-0.6634140046113522,0.22994637378871652,-0.3869864528838647,-0.46024233333143627,-1.7891155768877594,-1.6946791185125964,-1.9081586125865986,-2.2803211131384558,-1.5896684208553482,-1.7204012784773015,1.5,2.0,1.0,0.1,1.0
-1.8142196609904395,-1.365754582104097,-0.5618682204424329,-0.3932082947990905,-0.40326391288331065,0.1401943135386287,0.38333891378901075,-0.5083855997313589,-0.7331088977875478,-0.58684709605103,-0.8273523504180345,1.5,2.0,1.0,0.1,1.0
-0.04620725432245948,0.379402833951597,0.8998541935821123,0.6314660123685634,0.8339519390480451,1.474356496834424,2.0299127308939533,0.4191151813292484,0.4713934224854165,0.39775445101044704,0.9644407102852528,1.5,2.0,1.0,0.1,1.0
1.521929199695619,0.8836823927154223,1.273098383116628,0.8455877890062562,0.8963428129264484,0.9856454323745847,0.2193786768894267,0.9682289777771562,1.2028924045467058,2.0874042516368254,2.4106323070373126,1.5,2.0,1.0,0.1,1.0
0.35396919990696035,0.5782595125407787,1.0215325748269501,0.9502173365073987,1.1915646386143035,1.0749374604675974,1.8815269657708429,0.9581053729689053,1.4484795388610312,1.5091321771601844,1.1799507948901258,1.5,2.0,1.0,0.1,1.0
4.0462539499761885,4.891133799017743,4.506289420124849,5.1389503403506875,3.151898968258953,2.914413837629809,3.262478797741437,3.3844318849823076,2.5672371752415724,3.128635927166359,2.4227342168513095,1.5,2.0,1.0,0.1,1.0
1.7754043633096228,0.8854122935089745,-0.23402284059804646,-0.2743639805360668,-0.4178952387706119,-1.354810347445534,0.38267928723250466,0.7811557793729611,1.0107512401627765,2.2813230669802076,2.7038906259465483,1.5,2.0,1.0,0.1,1.0
0.39241056358695964,1.087717577766309,1.7052813165440441,2.359130029449466,1.3998684529978864,1.7449881785132901,1.4446018746255997,1.6190278735963413,1.1159572888001508,2.617786728105588,3.504550025661353,1.5,2.0,1.0,0.1,1.0
1.251102053838033,1.6315050279743766,0.9967994977232661,1.242622902425575,2.4715269688331247,2.502513863348996,2.1006426491396306,1.2855386951808712,1.3195803290753578,0.4595323678392397,0.13769974937330332,1.5,2.0,1.0,0.1,1.0
0.7580723958763038,1.7642368253855056,2.7291089721086017,1.808809815907138,1.4255577228675833,1.1821807389567265,-0.07609323831401205,-0.18760352607765932,-1.0811501192869168,-0.8028787311468525,-0.3616651351540551,1.5,2.0,1.0,0.1,1.0
4.069014035167467,3.651512109396449,3.3073981832694708,3.027253480850396,3.5883806701393834,2.9559743742796014,2.9277758503541613,2.72558784659866,3.35943825529934,2.6169254454197066,1.7977627988165765,1.5,2.0,1.0,0.1,1.0
3.187567409133865,3.201687090571593,1.832479559777671,2.570413064310125,3.3312655168225027,3.296486382771481,3.241338384424956,3.2439266526931627,2.741928575878666,1.2677492800178174,0.17101236889432125,1.5,2.0,1.0,0.1,1.0
4.6897464009236876,3.916335776647823,4.4669853463890945,4.641662319447393,4.4408775073687226,4.07343620244968,4.307004942332229,4.271104122502871,2.8455059131911775,1.4428114908393748,0.3245298972947095,1.5,2.0,1.0,0.1,1.0
1.5142211117416888,0.8208623465258473,0.5146626658256706,0.5069748722120713,0.20811609748657423,1.1882900679283,1.9959186461859604,1.9313107377208925,1.277687563667254,1.1716377238065558,2.0377494182504523,1.5,2.0,1.0,0.1,1.0
0.3185220283729892,0.4875814493045474,0.15998416002914162,0.6231827772834679,-0.1933012358325018,-0.06987700674587266,-0.6119830887689172,1.1678351449541513,0.5353795840379707,0.510885001695172,0.14541431615942918,1.5,2.0,1.0,0.1,1.0
2.4652009455904076,4.277969321523199,3.683070030519411,2.7866408523043615,1.377511586664475,1.30287474021663,-0.2962874716271766,0.16026980020777684,-0.388679484134097,0.2650146500282985,0.8578880422901187,1.5,2.0,1.0,0.1,1.0
1.8276221640792845,1.5580881229158154,1.624739037195603,1.5871082651309631,1.7720110352038756,2.251146910770115,2.1046710109523947,1.0204441763692655,0.7533896290690517,0.8726059271151168,1.6298288050237173,1.5,2.0,1.0,0.1,1.0
3.0613887899768697,1.9634992974584167,1.6940493820851426,0.5674356293425198,-0.016464367650170897,1.2815363300287785,1.967737890289627,3.112791560584672,2.643307167484271,3.3270138854427014,2.6800899991288065,1.5,2.0,1.0,0.1,1.0
1.817465411148711,1.9477058768219409,1.7177123907007843,0.9375325738956303,0.7409648802894371,0.2490104202412402,0.3040863224302194,-0.08494829663592185,0.3019685430036674,-0.18861150007710314,0.4202186765932534,1.5,2.0,1.0,0.1,1.0
1.7756695985357271,0.8362884004191524,-0.1401985750411452,-0.08627040024129096,0.07048047911529894,0.9038198952869909,2.032022126662211,3.3814047256979967,3.930428266430431,3.6371883647333307,2.5438356590114344,1.5,2.0,1.0,0.1,1.0
3.9697959303379022,3.920514031608587,3.106452534765207,3.443805662427746,2.093160449757641,2.027916002684314,1.729395635209387,2.1293564945793575,0.3836753407752065,1.424052314405494,2.265510542099426,1.5,2.0,1.0,0.1,1.0
1.5172545313393722,0.4517399194231595,1.4410281715513424,0.7592742769367244,0.7272066392220277,-0.25652257179526206,0.42699960646677904,0.7514129131373052,0.9546834132110475,-0.0763713778798969,0.9351920899994655,1.5,2.0,1.0,0.1,1.0
0.9940495222377561,1.6070716416894721,1.7630067294696923,1.9437546954272777,1.7339829561462452,2.0069604065484645,3.147968023360017,3.312286113968664,3.1826066469921925,2.7350180955541776,2.8572738933388804,1.5,2.0,1.0,0.1,1.0
1.729313793466877,1.395927166770458,1.407739516627421,1.4144997367292271,1.4885455281224802,1.370344508439145,1.5354708642535553,1.5929417877916472,1.3216907425715418,2.055496635920753,1.4910627978705655,1.5,2.0,1.0,0.1,1.0
-0.48904533398625116,-0.572657635670569,-0.6189757370342899,0.34463954691086673,0.8579625545839566,1.6717405017246247,1.9743869021638631,1.2640056551735062,0.5416072900971786,0.7957978038493554,1.83166680830973,1.5,2.0,1.0,0.1,1.0
2.1947901164896915,2.3432282043929,2.523038931676005,2.017249129651781,3.2925780060856837,3.2639922710420497,3.594532511040569,2.9740297921011942,2.8965273717104236,2.8981892065191284,3.081124316201247,1.5,2.0,1.0,0.1,1.0
1.273782415694813,0.5627277018942106,0.665429998076589,1.0644905712120554,1.2868425047233447,0.9037606167947573,1.0753641399013116,0.8033977897885668,0.7815582113799053,1.138449829084978,1.6699787384808054,1.5,2.0,1.0,0.1,1.0
-0.002889852253416119,-0.5265760426423424,-0.3491111394255412,-0.03636365687996182,0.8519358033239003,1.126824937624095,0.7904067518038289,1.7207612490884063,2.0203015528779638,1.5310399906134367,1.8072348873809518,1.5,2.0,1.0,0.1,1.0
3.384373737221897,3.4993741105487945,2.857644924794996,2.204050370785826,2.418414814363209,2.047386300607955,3.292446215743735,3.19390662059854,2.1821281103021057,1.4763347328071283,1.7052862913931996,1.5,2.0,1.0,0.1,1.0
2.4028469738515366,2.6550162389127445,1.853874521154767,2.7025529511824824,2.4977999790317758,2.467440798403535,1.8057986096256817,2.2676765927741953,2.54016740304242,1.9082896533331746,2.558161732759568,1.5,2.0,1.0,0.1,1.0
3.009622967589491,3.9190166522221372,4.840804303958912,5.561299056988448,5.9279067480126315,5.494733680584878,5.243417992084271,5.95980617571293,5.680442352178815,4.747009747843917,5.089199779677692,1.5,2.0,1.0,0.1,1.0
1.6153649053486454,1.914682418686379,2.660301415251393,2.983605801480632,3.00834723540705,2.306843882614923,2.652742598210942,2.8333551350792376,3.5395851678496557,3.5468119235265934,3.612811449945468,1.5,2.0,1.0,0.1,1.0
2.499570231846501,2.7617556856269654,2.9740989737766577,2.7492882971384667,2.7909867315826467,2.2235730087565213,1.87561556225228,1.0553332705219858,1.1229609494393267,1.6782552306908727,1.2867797578965494,1.5,2.0,1.0,0.1,1.0
1.3023223479857162,1.5126999266104162,1.6417931738711,1.5836337504421223,2.3759597837518567,1.377134484485608,1.8926525887087977,2.916576164259383,2.4941648222669817,1.7824036224816373,1.8830602656626072,1.5,2.0,1.0,0.1,1.0
2.290284873358916,2.825054686121366,1.605103209520062,2.4397947530250232,2.558774641608094,2.090786697274688,2.71678245012519,1.765104670904118,2.229862778472265,2.758820692864549,3.1751211799751236,1.5,2.0,1.0,0.1,1.0
-0.06642716476551058,-0.15410804954133128,-0.35450672536697425,-0.9467345299040507,-1.4401351685058017,-1.0022149321162006,-2.16112197977233,-1.3278800975544103,-0.7586608917095976,-0.4037414535654271,-0.5871065750503828,1.5,2.0,1.0,0.1,1.0
0.029898596914822426,0.614400759557632,1.8167778771835468,1.9104889165475194,2.0782601124986417,1.6643863514511161,2.5587652112681307,2.5135192750721354,2.3543648973736415,2.7217043996625647,2.300917370252734,1.5,2.0,1.0,0.1,1.0
1.20994651718341,0.9586183439535032,1.523493519642734,1.348885295860047,1.8634184948838142,2.064203844319089,1.3355715196155336,0.5178984831841137,0.7164255393672329,0.7742282058125289,1.7256554982116397,1.5,2.0,1.0,0.1,1.0
1.9242718028931167,1.9513370244196113,0.34419085626238344,-0.4114698023784689,-1.186103573729867,-1.4495290572331736,-1.171982318458726,0.4395914262721745,1.946093119391184,2.670737526722034,1.889622031254671,1.5,2.0,1.0,0.1,1.0
0.5595152470850043,0.1592236877415117,-0.8650727774197526,0.4867179261813912,0.8955272508680779,1.17179055064857,0.736112353401045,0.8459783042555556,0.692544662295678,1.2468140826908303,1.2100695989954926,1.5,2.0,1.0,0.1,1.0
1.168912986751187,1.3343954784175864,1.4142414207382479,1.5100671384390303,1.881080199362527,2.2085457826938564,2.3517185280240156,2.2176294679969306,2.249834031413856,1.7872065436318565,0.934886998214005,1.5,2.0,1.0,0.1,1.0
1.5872763381554613,2.6392656105659817,3.8752245789850894,3.659030963924105,3.0619288685028985,3.4100306033734444,4.020176778049867,3.834632314668946,4.521108630780274,4.1488867123623185,2.8953414003840603,1.5,2.0,1.0,0.1,1.0
-0.6563688061807528,0.18040557929628054,1.1468274445424909,1.5279350281779858,1.552460095622139,1.0534129224080484,1.566190882306418,1.2869826571694152,0.9774837098436044,0.3220475879403425,0.9174032870923872,1.5,2.0,1.0,0.1,1.0
2.369953702860571,2.7173173096365857,2.109015906737593,1.8529333437898785,2.0930976812348074,1.0973114920846045,0.9857630899100881,1.0102514905269497,1.0464710254659708,1.838893167380323,2.7206465819520327,1.5,2.0,1.0,0.1,1.0
0.2513626870607254,-0.13509187593148708,0.13932404208115182,0.2678029778181347,-0.7766957428510226,0.11562258469309206,-0.15442765923159174,0.47398510743977873,0.6902792526245493,0.830194137654882,1.0009353780051569,1.5,2.0,1.0,0.1,1.0
-0.48445751722354335,0.4413604294983464,1.3505150591595732,1.689298141606078,2.1192269379814133,1.753835256361258,2.271305412211484,2.2500284632172525,2.2392816689050137,1.6532818623418122,1.6366816250560803,1.5,2.0,1.0,0.1,1.0
1.8196461478941688,1.4928707699002546,1.0378303096041985,1.8830217678386079,2.484481114568109,2.1035885372171865,2.154264865410039,2.436572841232781,2.459220980345678,1.7805694365242126,0.9289152639942717,1.5,2.0,1.0,0.1,1.0
-0.17070790014217216,0.5628674146667452,1.2472613482656394,0.9696628486711644,0.9836261725394623,1.8048938609615015,1.1910884367626964,1.5482552431814602,1.5788347189981387,1.6915916007128062,1.5318107253779194,1.5,2.0,1.0,0.1,1.0
0.9375707815744864,0.9293364547600879,1.6114232163573259,1.3665223290440012,1.3258271083884106,0.46284917513419166,0.5648881396317231,1.1701958359482947,0.20033705249530143,0.7933798932725504,0.8549119743878127,1.5,2.0,1.0,0.1,1.0
1.3493442455003672,1.9856607956862868,2.295699586309924,1.859026842370188,1.7348933923400458,2.432555018857966,2.62148802551909,2.1100817399146963,1.6617202855012685,2.060402092469358,3.166118839370334,1.5,2.0,1.0,0.1,1.0
0.1518139929438894,-0.8467803997602461,-0.9353636507506342,-0.30348762328774503,0.15608491166842076,0.4219951948918794,0.31783558894267105,1.0362467599713345,0.12608787432696267,-0.39723970770663936,-0.17858372068519524,1.5,2.0,1.0,0.1,1.0
3.703731099317774,4.087547771805255,2.865392883657143,2.3223669750488476,2.687611486832202,2.3597045094002893,2.650670935837446,1.5657266061541097,1.3176279535461894,1.1111363262063587,0.4510731780347209,1.5,2.0,1.0,0.1,1.0
1.1512550492714706,1.4160158638726443,2.574962173377972,2.6079514973078184,2.673647635862307,1.6772162551298968,0.6798722552071884,-0.052915324664468355,0.44979069535480143,0.8171382068092784,0.7671985437303392,1.5,2.0,1.0,0.1,1.0
-0.41473863634369235,-0.7896047245201682,-0.16088363843919168,-0.34631704864851265,0.28533021219912247,1.3710421468397822,1.373258329690483,1.3263573381106755,0.9082627426904263,0.6979893889718187,0.6613945624723336,1.5,2.0,1.0,0.1,1.0
1.258332759024286,0.26677311811284254,-0.06166045596947556,-0.3655739143916163,-0.27812850133099115,-0.4843316100994686,-0.3655387908579868,-0.7896394704620701,0.6540028965736796,1.9101043938751978,2.922613775631034,1.5,2.0,1.0,0.1,1.0
1.333997048490965,2.1147721921754354,2.7224636173783354,3.397036419412611,3.4102149994181397,3.9615058691731955,3.0793958195782176,3.8840140653383415,3.6475077073700053,3.5876283090352765,3.116898529332908,1.5,2.0,1.0,0.1,1.0
0.0739740107788537,0.5646865889265,1.1927915959182542,0.004456491086771042,0.9072916087009806,-0.15511750995696683,-0.747978725113992,0.2190179794517768,0.7535106469949926,0.8120419743672032,1.2905529648490397,1.5,2.0,1.0,0.1,1.0
0.5988155860026823,1.1984999810133772,1.3215523109235272,1.6303366561942234,2.167930333657778,1.8429739987286622,2.151491030646275,1.4940912219892173,1.1581345126659073,0.8329627062265332,1.1380608135330479,1.5,2.0,1.0,0.1,1.0
4.582341298134811,3.297503989278841,2.951959562911555,3.163403379527005,3.1995260846413673,3.8124685482631073,3.1793258530246864,1.830760675098644,2.5597947387693623,2.872229443106075,3.350209710882146,1.5,2.0,1.0,0.1,1.0
-1.4074852880057893,-1.443942566844317,-0.29664221543626457,-0.028105969062343097,0.4873493992489337,0.36224488587110926,-0.05333860070210711,-0.4207249257136345,0.4833874303206417,0.28080186869190854,1.2003694734084318,1.5,2.0,1.0,0.1,1.0
1.9062790136202026,1.4623163670501245,1.2503874105498718,1.2296166816999918,2.253035045585853,2.3476528891771165,1.6828229348882284,1.6280382719409754,1.4138123905786182,2.525325545397771,1.6767782363820718,1.5,2.0,1.0,0.1,1.0
-0.4631088025238603,-1.0097709764187737,-0.5986968173688549,-1.0716374264328252,-0.8959032191256872,-0.553632535374085,-0.6040830134318306,-0.19603722022195894,-0.5431220878724143,0.04637887591039175,-0.332269711158072,1.5,2.0,1.0,0.1,1.0
0.37514452000246606,-0.6629719838784476,-0.15076055576482061,0.4979326872673855,1.105026632818809,-0.15517622168199052,-0.2284328517081654,0.28931078485452133,0.1794121023991009,-0.89181048770683,-0.6439461894798205,1.5,2.0,1.0,0.1,1.0
1.671177705058999,1.631847589514816,1.736328289403646,0.7961457455771115,1.3133300863377153,1.2507075714618898,1.305485700161013,1.6089330878767414,2.1013293853278867,0.7880463883108935,0.6177779045754549,1.5,2.0,1.0,0.1,1.0
1.5920317850809134,1.3960688110801307,0.44465599199080075,0.7240911159439796,0.7378617486455599,0.31192067215232133,1.0567896210107115,1.0202077289329232,0.660241365160364,1.0359751789661753,1.922933517303496,1.5,2.0,1.0,0.1,1.0
1.7003119090344039,1.9047283523328766,1.9802894356003133,2.1844036319901226,2.0747431272035537,2.496808174652977,2.812436737820432,2.3407568921113144,2.5115186320855134,3.525345322452715,2.6541852861505513,1.5,2.0,1.0,0.1,1.0
-0.23617822678244652,0.17467753489602372,0.5917678549436485,0.9106895405120918,0.11567891085005866,0.1575512019425112,0.10269570994562127,0.3923012058299875,0.20371047234042405,-0.039508523429422626,-1.2486060522111475,1.5,2.0,1.0,0.1,1.0
-0.8497325211602174,-0.7880547632469559,-1.6817533795645943,-1.4991904547061163,-1.7312909971212935,-1.5005885130952454,-0.8602460613039444,-0.5892167308934723,0.434437128610749,0.994754375881358,1.4990704735776548,1.5,2.0,1.0,0.1,1.0
3.7492192366305406,3.648834810147977,3.2567261946270647,3.6242494483196572,4.0939102916954635,4.301410578042657,4.286868811900253,4.005413725322747,3.724164137087973,4.342320011527972,3.7540737520928107,1.5,2.0,1.0,0.1,1.0
-3.697805290598552,-2.6316121337693885,-1.7845784454005975,-0.5740564126129508,-1.187001011118901,-2.0087227337977325,-1.205635697220679,-0.4989957870287781,0.6466801650721793,1.259271826915481,0.5644356047857526,1.5,2.0,1.0,0.1,1.0
2.408240402165036,1.077841345576611,1.7052592099815949,0.6556739934365214,0.8108609570135633,0.5884261194409186,1.654398480456387,1.556854885489816,1.0818183803171524,1.6482982247369657,2.265189791292803,1.5,2.0,1.0,0.1,1.0
1.6657500434366324,1.0015122499289348,1.2089203836964744,0.8630377579042099,0.15076638616507887,0.9657676557457484,0.9476796824095963,-0.16469611574978327,0.5000130787514491,2.270802884244394,2.8234153633741026,1.5,2.0,1.0,0.1,1.0
-0.07656542350278521,0.9465249250098741,1.6146042491095256,0.27166192321010185,1.1582229387593976,1.0212869172078465,0.43070106612612524,0.16662685792865184,0.41029726812690587,0.1013057203367641,0.32654517011139406,1.5,2.0,1.0,0.1,1.0
-0.48490935626515796,-0.23790933381445123,-0.09799696908685508,0.46250450090716744,1.48007220561109,1.4044706910008062,0.8956974544580266,0.41880841494789733,2.0168253734648207,0.7820327439966313,0.6135634011574944,1.5,2.0,1.0,0.1,1.0
1.4165364534226916,2.3166946632936964,2.112423722937517,2.1093924426314983,2.9684871672945836,3.120516176668338,3.6160536218394794,4.139991154053448,4.93041202152765,4.836989439613548,3.911821519630657,1.5,2.0,1.0,0.1,1.0
4.301400801228214,4.033654624177956,3.94264425963553,4.239651076943853,4.562508359052015,4.650905182417503,4.64864638851817,3.993395955003781,3.5062158756325323,3.870417163946996,2.9158650561369277,1.5,2.0,1.0,0.1,1.0
0.4743447794690333,1.1436593303878277,0.9953359143293563,1.5495356591730645,1.4443575552424555,2.255886697345697,0.48395822927673415,0.993603922633448,-0.034387916133141516,0.6777798242440521,0.5949484289146442,1.5,2.0,1.0,0.1,1.0
2.786691708062556,2.2021671520344164,1.3287894828116738,1.0144098371910606,0.6873654334181586,0.219584650458013,0.3356070882075867,0.35904745697511486,0.5353810185419889,0.9135211867718552,1.9364144302108626,1.5,2.0,1.0,0.1,1.0
0.7416940169416836,0.6883252378347042,1.4544322066607536,2.4699770109217445,1.366613215040374,1.8933929083006378,2.790622504124788,1.9618224284487251,2.0403417963674744,2.22670062636927,1.7632280818264583,1.5,2.0,1.0,0.1,1.0
-1.220942204305568,-0.22790664324466114,0.11767883692140968,0.19506183138923808,1.6165456775097016,2.178000922558187,2.496193503478949,3.121234661587564,3.1435168009552075,3.018127721493468,2.8319047708647123,1.5,2.0,1.0,0.1,1.0
1.5360639987142752,2.717499348161728,2.9170293136492784,3.4534984304724423,3.6433239339409207,3.307904758472584,1.9295681984559296,1.74422114814995,2.3709667260632337,1.4241380890942066,1.5702778368208004,1.5,2.0,1.0,0.1,1.0
-0.9490486416302939,-0.4458035884678985,0.1185524290509119,0.8939858802018178,1.1503304239126764,1.8311150859267538,0.7890182648273807,0.3484363491820457,-0.253454950275857,-0.9169445493196142,-0.6378722363997551,1.5,2.0,1.0,0.1,1.0
1.7416016337663653,1.7225880695995315,1.1373920711775642,1.0518593397817857,1.02438869214294,2.0867107108464698,2.1634238979721014,2.839289281690114,1.8239286701427684,0.9437542418162741,0.47743664714004586,1.5,2.0,1.0,0.1,1.0
1.6588173494296639,1.7365348450879687,1.7386937169984278,1.7362517349256064,1.792195967057743,2.0629795462714196,2.4817953982498073,3.2395346410032935,2.734009705464654,2.5470272285536404,2.265617460254189,1.5,2.0,1.0,0.1,1.0
-0.38507988337452254,0.29799872927418036,1.1968694857867996,1.1989806050101282,0.62436879888576,0.4438869360553351,-0.7772550824629143,-0.4616520761882697,0.31740888889073704,0.5624356825909195,1.718581812911839,1.5,2.0,1.0,0.1,1.0
1.928258159914911,2.95111763616645,3.7972703039729216,3.3364254739912536,2.3624678281947595,2.481988808715886,2.058368827223358,1.6982760922469065,1.8804386529295705,2.1686286749843804,2.1805635688441694,1.5,2.0,1.0,0.1,1.0
1.6544717685247037,1.6955475241398787,1.6548264582716312,2.906229048137557,2.2239511289415,2.54114632038685,3.339824423850318,3.7715612506605054,3.381986792773496,2.7820676429688667,2.9715353062022607,1.5,2.0,1.0,0.1,1.0
1.9570964360880625,2.074472913486652,1.9569684869235189,3.299613330146986,2.2528306453284883,1.8812512534987484,1.9000502173374683,-0.00481838628735809,0.9109186876319149,-0.21516011915843425,-0.18976484734934,1.5,2.0,1.0,0.1,1.0
3.1652703420278088,3.0875098837800117,2.832121706586109,3.4370873141625244,2.5504211074250227,1.6214425048519618,2.2137469167265893,3.1767569464233336,2.375368612103697,3.7618166825687096,1.8429737452472734,1.5,2.0,1.0,0.1,1.0
0.10681279063747331,0.706280110437993,0.7167318925657096,0.7209641426626542,1.2231478863747467,0.6804147404687417,1.013399991134278,1.3508423800813962,1.2683990543917012,0.38096083584113016,0.4520781989148277,1.5,2.0,1.0,0.1,1.0
4.15333535776632,3.8170851889942625,4.672307737300702,4.231136477877615,3.4956129234667648,3.046344278998132,3.1037663234326276,2.8536756829464553,2.9861516016605774,3.469017199879686,3.054161400987351,1.5,2.0,1.0,0.1,1.0
2.3477800238016377,2.399594277111145,1.8522751258235128,2.401311367652087,2.119463693111188,3.0872545116121466,2.128367291047009,2.2746864927979358,1.4318169921687423,0.7971036713257844,1.4810790237719114,1.5,2.0,1.0,0.1,1.0
2.6096708095519325,2.809733967333268,3.0076654257617825,4.1393531297412345,3.749553629749644,3.41121348301118,3.124280175877705,2.1313506535448425,2.1222596062035435,1.3700000304365645,1.5037294245383241,1.5,2.0,1.0,0.1,1.0
2.3774799318229083,1.979418122442808,0.7298978798250086,0.7312221197098486,0.363534032282922,0.27210616374146024,1.1815573108878237,0.35929282474865076,0.49066303619492224,0.7641322995061086,-0.0952738165186886,1.5,2.0,1.0,0.1,1.0
-0.4290653481332866,-0.41350910481356584,-1.4093525619676497,-0.8648433403051243,-0.44509019843435915,-0.4332192007931135,-0.034416941341135016,0.039711064584473196,-0.2340691938061566,-0.4083021133762921,-0.642029311766744,1.5,2.0,1.0,0.1,1.0
1.9384144924341673,2.3663375239752487,2.7183519268718728,3.362962312045914,2.176467638331311,2.357501831991245,3.0347547029899546,2.717268304461164,2.8248054589116736,1.734594660225214,2.474922601612763,1.5,2.0,1.0,0.1,1.0
2.245595718550769,2.319860108835921,2.305084650377628,3.062313207737334,2.4933921276964015,1.615274282042163,1.194260518135871,1.8908256332598594,2.022069450107127,1.4843869844869781,1.5593161651798793,1.5,2.0,1.0,0.1,1.0
1.7152930130404043,0.8841433582994884,0.24155404267564595,0.4535313163608145,-0.019288685349015955,-0.2510449258274491,-0.5716884787495312,-1.379280455004698,-1.1475571755576852,-0.5005515033440041,0.624734227229264,1.5,2.0,1.0,0.1,1.0
2.301438932795826,3.080935837335542,3.7031861518093665,3.5876576065414256,3.7592600892940826,3.742189956049927,2.8927670020691596,2.5448631018066745,2.650192507746842,2.990352564062726,3.382966622642228,1.5,2.0,1.0,0.1,1.0
0.4276321900267805,0.023668357411638863,-0.6115995956969273,-0.3037726983004141,0.007104150755418592,0.6648299158192525,0.605533996214641,-0.1614356702713492,0.4593042998919816,0.15299822111474887,1.3300167451437364,1.5,2.0,1.0,0.1,1.0
1.7493389061347422,2.6337420266742346,2.399472711545939,0.5522268526441245,0.49024225122817144,-0.2888356183855403,-0.20500434611849275,-0.11691722495562068,-0.22152322667653052,-0.11615649522829015,0.01455235780355656,1.5,2.0,1.0,0.1,1.0
2.012934900813838,1.8680907835798481,1.5016652851150005,1.5861948401310724,1.399299112784173,1.5025472956152166,1.8710333333569344,1.434173494733674,2.237182083677823,2.428387760031914,2.643427685771024,1.5,2.0,1.0,0.1,1.0
1.4101748486988237,1.356679804123255,1.7215842315231202,2.6887362549805904,3.1908545426378603,3.357076263710099,2.4135158091383206,1.056736089360981,0.7751296792405252,1.580746192888582,2.863344988620753,1.5,2.0,1.0,0.1,1.0
1.4537488351127519,2.1390245430685564,2.8709427599069706,4.178111734492884,3.1857935565873032,3.3917873656588085,2.9763277831069423,3.2110872006055806,2.4867533669470356,2.4248295980646737,2.412525451277785,1.5,2.0,1.0,0.1,1.0
1.2833549123654535,1.1179333793540955,0.20078884063283953,0.3527693111162436,1.0154856845096911,2.0856885146768502,2.3538951352503865,2.425682345242745,2.1368925006378636,1.720779403357342,0.24249183970460253,1.5,2.0,1.0,0.1,1.0
1.588375051157561,2.193230544828258,2.236491516997914,1.8075376758037163,1.3382688157775249,0.32718472896258066,0.4544714820309635,0.9904995345247781,1.3408853651142492,0.8326645083048442,0.4143507297407351,1.5,2.0,1.0,0.1,1.0
1.4365239312283373,0.8393297591835523,1.206129036560491,1.3234585897887527,0.6718004406880683,1.3876174732522895,1.1533274961512308,1.3821672910289933,1.5122467397181758,1.5777128717166373,1.9040676567974097,1.5,2.0,1.0,0.1,1.0
4.27003795863529,5.032619414387513,4.52104974331054,4.844554507492647,3.7537612207601923,3.6660769059145615,3.854541610271864,3.1779791642955773,3.819970873722854,2.9950121807625814,2.717611784697677,1.5,2.0,1.0,0.1,1.0
3.097437948632237,2.3248491502711386,3.182669774103987,1.634663705112654,0.9611703800497957,1.3504393827860532,1.5190474378757806,1.6499885756561694,1.6411707968383322,1.283526873469508,0.5874797202468743,1.5,2.0,1.0,0.1,1.0
0.7696148886492855,1.1440151469169058,1.7608928448392074,1.941197568719755,1.611723385534184,0.6453490149575741,0.6406749987543684,1.0580498301201502,0.31590713460979614,-0.3500023532755884,0.2564034487296189,1.5,2.0,1.0,0.1,1.0
-0.9080885983471562,-0.791466243683938,-0.45100483262204905,-1.0620482650147842,0.10495527872357435,2.116244211609213,1.8214352291864364,1.7303864501563142,1.5702576077493602,0.9484400653531714,0.9172061290065032,1.5,2.0,1.0,0.1,1.0
1.6728978439014188,1.5957862577901276,1.632542845634788,2.1217832667486487,2.7687488538168625,2.5773865422940565,2.44847610081025,2.0675583986812613,1.9769693916924485,3.312704766054831,4.172849175653228,1.5,2.0,1.0,0.1,1.0
3.4246722693234988,2.171656258216321,1.1969239141358914,1.8182369559465081,1.5702687394219916,2.4939625052823873,2.7454557719897545,3.786855165840485,3.418830643389067,3.615021320935202,4.328926215460141,1.5,2.0,1.0,0.1,1.0
1.0300607725300641,1.3094703556682388,1.624472344368493,0.6958823731018512,0.7835124115179255,0.06807450591931641,0.4555907185647474,0.11676336537088267,0.12623431950565397,1.035902309974866,1.5069905378921962,1.5,2.0,1.0,0.1,1.0
1.24343910193518,0.05016790175928065,1.4157238368081255,1.2692368439877535,1.0200056581802304,1.082811235999901,0.3801651288244877,1.6327549576526115,2.0481365470918957,2.3136793584641953,2.734481465232066,1.5,2.0,1.0,0.1,1.0
1.7733129108046457,1.1798664726408594,1.7518862910783362,2.084594444430515,2.329240481013739,2.7636861311550702,1.4685912418967515,1.2691692576878248,1.7939896639066717,2.7825325842187727,2.1869184321969652,1.5,2.0,1.0,0.1,1.0
1.3268569519615236,2.3030261457247843,2.8833149823847153,2.425486848953449,2.284656345032945,3.3743456693066705,2.37862520756231,3.0409265609533875,2.1772013696181256,2.287513980894023,2.2005914175478165,1.5,2.0,1.0,0.1,1.0
2.3849590190580248,2.3884780921151774,1.8750886675530212,2.136972498433997,2.016820236112249,1.9092913787641626,1.6846397805389082,1.1216516368421705,1.3349884808533885,1.7407554718425682,1.6135250346328212,1.5,2.0,1.0,0.1,1.0
1.73165167004131,1.5766809476639492,1.5662316886830387,1.0853361214640413,1.5398734731344128,1.3560692056103127,1.4795529280413393,1.195993610885861,1.0838441414671245,1.2875269725651728,1.0501230713013427,1.5,2.0,1.0,0.1,1.0
2.241050995297802,2.4869872212537483,1.9701905702896276,1.70698040373251,2.3172882840473346,1.8240548041388476,1.8327217448875148,1.5163557191445474,1.1084563072385163,0.3236440788024936,-0.40567164866197103,1.5,2.0,1.0,0.1,1.0
2.4907081294545055,1.673709653236328,0.635788021417004,-0.13374344375938563,0.8023047790789982,0.8142953216527976,2.6074513883667865,2.5822132524623336,3.317368622811316,2.7617784882751826,2.7775910621909206,1.5,2.0,1.0,0.1,1.0
0.8164635072488019,-0.6496763501533903,0.38292113330739164,0.39707441824882744,1.3977370310095192,1.493048625074711,1.7073189781928084,1.36033395622656,0.4101829127998321,0.48590309019078637,1.5904406400523041,1.5,2.0,1.0,0.1,1.0
-1.3585311822096835,-1.446360320781495,-1.1078663458397195,-0.4765441948887005,0.023200265605088255,0.664961244977175,0.42807099025637185,0.2588236704491065,-0.4397250045472928,-0.27508862575031706,0.2780158933103629,1.5,2.0,1.0,0.1,1.0
4.713439970363654,4.3443364729210545,4.176466427847855,2.599701501724628,1.4760784677811638,0.9564178687723375,1.1446357056838996,2.847092849554764,2.241464753173035,1.7132211918325502,1.5979761900663416,1.5,2.0,1.0,0.1,1.0
1.260419828559705,1.96101252839009,1.86260358064354,1.5554209147767528,1.5031438955519463,1.4190002508053798,2.010480897709866,1.4562426967355258,0.6339541829841696,0.4296067684016813,0.6402448756918364,1.5,2.0,1.0,0.1,1.0
0.625241176922542,0.4257815563248934,0.6003711185106488,0.5170903456752769,-0.11676200189584196,0.4376543254210493,0.8002043984347458,1.403374027546362,1.000175029063661,1.4122877336706323,0.8890380325971925,1.5,2.0,1.0,0.1,1.0
-0.4564988202690649,1.092485098108542,1.4025954194009063,0.848833356493172,1.5233057829646874,1.1092732913297034,1.8175637493878716,1.770502468991451,1.554416793449259,1.690016507234257,1.901306440998859,1.5,2.0,1.0,0.1,1.0
2.038293999809055,3.1166164816838067,4.267473680792278,3.982394384547889,3.7949048923668407,4.059757466664078,4.132124233111165,4.971156893943172,4.287752938266745,3.4731002261550312,4.282962576087257,1.5,2.0,1.0,0.1,1.0
2.783647645169962,2.118952917373168,2.2425630888024775,2.713899948644675,2.415166139518156,2.1513591991908934,1.8564982789890705,0.804970736252453,0.49032353740246254,0.168135729739615,-0.15924978210554003,1.5,2.0,1.0,0.1,1.0
0.436293095717245,0.26083552005464045,0.4220761336832481,2.1093216271960524,2.8110140556554897,1.99527716216224,1.6250884512515023,1.0299649106126356,0.5123501470442806,0.6050049452222956,0.34871225202999867,1.5,2.0,1.0,0.1,1.0
-1.029957473012209,-0.2830498511392688,0.21646540332287534,0.36409751823962483,-0.12578923907192507,-0.0043601749067134,-0.46395790994117847,-0.5532402488768478,-0.035160428148620415,0.08812352710250723,-0.3287781465181124,1.5,2.0,1.0,0.1,1.0
1.6062245791551053,1.1285496506332269,1.443816833909795,2.1992483535060616,1.8246050082025569,2.893518856428308,2.6777049615559707,3.548545612842484,3.7942178666225836,4.301284420560845,3.9557271549148005,1.5,2.0,1.0,0.1,1.0
1.2570903450494488,1.4523236481360724,1.4514209246805616,1.2540776784063268,1.0668565125808764,2.0762558778473004,0.76570497145768,0.43684265730594574,0.4124551572086578,0.47030092794907064,1.0678043934386532,1.5,2.0,1.0,0.1,1.0
1.5995305834593117,2.0959032284767494,1.7070498632897828,1.7057703303498206,1.3385874192229028,1.2167204094398854,1.6071505373102628,0.9871976177768316,0.8697365199725566,-0.8232009782523316,-0.31464865714600393,1.5,2.0,1.0,0.1,1.0
2.3045177270225103,1.866890460819382,2.086279895293568,1.0717890381821182,1.3217473700874158,1.0875195730770066,1.598283324203873,1.778500331958738,1.5377407631065059,0.7315520670947708,-0.17769942008708595,1.5,2.0,1.0,0.1,1.0
1.6905125009441064,1.4755589804823905,0.8318618129692005,2.1670339199841937,1.3198034711068696,2.5757011080340178,2.402386230083051,1.734785406860543,0.3827420849025023,0.8685500799275716,0.767391808367493,1.5,2.0,1.0,0.1,1.0
1.0487012818187533,1.8232207173799613,1.313864756897293,1.080590610203049,-0.1912629862755988,1.3784532193633725,1.3776458735655464,1.7732967547942973,2.4112675300448565,3.022996661301879,3.1418599325066343,1.5,2.0,1.0,0.1,1.0
1.8390037708880285,1.2967972922518989,1.7664310283227085,1.9873642731965426,2.1634891309615356,2.0661930533957653,1.836680243695635,1.1598529329080285,1.2715514506354073,0.9933783671805715,0.9762198153139583,1.5,2.0,1.0,0.1,1.0
3.8784218211896615,4.003575624274527,3.6505789079048183,3.9420025431466263,3.5188061749571116,3.138644860221057,3.970701624862294,2.975159152154743,2.5293162920455283,1.3127962410402194,1.116933309543947,1.5,2.0,1.0,0.1,1.0
0.6721569445173718,1.3445756479424658,2.0078032436982056,0.9756513059668984,0.791912107019129,0.7939102317890295,0.9109145765818215,1.5417476377584094,1.9381263020938237,1.7582896502389573,1.1491906266893235,1.5,2.0,1.0,0.1,1.0
0.3200061537839034,0.6987313241404267,1.1567283848382006,1.5889916719837454,1.4401653296673165,1.414624076386498,1.3253568965385363,1.722810551844,1.587014873527764,2.161011852365604,1.8167602507518508,1.5,2.0,1.0,0.1,1.0
-0.5095121861138021,0.5939606907551008,0.330886874836706,-0.5160414873172172,-0.2900544321110656,-0.7991602259783537,-1.003257544680457,-0.8090321210076876,-0.46659058150350124,0.456193851367864,0.9819154631695889,1.5,2.0,1.0,0.1,1.0
2.254714859166054,3.1401713758415437,3.257671585678182,3.4330968436507896,2.7636033123680437,3.3506586719150278,2.9466871411893854,2.3954606299177894,2.50558860278539,3.313286717148586,3.8458246450110147,1.5,2.0,1.0,0.1,1.0
0.8701759601847677,0.7436927172697736,1.0359505154424693,1.2856855477738813,1.8866747248802056,1.6543561770162356,1.7997998536853859,2.2115017209746135,2.221802768431864,1.7807244309635069,1.9368072113324886,1.5,2.0,1.0,0.1,1.0
1.2593494299308323,0.11650479948563497,-0.13519166970431468,0.2999664878016858,-0.3647158554151787,0.6469043730636672,-0.45733211838993126,-1.2776883832642125,-0.5104663448429276,-0.22160305104931594,0.4025980398728414,1.5,2.0,1.0,0.1,1.0
-0.21279406658911101,0.3689269153956397,0.756018951797695,0.9881744481561368,1.1223614851077175,0.9467209778461085,1.4387130182648817,3.157374221375246,2.1665185832416984,1.8207390604710518,2.0241680710308074,1.5,2.0,1.0,0.1,1.0
3.155822803351892,3.1865497801062,2.6049037715915397,2.864379544669698,4.100390856743923,4.374213237281873,3.2039689196948533,2.7234975316868826,2.0517445511938863,3.042069842678141,3.841900550061052,1.5,2.0,1.0,0.1,1.0
-0.3369009665344123,-0.3560878233477939,-0.31259251590407267,-0.6065785517990994,0.114224967836693,0.2352910522428679,0.13023688340431838,-0.4944601197226677,-0.4770674380218991,-0.3061043568275028,0.20694134353480473,1.5,2.0,1.0,0.1,1.0
2.4309065743684113,3.2749837819623124,3.0866730466238343,3.1357262150083822,2.2042698552463955,2.132597727709081,1.7591366871551137,0.9865668523551883,0.6195787454835394,0.9773397598759264,1.9108887917834636,1.5,2.0,1.0,0.1,1.0
2.940324014358513,3.1364246298191767,2.9171978892527135,4.20728072717021,3.6804303213995166,3.0245144501178283,3.3381396005242445,3.2596964211292594,3.11517887867883,3.616586827995423,3.0516754090195355,1.5,2.0,1.0,0.1,1.0
-0.121024884132135,0.8235908019036293,1.1409873347685955,1.7978147231443664,2.067172933225798,2.5233106965834384,2.6545953583350967,3.201253585756134,2.5486266800012505,3.3617671199107146,3.3020233559905177,1.5,2.0,1.0,0.1,1.0
1.7732026209429115,0.6411358238527911,1.7189677687052551,1.4671521828848058,1.1859030288073666,1.483025560769962,2.3084836765431738,1.6047752682495677,1.9708237442097838,1.8830511577157423,2.864928936296513,1.5,2.0,1.0,0.1,1.0
3.032414375357047,2.7544995829261336,2.090033822242915,1.5507833090552974,2.0948370343597063,2.0516751236824877,1.5944772115432944,1.2009197725223242,1.5790863754584081,2.267298110274772,2.85921401127139,1.5,2.0,1.0,0.1,1.0
1.4356980091668456,1.2420766889485255,0.5895352918689205,0.4542464949432708,-0.44864275142231547,-0.5396742074755565,-0.8464183467640495,-1.1216703038250992,-1.2661507901648756,-0.4688548762505561,-1.1356720993776106,1.5,2.0,1.0,0.1,1.0
0.9593025922561659,0.905508767401217,1.5401031102240603,1.8295295575724937,1.3063097115332538,0.9526774422973403,1.5615791107593258,0.8947894179652192,-0.013672893205718406,0.10268013905674908,0.49912280579223794,1.5,2.0,1.0,0.1,1.0
-3.809079696539774e-5,0.06131358254306565,0.640246246865717,0.9393049888562476,-0.5136616832971813,-1.060706734426418,-0.26391869610038887,-0.9193017460484134,-0.8898911347326464,-0.6742875759265294,-0.7160079537001842,1.5,2.0,1.0,0.1,1.0
1.559174128885099,2.1361757332580313,2.7276417696708455,3.1840868515603225,3.8994502053577484,3.908362331408763,2.9413126309558706,2.1954570236139364,1.3493989663827346,1.22649387395232,0.5527897858436819,1.5,2.0,1.0,0.1,1.0
3.5272477671429296,2.8207203911173333,1.6202702041471466,2.259647436282842,0.5215377843169897,0.4722773645166131,-0.6482501520451107,-0.638873369352917,-0.5461555410822946,-0.16581181148244573,-0.7762122935009478,1.5,2.0,1.0,0.1,1.0
2.5661055426527533,2.214612684646775,3.108649109671679,2.4988980676256416,2.701708582708906,0.36049503667561256,0.3213103879541931,-0.35069683461439316,-0.11793538974135645,0.6125398184267339,1.437526121876192,1.5,2.0,1.0,0.1,1.0
1.9688766144512642,2.965832696081431,2.029761325416872,2.0090219451562383,1.359295585056696,0.20900658990466736,-0.4088216614424115,-0.01092840577299764,-0.7898435281970533,-0.5163079695624724,-0.9294531514053728,1.5,2.0,1.0,0.1,1.0
-1.1694109166848115,0.20960929837428188,0.9280689436668073,-0.34309235457986986,-0.9332945132681707,-1.17710892086669,-1.5977676112434192,-1.0645117171274439,-1.6549655610991372,-0.30326259285553636,0.3639161369863102,1.5,2.0,1.0,0.1,1.0
1.578644931658647,2.3313110404107134,1.308489264110546,0.28783961309788086,0.33596117469488296,1.8283832740048753,2.0285484980700104,1.8751867926380175,0.765260251616356,-0.046710555133193665,0.6132509620903299,1.5,2.0,1.0,0.1,1.0
4.304019081434371,4.462941132126429,5.054575433062314,5.144591401152098,3.506249903743739,3.452225777640843,2.734263275629423,3.2366948188389473,3.1074407168269307,2.2872722122917732,2.0784662003311274,1.5,2.0,1.0,0.1,1.0
1.4979220739731522,2.6010226578321562,1.3654263484780362,2.4793780754419563,1.0165632267790394,1.50401595857644,2.5112881014234807,1.9253823700968784,1.695936993307575,1.1539939017694811,1.5435430653627698,1.5,2.0,1.0,0.1,1.0
1.9427221005739261,0.048958916557614085,0.3880515511646232,0.2908477973798561,0.7414040392547345,1.783031056853867,2.203542547987478,2.7036576037825624,3.1968642302080514,2.6957867185756337,3.391406420738207,1.5,2.0,1.0,0.1,1.0
0.7353992330899473,0.5264438905563262,0.024670975892134295,-0.6224175731697124,0.17596941964746704,0.5871789243803511,0.9308465368570159,0.6283721835808798,0.15771628406517357,0.5380304560870702,1.2790026740331526,1.5,2.0,1.0,0.1,1.0
-0.28929731947034854,0.3329601961934882,-0.9452406240243925,-0.10813037448593033,-0.859711993579898,-0.5805150465825698,0.15894536728032843,0.5983138440249199,0.7501492901679899,0.21382782801155675,0.8509606997244104,1.5,2.0,1.0,0.1,1.0
2.168770889506055,2.8861286761284397,2.6943288385493487,2.804570858402611,1.9551479916825194,1.6798567136524218,1.0291637787995662,0.43370269292102837,0.5567385593023362,1.50919111176803,1.354579854596777,1.5,2.0,1.0,0.1,1.0
0.0018967682694734501,0.5138945510425801,0.3556145366436205,-0.9457047404687737,-0.7628833778213021,0.5816968168806442,1.6632212899646328,3.095569919280634,2.629435908109465,2.4972986394768437,2.7594442085493847,1.5,2.0,1.0,0.1,1.0
1.568774305274099,0.9521566318835452,1.362828976475586,1.2377606183015326,1.4630892849518,1.3857828238591217,1.301761492515998,1.1531185336832936,1.8948324317217673,1.7920294229617564,1.1368980488635765,1.5,2.0,1.0,0.1,1.0
2.908152386836913,3.2959878098288535,3.705291855169529,3.5487237834933514,4.8785776206068885,5.095883108219777,3.614848544000449,3.181431235936666,2.9055315322199022,3.1150070695448946,1.6112294291271572,1.5,2.0,1.0,0.1,1.0
-0.3544242161714579,0.6748441352104997,-0.5500227645430659,-0.8285096587235056,-1.4484536236881596,-1.397384051388577,-2.715283157471238,-2.3689418030332567,-1.7756558168948544,0.00046098795399118764,0.403353608540703,1.5,2.0,1.0,0.1,1.0
2.4894951424106786,2.4834766314697942,3.0070661952268787,3.8815717502936318,3.23123361707633,2.0873881193833332,1.9869369029548294,1.9361034880452441,2.2591157713759067,1.600764899621391,2.2851229860172304,1.5,2.0,1.0,0.1,1.0
2.671315871574243,1.819220673314511,1.8899397837478105,1.4986713137033143,0.8511422201084661,1.2737807232507374,2.2894194527514475,1.9565405859286398,1.3449271105475213,1.9871732618287892,2.7400103900097688,1.5,2.0,1.0,0.1,1.0
3.039311721994493,3.3154701900236345,2.992034617799777,1.934121244354595,2.4013629398492142,2.3452990192053846,3.3127407288052506,2.986398270733683,2.9712776868796107,2.2097400654701542,2.189691534578773,1.5,2.0,1.0,0.1,1.0
3.0080025084385427,1.9344102625811144,1.9831858103024267,2.50485555879039,1.3076455706853505,0.7777776203623182,0.24251681568898675,-0.0026124980919113305,-0.0028461229814882583,0.409588972753848,0.9250736282626242,1.5,2.0,1.0,0.1,1.0
0.8062641746120645,1.8853890430073637,0.9839536817694845,1.1559934522771258,1.245214806989789,0.8510977479572827,1.1980862804505132,2.307046337750342,2.6140422419793663,2.139036768724297,2.8920117194260886,1.5,2.0,1.0,0.1,1.0
1.4136348066534115,1.609431623170013,1.268658678988305,1.08161324985263,2.171297557143638,1.4099889721171677,0.9810815178760729,0.5708884858651685,0.33252860892873576,0.08028431652908324,-0.30733864549942164,1.5,2.0,1.0,0.1,1.0
2.3735937509256098,2.1090609585700815,2.3188169656266893,2.32349144153249,1.2637884763556926,0.7868798774846927,0.33372194814228695,-0.24094558053068516,0.2600183008772685,0.3399580469368767,-0.5720469711866221,1.5,2.0,1.0,0.1,1.0
0.7682452307564006,1.2675826374775059,0.8958057677631273,1.4244657991934482,1.476416227186708,0.7268861234593151,2.1338128491399306,2.8168365771677406,2.9019523990103666,2.2716441451133114,1.8583975794200795,1.5,2.0,1.0,0.1,1.0
2.260468855132592,3.4025197243645833,3.412926902604765,2.3543281773064355,2.7876840123565882,3.8792185426524517,4.324399547556154,3.8202072543974754,3.646101843638695,3.191149638812252,3.402879910561747,1.5,2.0,1.0,0.1,1.0
0.09335955006507501,-0.30381489963285824,-0.8568264618068125,-0.2267407510184552,-1.570815845820335,-1.0879003457125074,-1.1792148892584542,-1.2204180270551548,-0.6315333170736324,-2.0522906977111575,-2.0955661375333015,1.5,2.0,1.0,0.1,1.0
1.7729378225001065,2.375220224978987,1.896393679560793,1.590642038463168,1.95523337820465,1.3565124761767278,1.9602923304589543,2.0623285945452974,2.595116777652005,2.558118317698235,1.9870910717370185,1.5,2.0,1.0,0.1,1.0
1.1273691441367055,1.245285070814199,1.1552523571242796,1.9254522825758935,2.341521360597288,2.98540768892249,2.319573611532168,2.565464727491744,2.367333328801009,2.18547644298828,2.9871785227636467,1.5,2.0,1.0,0.1,1.0
2.3174017523496406,1.273765236961847,1.2875163275322667,1.9441566761975515,0.9023571716273678,0.7212777263165325,0.9956333797593819,1.075823661068707,2.180226356230276,0.420049570235669,1.865781885902845,1.5,2.0,1.0,0.1,1.0
1.1215115347586302,0.7665749165164,0.03657665462799031,-0.9708649961807215,-0.2707865097213192,-0.1737656234265076,1.0195667461938618,1.5221303671279665,2.0507404424576077,2.299655592700982,2.2028079499409468,1.5,2.0,1.0,0.1,1.0
3.5039172691955214,2.657204493463294,2.5129872282106462,3.1554930841215283,3.504661484413809,3.315895507497992,2.800948013557732,3.045996058302594,1.80786794036363,0.913856821126639,1.6889206054614103,1.5,2.0,1.0,0.1,1.0
0.8245885287129521,0.3769337876832023,1.154422409109957,1.4441354780320073,1.891489589712643,0.9960870846040734,0.0005954713340905471,1.0391895223988892,1.0755218132013014,1.820924560830203,1.678339572434762,1.5,2.0,1.0,0.1,1.0
0.8622035373786435,0.3486672978016241,0.12887528153234545,1.0837886853435836,0.19019308809904856,1.2348080011518956,1.0179538772692507,1.0552006404166763,0.7964955293996028,1.431839306822436,1.4252738960424503,1.5,2.0,1.0,0.1,1.0
2.694617924972992,2.236724464913968,2.66032140012929,3.0007076921642506,2.7761562594057327,3.1201998868876317,3.5427101509352497,4.34711226650135,3.8176733011940724,2.7735226804297675,2.784422536278734,1.5,2.0,1.0,0.1,1.0
2.4052176046473583,2.058862421017894,2.2582090371723025,3.3313937503144384,3.38867149342451,2.5156234745329624,2.358876770606084,3.347608392470632,3.267396774607719,3.967120297812958,3.6274349229635185,1.5,2.0,1.0,0.1,1.0
-2.1796704615527553,-1.4061719544699307,-1.2330163034232464,-0.8586170732956682,-0.10629849134411107,-0.2645118022244688,-0.2998824728455406,-1.23505720999541,-1.0777164156712395,-1.0050511453382067,-0.271170542882462,1.5,2.0,1.0,0.1,1.0
3.361199183247708,3.598720422108277,2.0787347322079404,1.0472658983956575,0.4518419763958631,-0.42672216870757895,0.28267340347055503,0.8124709342098506,0.6214944752714385,2.0134592064135517,2.2728753697320987,1.5,2.0,1.0,0.1,1.0
1.6844132167699024,1.7459188655350908,2.5210048379812413,2.7267660543907786,2.4312757642918594,1.753238239882407,1.7693442144267633,1.54744766907068,2.598334791728474,3.7747649649949757,3.6975581336524836,1.5,2.0,1.0,0.1,1.0
2.966378829441455,2.0042867004049065,2.64383849815992,2.6546167658569404,3.050707777704752,1.926706565238962,1.9910643163208768,1.638318801320515,1.943991379323338,1.8420536422264133,2.6705064798045837,1.5,2.0,1.0,0.1,1.0
0.8015794917277599,1.324932487129984,1.3025514383973043,1.2138107341618183,1.4307185345058024,1.8649640255977313,1.7551126599370677,0.9581303021192901,0.9384654100446497,0.15997202989477866,1.132873790781339,1.5,2.0,1.0,0.1,1.0
3.2985630203593437,2.870911890103304,2.481214483227432,1.5602470096238608,1.0454983486876923,0.7871835813604584,1.4551416063594687,1.4516179183286142,0.6678475858198595,-0.01191350197649721,-0.322231689238998,1.5,2.0,1.0,0.1,1.0
1.2060085398649005,0.748481446845674,0.2828972887565727,1.1436957270403958,0.19209318824577892,-0.4600987518606835,-0.524765167063016,-0.09080075668015236,-0.3999916242489629,-0.4818669793189544,-0.22108729985526873,1.5,2.0,1.0,0.1,1.0
2.938965090421269,2.4371830213370025,2.2750589501252585,1.7062839801632703,-0.1602276051835141,-0.2912328051284761,-0.23640044179764302,-0.14739632388770008,0.3850597185780945,-0.190706751533964,0.33496307335760883,1.5,2.0,1.0,0.1,1.0
2.0281447181455277,3.084733627588952,2.643385669432734,2.1713053465705254,2.184674752063372,2.5924509492277914,2.3131256870313357,2.3271540608605625,3.1967956060553266,3.11130512072957,3.6572230924315896,1.5,2.0,1.0,0.1,1.0
3.0109033700314716,2.9282467147678326,1.773893963129919,1.4198679186340721,1.3401820851717914,2.2785974152128996,1.8807497474358328,1.423154364068121,1.2266679765778978,1.125235748260259,1.572345888222457,1.5,2.0,1.0,0.1,1.0
0.5489216185782071,0.6964748069162785,-0.4121709017457541,-0.27354415158261464,0.06504511869582963,0.5170471058451833,0.4769582432069487,0.11895478860309255,-0.05623527922306698,-0.07482576937386842,0.5161716537636681,1.5,2.0,1.0,0.1,1.0
3.3023809864750655,3.7972382320541667,3.6571705740374867,3.9414734941040104,3.9438467458226008,3.5829643762712284,3.7344925554590374,2.546235258246193,2.0903690077249792,1.9460864098752986,1.8989980167571834,1.5,2.0,1.0,0.1,1.0
1.4292514115920463,2.2468563561749253,1.9795665156530733,2.531786892832674,1.5978973026118926,1.039792049509733,0.4790633773392543,0.6340639916890444,2.146987630008784,1.0099321112120323,0.9187420459827627,1.5,2.0,1.0,0.1,1.0
2.8790927931667185,4.097207334270267,3.9508508206801474,4.299240774872226,4.31444088687514,3.2050573213315445,1.6576316114363758,1.2161182468193537,0.7766841651431621,0.5101166372487358,0.7868685249514918,1.5,2.0,1.0,0.1,1.0
2.1715145962444704,3.1894883419557996,2.6041433470546766,2.2517681058863936,2.097553004903763,1.8335886288885441,0.39850089954568935,0.5340803182176537,1.5355946141419556,1.5088246999378825,2.13533326188608,1.5,2.0,1.0,0.1,1.0
0.6262063190269702,1.0171677093776503,1.5677509641949698,1.6102154398232942,2.0725487983890334,2.587636120738524,2.168871780560464,2.8611754699667395,2.671898495121041,2.4529445233544838,3.6353145496799186,1.5,2.0,1.0,0.1,1.0
3.470642686709762,3.8431275421687774,3.206398042618916,3.2439499191347005,2.0662167140524934,1.2557702235871264,-0.04499789142826294,-0.3141030880794922,-1.124821594605899,-2.496967423797371,-1.9208981747289435,1.5,2.0,1.0,0.1,1.0
2.0222049326702627,1.547658879214077,1.648300731723124,1.8023536333459345,2.2417886141520635,2.676847088853075,2.4529174681621737,2.2602190207953594,1.5396377293498027,0.839206867005162,1.0795651860508444,1.5,2.0,1.0,0.1,1.0
3.362134930086263,3.4388203809929436,2.9609470638736144,3.888117432770466,3.5985305087593287,3.678812279652185,3.3385971792879627,3.608515075953744,2.884363007620102,1.016797923372612,2.3133908302110537,1.5,2.0,1.0,0.1,1.0
0.11858134441471019,-0.1849906517671942,-0.5104952551871995,-1.0409426710775607,-0.9617470184487628,-1.501400852158213,-0.48820237716987835,0.5235355870632082,1.4521017919199468,0.12826304360353036,-0.13738224392812132,1.5,2.0,1.0,0.1,1.0
1.4265502135753318,1.116964961726404,0.46607618872179857,0.18791574211423878,0.7493001242844787,1.6516050400695537,2.8102508766834156,3.5002973463967813,3.3571512177836587,0.9848367940648157,-0.8951247887289637,1.5,2.0,1.0,0.1,1.0
1.2452339186892154,2.141838527459025,2.221534079547258,2.7503703599845934,1.8203764854629805,0.9722566811628408,1.3743938946968488,2.758530001207186,2.879728263329641,2.319209256951787,2.4205264188564977,1.5,2.0,1.0,0.1,1.0
0.6571530861972081,-0.39055627903562173,-1.0825825616233098,-1.2717326893558434,-1.5705281551953398,-0.7175981540263567,-0.7173851934943476,-0.45602465271379555,0.28640592494273187,0.46626464600637807,0.5128164385197872,1.5,2.0,1.0,0.1,1.0
0.8439304662087793,0.4439475192033002,1.299687744759801,0.9281557236004139,0.20718275681072817,0.5557356097646047,1.9069417752491544,1.8432473118975903,1.3659789978290744,1.0400968753082254,1.769684987733745,1.5,2.0,1.0,0.1,1.0
1.232229330784889,1.7030406763698074,1.3190178445984644,-0.27793064944293744,0.5421489306307667,0.786062231653434,1.1648106556462179,-0.4633538273070905,0.9540107059679097,0.7927000735805954,1.2190845658902885,1.5,2.0,1.0,0.1,1.0
-1.0468473714356912,-0.37401313987560914,0.8108673891146244,0.8827605571694107,1.0138748593163731,0.8972513401109746,1.8540006751284552,2.4429354134594483,1.6284338305443022,1.411742222425312,0.15110372830118113,1.5,2.0,1.0,0.1,1.0
3.6089804512521577,2.993522569209276,2.2969856829365676,2.909241901487201,3.5411566128536065,4.040790402358077,3.1289151612890262,3.589438522021227,2.803522801259313,2.70704764065445,2.4030309283797795,1.5,2.0,1.0,0.1,1.0
-0.15043719404065065,-0.20418883523560855,-0.24479421803545384,-0.6895745600992238,-0.5281190790356202,-0.11031545764827588,-0.9060714569395403,-0.7371372546200559,-0.36730777328950726,-0.6834323744911034,-1.3117966668327072,1.5,2.0,1.0,0.1,1.0
-0.5066368418732644,-0.11904595501718523,0.3080017046459541,0.6046096356846702,1.4017519830985168,0.9345929059923925,0.5373515411801673,0.9903505639174366,0.14953309189507558,0.8532823765624897,1.080310611987007,1.5,2.0,1.0,0.1,1.0
0.01700717370094431,-0.9673893279134096,-1.8015055323341234,-1.4643154148053887,-0.8484430798156829,-1.8073852485015482,-1.6982191719278903,-1.0358284363517993,-0.7299426143941451,0.28047087915371993,0.2311409509826364,1.5,2.0,1.0,0.1,1.0
2.7396032657243783,3.6035624184150317,3.982507799782817,4.698805961348627,4.466955811682318,4.542408022624763,4.771739028881024,5.58349773945598,4.9887332416901975,5.070663870657018,3.9894736872638648,1.5,2.0,1.0,0.1,1.0
3.545928865020062,3.3446882943720317,2.3923811787668083,1.2185448592900217,1.0151757040153506,1.0626889113323488,0.604070453918055,0.8157442160827266,-0.037174981396863704,1.1200535102154572,0.4451185391380793,1.5,2.0,1.0,0.1,1.0
5.211649893030689,4.599544382297295,4.8700197723928484,4.349881503705487,5.1542618093540025,5.279635706925823,4.902475359631448,4.565739420827474,4.396563347021631,4.146788662271826,4.448740499382658,1.5,2.0,1.0,0.1,1.0
2.59063828456114,2.6222799076339927,4.066794108101282,3.4929353299960204,3.4685376486352384,2.706751412106346,2.7562175177393073,2.3970931170013685,2.7223444109121147,2.4852431418860674,2.594331359878241,1.5,2.0,1.0,0.1,1.0
1.8474754286742956,0.8586023988233059,0.682820162922101,0.5765324601975603,0.475951284532852,0.2553945150859204,-0.07232889233912082,0.13356700359235732,0.17681850338281957,0.6395500196862087,1.2859215274627411,1.5,2.0,1.0,0.1,1.0
1.9255313471747413,2.2435352200325673,1.5719846598550031,1.0173341843579244,1.51406124059037,0.5757152941754549,-0.49272639328133794,-0.2772127666525173,0.09681275034025891,1.6349273969610847,2.2702143406405586,1.5,2.0,1.0,0.1,1.0
2.3382800154274013,2.4809490368817237,1.6477823446377755,1.6121729862183625,2.0431709148348536,1.6620103976097824,2.0921683495673364,2.1899489934386334,1.926279116648174,1.5139486181737,1.8256880574702,1.5,2.0,1.0,0.1,1.0
1.8404295645648558,1.4398212545487585,0.610636578380063,0.7706426581348397,0.9493978242970984,0.9672838073712624,0.8210612385958855,0.0997466170606679,-0.8760304850425711,-0.846280862430535,-0.7238005748371144,1.5,2.0,1.0,0.1,1.0
0.24292069101179645,0.665863757327409,-0.1092673057793978,0.37086453802473507,1.5194600421528417,1.728852214946214,2.287289774180896,2.9692772607647546,3.3624705725009143,3.734104310444378,2.9990723298683575,1.5,2.0,1.0,0.1,1.0
1.7321663061681376,2.795237991038311,2.29987590989298,3.1603158213876057,3.0370894164859985,2.8004710280956595,1.4388773287486762,3.180778019082577,2.6132388660448505,2.2724933603255546,1.7263644426282032,1.5,2.0,1.0,0.1,1.0
1.4478115941791239,2.442075709512072,1.3060624981832505,1.578494807338881,2.3227290567044627,2.077664550585286,1.1085615797854622,0.09003624821605394,0.2659091247327676,0.41357489271535963,0.01578435727704086,1.5,2.0,1.0,0.1,1.0
3.710931025222769,3.7981210662192866,4.236022858795655,3.513632066647275,3.7411417183676603,4.180166965593756,2.6385922219902396,3.704941404076065,3.2987668607135623,2.995996791360851,2.4911805011968684,1.5,2.0,1.0,0.1,1.0
0.7519435168167804,-0.2445423120702196,0.1879887400911916,-1.0139129880797582,-0.8202058706131359,-0.244254895732763,-1.2004924688982914,-0.8387739127038525,-1.1661947924581204,-0.3314057564269519,-1.3273505659740776,1.5,2.0,1.0,0.1,1.0
2.948592323394275,2.8465399167823104,4.0045354230579395,4.016060334090635,4.073692536567775,3.3828031396129634,3.397934826193022,2.9675542814367795,3.1279392039777276,3.0384317184607617,3.3926396508889662,1.5,2.0,1.0,0.1,1.0
1.5304750279609833,1.3147358352027931,0.2126251840811948,-0.7063223971448145,-0.6400683534238234,0.5902874716131077,0.8242487605056144,-0.02135520621118392,0.46693089275861793,0.9341789435444787,1.4602918240063794,1.5,2.0,1.0,0.1,1.0
3.159825741220728,3.6448705196648126,3.7345961091327613,3.6470055518362368,3.205208474430477,3.539165445180876,3.633304816061477,3.8164803777295804,3.046579621314687,2.9552919219977287,2.7741011485000415,1.5,2.0,1.0,0.1,1.0
1.4656110844309622,1.4804805865963366,0.8447447065205753,0.6341955604841567,0.7771718111111916,-0.616443955100215,-0.6426682948738044,-1.6272032865542734,-0.163339694442189,-0.6416542580025275,-0.6665480128765021,1.5,2.0,1.0,0.1,1.0
2.2819581112318383,2.255239399051013,2.3113689472924865,3.2276478914261295,3.747319557498882,4.453615486970569,3.3960287370336215,3.3683957435477483,2.989783415540691,2.6647847234979762,2.3827945614924353,1.5,2.0,1.0,0.1,1.0
3.0326478855502526,2.019502109846524,1.792916597144303,1.6861832920241522,1.9198007289153394,1.5094189785591678,1.4583876326727288,1.1486921232595333,0.5416052053012862,-0.9247636046194231,-0.004715709301259863,1.5,2.0,1.0,0.1,1.0
1.335309483910761,1.6475132503981191,1.3956251417323133,0.7728872932823969,0.7350162301370633,0.10712832109886827,0.008181888507960755,0.48670277984272153,0.42756753956450566,0.034206120190430234,-0.4252836327719633,1.5,2.0,1.0,0.1,1.0
-0.7076554771326984,-0.9370717507854791,1.0627035242599603,1.4527741608229434,0.7269790928428651,1.391100586042852,1.8316377683830756,2.5528286793478876,2.8198264029401003,3.315116722272853,3.642919443570671,1.5,2.0,1.0,0.1,1.0
1.1832796352769503,1.7174391514864065,1.1014235045779075,0.8898609764047718,0.6553141421015771,0.7675694377818001,0.3456776055530429,0.13186280224570418,0.7304388965543153,1.2757519710746559,2.631164529580918,1.5,2.0,1.0,0.1,1.0
2.008606725950852,2.2874206755062576,1.3899709340016706,1.0680107124769653,1.2851327901682634,1.933055236661639,2.3512259895138357,0.8721862660839337,1.7011760153549587,1.225816605189247,0.3178523332246401,1.5,2.0,1.0,0.1,1.0
1.6840467364517147,2.107527288747587,1.6615557452981315,0.8581514041199277,1.4140312843502814,0.8479042179133509,0.025707523573044955,0.04781556673873008,0.7179226703385501,0.05553731430877851,-0.6860268557593324,1.5,2.0,1.0,0.1,1.0
2.944341719039816,3.090084269277923,3.425553147958815,4.073691103203057,3.210066311220446,2.872640709104056,3.7912252515605993,3.464695781799841,2.851481972853442,2.543746948675636,2.6612644443320947,1.5,2.0,1.0,0.1,1.0
2.4565509060341424,1.7014685012956798,2.0622874475326,2.2804894509474947,2.410321615239599,3.2268066941845475,3.5632265185983263,3.4271293534952165,4.124629514167712,3.55317042310986,2.9252059638787706,1.5,2.0,1.0,0.1,1.0
0.17565342719603028,0.5916320027931727,0.0538678899753714,0.24423840024387186,-0.6221456887475024,-0.2851883372194769,-0.8688702317055486,-1.2514347753896882,-0.7874408474758314,-2.0000204086589024,-0.7489767497864486,1.5,2.0,1.0,0.1,1.0
1.006509990358362,1.015367062482629,0.030471256158603577,1.2883100248021289,1.9047038557976625,1.0224620757227112,0.058834962945201186,1.1254668849075684,1.6605397756200615,1.1429689803656538,1.134771880194366,1.5,2.0,1.0,0.1,1.0
1.4431806381257293,2.0103618529244227,2.4834712393593037,1.9902327791139984,1.2270234766382564,1.4925873660905051,0.006397512655917703,-0.7384725935378383,0.4555747902789946,-0.024007730137551864,0.1263269825713137,1.5,2.0,1.0,0.1,1.0
3.54792029774122,4.1822937093597075,4.394217892426866,3.956831748710038,3.5008160553282166,3.882387506110625,3.99838190827371,3.7148443803613387,3.6102275026581023,3.3026983482923047,4.5552760347342645,1.5,2.0,1.0,0.1,1.0
0.6090393133463068,0.38861423788459454,0.2554270906881028,1.5843483768751294,0.5062005192146444,0.10014918043132026,0.6981708411557634,0.3584017267203497,0.9237548869555678,2.286752822128668,3.2661378144542956,1.5,2.0,1.0,0.1,1.0
2.557767185363525,3.6992339647158463,3.9087804055482933,3.970043460727561,3.710229445654073,3.527561843497721,4.007561569772191,4.817790484867857,4.263717942659966,3.496271235757837,3.337121966861842,1.5,2.0,1.0,0.1,1.0
0.024847497315319246,0.62310416493692,0.5780218676776079,-0.025132808051864575,1.350971154515673,0.8070199010943381,2.311050829304255,2.4843385359925962,2.685344180973964,2.6552452978049215,1.82548609367507,1.5,2.0,1.0,0.1,1.0
1.4417048274124689,0.9922903222527875,0.5388735799924759,-0.660430772995708,-0.4442806246572239,0.07756443854561579,-0.19492633120201586,0.19181816997833953,1.3299664789419576,1.0453630436516073,0.8297065559408768,1.5,2.0,1.0,0.1,1.0
0.5531918261931481,-0.22855291687251045,0.48062791794181176,0.16256065005830456,0.07209938339263311,-0.07394958810413496,0.9907662810135831,1.1845009673800198,3.2916353143491976,3.0740714736217933,2.5171694361275887,1.5,2.0,1.0,0.1,1.0
-0.8849090629036195,-1.6069559682562125,-0.6911394518078772,-0.397966199677691,-0.9717434077608256,-1.1504834055605655,-1.3278545894479417,0.06181686296746358,0.44019945333836974,0.22615253717253098,0.6221136315869129,1.5,2.0,1.0,0.1,1.0
-0.36750498269859444,-0.10668318588168352,-0.8859190371916625,-1.5842681539086105,-1.1954620575628017,0.0037748752495393445,-0.2697688777088594,0.07825561744031806,-0.18953899671313557,0.24179919635897418,0.7205180545133196,1.5,2.0,1.0,0.1,1.0
2.0299631419001662,2.1217937869341696,2.735429574094404,2.1056206214444533,1.5601503549020077,1.800149797077902,2.696575685436394,2.4138912333618148,0.9792813171144616,0.8283253519387394,1.5377096967743942,1.5,2.0,1.0,0.1,1.0
1.081017020867693,0.5696627945396233,0.24697151174990412,0.09373822602476345,1.0010804901407824,0.9509477715772027,-0.15614981849335718,-0.9078128117069785,-1.037384413263206,-1.5311728875264603,-1.4368571212366594,1.5,2.0,1.0,0.1,1.0
2.7400869844315703,1.998602768869034,1.8534284684280093,2.1476629353090253,2.939957314919621,2.779245914385459,1.8848168297408106,0.7800696572151657,0.86053526267077,-0.6959959924609787,0.2835486305832311,1.5,2.0,1.0,0.1,1.0
1.5762166516736287,2.1767392992833754,2.730067416276523,2.131824797250242,1.753695476074911,1.7875099276244013,2.5986239309979995,3.281455962967394,2.2655038422274325,3.318744221576799,3.038965818458362,1.5,2.0,1.0,0.1,1.0
3.2860728132066437,1.3450198637275739,1.2948173765235378,1.5953102260758318,1.7719045061155052,1.7757153308447253,1.9240145049146782,1.3121716586416123,1.8384244176318423,0.9417443778487177,2.3918473793901103,1.5,2.0,1.0,0.1,1.0
1.5267737777629478,2.4237538037592348,1.9737987083817474,3.1111015226699337,3.547264901305592,2.518318139563969,2.9025152034417947,2.505398883380395,3.6180104423556756,4.546322917182675,4.623823807075237,1.5,2.0,1.0,0.1,1.0
-0.8208947237549584,-1.72427139412155,-0.7611411046593244,-0.019092443118769897,0.18711240752549602,0.3503413837310783,0.8750395613951416,0.31794305835583336,0.4952049976107026,1.44188132159432,1.6660497903441136,1.5,2.0,1.0,0.1,1.0
2.1733479990096845,1.8575258300400825,2.9581213660208583,2.343986363982807,2.908468313221197,2.734901177693744,1.791885940926246,1.5490156761874352,1.7459925183794436,1.3629713743274554,1.98211518879978,1.5,2.0,1.0,0.1,1.0
2.7072269931814907,2.814051450805357,2.4189503560160617,2.196327775709185,1.9097532620018054,1.100821508752072,1.0125313481074798,0.6494807230798927,2.434069178969594,1.7886033074620862,2.4271484899290923,1.5,2.0,1.0,0.1,1.0
-1.032312910290562,-0.5858725304325989,-1.0267810087257803,-1.6934163190954998,-0.9182028303288818,-1.2148533741542304,-2.240434239265439,-1.0023467162191841,-1.0120924226154857,-0.9789029799558563,-1.0571366456431126,1.5,2.0,1.0,0.1,1.0
2.6091701137939065,2.1779734140953098,0.8834020998552841,1.2698185786676355,0.866271055556444,1.0346590646414928,1.329584717501688,1.1333584709769098,0.356685939597826,0.4943992037096663,1.605989615352017,1.5,2.0,1.0,0.1,1.0
3.100277722987519,2.062932961721751,2.70747415395389,2.337156656840776,3.23602872144789,3.821829252471894,4.060691563496228,3.4333357773854143,2.721961349438282,1.6744374984511623,2.0417721543827554,1.5,2.0,1.0,0.1,1.0
3.1781134988413626,2.630299488139566,3.3244468985783033,3.4623825062965112,3.2666281872488114,4.442730836557011,3.0203450131258673,3.408584767895114,4.002188420563044,3.2936042210593515,3.0368646808662523,1.5,2.0,1.0,0.1,1.0
1.8805955134232815,1.1452847038663152,1.6040155993793876,0.8453827072170985,2.8127234366640974,1.3432526882538567,2.2620192024769965,2.6737960720005662,3.311326818294821,2.982995255210365,3.3321948054283586,1.5,2.0,1.0,0.1,1.0
1.2537108522828708,1.2577741214851788,1.9261143578678084,2.2632432924896744,2.7886295840736164,3.7268142373133997,2.9943988716946226,2.2413434932104197,1.0598488552904755,2.16783302003266,2.493660482402965,1.5,2.0,1.0,0.1,1.0
1.4728969786995194,1.7602575626472805,1.7307560023744086,2.7269976301604046,1.5815165842156225,1.4876711226357324,2.7920894928777766,3.235475401534446,1.8050633456557539,1.2664436015422065,0.7609132955364009,1.5,2.0,1.0,0.1,1.0
1.6640206139137639,2.5099805396115333,1.945172881925838,1.5710587490418193,1.9574182426962405,1.6716316009425827,1.0553867996593385,2.4137629970512084,2.917192409890024,2.5724811024900416,2.53456934258114,1.5,2.0,1.0,0.1,1.0
1.1907741543470927,0.7534008818733074,1.5224657958668766,1.435324129889226,0.9532244605183432,1.0244363532110405,1.702082220612752,1.7228780100892525,1.9253479260080173,2.0091737333458286,2.6099949065275103,1.5,2.0,1.0,0.1,1.0
3.5477896444027968,3.0620200641092947,3.5146350429169404,2.7255915958031283,2.47427561441181,3.4089861232079715,4.016351463584444,4.076316038755331,4.502097987123347,4.218487966372366,3.742977615005606,1.5,2.0,1.0,0.1,1.0
1.5346519611295029,0.7774388397298623,0.8816657238872746,1.2445321691487679,1.6034595618419656,2.1171681607221586,1.2550193382170174,1.25124454637192,1.8001803536491798,1.4994587892400868,1.817773076423085,1.5,2.0,1.0,0.1,1.0
3.30874321520947,2.5640063647030407,2.614534010150594,2.5699301883327923,2.018741933125268,0.5077676455862807,0.6755157197937172,0.8059741471291169,-0.9765467547273754,-1.7790762722426443,-1.6762461751152788,1.5,2.0,1.0,0.1,1.0
0.6085056859359818,1.4675973330588956,1.9013649900814515,2.415252495884292,2.3257205769843465,2.580754040202275,2.6478857097416393,2.7370738770199314,2.2034633305927462,1.9998612707540504,0.6789616027500731,1.5,2.0,1.0,0.1,1.0
3.1851860829590697,2.340572477569192,3.008471063924645,3.539836545430276,3.7702617732773307,3.9878517107702574,2.974314414405803,2.4920221031655587,2.16523808441947,2.342437739066029,2.499819176181433,1.5,2.0,1.0,0.1,1.0
-0.5429104661704905,-0.4528992168775492,-1.278821777592372,-1.1795119704374757,-1.5225610978730162,-1.6792667426290844,-1.818854317056232,-2.182032550965984,-3.0530254899845546,-2.7942830699182317,-1.871789117972725,1.5,2.0,1.0,0.1,1.0
0.8524023083399881,-0.32246431871137193,-0.49101722261013586,-0.821776457052524,-0.19444790828207442,-0.19977640588281245,-0.06335218979815473,-0.40417215767443376,-0.6797916935454684,0.47087309373340447,0.014717118751734981,1.5,2.0,1.0,0.1,1.0
0.04073265416251337,-0.6661850692678738,-1.2644568676543653,-0.5384986234879018,-0.09051648574970406,0.13667343439877955,0.10753477446728069,1.3883888178144628,1.1951391529076258,1.1394997499544488,0.7841582502954654,1.5,2.0,1.0,0.1,1.0
1.4727139153190616,1.4420826289568995,1.4428201233838835,1.9935098665323694,1.4671476318370058,1.3484729007138088,2.316221244484793,3.3147792644556295,3.439481176904464,4.483614584284721,3.0655963828134283,1.5,2.0,1.0,0.1,1.0
1.9942463524463214,1.2252306327390916,1.5992564990588185,1.379283350640455,1.6320792168222855,0.8921174634487228,1.0796610495842862,2.192313295292797,2.1267007040957004,1.3875260630262225,2.574108940348246,1.5,2.0,1.0,0.1,1.0
1.5460194908372378,1.4547068890344024,1.5193044763243035,1.073315848325083,0.6396079632669496,0.4560076850833505,1.0799513527897169,1.9816154431387982,1.8680237783239966,2.468200731685434,1.5723069825176788,1.5,2.0,1.0,0.1,1.0
4.292212440210944,4.547615802828873,3.6709364312582236,3.7923575432806738,2.130868565515466,2.036836999578599,2.100273929024115,2.3856495054257185,2.7879557711892375,2.1177434860512157,1.796169423578269,1.5,2.0,1.0,0.1,1.0
1.2651575165415379,-0.12350306086812535,0.2550397632288695,1.408080727599151,0.3474906105496336,0.5053215282714457,0.5456105369472973,0.8203630641998642,1.2879793962024615,1.636714963854978,1.5181035874999522,1.5,2.0,1.0,0.1,1.0
4.060280836581164,4.955814179496281,4.474552265160569,3.759995717886748,2.693119067052852,3.105739084277525,2.344545334496701,2.4445255173061162,2.7556312235361946,2.604710013531811,2.0683034320226508,1.5,2.0,1.0,0.1,1.0
2.026904379671378,1.598790570758879,2.1763085695962494,2.1804923737772945,1.6001761854931789,1.3561486561397698,1.3859292777801595,1.0647327342890787,0.6451689886662786,0.5143991953668189,0.043677969440056974,1.5,2.0,1.0,0.1,1.0
1.6656344260061584,1.8270752356794027,1.2547870001311834,1.6017487367333632,1.2730919757423114,0.6158545384121533,1.1943824105978165,0.3530422153803674,0.21944389767154213,-0.41100117305811873,0.5958315788526136,1.5,2.0,1.0,0.1,1.0
3.3994157776525835,3.6291904409725073,3.234671114763397,3.602289134336423,2.2989232315939208,1.6725891823673016,1.2299843822701433,1.5278708833069872,1.7304431118747354,2.8052416112863194,3.642255176306843,1.5,2.0,1.0,0.1,1.0
0.8887560801294465,2.1638433154934478,1.4983699317048556,1.23756775191005,1.7864388960575872,1.4088450031469946,1.0194103399402294,0.8190348480714917,1.333456685685707,2.0330618249914343,2.4197232298683105,1.5,2.0,1.0,0.1,1.0
3.012094972617583,2.3208205685824908,2.9260749667337125,2.8488368251383562,2.8139690972238225,2.7669008200256386,1.9383164861869489,1.9077122839303031,1.6753306782079027,0.7070401855472732,0.485011526720156,1.5,2.0,1.0,0.1,1.0
4.830376002991145,4.509815929583118,3.5756137913696313,3.064839607622946,3.7919289332726493,2.91765861116287,2.731523089621369,3.004143191678688,3.196154347257205,3.057305806440078,3.66711046240402,1.5,2.0,1.0,0.1,1.0
2.5556939574211195,3.28731250962325,2.9462296352729216,2.5729260694459355,1.9545754969321614,3.281711696435017,3.074016274473481,2.570466573250047,2.692382394064908,2.600950223521485,2.9481381820929764,1.5,2.0,1.0,0.1,1.0
-0.23762043348242376,-0.12198537296167669,-0.1520521668042931,-0.24682454809669394,-0.16085578112823457,-0.39813981674775356,-0.1902397759134288,0.45140921436263115,0.7245738341575592,1.0835877723381577,1.4119277249486446,1.5,2.0,1.0,0.1,1.0
0.6715454425221508,0.14438591142263402,0.4968189690213916,2.2064687494769006,1.6029903964376737,1.2098209387411951,1.072822028406842,1.2196409528222714,0.5722063237681676,0.9249287392643413,0.4083236795096784,1.5,2.0,1.0,0.1,1.0
-0.09907639829899696,0.29259050957581206,1.4391917446510814,0.9697547918435513,1.0794055063091856,0.9656989358061221,0.5572679356093027,1.2281998151629572,0.8999700154532739,1.422534742539105,1.7048094241029181,1.5,2.0,1.0,0.1,1.0
3.0361965606906676,2.47690994205674,1.023493392013864,0.7040798301537758,1.921036053412161,1.9439755500002869,1.2951572859343163,2.530870592692689,2.6102998752021307,2.6031364038240823,1.883156824855012,1.5,2.0,1.0,0.1,1.0
-0.21543789910728844,-1.2521654841308012,-0.4632667395748514,-0.5136711651317484,-0.45972059633087303,-0.6643546328760102,0.3105190799430415,-0.05132951295748972,-0.5353304467352138,0.027723241199040516,0.471448639323351,1.5,2.0,1.0,0.1,1.0
5.068794758746499,4.955993768066754,4.630249416001143,3.7811167060759137,4.498278846255016,3.6768678197003446,3.4022717144354706,2.299262395624097,1.947126087413256,2.2521652277618833,3.212916350106336,1.5,2.0,1.0,0.1,1.0
2.5905472524884003,3.5011826376854267,3.4441338194295077,3.0777671496028574,3.051411398576695,2.7831374640078574,2.5984226945875197,2.5301020619480274,2.1001247032219634,2.7477439899284377,2.5614713626787418,1.5,2.0,1.0,0.1,1.0
2.735655141466392,3.2998860653178443,3.9234734684420416,4.512127787586127,5.068422445762488,3.90068283686153,4.207997157319068,5.3053229228299585,5.283880968463223,4.324009449468264,4.520968407978074,1.5,2.0,1.0,0.1,1.0
2.461238754617642,2.273460203825657,1.5459270480303533,1.7228001873608614,0.5324093711797457,0.7017946400872868,1.7134925604795472,2.11642786630407,1.6691441651214063,2.1507057066661406,3.360062252203808,1.5,2.0,1.0,0.1,1.0
1.320358649588384,1.1730258214324927,1.0213005643705713,1.2812733461062535,0.9252190557694384,1.2068175342184289,1.9099355098453674,1.6536477915558268,2.1651726667822606,2.790549911625102,3.604973187956476,1.5,2.0,1.0,0.1,1.0
0.7832256939282704,0.49861735096025633,1.0907245013976015,1.7568887166625466,2.6043578564285177,2.6073126246882916,3.2296793395655015,3.0298230908028736,1.572538924077026,1.5967734000170108,1.0796763404066843,1.5,2.0,1.0,0.1,1.0
0.6247201483425288,1.0998649681690074,1.3319096241564483,1.6414343643236446,1.498795526296044,2.8837448817513716,2.82413795673537,1.2820000793058832,0.9869350720344584,1.9850921455664507,1.5053831517584242,1.5,2.0,1.0,0.1,1.0
3.2794442712241803,3.585025591664616,3.401933375380912,3.322662184509393,1.4781752655201585,0.6786902658465379,1.03482441224193,0.8684919973965077,0.7509468005083911,1.157200793910334,0.7046597351773097,1.5,2.0,1.0,0.1,1.0
3.347169496858331,2.976097222345056,4.015718941648323,4.482085052136511,4.6304518623857565,3.7240682315124163,3.7719195806687313,4.287595299212951,3.963748960126183,4.921469096600235,4.177904368899663,1.5,2.0,1.0,0.1,1.0
2.410340446975165,3.64148954571558,3.153736683477818,2.4791814085772748,2.0042193014440506,2.1060629248942,1.3300314967055793,0.5904948932064165,1.2264263878728772,1.3284133953412756,1.5474798922904731,1.5,2.0,1.0,0.1,1.0
0.837179204634235,0.4448493447148741,0.43395936304751703,1.1822624099237893,1.5191246852512588,1.211803422943638,1.1364984256413624,0.3565350159583841,-0.12599085866920906,0.5759687413203971,0.3125251786076079,1.5,2.0,1.0,0.1,1.0
2.466268019699579,2.2075645724327018,2.483059863395796,3.423734587585854,3.871147515798276,3.547480783784553,3.3042610570219746,4.045398101197269,3.9929765505648747,4.939775994798293,5.293986414686275,1.5,2.0,1.0,0.1,1.0
2.7810283067317667,2.372711792553487,2.1484964718071686,2.0378914721243233,0.6635538316407417,0.17473810450696536,0.7056113218022448,-0.9192462344501797,-1.210388829396977,-1.5287591226472763,-0.9894340802270782,1.5,2.0,1.0,0.1,1.0
0.5250536234589482,1.6058601300376294,1.8061718328529701,0.5602625870885258,0.29201886227688745,0.9575995797938788,-0.18631892715714637,0.7769801166570486,2.2227602844166547,2.395504585813013,2.365521647240331,1.5,2.0,1.0,0.1,1.0
3.1358787720422856,2.916115250045782,1.9420441511624702,1.3427161742084592,1.1348366878957596,0.7446887500350998,2.1183366385295144,1.880242105968304,2.9427548280201608,2.710760636330704,3.613766854824191,1.5,2.0,1.0,0.1,1.0
2.1754728996840624,3.0949854231379836,3.0702357613146414,3.6024197039178603,3.510868197163134,4.0083103974129575,3.538029917938433,3.0986809489857694,3.586718686528724,4.149930021076467,3.813598642479364,1.5,2.0,1.0,0.1,1.0
3.120303780793896,2.7364386335481123,2.5876876078545,1.6543982136121025,1.6582389499131243,1.3268293666646653,1.866855485455177,1.7414154302888745,1.069873458686229,1.781011667979607,1.8888030789276118,1.5,2.0,1.0,0.1,1.0
2.3665263548101887,2.8074996720804446,2.8390772786989467,2.496252820742904,2.5793503530553323,2.4157294831325693,2.1360837640579726,3.066671046260889,2.819249411054294,2.4388433918903702,2.3923844232421505,1.5,2.0,1.0,0.1,1.0
-2.0710413644655143,-1.5933324949666516,-0.7190391598268411,-1.0162742468343118,-0.17275552406973194,-0.5548956476885452,-0.6964709321926275,-0.5700080026559445,0.8940853069033263,0.5968498157686914,0.5249344937794433,1.5,2.0,1.0,0.1,1.0
2.688185191955487,3.411765560019993,3.0478294119149822,2.2008431476631922,2.7369636006290667,3.2436371298138758,3.950736284443307,3.1088942968947486,1.9960103749305753,1.833392886399499,2.238277190606308,1.5,2.0,1.0,0.1,1.0
1.851802615490328,1.171044718940379,0.11442913935840937,0.5959156108265254,0.6716450620878328,0.8846904029564533,-0.1595259120796938,1.1594203867954653,2.608958223084024,3.287254487309059,3.7114577244201326,1.5,2.0,1.0,0.1,1.0
2.113120856549508,2.9953621285017604,2.9322901060332147,2.9624782901422946,2.28844336515947,2.135174194436654,3.4087779617076444,3.7394596831803617,3.6196004054305484,4.873585845782031,4.5517438050839445,1.5,2.0,1.0,0.1,1.0
0.21321911291874174,0.05244375265851198,0.4988512253016867,0.5103230302690197,0.4587447851227337,0.7621573620991898,1.914066416887298,1.0312638503207967,1.246688568822528,1.3816375275078852,1.4800310702525477,1.5,2.0,1.0,0.1,1.0
-1.4383452034954671,-1.120276859612891,-0.8761084980566596,-0.684435774555966,-0.658650186896327,-0.06696304743170661,0.1314353447868972,1.6396492919576588,1.3796483807362223,2.076061522609496,2.4901820900133678,1.5,2.0,1.0,0.1,1.0
0.36486799787363083,0.5727540792128909,0.43739929951347256,1.2046187588843407,1.2778489915569673,2.1579282644024507,2.463528167871451,2.4540506622234566,1.7563300255016965,1.016548467667712,0.11541295482602765,1.5,2.0,1.0,0.1,1.0
1.9362507784404825,1.287288555942366,2.111661251984619,0.496572039129332,0.3525781501361141,0.46941881961340887,-0.5401537863004018,-0.4666184131257177,0.656518744353408,1.1063346750355347,1.1025406366457717,1.5,2.0,1.0,0.1,1.0
1.4790571510394088,0.1895652347525021,0.5266147290665054,1.078490732177158,0.986925772879732,0.06805191220996298,0.2297032000530861,-1.2292890555125946,-1.6889800585451789,-1.2679211975835967,-0.7343163360198441,1.5,2.0,1.0,0.1,1.0
3.272057021659055,2.9979561344286214,3.141088466314054,3.447109154107487,2.364556384737163,2.2267512195168107,1.3657834998095026,0.8142747604911649,1.0257503814567572,0.5883040695456673,-0.34105011882140157,1.5,2.0,1.0,0.1,1.0
0.5559221402783934,1.8841619770840108,2.293917988301103,3.0363330015256382,3.377317485670944,4.311672428127373,4.8627190179437765,5.176877802123336,5.83130588241825,5.580218929369135,4.777280123690023,1.5,2.0,1.0,0.1,1.0
1.1628411708688042,0.9553524381881331,0.5032252935374786,1.8839944562734692,0.5975485180400653,0.507480787569744,1.138619679678094,0.23929770438506037,1.5705741968790292,1.2963374423202194,1.6984442990994075,1.5,2.0,1.0,0.1,1.0
2.222344453101506,2.8528728918969226,2.8428573047762082,2.8351730939401985,2.472593516716582,2.2459973542002456,2.6776214543651164,2.0889316163794573,2.505710197076658,0.717889454467679,0.5161442796796077,1.5,2.0,1.0,0.1,1.0
0.23641827653016304,0.4084058935899324,0.9020336315222841,0.4948207098386506,0.2934273734951149,-0.29523884418555024,1.4135163810959095,2.423760582717059,2.678043986938193,2.693492707742174,2.659868073139307,1.5,2.0,1.0,0.1,1.0
-0.2769065481141382,-0.13201077912478607,-1.0756268893889975,0.23231703331215803,-0.3354957837718814,0.16999496735351766,0.08474029575439898,-0.05592876516829173,0.7784991424646386,1.8355339457417204,2.142447565968517,1.5,2.0,1.0,0.1,1.0
1.0492448630570088,1.9870340219330498,1.5344082644113306,1.1181205279434447,1.0334680801064953,1.0731180216749636,1.0269643202911094,1.5010895734380771,1.0274995707316728,1.3886569998179121,0.4121501022580071,1.5,2.0,1.0,0.1,1.0
0.9522979539563061,1.6179332441027832,1.9803684058766384,3.206418086153067,3.3858035206954615,2.6676138810293963,2.434694276229181,2.7530612838029045,2.8653197927112903,2.331879171047235,1.836444387712717,1.5,2.0,1.0,0.1,1.0
1.891102821168899,1.3602602926485714,1.559414037799723,1.7340977327265539,1.225208568820468,1.1812925843921869,0.9563477440225173,2.0465941725524717,0.6479899152444271,-0.20686044770566758,-0.5027294778118254,1.5,2.0,1.0,0.1,1.0
0.9549673451614169,0.08066866189456334,0.2680628820178974,0.6585040183189352,1.4052029260558636,2.4484255639618824,1.314710079428156,2.5361959070982127,1.8363391868407124,1.5823635419267077,2.3768821046863886,1.5,2.0,1.0,0.1,1.0
1.8254913863312894,3.5790673271049087,2.9572584169340184,3.203821281496732,3.5460132609854274,3.0148831538944156,2.8228422932889394,2.6744803155393804,1.754707737483928,2.620824411350769,2.0256284086474707,1.5,2.0,1.0,0.1,1.0
3.097302912984487,3.7117726536859132,2.6767001090788654,0.46017927900717437,0.2626413267880052,0.6387388468376607,0.918680758434033,1.4579800584231364,1.3158276781807885,0.9736116792915253,0.9619380766812143,1.5,2.0,1.0,0.1,1.0
-1.4711384754622225,-0.3942395280991081,-0.5035050387763448,-0.3771516922918653,1.1752791589127565,1.5906804218955604,0.3299582613546561,0.14561602884883623,-1.2517264326801079,-0.994725405153321,-0.29088338482397097,1.5,2.0,1.0,0.1,1.0
4.210404805892062,4.0060827458432415,3.863646847811575,3.3125619806514877,4.783685373648664,4.928948579867681,4.733768863089035,3.8525997991513448,3.906717600443734,3.671413643842751,3.2787036255893867,1.5,2.0,1.0,0.1,1.0
2.2793988270358416,1.8603711437513817,2.338955552764618,2.471004575936969,2.946251394116782,4.291248388145818,3.956111339441585,3.2820621455461256,2.52397713697188,2.9017833361439953,3.171034749310289,1.5,2.0,1.0,0.1,1.0
2.745505476718118,3.178619784734426,3.5112103919459425,3.7364835522727726,3.731798771842748,4.8291931520123645,3.623869357329177,2.7385180252011105,2.282386274329983,1.051044434710727,0.6035948865138316,1.5,2.0,1.0,0.1,1.0
0.13917383286017745,1.3429674451293403,1.0542391206671307,1.4259191648207552,2.824491884839208,3.611446610324313,3.6052013458913983,3.1270817895328764,2.5455860046380305,2.2606196525328652,1.1966474874866782,1.5,2.0,1.0,0.1,1.0
2.4388304560745584,3.3336264898351655,1.719021468811202,2.0008943207352208,3.4343198615083326,3.3543134994012043,3.234398471947278,2.603568323961009,2.2733082488587795,2.3307931507702526,3.519302443777922,1.5,2.0,1.0,0.1,1.0
1.5420222846358138,2.004866575176938,1.1647292838663468,1.925554612619881,1.4405043810233744,0.8865864445594177,0.9221534881204069,0.7744265962536292,1.4374400643279175,-0.5065561670372882,-0.12234189635551959,1.5,2.0,1.0,0.1,1.0
0.900514535810481,1.7883808747191765,1.5618509971985088,1.5802216803522142,1.5133350166288246,1.4164862097500288,1.5042582041962687,1.1884013813163337,0.972428253398452,1.0345985263227366,1.3658771627764796,1.5,2.0,1.0,0.1,1.0
0.6318538778884742,0.6519448172192526,0.29212665002505844,-0.30192747858744806,0.15733965328138735,0.019912271302578832,0.5002733459173647,-0.457825219750986,0.6281941548709578,0.8431660087641655,-0.4662047726736984,1.5,2.0,1.0,0.1,1.0
0.09928673802185152,0.08655945105367102,1.0430536724142245,2.1990041129933084,1.395418285552913,1.6781372555372447,0.9038328346161791,1.2063204416407667,1.5520999238651503,2.6653665773092827,2.81682833859484,1.5,2.0,1.0,0.1,1.0
3.314243739449636,2.933203163986185,3.2419680564151556,2.8520244453493997,3.03775000691966,2.675079108887816,2.8343950139752554,1.8395731750278186,2.5454045312894036,2.3463511010959093,1.9870172020317851,1.5,2.0,1.0,0.1,1.0
1.3446629060489264,1.9740749596252747,2.7475344607140544,1.9035481649084791,1.9125755389006924,2.3249887391781945,1.513423036713017,1.723524700457563,1.8422967800339198,1.6610066231681955,1.7891849435719511,1.5,2.0,1.0,0.1,1.0
0.5203031231148266,1.6431870881122626,2.8848897743200697,2.8674494084293007,2.981604391440876,3.3753467715176018,2.6756386129914693,1.7092247288569782,1.4110408010573536,1.4365405297226441,1.4707147597554782,1.5,2.0,1.0,0.1,1.0
4.06791378601385,2.524489862475435,2.943069652777738,2.2173687623976086,1.7799785754322803,1.0261768433995107,0.8349690914454877,1.4721848119293006,0.6747212598475335,0.23090732891911603,1.1642320345082668,1.5,2.0,1.0,0.1,1.0
0.2845306281254126,0.4658654600337711,-0.4595446984908893,0.1607730736327705,-0.38116798129013285,-0.6532349928842787,-0.6852482840590245,-1.0754249159665472,-0.9947353123923214,0.3228333851218177,-0.25417367619807174,1.5,2.0,1.0,0.1,1.0
1.7561326752928283,0.9683445753588578,0.897506881360108,1.129476119546558,2.3935707045740395,2.4850962284277105,2.26578211667993,1.471524854282162,0.44719449558261215,0.6985976940100904,1.1295614495943451,1.5,2.0,1.0,0.1,1.0
1.3546237776006524,1.5758868608546042,1.9579120367181435,1.7372551107825227,2.686819112198722,2.5486829843438046,2.741158015443534,2.8331457258066375,3.424701618763612,2.5515112001387013,2.1923332351788436,1.5,2.0,1.0,0.1,1.0
2.3778974731157208,2.818871831503043,3.3840839588357667,3.2016639025214584,3.41299601676576,3.354935434272309,2.7851533638847963,1.9702530801128328,1.8045727761174453,2.2086258524254982,2.4064368138945595,1.5,2.0,1.0,0.1,1.0
1.0699115513465445,0.7057650510572311,-0.35015505636877187,0.7438989216231905,1.9646168239153408,2.790811969755758,2.474323224840373,2.9706893809207484,2.0012389467503002,1.8252686448726683,1.974334485019792,1.5,2.0,1.0,0.1,1.0
4.454405881592371,3.2691934471406814,3.160792882845993,3.0793487203508554,2.546240276590496,1.9696581978098213,1.2077229357813917,1.0545143009540776,0.8652357432492497,1.9695945001411805,1.9517168812621946,1.5,2.0,1.0,0.1,1.0
2.9322830858589466,2.717876349621645,1.9382946447187148,0.8270044730498165,1.0036662555675493,0.3002414618372917,0.5517125313704087,-0.381560351212458,0.15048591825023563,0.26754960025754276,2.1379996964325856,1.5,2.0,1.0,0.1,1.0
-0.3557981200724341,0.1870914487075593,0.317530118378594,1.266103941812313,2.1265188827055796,3.0951865624460924,2.7023587195396455,0.7681188838119795,2.2715356378533267,2.6763756682993884,1.7808260300616636,1.5,2.0,1.0,0.1,1.0
2.2581548578372854,2.2421284847683935,2.680070021990237,3.1733543644020794,3.3213716375875575,4.384477636265513,3.4568628617427417,2.742223396352379,1.8842652162399367,2.005066106048527,2.564173780559061,1.5,2.0,1.0,0.1,1.0
0.5235075039550386,0.6943519125637472,1.420409857342094,1.3228107160827047,0.710691085852698,1.4788737941065961,2.388913527512328,2.619727077874858,3.217942034369733,3.8085014492201528,4.517912421429353,1.5,2.0,1.0,0.1,1.0
2.5228889660953606,2.0617196647282423,2.537987962988179,2.7948866969339274,3.0039187360706965,4.004597562925456,3.4817988606502723,2.882307175247295,2.2715366790544125,1.5142458730247623,1.2132156421682858,1.5,2.0,1.0,0.1,1.0
1.2067372630084745,1.3576080653012912,1.6727029533632984,1.0388546502550606,0.6738320759160397,0.7664984973108756,1.740135680618589,2.6464856038829137,2.2998741418926065,2.160181516654651,2.0156560762247078,1.5,2.0,1.0,0.1,1.0
0.2708342317863373,1.0888872929083022,-0.3949210024351859,-0.9280950862034625,-1.2071444452423354,0.09612877743998038,0.5232744822410087,0.8888093293544729,1.2270897166672368,1.2732773283816132,2.044027379139401,1.5,2.0,1.0,0.1,1.0
2.328738625291396,2.168841657434953,1.986528865032457,1.8020677021616185,2.113600507006877,1.4502482603543507,1.13375510246747,1.483521175483499,1.2531568456199298,1.0577054005990694,2.044839533368667,1.5,2.0,1.0,0.1,1.0
4.663378229290957,3.851246971121845,2.9333755196858498,2.6843314042700883,2.6866402104436067,3.3088946732176314,3.047408198861359,2.1252845413266614,2.3629359965207835,1.7204704141538265,1.1991300333665316,1.5,2.0,1.0,0.1,1.0
1.8699700208884114,1.0531464573360592,1.675439225273156,0.4227813891901815,0.5835408194105213,1.519059429378014,0.8966350171643942,0.9591093937384405,0.8782468007042665,0.871409749330777,0.2075569894953172,1.5,2.0,1.0,0.1,1.0
2.943127484203827,2.3951895138008683,1.5101391099124406,1.4300958067849692,1.45250409169658,1.1631663491711988,1.243685950956067,0.1219163082758774,0.7211852059084043,0.34410587109423374,-0.4745408991628453,1.5,2.0,1.0,0.1,1.0
2.082707667122363,2.809402580526207,2.9586637530347994,3.271459656809563,2.6423414314927776,3.3379368600463346,3.8030762363118695,2.8558279587960276,3.402049987915823,3.745347361187999,3.497826723366424,1.5,2.0,1.0,0.1,1.0
2.033556464091363,1.4742003399965082,1.4697309052913514,0.9577207978768979,0.8189726628342008,0.05072641945066081,1.6372830164043972,0.9194213166130103,1.955352126786619,0.8326646007283052,1.254982814748039,1.5,2.0,1.0,0.1,1.0
3.074819319746664,3.0267133105078803,2.3404317023148087,1.8592479091197767,2.703854201712004,2.3361995414756858,1.9199477914858973,1.9651925648797337,1.74074991465786,2.6023381504326686,2.61989131081135,1.5,2.0,1.0,0.1,1.0
1.0055469400398307,0.9350259021897248,0.5733416326844087,0.8210473529576229,0.9694548013603994,1.7062949287154816,1.4774448531141622,0.939984490021017,2.197699799524089,1.351347132918908,0.6605797692102582,1.5,2.0,1.0,0.1,1.0
2.1131499682110473,2.4724701368008906,2.536241559626464,2.8356753497568232,1.7564363590743834,2.5760316240126775,1.832998210287926,1.2561138788854511,0.7703700714807252,1.2153956261895462,0.4949022032740702,1.5,2.0,1.0,0.1,1.0
0.25827484495753134,0.6301677279554696,0.6137050485318714,0.8668235269597491,1.0139572999706943,1.7556149073429848,2.1109653230125507,1.8251388658751106,1.940322356058024,1.4213227933276182,0.6697784302557671,1.5,2.0,1.0,0.1,1.0
1.4501276618225036,1.7278067555875039,1.8389354494042256,2.1126377508811083,1.6736296311703505,2.0938987375500733,1.773886140758294,1.734519928336584,2.1312919435604845,2.0649606708366464,1.6608580759799847,1.5,2.0,1.0,0.1,1.0
0.9258138255407684,1.9228126716241851,2.3530387734850287,2.913465318291479,3.2660280158410444,3.4299750484036284,3.149080946187045,3.6824884376249067,3.207394472549604,2.3737544278200153,2.129225924739921,1.5,2.0,1.0,0.1,1.0
2.7297958810982714,2.931231864923255,3.383748715952871,3.437200876780524,2.2514832790037818,2.458077140497537,2.7184820370115874,3.1361743812561893,2.4232447398263948,2.5973462433375953,2.8283858814812475,1.5,2.0,1.0,0.1,1.0
1.0297150564230406,1.6471580607651615,1.58605590931457,2.2851459603115174,2.457821470638678,1.7342206487029381,1.7023916538082908,0.35991729989504395,0.49331215022012603,0.5952449922048648,1.5762245655816565,1.5,2.0,1.0,0.1,1.0
2.617784722722604,3.066934480730663,3.045627569642186,2.3271732812526196,2.3751351633763855,2.795526429383421,2.848118873754477,2.0495202056462016,1.4978962974413579,1.7279972357672497,1.6571980350328719,1.5,2.0,1.0,0.1,1.0
0.8629584545864473,1.0917025195037535,1.268669984524619,0.8160092395599834,1.4007258505905782,0.7874231855153347,0.720554026503843,-0.1547960502118214,-0.09350406022560458,-0.053981985790691106,0.151348203913761,1.5,2.0,1.0,0.1,1.0
1.1157202002643032,1.1606026043978743,1.1218696019388346,1.995177810952753,0.82789211357289,2.0045091558860193,2.6288767205795294,1.3201770920872298,1.5344766459224095,1.7269452882898477,1.9772934912798896,1.5,2.0,1.0,0.1,1.0
1.242602212238383,0.539328302736694,1.226309181142624,0.220955710620808,0.4862951850520695,2.21357290026483,3.1968003805621303,3.4484788380936497,1.8909772017550721,1.5375809139116428,1.7545193370641894,1.5,2.0,1.0,0.1,1.0
3.6373573862957502,3.0362371113066287,2.4385669508407215,1.452531709946126,0.6417894411291556,0.024386592224523662,-0.1612974012170341,-0.026652226482943693,-0.4673539289697145,-0.20739451356100588,0.008611307226146059,1.5,2.0,1.0,0.1,1.0
0.7314193660138689,0.46558143670864777,0.3083649399537758,0.8090720003366186,0.5130934334285717,0.6016618890257891,0.48081810539294567,0.4192866934068159,0.3995894182194385,0.2541692806286896,-0.5672278058038275,1.5,2.0,1.0,0.1,1.0
1.9521926253093445,1.9965835261645628,2.9070159307965104,4.190279485938943,3.5516389948982794,3.9695460270467473,4.384755770749785,4.612840011134838,4.508131821907889,3.507752174000768,3.572640098190498,1.5,2.0,1.0,0.1,1.0
0.6906092075758024,0.8626975026761939,1.3468221956672775,1.1302496801218085,2.5078783580954793,2.186086760006749,2.8116232873514355,1.8867025502887982,0.9369747972442308,1.4519184155546712,2.047156501913947,1.5,2.0,1.0,0.1,1.0
1.8565626369132266,1.6081679241362048,1.4533656625698341,0.941647202832892,1.277170795387259,1.1931370369483556,1.5959610173278869,1.3491405251694162,0.8718757436896414,0.284552667879572,-0.3018931906821269,1.5,2.0,1.0,0.1,1.0
3.3284903699600132,3.407971029236218,1.1545799417749194,1.4970853941003672,1.20160909597594,0.6981875741597715,0.47474452317478577,1.653520420840993,1.6692189538766478,0.44911536939962393,0.36607919575920245,1.5,2.0,1.0,0.1,1.0
-1.0124899637796416,-0.9018253031683274,-1.2430080130651184,-1.3943712564770605,-1.3804184787290859,-2.0155892093465684,-2.06885146748796,-2.476148873427368,-1.9508516226561126,-1.4471314833471134,-1.3823085935273498,1.5,2.0,1.0,0.1,1.0
3.9490619231532524,2.8206717604724645,2.996040581650843,2.7659382382576747,1.664796928670321,2.4532046685641515,2.9453096621372357,3.5560943559272133,3.8001895585632086,4.705821310599868,4.4455790010256,1.5,2.0,1.0,0.1,1.0
3.7091920130317364,4.196177344231098,4.414151226913005,4.425668909704166,3.9254623508331403,3.6821138970521177,3.4332002934108234,2.152053862808337,3.138437415264737,3.2527861659604795,2.915981181146239,1.5,2.0,1.0,0.1,1.0
1.614082311704828,2.3792311753593363,2.4639199214657093,3.5291885696086913,2.9021115498744106,4.530909439956003,3.585115192605156,3.9164420958817634,4.457862258104182,5.26030615030181,4.77589611836806,1.5,2.0,1.0,0.1,1.0
0.5767065112786586,1.1230096003032703,1.1129445011979016,1.854179218894964,1.0789388392488164,-0.1275420726208294,-0.11134012758992193,-0.12071082306391562,0.2787573681359522,-0.5480362777546745,-1.6222568390972416,1.5,2.0,1.0,0.1,1.0
2.49839667741959,1.9578679061503648,0.5944741907033158,-0.6060318161678447,0.0015056406032481484,-0.4960050883276841,-0.40870715189535256,-0.8071965554533773,-1.4422978233072845,-1.5905637242700412,-0.9919179097667881,1.5,2.0,1.0,0.1,1.0
0.5240958802594105,-0.014827137885561448,-0.25928309491188195,0.6230604282589658,0.9122979493372944,0.4992050861118294,-0.025971864267090083,0.48849635593033214,0.15242248667236163,0.5001767973839593,-0.4884094826866179,1.5,2.0,1.0,0.1,1.0
4.111304592441287,3.7015322917067808,3.4153857793370808,3.2121113192730797,2.9638212868677405,2.872046432751558,1.8028849581395896,0.9443608051285198,1.3663047149722225,1.1581320476035852,1.6666985987315062,1.5,2.0,1.0,0.1,1.0
0.0498133592131559,0.26995173902235664,0.6550608462044958,0.8055173654217376,2.6636856073040573,3.6248448650372023,4.149547121091172,3.5813440260432605,3.190120919570503,2.408724656434918,2.0980543231282023,1.5,2.0,1.0,0.1,1.0
-0.9832909945047383,-0.22652705081836977,-0.2830601187290558,0.4218077771180119,1.4214810706641723,1.6733858649240738,2.227646752788504,3.3494734471572745,2.8810454892614397,2.375131194809148,2.1840882394923486,1.5,2.0,1.0,0.1,1.0
-0.9695195402252109,-1.2789053512392972,-2.034831483544295,-0.9737593235906284,-0.8462115026106132,0.7608205894381697,1.0353786350701015,0.03215406903304885,-0.04110002841321625,-0.041619065951846335,0.3754739822058743,1.5,2.0,1.0,0.1,1.0
3.357092994296517,3.943382265060863,3.9510593566339236,3.9644302682536074,3.799300097361474,3.5541122666802862,3.210758618079321,2.6688956980616756,3.5887452880855513,3.8481359310179037,2.8728685870472477,1.5,2.0,1.0,0.1,1.0
-1.1493596680251201,-0.7858127698431335,-0.7438103855592093,-0.6929519414603456,0.23135687767994229,0.7438387487599762,1.6213427249931538,1.3160772909452196,0.6864316698092711,0.8566948685573043,0.3697170473722178,1.5,2.0,1.0,0.1,1.0
1.6289017991260606,2.563801887128375,2.105976573961677,2.8126576357893724,3.201073611570625,2.740263860240729,3.9418964013876727,3.6300865737263925,2.62682084955067,2.562532138622787,3.0763858443517558,1.5,2.0,1.0,0.1,1.0
1.640018786775976,0.7531238552792265,0.2853265002783436,0.06512199201804358,0.9872179996165971,0.3240375183129097,0.5746564861739285,1.1021569883611169,0.6551223774713242,0.037886075956137244,-0.27962774634985543,1.5,2.0,1.0,0.1,1.0
0.9662928182821489,1.2563253302423043,-0.16708864295324588,0.5538369004982204,0.8003811503920693,1.5949286886747482,2.543934345401248,2.325715931085233,2.883823597664938,2.9710058458204256,3.6199281641127334,1.5,2.0,1.0,0.1,1.0
0.45361622933067697,-0.11700891451398243,-0.17832466314999054,-0.001866387864640882,0.5670553937906935,1.1394756387946294,0.08695505175211604,-0.035300410927569525,-0.2102087457932243,-0.39813920696981797,0.33654737630749754,1.5,2.0,1.0,0.1,1.0
2.494691852677548,1.7888833873164918,0.7008141699940946,1.1942075881341627,0.6498610208519187,0.9290245393653039,0.553840422246916,-0.2206592327495226,-1.0217750398162528,-0.6448029887082875,-1.0739390531415567,1.5,2.0,1.0,0.1,1.0
0.2928431350098368,-0.04011192901532623,0.11158057130922364,-0.020332808890516918,0.9838506030988061,-0.27383666805159934,0.05668544198131423,-0.5340922287851497,-0.7239164280312763,0.05444409422067731,0.7920656382713899,1.5,2.0,1.0,0.1,1.0
2.7400545633783207,2.9708086383880294,2.101663513758059,1.8438591641798212,1.6276450149510218,1.2101052278623303,0.5170244555163053,1.8080339236031695,1.7598294742484508,0.5154166985214688,1.120864185310478,1.5,2.0,1.0,0.1,1.0
2.8446089139484814,2.554209571050758,2.77808678088581,2.390006741052191,2.374421221428608,1.656220798776229,1.1805068001363614,2.1751174214522235,3.0883246864555636,2.2504256416094637,1.9795731371595442,1.5,2.0,1.0,0.1,1.0
1.8743152450501963,2.0567384933488073,1.3529013291348122,0.9835712120704352,1.1883751265730353,1.803675325808141,2.310066245536225,-0.5642122494192763,-0.2265344626092382,0.7194838247852351,1.9681185243623638,1.5,2.0,1.0,0.1,1.0
0.0832472727557605,-0.024338238901127324,-0.5179030055253601,-0.8393491035721812,-1.600552974447594,0.6656640008491537,1.9063922676069502,2.9521607853197898,2.5482487512663283,2.425049426878404,2.491577452761538,1.5,2.0,1.0,0.1,1.0
0.5286814064710402,0.3323672286868022,-1.1630790448616368,-1.043564674139467,-0.9457088290585085,-0.72111324003382,-1.3178958644961754,-0.8786836572976303,-0.4538827571859041,-0.3500469347762948,0.3474839608022301,1.5,2.0,1.0,0.1,1.0
2.310755812131128,2.799158964788699,3.51938956057642,2.703278875702455,2.7688215673794336,2.824669436238987,2.95222504390718,3.846004843128216,3.2364889919000817,2.6111936150573483,3.074396105393336,1.5,2.0,1.0,0.1,1.0
-0.14199608691088927,-0.12127061920711221,-0.29120089155807016,-0.4265516493694376,0.4856728142523337,-0.302935001840407,1.0412466131971998,1.471513905131514,1.8565527897155016,2.3660549395891133,3.9020333753972225,1.5,2.0,1.0,0.1,1.0
2.1664374927845196,3.3355658148633505,2.3817141562131523,2.3678710462992822,2.664143138788262,2.0694717759162877,1.3284020497052267,0.7481359071972067,0.00012885818592045517,0.3369277404226816,0.46428460728709015,1.5,2.0,1.0,0.1,1.0
0.8170682486976244,0.5137496277826099,0.14939133189096454,0.43068792252107624,0.9476378239430713,1.1236202302829006,0.554162582058595,0.22829176347397123,0.39049656653954584,-0.03088750074146751,0.9427005608165016,1.5,2.0,1.0,0.1,1.0
3.3970384139150354,3.151632834552978,3.527995082126097,3.9214630888219935,3.7170853164123083,3.56881191677515,3.3688211150006904,3.854195157856286,3.816379592559265,3.3434023930536654,4.4809336888494595,1.5,2.0,1.0,0.1,1.0
-1.547939450550951,-0.47359499214090006,0.018117054504935115,0.17062682661953904,0.19111724935041824,1.8022585640640174,1.8057288093463133,0.6764080752363282,0.4068367871181379,0.8098357977294189,0.9438692556801455,1.5,2.0,1.0,0.1,1.0
0.9719432881761254,0.7366419796565253,0.9281620992438574,1.0890467022788206,1.702077152562918,1.4333011232099098,2.211783836963834,1.7432927948283967,1.19933498108681,1.0236670868394409,1.2550807291534258,1.5,2.0,1.0,0.1,1.0
2.675201942099611,2.4335966819282357,1.893888912780864,1.5766994123760845,1.9215493067167553,2.316003266812978,1.853792992095009,1.5167244320360571,1.5368351919140484,0.7592190025344043,1.285900611970205,1.5,2.0,1.0,0.1,1.0
0.0952695754237493,0.5047093011458497,0.8092061162998034,1.5407853872206148,1.0900396874831888,2.029699593086506,2.2400393709176707,2.550360104394929,2.3335546835886234,0.4385779414980444,0.36283162770025035,1.5,2.0,1.0,0.1,1.0
0.498546605957657,1.4939964076548249,1.2983735811571078,0.49455790920303044,0.6548259920113378,1.2790815263593804,0.8037040576048138,0.760125366767191,0.12608144310183655,-0.09461771915299955,0.6153195576348964,1.5,2.0,1.0,0.1,1.0
0.43722991434388947,0.5788413949206147,0.10486804913609571,-0.33343649107622125,-0.5663099126347133,-0.4952433740260691,-0.8826612478999529,-1.389517226063225,-1.6699397332005566,-1.8191207530551625,-1.3704514829209957,1.5,2.0,1.0,0.1,1.0
2.6829273267011806,3.771184099472552,2.8545922602171547,2.4256276297766775,2.051307336383621,1.6396662310493673,2.5542637431307393,2.178474422713733,2.3406633901962612,2.5867848019516986,3.196688017664588,1.5,2.0,1.0,0.1,1.0
4.353255145108281,4.210268345964187,3.305154280486082,2.65150425232191,2.596965737702299,2.8247141813410694,2.0716950627349098,1.841197260354383,2.284172167163683,3.4729769590081743,3.8959094822792135,1.5,2.0,1.0,0.1,1.0
0.20128696545150693,0.49565640392007393,0.3972910279068077,-0.7111715785031716,0.05850765628978749,-0.21710862785425436,-0.16123934938102338,-0.37214528705696004,-0.3321456558855568,-0.01783235560746252,1.1774285455750593,1.5,2.0,1.0,0.1,1.0
0.5013218838402917,0.3226880211389471,-1.1315941329704908,-1.8410297472083177,-1.5169204214540997,-1.9086086068402945,-2.251773916869521,-1.5634490083620602,-0.03317166351296197,-0.7349907306310886,-0.025389645038017217,1.5,2.0,1.0,0.1,1.0
-1.6716848354863838,-0.4754504256032799,0.22071943956294826,-0.15652375352884884,-0.3471389673713549,-1.8464144095597605,-1.0072128185565787,-0.4375295842051368,0.040339010346838095,-0.3001040596252488,-0.8753701192655086,1.5,2.0,1.0,0.1,1.0
2.392747457626697,1.8595932571456173,2.1712015199721333,2.1699305295677744,2.721837724787843,2.6331944083304806,2.4300598010145316,2.8689360885158455,2.803786749431787,2.954269597181762,3.537946878061925,1.5,2.0,1.0,0.1,1.0
1.6175213709986105,0.07068250323117642,0.8501926985810125,0.33212521136851425,0.8128627286078245,0.2406676948775448,0.12861003960569384,-0.3674499697335919,-0.751077749043735,-2.036003606993913,-1.1076617376699316,1.5,2.0,1.0,0.1,1.0
1.5063981890181248,1.8521518027076351,2.5058952448442464,1.9712382627231055,1.3175602421665056,0.44414018164671376,0.08119172400626057,0.43141495767476007,0.710407392915854,0.5803971786266858,0.16642422054282924,1.5,2.0,1.0,0.1,1.0
2.5171299648981345,1.240222263841862,-0.08927058864444337,-1.0443868259632754,-0.6186091975978155,-0.5297026455285241,-0.4047593316349555,0.15894350430418203,-0.37480583392565003,0.4388916038372641,0.46123128903049,1.5,2.0,1.0,0.1,1.0
0.4920671842069252,0.43768604221160373,1.1202705238036779,0.7787994356843928,0.9365641372789077,0.7685490611258264,0.02184168620843152,1.3409480507431981,1.8361359533890702,2.803693561889387,2.9175357957425265,1.5,2.0,1.0,0.1,1.0
0.9802839460680378,1.8352643374788833,1.488719288245301,2.844764755219555,1.9940083299515692,2.7719061483880134,4.034750658532538,4.43986174317719,2.5607911060454045,2.7192224195314436,2.6713218853161984,1.5,2.0,1.0,0.1,1.0
1.5090253322347387,1.969605977640921,1.7627693372823758,1.1169310289307082,0.7882027679434727,1.1277861367779605,1.1346559040699589,1.7885410361755265,1.5174663470511092,2.447078377273454,2.3856941132773137,1.5,2.0,1.0,0.1,1.0
0.09454049449592043,0.7356140457573666,1.4959802061374932,1.6140486271885692,1.116259316148606,1.4828913531538808,1.0430705495635642,1.1087605987607942,0.9694416399472664,2.1772868859580425,2.9035309302086105,1.5,2.0,1.0,0.1,1.0
2.491063818650666,1.5506470452081862,1.9765959655340746,1.4843742133478572,1.573476256477318,2.1674733140971103,2.960923352095687,3.355262419262181,3.3546464347163183,2.7998452495313013,4.385635721391402,1.5,2.0,1.0,0.1,1.0
1.9906121717518221,1.6213737202221792,2.08465517583715,2.5224003403788764,2.0412894778297104,2.573712580437377,1.7996942092683095,2.473861635098011,1.4145438486524426,0.6708203864678732,0.9218765244668246,1.5,2.0,1.0,0.1,1.0
-0.19234564794996503,-0.5785135146995695,-1.0102725275363813,-1.4840038382015448,-0.7626067135529071,-1.1552630326598687,-0.2493080778414727,-0.3625472641037026,-0.3474159370898304,-0.6696878466880968,-1.0287570073439376,1.5,2.0,1.0,0.1,1.0
1.5884436123543713,0.8247474961417562,0.4621738831111604,2.4069957571722735,2.596650879736936,2.7249573399455955,1.1316337242178813,0.8734120323893848,0.34424200340682654,0.9807875239030217,1.3210123764693975,1.5,2.0,1.0,0.1,1.0
1.1840978555361046,1.7582700923930497,2.542317312005921,2.9677600145012772,3.2448978494824097,2.409968052758609,2.0786059515354087,3.4073398464545885,3.8892103530996485,2.5175410969441385,2.8979531950793795,1.5,2.0,1.0,0.1,1.0
3.7772273547301793,3.7741658319777316,3.7250608255661337,4.566646984143934,5.259883502950176,4.7125739272903,4.125586371665469,4.500343632323962,4.114093668332654,4.105336030894708,3.4616908951666314,1.5,2.0,1.0,0.1,1.0
1.4029491328414538,2.661889027056435,1.9937652564268877,2.209966630249235,2.6631966576655666,3.4829158189323057,4.58381944746435,3.962858824529095,3.078887710438579,3.4522877171877555,3.355791400658988,1.5,2.0,1.0,0.1,1.0
0.13631299109630807,0.6785736782451364,1.8059758978423581,1.264414858330556,1.7066578165000066,1.602548265183424,1.9670747411446894,3.121179620268724,2.7390365591675803,2.3736668883920866,2.8975775359900555,1.5,2.0,1.0,0.1,1.0
0.8185582366878904,1.0176696677009436,2.070610063789129,2.5391291989411764,3.4025886552563445,2.8085432643621058,2.8936598913622706,3.342740733780029,3.2239629248410973,4.759615377195457,3.553981099410514,1.5,2.0,1.0,0.1,1.0
2.024745685399417,2.5286014333789204,2.0423924826599547,1.661071865538002,1.6786935347105367,1.804789419973445,1.8823715209116818,2.786574813397551,2.791043027085558,1.8646710566546707,1.3836855102565184,1.5,2.0,1.0,0.1,1.0
1.1214909954968575,0.44833455019376467,0.4774937028945075,1.339353454220649,0.9814815281333797,0.8329362398595348,1.2687826505534854,1.8927452065404367,0.8793958521590267,2.0267786613092564,1.9268261900284933,1.5,2.0,1.0,0.1,1.0
2.2084778405714904,2.074473647498206,3.1446142211949293,2.5890821050681843,2.2273722556070297,1.4870776507620374,1.736068265610942,2.1534068333995995,2.0437722868536903,1.4829887481504476,1.7903003003765527,1.5,2.0,1.0,0.1,1.0
2.5604752664508768,3.0559306375810307,2.6104635090927024,1.928647003183884,3.117212937089201,2.4722154966042895,2.819202327844577,3.5721120577046404,2.643203042775858,1.6894306153271923,0.9067676489620047,1.5,2.0,1.0,0.1,1.0
0.49240835894859725,1.1830522148150182,0.020026426421249965,0.25245137787840666,0.12812523752304852,0.7353487686775034,1.058894003412604,1.3586347480191374,0.9442143178441929,1.2143545044796373,2.307644911300864,1.5,2.0,1.0,0.1,1.0
0.6846302348728731,-0.3995130646496696,1.0955290751286093,1.0666115393077469,1.857031523875848,2.0154396220060327,1.3942599094575723,1.8496865584230633,1.9848053541892747,2.234630163324856,2.5626049251597047,1.5,2.0,1.0,0.1,1.0
1.3169070604201842,0.9220384734157852,0.7679327649607345,0.05078093690063501,0.0824728001492822,1.0981771281503876,1.5925260911903445,1.3308593101915127,1.833495697730097,2.0281683804922626,2.7380957263105974,1.5,2.0,1.0,0.1,1.0
1.440428024841584,2.8502410252035544,2.2718358072759472,0.9387567092209304,0.8422218574586793,1.3060355763466742,2.1690899399320203,1.3910153053668473,1.9959918568041157,1.819352814624684,1.5833165391327702,1.5,2.0,1.0,0.1,1.0
2.3711479119333507,1.5142832496833813,1.029422683917283,0.6745336177951549,0.5217435579457039,0.6427436302593991,1.2057194357965793,1.213231218721893,1.7152014330605854,1.8309414455674742,2.3813645781542507,1.5,2.0,1.0,0.1,1.0
4.698810809969721,4.185984841098016,5.283006993816681,4.55661569447965,4.195420889924789,3.093674810130599,2.650083287516789,1.8931255907161728,2.66102994873311,3.110726386830971,3.59241254472719,1.5,2.0,1.0,0.1,1.0
2.8127498192815823,2.9878459420115884,2.7715616806253136,2.341192525792603,2.3128559107012503,2.1840111638728565,1.8558072814578273,1.5843765191835217,1.7864126002315572,3.136101280902014,2.429739413276799,1.5,2.0,1.0,0.1,1.0
3.4210874789182,3.9347201473858706,4.155448840572947,3.507204244921249,3.57688694412953,3.101378741352663,2.7484609366075525,1.9793777274854474,2.286463306977455,2.82081807839262,3.3265706274954985,1.5,2.0,1.0,0.1,1.0
1.731309283928263,0.09298765311905521,0.08719244306606347,0.5403519690336539,1.6740662599508565,1.0064879515446687,1.2255547849645105,1.637804315184916,0.923184498831466,0.6194370973096802,1.1913323415330996,1.5,2.0,1.0,0.1,1.0
1.7239669591700286,1.9662729330740703,1.3819906073658612,1.8352696813847098,2.5867353992798843,2.2683023271053346,1.415663313938306,2.5621190682078234,3.3275959279958602,2.7238832710474234,2.708669337030764,1.5,2.0,1.0,0.1,1.0
0.7168415376803993,2.1578088520450294,2.4781110439315777,3.0285935264500092,2.642478488474821,3.0166390992591037,2.1052475094267376,2.086660901288085,2.0692512273363004,1.548069065671822,1.4962948829070295,1.5,2.0,1.0,0.1,1.0
1.0024491597898673,0.5749485061393074,0.9115674621941152,0.9239434844036136,0.7161151614206108,0.7627164320256977,0.9770255309851381,0.7801341141143776,1.0919305258807381,0.8127342292592208,0.3887984143075506,1.5,2.0,1.0,0.1,1.0
1.6327793046875299,1.353506575818899,1.425659470612838,2.2909688299226767,3.0049243350499357,2.7933047802662436,2.6784397155233366,2.4089111854987966,2.205912311659433,2.346052274609094,1.5962296461813947,1.5,2.0,1.0,0.1,1.0
0.31033122799669943,1.0613168698509425,0.4695148390694913,-0.2680426012661644,-0.19069649647077008,-0.512747058874009,-0.13753479464544296,-0.06222219435168665,-0.2845349241496305,0.3448079422129616,-0.012728451868221635,1.5,2.0,1.0,0.1,1.0
1.4464714284420745,0.8788998904852618,1.4696162897049838,1.4914491079624463,2.3766864000367045,2.1290126309855695,1.7361460533164046,1.6998702285103968,1.262918347486596,0.2975568276785032,1.0534670043173544,1.5,2.0,1.0,0.1,1.0
1.1693451393307126,1.4560263904688016,1.3969262503443485,1.024074753892216,1.9474537091027282,1.69138083741757,1.1904368659610545,1.723831955148291,1.9543377619890088,2.652436338966864,2.8447961257611794,1.5,2.0,1.0,0.1,1.0
3.5207408508157028,2.73759024632849,3.119734492569705,1.9205918663217434,2.4295049302087173,1.5640253714137864,2.3201115354192794,2.4850941765337584,2.204235404707189,1.7283138896250834,2.6999474542582367,1.5,2.0,1.0,0.1,1.0
0.7752580534012795,1.6042984916994505,1.3318982874626444,1.7298947192719663,0.918272574858122,1.7196967105361542,1.3139162617116336,1.1125979019468002,0.755369909949088,0.6965271448263056,0.5956475181316017,1.5,2.0,1.0,0.1,1.0
3.6696956236034253,2.4829498841539017,2.555253185528029,2.2777587943979047,2.1350682321840826,2.192058024501717,1.4121883632705856,1.3566091523298311,1.7326174225624331,2.3875477179783355,1.8042684828380953,1.5,2.0,1.0,0.1,1.0
2.033641112394555,2.177847067902821,2.396709465277807,2.5198901422750377,1.903797005394304,2.2084772819573826,3.1417244828470263,2.844716139405023,3.0235737262331663,3.39707488976781,3.6248850749262678,1.5,2.0,1.0,0.1,1.0
2.262792172953824,2.3652426673430265,3.3235063112960446,2.477431396600924,2.334138392791047,1.85385212824624,2.18546448061277,2.5477280882564113,3.1598566646217185,2.8913856479233027,2.4750955731211524,1.5,2.0,1.0,0.1,1.0
1.253902895877572,1.4896091376111098,2.501881823889668,3.187688341800392,2.881255874642001,2.665707331500552,2.3914360450553014,2.2235547112474108,2.2502045143642517,2.4082938565111784,1.9295295306062497,1.5,2.0,1.0,0.1,1.0
-0.33246707608385534,0.1093871511213719,0.3303064310033354,0.6955934118802608,1.5291400288066361,0.7444735241533993,0.6224844104314995,0.3948268362839806,1.613743302770466,1.1784362645426647,2.1183382700660935,1.5,2.0,1.0,0.1,1.0
0.8469562168252585,-0.47109731134030264,0.23421430991124015,0.6153123862403445,1.4325610034847784,1.0728376145971459,1.0077665886218647,2.3117130527885106,2.5871071013079354,2.451942026097481,2.3371509710121487,1.5,2.0,1.0,0.1,1.0
3.567379599597506,2.9132166242059307,2.6658077860226337,1.498436233287503,2.071961745691305,1.1979147414959503,1.7208688491923922,0.3366420354213817,0.6971491845485824,1.509721271987845,1.1492924261610304,1.5,2.0,1.0,0.1,1.0
2.903271296784375,3.00722802914854,1.8690553922997388,2.195910594902782,1.457441453398029,2.394944728402442,3.280430458088083,2.6897571877042834,3.272710990077781,2.8089322325100174,3.09444743892729,1.5,2.0,1.0,0.1,1.0
0.8735714677072278,1.246059786915102,2.2666016757803393,2.0648606217404155,1.0180240528173083,0.8733000220786215,1.3941911194129686,1.279489339374543,1.7078964492336532,2.029235699228799,1.0041543489682125,1.5,2.0,1.0,0.1,1.0
0.7656407795888396,0.8593588664193257,1.3698764182662155,1.3025330979778387,1.760671675162068,2.2379421747649677,2.0812413588564485,1.384503981428233,0.8658415763937083,2.634285424259158,3.78975723775267,1.5,2.0,1.0,0.1,1.0
0.2857721670358699,0.08329909608601344,0.5046989803002315,0.7618051629598043,0.9619718300146177,1.5011287818328944,0.81964865620436,0.9984399800412406,0.5450073128841988,1.1390996324075604,0.9369333039592596,1.5,2.0,1.0,0.1,1.0
1.0928848125363377,1.8167463714478675,2.0786692229816466,2.2405727956874664,2.242882058689575,1.922224678257174,2.173406221737852,1.4901778067320648,1.6623308901237834,2.1474293161825724,2.6749809497706374,1.5,2.0,1.0,0.1,1.0
3.569157607677202,3.515738247165984,3.5790493535993533,3.3376979876989044,3.343051034194059,3.4515130419891875,2.6633747748456083,3.2321086144541686,3.5207759114320867,3.074703059252177,3.8766003910177558,1.5,2.0,1.0,0.1,1.0
4.5186439782476056,5.168701260427821,6.0734497554663225,5.52741174069417,4.757185821230685,4.451238863147881,5.108439263974203,5.6434845458701055,4.606364764245828,4.126096617236227,3.783081799578296,1.5,2.0,1.0,0.1,1.0
0.9802535047209034,-0.11646295352774572,0.41602015417800625,0.264599270403768,1.0148372757213726,1.2374657189811638,1.2369715980382625,1.2115552457982162,0.3071591268531856,-0.6344407980657157,-1.4298596432027448,1.5,2.0,1.0,0.1,1.0
3.3208140340541803,2.976252215633648,2.160839859553849,3.2856623278665564,3.991141095843829,2.9180729777915895,1.058783188468259,1.727184820752253,0.7435181944635908,0.6040971181216432,1.1661130668630342,1.5,2.0,1.0,0.1,1.0
-0.4633486386150522,0.4678393085896512,1.24204074551506,1.752976960043458,2.3397224225796003,2.0350445214992865,1.4084319778117376,1.4847658153792218,1.4963118752549072,2.003616861393253,3.183183223045552,1.5,2.0,1.0,0.1,1.0
2.7636177384404306,2.5538458724459274,2.3996578290052026,3.1588085486379045,2.6022859256883315,2.6111623816570586,3.6177486681646407,3.1135474865268837,3.355490926776659,3.0718325578802967,3.7365272971446974,1.5,2.0,1.0,0.1,1.0
1.6693664317595887,2.3388576284806257,1.8826338592957221,0.8399799714579539,1.7785315969286246,2.0654425413335105,2.2636336466793763,3.0281796826832252,3.2475862997375584,3.597783798143085,4.3468873381317295,1.5,2.0,1.0,0.1,1.0
0.4756726592001257,0.2279494733412581,-0.4838648195756434,-0.684097573599808,-0.9451333169449372,-0.8237355248794929,-0.2129700864021294,0.640299798657847,0.7268725337783694,1.3281072521467867,0.8058227834922237,1.5,2.0,1.0,0.1,1.0
0.029644295654981383,0.27523490361291564,-0.41017935086374346,-0.9548614523985964,-0.5421175119988141,-0.919541745786201,-1.1338446477905015,-1.4541471704595632,-2.1216505353878654,-1.7851450495081893,-1.8844891189904989,1.5,2.0,1.0,0.1,1.0
2.702162870105809,2.373585124653119,2.826304278363826,2.3061451805350535,2.3756752471955203,2.4650305176242107,2.2069146603218934,2.853035772312554,2.16039344061498,1.741691149364698,1.2932005864088727,1.5,2.0,1.0,0.1,1.0
2.762150433605143,2.930285255974577,2.081490156618802,1.6379880503416466,2.3082462033289293,0.9609994800633588,0.4467341700174733,0.5091778340765049,-0.2061017138976008,-0.26549571260755545,-0.6418374331176974,1.5,2.0,1.0,0.1,1.0
-0.26192330236356137,0.060879377567302495,1.4852045387144261,0.6695489738287851,1.075493348194978,1.625750726610712,1.0434292373852523,0.4149651820699184,1.1894304624533354,0.7989179279387226,0.5697913204442487,1.5,2.0,1.0,0.1,1.0
1.3843688435905006,0.2879610006211175,0.43337280738251927,1.6092253024394052,1.198993719363747,0.7453352711633685,1.6571715248996366,0.24765502978548026,0.906258066284579,0.46913393607825354,-0.6433311046711859,1.5,2.0,1.0,0.1,1.0
1.1644731387649656,1.502431400419808,-0.14750093277516463,-0.26071534462866797,-0.03799878486012625,-0.8207653875074721,0.3511899132987022,0.7306896189642456,0.03211054024653337,0.21826461230064292,-0.8608556255485503,1.5,2.0,1.0,0.1,1.0
2.1174139632728086,2.2380645188958406,2.0284293095366985,2.314509109438132,2.0431782104012974,1.773124660570577,1.0755787053041164,2.5623762720273655,2.866302721599727,2.454148557598784,2.735275096089709,1.5,2.0,1.0,0.1,1.0
1.4489370153568208,0.8603590355005752,1.7965271543917436,1.8412815163109555,1.6428420622125397,1.432993971409656,0.8332368146662799,1.1637383664333503,1.140568656195321,0.5732202778551274,1.1600725389264064,1.5,2.0,1.0,0.1,1.0
0.7524234579421516,1.1661975515551808,2.540660690525891,2.1930535175088,1.353542511076471,0.6336408783569051,1.708850775624048,2.268175271832687,1.821459941156045,1.7536123238821677,2.499325171250724,1.5,2.0,1.0,0.1,1.0
4.658146517470178,4.5104731519786805,3.1600477536353555,3.159139754057288,2.3253891267331506,2.0801200212891886,1.7146956047302895,0.7146417246417824,0.2726209084586071,-0.35519973591787746,0.34965999017025917,1.5,2.0,1.0,0.1,1.0
3.5265989494974943,3.6737231163255704,3.004677541018693,2.302703363925281,1.872808771092472,1.7085256639994897,0.894787747327372,1.4631580772234147,0.2863188507911081,-0.21480825458256336,-0.09873437359581591,1.5,2.0,1.0,0.1,1.0
-3.331659667167881,-2.7435154205840893,-1.4757100139262769,-0.2082495858348653,-1.086936892866666,-1.5720599017862313,-1.762993052121682,-1.5644184231839608,-0.8583854437560436,-0.5191553629812421,-0.12890076261728345,1.5,2.0,1.0,0.1,1.0
2.3832768253024375,3.022576587382587,3.138423060297692,1.7821038016788084,2.449990630371058,1.9895914627727673,2.904721428529585,2.864748685486397,3.3164690004630177,2.4649972426618243,2.2718268013791674,1.5,2.0,1.0,0.1,1.0
1.7008233703374147,0.688181774922047,0.7714619988392619,0.15239260467073212,-0.032254987549603764,-0.8542991899560789,-0.8861864640849428,-0.7135926003162641,-0.7164408823442738,0.31268905098374145,-0.2161429497292469,1.5,2.0,1.0,0.1,1.0
2.4889229992316055,1.844202850608971,2.0004962696751516,2.5018200574274028,1.907333442655375,1.6186394941693525,1.5079633343269434,1.8711055264911856,1.8767435374952501,2.1545511166998375,1.7255469418947187,1.5,2.0,1.0,0.1,1.0
1.8886528681532722,1.385363759948751,0.5746699622421929,0.5896540348322852,1.2011381595767106,1.8039358765922762,0.6774494645031519,1.4255330243351405,1.4961988977652982,2.077161588527092,3.2192638684860455,1.5,2.0,1.0,0.1,1.0
2.349310183393963,2.2438728463180113,2.3914188225231707,1.955681547909184,2.140742371063514,2.0646100154383156,2.1393280602906932,1.3726493273385316,1.1372199880784852,1.4226730527879017,1.962774207650415,1.5,2.0,1.0,0.1,1.0
0.35487564308722874,1.4598483636739765,2.147929027311173,1.6232686521790005,1.0161161094003255,1.5250718201197584,2.4293833652370034,2.290624682660103,2.550229164701351,2.3655517926447898,3.919616075880681,1.5,2.0,1.0,0.1,1.0
2.830057598160568,3.5431571144885377,3.04976504654325,3.5012601055143886,3.1211271540213374,2.8181839360778618,2.803044047811544,3.925801481741703,3.0037680546375602,4.206928946647656,3.3873773278981902,1.5,2.0,1.0,0.1,1.0
-0.08556556077274172,0.5820709316790327,0.5722548319522612,1.083506205513268,1.5176602821734906,2.2140788258921735,1.982494720825909,3.2426112285575877,3.263907676322927,3.390379285479847,2.8072469498031287,1.5,2.0,1.0,0.1,1.0
4.381857099006863,3.848255921205528,3.9549741128764375,4.224204081923871,4.061697632103836,4.342284216171153,4.435156841516817,4.2689764198611835,3.6529378048564745,3.407390149524947,2.3338077915675406,1.5,2.0,1.0,0.1,1.0
0.027829453183479166,0.38336368717905867,1.4436816179901304,1.8139702618534668,2.552459636753455,2.2665157361095956,1.8044988308403636,1.6345907631939796,1.8116447520130585,1.9905794026942145,2.0773838789592216,1.5,2.0,1.0,0.1,1.0
3.912128292048747,3.4723879915947937,4.451665557420216,4.388395136932665,4.661139554782315,5.268606894502513,5.494994086857157,4.128831841771453,4.736126258755871,4.544923150289386,4.761692157702179,1.5,2.0,1.0,0.1,1.0
0.8991825296489098,0.5932811833667192,0.8097718430918184,0.44017231447093613,0.9675989492025034,1.547303544000782,1.72346660908154,1.4226213054453272,1.4235047675598325,2.228665303208149,2.1360481892323357,1.5,2.0,1.0,0.1,1.0
1.0620005326641184,2.4049874724284406,2.5436264997543923,2.7513731153856456,2.9242778918766286,2.633656534075539,2.2630190574951126,1.1439271925744108,1.041802066591306,1.186593939691277,1.1579980200791078,1.5,2.0,1.0,0.1,1.0
2.7990574436438993,4.152547435916237,4.561292014631363,4.621848018735778,3.4235922047614293,3.777304663216282,3.8315450668562567,2.9976368676261975,3.075097657134713,2.6976558434733424,2.770351200129108,1.5,2.0,1.0,0.1,1.0
3.8211422677379847,3.1309947073873743,2.5184812622815977,2.663781908559647,3.0825723446629847,2.2026537396880004,1.3507156634639703,1.0435783152562055,1.1501406108177874,1.445722697445796,1.3845118717489435,1.5,2.0,1.0,0.1,1.0
0.8332022639174704,0.7787043450438074,0.5027720354871579,0.6172960547803641,0.514202861650414,0.8543606975444313,1.3257370492378306,2.4632709597982454,3.222190765020987,3.554760685204509,2.1221769167121534,1.5,2.0,1.0,0.1,1.0
0.9950621539040144,0.07108263131927028,0.23875080618159317,1.010550603395384,1.2402844402115574,1.704548989876362,2.214555304969907,2.9340048617697363,1.8889292717496986,2.112336414611436,1.9410928262032259,1.5,2.0,1.0,0.1,1.0
1.0838682933590764,0.7583683143088875,1.117953277267373,1.9232613051019327,2.4245724925865937,3.76804429669942,3.919406157799857,4.550381195624221,3.2335458714931766,2.445029936791312,2.2099629367947617,1.5,2.0,1.0,0.1,1.0
3.21661840981011,2.422267990150034,2.579072027150238,2.375172689659496,2.065982415675462,2.953695928312157,3.7978833837044674,3.8752234949308226,3.679981700048465,3.2911916255770515,4.121736542986114,1.5,2.0,1.0,0.1,1.0
-0.13834717339920413,-0.8225636029321919,-0.7800751380597291,-0.9371905759460922,0.11803262112805668,0.09058370885330383,-0.11261424461722705,-0.18346458555813785,0.14595429407623078,-1.1998808303335124,-0.938460043997097,1.5,2.0,1.0,0.1,1.0
2.8024630192849918,2.782998391813059,3.3441127100247012,3.0388019824716985,3.5472103437396956,2.6858004476018094,3.742090332399031,3.5385109419241716,3.4771733523786463,3.3552206374102163,2.939911538609332,1.5,2.0,1.0,0.1,1.0
2.275358219581714,2.2018687142304483,1.7271150703599383,2.3765490685921407,0.7974090234047193,0.6120891370688504,0.7310243223346712,0.43533738947773715,1.4331661690953292,1.460652675360768,1.1834538797004246,1.5,2.0,1.0,0.1,1.0
0.25616385920531287,1.0747979956435878,1.0841652613651214,1.3191099725672906,1.4202511236375632,0.9708456612120189,1.0662966700111662,1.0304054441871284,1.572139246234319,2.3226975739054176,2.4770418002345638,1.5,2.0,1.0,0.1,1.0
1.2742216699437963,0.467115109780345,0.6094172651799273,1.1162002873236752,1.264314588808632,1.7796375415956371,1.8376643906200425,0.9258440900419693,0.327541671147797,-0.6142771524120835,0.6399201010446336,1.5,2.0,1.0,0.1,1.0
4.292399745768973,3.21567397469395,3.020486710379362,2.658848908193609,2.002836220712346,1.473231094789514,0.16015492048692748,0.0671048142963736,-0.2365013941086222,0.05606359469792194,0.16475572341010547,1.5,2.0,1.0,0.1,1.0
1.8022439680581632,1.026076675104093,0.7041889818413586,1.2603189008393356,1.9367299106278018,2.688335041717215,2.087996105453072,2.5885458812507007,2.9714647669197376,3.7329635131367214,3.1841267651238754,1.5,2.0,1.0,0.1,1.0
1.2449900762434543,2.4185419986587267,1.3213469864745533,0.9630682771544954,0.46521951531264505,-0.27717585979562764,-1.293192512548155,-0.5481855191929871,-0.5869660538171396,-0.3599563017601346,-0.7467441416906665,1.5,2.0,1.0,0.1,1.0
1.3990579112046968,2.185207452569228,2.5364396136220844,3.511213972482061,3.7772935912084398,4.667540778306412,3.873266220999116,4.098036632433853,3.624811168528889,4.8283295875731955,4.832743844879832,1.5,2.0,1.0,0.1,1.0
2.233185528443187,1.9648140488961716,2.3511918959024443,1.7695286159488757,1.2396659031202042,-0.07263390788486768,-0.4002026923358627,0.3101233918073042,1.552747881391366,1.425643828353111,1.291768832227433,1.5,2.0,1.0,0.1,1.0
2.436394610588943,2.6953482764458423,2.4109326839711342,2.978619325767168,2.769707032512127,3.640086481423854,2.7847061105622712,3.636268973820915,3.3128042169722627,2.5896185718903038,3.3287293348644558,1.5,2.0,1.0,0.1,1.0
0.922591594508157,1.8440263131002743,1.8225671117327227,2.8226119925589988,2.4975854986325983,3.017862234861227,3.1730822395795926,3.2897090581724937,3.1431264193019457,4.045310246161841,4.036799018499622,1.5,2.0,1.0,0.1,1.0
0.570731998543725,0.561106131876091,0.591337950932944,-0.14272425402462519,-0.4837226038438326,1.0841836751870415,1.0234895034268225,1.4646558648486803,1.7964305471380977,1.1379661001116688,1.886019542509656,1.5,2.0,1.0,0.1,1.0
-1.0388135908244776,-0.1454983379822563,0.6091251909154514,1.6584408930009003,1.9693901656414514,2.1169650554758954,1.7409897411181197,1.4049225763106548,1.190278244706467,2.6435372412227522,1.8855150014696465,1.5,2.0,1.0,0.1,1.0
0.11757622783832618,0.9422305468641834,0.9758505020540394,0.7822967114391033,0.9452907343247535,2.5385448033889415,2.481526665750515,1.6521492000250775,2.021119272243612,1.1096735582123385,0.9984427792550771,1.5,2.0,1.0,0.1,1.0
0.3267867259775846,-0.8555360895319083,-0.10364584368954355,0.009632608118758788,-0.50081427900073,0.2489710313548159,0.027824992350513056,0.6861209032553703,0.6502501551740378,1.0428225011861876,0.8704385824810501,1.5,2.0,1.0,0.1,1.0
2.467161268122575,2.651610094299524,2.3304086116315954,1.7746283331336503,1.757954015634751,1.5489987524278557,1.5047321811404144,1.3804686951847915,0.6646614453413778,0.6553495916238732,0.9533218527183894,1.5,2.0,1.0,0.1,1.0
1.0582061618752154,1.3722749531884104,1.03773563042061,0.9447881599108731,1.1104100114375608,1.0746646135820093,1.0300304585237876,-0.08702462293274271,0.6420535265161258,-0.29055267654733896,0.17274186108747336,1.5,2.0,1.0,0.1,1.0
1.1580327382832227,0.9409312366115192,2.1774975770594436,2.0955963981283685,1.8868652054796737,1.2262427215989895,-0.039399208388676055,-0.4230529861557467,1.2809236445879941,1.0296927544317123,1.407763473561277,1.5,2.0,1.0,0.1,1.0
-0.7148272895176674,-0.9457172005892716,-0.35802901904369033,-0.3559643400262966,0.2836089355306314,0.4889576028314533,0.17713434270840556,0.7833226605261838,0.5039623908420668,1.2599391805234315,1.7379803604649537,1.5,2.0,1.0,0.1,1.0
-0.02183932098927926,-0.0014883442251509005,-0.11533299387736606,-0.846799583062626,-1.3745846552449041,-1.864652639048709,-0.48500212041179314,-1.4708765150367267,-1.4330828240611106,-1.108089468425999,-0.886836132463524,1.5,2.0,1.0,0.1,1.0
0.12154383903096025,0.14141299517165645,0.6522919211353988,0.6673409330317382,0.3196487655000278,-0.6767157228755616,-1.8892487929907988,-2.475244297745548,-1.8431361817011527,-0.24473410310820798,-1.0139369752188663,1.5,2.0,1.0,0.1,1.0
0.8704649088563468,1.1377672511354302,0.6119304310064562,-0.4964924028769393,1.2161220607989232,1.3108556569467578,0.840298925756001,1.3747230848516199,0.801741939254657,0.72195219265593,-0.03245350348012466,1.5,2.0,1.0,0.1,1.0
4.069492560218231,4.244437494186924,5.548199437048324,4.8621340670748605,5.437133638398767,4.353819067194717,2.8739880004569374,4.042031435638918,4.459282788666,5.055710916676582,4.62299032535845,1.5,2.0,1.0,0.1,1.0
0.23219560538637948,0.7114771695149238,2.2772316635254497,1.9932941789056418,2.780667356012666,2.772515746225666,2.564388282978274,2.438428577630522,3.3980844204404685,3.858496352329109,3.2350202564414863,1.5,2.0,1.0,0.1,1.0
-1.82294593829986,-0.5254919475337387,0.5123608180156822,0.19693427326394897,1.0436989210512095,0.2420257571681229,-0.7108417390650004,-1.0450596276200115,-1.287047902844579,-1.897910245556181,-1.930705357554208,1.5,2.0,1.0,0.1,1.0
1.897725214718932,1.4614437429317568,2.3978196338109714,1.627400468874891,1.1685237726068964,0.963038660471325,1.3964294877062688,1.6878817740581067,1.6466259144381914,1.9125033044251536,3.017925873748738,1.5,2.0,1.0,0.1,1.0
1.2107481645844373,1.0200271894132538,1.742081690541338,1.0987087807863494,0.4752730951750026,0.6508604956682901,2.480591825879362,1.6270700962855056,0.8337464843873625,1.1151470582074032,1.7859721272906122,1.5,2.0,1.0,0.1,1.0
5.937102029959665,5.248887437711544,5.70398404101695,5.4797341707473155,4.59709406575773,4.519952532641919,3.6614547669018203,2.3786991315986485,1.6858103895108467,1.8281798727663103,2.3448080998835383,1.5,2.0,1.0,0.1,1.0
0.06661800245171787,-0.2039152626080868,-0.7036426497414554,-0.6538273899993753,-0.053494768392901126,-0.3631188813850518,-0.03433084936558431,-0.05328891214007478,-0.6211016636490924,-0.20591535882108583,-0.0451405354154474,1.5,2.0,1.0,0.1,1.0
3.8609927986508463,5.367267125734241,5.399825803417399,4.580458663813088,4.262548463540993,4.161798046787395,3.825232987494028,3.3267174131927635,3.288402271200427,4.1174868148238595,3.378768252863336,1.5,2.0,1.0,0.1,1.0
0.5026184082659347,1.1518723742909687,0.8325723494746483,0.7687684310863239,1.6088168049359044,1.8076594670843986,1.2545951759944711,0.4853844251390922,-0.13082774258156715,-0.29309448137142413,0.0057419358943512355,1.5,2.0,1.0,0.1,1.0
3.4781086444739144,3.6461107054040016,3.7467513677502833,2.738810358603834,2.648990342981355,2.724042280171392,3.23342550056047,3.5318012560445995,2.871201397790835,2.566613987136773,1.177875677799617,1.5,2.0,1.0,0.1,1.0
1.906601094590696,2.7689991474555438,1.9329887558286813,0.7928729071418055,0.9475715046305785,0.5679089005637554,1.0570033550935418,1.0888839820756344,1.40435270213255,0.88349389432253,0.6079338572404771,1.5,2.0,1.0,0.1,1.0
0.11963551203555263,-0.19725921296416,0.013966400419748275,-1.0235122999686772,0.3707711519020467,-0.4617450278358772,0.08959818678451137,-0.2094343592633838,1.122724216978528,0.7583777078791503,1.2371965774433529,1.5,2.0,1.0,0.1,1.0
2.635587633131031,3.53648449420265,3.282081137910477,3.073846653311882,2.33915817171273,3.3665730992023106,3.518081000100496,3.3782190771682776,2.7848963278339967,2.112287535527381,2.2298366575735202,1.5,2.0,1.0,0.1,1.0
1.7453335514326753,3.0299010236672697,1.8890918442350002,1.7116479421183963,1.7335513573690717,2.2588139230790896,1.7943471829705935,2.198852124885547,1.5200541438634443,0.7893267011676649,1.0081206384257115,1.5,2.0,1.0,0.1,1.0
0.495595528596765,-0.9489910616578515,0.2127394025431456,1.5982081724705997,1.0809382877607643,1.413684666430921,1.154777766303427,2.135088792204951,2.764814082226266,2.732766216989899,2.721651529328613,1.5,2.0,1.0,0.1,1.0
0.20609661352896175,0.2894447876091916,1.243897036012712,1.5098722064352048,1.380796813008668,1.5834587558998212,1.641997394487233,1.1646681344772072,1.7235939374383489,2.3547532386307166,1.919973471474834,1.5,2.0,1.0,0.1,1.0
4.277455236769671,3.8295090313281634,3.73028277210618,4.438855054760797,3.3318159673257193,2.5704406090699177,2.4028488796261795,3.7300693659558073,2.1459681076630823,2.080738862475379,2.131188220704958,1.5,2.0,1.0,0.1,1.0
1.830896454167425,2.0182805950416847,2.687733159392608,2.205914728904054,2.4408981736829394,1.345748228665418,1.183343670877338,0.4541453803563186,0.5393146503238271,-0.18979023954326013,0.9225393825043676,1.5,2.0,1.0,0.1,1.0
0.07420475494477678,-0.03707612797523663,0.9747885708062192,1.9277796822764746,0.9502804795250891,0.7126845481631956,1.441705282166022,0.8490417981000591,1.1639999573655357,1.6237939569303106,2.5971840535501154,1.5,2.0,1.0,0.1,1.0
-0.2650933815475924,-0.13839811873752705,0.046779646493844584,0.7297768656731038,0.5527585725149844,0.38279684048042334,-0.055879756766730404,-1.070358486538645,-1.4211264872636005,-1.0755830046413437,-0.5268463198232747,1.5,2.0,1.0,0.1,1.0
1.6266154776677841,1.7819174738072963,2.5964404601075635,2.077165124057416,1.6536506922068164,2.817174747091225,2.121487150535353,2.2341806619920015,1.603213946060468,2.173520222706331,2.3695811399084628,1.5,2.0,1.0,0.1,1.0
