time_point_1,time_point_2,time_point_3,time_point_4,time_point_5,time_point_6,time_point_7,time_point_8,time_point_9,time_point_10,time_point_11,mu,sigma,theta,dt,T
0.20240578097719644,0.18986831506990154,0.12289057206505391,0.12148940739702005,0.13675988726229016,0.12866440916647434,0.09436062299099757,0.08184235504415421,0.05861766104362139,0.048282127837875034,0.07169415465375747,0.0,0.1,1.0,0.1,1.0
-0.15556232908728598,-0.16978659655234263,-0.11761355921719512,-0.09782822653933823,-0.101958816556907,-0.1357599249886418,-0.09298156807630825,-0.05210626756612618,0.00407830491071224,0.038145741733897995,0.04393368603467849,0.0,0.1,1.0,0.1,1.0
-0.024729103184032007,-0.014735038752095772,-0.07295001057423312,-0.04818018716451396,-0.09629867947735518,-0.06775066882970442,-0.05106212429453571,-0.004638502571067897,0.04004047067880715,0.016471589062569254,0.015708119107283217,0.0,0.1,1.0,0.1,1.0
0.1084815800236186,0.04334970351701865,0.050030396815130024,0.007647524552764594,-0.07117258308646136,-0.08761102487487407,-0.03738713587885078,-0.04485892170457152,-0.04671868010856274,0.02335733057704841,0.05834840127771087,0.0,0.1,1.0,0.1,1.0
-0.14852835037891052,-0.10820843681774392,-0.1084464282134566,-0.0864861941639416,-0.037136123203676076,0.02373595160458622,0.01027893094992295,0.007293141467248645,0.003998319379332793,-0.025619026548733992,-0.047023726840259863,0.0,0.1,1.0,0.1,1.0
-0.18567099868118644,-0.15055828550227238,-0.13038517986854786,-0.14240640735191393,-0.13272687575399206,-0.1164656784825287,-0.09336642981749751,-0.044706054358853504,-0.023268441430493697,-0.013366648185246896,-0.03143382511414762,0.0,0.1,1.0,0.1,1.0
-0.11767277474750018,-0.171824180447178,-0.12947994434176371,-0.06416800566152123,-0.09024680007570712,-0.09651638960146272,-0.08160502947789358,-0.06486256910175628,-0.07255458717367715,-0.07986303296308576,-0.09799190607046371,0.0,0.1,1.0,0.1,1.0
-0.021043134237385547,-0.057604180347837694,-0.03351464688802655,0.013255359383389464,0.03568503726580857,0.005782652594319558,-0.0013920361532950808,0.030676698188956037,0.061208362725900044,0.056181303510311094,0.07966440878909753,0.0,0.1,1.0,0.1,1.0
-0.001923139504431273,0.026523237910034296,0.06154652709189386,0.06233837627848492,0.05207095633759769,0.04437223017734643,-0.006171758062561296,0.004174350654345895,0.002444225922943125,0.048780074577314994,0.028744476081879237,0.0,0.1,1.0,0.1,1.0
-0.08372735546890024,-0.07558833616014485,-0.09421303390870249,-0.09992601272156319,-0.11122932617587103,-0.104532218341996,-0.09735813344870498,-0.06887528270380386,-0.024876637580075175,0.013806264139204355,0.05469767512341538,0.0,0.1,1.0,0.1,1.0
-0.006118996931745633,0.0306671383657856,0.02413858893699478,0.056131912494034285,0.03980923817692456,0.033715986375462505,0.001677429404354197,0.09243639901819689,0.10341417407271337,0.1404922328482363,0.1282324627219274,0.0,0.1,1.0,0.1,1.0
-0.06697378443178853,-0.05213969807035762,-0.057253781994143264,-0.0411252848805674,-0.0030735083295698185,0.015204316574085809,0.007419916505293693,0.03672124536017665,0.044126916349970485,0.06928510595857072,0.02387260291895367,0.0,0.1,1.0,0.1,1.0
0.07003175603770431,0.08272769104572843,0.1112897961262656,0.05002518653838844,0.02955943717584472,-0.00504466021002227,-0.012160861474414291,0.06334812549248556,0.0580500146958263,0.08262565394205686,0.09389792643172423,0.0,0.1,1.0,0.1,1.0
0.12789760408473175,0.14504666167745617,0.12569538511600276,0.1135311295282279,0.11787544313215434,0.12828257710874663,0.09920941306153788,0.13288837190276218,0.12684191610273163,0.12404233204800907,0.06942183772951582,0.0,0.1,1.0,0.1,1.0
0.1236716356817404,0.08491878766652698,0.05810794038883775,0.062321236752344064,0.10139772923303805,0.09312759114458745,0.033340271117153056,0.031112651639677948,0.03176182595521762,-0.001391844183374586,0.075388785604218,0.0,0.1,1.0,0.1,1.0
-0.011274965958998504,0.001144575749026185,-0.008972032477096152,0.03495389902965099,-0.033201688600971564,-0.028140015077045017,-0.054639643247960196,-0.04517673636774136,-0.04704810550765328,-0.004031904024694416,-0.057303460463541366,0.0,0.1,1.0,0.1,1.0
0.08928924741131943,0.051394245949048206,0.024966657706421536,0.04810587298688171,0.06042712507456134,0.06851814140931924,0.08369821988574339,0.10728373428480734,0.08397811399759399,0.006395208960053467,-0.06582382385622984,0.0,0.1,1.0,0.1,1.0
0.05533249974628143,0.03735911776678521,0.01192169342324293,-0.008516243405877783,-0.011817164204203843,-0.0030208534721012387,0.003952860812361552,-0.03335413542770615,-0.04055167758921379,-0.05934049863552127,-0.1082774866893643,0.0,0.1,1.0,0.1,1.0
0.04946924927672919,0.032747716457166544,0.016152570740066062,0.011955943653126286,-0.007492209094353584,0.023751704689153615,0.021997349892536756,0.033887690454567854,-0.06858067245080662,-0.035691716887904304,-0.04729184359842094,0.0,0.1,1.0,0.1,1.0
-0.04832001836877689,-0.023791260521729918,-0.043999379728711846,-0.026515262478011423,-0.030978260997996138,-0.02334345054308177,-0.004229087813387083,-0.031238380303113284,-0.08596960257051248,-0.07470831907100645,-0.11874589214570942,0.0,0.1,1.0,0.1,1.0
0.026822876985100445,0.031758564408803994,-0.003701730785944768,0.05977293922671399,0.1329869921636764,0.1430784512039964,0.139814637083975,0.14416814347796636,0.11676048735946203,0.04225084059347589,0.0660210829280442,0.0,0.1,1.0,0.1,1.0
-0.043659791432590196,-0.04681152982423963,-0.0356827046712108,0.02773195621786876,-0.05326458987884642,0.023659621881176325,0.021200155238147632,0.053974674388727495,0.06709707208381169,0.1612009553929321,0.15280029207291976,0.0,0.1,1.0,0.1,1.0
-0.16569038004938227,-0.15673858392063716,-0.10843499872447526,-0.08878052199984399,-0.05993760033458388,-0.017633303292362408,-0.03696724081151838,-0.04833593590090251,-0.04088131637846864,-0.02177492971763629,-0.023752873374283383,0.0,0.1,1.0,0.1,1.0
-0.00010492697937130773,0.03076187605747185,0.010439534564640567,0.014292580831641918,0.020125465527443414,0.00784538433434357,-0.022085661596456335,-0.034112330656941754,-0.021514020344134084,-0.01590842259188872,-0.016709674275093744,0.0,0.1,1.0,0.1,1.0
0.18335232675845803,0.10848870366584899,0.11113988112736171,0.04802963202796724,0.04063791236530337,0.021650889004625612,0.06545566310886691,0.032453525223933084,0.055876193227444644,0.051316031711904915,0.0425617097391854,0.0,0.1,1.0,0.1,1.0
0.0019412432458665585,-0.0048172200429864006,0.02133792043091285,0.026500023887827198,0.019137011674233897,0.035760738509615295,0.02180734213259017,0.030833534378020125,0.0974079806866438,0.09868479687483275,0.09271938007495296,0.0,0.1,1.0,0.1,1.0
-0.08691070943708232,-0.06590102832710165,-0.050929854330572046,-0.024096662650399503,-0.05815925031389295,-0.06500440971478622,-0.10169972552362534,-0.07170766979312526,-0.04311123802204755,-0.0058220279412622075,0.009167189423042024,0.0,0.1,1.0,0.1,1.0
-0.16046831623333951,-0.1737786422450203,-0.23662118557291165,-0.224425584638086,-0.15494586575911107,-0.11969996791721915,-0.07705657088856786,-0.0910014965420982,-0.09074092795836167,-0.038191178248076406,-0.006857164085472805,0.0,0.1,1.0,0.1,1.0
0.005310410679108063,0.003557718248841272,0.09558185301187068,0.08884682161441135,0.10345712833191843,0.06237943274544479,0.03870209454911142,-0.011232441828582844,3.550197441024548e-5,-0.009297626403754323,0.02208207455542179,0.0,0.1,1.0,0.1,1.0
-0.011598545914755861,-0.06382897669679062,-0.07801703291165704,-0.07758255552146782,-0.10321357226516062,-0.12062744541035937,-0.11911286913509438,-0.10565295510249582,-0.13084905849406717,-0.13083777071596783,-0.15270338899766633,0.0,0.1,1.0,0.1,1.0
0.0063520797267186705,0.02561263277216205,0.04092430581356109,0.06690135609856637,0.04473492691070658,-0.0018833583430060002,0.0019445252988704608,-0.01951893677613177,-0.02965501818533823,-0.021189377247188907,-0.012202403810050898,0.0,0.1,1.0,0.1,1.0
-0.027419006898670596,-0.07644924182356241,-0.07744843868239538,-0.0831097588729851,-0.050156829569093925,0.04584494163554244,0.051190468523263186,0.033756333946303396,0.1132362457778702,0.08832596520020328,0.10714368422877679,0.0,0.1,1.0,0.1,1.0
0.034975992443613574,0.05527107058091968,0.07786445386972835,0.08992175304552358,0.08198171163743201,0.05300213184795751,0.0361197435310704,0.034577714818889674,-0.0006988406743583635,-0.011503905756531613,-0.0328176927172469,0.0,0.1,1.0,0.1,1.0
0.0029944304161433153,-0.008475209889730361,-0.04924117781974169,-0.021273898798789073,-0.011192262419390316,-0.0036394687248310405,0.007606879696370639,0.004566489500374887,0.026907762047797865,0.0031606064842251633,-0.0014361592332536328,0.0,0.1,1.0,0.1,1.0
-0.02049377645224299,-0.01589832530091075,0.03564189161266358,0.03718889727344151,0.03106855438692702,0.027991421939321054,0.06544495494662395,0.0323022756402465,-0.02287998311678626,-0.02138520139983998,-0.024847977483887545,0.0,0.1,1.0,0.1,1.0
-0.015873375102314107,-0.030708654801448777,-0.0921430537308299,-0.1116297414139118,-0.046711331560621246,-0.025885344460570142,-0.04441689484237101,-0.0709724230016354,-0.03983074092531731,-0.07888839884231685,-0.08981419651053314,0.0,0.1,1.0,0.1,1.0
-0.11680093263083209,-0.1640080708631156,-0.1492589204620342,-0.17057254732428512,-0.13085026859920906,-0.09940563774075149,-0.10481839305577406,-0.09947741020517537,-0.1016940146370103,-0.09869498754149332,-0.024405188048258974,0.0,0.1,1.0,0.1,1.0
0.022413203213134125,0.017633759465914764,-0.0053948693416721386,-0.037873984692649784,-0.051053739762862274,0.011938750581651489,0.003257756401675106,0.013060453258259679,0.017609296884966714,-0.03432083939750425,-0.019154507560412534,0.0,0.1,1.0,0.1,1.0
-0.0065993711647875245,0.011849575633493788,0.016775163858612472,-0.010352196254294744,-0.04673442525499729,0.0030052625806631025,-0.02053236640552846,-0.04358737124079774,-0.05881836813973941,-0.05593144473030172,-0.009292819929207136,0.0,0.1,1.0,0.1,1.0
0.17100548502132337,0.18165691909938547,0.16418851708906115,0.07907339487826898,0.06811004831838269,0.03118622153411576,-0.02087011907422799,0.046287521804973045,0.03212119398636514,-0.008512977715452594,-0.011723626698081448,0.0,0.1,1.0,0.1,1.0
0.016861818417679576,-0.008447052960414753,-0.06120005466025842,-0.12235806378294092,-0.12429067281675014,-0.08006542215543054,-0.05982080984916989,-0.035737967394299894,-0.012148059029553588,-0.04659392597995382,-0.08018892348893362,0.0,0.1,1.0,0.1,1.0
-0.06761308483752401,-0.05084929665720046,-0.12025385521497188,-0.08870705145606883,-0.10535844226007242,-0.055571249811911715,-0.07316095538015313,-0.0427615584383486,-0.031936113616305176,-0.011479179335764318,-0.0545907825060077,0.0,0.1,1.0,0.1,1.0
0.06425641967869089,0.0722157120676997,0.03075131675529913,0.003573628626801377,0.030295431168307067,0.01725680899616834,0.04448299540233862,0.03344360478357884,0.03936493038977115,0.011010585780468388,-0.01996378320627402,0.0,0.1,1.0,0.1,1.0
-0.06169134906120608,-0.03772497188390844,-0.04071437706860584,-0.07437097981468782,-0.12668350818635732,-0.13109795221668252,-0.06396574233192437,-0.07131702583083865,-0.056335426319989626,-0.04753658921948464,0.02279460673636389,0.0,0.1,1.0,0.1,1.0
0.08836605909161299,0.02941310822762295,-0.03401120191365607,0.02017682043244678,0.027946275162387797,0.05172786176340727,0.07506816748182195,0.03088212627105076,0.04870433722271374,0.04596445751891294,-0.0025433245947274682,0.0,0.1,1.0,0.1,1.0
0.08163032396189002,0.06859538411522509,0.03607574170401982,0.05539200715039024,0.04994762440842602,0.03471183929898353,0.05984672390550311,0.05497043829045495,0.08216867735785599,0.07549385776183498,0.08235623540493017,0.0,0.1,1.0,0.1,1.0
0.081347707985117,0.06811002677690782,0.057537581121749906,0.04271371411921911,0.08031032917060221,0.049239295218376125,-0.010567007878083928,0.007590594268404301,-0.010711452432786116,0.05800012920870594,0.07511378056804754,0.0,0.1,1.0,0.1,1.0
-0.11883849299707179,-0.11120233581167534,-0.058685272919808525,-0.08658143538370724,-0.1447500017963972,-0.06228127448924638,-0.0430985349181317,-0.0424338113725412,-0.07156542509099223,-0.027148045797325868,-0.004379729740464005,0.0,0.1,1.0,0.1,1.0
0.01282563486630375,0.024186176850375427,-0.0153591539495988,-0.03330985636089548,-0.04331770202048568,-0.0815973096044818,-0.07487771981605347,-0.010718924327697305,0.04325958643335834,0.05193002608623181,0.028185219598129495,0.0,0.1,1.0,0.1,1.0
0.010838999817139277,0.043504113908360675,0.005849021386831688,0.0023090817195847812,-0.023536653537178615,-0.048034679594112166,-0.04711670078378404,-0.029110041561797362,-0.010846339324913619,-0.017406712588403324,-0.02915916867606317,0.0,0.1,1.0,0.1,1.0
-0.03735148502524668,0.02243774852762661,0.06736053408923054,0.09207906514826905,0.06256728196544169,0.015083646355659251,-0.016467499636905,-0.018258305502120077,-0.011689581346246123,0.003996661008417045,-0.024955518217975023,0.0,0.1,1.0,0.1,1.0
-0.027534180088057768,0.007605085199654339,0.00764185883033914,0.025664768164510084,0.05646092027645835,0.03311091765729549,0.014366368527983953,0.020448086174086784,0.011274029927061672,0.03193834369868123,0.08292688661803627,0.0,0.1,1.0,0.1,1.0
0.18345643614915472,0.17904994863943008,0.21460272524444127,0.21283963024016314,0.220526039691752,0.19387289942170097,0.21193208062504162,0.18766851688783623,0.16349209935713566,0.1916662875917108,0.20918744126646888,0.0,0.1,1.0,0.1,1.0
0.026433729365299596,0.09063397607350432,0.07829536605698194,0.024315489895025105,-0.05432455813621545,-0.02320478118890651,-0.01088056553365833,-0.028901128552461096,-0.03675454052669168,-0.01246430619686478,0.004483861361172212,0.0,0.1,1.0,0.1,1.0
-0.08228352829036358,-0.11502254205299636,-0.11497731592350793,-0.11172200278028963,-0.16615441491674915,-0.09803178433122081,-0.15063853371446445,-0.12232920887320618,-0.09817127384754747,-0.1364352541857679,-0.12102134489493815,0.0,0.1,1.0,0.1,1.0
-0.06845349496147314,-0.0920841587562725,-0.10615964895476168,-0.04923947613706128,-0.09879408042507576,-0.06550711995550493,-0.08410197355817128,-0.12054049466666965,-0.04179661461900988,-0.019728020873386556,-0.026002737847774203,0.0,0.1,1.0,0.1,1.0
-0.039376145663911094,-0.019893023724834435,0.005563694193853552,0.034337586128200405,0.06860212322120753,0.02947269662386627,0.03513303581759137,0.029229976652772032,0.009328951733562206,-0.003248295544971483,-0.006898183099375478,0.0,0.1,1.0,0.1,1.0
-0.06103396518254759,-0.05328230071390729,-0.07441939762126941,-0.023440141789339307,-0.016713713780801685,-0.003419749183480326,-0.08586489784075106,-0.06216830532662648,-0.06746952562645422,-0.11157637574489081,-0.10971366862130627,0.0,0.1,1.0,0.1,1.0
-0.0456686381278952,-0.03130667982198409,-0.1172828690551451,-0.10137023115198725,-0.12807122577525853,-0.0960123823215295,-0.10210462997337921,-0.16424720192832082,-0.18291211115816297,-0.18753937590025158,-0.1890814127422615,0.0,0.1,1.0,0.1,1.0
-0.009524406088117927,-0.00557896823854971,-0.057478459052953186,-0.05547634288422882,-0.032185644489691606,-0.07228492558324677,-0.07355193175725763,-0.10204612805358745,-0.1580787222076154,-0.11321157967897161,-0.1287656084868457,0.0,0.1,1.0,0.1,1.0
0.04237859329227891,0.06071801220213059,0.040675762019683474,0.04825715360837819,0.07183142083235478,0.04819904506399489,-0.013668875480303239,-0.03462957782691155,-0.020517122137964777,0.027105485807008375,0.029186863508115873,0.0,0.1,1.0,0.1,1.0
0.021797053509789537,0.011231753960426888,0.040502808338852586,0.05928186035739837,0.06543060895421762,0.05242842795556458,0.04358795400546178,0.05307939778895532,0.07151972720196437,0.045733646839594036,0.011466561970763841,0.0,0.1,1.0,0.1,1.0
0.016480025327234884,0.03343366301203021,0.06016456174163384,0.0713393884255432,0.05199947694132929,0.03610536906341417,-0.024240937338544023,-0.07534687675033377,-0.064280526639905,-0.10177321745230436,-0.09150907085211883,0.0,0.1,1.0,0.1,1.0
-0.027884665505723875,0.003601365263358705,-0.06713392866732512,-0.054744935147728366,-0.05693599424012291,-0.013483100645073305,-0.011629058245242602,-0.06182023580304309,0.010710344440733849,-0.004529676747045602,0.01918342952127869,0.0,0.1,1.0,0.1,1.0
0.03072558569502583,-0.03958133657246254,-0.04264006725519505,-0.06713515514382384,-0.0790733053970426,-0.10695637424177615,-0.09342750157514208,-0.13175839200143366,-0.17291685287043848,-0.14275904370440123,-0.11269252973522342,0.0,0.1,1.0,0.1,1.0
0.006284223197219654,0.00991538940806027,0.0925543591904395,0.12937149013938498,0.1572777911291771,0.1811000859130719,0.14786045496053232,0.1028466365396925,0.1118904260546863,0.11211383715441732,0.09373533593611748,0.0,0.1,1.0,0.1,1.0
-0.03597103596949712,-0.027209702392211127,-0.03148961039808059,-0.02774230306606344,0.002505357003893576,-0.0030388775835686597,-0.043987463955645296,-0.016094984300574586,0.01200660372427875,-0.023919543329008322,0.0016723117470132803,0.0,0.1,1.0,0.1,1.0
-0.01958043574952779,0.03440861471276989,0.019166477542705736,0.027585803851202823,0.037655409798463074,0.002918555884919481,0.027223853628746675,-0.01163724453144448,0.03412263875206957,-0.017676992155312484,-0.02687508831355165,0.0,0.1,1.0,0.1,1.0
-0.03207455907030694,-0.03927228199425612,-0.07869374750765061,-0.046004199191941264,-0.04081253165050332,-0.03196745687263191,-0.03573008584200611,-0.04817070468949448,-0.046101788727500016,-0.038786070757105,-0.050531554904335585,0.0,0.1,1.0,0.1,1.0
-0.015323316861029487,-0.0958168893407254,-0.11073518769727411,-0.07595737468656996,-0.07821879201470786,-0.07009627329487585,-0.10279414318134614,-0.05780899495955056,-0.02252575851094567,0.0029382410943409806,-0.0006237166950162042,0.0,0.1,1.0,0.1,1.0
-0.09698156755810489,-0.060255004190370796,-0.09856406093894673,-0.06513266298397721,-0.07356587734533475,-0.0688763646868798,-0.09741365428145773,-0.11621135133926215,-0.10208090994342384,-0.1239685533820234,-0.13061559000799353,0.0,0.1,1.0,0.1,1.0
0.02543433406328589,0.05937621297702878,0.06363809156007955,0.01018472944955539,-0.022301598345352926,0.0013543212328158416,0.008631981369111134,-0.004029340433507389,0.043787204635841515,0.03393071600800936,0.02140434625702794,0.0,0.1,1.0,0.1,1.0
0.05316077899546066,0.05997776671707214,0.03890342732995193,0.042697141742430736,0.0779545730251936,0.01678008808340939,0.027474812289397847,0.02164699855994837,-0.024422502403628085,0.028785968725869103,0.0024531700348275932,0.0,0.1,1.0,0.1,1.0
0.02344235032559781,0.022892268850544562,0.06694623046456682,0.1001729064400548,0.10143900989267096,0.10498054934340306,0.10475785344297586,0.14507014262822815,0.09768400713784331,0.08983734255544117,0.06247042866672069,0.0,0.1,1.0,0.1,1.0
-0.03128415052522475,0.06998340769287806,0.059640677349900945,0.04475942953566042,0.04390131091660074,0.012746604729546886,-0.06700059647168416,-0.0617406450754846,-0.10392868812973743,-0.059829560511015824,-0.06675395141352414,0.0,0.1,1.0,0.1,1.0
0.004509365942983635,-0.005552693791149257,0.024345841661065855,0.03923116945677355,0.030623434754775504,-0.02390360683535096,-0.019357516525350584,0.009188819161729915,-0.017247332488697545,-0.047985733181368714,-0.03327735343356235,0.0,0.1,1.0,0.1,1.0
-0.06308586392310069,-0.025011149197818966,-0.0167891670748486,0.013562429632660708,-0.011577690903585989,-0.008491132209316979,0.031118870960633625,0.02816309535780633,0.05990387263300041,0.06961301437055215,0.07945829542237291,0.0,0.1,1.0,0.1,1.0
0.004333246308121636,0.02344176967968957,0.01468582054947246,-0.014544023794738367,-0.0065319901617441655,-0.013444502789164915,-0.04130552174925005,-0.06874219711061454,-0.0793874665986974,-0.023124613772210013,-0.05285332451654019,0.0,0.1,1.0,0.1,1.0
0.029466119044689543,-0.005851605448203415,-0.029624794707286524,-0.04041310277971275,-0.027459931653120412,-0.06569849888950416,-0.019963043908812497,-0.04137590992339455,-0.046995420878429166,-0.008020579656044219,-0.00610940923901474,0.0,0.1,1.0,0.1,1.0
-0.0487053248801611,-0.03168589984318518,-0.058355348219729736,-0.02925164735278038,-0.07605344782951831,-0.10564957078275745,-0.12149332827234355,-0.09730236384715006,-0.1086245446140545,-0.08948848940116227,-0.05297615156818251,0.0,0.1,1.0,0.1,1.0
0.14336025545712544,0.0620522185472616,0.10217604980759223,0.12227275290905024,0.09248387482042661,0.08298226750366484,0.09735626518933778,0.06104561380128426,0.025042663740509133,-0.011205040028667401,-0.017366088500581533,0.0,0.1,1.0,0.1,1.0
-0.13306956877074078,-0.10833343594423733,-0.0793586227664278,-0.04728846574908123,0.0026972837338770927,0.05993173818900856,0.037297829482388405,0.032503031892903496,0.07429014003727374,0.04447781339886249,0.0635737090408515,0.0,0.1,1.0,0.1,1.0
-0.05772220340474805,-0.030485158109438824,-0.014488184400640187,0.02735681973759919,-0.0031821469952608462,0.0027644464251375695,0.02369255827669078,0.045630819644592986,0.02567984851208479,-0.00852659975667585,0.029475488983236077,0.0,0.1,1.0,0.1,1.0
0.12368178040073664,0.03927041046674365,0.01973959198850865,0.031390551595342084,-0.02007830364743319,-0.02161206131270082,-0.01505901722582393,0.0632200272085775,0.0033580352176430656,0.0065009032720945575,0.035510549117104884,0.0,0.1,1.0,0.1,1.0
0.0648080441409162,0.027444983081596958,-0.014194034624323067,0.011159749034906227,0.03162579417685553,0.013362873759194682,0.0902463182643722,0.052969536050921875,0.04917530061318047,0.02652081086558919,0.0038842603296624575,0.0,0.1,1.0,0.1,1.0
0.04907203825991228,0.03163202400581129,0.049485385292950254,0.03078817060569175,0.01652673748425315,0.07229743899168975,0.05433313935250397,0.02339062913379029,-0.00021845022155423527,0.07305807954843227,0.029427190831486975,0.0,0.1,1.0,0.1,1.0
-0.12073590841646921,-0.1121409841751448,-0.10136189695025222,-0.11618681436966243,-0.08895486063064578,-0.10314914204661764,-0.09224230860370466,-0.08966741292390452,-0.08982166870993978,-0.10339754320774976,-0.06414287844387759,0.0,0.1,1.0,0.1,1.0
-0.01982167640977127,0.019207660366516992,0.07374849690518048,0.0432992818703389,-0.012092835102654943,0.02653668189482751,0.020830766073398687,0.02005987939892114,0.005955715470760898,0.007553068562442488,-0.06353182436975412,0.0,0.1,1.0,0.1,1.0
0.11057047452761658,0.11310079778359483,0.1250594074348954,0.159696876379602,0.14587048171451533,0.16504810453170435,0.19762873712362217,0.14230475759893543,0.10685189095553627,0.08542021135771914,0.0660080632221332,0.0,0.1,1.0,0.1,1.0
-0.05053904528966259,-0.028792242621505287,-0.04108154964747378,-0.03330613555037621,-0.027485794451992115,-0.013811052517367231,-0.05747656671466367,-0.10492508402503675,-0.1371423582711735,-0.10954997355906079,-0.023140787256438186,0.0,0.1,1.0,0.1,1.0
0.0016596953312555268,-0.002648833172575131,-0.062472607475590976,-0.12225033083802711,-0.14234427519445164,-0.14150226217377307,-0.11545727316429988,-0.07593542393469387,0.026499662882271152,0.03595449735068498,0.07736906700602467,0.0,0.1,1.0,0.1,1.0
-0.026736013943475318,-0.02499955998446736,-0.04012838159234386,-0.03093716960447036,-0.02371553563177386,-0.06641601475353093,-0.032834884899880505,-0.06365754671006495,-0.09306187228108734,-0.08368660874658566,-0.060365530040931197,0.0,0.1,1.0,0.1,1.0
0.04662645531233238,0.07143449134722665,0.06743856672052982,0.025731216424709796,0.03642743612550611,-0.0005555971670554508,0.0353621080192452,0.03837180969653828,0.057942744618814046,0.03012565246673115,0.018880123896702294,0.0,0.1,1.0,0.1,1.0
0.03323327281969881,0.06596535524361964,0.036763816805973015,0.05842481163170657,0.05272065796115631,0.06052302752976879,0.10173215409963776,0.05374973610322555,0.10818945008039407,0.10399342464581869,0.13616074317040272,0.0,0.1,1.0,0.1,1.0
-0.12445973111166517,-0.11658737185038263,-0.15605874596228736,-0.12573777392608496,-0.12855805625154995,-0.14021147982522855,-0.12976159210477523,-0.17559269512588466,-0.18509866514604228,-0.1563379252646567,-0.08004206719262083,0.0,0.1,1.0,0.1,1.0
0.03832054723207379,0.006521820516262801,0.005311005786917295,0.008684135396044094,-0.012408650468575973,-0.005943250032018946,0.00028999632891908884,-0.021050023128670502,0.032176104720406086,0.09745631882964528,0.05800801102808429,0.0,0.1,1.0,0.1,1.0
-0.04720695132401474,0.028405555315250144,0.0027897578105854776,0.06192677986002663,0.05801559917520977,0.0595506739494666,0.05795163674465735,0.03472238732871538,0.053429374044650105,0.05446332994651014,0.0783004563986171,0.0,0.1,1.0,0.1,1.0
-0.1029104818325173,-0.06072699178637421,-0.03243137968627844,-0.007594861033720941,0.006075880604670483,-0.013421878559529647,-0.009135075875211085,-0.011595956256339163,0.024062804842488236,0.03264791321862363,0.07359854142183062,0.0,0.1,1.0,0.1,1.0
0.0892253615261039,0.05318889838970841,0.012897518501182363,0.03451348401309032,0.04422517566672043,0.06871397236022805,0.08941044490583863,0.13608329345244122,0.11554667261491224,0.054157277468584314,0.1045359557557308,0.0,0.1,1.0,0.1,1.0
0.006771765963001598,-0.022478832678408146,-0.01039012869367552,0.02127548145797091,0.05232481589331072,-0.010167437276027334,-0.03847716976254623,-0.056100463364907344,0.019751523526758713,-0.038653490479355,-0.071070609839784,0.0,0.1,1.0,0.1,1.0
0.07265462220197666,0.014512000319355914,0.02615715340638626,0.027387457175850973,0.05213523740881178,0.005569549477926268,0.010032461074240311,0.014707338331330172,-0.034029421442901164,-0.012557367470279433,-0.02785051110693797,0.0,0.1,1.0,0.1,1.0
0.03393955269270162,0.012673837527411996,-0.0016565927810650392,-0.006706482122992897,0.007143466750110365,0.036281801565319294,-0.008750055049275222,-0.0038289193014948092,0.042539569454476796,0.03138378324751721,0.0026411002940323614,0.0,0.1,1.0,0.1,1.0
-0.14251072684315846,-0.09663445139947352,-0.07424969641546664,-0.031251455549634787,-0.018040435987891908,-0.022111061383280502,0.005649385382089894,0.01092853645029759,0.05831999119738417,0.05140126778363978,0.019602407605421743,0.0,0.1,1.0,0.1,1.0
-0.020862504082287524,-0.03049390227447126,-0.06690781037086099,-0.13075108347115452,-0.12595378306831226,-0.09566952151594846,-0.10339466769624785,-0.07407415243936509,-0.09651608279275958,-0.05923613491831642,-0.036157012449401615,0.0,0.1,1.0,0.1,1.0
0.08460439870283398,0.04098735780940527,0.04554855224264081,0.040510976806442105,0.07706758240130382,-0.00804064217642693,-0.015037377170344524,-0.04955243929121797,-0.08161163687442116,-0.09019573310697507,-0.027818839315141848,0.0,0.1,1.0,0.1,1.0
0.03654950892910454,0.047166835093457676,0.0543281254152675,0.08471864031984772,0.050731405719555867,0.03040967472577883,0.036878172809145016,0.02687626112755141,0.0138707690554003,0.007099442031600029,0.04690341378174078,0.0,0.1,1.0,0.1,1.0
0.09411114107053768,0.03047906025306381,0.021414104535579723,0.024710280075376775,0.04311568008486959,-0.011467414746452291,-0.060595287103808446,-0.03324607997043158,0.0025452522536391214,-0.019615383861931804,-0.03914884379040433,0.0,0.1,1.0,0.1,1.0
-0.031911970660712136,-0.041197426656983324,-0.03983825376954742,-0.06285756067459652,-0.08996928671008611,-0.07420494762686893,-0.05357635262130443,-0.03811518417477754,-0.05243922878052829,-0.061909762340467245,-0.11146101077809424,0.0,0.1,1.0,0.1,1.0
0.03189826437626522,0.03835505511479893,0.028520414745379086,0.049942984888036876,0.09211004035581237,0.13751977623592068,0.18088374746336322,0.1637442298274214,0.18241685229845653,0.11956308568114421,0.1380634085106875,0.0,0.1,1.0,0.1,1.0
-0.08819234493537703,-0.1315405286565759,-0.10021627383379482,-0.13125847808420388,-0.05458508598834105,-0.02872722076346331,-0.023205024007481482,0.0708964716457569,0.034518253281673725,0.03249064661164489,0.045363469237591915,0.0,0.1,1.0,0.1,1.0
0.05578571772961423,0.03734191200093132,0.03471346923460718,0.043648747723839025,0.09568366259457482,0.100551362488075,0.12240089560444359,0.08184000789506293,0.026265002518424035,0.004661930869533898,0.011253887269864546,0.0,0.1,1.0,0.1,1.0
0.04505463464426708,0.046913771143936966,-0.012459428709573929,0.026856131262685563,0.04572434104477703,0.009408651041561591,-0.03405770534987512,0.014943536212352452,0.018908074795397436,0.00899595428506729,-0.021376816614084016,0.0,0.1,1.0,0.1,1.0
0.04659122868345909,0.05248887624332353,-0.03185027566846853,-0.02466560644245867,-0.015616664109869359,-0.007158754973530605,-0.051164244336171075,-0.05097459473182988,-0.040622113041850046,-0.016233460027781428,0.0496138434820641,0.0,0.1,1.0,0.1,1.0
-0.033579683972665766,-0.09493990800503474,-0.12452285072916383,-0.0901324154809752,-0.07611466813314599,-0.0658137751861569,-0.013633972860395999,-0.0437435692043949,-0.028159908660776042,0.01316078628808403,-0.04450227186782085,0.0,0.1,1.0,0.1,1.0
0.08525638250690971,0.0827270439471022,0.05907172883639675,0.0777263113418418,0.048618960467521496,0.07287298036537455,0.010025775565750822,-0.007860383240593922,-0.02605530549897433,-0.0744642706192473,-0.03829240973809371,0.0,0.1,1.0,0.1,1.0
0.0963372650476434,0.08552374308311814,0.08150438281682591,0.11022119163399793,0.10104581631461454,0.07024514567977802,0.06098910583436152,0.003449825122146352,0.0033990408338393065,-0.01949990121863975,-0.032924172200441776,0.0,0.1,1.0,0.1,1.0
0.1417314255176312,0.1847383736767515,0.19162101096401632,0.1806717781043059,0.20752192010836534,0.19532894606425924,0.1720259270113947,0.10565842398267178,0.110361527343032,0.14881403464630544,0.1200478637428046,0.0,0.1,1.0,0.1,1.0
0.017276106256458545,0.03303108951461141,0.017130298712202542,0.07172145910275425,0.1108700806535748,0.0907225438839692,0.07417994673901199,0.11849416278536634,0.09800232509100201,0.1054185022899891,0.12221241128666324,0.0,0.1,1.0,0.1,1.0
-0.027736321531430384,-0.03776208635606611,-0.022006832479023068,-0.037468666289125936,-0.06638013709924499,-0.062210697067429904,-0.0743245839858409,-0.12877310541670164,-0.10475541198907759,-0.10336010523674809,-0.12136467597425932,0.0,0.1,1.0,0.1,1.0
-0.08108299874354509,-0.09223956100492495,-0.09960977744349309,-0.043877539250471345,-0.04235531932455888,-0.05963134366645105,-0.06459162203775844,-0.03914386581036433,-0.02106831828198727,-0.05433342696318441,-0.0017984704258205003,0.0,0.1,1.0,0.1,1.0
-0.02360867649318228,-0.023974784867083716,0.03774167856762367,0.027689984116998724,0.004530491611560758,-0.016326460751333635,-0.03625231157733931,2.9021919930795337e-5,-0.06986438352833454,-0.03809627049419356,-0.04514215021120653,0.0,0.1,1.0,0.1,1.0
0.09818835330311484,0.12033106695597226,0.07532283870447071,0.032411790836084926,0.004888097697433799,-0.06792297297523259,-0.0415718280567956,-0.03475459695533328,-0.10058955621056523,-0.037143412073684406,-0.02431305802878491,0.0,0.1,1.0,0.1,1.0
0.057627331049859926,0.039779136728024196,0.007026427298819145,-0.0016623156475862174,-0.007012901479060106,-0.005855795882756501,0.0021560759737672963,0.025629530262053373,-0.02120892493384711,-0.055818504199055895,-0.047271564376091764,0.0,0.1,1.0,0.1,1.0
-0.12927944060840296,-0.147489565520211,-0.16453097529858587,-0.19128494366672832,-0.21076483517189856,-0.2094622119768618,-0.18126784295017437,-0.20025426997423773,-0.20667624200054915,-0.23551920689380149,-0.23981807034342298,0.0,0.1,1.0,0.1,1.0
-0.012409243518170245,-0.021356803854801567,-0.03347596646561865,-0.07097747692509142,-0.056686133483964195,-0.0424329213775599,-0.07085809203652688,-0.08693227175109142,-0.07689210884026071,-0.08580330250051124,-0.09167290059526173,0.0,0.1,1.0,0.1,1.0
-0.04297782507945194,-0.0028506883867139843,-0.03897992300594468,-0.031382252489252443,-0.06083963330113347,-0.0475103261547871,-0.028064217960161633,-0.0418958012622279,-0.066920802820264,-0.03615997085286293,-0.028191494746750905,0.0,0.1,1.0,0.1,1.0
-0.03040664362530513,-0.027845501657064033,-0.0465785536365914,-0.1011132116995747,-0.11204643851560911,-0.12134840055610585,-0.08569660998271351,-0.08589765756364921,-0.07830516016951726,-0.057030201709373035,-0.09770593032560149,0.0,0.1,1.0,0.1,1.0
-0.06125390964260706,-0.020038867872945787,-0.02221254716520152,-0.0273079733906965,0.011979166556834418,0.027784014252478527,-0.004398395908534591,-0.01998074862411102,0.0034565748640236794,0.03375590016412279,0.03190517120938284,0.0,0.1,1.0,0.1,1.0
0.09113592135201895,0.13922208420787113,0.045507785749964044,0.046593774343195574,0.036879781578308825,0.06341776997038268,0.058720678007008045,0.0924520988561568,0.06303677699964562,-0.023530589539368332,-0.012966480899752502,0.0,0.1,1.0,0.1,1.0
-0.1299397594828526,-0.1471516512207195,-0.13413704558433057,-0.12948051457443424,-0.10612134761949403,-0.05698094780854893,-0.01719701144508934,0.012307073144972654,0.023399659244947107,0.024435086549700828,0.029708426969174143,0.0,0.1,1.0,0.1,1.0
0.1673919864538386,0.19229124807740042,0.1785149274399917,0.15019543880292024,0.11946623176506145,0.08020024793294474,0.0770967013060384,0.03272325273633822,0.013090744939632158,-0.014571308462291014,-0.0034320422957454574,0.0,0.1,1.0,0.1,1.0
0.0393802489113551,0.037861652027022824,0.08665171252041828,0.056971568428802535,0.07866532853971464,0.07970666934478533,0.05004326268809818,0.11003330324992758,0.07511344553250211,0.04662682063922731,-0.03242642864797318,0.0,0.1,1.0,0.1,1.0
-0.050405158252810604,0.020949486828894366,0.016193564691174313,0.0635083996036124,0.06596134100903578,0.03519310464568714,0.01829964321319332,-0.009857344349636546,0.0011260988338872048,-0.008654784542214794,0.02783071293720943,0.0,0.1,1.0,0.1,1.0
0.03682052438844393,0.0606378572431044,0.04923582566195784,-0.017346862528525478,0.030286824576016783,0.08608265507874056,-0.01978978254350776,-0.022556336434263656,-0.09520798840086063,-0.10079855383548691,-0.09280022285121112,0.0,0.1,1.0,0.1,1.0
-0.08000874975262527,-0.09051042855939495,-0.06630617913184936,-0.08320568184256764,-0.03203918373940918,-0.07324166076280597,-0.12506520811176514,-0.12177873430809287,-0.1807344970039525,-0.17855865630361323,-0.16342031994267475,0.0,0.1,1.0,0.1,1.0
0.08054979720751454,0.09454634916629404,0.05876383000396239,0.019912679886539414,0.04879767810206198,0.054465083589419046,0.04688344512662088,0.04051379681594095,0.03943452782114731,0.05099058260609414,0.031609922714274485,0.0,0.1,1.0,0.1,1.0
-0.10801353099404698,-0.012272813481197895,0.014299542086218274,0.027771839073782063,0.03160669405451201,0.05282209904064748,0.0330041056719512,0.0380441188878706,0.03423009767131652,0.05963953253360123,0.08217642489426766,0.0,0.1,1.0,0.1,1.0
-0.004520954149454097,-0.027437579027237816,0.0051148750179170165,-0.009703506592146577,-0.02604439262256819,-0.022811782862450742,-0.0019320264105613556,-0.048925944565423596,-0.050289073381994356,-0.0510219068377188,-0.026289692234996442,0.0,0.1,1.0,0.1,1.0
0.006021418001003124,-0.019886302083736495,-0.0016050057833667947,0.0009209323741464488,-0.014430160036924489,-0.013273087479323271,-0.013491986536355097,-0.015520226645912842,-0.03129594101751579,-0.014204155341118973,-0.023533000889498376,0.0,0.1,1.0,0.1,1.0
-0.0011906577107274,0.005696475688449568,-0.008609167123568406,0.0199908906404541,-0.0014022293682112996,-0.024087786661379673,-0.03092831736803898,-0.045894010851568245,-0.06231278220538726,-0.0444960847340424,-0.0709538154416322,0.0,0.1,1.0,0.1,1.0
-0.00011232600996812284,0.01436328932574534,0.021298505875160877,-0.04886403584985674,-0.02761509019134435,-0.012167378510195052,0.003336069326736321,0.003983479708122566,0.023572550265718643,0.007188896023007589,0.024372797444797267,0.0,0.1,1.0,0.1,1.0
-0.10018104919382055,-0.11996217295589687,-0.09275727768756062,-0.09693858225688531,-0.04823301181417666,-0.07129718796277132,-0.06320071672230096,-0.08411086615430954,-0.011580370238257781,0.006700018867270386,-0.021579249971839642,0.0,0.1,1.0,0.1,1.0
-0.03921555806263933,0.013690001617970446,-0.00028134859836344804,-0.0369360599513719,-0.05184417131722284,-0.10310469046797047,-0.12803966922672494,-0.08202212057629757,-0.04694866852138471,-0.08045023784687402,-0.022345336113836295,0.0,0.1,1.0,0.1,1.0
0.03047384831337248,-0.012982127163169925,-0.015804834969260526,-0.05121841326321249,-0.07133025244375726,-0.03230038331087968,-0.05584850009981806,-0.05145550238917416,-0.017283241094803357,-0.01898930335734004,-0.0559503739906863,0.0,0.1,1.0,0.1,1.0
-0.10648166054198141,-0.11521204673963199,-0.08278372734182289,-0.039906440520114,-0.042069919228003745,-0.03143480660146953,-0.01147998484945002,0.03524453688618027,0.1116421676312389,0.1727168158089673,0.1948516021396388,0.0,0.1,1.0,0.1,1.0
-0.005557324438728573,-0.048745842230990155,-0.013289795131451183,-0.03616222695013671,-0.02328925628362346,0.03721970756140859,0.05883305809971895,0.043551771540640584,0.1390726358048629,0.0943494352754296,0.07185166066305138,0.0,0.1,1.0,0.1,1.0
-0.01038294207761503,-0.057289904619024265,-0.05663307956325123,-0.09508475757048905,-0.0870922742652668,-0.133914697931625,-0.17510072482116104,-0.11496272499811643,-0.09467258689779726,-0.0626497952373924,-0.0002948345438250066,0.0,0.1,1.0,0.1,1.0
0.04508925766160027,0.04815739928348603,0.057796879024277575,0.04355607162247138,-0.006893807373883662,-0.012604169868004219,-0.07572379381293862,-0.06500971281689631,-0.029942910374810564,-0.04876389143962784,-0.0036726252095070355,0.0,0.1,1.0,0.1,1.0
-0.04637539850108543,-0.08572089654501437,-0.07654916753405945,-0.0759477338867418,-0.07401579355578712,-0.06916468224060235,-0.1242389434690053,-0.08607189227231547,-0.06346023369690001,-0.0755624461854145,-0.03785213505247777,0.0,0.1,1.0,0.1,1.0
-0.07747155168971766,-0.07238167028812101,-0.09167212547401614,-0.09284092519582578,-0.06275381209536132,-0.07431185781320156,-0.0416496060896874,-0.022456813672581052,-0.03503401412596775,0.004519751391423452,-0.04026069377067315,0.0,0.1,1.0,0.1,1.0
0.0009018792386089433,6.270818203326224e-6,0.04792035298933854,0.04208529095519877,0.02878220517420901,-0.005518608030028772,-0.02391947012495766,-0.031102701965471394,0.039025715699766844,0.0986949039868808,0.11697253936046113,0.0,0.1,1.0,0.1,1.0
0.1001222143218913,0.09761903351252553,0.06769577891614734,0.07130691608903791,0.09864673889867884,0.11416766046749811,0.08586445028177604,0.11928366367031304,0.1716895772660935,0.15143764646104793,0.18662741775683933,0.0,0.1,1.0,0.1,1.0
-0.1470278581945256,-0.10721003957101631,-0.06735557264182176,-0.0919212626636895,-0.12186401861144354,-0.09353832687406793,-0.058801066729316634,-0.045264729000282784,-0.09283883774362871,-0.06680349867309791,-0.03503935075183602,0.0,0.1,1.0,0.1,1.0
-0.0033624157240793526,-0.011554555361321505,-0.019203950800682174,-0.07137230725538174,-0.029194613996481163,-0.0055597345972652305,-0.06238334398978065,-0.06061715209260492,-0.03933433208346136,-0.02222486667066797,-0.0035060839724386506,0.0,0.1,1.0,0.1,1.0
0.0043466960939157525,0.03016879159115471,0.055889197159219584,0.10505469500021165,0.017179536318322586,0.02076898717982583,0.013425793322241426,0.02958245956887654,0.06249999329284946,0.08577489912096464,0.10021939392189026,0.0,0.1,1.0,0.1,1.0
0.02876884608232069,0.031156524060791186,0.043289961693789125,-0.02415908606889737,0.034987584973364516,0.02285742412399141,-0.02374300004467998,-0.06680474363009226,-0.04349299895971999,-0.03423221624635429,-0.009540284074144357,0.0,0.1,1.0,0.1,1.0
0.028868975238083815,0.005918314795230445,0.005917448086507065,0.005988360165205498,0.01897547777486635,0.0060739931417942965,-0.022461019614221308,0.0625289083443891,0.03748857762700058,0.03690090667321924,0.04497833821049592,0.0,0.1,1.0,0.1,1.0
-0.03183123273375053,-0.04685396244003399,-0.061621688701827576,-0.02454255893402553,-0.006042560246369597,-0.003701381728470226,0.020082665387976886,0.007180968712338826,0.05479241230814511,0.019904817062306707,0.06222865968731692,0.0,0.1,1.0,0.1,1.0
0.025402761820643664,-0.03026016334756358,-0.06302036242617018,-0.024292922773614813,-0.01797364446280477,0.027185318048085248,0.026279597972581215,-0.013656010912244838,-0.010138818192416946,-0.005693830555459021,-0.025492703620145867,0.0,0.1,1.0,0.1,1.0
0.050973191719725364,0.08437789641877536,0.08535112166098424,0.053407648181999584,0.11967407019179263,0.10983271968945806,0.09780747491276859,0.13356842014979536,0.10688273947783875,0.07639437796546826,0.09058989116672167,0.0,0.1,1.0,0.1,1.0
-0.0022740666832837654,0.023653615809987677,0.03778188864910599,-0.007091813907950252,-0.005351653016584904,-0.0033772559090645545,-0.00722550627610766,0.027634333425324398,0.05432980285649136,0.03233915539200834,0.004530858926153521,0.0,0.1,1.0,0.1,1.0
-0.11051140874717258,-0.11005976597174452,-0.11010503091345576,-0.028152213087407618,-0.0052665084648853,-0.019631909591702475,-0.01680767214452563,-0.06285472523371315,-0.10097384798700555,-0.0628064549367049,-0.012452114028257869,0.0,0.1,1.0,0.1,1.0
0.0004907691611138465,0.0462599279137612,-0.0029356090897860454,0.033852205611003945,0.0018156298767658882,0.005454657376552675,0.03484308442580084,0.021028111069962847,0.03202374396057027,0.08209475612414997,0.07023049384247713,0.0,0.1,1.0,0.1,1.0
-0.04073614486784362,-0.05932549764467251,-0.07264757758695346,-0.06452635178583016,-0.02598683755416751,-0.03862903684966859,-0.06667703352085051,-0.08231937073651135,-0.09450869006939139,-0.11300176300399034,-0.12176217487872999,0.0,0.1,1.0,0.1,1.0
-0.030638227128841518,0.01234138086194218,0.014436721671688786,0.009359055441670674,-0.04092982787219332,-0.030072609740702312,-0.01748536424263357,-0.012984523435190857,0.017893650908424097,0.09480906963868987,0.038086418490362595,0.0,0.1,1.0,0.1,1.0
-0.0765640539251051,-0.043227477666066286,-0.039051136034878337,-0.024813779154859824,-0.0018797942337860328,-0.0279533118260808,-0.0015510546411028128,0.001511928168659182,0.02145833223234934,0.024115709014426147,0.0005150387224379833,0.0,0.1,1.0,0.1,1.0
0.10510216324546333,0.13329947325746896,0.1387987935563793,0.11872762644533216,0.08090222933241561,0.07057462513699152,0.05996752996383687,0.05348435594142062,-0.019983657999554948,-0.05274220537276621,-0.007962987333858751,0.0,0.1,1.0,0.1,1.0
0.008034815456077477,-0.020340740455408395,-0.017197331842634014,-0.04874039458070495,-0.05168602831950232,-0.009915965794673201,0.024152946210541232,0.02785654324429844,0.06728878100407784,0.07453928669928847,0.031576999150215224,0.0,0.1,1.0,0.1,1.0
0.10694440153002048,0.10107937843984349,0.056003199342652424,0.053042784064517706,0.07193926428056464,0.023943549233459288,0.02079548245457271,-0.037201931511653547,-0.06412208851749006,-0.04941546776847303,-0.06947515317230651,0.0,0.1,1.0,0.1,1.0
-0.02501247181853926,-0.039923633328564606,-0.0031269693025992307,0.047711838875390655,0.04282935494645681,0.04090486871895708,0.02414776532617515,0.07834894936836158,0.05417162768877977,0.0026401303597582415,-0.03000735797271171,0.0,0.1,1.0,0.1,1.0
-0.0063190396011483475,-0.006497653393201575,-0.009126271477436755,0.0056366861060263476,-0.058894213304816284,-0.016306977500611053,-0.02503037419145454,-0.01807995979961373,-0.014771553943848272,-0.0067460612246070025,-0.019347503472181102,0.0,0.1,1.0,0.1,1.0
0.08988431767502976,0.07286352334872151,0.10307762094224801,0.1182056361055202,0.08154076778380437,0.03990537060839907,0.024949707458920417,0.006052529389804318,0.030565730899348557,0.03299309509352534,0.031868983638070184,0.0,0.1,1.0,0.1,1.0
0.04074588223678788,0.04817864279412914,0.04390214686593292,0.04509196392841572,-0.01942676373334236,0.02330970705910408,0.060457082248180784,0.08547288816678196,0.033032326944336575,0.04491569628652167,0.02822104293137257,0.0,0.1,1.0,0.1,1.0
0.03003479835146923,-0.015999248019328744,-0.011990232436959642,-0.030954597703404273,0.021094016197000878,-0.01479545781461256,-0.056959519055142696,-0.08738579557147938,-0.05667592578314795,-0.14499846499647562,-0.17709865210580822,0.0,0.1,1.0,0.1,1.0
-0.015326794751589592,-0.04663923189654091,-0.06614211557131433,-0.08113238261531054,-0.04117739050881624,-0.05702983486222596,-0.11314499775283786,-0.09209949281149249,-0.07087933810039647,-0.08172230510134638,-0.039458243440828204,0.0,0.1,1.0,0.1,1.0
0.04345690804042655,0.018400374204729914,0.000883455470581284,-0.004032542441316866,0.011870377844663122,0.037952668424528206,0.04598207994656004,0.04756184483135289,0.03887759329663376,0.023130829188954427,0.050385455090120525,0.0,0.1,1.0,0.1,1.0
-0.06978963252656468,-0.10846675937181649,-0.13924955308599468,-0.11507898567218489,-0.05711780027673927,-0.06851560483003924,-0.045294124822761586,-0.07444430128808845,-0.06595539502907863,-0.0545929462125449,-0.0682520786239176,0.0,0.1,1.0,0.1,1.0
-0.056156605782757434,-0.019582803639868435,0.018000613910851074,0.06068428365290709,0.06356388312738274,0.06063665633236842,0.08567248665692553,0.04886509416578602,0.018646339572764882,0.08592224957603269,0.10511117826795095,0.0,0.1,1.0,0.1,1.0
-0.07833764899013271,-0.03721223847829734,-0.12043605280642117,-0.06253159953615159,-0.05665575482690515,-0.06017248627752484,-0.053616209435848855,-0.045452241487064116,-0.037658342079718674,-0.013690297097176316,0.03373782834044044,0.0,0.1,1.0,0.1,1.0
-0.05246041820655092,0.012119723108772712,-0.025815606990984192,-0.06750854842802613,-0.07678745107780278,-0.10063456243291896,-0.11194398212171214,-0.12222289673332108,-0.06336028756486203,-0.095177729003697,-0.12085677142053339,0.0,0.1,1.0,0.1,1.0
-0.06895177557397969,-0.08389892273818791,-0.0963193875071157,-0.06885211546396669,-0.0950248522423455,-0.11680732983020517,-0.10064952214929046,-0.12866821733250286,-0.11427208939820302,-0.16457798171927018,-0.11183479621743325,0.0,0.1,1.0,0.1,1.0
-0.05321583796400498,-0.046065519453729206,-0.04277483356217085,-0.024718233235377026,-0.0036567275249132086,-0.01636626278236832,-0.020020264326910606,0.01938357583786235,-0.006908605349633588,0.03366675429047431,0.06885588358055447,0.0,0.1,1.0,0.1,1.0
0.03809069312766762,0.06469907308576692,0.08133653878703219,0.13055728301728997,0.17785823361967107,0.1817088424433946,0.15399399455743207,0.10033281191593224,0.0897296470539494,0.06883633916863913,0.09375787286438561,0.0,0.1,1.0,0.1,1.0
-0.051938598344894504,-0.01683075034741123,0.01282182366927755,-0.058028209634653403,-0.015637907867458493,0.05923747888812046,0.06028165604625061,0.02156458071184439,0.00913115196439769,0.04418022735900928,0.02832473889403263,0.0,0.1,1.0,0.1,1.0
-0.09104424309941367,-0.11451604553501965,-0.09139544772538533,-0.11289841747053694,-0.09671246282778444,-0.09725622908578653,-0.07402829436730142,-0.08387614138761514,-0.09643689768472297,-0.08605186721134825,-0.06552079279038624,0.0,0.1,1.0,0.1,1.0
0.03461504164669884,0.04178634817021342,0.03685612724639376,0.026269857108896878,0.05787142765030731,0.07476168901009417,0.03278212126447464,0.038993039648792936,-0.011367238081751087,0.018053680033157438,0.03267548456891621,0.0,0.1,1.0,0.1,1.0
0.031806144146835136,0.059927604635401685,0.050454144749218374,0.029984230079382966,0.005808382157783343,0.03282812713678357,-0.020179889852445697,-0.0012617386891311637,0.052818368380841495,0.049743722787059665,0.05495528022753189,0.0,0.1,1.0,0.1,1.0
-0.08188185262436704,-0.09367747670704621,-0.11937309786670927,-0.0920495826348637,-0.060289565195505865,-0.10488367439613652,-0.12480273601743672,-0.14116210023902112,-0.13351700650467427,-0.10722584665614639,-0.11772514040188173,0.0,0.1,1.0,0.1,1.0
0.14523384579307033,0.10704805384602843,0.12598060688172,0.04601652856102348,0.06907664158408007,0.10966115492672995,0.07312889684660963,0.05923489989075811,0.08205928696314624,0.08842938749434949,0.07039665780518842,0.0,0.1,1.0,0.1,1.0
-0.020126754359620795,0.024012629799196123,-0.02630516785817891,-0.02452161615254269,-0.032993088656510565,0.0032632829083068457,0.0022769458074417903,0.007588458544736788,-0.019908826866272447,-0.05148834325635536,-0.05729358285955763,0.0,0.1,1.0,0.1,1.0
-0.016336696512111965,0.0038110267151006717,-0.021346432915147685,0.011277153557886235,-0.009519542515767783,-0.03922382146531169,-0.02303733517227141,-0.02398597609527566,-0.02845327066883798,0.0054479842749003415,0.008210532431526103,0.0,0.1,1.0,0.1,1.0
-0.022535710348137433,0.012562704955646535,-0.02845578693786146,0.009486855495172135,0.07501768675440496,0.037941977418839645,0.04237250325894665,0.06775274327875586,0.10987766232463088,0.12092756213766977,0.12885355784819047,0.0,0.1,1.0,0.1,1.0
-0.018581860949260547,0.01937629913146506,0.0060783881467828624,-0.02949936675276492,-0.01582433454181545,-0.04670801058228212,-0.013051552782682118,-0.015174460682688452,-0.03661826734411527,-0.027355928316991112,-0.003946363428047762,0.0,0.1,1.0,0.1,1.0
-0.0587529569349828,-0.08683455679493507,-0.13641589608314542,-0.10630474283669593,-0.06217211475219362,-0.07803253052823564,-0.07753705462933076,-0.045975231617765566,-0.049086722737049865,-0.02411309699246201,0.007829825570255057,0.0,0.1,1.0,0.1,1.0
0.08411990715127142,0.061769560818478654,0.0488419900965302,0.04090646206650137,0.03424711863877226,0.14564134158469016,0.13049975439610398,0.1247232651508467,0.1015764364175353,0.051675332384924645,0.09338269019639493,0.0,0.1,1.0,0.1,1.0
0.10617294523225163,0.18861677115721207,0.16954183247921006,0.1778792207145031,0.1673373481872225,0.12641291984625794,0.16769068267288123,0.16222634025871177,0.1861685218168594,0.14613200281976035,0.10709694976344795,0.0,0.1,1.0,0.1,1.0
0.036934266875705,0.02483196269017867,0.015874062078431964,0.06959269088711773,0.05504938055676524,0.019015440213008224,0.010418211303118066,0.023670400272655483,0.03284425864756429,0.02198713329938204,0.09959028470789792,0.0,0.1,1.0,0.1,1.0
-0.09605855506161849,-0.017688480050719893,-0.02117035819454992,0.01927284065285743,0.015049855076678777,0.0569931706584242,0.08867502439988445,0.01949817395803518,0.029937635861228107,0.053011723378591676,0.045286329625657915,0.0,0.1,1.0,0.1,1.0
-0.06341981921574649,-0.0415709706187091,-0.06621939860213474,-0.07088470675199322,-0.02010523455616165,0.015415422197429234,-0.015945087398518305,-0.06182203240168331,-0.04081251102995923,0.01866178171437609,0.047303703041202405,0.0,0.1,1.0,0.1,1.0
-0.003421418657498654,-0.004339090649338403,-0.05613428311746456,-0.04721643058176316,-0.06854400339478818,-0.03678261988039921,-0.019690763953873383,-0.003408635672993347,-0.10749129801261478,-0.10483016012840779,-0.10818899784301116,0.0,0.1,1.0,0.1,1.0
-0.007332352486851435,0.013561247403620401,-0.03398131136378224,-0.0002625130930816455,0.027624837919487957,0.014559293313930481,0.03606947209472081,0.09629069925727467,0.056896417815751665,0.07587176843667634,0.08662341813065907,0.0,0.1,1.0,0.1,1.0
0.09277301256727359,0.13860892920790577,0.205427925124221,0.17050384660178775,0.16242820135472133,0.1187125624513827,0.1316393703183783,0.13224972638755447,0.11781154460343163,0.1391090313195565,0.12824000430354876,0.0,0.1,1.0,0.1,1.0
-0.06844393476072391,-0.060313168682052026,-0.07306038870824383,-0.08906991192201344,-0.08366968544608978,-0.06965499997377704,-0.05257789264965752,-0.09802582566871013,-0.11353723336023828,-0.048346210582578784,-0.055720609929199395,0.0,0.1,1.0,0.1,1.0
0.042648757910384645,-0.013771291782938802,-0.0018885225012879661,0.006954684890369287,-0.021073785508455897,0.027254334035084003,-0.0035592518477592927,0.020401791821808728,-0.020904714683435046,-0.03450663312960394,-0.01662381318773938,0.0,0.1,1.0,0.1,1.0
0.03594046555884561,0.0021917266672638394,0.012365839756650081,0.01955823259359853,-0.002791167303406155,0.016512527401985763,0.03128194616551944,0.03431227470202098,0.03771683129561498,0.02636285588041943,0.016879188879585838,0.0,0.1,1.0,0.1,1.0
0.08986846593803957,0.018951579095598137,0.03448087905267849,0.04017439422506485,-0.011101034406821371,-0.019536161530846335,-0.01985537384840189,-0.044788411148117976,-0.0524660934913131,-0.03186757310753516,0.0024418663066983343,0.0,0.1,1.0,0.1,1.0
-0.07978885029353158,-0.12967377138844152,-0.16075168721705319,-0.12299130562444352,-0.1051608105861622,-0.11320794722237267,-0.13150986872247317,-0.09390414168618527,-0.03387995338468025,-0.03984094267631198,0.0009364047689474561,0.0,0.1,1.0,0.1,1.0
-0.006102671299174061,0.05346452362385539,0.0872490435189239,0.0879872905819287,0.07306370780086846,0.08810136345255386,0.07828392052802359,0.07440199964266808,0.022679316451655003,-0.007456651751986645,-0.03191296516793368,0.0,0.1,1.0,0.1,1.0
0.028083326648408652,-0.014348626889867398,0.005809324775308452,0.056935254000396354,0.01257046422293763,0.008429689131806764,-0.018751450474184816,-0.058770438302762795,-0.07107218741987621,-0.08543722536255963,-0.06156736127706728,0.0,0.1,1.0,0.1,1.0
-0.03548279755807691,-0.03844979832161827,-0.0465786303940217,0.0002976220497752022,-0.011075862916381046,-0.007252755420743287,0.04351971850562146,0.0305072393378958,0.051164892613642037,0.043857834024906873,0.025559677778099386,0.0,0.1,1.0,0.1,1.0
-0.02348921053848476,-0.013056778037372188,-0.03627512940458672,-0.07767385499143087,-0.10427839141690554,-0.10361996238189429,-0.04771817556590359,-0.07481050254675303,-0.0821537527583971,-0.03611733763357769,-0.012119437009975673,0.0,0.1,1.0,0.1,1.0
0.0020654567555059137,0.07632394728990675,0.0581948982917937,0.06912815134119044,0.05676844993866245,0.030978579265995725,0.06328990668147427,0.029891862528067116,0.015514349306017467,0.0059880839800702124,-0.03470394634352682,0.0,0.1,1.0,0.1,1.0
-8.59998762862193e-7,-0.006261699938152495,-0.03825259439956045,-0.07295424269624984,-0.07665177493246338,-0.05627480039475832,-0.039622506366044155,-0.051922255182983046,-0.011200567868861415,-0.024583520201489795,0.03567681890268552,0.0,0.1,1.0,0.1,1.0
0.05796051365603218,0.07232054116924234,0.12103205736490495,0.12541471331469317,0.10932952575716715,0.08927568596181687,0.05485446682997486,-0.020300831675935854,0.018088676742392937,-0.003121209919915005,-0.04172158387360012,0.0,0.1,1.0,0.1,1.0
0.003753878898589171,0.01320906698987725,0.008321529088689038,0.05064023997441815,-0.022919483753237303,-0.0248701910072089,-0.01957864767743019,-0.023819697124410007,-0.03188728727353096,-0.051569070160344725,-0.009949543352128047,0.0,0.1,1.0,0.1,1.0
-0.04369583167220288,-0.03652500249875276,-0.04225728182569136,-0.08533555323880007,-0.0021175792070037835,0.0029585551734911107,-0.03593719420411377,-0.04250167913514001,-0.06103439057923959,-0.07737387895072702,-0.04755971666710057,0.0,0.1,1.0,0.1,1.0
0.04399546890980208,0.04691951416398174,0.039940022204671674,0.05920425274177109,0.01600670918525783,0.07033759041923092,0.11827444094848544,0.09089063874955913,0.061032853535704895,-0.00903310468529854,0.043162225645683436,0.0,0.1,1.0,0.1,1.0
0.009631884122652512,0.02231224875205127,0.01916121141997588,0.009162020509393298,0.003837895204549837,-0.007851673364343423,-0.09132320692113893,-0.1011946575930194,-0.08741667252552056,-0.06627491513802607,-0.014918732653450582,0.0,0.1,1.0,0.1,1.0
0.07291680657114458,0.11770200314051558,0.06860775843854502,0.08860507106649233,0.06325382532738849,-0.010095875821250232,-0.016114745602436854,0.02769722499664055,0.043119055889481304,0.09990370906667666,0.06260296526671741,0.0,0.1,1.0,0.1,1.0
-0.023925962783994215,-0.02848979161479469,-0.003750131627132995,-0.003458436392969994,-0.005360514692354969,-0.025647988596882814,0.021044382485776836,0.017664192886671135,-0.011850470615586757,-0.06156792463462711,-0.03414500697659,0.0,0.1,1.0,0.1,1.0
-0.008804440155545845,-0.028799538706264043,0.014363950111960316,-0.03859354339754324,-0.05875272292836026,-0.05707331256416563,-0.018175996612195863,0.03160022002723699,0.04892181000888947,0.07529540411473239,0.1038667796308677,0.0,0.1,1.0,0.1,1.0
-0.013742473045633547,-0.06362820094383217,-0.032067879695450524,-0.07844523367896317,-0.11066164419923041,-0.09770702096319589,-0.09851646168083561,-0.06962260635984387,-0.05687033380896649,-0.022437505841484587,-0.047985982596079835,0.0,0.1,1.0,0.1,1.0
-0.014462207432271956,-0.03650272583641536,-0.04493095296152285,-0.09623768700192722,-0.15416931961496982,-0.15402879497990163,-0.13133545205505456,-0.12131261117366911,-0.14836350606369045,-0.14917302415204203,-0.1296492018547588,0.0,0.1,1.0,0.1,1.0
0.05400895685892323,0.0480983982188433,0.0732283278651071,0.02174711772140065,0.016222346867029135,0.06895519062216365,0.03644148146668077,0.052036912927663215,0.05677673087982654,0.10894227209470204,0.09015202305173123,0.0,0.1,1.0,0.1,1.0
0.13257234492649206,0.10553198321187479,0.07314566713546873,0.07739475108195748,0.09377774262972317,0.06861644968870755,0.10353138096476402,0.11319110313854494,0.1000987165393791,0.06855012867509139,0.10744323740941222,0.0,0.1,1.0,0.1,1.0
0.12242610423722566,0.13528895155510812,0.13649142950392126,0.11813440821559103,0.12254754696316629,0.0920123247922724,0.07273231551727033,0.048215695055112,0.03496985831499278,0.023341781397571867,-0.016700639234580823,0.0,0.1,1.0,0.1,1.0
-0.02120359508511559,-0.000551347521824997,-0.05182498784651977,-0.023533194152993066,0.008122951191885323,-0.040469288036364376,-0.052897335080459726,-0.05374213055114171,-0.03015441155761084,-0.008617046469267902,-0.01162838832188731,0.0,0.1,1.0,0.1,1.0
-0.08231518917952765,-0.055615775178941784,-0.03914911478897282,-0.01545037932634094,-0.052844250048310046,-0.08761920761488917,-0.07110019064649684,-0.033075094693322385,-0.0012096940557966666,-0.014196462585750467,0.02113993553254301,0.0,0.1,1.0,0.1,1.0
-0.009920857565170922,0.002760538676827781,-0.01910127128535527,0.041142580112845537,0.04558865384421885,0.04013496377279271,0.06631015704376396,0.042990395041926116,0.045022675447115024,-0.043667739999850325,-0.014274027787996295,0.0,0.1,1.0,0.1,1.0
0.16062438209968535,0.10737451406688651,0.06611683715213088,0.022231547753712867,-0.002468389208527537,-0.04697247547187399,-0.03580801899159539,0.011357390250725782,-0.0009053121231153722,-0.03629705150971229,0.01818285816638407,0.0,0.1,1.0,0.1,1.0
-0.03732689648471946,-0.05999587542363091,-0.08785271028091057,-0.0628773345041772,-0.01812546631643442,0.004155336307881421,0.025341480051647127,0.050068319240830036,0.055840551817454336,0.014268371879327314,0.08547640756368828,0.0,0.1,1.0,0.1,1.0
-0.016337729524042874,0.014171782618924987,-0.0011166167165030747,-0.0008285194708311737,-0.02778138940604235,-0.03415074252551792,-0.09731804360033823,-0.0803047903809287,-0.06829739402067297,-0.07141817924531046,-0.0002779317226961342,0.0,0.1,1.0,0.1,1.0
0.03411222396872997,-0.0038520915610952486,0.05384535128611106,0.0593268178903698,0.10248513842488184,0.029951819616743106,0.0167225683482161,-0.07118302193067487,-0.07335765758761051,-0.013290900192327364,-0.016087124406447415,0.0,0.1,1.0,0.1,1.0
-0.027159381798054195,-0.04865526954970467,-0.10841378722203562,-0.08932848035933344,-0.058288423245705254,-0.054054742776659885,-0.06757374071426442,-0.10687930240051874,-0.056078997294668545,-0.0787865658381447,-0.013286444956357654,0.0,0.1,1.0,0.1,1.0
0.00877414213763718,0.00025157885574608827,0.025195373739123537,0.018101302837299105,0.055220657648558505,0.03032953237714853,0.02581847290154237,0.00403544224404994,-0.06559209581044995,-0.11501608428898716,-0.07650058186049445,0.0,0.1,1.0,0.1,1.0
-0.024500215577195214,-0.05888944459240071,-0.03469281791964632,-0.03410513074648308,-0.03309419455094706,-0.020695728241828797,-0.0667924502398283,-0.05910347118787875,-0.08161914637675599,-0.07102182079671493,-0.10161914322052736,0.0,0.1,1.0,0.1,1.0
0.028305678455518592,0.011496085860101075,0.019492295660816457,-0.004438003491753054,0.02248977971892259,0.051391495382538385,0.0005041317319777264,0.06652136796032689,0.08863916350965678,0.07418753162442218,0.09768765212919894,0.0,0.1,1.0,0.1,1.0
0.020285984720901613,0.017683722593209657,0.0003001173211851782,-0.02433728055696418,-0.072383559220671,-0.055013959516607765,-0.05333830447085047,-0.03613927670121809,-0.061716558632402524,-0.10372505298561127,-0.09952015551372075,0.0,0.1,1.0,0.1,1.0
-0.09803088925208818,-0.08259403785734877,-0.04731044465675599,-0.11293444602115714,-0.06636891075867962,-0.04043848157776835,-0.025577254233336122,-0.046408353398494445,-0.04634453914711938,-0.03883286765387142,-0.028150176162122145,0.0,0.1,1.0,0.1,1.0
-0.040694155015011974,-0.002250053831922977,0.004037899033637931,0.04785331836496783,0.10993001060630238,0.11868218692321177,0.07143443054827578,0.07820726033913376,0.07255328316690571,0.06695603061271392,0.00807046130404155,0.0,0.1,1.0,0.1,1.0
-0.013910846482453396,-0.025612007538868435,-0.08282930378655316,-0.054801670748386724,-0.06400990027826789,-0.057881330794842666,-0.03257353028650409,-0.06834389772444326,-0.10363441623968528,-0.08233874264905319,-0.0558997642206405,0.0,0.1,1.0,0.1,1.0
0.12272673101657457,0.08368730045855335,0.0811814290071969,0.08072933252000108,0.03611072905066729,0.06065530346846925,0.04900609175686778,0.03258851547946221,0.033418882547227746,-0.019722259618022774,-0.0508415896891784,0.0,0.1,1.0,0.1,1.0
-0.018518005093783162,0.018200345745636816,0.0181731501477567,0.016119445781727176,0.03295199323657453,0.06397155737535823,0.011932344354258946,0.05590904282320673,0.01985342504495314,0.0703598891922255,0.05467090327308784,0.0,0.1,1.0,0.1,1.0
0.05015332131020893,0.06921991135054416,0.12109735994922954,0.1385295440996768,0.10379788017398535,0.08446862512457724,0.13014897232135772,0.06553888848794201,0.10560509843987308,0.11531260523488457,0.14674873446784725,0.0,0.1,1.0,0.1,1.0
-0.0556643194150219,-0.037498124863115614,-0.0594024650301149,-0.05604514462660673,-0.0810816491373224,-0.042662403559615224,0.011532243892510834,0.03785008423916468,0.07341267523439501,0.029177982476863755,0.01805876541339537,0.0,0.1,1.0,0.1,1.0
0.01976631569333489,0.0645672727887226,0.09741162489379251,0.05422071411739369,0.0249478831366037,0.07385157118298075,0.08614140588814574,0.06000969419090331,0.07895688892426792,0.11138876335254914,0.04890806180024292,0.0,0.1,1.0,0.1,1.0
0.04509546554774072,0.06557905504687563,0.04499688745805153,0.041895638356247523,-0.009556354112390114,0.010593913791539893,0.01567341046348421,-0.003171488196344111,-0.05647204708409446,-0.019570950302723926,-0.004716981935994286,0.0,0.1,1.0,0.1,1.0
0.03263818934721428,0.01853533855597863,0.07888610095875472,0.09369043519928695,0.09077054508392651,0.0999230638859697,0.15084726989689426,0.11106842481451877,0.10964719710391622,0.09774470310557487,0.09615691243122133,0.0,0.1,1.0,0.1,1.0
-0.06434197149775053,-0.020984213799232036,-0.008341529654463897,-0.08217412083474658,-0.03568445632335106,-0.039158682833174696,-0.01785090327710089,-0.012726960620134042,0.021664590018845443,0.005203322596437668,-0.03151566336738407,0.0,0.1,1.0,0.1,1.0
0.1271032201181073,0.08248121056722091,0.0027301213008004283,0.019248471112373888,0.020899810534180475,0.020094856480871094,0.014853410467051844,-0.05623665883199752,-0.07497778826106777,-0.1562288363009058,-0.10063187819362607,0.0,0.1,1.0,0.1,1.0
-0.039131845419163716,-0.039531345812728866,-0.07793823673360861,-0.03977762405799127,-0.06044569872237971,-0.044663334251240236,-0.021142139776762027,-0.01266216747387613,-0.01698835647232795,-0.052696796397086895,-0.004835664829475943,0.0,0.1,1.0,0.1,1.0
-0.057175212480151914,-0.08232637497905138,-0.0803588885587245,-0.11677693005611203,-0.11446293745744217,-0.11055000363063644,-0.1064654806234927,-0.0707424035536654,-0.061669438213819074,-0.05829814427921931,-0.03340237980690212,0.0,0.1,1.0,0.1,1.0
0.0631024502474276,-0.00575503722465303,-0.00951346504442275,-0.005688570375117991,0.03994490903244757,0.06877162626512211,0.039056900121203685,0.06037758051092527,0.040647500863261535,0.020614934232593033,0.020813283689717316,0.0,0.1,1.0,0.1,1.0
-0.005108031866862635,-0.01834898951368806,-0.002984490027749337,-0.016617522461491657,-0.03609834842286911,-0.048154363221919794,-0.010819649110429437,-0.011307371243013484,-0.0015538433986274323,-0.0009021563522348448,0.000350272370809875,0.0,0.1,1.0,0.1,1.0
-0.0038426319435305675,0.012549700845676026,0.04037286295691673,0.033571837231390365,0.052747963242099224,0.02187848582839373,-0.01353141153241278,0.04932437376678311,-0.0036745663458906813,-0.00565036792697962,-0.016018440697820567,0.0,0.1,1.0,0.1,1.0
-0.15803005745430296,-0.17825818116727812,-0.21671070624218314,-0.22739916866929366,-0.23962816868393172,-0.27631974537619486,-0.28740721188276824,-0.27668808352803453,-0.1678113252260559,-0.1610163517082966,-0.16018631234350963,0.0,0.1,1.0,0.1,1.0
0.03933749301225338,0.028122243846396413,-0.0160881364614411,0.0042600834829981706,-0.039455702561359475,-0.0447968828884081,-0.022175007215414027,-0.03421623188577771,-0.08506293647297267,-0.12256668221201367,-0.11047826519250661,0.0,0.1,1.0,0.1,1.0
-0.041055740601439385,-0.004463562659180874,0.03137850389862993,0.04761227321385336,0.04115922708007803,0.055499504901553344,0.06497074811649171,0.06863361158022559,0.047552487004928354,0.04756618632712938,0.08079740432529957,0.0,0.1,1.0,0.1,1.0
0.06724952114743886,0.03819397913561143,0.03748092536595278,-0.0014361571050596558,0.015798286823541185,-0.01280181474019209,0.008123043514556718,0.00955053747889494,-0.01335008994344593,-0.011321279544435226,-0.002396645933043978,0.0,0.1,1.0,0.1,1.0
0.09549742923366134,0.0941032406400012,0.04860085448757666,0.08038932626528031,0.04035294833943226,0.06069931136909842,0.08239284017384027,-0.030652889504154776,-0.05240707762179406,-0.06106563637371456,-0.07162040156986775,0.0,0.1,1.0,0.1,1.0
-0.11791175446196095,-0.0972352675359414,-0.12443419810604348,-0.11893437813322313,-0.09925908889425528,-0.030617302280050544,-0.04501560143169214,0.00460130837693868,0.02311578027382033,-0.013000746099421572,-0.032370797010826693,0.0,0.1,1.0,0.1,1.0
0.06533185703889377,0.01913675907252512,0.04865035749494867,0.010325261125721755,0.019372199573073928,0.03180810017079696,0.014877367729957488,0.020046485312680797,-0.011985254320129118,-0.035536211328233466,-0.028465464907511347,0.0,0.1,1.0,0.1,1.0
-0.03519302423305553,-0.055593071542763536,-0.04239476634593675,-0.039159388171925116,-0.06698069847848653,-0.06980280909200728,-0.1047730399053465,-0.10152917997005591,-0.10521237079814018,-0.11414802679088559,-0.13360339534644583,0.0,0.1,1.0,0.1,1.0
0.09126524692634266,0.05035373694898903,-0.005924996014544957,0.0015040646454233305,0.0035884320583020814,-0.018667077685266403,-0.01749229569677691,-0.0633823068722078,-0.09984972974676244,-0.047768527897919126,-0.038283306049168894,0.0,0.1,1.0,0.1,1.0
-0.02730311735918292,-0.03915400327844983,-0.021324855068890574,-0.014828865462006121,-0.04881217165368025,-0.019869299782224674,0.02030078494807215,0.04177246669741955,0.012641159220767105,0.040764259412707754,0.05964905071834732,0.0,0.1,1.0,0.1,1.0
-0.05885120519502944,-0.03614679497783058,-0.0498811597875765,-0.03128633751929771,-0.051018128292486,-0.03850782044506432,-0.020392815196765612,0.03214645241307887,0.009799298261129873,-0.042921310707325765,-0.06263173423859994,0.0,0.1,1.0,0.1,1.0
-0.01316014596992481,0.006114320735364219,0.04719142315785207,0.024217709957782097,0.03750339541721266,0.044987047682245186,0.028249022304036163,0.009306997938350877,-0.009938406964858874,0.011627898302397454,0.006333999457003334,0.0,0.1,1.0,0.1,1.0
0.022498577239617533,0.023377100388698155,0.05385051847053152,0.06005785106585486,0.007189909211279814,-0.012924687330063113,-0.01407416541799401,-0.006106645897000877,-0.032265878145986596,-0.025415643821128892,-0.0343126642011666,0.0,0.1,1.0,0.1,1.0
-0.030750823980967377,-0.05325828620671087,-0.020983683626462333,-0.042925668394395745,-0.06789751219947443,-0.07994253679394386,-0.041179459502547304,-0.019824014724500443,-0.07857231007924091,-0.06189254999495934,-0.015450214649104801,0.0,0.1,1.0,0.1,1.0
0.08508724698977181,0.10564497756840871,0.12823812644680774,0.11415424865014165,0.09944032149027182,0.08970414279870677,0.06482874914610912,0.060365789844121456,0.07294033246086268,0.08515623032274795,0.05745355332767606,0.0,0.1,1.0,0.1,1.0
0.14287238313138012,0.12434522804361707,0.05565791215274432,0.0036985076080016457,-0.0035924008654098574,-0.06587671489485118,-0.07327898981488572,0.007723893226533968,0.0011070968797984772,-0.019771929168844394,-0.06004052561987146,0.0,0.1,1.0,0.1,1.0
-0.0881833921673275,-0.056522198075903814,-0.025304946496771917,-0.046520965042261796,-0.07494217827095036,-0.01160189694887237,-0.10567293843150903,-0.12279133939298376,-0.13349426825719585,-0.15807508871729675,-0.07369896629546269,0.0,0.1,1.0,0.1,1.0
-0.0924436574251877,-0.05326367104543253,-0.031625667217351494,-0.004299439125911339,-0.03780324598925743,-0.030189458306885485,-0.01585577778180156,0.010296871721809289,0.029077353031741415,0.01201396557397829,-0.024366970684541474,0.0,0.1,1.0,0.1,1.0
-0.021280721701830565,-0.08927676163073223,-0.12692402909195605,-0.16134407079188434,-0.15629868276886125,-0.15383928477784192,-0.1428210860910548,-0.12213588995419239,-0.06775010064606002,-0.06950701373767891,-0.029350492179997086,0.0,0.1,1.0,0.1,1.0
0.0882189428301158,0.11266218092328695,0.14772743892496387,0.09048907870678115,0.09814284656716735,0.06370110716327797,0.03594734886928974,0.009357026208580449,0.06398230506040356,0.06256349183411933,0.02819171416093563,0.0,0.1,1.0,0.1,1.0
0.003651971116200681,0.04704886138465813,0.09669896680472767,0.00560271575304562,0.016013014744952085,0.04704082309100908,0.02196851946703719,0.007584901473166667,-0.007431396173560041,0.0017638264076954525,-0.02569079611505315,0.0,0.1,1.0,0.1,1.0
-0.04869361057352417,-0.05534416158245896,-0.020993799289023292,-0.06133987877238729,-0.07345650304078304,-0.03173395039972598,-0.012545581661600913,0.05735057056533363,0.13892905058938482,0.14596169167662687,0.16337466267795023,0.0,0.1,1.0,0.1,1.0
-0.0015780287011486875,0.0028028300390833642,-0.011159522941957179,0.04206830802288178,0.050006492495348415,0.04164391117081574,0.01686444422787186,0.05138588665607485,0.013909404122881004,0.04218892109508829,0.03450981962693818,0.0,0.1,1.0,0.1,1.0
-0.06679940959522247,-0.05029999264526017,-0.01923685290383424,-0.024899372976560016,0.02718931842112101,-0.03492618693701577,-0.03277760358508296,-0.030319963405790705,-0.008894599131978334,0.001411198821888825,0.00744730977044129,0.0,0.1,1.0,0.1,1.0
-0.044126338726881535,-0.0727788847417202,-0.05726626144730018,0.03915801837368686,0.011587190487607237,-0.010269125248385799,0.01968692652337645,0.024061945393426667,0.01116596355867018,0.020341593299167324,0.05491398439026554,0.0,0.1,1.0,0.1,1.0
-0.011238475951594414,-0.05613903004419986,-0.06160784897057092,-0.023571755264952143,-0.0298129171222175,-0.012315019330083147,-0.005907994208402433,-0.03817157072118531,-0.036264122449298206,-0.03710987786905302,-0.03652816052671905,0.0,0.1,1.0,0.1,1.0
-0.059125482946829996,-0.02129481720711636,-0.015172109270304057,-0.031235290305616663,-0.04565655116508743,-0.05326737787889633,-0.0026039254283981295,-0.028395042405497034,0.010565224813359891,-0.007984650794118867,-0.02617400545332356,0.0,0.1,1.0,0.1,1.0
0.052139046303536066,0.04608244561295881,0.039859288981352194,0.049338081289452045,0.036016039272429065,0.04722121208137208,0.07865162261411213,0.09729444167894676,0.0745097616216095,0.06933043844981374,0.08516073323758667,0.0,0.1,1.0,0.1,1.0
0.015614941017425667,0.0420776802329543,0.03375671338739262,0.04914306563871061,0.06775004270756155,0.05806782934543196,0.07975238169835427,0.03205692672526918,0.010167117429011236,-0.009185583965083068,0.041208734766255334,0.0,0.1,1.0,0.1,1.0
0.043780742082464366,0.04703017662560068,0.07422161190835591,0.07449872548667638,0.1078862013506705,0.07808564341242774,0.11775356976090229,0.06732449413131154,0.08420884392975711,0.0790062590299733,0.11363642758880292,0.0,0.1,1.0,0.1,1.0
0.024345167644543943,0.05250655454069077,0.09954395002115987,0.10600715571271715,0.0948545932584778,0.07321598138483182,0.08038777147549583,0.0212981469585731,0.059819543497279304,0.08987838101301052,0.030999950226534664,0.0,0.1,1.0,0.1,1.0
0.03454814661214325,0.015185871222259246,0.04984443865842794,0.047197242485184254,0.0278096030306466,0.031466665827942955,0.036708774097852746,0.04404408613071993,0.07506341252154328,0.08567180520485126,-0.019279776685691544,0.0,0.1,1.0,0.1,1.0
-0.0454903084632519,0.026562373465283125,0.06251746812672683,0.07021992778517144,0.0846732104612389,0.08062959760469453,0.12614230723320788,0.13049876208672553,0.10871540116609713,0.06050142317837396,0.07505858378245663,0.0,0.1,1.0,0.1,1.0
-0.07155093635766678,-0.06411886964638151,-0.06760089262175731,-0.07663907631119235,0.002416252326149504,-0.0424367490102023,-0.0667846646194382,-0.10626170438700833,-0.0780173453858021,-0.0897710847607417,-0.06752773092683849,0.0,0.1,1.0,0.1,1.0
-0.053820712371187365,-0.06079672878507544,-0.055645344254243966,0.06281799587919555,-0.00058704814341691,0.03583166239110539,-0.017105299015243394,-0.012374668067547353,-0.003359463784667052,-0.0036278209088951687,-0.04320782129942534,0.0,0.1,1.0,0.1,1.0
-0.08866434369649849,-0.09397893879223813,-0.10275306751212158,-0.05644469270574581,-0.06381010761832594,-0.09082300212173688,-0.07315682811927325,-0.08705523608845625,-0.039018417071443726,-0.0748085882501335,-0.09622527811324606,0.0,0.1,1.0,0.1,1.0
-0.00277697759834327,-0.006964345513459635,0.03603821811941467,-0.014828230732638448,-0.008600448127405546,0.043345617990349444,-0.0023409296246611824,0.0031221395349071554,0.008893927632177098,0.005858598457047476,-0.045504616819311505,0.0,0.1,1.0,0.1,1.0
0.09774499982129986,0.1246090978400346,0.11355770285432867,0.10147864646284324,0.11463854811604036,0.07126584842456174,0.059879704398871386,0.09581837787431216,0.1123484615506042,0.08700353214897184,0.03043324905046954,0.0,0.1,1.0,0.1,1.0
0.026955292092281737,0.04478407321040712,0.02832722679693285,-0.04055944082215046,-0.031442667201451925,-0.06354317843924306,-0.04187432381139122,-0.0025077971512936018,0.019366993101845798,0.04409523322728415,0.0337318479758678,0.0,0.1,1.0,0.1,1.0
-0.02110322936859393,0.04246048743518578,0.035476208039258515,-0.00821775163063855,0.03097807481164914,0.018892940305249482,0.010990433935366372,0.0416431327092268,0.011322312538752988,0.022677345301810203,-0.006641222047639242,0.0,0.1,1.0,0.1,1.0
-0.03463189262439323,-0.024759509614546583,-0.055626647341594226,-0.07714966590564962,-0.018541624441794385,-0.021693278852334706,-0.044675414416444854,-0.018412322556557673,-0.03941405411418508,-0.06559079037313666,-0.07389962386784223,0.0,0.1,1.0,0.1,1.0
-0.05957843901602419,-0.01463419984857587,-0.050945734724580465,-0.11550383157379207,-0.05810133001830858,-0.045468118395436866,-0.08232594689574155,-0.09665644369304527,-0.06916053574373719,-0.049033455628644314,-0.04738322625946927,0.0,0.1,1.0,0.1,1.0
0.016777957190657788,0.05774005585260678,0.00848158349447456,0.09083745215943936,0.08513183844208976,0.05176800766094139,0.06528241767169696,0.08506287192188261,0.08175233502855339,0.11302264969125077,0.08347719228929744,0.0,0.1,1.0,0.1,1.0
0.036733199910794025,0.03027347583355938,-0.005526764294082075,0.029791316734211877,-6.93749895022168e-5,0.007538962868558495,0.00388732440346595,-0.011569362112004943,-0.019676376118377036,-0.06859549989147573,-0.028915903890220376,0.0,0.1,1.0,0.1,1.0
-0.10502110861269912,-0.12500230036384755,-0.14367595849274742,-0.07250472309740041,-0.06348787858829778,-0.044922385741524413,-0.06526932818577225,-0.06510675298349144,-0.01697909369425693,0.0014815170748281245,0.017556754668061003,0.0,0.1,1.0,0.1,1.0
0.006232181431643385,-0.023286726887069856,-0.026257720273946822,-0.042157000902806746,-0.0674630049154576,-0.07772571486045042,-0.07299942936045166,-0.044932728114786685,-0.09829887305909837,-0.11191174557267661,-0.13058425043533467,0.0,0.1,1.0,0.1,1.0
0.07035771971327068,0.0671559630585565,0.016162544819705818,0.009040933294355288,-0.0019438471866124463,-0.004264038175217559,-0.07396075693314566,-0.05892107253792798,0.00020089487552523572,-0.0038424795720535167,-0.023360060194346076,0.0,0.1,1.0,0.1,1.0
-0.03816775867731437,0.009825881632952616,0.0427323306701691,0.03304862950124578,0.044803324368874645,0.0981106762789831,0.057019416208894974,0.07449114757174749,0.017863712059169083,0.009430684600115789,-0.05779919357329133,0.0,0.1,1.0,0.1,1.0
0.01916564831575468,-0.005319616021525583,-0.013015731130322193,-0.01252377026476128,-0.007899686179361244,-0.027680217474865428,-0.007684639232425589,-0.027875985735543538,-0.035185892464083275,-0.035988067024027216,0.001413013616902832,0.0,0.1,1.0,0.1,1.0
0.06496855160107232,0.10295838983201755,0.12121404845704188,0.1521132583615408,0.16019394918549562,0.14456302184816605,0.1118339176335115,0.10583839709441842,0.08028730855803821,0.04461118987306753,0.05709956154841615,0.0,0.1,1.0,0.1,1.0
0.030744783699028472,-0.03365185135692801,-0.0491497250217843,-0.034726018683466434,-0.031403644092683126,-0.014066582755192944,-0.010643416080148436,0.03682324331052304,0.04188489728902099,0.01615615569859106,0.026014015270712072,0.0,0.1,1.0,0.1,1.0
-0.028204240011004397,-0.0605474880079433,-0.030256567833152316,-0.00045525872815233015,0.004637903345114355,0.008796087558688548,0.022040953735904246,0.03544949865453163,-0.01639508294714697,-0.06813599756404962,-0.12615246067925248,0.0,0.1,1.0,0.1,1.0
-0.10410302157568474,-0.14140689807970586,-0.11763812987353503,-0.13628106471369872,-0.1627917945581254,-0.19803268476353597,-0.15214651428780648,-0.1791028103118735,-0.18361690256059332,-0.19276884999524663,-0.10660241094045128,0.0,0.1,1.0,0.1,1.0
-0.04299785240234166,-0.011784090319880716,-0.023453012305453505,-0.019106536142486995,-0.019835705143710733,-0.008866522528835697,0.01784548018482704,0.00023272569071293783,0.034795086898524785,0.023842269054551734,-0.00503109444542317,0.0,0.1,1.0,0.1,1.0
0.005295783288658574,-0.0003376397997142209,-0.009002839986506549,-0.024001740651781685,0.034882164916191116,-0.012714826162830588,-0.07699648678261642,-0.02213306611398673,-0.018333215230715405,-0.058304088020209574,-0.09057699392238451,0.0,0.1,1.0,0.1,1.0
0.05248258909538373,0.044374738771741716,-0.014916199944702384,0.06106788875820936,0.08767388787261945,0.07436864532479019,0.0012377589728979344,-0.09870201555042693,-0.09707848030827063,-0.08111207370517104,-0.020241062750709853,0.0,0.1,1.0,0.1,1.0
0.10803517326231635,0.05122628992570677,0.06468804249894344,0.0725183220283748,0.10533114897609178,0.13326860616570324,0.08465488415243275,0.06359403846482181,0.10292425927551728,0.1364113159350853,0.12500336812642907,0.0,0.1,1.0,0.1,1.0
0.04375852374927386,-0.010899820721861596,-0.0566020700531597,-0.06120389488426286,-0.031214997015708356,-0.018199665579451366,-0.02925853885520092,-0.05159813280869578,-0.07020124445219428,-0.07127701173304526,0.008097879093484306,0.0,0.1,1.0,0.1,1.0
-0.046120253195237104,-0.04331304762230879,-0.08981800195727241,-0.099458326770849,-0.07288101691459202,-0.035586926664483196,-0.04523218900613299,-0.006896961295062572,-0.00444126637775437,-0.023510028526869352,0.01477728069654842,0.0,0.1,1.0,0.1,1.0
0.0338800334136737,0.01319775671857483,0.026269642064197903,0.0888604472939377,0.0368485004251884,-0.05010602491696022,0.002364506388603922,0.014309168909726696,0.02795506046643234,0.011772076126245984,-0.01235688360289906,0.0,0.1,1.0,0.1,1.0
-0.04691422126457373,-0.042113780611111866,0.03755616930335518,0.015060928208843301,0.038966437621155744,0.060996092700262086,0.04753964941791214,0.07504835962863514,0.08030215516060997,0.02622622913973499,0.05448673666065701,0.0,0.1,1.0,0.1,1.0
-0.05177710139185432,-0.09504795168180459,-0.07510952808871571,-0.1136385325663531,-0.11573583590577811,-0.10604756482639555,-0.10649344640402923,-0.06423517640120907,-0.027406745985410336,-0.03375863309626212,-0.050937850245071255,0.0,0.1,1.0,0.1,1.0
0.07338224164149988,0.10023173179090888,0.08657693742048772,0.04181977429506087,-0.03112519129887624,-0.02709912283422514,0.0008087998292793594,-0.039045233008592334,-0.03362678506785149,-0.04407101415442325,-0.10036571893500115,0.0,0.1,1.0,0.1,1.0
-0.11234196164193201,-0.05691518023188294,-0.037390873871811024,-0.014127583704223928,-0.008421519753044483,-0.031611855184255445,-0.011955935254020535,-0.001967066296849061,0.030959359121299088,0.005635511658951393,0.008703769963080761,0.0,0.1,1.0,0.1,1.0
0.03230618174641752,0.019482465047821296,0.020693893206495097,-0.026299913030326156,-0.03398267895220135,-0.04035841371705166,-0.023406777264168302,-0.004822353758974468,-0.004154978602474451,-0.0232593812233615,-0.016982427047033573,0.0,0.1,1.0,0.1,1.0
-0.0457341575493656,-0.027851533331640428,0.02662623155019992,0.0636047948475568,0.03529982387172801,0.0362129137268706,0.06888464290729125,0.050516325627531375,0.09679907244707467,0.05640978948121665,0.06531661580197397,0.0,0.1,1.0,0.1,1.0
0.05617538817218983,0.06956488170480041,0.09485158851162237,0.08532571261948314,0.09374298870608962,0.08173978028586436,0.008216819491117355,-0.0060952329974046605,0.0007202549165167089,-0.006936565431083605,-0.05179329957665531,0.0,0.1,1.0,0.1,1.0
0.07111842837846177,0.0733463671387247,0.061714944285840775,0.013462811670988548,0.038042756815263756,0.052153490028097146,0.09741132827028423,0.010175794943120348,0.08947626880460362,0.05125431191023306,0.054382430820294106,0.0,0.1,1.0,0.1,1.0
-0.0881597659604394,-0.11591027931527889,-0.11788587956923686,-0.1185308981649976,-0.08476533858558281,-0.028847670648033473,-0.09009299977806312,-0.04360903779620135,0.015089946276850237,-0.02223763144770586,-0.07985881269768964,0.0,0.1,1.0,0.1,1.0
0.012602740649328828,0.02724057527799585,0.04622621482082434,0.018750678942244185,0.015043372991772544,-0.032681995579767725,-0.06530240930550488,-0.053606931986034945,-0.07821735933234149,-0.04758124667895325,-0.04449559806537193,0.0,0.1,1.0,0.1,1.0
0.006588617677838047,-0.007591324702500811,0.035835208820050896,0.05487909747671476,0.019287941554190693,-0.051396115021341456,-0.06827227256904503,-0.052083088141167966,-0.01820359643813144,-0.07098925299637779,-0.05051199563610931,0.0,0.1,1.0,0.1,1.0
-0.0666754700290884,-0.08308867599907196,-0.08270677042737859,-0.011985138217263852,-0.07595669820172411,-0.06797923286407222,-0.030796781882323147,-0.037395145322328294,-0.0863152747110843,-0.0909297869235381,-0.08121636759822336,0.0,0.1,1.0,0.1,1.0
0.038092287117750215,0.06759930755223838,0.07896153288967431,0.031887274140918034,0.03166577664561239,0.01895689691429007,0.012642437813037916,-0.053397773776306445,-0.0549304182993919,0.0053828341661190035,0.06544676379641845,0.0,0.1,1.0,0.1,1.0
0.062474197555792296,0.04597757371498683,0.08166721071130181,0.08833875327594377,0.052802247832668285,0.0853000993106589,0.08644074262263131,0.020971277876396195,0.016205654294215107,-0.04579726733527804,-0.061466561084224616,0.0,0.1,1.0,0.1,1.0
-0.017558073202451667,-0.020243871936903843,-0.02266412353799311,-0.020438462321885374,-0.054783578081179694,-0.06634005820580097,-0.11837107761402557,-0.11349827036984007,-0.13377059141821213,-0.18694948582057627,-0.14784836534668833,0.0,0.1,1.0,0.1,1.0
0.05182009869601773,0.014005349975386439,0.033285985105574165,0.003003919299719729,0.01468333999975369,0.05342640388488058,0.07915138618224349,0.09371836761494098,0.027878191532691284,-0.029171905198521447,-0.02076561566784226,0.0,0.1,1.0,0.1,1.0
-0.025853428637861983,-0.01968932442673733,-0.02982995458513582,-0.06553901228958911,-0.0672072237327358,-0.059336369360124874,-0.05363571024690891,-0.04578493120127501,-0.014728721425991829,-0.007130171427942767,0.018708453029998705,0.0,0.1,1.0,0.1,1.0
-0.014064166367964249,-0.04818683144220955,-0.041411828324853614,-0.03121750996673669,-0.09046294751690165,-0.12619231082881854,-0.13816021670904036,-0.13869936125003993,-0.1068150697515407,-0.07623852715756363,0.0012512920311875814,0.0,0.1,1.0,0.1,1.0
-0.04271264356555825,-0.04453185138758508,-0.036338396160474636,-0.016665674699931604,-0.003109056310119346,-0.04190251889449525,-0.005071244918393711,-0.02898997687715115,-0.050749572840101245,-0.046853772908689736,-0.06554583252070674,0.0,0.1,1.0,0.1,1.0
-0.07749868227476782,-0.04341823291543817,-0.006370589667349685,0.023253562970420666,0.02910651660143889,-0.03877185438825052,-0.020562297343620896,-0.03014909346714465,-0.05833994135031241,-0.025156851466132425,-0.06704233710482015,0.0,0.1,1.0,0.1,1.0
0.035823425041940866,0.08922638738282446,0.06590855117138811,0.0456989072733506,0.0777311925963145,0.0550749714289621,0.02945823543933365,-0.005299653636727689,0.01668745458944657,0.025163337698631702,0.04617976627438221,0.0,0.1,1.0,0.1,1.0
-0.03953233603387727,-0.07064765751198257,-0.08801170993644389,-0.05557325222882452,-0.06682639871024522,-0.026113611116045973,-0.046134868215990665,-0.06885035678314964,-0.042387482546730554,0.006458825121180581,0.02906363890461794,0.0,0.1,1.0,0.1,1.0
-0.09460650516047364,-0.07760445771959798,-0.07715463850334556,-0.146964524699878,-0.1392818504836393,-0.1726622289090563,-0.2005891598859948,-0.16120431011172953,-0.1660039485849461,-0.13559201595022366,-0.11738027061520359,0.0,0.1,1.0,0.1,1.0
0.03657352595365407,-0.0009195139251965412,-0.0006353056499992899,0.02757434788970641,0.031424884091443284,0.013808619702647906,0.029505904312680117,0.06056324397426982,0.07024361207625826,0.017320096543762306,0.030581664666075363,0.0,0.1,1.0,0.1,1.0
0.15537015844490146,0.22078190373267434,0.20727844730949171,0.22201117398355738,0.14888104024493531,0.14309201670383453,0.09982251673899428,0.03985268022140728,0.02745640362952005,0.06680808842931035,0.0913950339788065,0.0,0.1,1.0,0.1,1.0
-0.025911997411731023,-0.009537213619865752,-0.0068238993504643125,-0.016036142560796877,-0.009553287030905135,-0.014361358197386653,-0.011229077399822105,-0.009638368866526784,-0.01009667131116005,0.03580445591604234,0.0699039631241615,0.0,0.1,1.0,0.1,1.0
-0.18446600930645524,-0.1440295363095723,-0.15426702256247019,-0.12359807538882743,-0.17428714446733012,-0.18292273572995535,-0.1775630127213506,-0.1644745934567361,-0.12486059272258859,-0.1124157608795666,-0.08939256836989688,0.0,0.1,1.0,0.1,1.0
-0.057658800147192206,-0.101059083218968,-0.08096082190235665,-0.05682334232675315,-0.1247636704414957,-0.0732086674855495,-0.12564609393516235,-0.16648942380477835,-0.14666847022531326,-0.15023615905680235,-0.1581095404434677,0.0,0.1,1.0,0.1,1.0
0.059882052370485335,0.062751276484723,0.01693812954407386,-0.0032680407850161387,0.028968917152216406,0.05185008881640652,-0.021119592725013674,-0.010920950427144173,0.007794102038903676,0.08930743722207896,0.06716521832940761,0.0,0.1,1.0,0.1,1.0
0.017725640235681663,-0.012551125472717355,0.024595691162117225,0.0437690751665191,0.06248851819511707,0.06801605737744017,0.08655311993721639,0.07847266851319687,0.012572613869038726,0.016346051001132428,-0.048487892467670136,0.0,0.1,1.0,0.1,1.0
0.07460462691938449,0.030647268445365687,-0.03092050729120644,-0.030492799481999434,-0.005896866641684942,-0.01199933308316454,-0.03951844622497515,-0.07816836039164271,-0.053728747066215006,-0.09491634812678687,-0.047952055353765906,0.0,0.1,1.0,0.1,1.0
0.053956058559863795,0.03558905396219127,0.10220100345059717,0.08747599481076292,0.043391978233312374,0.03164980387692736,0.03988419752051254,0.06015147296718736,0.04506709480195401,0.025606485958555594,0.06372811140504527,0.0,0.1,1.0,0.1,1.0
0.030348753580865688,0.0712888831344759,0.04392782190089135,0.09201673558102372,0.0949319372998696,0.09001171109211752,0.04160125079380686,0.09265537908805957,0.08011239087315519,0.12326465491685232,0.14050797136119145,0.0,0.1,1.0,0.1,1.0
0.07502481555051846,0.11688968601856652,0.11991274878781343,0.12357866346486626,0.11280782339135381,0.07858267057356924,0.07764461067754189,0.04406301050630853,0.056794739406455436,0.010253211940262054,0.06017859404542261,0.0,0.1,1.0,0.1,1.0
0.07020777215721247,0.05728645808813379,0.04662858444276932,0.025978298547588884,0.04170058425986682,0.0374275939657831,0.04116047255747305,0.004050418086363243,-0.0022834960968149327,-0.026359595602316207,-0.033787178371031235,0.0,0.1,1.0,0.1,1.0
0.05130430660747373,0.03904776927125885,-1.141463064201903e-5,-0.006202779811103789,-0.029245330528036524,-0.01289126171177171,-0.06713890901359497,-0.06696398134542904,-0.09321317432167135,-0.11599201213891419,-0.13788656268174276,0.0,0.1,1.0,0.1,1.0
0.11829990435862431,0.11133988667882218,0.09451920088511924,0.040060189265567876,0.017408354081660898,0.003954739280194235,-0.04812701121751229,-0.11372793544887817,-0.10536437248952887,-0.1385466312454026,-0.12554765615821906,0.0,0.1,1.0,0.1,1.0
-0.04271821746296225,0.03271791031253474,-0.02205018312395752,-0.01614608271362422,-0.004191469610753524,-0.018559018312703058,0.009172758768996297,-0.04544845944200242,-0.025922655471123338,-0.023843676245799177,-0.04008315075862581,0.0,0.1,1.0,0.1,1.0
-0.028916773446770686,-0.0037100226078416003,-0.01611192944536332,-0.0018919151732352847,0.002670528651844014,0.006977839848564267,0.01234618924507172,0.0255306563271172,0.007325225702562058,0.004970052051393704,-0.001408116312138814,0.0,0.1,1.0,0.1,1.0
-0.010346892454589298,-0.08303775339899233,-0.08951740945462186,-0.06302921816634591,-0.030771699339611554,0.03347789067300165,0.004776682357003733,-0.02729057426912753,-0.054876875539350126,-0.09396118772392822,-0.08624820854586882,0.0,0.1,1.0,0.1,1.0
0.08089402484671966,0.1062745730207972,0.06615761176494048,0.055482073017992094,0.03439783589674986,0.06395458913535843,0.0982731246926232,0.039458254527077435,0.0050930518293682316,-0.034290313477203266,-0.03049376602486429,0.0,0.1,1.0,0.1,1.0
0.00015058844813821274,0.032852735489485876,0.0036530665908600275,0.07919740677727952,0.11471473849952624,0.11153599034269439,0.10942020035967642,0.06334491197083492,0.05908874936194841,0.037748562822898075,0.0196434967509476,0.0,0.1,1.0,0.1,1.0
-0.0354668582323477,-0.04469827854157374,-0.025634037753675225,-0.04499047642318281,-0.06931541329433612,-0.03382022373180172,-0.06105494719895534,-0.05385444720919751,-0.08843477757138946,-0.014417137431262259,-0.004785011944580553,0.0,0.1,1.0,0.1,1.0
0.03571633836236354,0.02711804969664579,0.07920987791663518,0.10970226027558916,0.05469210918094809,0.03069851183393443,0.012498660216190952,-0.0014251376634744368,0.020946581205888146,0.06953205551259134,0.05030058838342063,0.0,0.1,1.0,0.1,1.0
0.01219595393783191,0.010194084697456227,-0.008772993968993172,-0.020167077599842834,-0.00126458615412443,0.007039338206370708,0.009189264674788453,0.04960389069984835,0.05645684447584813,0.06719765621270085,0.034999655961525176,0.0,0.1,1.0,0.1,1.0
-0.06343676554846907,-0.04128486874132062,-0.008650121501568825,0.021814166353253252,0.06179504608933038,0.035788111414153716,0.05653572291121775,0.045692543328139316,0.011799972390887186,-0.0020717231882237484,-0.013568818226438155,0.0,0.1,1.0,0.1,1.0
0.04970418551833088,0.05507524184002986,0.04149254728859261,0.06717700148516031,0.07081588689907775,0.03277586941974098,0.0480641060760856,0.0923115175494415,0.11255780936400694,0.10154721952551775,0.13589454978126309,0.0,0.1,1.0,0.1,1.0
-0.04849177728120411,-0.028237578828001902,-0.005285063399458015,0.01326469006819041,0.021272054360004625,0.07533748802504736,0.06709212506123045,0.0073687350247828715,0.028097026710293314,0.05168518035918222,0.008411056836163007,0.0,0.1,1.0,0.1,1.0
0.016885996159170674,0.000314556047663889,-0.017157365073137476,-0.06795285608146918,-0.05422774825468993,-0.04705326315397734,-0.056654825607543806,-0.005072220701879904,-0.0384474305968391,-0.06949611512602599,-0.08926154841772316,0.0,0.1,1.0,0.1,1.0
-0.022786592429469597,0.035216067876759315,0.0455351782051558,0.043958467447644006,0.03955341134913497,0.051510116163758835,0.003762463915883453,0.06022828301331809,0.05040673630778492,0.08192776397220897,0.10563624779325442,0.0,0.1,1.0,0.1,1.0
0.009553877957190732,0.005729203705444092,-0.01787753855183141,0.032808554704728335,0.06413284896813903,0.04092868027701499,0.07108868742812025,0.015133927426831062,0.0009627681507926571,-0.020567519308648013,-0.07032054219452238,0.0,0.1,1.0,0.1,1.0
-0.025938375893895683,-0.006142187921427424,0.051134229751751165,0.044500144795964224,0.05399040623285893,0.03899993917608668,0.03318032752422107,0.05536814793433737,0.013242872299540603,-0.03143417836961315,-0.07245021706830707,0.0,0.1,1.0,0.1,1.0
-0.030765329381990707,-0.04460080914174044,-0.028697362093118094,-0.007035292987467561,-0.010766489726406266,0.019591344998419365,-0.019086941912090035,0.01471786668844845,-0.014267920020672306,-0.08497933654902945,-0.0516989802356681,0.0,0.1,1.0,0.1,1.0
-0.15858173754283383,-0.06510262742814879,0.01188881341690505,-0.003508014032336554,0.020023408917272088,0.017768544680312724,0.049693248043606,0.06543206483447027,0.06577158474881588,0.0900257885763819,0.10373484145565896,0.0,0.1,1.0,0.1,1.0
-0.033977432333228134,-0.05495270204221873,-0.08144535548847132,-0.07351732024220606,-0.09132695759710835,-0.09966806218522119,-0.0973492503784742,-0.07543171132693408,-0.03617583217002434,-0.03439464369875949,-0.043202821964912735,0.0,0.1,1.0,0.1,1.0
-0.016114097494036743,-0.052935034379655965,-0.06677615016878148,-0.03132282459832875,0.02719854745427768,-0.004643533268652213,0.0018426793600701636,-0.00368770939307441,-0.017218896049303115,-0.08957730774814071,-0.07121489577981169,0.0,0.1,1.0,0.1,1.0
-0.020052468545973572,-0.011801679173462868,0.029294924349060114,0.0343897681048949,0.00129082275622441,-0.04725687306510581,-0.10390288360587144,-0.07071985950704647,-0.03797204135653766,-0.10629962038602021,-0.07158932999145945,0.0,0.1,1.0,0.1,1.0
-0.14354491661930746,-0.13460120758979324,-0.09615416260504461,-0.11444740897401248,-0.09926694135456735,-0.05242295894756891,-0.051543197116530486,-0.07918431430838499,-0.06824585917507663,-0.05951168985879102,-0.05771394535083845,0.0,0.1,1.0,0.1,1.0
-0.023103429698609772,-0.028797986953647253,-0.03297452538398104,-0.037367956263816386,-0.04614770592249956,-0.013760695097637794,-0.02149811090279586,-0.0195834595480526,-0.0273915567188781,-0.04091959412206528,-0.030494126014517647,0.0,0.1,1.0,0.1,1.0
-0.038301473069428604,-0.019225173706697005,-0.0031452863960553107,-0.016586756032595205,-0.05561091339944402,-0.06323397193049682,-0.013831170081912203,-0.016909689109482283,-0.035557827420663476,-0.012916297541772453,-0.012962011047837077,0.0,0.1,1.0,0.1,1.0
0.04812048626872704,0.06184241559916376,0.054765633465553555,0.07736664767999091,0.1270910620162523,0.14100293053790525,0.17036218049656776,0.22468616285158974,0.2004430727018832,0.16005464071325332,0.09397262914094257,0.0,0.1,1.0,0.1,1.0
-0.07982579368993369,-0.10693282176909391,-0.10871711617205428,-0.07703326220860095,-0.05506598491847837,-0.06956736510656762,-0.09261731196912573,-0.11209714262183942,-0.10355831225814875,-0.06476139528821295,-0.05116658254909655,0.0,0.1,1.0,0.1,1.0
0.04183015815162494,0.025880293102490664,0.06453394383684549,0.07025883538126744,0.08783428998364343,0.06437925453793883,0.02486702883234379,0.025609272088192424,0.006398667225599484,0.006079899485775546,-0.027456312775680926,0.0,0.1,1.0,0.1,1.0
-0.1305716915838742,-0.09960056178672155,-0.04874313195439234,-0.06778575375818466,-0.05791714410057984,-0.08223746746283954,-0.07720415649084351,-0.08452132167949328,-0.06432952192796804,-0.04183696088180075,-0.09098222013973903,0.0,0.1,1.0,0.1,1.0
0.2091153015881735,0.21500518906817018,0.2182037224728902,0.143214320657832,0.1410787033959763,0.12978193196309776,0.11416988577087801,0.12100677900501342,0.09575053856876602,0.08045395024955544,0.07327192207776659,0.0,0.1,1.0,0.1,1.0
0.08322624767600012,0.06054075805998091,0.04705122643054322,-0.009124034133725263,0.005543603666553824,-0.011673664665239114,0.048461333174424505,0.042826116738766254,0.040670119540632106,0.03420998945024151,0.022212334359025525,0.0,0.1,1.0,0.1,1.0
0.11104572503211632,0.15153678741063373,0.1317589446994634,0.08649154022026129,0.05813469829233435,0.03355626271854001,-0.0050397380418911834,-0.001333912709250179,0.04722423960704441,0.052982956714485815,-0.004204732170925547,0.0,0.1,1.0,0.1,1.0
0.013682236753109906,0.008162968860174799,0.021496458686694163,0.027931572389917586,0.07414258655732961,0.09557059147538213,0.1147736967995099,0.12947470867489846,0.0763314735005299,0.02856981138283283,0.021148396905350777,0.0,0.1,1.0,0.1,1.0
0.07145024169522407,0.04724609913695802,0.00020542184542694103,-0.03439211149557647,-0.0208588387383183,-0.07462479042603615,-0.12666591783006398,-0.13405670751224688,-0.1223785054143942,-0.04801631605566794,-0.08771891275251724,0.0,0.1,1.0,0.1,1.0
-0.11772765767112703,-0.10960608460315646,-0.03583505394430349,-0.011815086728241973,-0.055551545017958476,-0.01226277344605179,-0.014313260602778268,-0.01177503121495916,-0.09023957415508178,-0.09540458861381326,-0.09568542032851429,0.0,0.1,1.0,0.1,1.0
0.03994371054454537,0.015402372289262556,-0.04053208042259886,-0.023670022926295956,-0.015339402168051155,0.02746917296031294,0.042426728557063115,0.07738198200343516,0.07689050928538628,0.08392360000657619,0.025897326414026138,0.0,0.1,1.0,0.1,1.0
0.0010391015063724363,-0.02168036196959755,-0.0003891354967878319,-0.0782062399979562,-0.07594180285970858,-0.10056465063525634,-0.08009991401400425,-0.08376657952029651,-0.11287621439317713,-0.129389566469555,-0.12993104285323995,0.0,0.1,1.0,0.1,1.0
0.09738033003353379,0.07852147134066187,0.08593662727039189,0.04338329761847919,0.08821888665680529,0.07465409612937843,0.06931392014056079,0.04141709022636059,0.05165119489998082,0.046322639799201384,0.04147390545742774,0.0,0.1,1.0,0.1,1.0
0.05815179760730332,0.07765942118096751,0.06520270227970054,0.08787594771365326,0.11227699254342971,0.11161058080092984,0.11835768672914883,0.08166078026136317,0.10431966188788916,0.046223501414029255,0.03500733875126872,0.0,0.1,1.0,0.1,1.0
-0.0353248272237769,-0.09351258042572616,-0.04624910453580477,-0.06250594418656527,-0.04259842889483381,-0.054231927142125,0.04595916773302664,0.024523047204764895,0.015632466914513997,-0.014533136965440473,0.006692106176905658,0.0,0.1,1.0,0.1,1.0
0.08997515956911617,0.09723209797968099,0.11636805605850999,0.11895422415111964,0.13068542101646646,0.1381024804026757,0.11501087292551467,0.12404923799595641,0.09295594233532643,0.08063111607164403,0.08549866550174391,0.0,0.1,1.0,0.1,1.0
0.09016225400106576,0.07760903184280954,0.050877567975033275,0.052324762781230966,0.039429898913028644,0.02394268601234406,0.006675194959818154,0.08317503134133311,0.07531933350749863,0.07414756717993592,0.05142532240723522,0.0,0.1,1.0,0.1,1.0
-0.12989054640614375,-0.1448311037966159,-0.12920165281570117,-0.1352931515718298,-0.12074213156387083,-0.06783620293708607,-0.07577545382100198,0.0006581502992515226,-0.0004708609773440963,-0.03937428828080675,-0.034875448087979294,0.0,0.1,1.0,0.1,1.0
0.11367298222235492,0.11538325656659022,0.12958719111461747,0.17989102243638563,0.09194854582589711,0.12656940356104965,0.14837496601226632,0.12986921243608324,0.11039408751039814,0.07153908067273275,0.023911039789111306,0.0,0.1,1.0,0.1,1.0
-0.03698951640512727,-0.07357569613759955,-0.1005518833090944,-0.0801652940058546,-0.03744167187201602,-0.07812433184062506,-0.045249495288234895,-0.010121965781223308,-0.01400547146935056,-0.040116092866703174,-0.05230924634340212,0.0,0.1,1.0,0.1,1.0
0.09246543121382418,0.07008577580688236,0.0897885652344546,0.09585299983157783,0.07245345755027906,0.14141737696576467,0.09861190317334367,0.09168586465061794,0.087724128063314,0.1357349313765427,0.1292143400803477,0.0,0.1,1.0,0.1,1.0
-0.023422160695105696,0.055569057194429804,0.08391685689886805,0.07683524762167838,0.06684865338882837,0.09427466087559618,0.05511231565028271,0.03623245795362412,0.05855987861652827,0.13064485979239526,0.1421361165813263,0.0,0.1,1.0,0.1,1.0
-0.0008644369249853593,-0.006905798462904588,0.034034199004544435,0.09545509207409067,0.11991978468998504,0.12357769110300716,0.07889812360407689,0.08391260356492501,0.006094280817418252,-0.02380644816063287,-0.06926240305496911,0.0,0.1,1.0,0.1,1.0
0.10527948176768781,0.053179484719894116,0.023274684655809952,0.022940594376179492,0.04838078007708157,0.02921708677898436,0.025969992348373043,-0.013890151581028916,-0.04145154715432103,-0.036425076422874694,-0.053097384060301324,0.0,0.1,1.0,0.1,1.0
-0.13438332346120077,-0.11152686388271506,-0.10649992741285304,-0.06182136659805075,-0.04393205199681939,-0.056477440247458224,-0.05270222073237308,-0.048438366701929414,-0.01936905745258385,-0.06406312588540966,-0.06428291245613285,0.0,0.1,1.0,0.1,1.0
0.017749040337245812,0.011359326038989646,-0.0028570227972756074,0.011575165836635473,0.023302835910567126,0.037272128403756,0.0163844665271558,-0.011015465089216673,-0.05558093197650102,-0.058462144880324286,-0.04015326732607888,0.0,0.1,1.0,0.1,1.0
-0.00520995166561886,0.02602202378006847,0.022974105785587992,0.020935130558168858,-0.01804119497844682,-0.000852284893196071,0.006042986230475757,-0.008079965706760853,-7.108114606043346e-5,0.005354367987551424,0.02771134390709492,0.0,0.1,1.0,0.1,1.0
-0.09323115738367742,-0.06812214612231886,-0.09538487807870905,-0.03285954768362205,-0.045881190951623706,-0.027621354589509046,-0.08037462026684841,-0.05206399518211024,-0.03292665079692594,-0.024645741364011296,-0.04675927956814095,0.0,0.1,1.0,0.1,1.0
-0.07002304431454695,-0.044055577984433394,-0.04743308366264924,-0.05089697106728696,-0.04539558109492882,-0.03630966833104722,-0.022942728314244806,-0.014186618546670138,0.05502658541254727,0.09277679776516247,0.0797581694663994,0.0,0.1,1.0,0.1,1.0
0.08170311825798601,0.06548705048993125,0.08819772594909808,0.06829381474066872,-0.005038487579727226,0.0010870331749098221,0.010471110298934688,0.029179132774461238,0.03695470752278147,0.00728002571015339,-0.05472236435679654,0.0,0.1,1.0,0.1,1.0
0.014557509497922621,0.028707820827217647,0.0170193624872767,-0.004988236581137119,-0.044545363619216655,-0.05986879938269172,-0.011368537446816394,-0.0035919619150799444,-0.04097418446773968,-0.05779851069392117,-0.04727456056207808,0.0,0.1,1.0,0.1,1.0
-0.045445193591980564,-0.04271861215945647,-0.10639129478553562,-0.09040257576561922,-0.04163492462599348,-0.06047018481876445,-0.07401709646678195,-0.05368144214824856,-0.059129307776387405,-0.06630183899310681,-0.08050513750471718,0.0,0.1,1.0,0.1,1.0
0.09690150024138024,0.07997640250956678,0.1318146469272209,0.10330474143422,0.14286783970031222,0.09089007117471973,0.14750519298923565,0.17736793543914015,0.16602103156866724,0.13144224180939865,0.09526372128982778,0.0,0.1,1.0,0.1,1.0
-0.05248422711223315,-0.0765649279189549,-0.07914483631315558,-0.12208805466373585,-0.12968608458637218,-0.11087310636489912,-0.08367618373330571,-0.08089437968265659,-0.04367113334272049,0.003735943940871164,0.02973390872014524,0.0,0.1,1.0,0.1,1.0
-0.022144661117418564,-0.028358437906260935,-0.0075969812273488785,-0.055912859783094196,-0.03522718916443755,0.06683422115566645,0.06058811867207163,0.060455423178321324,0.05734631247170569,0.02939976290688192,0.016706000562523755,0.0,0.1,1.0,0.1,1.0
0.0484504521905291,-0.02833887583632716,-0.081427907586053,-0.09993891971181677,-0.11223282146910053,-0.14606063382529927,-0.16610434889642686,-0.14838245846651066,-0.13861978011598233,-0.14952569712483255,-0.07860304050665778,0.0,0.1,1.0,0.1,1.0
0.050104227946581884,0.04813109470945264,0.0020955576495444925,0.014416917361383064,0.05110159366161778,0.07870729434525067,0.12870798500287145,0.14019391363332157,0.14587428912993589,0.154009012870556,0.10238520167444,0.0,0.1,1.0,0.1,1.0
0.07259114855693387,0.08168730755948075,0.05155824187059717,0.027271294055209422,0.016352830374352048,0.025311097771971068,-0.03081194243751509,0.02455566965491316,-0.00011870535489106465,-0.04598914262725958,-0.0678965342113024,0.0,0.1,1.0,0.1,1.0
-0.020598288872266175,0.019709006764670266,-0.01089110213598142,-0.04987041956297578,-0.016997458105810517,0.0011492423191569734,-0.08615267557586334,-0.07203883926860967,-0.06911493719652434,-0.06309420947854594,-0.048957220007288985,0.0,0.1,1.0,0.1,1.0
-0.12891953731635553,-0.15491602355278178,-0.19551824704802312,-0.2213771160463359,-0.16666338888921856,-0.1693924778728201,-0.12494827221544541,-0.11386526658752902,-0.15284375723097027,-0.1303776389300664,-0.11530509323532888,0.0,0.1,1.0,0.1,1.0
-0.014137113868435257,-0.04906140330232074,-0.04093664282884863,-0.04020314537690388,-0.03610809401591791,-0.03755590071697527,-0.06405594735771569,0.015684779362499943,0.015015211885341388,-0.019810541612551347,-0.026483672270163044,0.0,0.1,1.0,0.1,1.0
0.01795516329587835,0.03574774279608731,-0.00862619157005795,0.010502376305075379,-0.032834182085985736,-0.027232497680578185,-0.0707653099250583,-0.058421222827959376,-0.047359811107518926,-0.045053918112108966,-0.004828538851312181,0.0,0.1,1.0,0.1,1.0
-0.10432418871340354,-0.1516612918695281,-0.10363440633653248,-0.10560384313498623,-0.06490999615474233,-0.04251198738827008,-0.05349167448053041,0.004329598936163859,0.0013724503760960613,-0.005453962588637722,-0.009957316709392577,0.0,0.1,1.0,0.1,1.0
-0.08480791512413673,-0.06827263344645858,-0.0379094267579156,0.01322883634532828,0.015830619685952483,0.010914522513448382,0.07947593500064723,0.07482613056688649,0.04207898883456916,-0.013856441037211564,0.05645886755894194,0.0,0.1,1.0,0.1,1.0
0.001997251122809983,-0.011421837546572864,0.049977875061798335,0.08512743171704609,0.10075928298073009,0.08889506733409902,0.0778320720651953,0.07864728121071048,0.08563454463877658,0.05711151430007993,-0.0056652734344624645,0.0,0.1,1.0,0.1,1.0
0.18070615138651377,0.17940908749038859,0.1615281892284457,0.1764235580984466,0.13434687421872246,0.12847696582958848,0.10994218253818547,0.10141382917513872,0.07966173703617231,0.1026941861051573,0.12369060783409527,0.0,0.1,1.0,0.1,1.0
-0.15819419282183889,-0.11817861386088291,-0.12539996705490533,-0.08926569457004921,-0.03897613766494894,0.03796733137998535,0.03664175112746562,-0.03026646317155545,-0.01258809207462365,0.018580968872226315,0.011324647157423092,0.0,0.1,1.0,0.1,1.0
0.032517716324536206,0.06441087454408703,0.05555675792879104,0.0621099475612377,0.04839280647884376,0.0576697526676478,0.05671991495992455,0.06738840605302426,0.027793544615239245,0.03491264358137193,0.07991663639995135,0.0,0.1,1.0,0.1,1.0
0.015136532667362049,0.0004886960487233121,-0.016468519301130663,-0.02153050267926085,-0.060645924742689566,-0.06311266638910842,-0.06308547462178768,0.0360403379926033,-0.03437923259529284,0.002941571907773867,-0.06144124381630678,0.0,0.1,1.0,0.1,1.0
-0.09687411372893329,-0.0839765404640409,-0.1170479462571951,-0.12476024746677053,-0.09110688314554405,-0.10022865016190644,-0.05874969056276355,-0.08337321590080858,-0.10916018085085055,-0.07939077834704664,-0.08936275152255577,0.0,0.1,1.0,0.1,1.0
0.0345850803778669,0.041901225262016485,0.022335500560710354,0.0013827412852414518,0.01780592883107028,0.011583339368275733,-0.00223896366778685,-0.00911348202025862,0.042160198963379386,0.09733047498667198,0.10873240520392491,0.0,0.1,1.0,0.1,1.0
0.10148349621262429,0.08822693906010887,0.030323891376763654,0.07158004534147916,0.11253509844786705,0.09757676989890339,0.12749509419742486,0.14673233726153267,0.20113878949809536,0.20303915781041015,0.18838291719132652,0.0,0.1,1.0,0.1,1.0
0.015449543644092822,0.003793834297500173,0.07402458592362407,0.08568169185107816,0.09878516317246169,0.12178077335567652,0.11115636916171798,0.11722897200737532,0.06696680535829387,0.07016680145159157,0.021057996358761953,0.0,0.1,1.0,0.1,1.0
0.07282603638733338,0.07193637866890921,0.06829522579045275,0.015891762620450542,0.020698998869550515,0.00667830124645161,0.03811227032236629,-0.03616815668875524,-0.02424050327442844,-0.039435272835166776,0.017925141117054337,0.0,0.1,1.0,0.1,1.0
0.0017462599557454461,-0.015474020878727937,-0.03272297981841676,-0.025167335226684417,0.009853900626351525,-0.0030903171600227645,0.0408414996307728,0.02229980829289009,-0.005048897672314728,0.04033708985683892,0.06253984416270668,0.0,0.1,1.0,0.1,1.0
-0.1550121063566216,-0.15129371167853028,-0.13188695456688032,-0.18013450814227394,-0.18913495992901264,-0.24429486416036006,-0.21890275098316167,-0.20746118611590889,-0.20857830484914344,-0.16359819641750473,-0.17304126385824867,0.0,0.1,1.0,0.1,1.0
0.011372569468211918,0.04264399384961106,0.046336370522418874,0.04944988005933982,0.060035207747791516,-0.03924168891076879,-0.08589501532463173,-0.037818633576775416,0.0054097633542369294,-0.0014408861691064326,0.011290835176009553,0.0,0.1,1.0,0.1,1.0
-0.0016089853588944008,-0.033044260118756504,-0.04599799964990654,-0.05496190904821247,-0.029614150727228526,0.006227641836279631,0.05826402439513426,0.060503728827108146,0.04884392931457604,0.01975901307114218,-0.003115818244445283,0.0,0.1,1.0,0.1,1.0
-0.045857792598361154,-0.08439958299823619,-0.06099439898973507,-0.0794299111501009,-0.08081207681302348,-0.09061143365013201,-0.1167530739346703,-0.12341134207021622,-0.09008324217441178,-0.06370955631232371,-0.03601889452250824,0.0,0.1,1.0,0.1,1.0
-0.04213951834328383,-0.040209771408911604,-0.0666302550950724,-0.03288431101491424,-0.015944736427793017,0.025351749682406992,0.02102633992921632,-0.05484415205638327,-0.023855303843229758,-0.02029065372100457,-0.023241293199425618,0.0,0.1,1.0,0.1,1.0
-0.03366668072464702,-0.03831347350776977,-0.034614157417409884,-0.027984977807350174,-0.05215501783782593,-0.06026345581311069,-0.05773050471768266,0.01998954524920988,0.06633674237104846,0.10678195872260454,0.12048872630572838,0.0,0.1,1.0,0.1,1.0
-0.04436736003585634,-0.06680977080182371,-0.07200736185744264,-0.07145444971401796,-0.05464992394800042,-0.014262873293352255,0.023779235370157817,-0.019916978559529883,0.03859381325002874,0.02991939045729129,0.007870420414397346,0.0,0.1,1.0,0.1,1.0
0.0664931306407217,0.03753643661034507,-0.020504878873188165,-0.0052986892322447795,-0.007480863646614766,0.04650406775627272,0.034385875680229924,0.0520178048454336,0.032940623221654135,0.01121000507181848,0.034434262926776676,0.0,0.1,1.0,0.1,1.0
-0.03677160432017558,-0.014056882518941802,0.0007621194147840703,-0.0008189028518313013,0.05935026284096425,0.07601471164786594,0.07707873577544076,0.019368288450714935,0.008916474729414954,0.04357031930174138,0.10095543203073443,0.0,0.1,1.0,0.1,1.0
-0.03890686841796769,-0.016417033412923214,-0.06679855037851781,-0.09273173706908924,-0.07633086896852584,-0.07495618850234759,-0.13380208287501547,-0.06997285461641166,-0.0869754731115475,-0.04612662504680671,-0.03748056522926749,0.0,0.1,1.0,0.1,1.0
-0.04456997621006211,-0.06139456992931408,-0.1060362726678723,-0.06489752137672926,-0.10505049231216324,-0.09070408634069686,-0.04885131823817793,0.0021054101867797118,0.026496922833672276,0.07379473155325744,0.04610314261594854,0.0,0.1,1.0,0.1,1.0
-0.03956629951541922,-0.05478015865217531,-0.0808617659055523,-0.02139417300334765,0.011624818027230404,0.04816022003302929,0.05599463469610145,0.06879581923551976,-0.009009737562782463,0.019178577866965765,0.018341032234194286,0.0,0.1,1.0,0.1,1.0
0.11252152429249615,0.0930743210922835,0.12026078856060189,0.12508812656560128,0.08028963266104791,0.11333708183624612,0.11698434043110231,0.15489068926435712,0.18368580137718288,0.17580702069255438,0.16057828154196435,0.0,0.1,1.0,0.1,1.0
-0.06954479739733654,-0.02187397128374649,0.0031005857617918894,-0.01951451367923796,-0.034053835806863865,-0.12174798290843028,-0.10002611136823322,-0.126021915207567,-0.10054244355256046,-0.08802240090321918,-0.05200671255461897,0.0,0.1,1.0,0.1,1.0
0.08708341884449014,0.011813932014757694,-0.02036734706417329,-0.05905825082892274,0.012664514326963049,0.01208657324251184,-0.0013261415493694261,-0.010896504676544252,-0.027443525738617025,-0.06574093195266506,-0.07337055927449646,0.0,0.1,1.0,0.1,1.0
-0.03223347105504234,6.631233909750248e-5,-0.0046895465276185645,-0.05450201148511899,-0.11465552583840052,-0.0998773076348388,-0.13567839448772442,-0.11003983927854548,-0.10602876433591735,-0.08216722830530697,-0.0799664066106081,0.0,0.1,1.0,0.1,1.0
-0.11204650053809319,-0.12552320523826785,-0.1324725084997928,-0.14017376847277602,-0.12352867372024065,-0.11523786518758931,-0.1343452345314181,-0.12486994133470143,-0.17382936297139787,-0.1640736138310794,-0.11089580156503509,0.0,0.1,1.0,0.1,1.0
0.019393894979460497,0.11908171642754484,0.10831566201995922,0.09594985919902911,0.1305332987568133,0.14972358186657006,0.17046694322126035,0.13214076286849075,0.16417400464380247,0.12598998989302823,0.19123406995542647,0.0,0.1,1.0,0.1,1.0
0.062297379064225236,0.05153696375136816,0.07274006613309897,0.08211933460028768,0.11015141482088475,0.1020020027889574,0.12944110744502096,0.17321512999806646,0.14392629672607668,0.16221045286660907,0.1755582121042676,0.0,0.1,1.0,0.1,1.0
-0.05514004031028686,-0.07695993233558358,-0.057050829013926066,-0.10346364396079041,-0.086656522220992,-0.0650762797725214,-0.04458146550594718,-0.07327024096857072,-0.0628367629638258,-0.11156490743138217,-0.10603950884912215,0.0,0.1,1.0,0.1,1.0
0.020796792823987525,0.028701357977867135,-0.0018651006392872461,0.013108359627025095,0.006647126924561496,-0.03009432916378668,0.007979807413955181,0.02030850631854041,-0.006343910953170325,-0.02561264008210393,0.013770428373820781,0.0,0.1,1.0,0.1,1.0
-0.0346272377888875,-0.026292706987470563,-0.04768480058270983,0.008517543203890664,0.01191359981793371,0.0013975087859160202,0.06350017849557633,0.07592026930983867,0.0693520423836861,0.06650262986267147,0.08674151825056199,0.0,0.1,1.0,0.1,1.0
0.036484947165289425,0.10462888507145485,0.07773055809853255,0.07799846540914357,0.08193794885654271,0.02149133753580748,0.02130455036502611,0.06835015058623403,0.07538923025553221,0.06620562342062918,0.0710724532667995,0.0,0.1,1.0,0.1,1.0
-0.015076114522509104,-0.02313507553383653,0.00027158533432318846,-0.03801289693083643,-0.06671834922585199,-0.07245714793562283,-0.06475992729608097,-0.12091198595645826,-0.009380514847532245,0.04084183266461176,-0.016317809170689868,0.0,0.1,1.0,0.1,1.0
-0.061788617513498,-0.07500950753106965,-0.09033982929600701,-0.0693484339673161,-0.056441575517969994,-0.055046861872465866,-0.03238449538065495,-0.04574663825927657,-0.1227862397716631,-0.0898163743095382,-0.0660862520630906,0.0,0.1,1.0,0.1,1.0
-0.046898102543849844,0.012627582844890253,0.025092673973810757,0.04322498100820496,0.034614326595324874,-0.0022419824450255234,0.020765115515291862,-0.0414566613201373,-0.057697662095567814,-0.10558643858263533,-0.06442234136722644,0.0,0.1,1.0,0.1,1.0
-0.03820665537261462,-0.0778571223181252,-0.09318007676287426,-0.10162860265031573,-0.05767946863190661,0.009744028517409346,-0.06199277360078358,-0.11371150067074097,-0.11034599123873455,-0.09680945871265409,-0.08311510678181461,0.0,0.1,1.0,0.1,1.0
0.008860250287661204,0.04318266053335307,0.07319829651570003,0.0631506329279656,0.015485264255167767,0.0976858223085687,0.07704845599718683,0.09547181326475036,0.09443701984228287,0.10032208411402121,0.0615437805352784,0.0,0.1,1.0,0.1,1.0
-0.10758046500439163,-0.11484193827238784,-0.07563737454561562,-0.06886652893357141,-0.051446740134699284,-0.07035355154238583,-0.019709667289744034,-0.10760584924254019,-0.12890635356376376,-0.16673742906176198,-0.17517603599829484,0.0,0.1,1.0,0.1,1.0
-0.0024806134398517574,0.006582774954598059,0.06541253107002906,0.0550735546508115,0.08254977069352959,0.05380019664686522,0.07100491479413135,0.06355366144472993,0.05097829558799223,0.05526483748446992,0.05417803833848629,0.0,0.1,1.0,0.1,1.0
-0.06120591821081581,-0.10979332865417799,-0.09797832090253357,-0.08163014980009997,-0.0524654754257421,-0.0773740318337489,-0.056869943760889045,-0.022842542449177154,0.02280283018225347,0.044134766667578526,0.0046847156124192185,0.0,0.1,1.0,0.1,1.0
-0.047696694299666116,-0.03823208820261892,-0.012375733011356114,0.06213328050398172,0.037956126601836344,0.0664717964630537,0.004714065858467717,-0.006280125169189043,-0.024115676880814896,0.017923645616154532,0.03543732177089367,0.0,0.1,1.0,0.1,1.0
-0.06576513375956927,-0.09444952006823552,-0.061762410011964725,-0.08384156813880936,-0.09989264754724965,-0.1080480193737286,-0.09147826998522025,-0.057585202095970976,-0.08621801238707305,-0.05361814672756925,-0.09232296794609873,0.0,0.1,1.0,0.1,1.0
-0.028684697268420885,-0.01545655548998256,-0.031121123030297897,-0.07756215746269282,-0.02400717193931492,-0.049094976693008344,-0.044070603562262944,-0.05204415956517745,-0.09399759513532115,-0.049981433882122527,-0.04427818974220877,0.0,0.1,1.0,0.1,1.0
-0.05795114046311091,-0.05599882778840277,-0.10140964361437722,-0.15004388114377232,-0.13816803025056962,-0.10866070141707965,-0.1260509296668316,-0.14627283119096463,-0.11793419255390118,-0.11361001285006338,-0.08295471610916219,0.0,0.1,1.0,0.1,1.0
-0.036722776848945246,-0.033161245278036926,-0.022842897512024944,0.008847833575238731,0.00892654358283762,-0.06520591358708257,-0.10296054701397853,-0.11085374078512926,-0.10587554300631974,-0.10820156401997671,-0.07262296331402841,0.0,0.1,1.0,0.1,1.0
-0.028902368683128447,-0.04835091326725437,-0.00010433097923696899,0.021154293463525896,-0.07164369045356399,-0.008391110427630459,0.0004655343003282285,0.03185446484376987,-0.03281706043819918,-0.026813453935075792,-0.021660387692530425,0.0,0.1,1.0,0.1,1.0
-0.06774630155024836,-0.06359946495418686,-0.05432125081805326,-0.07112320256939098,-0.02064216492989017,0.030535951954351888,0.02932675683346402,0.04749219089103465,0.0386232508261653,0.042794519234645445,0.010228252713826838,0.0,0.1,1.0,0.1,1.0
-0.03171242901953366,-0.002090604207464198,-0.043180628996543256,-0.033822350102534766,-0.013943970633518585,0.040489799625645674,0.05885933333154423,0.044162760223229895,0.06128269906299392,0.04182926301124204,0.026759712896707415,0.0,0.1,1.0,0.1,1.0
0.007505758337998448,0.017463361158318626,0.018072148918373956,-0.03729313798598413,-0.03555052971252023,-0.010791633038797446,-0.027397824794233964,-0.02417111735117644,-0.02397909966170721,-0.006746815920213724,0.016952549342750985,0.0,0.1,1.0,0.1,1.0
-0.0367425352714922,-0.04016261422013463,-0.06111047157241839,-0.06862705956074375,-0.10209675236820334,-0.07359623048971171,-0.11389796284576734,-0.1363855427826252,-0.14482452942352333,-0.16521426558669744,-0.12173148981842837,0.0,0.1,1.0,0.1,1.0
0.04858263836559852,-0.01645118087657578,-0.05139184908712864,-0.05638483400671445,-0.047422892583493435,-0.027069971691226276,-0.033925960916186895,-0.03899565175723473,-0.006629715564446765,-0.008300625250802017,-0.028651632502808836,0.0,0.1,1.0,0.1,1.0
0.05530092533638459,0.05834261167954094,0.09093830492640281,0.0704414559198451,0.04878791231667323,0.037040029364465724,0.05683268206811466,0.07585654640667797,0.07435784964101887,0.032672579019664694,0.05154712347190463,0.0,0.1,1.0,0.1,1.0
-0.04172977857259565,-0.05585356531022902,-0.05473277474082432,-0.09929859146113021,-0.0950032075143763,-0.08049389901587256,-0.09227973856043487,-0.13841976642522813,-0.11946970425618636,-0.08430838855991406,-0.04736442500161202,0.0,0.1,1.0,0.1,1.0
-0.02377396035192044,-0.0359719512371992,-0.04646331110985318,-0.046296880967556214,-0.061448563700496325,-0.08473485352234564,-0.06085778813448279,-0.00998336326750851,0.053495020536319084,0.05810681010651317,0.07562624092019742,0.0,0.1,1.0,0.1,1.0
0.006791730294624088,0.025941370052882193,-0.04387504082893611,-0.0324497106867203,-0.004800237103972253,-0.0012608031666042183,-0.0012558817309671047,0.004527434040833707,-0.033035944669723726,-0.06737611280669202,-0.03559751693292264,0.0,0.1,1.0,0.1,1.0
0.004980853476271076,-0.048333815518675494,-0.10349262878599375,-0.060394525462757205,-0.07955942746719179,-0.12367993820468949,-0.08887207231624712,-0.09078457009497405,-0.10892455678945352,-0.08238550045245198,-0.08880162241300601,0.0,0.1,1.0,0.1,1.0
-0.0062737961695896365,0.020521510412232515,0.04241767556352155,0.012386688525482178,0.04812105873044138,0.014001015090204946,0.04531813875385775,0.0349337653982866,0.0359348700900631,-0.01015569864653916,-0.001203728674934977,0.0,0.1,1.0,0.1,1.0
0.11042269899522554,0.06159689270256828,0.013630221114525748,0.06134770096731038,0.05370552119306818,0.05022450851293877,0.0061063298225538035,0.026233565985133628,0.025757718952949007,0.03366229656045433,0.00671270333435197,0.0,0.1,1.0,0.1,1.0
0.09294141634470554,0.0546209522841154,0.0037003227678776493,-0.01580069254603984,-0.033340377786314365,0.0012930739254034887,-0.00020518525365877094,-0.017074766305000356,-0.005863034577794277,-0.003698745868812411,-0.000570152869537508,0.0,0.1,1.0,0.1,1.0
-0.11360010916474372,-0.12818983916731264,-0.08666993955141855,-0.06885522280312481,-0.09091712470420414,-0.11595318894511664,-0.10435757079410331,-0.11454837986118964,-0.11461109565113707,-0.07464822973048739,-0.04410078998592639,0.0,0.1,1.0,0.1,1.0
0.05215624865928302,0.07511740051502354,0.041880649325399893,0.0693663954663837,0.07003972619179542,0.03651719448882944,0.059020582209730055,0.01535630320763396,-0.026489811683979514,-0.014387561983164456,0.03326614066119049,0.0,0.1,1.0,0.1,1.0
0.03872253301519817,-0.010699507965338376,-0.019911143437004206,-0.008445997917149797,0.011402187007930064,-0.03633623599356589,0.007472565652560922,0.0038606812435040606,0.03298894329310085,-0.0005470869991004608,-0.032441573628491864,0.0,0.1,1.0,0.1,1.0
0.04407578749676338,0.05951049200521591,0.0674654460344262,-0.00046546900589965884,-0.022871179104673928,-0.10433260072993711,-0.16009592058352073,-0.13659702084380276,-0.13511612700968423,-0.08237983044850555,-0.09288025057514912,0.0,0.1,1.0,0.1,1.0
-0.06348456046570954,0.016076760748892846,0.03430728402762967,0.009744316864719906,-0.003015867505852766,-0.016830487286223078,-0.0030366495683733386,-0.02392109462045136,-0.029188199209762303,-0.02637264303801027,-0.015353576624862237,0.0,0.1,1.0,0.1,1.0
0.021846388475050063,-0.0015004134080072312,0.04168443564553079,0.06555688046655886,0.081118699031589,0.03992967797297942,0.06116502475585438,0.058119228071993184,0.07483146627558848,0.03934765727738441,0.07596066844839049,0.0,0.1,1.0,0.1,1.0
-0.038362180814196095,-0.05978378832321919,-0.03948524748042735,-0.021554386441952064,-0.020412981735467527,-0.01286831826388817,0.015480548714638052,0.012089038694872814,-0.0013849346975906476,-0.012815892115993885,-0.015356151258018761,0.0,0.1,1.0,0.1,1.0
-0.052479177576496144,-0.0379297740844134,-0.0560358336187746,-0.04999169932988535,-0.007996246491962775,-0.011464485957551307,-0.043976819012216506,-0.05675297835540195,0.010339164213287767,0.0665447326876604,0.014720002575670708,0.0,0.1,1.0,0.1,1.0
-0.018111339705796165,-0.001085275640332263,0.034706575369978086,0.04001322934196179,0.05817350729874793,0.030106398953350336,0.0020119679236209158,-0.05175738464505948,-0.02748303409751832,-0.026927035380531955,-0.010190688811789937,0.0,0.1,1.0,0.1,1.0
0.09701326004491269,0.04614194877885656,0.028934239995870862,0.020540268502397846,-0.00232047274866656,-0.05369596765979339,0.03583656430990204,0.06747023133833202,0.019281277173919593,0.03706496568026406,-0.0009147667011875152,0.0,0.1,1.0,0.1,1.0
0.039464260840627784,0.03264414778624708,0.03589328406316838,0.04007401169543243,0.06962082979228995,0.014642799753336364,0.03598079437141912,-0.015546751412281713,-0.02267891727729302,-0.009877464052825878,-0.026105472829103513,0.0,0.1,1.0,0.1,1.0
-0.050064673001849046,-0.049299338828949164,-0.017927460891569,-0.029622155935366493,-0.04602828437839848,0.0022183310456443672,0.0046059070159870565,-0.02731115386190755,-0.06490681668865847,-0.014602537290031574,-0.0199621982835785,0.0,0.1,1.0,0.1,1.0
-0.056045611188108774,-0.04507915846681255,-0.05716098602253615,-0.022587764957692463,-0.05475766133427787,-0.07988871329406227,-0.09083883814051645,-0.13875964291422005,-0.14866078005831934,-0.12832466452094043,-0.10096708416935314,0.0,0.1,1.0,0.1,1.0
-0.015069148457081868,-0.044423178918088765,0.009347348213343702,-0.04089551029119542,-0.01951232058833716,-0.05747654317383572,-0.04720040717686958,-0.043319404869130045,-0.066869022629822,-0.025760086263382033,-0.013581850721572784,0.0,0.1,1.0,0.1,1.0
0.03165899951533442,0.04415731905098823,0.021272321917684918,0.028917108518078175,0.03649859895057145,0.016745884702772735,0.024781471715418293,0.022427858862624737,0.0281526603157809,0.03216146498551449,0.06500914079002651,0.0,0.1,1.0,0.1,1.0
0.10819912818967269,0.004362735748636826,-0.0151035649127862,0.0029903748324745585,0.0004714816764692523,-0.01984124970698516,-0.03924569563796208,-0.07769778225394011,-0.0810576356316938,-0.07440877377883605,-0.08051036183878152,0.0,0.1,1.0,0.1,1.0
0.05080873105366759,0.05229481230590588,0.08017638740876712,0.026168055536535874,0.05121511324111297,-0.00010839404976904082,0.016756728635217977,0.06541869923581858,0.10357177265814144,0.120690163801647,0.1496585054934198,0.0,0.1,1.0,0.1,1.0
-0.028663324724440824,-0.07104711406517919,-0.09534944658367231,-0.07995133269363283,-0.09763035601691829,-0.08067092276726184,-0.05553639654743851,-0.11002045805159588,-0.09325567529703573,-0.12514022328700525,-0.1906621506631619,0.0,0.1,1.0,0.1,1.0
0.09728658106291484,0.10106710377489767,0.09422919070585961,0.04529625283017768,0.010963666672917663,0.041239960374256236,0.020750967832326543,0.007438791035196887,0.0203407927510494,0.015992526880583703,0.011678806080066599,0.0,0.1,1.0,0.1,1.0
0.006795824431785733,-0.006190316521418094,-0.03252229021869024,-0.07109706735434493,-0.06994271765799721,-0.07858022968794415,-0.06564433382792523,-0.11747700142229026,-0.10866342329211134,-0.13849086443118447,-0.13289565104793402,0.0,0.1,1.0,0.1,1.0
0.004154073034180037,0.03706987669579574,0.03074130025986681,0.014642500265608802,0.046882869919332104,0.009670831114466358,0.03934556712383453,0.03883378949443716,0.043758875601685454,0.0032133979229226894,-0.053660095971909134,0.0,0.1,1.0,0.1,1.0
0.07576252952922366,0.09554524309050541,0.09711815547275335,0.07736042164320937,0.061732147265957035,0.02573423698648126,0.024957950339236482,0.03624748053843185,0.03756821079204549,-0.015286103054440309,-0.03660404381136823,0.0,0.1,1.0,0.1,1.0
-0.03202113872151236,-0.03750993173266967,-0.03875210986788315,-0.025475349475878123,0.03681529153569108,0.04375321262436482,0.07667396896763566,0.09366453234070203,0.10766600998930206,0.07946882632111923,0.06305245235770765,0.0,0.1,1.0,0.1,1.0
0.10264757963076812,0.09030342873437924,0.06305257102759375,0.040004440895731096,0.017911877088317416,0.024497312888971653,0.04507208030374461,-0.012212713713893167,0.05001987668743807,0.10146126846999126,0.07629408826936535,0.0,0.1,1.0,0.1,1.0
-0.023478620008755634,-0.03501645906721161,-0.0792090123867171,-0.050659043263648146,-0.09653463438014417,-0.08371322422708323,-0.03158775048004409,-0.0711467218081289,-0.08536549792975506,-0.03766307514667426,-0.038867523914934504,0.0,0.1,1.0,0.1,1.0
0.09160623822319104,-0.0001964851962883568,-0.037165237501982216,-0.010729059223010928,-0.014517612711525487,-0.08149341174238328,-0.060572576004079295,-0.04205336746966506,-0.03520338499520388,-0.026761812557108185,-0.03003888054216399,0.0,0.1,1.0,0.1,1.0
0.05790695359884613,-0.0013687263334987987,-0.011500252073089471,-0.014118807729442196,0.0727463643674526,0.032094724458532724,0.056764273883429764,0.020813221629492396,0.04017144022167401,-0.029898846456916636,-0.05835949441960826,0.0,0.1,1.0,0.1,1.0
0.07809667944955409,0.07887130319164376,0.06512799051859186,0.045490863855313014,0.018313263730293718,-0.029846888623918447,-0.042094117178322274,0.00668608841664952,0.014444336901263679,0.037743108527128026,0.04533501250266596,0.0,0.1,1.0,0.1,1.0
0.10832101300018128,0.08188277817195912,0.05843282475720698,0.015951842283016597,-0.006856837140643534,-0.04910964100391659,-0.06302270424742662,-0.06979531045205345,0.013581182633253683,0.03732480475797494,0.0065569671535633395,0.0,0.1,1.0,0.1,1.0
0.11852170455532048,0.09498427158776622,0.14345036461607186,0.1190763389481853,0.13746020007241758,0.0825849583045089,0.10952965393361469,0.04610700313130284,0.01731262373159831,0.005955594922318872,-0.02223377138394291,0.0,0.1,1.0,0.1,1.0
0.011226189187716779,0.050590312109860015,0.05428785455489666,0.13494182002155053,0.13609311063183832,0.07415521378253001,0.011741604870186911,0.005659952707080518,0.010615372977987132,0.014936269396397663,0.04344990919331557,0.0,0.1,1.0,0.1,1.0
0.011286421688250628,0.009115353616279003,0.029480937955629727,0.07195129313065911,0.04247901514613586,0.021349248514854927,0.027256100861336965,0.07268235712195192,0.0725404554347655,0.022542431238214422,-0.007916767467763652,0.0,0.1,1.0,0.1,1.0
0.0012702920223979235,0.0258312323593609,0.03537036585236605,0.06365171748654228,0.0972628653551478,0.11247025917856943,0.11827383491798396,0.12137738968469453,0.12209922596724887,0.06409308087277299,0.07066822010044711,0.0,0.1,1.0,0.1,1.0
0.15893001379429372,0.12664825128842064,0.10304622760024318,0.08607488015820813,0.07182362568133387,0.07973377072357504,0.11958917387419053,0.08343960901856275,0.028965450304679785,0.08567422940812396,0.01451542337022238,0.0,0.1,1.0,0.1,1.0
0.06440520647417072,0.0051795535091133035,-0.04656147022138457,-0.06650037874659764,-0.11022965456255382,-0.0794286165202852,-0.0525587336210257,-0.05398302843421426,-0.02876059003617588,-0.04283248671707597,-0.030055298958190056,0.0,0.1,1.0,0.1,1.0
-0.20241597288129926,-0.1738441415032698,-0.17280336395820461,-0.10208479792764535,-0.06449372275102153,-0.10522285396580867,-0.04672133222926501,-0.0003055333177909708,0.0686443276197706,0.10108442976910267,0.10836607641463321,0.0,0.1,1.0,0.1,1.0
0.0012036117294518176,-0.031788974287271614,-0.05421165525861654,-0.07891485451212903,-0.05478510403812856,-0.0628353740268594,-0.07328189470786954,-0.09079588135752731,-0.06901853157259161,-0.030755316721347008,-0.029510585002780566,0.0,0.1,1.0,0.1,1.0
0.03240111114962987,0.017066853928228057,0.03348033453220361,-0.017946769476378088,-0.028467846194374216,-0.12378699346564012,-0.13977419054732612,-0.1372531886949167,-0.12382869055630133,-0.14982816085107942,-0.1851361364494802,0.0,0.1,1.0,0.1,1.0
-0.060133116656739004,-0.06413465494080253,-0.029175626298563056,-0.03461140935973893,-0.03507081455243635,0.022084466643477407,0.021024989547407367,0.014533234413433363,0.010289822720813269,0.03775421183823214,0.013526485851697943,0.0,0.1,1.0,0.1,1.0
-0.020954598100098972,0.018494132953642384,0.00031528532366462483,-0.033957470298510005,-0.07586476171314527,-0.09977201946040004,-0.10959364131441576,-0.10837127243998401,-0.10356276264086316,-0.1102167814385097,-0.13476676635217424,0.0,0.1,1.0,0.1,1.0
0.004479261930356268,0.05570093567562721,-0.008475994053707664,-0.021606628508733166,-0.02047553795878118,0.0019025921851804975,0.0011405299345816303,0.06635361480260608,0.043668095928142,0.007464403119986925,0.023297312344620586,0.0,0.1,1.0,0.1,1.0
0.10782786563403539,0.12079418836527533,0.11401283259674631,0.11089218889002583,0.12947104652020053,0.15528924190124255,0.10621116605624847,0.10408058363951204,0.04574098443260303,-0.03510676514214021,0.01107354988134479,0.0,0.1,1.0,0.1,1.0
0.012137830261082401,0.004444592735573913,-0.028128031447830024,-0.0018863819118444813,0.009896064707063173,0.027119308084239818,0.035052057549731466,0.01748136077952194,-0.035350105433709575,-0.06593445172061829,-0.09219071337906891,0.0,0.1,1.0,0.1,1.0
0.060761433505172976,0.011936633190817933,-0.02253593773980856,0.0068212364815318505,0.016960512113081833,0.008718672188633914,0.06212258637611308,0.05704382862528506,0.06263312742762636,0.0285119612701796,-0.004658331579908154,0.0,0.1,1.0,0.1,1.0
-0.054024322340970495,-0.022401267467078496,0.006011144208731535,0.018808469173867325,-0.042412058105339406,-0.031445030714470336,-0.012734763545494701,0.00865367627601499,0.016991850459546674,-0.001316579727413324,0.07536233404734627,0.0,0.1,1.0,0.1,1.0
-0.006411135510722409,0.020516488351965862,0.023898809453222158,0.07109973229003617,0.05210854999976729,0.07545125943761802,0.005696453161600189,-0.017430418524279307,-0.013252134728266219,0.006492005808152047,0.04607458595206084,0.0,0.1,1.0,0.1,1.0
0.02160621168265189,-0.05947156671535277,-0.06853104278555613,-0.05445710065778038,-0.04222001146719205,-0.06882923442192276,-0.07352347351581041,-0.06282705025773455,-0.14691835623035598,-0.09604452426418277,-0.09200574097054329,0.0,0.1,1.0,0.1,1.0
-0.02199041576032756,-0.022057896700619653,-0.0328747885305192,-0.01784421561383004,-0.026045034154488354,0.01857994508901841,0.052578776676173986,0.007118472820512992,0.03504268755724902,0.025652452548299755,0.038522481612367335,0.0,0.1,1.0,0.1,1.0
0.08034944198997793,0.07070046083315698,0.10131219856068993,0.1380533463606271,0.11716619988992508,0.1136741426051323,0.11767468962649356,0.1530373592705343,0.10796988232162488,0.1700334183249652,0.1635653183943968,0.0,0.1,1.0,0.1,1.0
0.027082436864783423,0.05840371527591706,0.03962536278431819,0.0274525248306135,-0.01954233845825286,0.031007580386052613,-0.007209366819323174,-0.015562300915884706,-0.0038749010257394002,-0.04348923682506169,-0.032823062045410634,0.0,0.1,1.0,0.1,1.0
-8.94851372966794e-5,-0.00459918376833172,0.002864511196681508,0.05399447430505302,0.0030617782625160447,0.006052463072645932,-0.007573287561773054,0.024424652986180018,-0.04414223801846202,-0.03064174485567013,-0.022425739478965815,0.0,0.1,1.0,0.1,1.0
0.09889082837716949,0.0687819517445114,0.04060571714531809,0.022525078696871655,-0.08882088622486566,-0.02839083322812662,0.02074459626654083,-0.028103276425880345,-0.033185865581082066,0.0321690357691245,0.051521141491376904,0.0,0.1,1.0,0.1,1.0
-0.006465740215862261,-0.025688985586657602,0.020786727050724214,0.02683295237112982,-0.017759540930203314,-0.03761732086590287,0.02306369348490108,-0.048142539216402505,-0.06492068692872688,-0.01557984656921469,0.0169399155786389,0.0,0.1,1.0,0.1,1.0
-0.0024886346816690662,-0.015637665012531613,0.04536247553419478,0.03203024145696488,0.07567409854562704,0.08512510763703035,0.08608105839503728,0.06852067737578516,0.11563327219768539,0.12680646521207922,0.042934419525196624,0.0,0.1,1.0,0.1,1.0
0.13450008030259153,0.10328551086934523,0.0919817038369254,0.04201492404689652,0.00514299832385641,-0.040744566423093875,-0.025220367296226946,-0.015953369024298638,-0.04846755621012025,0.004355942239703342,-0.0069110809377602445,0.0,0.1,1.0,0.1,1.0
0.01345684344615846,0.05860977812532139,0.05091969271013402,0.02615259603494223,0.020392933079435425,0.032536518413039485,-0.029815337798961786,0.013628388132003198,0.0016216845726235909,-0.05099800260837948,-0.008132128928731504,0.0,0.1,1.0,0.1,1.0
-0.19989761341938958,-0.19805924984820056,-0.1695008948954626,-0.1456780161877733,-0.16166897490372678,-0.12358905394976319,-0.015732386328981815,-0.0604092881219988,0.03419997708887439,0.04140501837363421,0.024452700114448785,0.0,0.1,1.0,0.1,1.0
-0.0720186710315864,-0.06055661804009937,-0.07088847302295256,-0.10778116070266125,-0.10755051457996251,-0.04979277210658008,-0.04427501759572305,-0.013231047777370743,0.02004092507539305,0.0075971094939755734,0.01618237505142201,0.0,0.1,1.0,0.1,1.0
0.193986082916602,0.1911870637718221,0.10290160625243937,0.051158992275405026,0.0634676056960667,0.03493989575484428,0.029393346076761945,-0.0046568786528694076,-0.03820690088942214,-0.074010462316073,-0.04095031226627874,0.0,0.1,1.0,0.1,1.0
0.0015453142379377625,0.025405654806590395,0.0019152213527190293,0.01233232357763043,0.011430154152204582,0.05516688840369166,0.04351357814105529,0.018840199698433976,0.022497129021806547,-0.013440246531581834,-0.016323191600720516,0.0,0.1,1.0,0.1,1.0
0.019076574687563568,0.027391059438962983,0.04816694010726362,0.04864663947427683,-0.01725042647247719,0.007432762910603059,0.058539899797058696,0.03399534412216955,0.04574328878479815,0.007847757501491366,-0.03328190703320407,0.0,0.1,1.0,0.1,1.0
0.04309962672340203,0.022243955712992303,-0.01953302805303233,-0.031604850367476095,-0.03557511748495709,-0.033663724090322,-0.043764432082309804,-0.066459007285947,-0.038611729951239356,-0.04468305955837655,-0.04110219783691888,0.0,0.1,1.0,0.1,1.0
-0.05615996413246556,-0.061822442274309185,0.016299183040479392,0.04023327995595567,0.07504157278247092,0.1135517520366775,0.1357837660419825,0.10429191214517324,0.07207489724800187,0.02369527011168506,-0.003716526096540003,0.0,0.1,1.0,0.1,1.0
-0.016184771149478173,0.010568769893559567,-0.0005572268111115782,0.018462088596059193,0.004764561668427904,0.06091201617459825,0.066866936049784,0.04276908250022236,0.0391760407263818,0.0037818518181195124,0.02306827602452373,0.0,0.1,1.0,0.1,1.0
-0.09973401471622914,-0.045140565371321995,-0.0694850111493843,-0.07637149748223869,-0.009406879835797008,-0.024231032482998065,-0.01060645538443245,-0.01445556474857421,-0.030979349211836753,-0.033509950247641196,-0.05814929244627631,0.0,0.1,1.0,0.1,1.0
-0.06327643283440725,-0.03203999204021778,-0.03222558067477675,-0.05386444645268243,-0.016053716585838713,-0.014219458875519982,-0.04258006562260368,-0.01685643488891996,-0.005604834106990756,0.034391992897537,0.04620002676863214,0.0,0.1,1.0,0.1,1.0
-0.10245313136832596,-0.11750047125292037,-0.11614014069575439,-0.132146530758733,-0.11255163318618591,-0.11270215767032099,-0.13198739699975093,-0.10354462096331034,-0.08688776575567803,-0.0869709816252536,-0.11224416130610534,0.0,0.1,1.0,0.1,1.0
-0.01074994403409443,-0.037602553136340276,-0.03935443604286822,-0.01102111066882068,0.027117936129630146,0.037120870049454566,0.03612866072913945,0.012577677162279366,0.07234195592921194,0.11652267381984548,0.15434667433910007,0.0,0.1,1.0,0.1,1.0
0.08722019302343433,0.09480411823653284,0.05895449616148769,0.03826102710664558,0.019721901311314773,0.00861533354833229,0.029837891562759903,0.009310405475390263,0.006542215912814151,-0.012870863890832945,-0.002913840426183388,0.0,0.1,1.0,0.1,1.0
0.045672514266591455,0.02155854233373426,0.01885729003334279,-0.01211849751556493,-0.04388018706185388,-0.019110471727779486,0.02599970640017003,0.004078603178195982,-0.04444493107071458,-0.002064783892508734,0.022942099521834795,0.0,0.1,1.0,0.1,1.0
-0.02116566532042441,-0.03143703550047837,0.006862180775604694,-0.006815441726828313,-0.018682217577056858,-0.026228247447208607,-0.04646904011180339,-0.06370655886065552,-0.07145335588731674,-0.03877000343114288,-0.05060922752011762,0.0,0.1,1.0,0.1,1.0
-0.050860845942540804,-0.03888142803680146,0.0004386276434016345,0.00765830172378721,0.022367634962959602,0.009559020078646223,0.033434701299264166,0.0746494101073949,0.06959950391727142,0.11557411205232197,0.11739361100203359,0.0,0.1,1.0,0.1,1.0
-0.017113511797136337,-0.008710341878372158,-0.0333712095855675,-0.0442432108981608,-0.038184777561180175,0.01710456464034614,0.11146431640182362,0.051727833179436064,0.05508784808488697,0.04201111548960894,-0.0436036143040766,0.0,0.1,1.0,0.1,1.0
-0.09466380720201413,-0.07031822371350123,-0.022439159966004922,-0.03348657397136772,-0.002054685470006916,-0.03283025490946592,-0.10350472684342282,-0.09797156316637677,-0.1435514497927001,-0.1392527350074799,-0.09305348763103916,0.0,0.1,1.0,0.1,1.0
-0.055234634538990815,-0.03529575866612985,-0.03135055142805774,-0.06630636186009438,-0.02602477351188765,0.04166709883144817,0.07568626939957435,0.1020293141171699,0.07260970939559938,0.13696541581101973,0.10442592997560818,0.0,0.1,1.0,0.1,1.0
-0.07746875668454037,-0.07374179346600115,-0.0687587616669814,-0.0655332012821457,-0.011793056634640468,0.02927421309151257,0.03718778678637658,0.09687310699741246,0.0145154829921407,0.041808526424157125,0.019592193465764553,0.0,0.1,1.0,0.1,1.0
-0.019620209700128895,-0.014897424123998488,-0.0571663189922372,-0.04128449354871292,-0.08658353521494402,-0.06256551059970913,-0.08732383871747357,-0.039421738607028044,0.0036107894950506148,-0.0002502779453848218,0.056002138035372725,0.0,0.1,1.0,0.1,1.0
-0.04947831460260212,-0.041565837724763105,-0.046194957733735,-0.02101362914017694,-0.03418035464945748,-0.07630147573678171,-0.04930113119989667,-0.06620541312331026,-0.052110204470088725,-0.031569201628764997,-0.037855840956442066,0.0,0.1,1.0,0.1,1.0
-0.06217659913993585,-0.015271360485862702,-0.009111062497385688,-0.022492978751224524,-0.02963122861470668,0.028984606543593645,0.029935255294222182,-0.055289474229252684,-0.05822639291378408,0.004762726921893383,-0.002629917730363851,0.0,0.1,1.0,0.1,1.0
0.030844138735942533,0.0034490503394533356,0.008203054474115078,-0.010071218742554403,-0.03789224987311329,0.016836630260064954,0.03303603210954367,0.03481784076678283,0.02924029878764324,0.022261521157359125,-0.002958455191928021,0.0,0.1,1.0,0.1,1.0
0.1204587673599396,0.11665098121829856,0.12410354464092323,0.11870059892272694,0.11761120957448824,0.10458119203302489,0.1262536656558261,0.024152397835477304,0.029389776928567597,0.017014327452883386,-0.06644145542088435,0.0,0.1,1.0,0.1,1.0
0.0980802822551733,0.09796961501271183,0.09842841057930253,0.08832088783225764,0.10527991362425175,0.12444658605523705,0.10849622459930051,0.1298264637624436,0.13103080511636886,0.11148384636607427,0.1495983709760369,0.0,0.1,1.0,0.1,1.0
0.02893910670764196,-0.026636799995341194,-0.030887869147720924,-0.02064444181059868,0.009990707765684639,0.012607926459702806,0.03686639884994822,0.06740121943868943,0.004529667012968898,0.007561849655693616,0.05651209797974698,0.0,0.1,1.0,0.1,1.0
-0.10431683830768988,-0.10292687814351165,-0.055061715342895,-0.0800025904909648,-0.05786113402405018,-0.07630820708487741,-0.1080591993113135,-0.07023969898398187,-0.03533762490242498,-0.06732239935936926,-0.06887214079444655,0.0,0.1,1.0,0.1,1.0
-0.10976048001170588,-0.1410237720279585,-0.14758409945922765,-0.17028202989973423,-0.0912757009160235,-0.07217043629408317,-0.08382877566044879,-0.07999993769888639,-0.12595167595837203,-0.13593953007949652,-0.12586919291461623,0.0,0.1,1.0,0.1,1.0
0.06937710335530471,0.014105323027278426,0.018821694375790433,0.05384423911468783,0.018416217984311218,0.028413069844624713,0.09171074564086652,0.08197262999388871,0.08129397959688463,0.06161398142597486,0.05348296769819493,0.0,0.1,1.0,0.1,1.0
-0.10198989055354132,-0.024192954152501986,-0.01972013508082396,-0.07583650925259856,-0.15382288176772632,-0.11343972324368581,-0.0799375656726449,-0.0827486770468818,-0.09859702648691446,-0.09082121341686278,-0.07335894600789147,0.0,0.1,1.0,0.1,1.0
-0.06003367211210197,-0.09047390385644474,-0.12911053867043545,-0.12397943397624898,-0.10446605960732466,-0.08221264662885341,-0.08738655032530779,-0.02973733310942072,0.018678417345474176,-0.016053045566688868,0.03332480785406662,0.0,0.1,1.0,0.1,1.0
0.036586232593496575,0.06108727715166272,0.08379054271172347,0.10855522349352908,0.10740619393323358,0.09889155885115296,0.09245609998183899,0.11099849231993572,0.10234955968834861,0.07137351306843832,0.050967461263651176,0.0,0.1,1.0,0.1,1.0
-0.05742056197503553,-0.050644510298658976,-0.062069775276436076,-0.0830578419604773,-0.08556597848246894,-0.08080909954645375,-0.10174580504723961,-0.09651536031056902,-0.09486473923270461,-0.05267603454908022,-0.0763383490494198,0.0,0.1,1.0,0.1,1.0
0.035514552491486134,0.013748584505438057,0.018312239593659168,0.05493169319990774,0.06282778666938948,0.09619300498795363,0.0586689917361031,0.02931438390481397,0.0020522322456069456,0.007873711614820738,0.028547259809855903,0.0,0.1,1.0,0.1,1.0
0.1549854502140234,0.16673783367166967,0.1758141741935801,0.13219684731725898,0.091519504936494,0.09309362693487212,0.07277372586690584,0.07548265201526975,0.08364013236959408,0.10708305311948277,0.13624824749062306,0.0,0.1,1.0,0.1,1.0
-0.01155917289669112,0.01102773776641198,0.03795209714947232,-0.004188180010266045,0.011949087935115808,0.04026067867752369,0.042077171403361105,0.01953462130483205,-0.03023983406430599,-0.028117318729645846,0.015785811402139912,0.0,0.1,1.0,0.1,1.0
0.011832518070300273,0.016632851800282226,0.005626888201160843,0.022194494998382806,-0.008820166343677566,0.02903748423852614,0.016256863052832006,0.014572660991001329,-0.0059854993347398956,0.0033579950471028207,0.04842004433805,0.0,0.1,1.0,0.1,1.0
0.1069357892703897,0.11541835666205122,0.11829334134772326,0.06547487603681994,0.058603505433166184,0.013589173919560625,0.018379279319948663,-0.005427432492294899,0.01613562269150933,-0.03670301071273324,-0.058342958204765566,0.0,0.1,1.0,0.1,1.0
0.022329089818361354,0.062169700991067736,0.07298578671771186,0.032077472413266715,0.06137912574811062,0.052877155124420705,0.04330612785545216,0.040427087343032776,0.07725286556536687,0.09423555702161855,0.06830336223307673,0.0,0.1,1.0,0.1,1.0
-0.029819931220870333,-0.05477272616658575,-0.03814665872605194,-0.029707323089585708,-0.0733234392395235,-0.05273656548199615,-0.03996939796383399,-0.03591426393678322,-0.054173525478842466,-0.05158524807400599,-0.0325622458338206,0.0,0.1,1.0,0.1,1.0
-0.01247285574285326,0.008316143449588346,0.015748808994980393,0.005969441831361817,-0.031665732999570206,-0.006045336785304542,-0.03679341404070602,-0.04884931766601641,-0.03318295446947989,0.0011621606196320494,-0.006780924825378871,0.0,0.1,1.0,0.1,1.0
0.08882614921386876,0.05294186368067326,0.005682312431572058,0.005774850804822059,0.014672922745330537,0.018387962496228483,0.010518721809562455,0.02348219796064282,-0.005676911534387777,-0.05654058594540399,-0.018278650876703134,0.0,0.1,1.0,0.1,1.0
0.012372347944605518,-0.02298694268457146,-0.031552034723224626,-0.02961364398447736,-0.009008479493335029,-0.044608281243522764,-0.014439313438059077,-0.02479168558638392,-0.0032491356731719975,-0.04079840513499482,-0.026977842644476956,0.0,0.1,1.0,0.1,1.0
-0.03176363258282665,-0.022460298063164373,0.005969636893488117,0.030002910936862123,0.04151714312148656,0.056984565940862236,0.03447369028334624,0.028354984227886064,-0.006562631583858343,-0.03736898676048752,0.008985464234193025,0.0,0.1,1.0,0.1,1.0
0.012779944972468113,0.0012681509982182485,0.024689689673811018,0.03360112956805106,0.0667998753612693,0.07198607575506155,0.021720074070357642,0.03480540439861502,0.03913414340736475,0.015020944893006129,0.027912016168713777,0.0,0.1,1.0,0.1,1.0
0.12837172321659315,0.09140420517724437,0.13405770453795715,0.08768662744431005,0.07953860831488395,0.14420479242464268,0.1064143221722317,0.09207577618075424,0.10134801702126432,0.13115503530446365,0.10914312921932891,0.0,0.1,1.0,0.1,1.0
-0.015983292025588177,0.020756214270569166,-0.008836153788664838,0.021193870875200544,0.07681918917401266,0.11077400382091601,0.12091413533436743,0.14804089822729216,0.13790140475406157,0.09151873447607664,0.0777137684207665,0.0,0.1,1.0,0.1,1.0
0.057712080408105465,0.08662794489364609,0.019949467179112397,0.0839030047846408,0.08705979977259849,0.06742743947457222,0.07112101878878838,0.0626623190379331,0.06833044846674363,0.06273014426071918,0.05578704978006421,0.0,0.1,1.0,0.1,1.0
0.1465591554913478,0.0858025357354303,0.06303551291020723,0.050183824211641456,0.07742416113447642,0.10355479504929674,0.10135227609017614,0.09311822165202424,0.1413367501554515,0.11179488834712845,0.05709995315989827,0.0,0.1,1.0,0.1,1.0
-0.043377490016459644,-0.0694846425145213,-0.1063525087811667,-0.1379444029482459,-0.10237393452076304,-0.004801817872503958,-0.06688441332137063,-0.08487374170684646,-0.09132282534447819,-0.11993717380703425,-0.13434037489667378,0.0,0.1,1.0,0.1,1.0
-0.00823350024611292,-0.003905125231769918,0.016614085235128702,-0.004411372856998498,-0.035658844171715366,-0.021754497752100165,-0.04176155842099104,0.042144760353410464,0.07459435401469994,0.03065265664636676,0.05048025959970068,0.0,0.1,1.0,0.1,1.0
0.05576741034910868,0.06398894052353168,0.03858348671771811,-0.0011981601663447264,0.028615462818932853,0.11947287944991941,0.11422364151741866,0.15898003275344197,0.17406047340026248,0.2053944561515266,0.1911971211680665,0.0,0.1,1.0,0.1,1.0
0.0603343677602977,0.05769423724096393,0.03921758757699889,0.06953144110242929,0.12255715843516786,0.17104526853747598,0.14271930477193048,0.12447480631616689,0.10897905862965487,0.099631557129377,0.13185419035759274,0.0,0.1,1.0,0.1,1.0
-0.05743187253065551,-0.06121214239814214,-0.0444607782187394,-0.03943204829898272,-0.04850599773870234,0.012205329086216667,0.017921842859807805,0.02100517631199621,0.0940905461038087,0.04055217347840299,0.12189567126947021,0.0,0.1,1.0,0.1,1.0
-0.07651159078313212,-0.07160110006529585,-0.10505821279208916,-0.06298627065523454,-0.06418331516917784,-0.08214357432270065,-0.1492092605938763,-0.13416094709792903,-0.1531646441418013,-0.08505346633313224,-0.059819336321250416,0.0,0.1,1.0,0.1,1.0
0.10048895739282679,0.10625997491339713,0.1443909188233214,0.06899418452340289,0.06047485753569078,0.06663885449909995,0.11210498956018325,0.12308426300343088,0.1295988220263668,0.056227083674215146,0.09768402389265768,0.0,0.1,1.0,0.1,1.0
-0.0968851097148535,-0.10099811902991596,-0.0973500806492902,-0.09696175888260695,-0.06324730035950847,-0.04359341031568267,-0.054664019557699214,-0.05763738639558117,0.0007165687132537693,0.008180133305546096,0.0104760979564326,0.0,0.1,1.0,0.1,1.0
0.03831786609296041,0.06081961603625183,-0.011942640396936398,0.0016972730074333534,-0.016813279796919756,-0.06727210066577667,-0.06342418569293141,-0.06685974785456449,-0.017204911698160602,0.027387578664542354,0.004204122177555787,0.0,0.1,1.0,0.1,1.0
-0.0910846715357326,-0.061376498746143884,-0.025037039452978953,-0.006596197705984366,0.03352178740359448,-0.005236754420548887,-0.03527431482854818,-0.0046306886953241914,-0.0022016399503329356,-0.05787544058030267,-0.08816059479696091,0.0,0.1,1.0,0.1,1.0
0.0633312922332168,0.09458161469182896,0.05741837150553465,0.09472326885542183,0.09924171748969149,0.12756995727466103,0.12518095336137502,0.10173455027392901,0.07151607618897415,0.058490238829783846,0.09862979259403376,0.0,0.1,1.0,0.1,1.0
0.01521181480634286,0.022293585487418416,0.01202124052443588,-0.005931540296519369,0.027977734828611454,0.05422720654862581,0.08274835806276917,0.08981602678212683,0.08488735064172628,0.051225229234931016,0.032485779427138754,0.0,0.1,1.0,0.1,1.0
-0.006476474855202955,-0.008180025080298468,-0.0010919025032674265,-0.025063001955930825,-0.008756466357730423,0.04675556960898246,0.0977265500761346,0.12911108980485814,0.13469837814880575,0.06163096444512415,0.07738419163715565,0.0,0.1,1.0,0.1,1.0
0.040237248821441876,0.03596606088204625,-0.021225940010015147,-0.02549429031156007,-0.040833778633587225,-0.05866188138232859,-0.06713868938682452,-0.08217090011560663,-0.07374706935316173,-0.037436763483870664,-0.016585612892132433,0.0,0.1,1.0,0.1,1.0
0.06998154367929732,0.045915491190538185,0.015919231621247417,-0.011079587181171791,-0.011285899967769257,0.00722988119227674,0.010275361089629523,-0.013898913748257205,0.011761988252642377,0.0403212725051511,-0.03958630420799179,0.0,0.1,1.0,0.1,1.0
0.058078130456138154,0.012502212365688069,-0.01897582458990891,-0.008816506263249245,0.005469203576233745,-0.0035518824312254053,-0.015784041834679796,-0.017367657402077453,0.010127250827306117,-0.03754578636428913,-0.013183850342105445,0.0,0.1,1.0,0.1,1.0
0.1629322343465084,0.16429413830627498,0.1310133857770038,0.09147955534043087,0.08641416454924157,0.08682867182178682,0.14658342643569391,0.08387744308457847,0.07107042709775643,0.09742756958482318,0.09553319656497167,0.0,0.1,1.0,0.1,1.0
-0.07174861952935443,-0.12163766436927816,-0.09710493932829349,-0.16180429397154922,-0.13628229616598145,-0.11891635493557363,-0.1906139199435425,-0.15656329483363485,-0.16321521815450574,-0.19283094989945765,-0.18087317589817106,0.0,0.1,1.0,0.1,1.0
-0.001383069295024044,-0.006823429500517674,-0.003498556355833521,-0.003804522117799917,-0.023932183940782472,0.006113610506684977,-0.033897840466669826,-0.04145677247850793,-0.03879180065565243,-0.021808780857785814,-0.00042103918816894376,0.0,0.1,1.0,0.1,1.0
-0.07368304521419246,-0.06541397851840958,-0.06371696085104077,-0.038298493025027455,-0.045223462949973654,-0.05768062818711655,-0.041932074525674636,-0.017529373642150226,0.019772262848976725,0.014634064656076322,1.903377673586476e-5,0.0,0.1,1.0,0.1,1.0
0.023229351220626734,0.02757812388802961,0.0022747362816014152,0.043348734314306615,0.06491679582566773,0.05933270736225178,0.06565609150449524,0.033456714663401985,0.0582835202525635,0.029951110145860806,0.03766732281618297,0.0,0.1,1.0,0.1,1.0
-0.0047485798517440695,0.004781030335139819,-0.02601842254676881,-0.04372922318769592,-0.006265391641389263,0.028411362429931454,0.0811408310685971,0.06690715415710446,0.039141438544709986,0.01598076449386962,0.04430770836910651,0.0,0.1,1.0,0.1,1.0
0.05717501392906397,0.020506749761472137,0.019898903018040953,-0.02501050982404076,0.019719951801528166,-0.006686475546824069,-0.03527663458889768,-0.019738951026810038,0.012673303061114447,0.012238798110590407,-0.003146952585532046,0.0,0.1,1.0,0.1,1.0
0.07386834212812238,0.025975233887797385,0.05429592033304301,0.05665889645623347,0.10078794644010386,0.04348011756903384,0.0946055554567251,0.04876660424190078,0.08382589974092262,0.08889006459791984,0.0762483643825487,0.0,0.1,1.0,0.1,1.0
-0.09815045371388771,-0.1203656166199741,-0.12919369308031214,-0.13926706719556897,-0.09507666646094397,-0.06967991977290705,-0.035463123677911934,-0.014352678199615266,-0.012555376234333766,-0.029095583743106224,-0.003292378105429792,0.0,0.1,1.0,0.1,1.0
0.09847673114990779,0.07062859372485254,0.06387689053906082,0.021742241287022283,0.01838742204705244,0.01973057522589743,0.030095714652079053,0.013281206389966802,0.07600132667748839,0.10902345435273297,0.09653472478530503,0.0,0.1,1.0,0.1,1.0
0.13281785223251102,0.19369836309679136,0.1337465096497347,0.1268505353943563,0.04898000076441049,0.009398682842076518,0.036287731035846496,0.03279783496476826,0.023639262330535572,0.06881438653489788,0.05704767251224403,0.0,0.1,1.0,0.1,1.0
0.0788337816275184,0.12107972292427288,0.13676921803077757,0.16517159554569769,0.18878657397883475,0.19603951218582263,0.2042217917426345,0.1627155780189955,0.14032591422639618,0.15827562000906564,0.14229470864215638,0.0,0.1,1.0,0.1,1.0
0.04552632986030193,0.04367596448522494,0.03534670662216481,0.03514815004409293,0.032961133679835115,0.03261872433975577,-0.0022067689845661764,0.008254956675442864,-0.02121967368702691,-0.01250056691707137,-0.00213553464474992,0.0,0.1,1.0,0.1,1.0
-0.027532558636375805,0.0155930389662624,0.02590264079393258,-0.00646201117753524,-0.026873467712635286,-0.05596467305196014,-0.09090521514543384,-0.11323510480936416,-0.10043835012021562,-0.12003297358188675,-0.17289607629341125,0.0,0.1,1.0,0.1,1.0
0.08064818303405336,0.023647870795687725,0.03815470602919108,-0.0009697933903097047,0.0014268407612661282,0.011323582951261055,0.002861568271135797,0.024350717571292622,0.05007533517662492,0.014136232906728552,0.03426512824112107,0.0,0.1,1.0,0.1,1.0
-0.07282698037759718,-0.0013757101081355028,0.025591714416803073,0.018928087333279133,0.03667037127005252,0.049107438544737134,0.06639704033962919,0.061989125725870745,0.055380715849824264,0.030962903525632315,0.052075728401403176,0.0,0.1,1.0,0.1,1.0
-0.028971568641953785,-0.056062372736556905,-0.05801609394566661,-0.033922456221869776,-0.007679585600567182,-0.014230900899206127,-0.0540976737159087,-0.05960917618861998,-0.029758533947367317,-0.003980215221189177,0.0026179457133131186,0.0,0.1,1.0,0.1,1.0
-0.1491875758674385,-0.16489677178062875,-0.16555918872894076,-0.16488258163658254,-0.1589745349249926,-0.13386127383789592,-0.10821286762076163,-0.12308218370544734,-0.131447963204217,-0.09742098951633225,-0.0935104632234153,0.0,0.1,1.0,0.1,1.0
-0.07518729681059041,-0.06232450417261267,-0.03488623065943153,-0.02291084305157006,0.025603551745052484,0.05956917472399913,0.03952253282997008,-0.0068752748476082134,-0.016791250152638534,-0.01301359276634299,-0.09737574948903599,0.0,0.1,1.0,0.1,1.0
-0.019587311278522743,-0.03647919884632505,-0.07143062996046062,-0.0806325515122073,-0.07870376069751497,-0.11658158333625998,-0.12093927367711753,-0.09370184429729582,-0.06660529934077089,-0.06483759344094733,-0.04164345057823908,0.0,0.1,1.0,0.1,1.0
-0.17445865004464733,-0.16432910902962497,-0.1366416425377142,-0.15162881715513787,-0.13337081510739235,-0.1606553736416595,-0.16076564600510695,-0.12925854319603883,-0.12054682880024399,-0.10987833810793883,-0.15408809682768632,0.0,0.1,1.0,0.1,1.0
-0.056235523395081,-0.08044845973801344,-0.09216766488078948,-0.04854368204465484,-0.036992440965260706,-0.031567329685758615,-0.05927643702836882,-0.021182009753685505,-0.0006270143452735064,0.001031308102505202,-0.06069055192512845,0.0,0.1,1.0,0.1,1.0
0.04132777267412478,0.03042537423060448,0.0029743921663842807,0.021038047473778337,0.11086055082080182,0.10499705009282068,0.09189202019194873,0.057615787515217676,0.035069057416919666,0.05256933231356813,0.06527441186536001,0.0,0.1,1.0,0.1,1.0
0.14746428988465965,0.1490521672195737,0.1314012490741806,0.06255642186998639,0.022167485235582346,0.020322179865552948,0.06782917668083521,0.032997219852308954,0.029303046873638137,-0.04742149875645868,-0.004175716188593401,0.0,0.1,1.0,0.1,1.0
-0.0005064232722461739,-0.03676750448788664,-0.028565057763284503,0.01729588523387988,-0.006777194399156755,-0.026327187263409896,-0.041640395092974763,-0.016621097956718556,-0.06246240778794386,-0.030407290432094985,-0.04878031611559812,0.0,0.1,1.0,0.1,1.0
-0.06983891617597726,-0.04057960864899311,-0.009292369104291306,-0.03220565294254853,-0.037366904542001346,0.019943927199367925,0.03362247079957288,0.033393647016563395,0.00041665277830566297,-0.0034900062805889856,0.04294579552749775,0.0,0.1,1.0,0.1,1.0
-0.1941204238756405,-0.19944432647647198,-0.18043639930825187,-0.10752403924438433,-0.1168089897461349,-0.12526909116277493,-0.10298881822645116,-0.08317807632226387,-0.009022871484105618,-0.05444336572689548,-0.08308834270555338,0.0,0.1,1.0,0.1,1.0
-0.019373104692138286,-0.03161069458555859,-0.08758973377249556,-0.07660130949226619,-0.10343284439229194,-0.13858741420800452,-0.1532337772131569,-0.11963278539720815,-0.07931200849121153,0.014671053107073659,0.016607507025176934,0.0,0.1,1.0,0.1,1.0
0.04279888166566795,0.02387322784951016,-0.0053471669435123485,-0.025207191738688413,0.018917933839430467,0.013313707946109208,0.05764026316790799,0.044175030413509675,0.06864976295198484,0.05253658922577929,0.05808792360416885,0.0,0.1,1.0,0.1,1.0
-0.025868889706588623,-0.012394409421633333,0.009084117142067045,0.030818399570327212,0.02777632195782367,-0.01195336502585359,-0.012537028370716243,-0.029100284521100125,-0.006517705302627151,-0.049686454277422104,-0.03400953075914473,0.0,0.1,1.0,0.1,1.0
0.0003315713169007018,0.013633822211108784,-0.04117724920671078,-0.1034797635993782,-0.09572000952567589,-0.09437234360543885,-0.08787051913927545,-0.010691745116123641,-0.018926992819536817,-0.026931308611221498,-0.015514652294088785,0.0,0.1,1.0,0.1,1.0
-0.03597506381921965,0.011271164735546672,0.04458911895213919,0.014541601505137013,0.06262965131009886,0.05351189957161728,0.06029129621104062,0.06086115563608912,-0.00563742829412385,-0.004463277669537561,-0.009972570333747488,0.0,0.1,1.0,0.1,1.0
0.14485865129597258,0.10357627712648285,0.07649662138089723,0.06452160622725205,0.01288242628832878,-0.006426080081339254,0.002254026664739171,0.012637249868543856,0.019476456033537613,-0.010328859822984537,-0.026812344932639474,0.0,0.1,1.0,0.1,1.0
-0.03667638417179312,-0.05988591104410951,-0.04788151635520686,-0.04192864336954253,-0.017340483823423593,-0.06309205277654306,-0.059753527507055766,-0.04263856513447293,-0.0361789426374394,-0.06525615359422454,-0.07948307962715724,0.0,0.1,1.0,0.1,1.0
0.007708184044291735,0.011447470180021251,0.05414368774628937,0.034552093187077075,0.04559575675158361,0.09443560033376042,0.08157826122989281,0.07723277986083503,0.16792590016769798,0.18207698063871175,0.21506326080432955,0.0,0.1,1.0,0.1,1.0
-0.08230482448108654,-0.055851176229324326,-0.061033605999358864,-0.10232338776869745,-0.05584376548498829,-0.061541646244322526,-0.04405083696682207,-0.12345051369571255,-0.08394248385492455,-0.07900444710103438,-0.11749812961238355,0.0,0.1,1.0,0.1,1.0
0.019912635345378807,0.03346958010150428,0.04971175127046332,0.04521639193605682,0.04808009161277642,0.06448822223655966,0.06737382389499144,0.07569633673453618,0.10489496040513038,0.08594123537218795,0.07168442566622468,0.0,0.1,1.0,0.1,1.0
-0.0054077969749780136,0.0019775343385286994,0.07123139539532612,0.08070853527936171,0.09271582624193395,0.10465101962443685,0.053427366812105075,0.01552782596186688,-0.0025796155929089567,0.008107513908312448,-0.00451236295744357,0.0,0.1,1.0,0.1,1.0
0.07717772168243524,0.08262036642064652,0.009496979043386866,-0.034203177802036355,-0.03852231501448454,-0.051257297541783334,-0.0764729840105183,-0.08074268131191344,-0.0878906780614275,-0.08354572491076358,-0.03388896997531287,0.0,0.1,1.0,0.1,1.0
-0.13218463539929362,-0.17952443387333045,-0.21944272866728282,-0.20727043015531058,-0.2469074660815709,-0.25495211757675457,-0.20288781337988598,-0.15599994728554561,-0.11945910728913911,-0.06685539981950991,-0.060274032305033705,0.0,0.1,1.0,0.1,1.0
-0.0749891218948852,-0.060294298207185994,-0.1306131848194792,-0.15232713002970838,-0.15576642531674595,-0.17310049686293066,-0.14241521268123974,-0.14308120461412357,-0.16965265053291587,-0.1795891891679259,-0.16928640682175972,0.0,0.1,1.0,0.1,1.0
0.09905925528314037,0.060410402461955656,0.04658303001041576,0.06846573469187765,0.07753158620724107,0.05828049407189495,-0.0064365934980162715,-0.016560495361263538,0.0061500881320988195,0.0001768173434178932,0.016386918779445158,0.0,0.1,1.0,0.1,1.0
-0.03775089117546069,-0.07001729492369513,-0.14314497442212282,-0.13909402767232493,-0.1484985864429639,-0.1531898345812829,-0.15060447551433273,-0.18371591813163107,-0.21742405220385458,-0.1827525536817782,-0.18752520554618987,0.0,0.1,1.0,0.1,1.0
0.032418312827032836,0.013155819259264852,0.016359587779543563,-0.007752690653421972,-0.007138871982620278,0.015222971025210013,0.012210069706403039,0.021995100570831018,-0.00718087388445374,-0.0062600662667170815,-0.034317994838623904,0.0,0.1,1.0,0.1,1.0
-0.04297043191922837,-0.09693213320501101,-0.12233282884365462,-0.11293643520628005,-0.1059676409474292,-0.09140803601132663,-0.03871557639376882,0.003396953021519329,-0.01149146766959357,0.0007964657415647225,-0.0269880516811449,0.0,0.1,1.0,0.1,1.0
-0.01000063041566398,0.0034368725380611084,-0.017352435773705873,0.07062169299889243,0.10827671730117286,0.08355585718874382,0.04643686816488646,0.04634650387397772,0.03259776127965609,0.025124150502120003,0.02802138863668379,0.0,0.1,1.0,0.1,1.0
-0.02312169926077682,-0.01386761768020732,-0.03319957929613261,0.06032523692623332,0.0014382008447947833,0.009454520254054936,0.025637234505050427,0.021245798849806232,0.053160385147889955,0.03487388652033383,0.053893411072981554,0.0,0.1,1.0,0.1,1.0
0.04349361633043265,0.06334005815926619,0.015783907894467146,-0.006044893676225342,-0.02150910188219747,-0.05040357470314985,-0.04244294302688283,0.008229723579263028,0.0008403897378603878,-0.04745155966955127,-0.06503980795166181,0.0,0.1,1.0,0.1,1.0
0.02070228032647621,-0.014582503788912182,0.001533822364714433,-0.03620419168094418,-0.07368748450926803,-0.05161701205643219,-0.05858200420439287,-0.04375613205354466,-0.07581096125123452,-0.034975792679177546,-0.019184665827317413,0.0,0.1,1.0,0.1,1.0
-0.0014332861115452834,-0.020559182036089613,-0.012392853471458833,-0.026154842364500594,-0.018519429394193803,8.325314403706194e-5,0.06434215687854127,0.04518715141292892,0.080879408696045,0.0641291726336851,0.046229483118571044,0.0,0.1,1.0,0.1,1.0
-0.10798961385204225,-0.09515296637654226,-0.12000662649407202,-0.10293494444447837,-0.10426622971850655,-0.10389043842386025,-0.11273235393840877,-0.12284270499047625,-0.12859939349654573,-0.14403502316253688,-0.11671737487702305,0.0,0.1,1.0,0.1,1.0
-0.04497578023374846,-0.027377722343866512,0.0013111261229070692,-0.0027739243902932115,-0.05676812388072105,-0.024254226086917317,-0.017486147232625288,-0.059214665157715646,-0.020027395763479026,-0.020105639134051532,-0.030603123183663372,0.0,0.1,1.0,0.1,1.0
0.03492005543085107,0.042227736859405916,-0.025907475749919404,-0.017367872921849777,0.05106452546806935,0.08003305903665155,0.09301060929164068,0.1651425356168286,0.1633828859811549,0.19444039156942308,0.1487714998837251,0.0,0.1,1.0,0.1,1.0
0.08541967679675834,0.11557022445888425,0.08379184098257589,0.021914799585696573,-0.027652804790866632,0.015835661269093745,0.021227837580674418,0.018100454901659596,0.019429231264660236,0.033093540764712645,0.002720906066992771,0.0,0.1,1.0,0.1,1.0
-0.08098039977490361,-0.04564557174474901,-0.04333287632278861,0.0003476969570206101,-0.0029821766664135125,0.05052181361933921,0.056953606782945976,0.0889076986616892,0.06147462624578185,0.025670946432026574,0.03173251404653078,0.0,0.1,1.0,0.1,1.0
0.07983522867544612,0.1053572057587822,0.07239672589982356,0.06529666419866292,0.052122561580055765,0.06837956136271447,0.04597637704659857,0.03469247534767886,0.005197988769875768,0.04553998043885317,0.07605337586631843,0.0,0.1,1.0,0.1,1.0
0.022579545054237517,0.03737533378464558,0.06839855167204567,0.025519820165393503,0.03428390511031885,0.010685294942216393,0.04158359089694645,0.08016051946034766,0.10541305141384692,0.12134118938080948,0.08723255119667749,0.0,0.1,1.0,0.1,1.0
0.07187484957480553,0.048733727913481656,0.07859032874049784,0.08716378652270088,0.06369345716000396,0.04097556123259398,0.03613592235233205,-0.0023108946617720477,-0.03051887666248708,-0.04911438265993921,-0.06680657037631765,0.0,0.1,1.0,0.1,1.0
-0.004003085367997808,0.009787623123199396,0.05774530314045945,0.07497602329809411,0.08414508639945836,0.12304237548830124,0.11119859336594175,0.1495870111430185,0.0763859580813938,0.10380800326560465,0.06342411642265859,0.0,0.1,1.0,0.1,1.0
-0.020169454107715857,-0.0026509001072230146,0.016659160171998186,0.005284440513228482,0.008493083888548022,-0.01605593491820315,-0.022674597511702435,-0.06346515085857904,-0.020746097136816702,-0.028949028260087474,-0.046307144122464006,0.0,0.1,1.0,0.1,1.0
0.005147316034803004,-0.04226766910858299,0.013076806150614705,6.796466473354273e-5,0.005266721021163402,0.017001987658922666,0.033842660167395844,0.04300290812819979,0.024532770741080547,-0.021143988177212213,-0.01613325896933433,0.0,0.1,1.0,0.1,1.0
-0.015537273699028326,-0.012069648766215166,-0.014241533945280497,-0.00933914379791431,0.009736935149019708,-0.03358320243338893,0.02606439107099254,0.0026640839358555678,0.0007311184896502722,0.010629553062994485,-0.02510117276052915,0.0,0.1,1.0,0.1,1.0
-0.03556245672313418,-0.08263760147753557,-0.1007958966493467,-0.04633235706778145,-0.06250054094881415,-0.031261696934701114,-0.04848193202001348,0.005891366688536556,0.0873480778525995,0.07050116414048788,0.060841084705817304,0.0,0.1,1.0,0.1,1.0
-0.0019045350026716916,-0.0036629199215319685,0.00963940135566746,-0.005794462028486358,-0.022188234655334236,-0.07207231983568997,-0.04643003759296045,0.019341263307664648,0.022371347000377628,0.014104318166171113,-0.024308830398724782,0.0,0.1,1.0,0.1,1.0
0.051194514381842894,0.057008159242588376,0.07579120706238054,0.07104213359419963,0.005550965511526937,-0.003266244183382315,-0.012472654507914526,0.012962059830655577,0.008348254777815848,-0.0007754049618074179,0.030700272026888124,0.0,0.1,1.0,0.1,1.0
0.027108389711647824,0.024467145694718976,0.012860493474864308,-0.03395785584133077,-0.015357243379572907,-0.007131043402905158,0.014209066500646994,0.07634597766742852,0.05795521841202484,0.020528973088467385,0.022085851107256596,0.0,0.1,1.0,0.1,1.0
0.13356363633305937,0.1175167754647978,0.1641385162037315,0.14388502585477714,0.13865246506311182,0.16294061221882344,0.18383750646012473,0.1452005679701541,0.1884769920826905,0.14763095509430518,0.1250239047139756,0.0,0.1,1.0,0.1,1.0
0.10315210094408378,0.14041989661381857,0.12730113383055697,0.13318522391941548,0.07342497031407393,-0.02008138307348771,-0.05634244651072702,-0.05224184262149756,-0.08265596710954565,-0.08176551643049093,-0.08520014416086069,0.0,0.1,1.0,0.1,1.0
-0.029578453361507894,0.00855612233180526,-0.045111233132368214,-0.08286932752151413,-0.10005978459803111,-0.05968022778786585,-0.03162611369277875,-0.08749022216874333,-0.09551350784487397,-0.08732634536861693,-0.04492145991112854,0.0,0.1,1.0,0.1,1.0
0.01043339752327115,-0.004355519548423618,0.012038855684787967,-0.006593454697621442,0.03543467900045921,0.008117321831462788,0.01957758129410975,0.0608787860198929,0.055661282039293075,0.0468390277285971,0.02770925208910604,0.0,0.1,1.0,0.1,1.0
0.06101060870549323,0.0019815806434572425,0.028286453898031305,0.05187535856291466,0.009223706203279752,-0.0018025820124661172,-0.0013910403170652997,0.0024418276447334426,-0.042222581506593734,-0.04295972085376351,-0.04219219499979252,0.0,0.1,1.0,0.1,1.0
0.03754672853814263,0.058583577463414346,0.07493532019084925,0.1220835549678815,0.1450282060319772,0.14357736356776407,0.10465113643218026,0.07513865222391852,0.08579154071620451,0.09178131887288644,0.14048108881014676,0.0,0.1,1.0,0.1,1.0
-0.06277741919378943,-0.048679759252276404,-0.04169081601914445,-0.08957117080615237,-0.13096600741742526,-0.1593661308341515,-0.19591508893591034,-0.14689488202414117,-0.1302650551672919,-0.16176168453384646,-0.14495380527871055,0.0,0.1,1.0,0.1,1.0
0.018090779643902575,-0.030470313787604925,0.03438168161611726,0.01622694889447925,0.022654166979457983,-0.05120330445068569,-0.02790135134349538,-0.07898267365807922,-0.11533200505213581,-0.11289780184855538,-0.12751001855050476,0.0,0.1,1.0,0.1,1.0
0.026907054724979236,0.0231864175206777,0.10479176847848837,0.08495863875069928,0.04862654016452524,0.05248287710491827,0.040627646724950214,0.06997961504079302,0.08633800909937323,0.07452656319354975,0.12219677336089216,0.0,0.1,1.0,0.1,1.0
0.0287284851354286,0.029379506001876127,0.009009020391257207,0.0007308195714220041,0.05824250767104499,0.04771873379284595,0.04316988685998183,0.05324961085748305,0.06982857781268507,0.02289093567690141,0.019942257927577353,0.0,0.1,1.0,0.1,1.0
0.05879908647864359,0.043608112778191654,-0.018317166243113733,0.01879234611653222,0.07179464436834647,0.045865937890701314,0.043887914477682026,0.05135459039500537,0.05659165187984387,-0.01676506900312351,-0.03968694207641981,0.0,0.1,1.0,0.1,1.0
0.029713856192451475,0.07379260859662944,0.08411189681505502,0.11462838221879959,0.07663750299158763,0.10708298539991634,0.04208881717261151,-0.03217483490010961,-0.04211382462745917,-0.03767374358954908,-0.012000645615358116,0.0,0.1,1.0,0.1,1.0
0.05360571142994161,-0.0035157140783454235,-0.005953866342990883,-0.03206514676614455,-0.022437807937483283,-0.010187694483502449,-0.018390148633488777,0.0469875893507345,0.057105847002975524,0.03251544301063866,0.02346009454730366,0.0,0.1,1.0,0.1,1.0
0.15268935785132234,0.145410700942128,0.17240992150003714,0.1525875243186691,0.17240962360728423,0.13659628697419599,0.18820192830735694,0.17008273666962212,0.1408454164585692,0.1804328718831256,0.12187606786970137,0.0,0.1,1.0,0.1,1.0
0.03263898583155568,-0.005250134698738418,0.026919183686933145,0.0030065084197551002,0.026576173416104545,0.019898283090039867,0.018910522285127504,0.08356450380810496,0.11408023044770468,0.16851615148292298,0.14312351574135174,0.0,0.1,1.0,0.1,1.0
-0.0371163111332559,-0.032783357762684186,-0.07399572416251382,-0.05102186569294079,-0.08345699760168471,-0.059884330622814876,-0.042123292153133096,-0.011983496406367287,-0.01016265216020641,-0.032293820412851275,-0.014663244092283055,0.0,0.1,1.0,0.1,1.0
-0.11637273977279954,-0.1382370360978683,-0.1247495717097154,-0.08229723431124779,-0.061642417722721776,-0.027342424422325512,-0.013419311702421093,-0.03796774129318527,-0.020675301026729962,-0.04733544749397381,0.014070843133025583,0.0,0.1,1.0,0.1,1.0
0.0745633397654419,0.04749948394286506,0.05625606091051159,0.05093784512300065,0.04569349278267873,0.0795649700952816,0.033951291130862836,-0.02079488684789336,-0.0025334962970401664,-0.019425746312009773,-0.011741820343804214,0.0,0.1,1.0,0.1,1.0
0.06807527041074607,0.034525430708529314,0.0262091940609478,0.030659495617194252,0.03663806298523076,-0.0033527977051491173,-0.029101688909077144,-0.06526853191973754,-0.031461987657623675,0.01359514045250463,-0.023430562054731888,0.0,0.1,1.0,0.1,1.0
0.017452946533633662,0.055123357413168615,0.12015749202370044,0.1341093954669811,0.17229564701508412,0.13100205863497366,0.17329739267446154,0.20211204947804695,0.16905363828297068,0.10991744360426256,0.14620660617700054,0.0,0.1,1.0,0.1,1.0
-0.04834184909420601,-0.059604780800452284,-0.06505170880010117,-0.03173904520420293,-0.052845191754267426,-0.035314632587735394,0.037926473937272664,0.009113044566507036,0.00581787438992592,0.03328804559349301,-0.0233734771752823,0.0,0.1,1.0,0.1,1.0
0.025697749645189463,0.042819034125229805,0.06132625806197215,0.022880814349452792,-0.01671016841463887,-0.009990381968879941,-0.007719519319644744,-0.046070530053582553,-0.05096742129099098,-0.07548410199877827,-0.009821984104144948,0.0,0.1,1.0,0.1,1.0
-0.021414436843469047,0.015805748075754723,0.0013510434046924216,-0.01927847835919514,-0.06805111231988278,-0.0062864744020190225,-0.02507533644722951,-0.05332246971870498,-0.02292441326670808,0.044260322769201,0.03899155676780196,0.0,0.1,1.0,0.1,1.0
0.031387407350027104,0.010628045326202578,-0.018692408607432903,0.03430177754723119,0.018453947466718752,0.011297707843991839,0.027786687655635342,0.013088453975487696,-0.002090589244168932,-0.035942520275499414,-0.014885765967641535,0.0,0.1,1.0,0.1,1.0
-0.027410162662715665,-0.013581108751896605,-0.05152471192238213,-0.06408769784849105,-0.05958735984465279,-0.042159266226424394,-0.007651698018994756,-0.027605265053597887,-0.03809882940672491,-0.05776457457878609,-0.08628995270101905,0.0,0.1,1.0,0.1,1.0
0.024261647732593514,-0.012354165545594889,-0.04119108640460853,-0.06444822557856206,-0.081781766231838,-0.07909257039006438,-0.07197999463432164,-0.05138032735760681,-0.07626177878918669,-0.07387912490437318,-0.06560312558804846,0.0,0.1,1.0,0.1,1.0
0.06808049522140346,0.16300081416686527,0.17855641034012792,0.19942261538750278,0.21603349924646886,0.21939444071906097,0.12087724704022058,0.141076998645562,0.046459597231276614,0.05819930976857318,0.019453397285641418,0.0,0.1,1.0,0.1,1.0
0.06040221162668293,0.12256181015142906,0.10325772999965076,0.0922127809361216,0.09200503385580405,0.0399132937670953,0.021573289962429586,-0.013248567812023264,-0.009274432651098407,-0.03661417197087621,-0.027036691712654035,0.0,0.1,1.0,0.1,1.0
0.030577304762210777,0.038449230788435665,-0.02445611299674666,0.0208817266294744,0.04211329628672643,0.017225029899115674,-0.006972873988201237,-0.04055428802572379,-0.09436801613812501,-0.017567268557938845,-0.03134985441609866,0.0,0.1,1.0,0.1,1.0
-0.10190690904989243,-0.07271749270729141,-0.052072148083900385,-0.04087087513896345,-0.06702520896651779,0.00432053854396109,-0.013468141105110949,0.030868525585680838,0.022015208804857977,0.06851330882094936,0.04736861732271555,0.0,0.1,1.0,0.1,1.0
0.05877260463862235,0.09403811963526831,0.10836302641027248,0.08616193585960841,0.07799062453968543,0.025450432100434073,-0.05804868900995987,-0.06873698220117296,-0.012549022370170082,0.013049511913611967,0.0022277365660075196,0.0,0.1,1.0,0.1,1.0
0.06387471254677576,0.0592171803089821,-0.01115576141078839,-0.005669832251995314,-0.023805006246520703,-0.031900204109265314,-0.011988879978197888,0.010273467671723076,0.001121375225279244,-0.013070849181525837,-0.0071776406825067,0.0,0.1,1.0,0.1,1.0
-0.01235860297002442,0.05529468745684381,-0.006456669218573893,0.014383447147031998,-0.026472073396937065,-0.030297659721188478,0.002070389841843833,-0.00881791233524378,0.010141737801973898,0.012802859757427886,0.05478836210211349,0.0,0.1,1.0,0.1,1.0
-0.1010577514453938,-0.1173592403704957,-0.059359774161718386,-0.08336798333196738,-0.08700963123581981,-0.08242199376538432,-0.11276316353179403,-0.058152657703590314,-0.08463087566393501,-0.11853807499132035,-0.1088284988599931,0.0,0.1,1.0,0.1,1.0
0.050415453019056124,0.05847406765319106,0.03956202549070168,0.08276510170318052,0.017036824191372396,0.004218199569779155,0.01572779784013313,0.04339736066967958,0.06061771844966808,0.019219647796408577,-0.0005247997525463267,0.0,0.1,1.0,0.1,1.0
0.05000714175802276,0.025997493891447718,0.04679403825049358,0.04072509599469205,0.02331886077574582,0.04231302479227424,0.07425158767492823,0.03208063084764097,0.02178119375589662,-0.011244041221640917,0.016116480625885027,0.0,0.1,1.0,0.1,1.0
-0.11995983760464606,-0.12297490233356907,-0.049438421722313,-0.018270061813951147,-0.018437383535486733,0.01087841071966069,0.0032610765858199896,0.018142925583611677,0.05194792834650966,0.05182943437547483,0.07596953972681969,0.0,0.1,1.0,0.1,1.0
-0.14896308749184786,-0.14174684502630744,-0.1846419502126307,-0.2085706966827252,-0.19605774284673347,-0.18846269581375788,-0.22635158421921886,-0.1896874919954958,-0.1507433924296535,-0.09658733444699348,-0.06514046471905549,0.0,0.1,1.0,0.1,1.0
0.10213065387621377,0.08149259534023565,0.11304392262096882,0.06919827544491554,-0.009881260925695759,-0.06621049340608726,-0.04117964608317934,-0.03125748159391701,0.00878123486337341,0.03868976043091224,0.03386833348810225,0.0,0.1,1.0,0.1,1.0
-0.004224673160961099,0.01967309607795856,-0.030979840368252447,-0.09619963201002182,-0.11565007492870955,-0.07729209674906522,-0.06714130545885455,0.0002963941568103409,0.02489561649937488,0.03845169876655717,0.018162597282267864,0.0,0.1,1.0,0.1,1.0
-0.056121624991857244,-0.024920911521686115,-0.00647455303374302,-0.019337278898450133,0.026241525847728056,0.024355890052415157,0.06001899881248236,0.024414740201742134,0.018059388135746417,-0.05378784173141364,-0.02616091196098459,0.0,0.1,1.0,0.1,1.0
-0.06488295497352087,-0.03882233871139176,0.03780524450490076,-0.006496045581022104,0.02678583336417712,-0.00696262902319883,-0.006494202685101664,0.023255775174390335,0.06263237681986829,0.07423244535380878,0.06922341782792103,0.0,0.1,1.0,0.1,1.0
0.008676698561186063,0.007682662218776923,0.014790814451034437,0.02972232485837876,0.024160701896168233,0.03694097388496928,0.05038008314217379,0.030563035905788474,0.02445091445163483,0.001669292513587415,0.017561942613710583,0.0,0.1,1.0,0.1,1.0
-0.13599961047199602,-0.07504891297648525,-0.0846551723726749,-0.05412444408740737,-0.05318843322639968,-0.0892805006155395,-0.11544036060914344,-0.13571182848282315,-0.10827028885742382,-0.13600010043317162,-0.19809111931115722,0.0,0.1,1.0,0.1,1.0
-0.019245243440390577,-0.031320551768392255,-0.1341813335905825,-0.08478547153263155,-0.09066208047975491,-0.08859200069263945,-0.13470627442042749,-0.0920650660681978,-0.11216924888514576,-0.16368271368355525,-0.14823174924225568,0.0,0.1,1.0,0.1,1.0
0.10519938700053716,0.13999362383139616,0.1213406369088527,0.13261468032876692,0.1169027930818238,0.02636682577487931,0.01387342344381699,0.07560150889216906,0.06906750825521506,0.08111622696837595,0.11212809766136664,0.0,0.1,1.0,0.1,1.0
0.027313114745941367,0.033066433891441094,0.06122224382832499,0.013324989478049533,0.0537434241208385,0.027310306754847552,0.0578305487043201,0.06133314073056019,0.09851204422478324,0.1362160728109973,0.16046557132629474,0.0,0.1,1.0,0.1,1.0
-0.06491642149562668,-0.09891298323843864,-0.11175011048163211,-0.09149533700731881,-0.07717408032205524,-0.05753502689169531,-0.04261237484282159,-0.012660597585995331,0.03975546679624109,0.04556193287205247,0.07204314044944199,0.0,0.1,1.0,0.1,1.0
-0.030754097383150398,0.0013935086103765149,0.01739065979342827,0.006816213617305899,-0.0006925588075303371,-0.0193470184628523,-0.022000805459506896,-0.06952922790244175,-0.062782342917637,-0.08211388040884432,-0.0906741760409549,0.0,0.1,1.0,0.1,1.0
-0.024627752874314613,-0.0002084919349555174,-0.04481981891265585,-0.09824766177847355,-0.06331408348877234,-0.08933726226446118,-0.08895968990308716,-0.10173645908603794,-0.10217387970208208,-0.14262725292119843,-0.04236916796051941,0.0,0.1,1.0,0.1,1.0
-0.11520355958107999,-0.11432779076865651,-0.10599523613303816,-0.09436750238406481,-0.059137741644497685,-0.05166592247794398,-0.05167197124412927,-0.03316272093138191,0.01362350881143162,-0.04457718387332454,-0.025051569148073827,0.0,0.1,1.0,0.1,1.0
0.051041201852593664,-0.007986859676560203,0.05922865313578866,0.06462345019374503,0.09300565093480016,0.038255351823366916,0.10806270890050479,0.056997115977879605,0.13358934291169533,0.08794984556940834,0.06835183584622206,0.0,0.1,1.0,0.1,1.0
0.024125190721636887,0.033333351582507324,0.07871910781891467,0.07967812235214881,0.05334312821974517,0.06929415521431742,0.09096750811615462,0.03249045959485499,0.033239468425314944,-0.025070802804236254,-0.02638581101318936,0.0,0.1,1.0,0.1,1.0
-0.003692822674358682,-0.005042422167714294,-0.039959013617259564,-0.02944876350262709,-0.04570839347809759,-0.03623875270694796,-0.028176879056279653,-0.0723641463963633,-0.07865776770850667,-0.10813363850143347,-0.0918747207565513,0.0,0.1,1.0,0.1,1.0
0.06706069487366619,0.0705148532703824,0.09359518665549352,0.048202592992166254,0.03747775139185424,0.020994526149799006,0.05133441178502144,0.039002885487104635,-0.005809838232811004,-0.01449714991165187,-0.031941281343041666,0.0,0.1,1.0,0.1,1.0
0.010311391823833168,-0.04154416394154917,-0.008172841303937372,-0.011279037578983738,-0.005057200157717839,0.04322775486846637,0.04192928068509264,0.008780240180640202,-0.0066038755173775145,-0.04885753312169912,-0.06738411602534172,0.0,0.1,1.0,0.1,1.0
-0.007024215400380846,-0.03432549840490019,-0.07538536783630082,-0.06354458266344021,-0.11856238639423995,-0.13024745900594056,-0.10413207535969654,-0.06541769210019038,-0.1122852373995466,-0.10046777048234376,-0.1074420555004626,0.0,0.1,1.0,0.1,1.0
0.014853414654660278,0.049099410977511616,0.03074787787969307,0.014285002048095937,-0.032707361641002665,-0.016342324923972553,0.05387135409591723,0.007979828428324717,0.007681377717508159,0.004119158873612423,0.053864203648535766,0.0,0.1,1.0,0.1,1.0
0.034906099943511674,0.013193441297306395,0.028539507938557414,0.08771128619593388,0.07640959821274905,0.11257891890628127,0.09879499839976683,0.06149714325326551,0.04514903032639887,0.028662018259472115,-0.018444300244827523,0.0,0.1,1.0,0.1,1.0
0.06009008162039028,0.08173682011135897,0.11484182817134529,0.09775758626941154,0.049631954904458146,0.05456614559345495,0.01392275753264871,0.05025613987566477,0.006061584804434868,0.034718250236108764,0.017339011917143474,0.0,0.1,1.0,0.1,1.0
-0.0254122730132675,0.0005062207575699113,0.04359831135411616,0.017617083882320594,0.026668831816336013,0.023428858621485575,0.07297689952487427,0.04197469868765423,-0.012764646808181096,-0.05387977359982906,-0.09339698790413498,0.0,0.1,1.0,0.1,1.0
-0.08053603056326605,-0.086351119087855,-0.07937782697989172,-0.04507010664141946,-0.015325803853081816,0.007022465198747987,-0.008207337439838334,-0.031196377626866865,-0.028606947661339095,0.03195477767876968,0.017156871847773734,0.0,0.1,1.0,0.1,1.0
0.05110569596433048,0.02367090916998299,0.04140304017292666,0.024139246164000976,0.0322650636014767,0.07602123277489531,-0.018614472546918198,-0.01236280188641768,0.02916947473652487,0.03068815234049833,0.018604131425150973,0.0,0.1,1.0,0.1,1.0
-0.05987223736536899,-0.009775580154347922,-0.05159609642712827,0.013126459094142486,0.004154765493850852,0.007378189425915563,0.0377184221916741,0.009411920349402622,0.0028342018591990363,0.04710507124718987,0.09107234742060763,0.0,0.1,1.0,0.1,1.0
-0.0193108968096919,-0.006623102024704482,-0.07622651990101574,-0.08566183480521478,-0.04231632351985487,-0.06721519876311459,-0.10026627160521201,-0.11672577115176369,-0.13706344404867415,-0.0868225674616083,-0.09003019703903843,0.0,0.1,1.0,0.1,1.0
0.11629638887645356,0.1250834131454091,0.07442015072565088,0.02772777324603097,0.015523267713367764,-0.03970649571095196,-0.06177359160075141,-0.08019780234425748,-0.10656713909889243,-0.09152760626769721,-0.05329947098793023,0.0,0.1,1.0,0.1,1.0
0.016193432704257407,0.0762233492538852,0.10567850537870194,0.09733903457951822,0.08924941169890267,0.0730066321433336,0.09267981006321446,0.06928570793104528,0.102298314134712,0.1029886385639097,0.0586734630666064,0.0,0.1,1.0,0.1,1.0
0.050957982015041856,0.03874899158187209,-0.0032466337081153915,0.05642327730190891,0.03836188020669481,0.03254823602719302,0.046426092433086166,0.04993451199059225,0.04155671244734842,0.07851349713147407,0.0446656909443899,0.0,0.1,1.0,0.1,1.0
-0.03954671001357618,-0.013618803367009866,0.006850379519993278,0.024316344975896846,0.020574873019208316,-0.001535712965195217,0.042238428468240045,0.05998156603166081,0.08821118349990306,0.05782597353756079,0.06741389062993831,0.0,0.1,1.0,0.1,1.0
-0.022253436789803942,-0.0184783711497975,-0.05958556597530103,-0.06040645351326365,-0.06527723928601414,-0.02888090097568822,-0.009729224343812456,-0.035253458029632916,-0.015137901699164454,0.007048611892867596,-0.006943063838757636,0.0,0.1,1.0,0.1,1.0
-0.007879123873311165,0.0626319157427643,0.06382425827468215,0.0601277923236496,0.032046917098074404,0.024775012444014692,0.05956162986542879,0.096523345323491,0.08204071642440562,0.0738651421942785,0.06755261984920163,0.0,0.1,1.0,0.1,1.0
-0.03355382716666462,-0.030819034859124243,0.028934891516696277,0.0024682019798537534,-0.05647012092115817,-0.04740404027337941,-0.026046387556886846,-0.02894890059274544,-0.03340816343394398,-0.007213400627638505,0.03711717712144799,0.0,0.1,1.0,0.1,1.0
-0.06878091501716586,-0.015805005521527762,-0.06150412253002059,-0.024580031910688433,-0.016675259770449157,-0.02026201263483585,-0.005299385411715155,-0.05495610962810984,-0.009464101135408194,0.021026612035247222,0.02106295234081902,0.0,0.1,1.0,0.1,1.0
0.009006878318978614,-0.027422534238185907,-0.0757972861815693,-0.09843023810710905,-0.06645989687544258,-0.05730136819322877,-0.05096217259556892,-0.01821738469311662,0.03327059861725182,0.05612225956798893,0.031736583816334284,0.0,0.1,1.0,0.1,1.0
0.010136614688567563,0.014256946386117866,0.0008356637077816306,0.017668165536555955,0.0420131847090588,0.050625362578666996,0.03933794125418237,0.02439162048846725,0.05363205795103887,0.11983071625629066,0.12361241969742565,0.0,0.1,1.0,0.1,1.0
0.002580830475622797,-0.0001837180178488251,0.006869826796512558,-0.03740138449161716,-0.032799586316327685,-0.03650028999081213,-0.008133393592330982,0.04164715025594633,0.05674554835968133,0.08605211057682327,0.0947174663524247,0.0,0.1,1.0,0.1,1.0
0.1205091415502971,0.13433207442192063,0.13559068365829807,0.08930449453649361,0.0874409246866308,0.03897970980926621,0.04530716883919338,0.020658349847006093,0.016318838143060257,0.06545175252554931,0.06980772007202135,0.0,0.1,1.0,0.1,1.0
0.012677701738903313,0.04043854920477721,0.032337400445351175,0.024840096428950242,-0.008171028104383811,-0.044792027348794755,-0.013841678644952969,0.023921383667328457,0.10321536707794221,0.10326231326134598,0.0835286524587664,0.0,0.1,1.0,0.1,1.0
-0.09988197451793031,-0.11317716867857922,-0.08519071621236878,-0.02235138158240648,0.0005654219656205765,-0.0367343799945829,-0.04991454095878871,-0.07929042658436683,-0.08617046185211727,-0.09041068127071199,-0.016721586770476138,0.0,0.1,1.0,0.1,1.0
0.025294269335960372,0.003502816314325856,0.03174120846141311,0.055204207783147274,0.034099690497949385,0.0370784601358556,0.07827555460404519,0.11118717506048464,0.09870705230909187,0.07410172468341268,0.015319067459506758,0.0,0.1,1.0,0.1,1.0
0.03586387965946382,0.014176109740548181,0.012824822074109078,0.02700209014850908,-0.0014160572920340446,0.043199897970408144,-0.00022599154427350304,-0.013409672743232653,0.030585180299060905,0.06766044937482564,0.06518822808439646,0.0,0.1,1.0,0.1,1.0
0.027653986408463768,0.008156130802716925,0.02684124485385358,-0.004076330793845603,0.0025904425258310494,0.008759241983927094,0.020330197246638957,0.0865423893855509,0.06977405638610219,0.05919974673320667,-0.001746507573724708,0.0,0.1,1.0,0.1,1.0
-0.09449458672075607,-0.13010466185737926,-0.06326767155907653,0.010018825090489493,-0.01360504862025118,-0.02050891182997605,0.013563548424438337,0.013082918986870126,0.08529720583480277,0.08987884480737897,0.04991326606832332,0.0,0.1,1.0,0.1,1.0
-0.030748911787588585,-0.09932866784975809,-0.15354882778384016,-0.1529998489273993,-0.1333303048348245,-0.10046482763110981,-0.13839837064131472,-0.07752849742207094,-0.14149705103795884,-0.22682311678238326,-0.1592620089058096,0.0,0.1,1.0,0.1,1.0
0.030315826856237203,0.040024048581611696,0.036405699981111976,0.01748455054196703,-0.0030299332201681496,0.026208741024617257,0.010022478122119068,0.06071301766321272,0.02475936322099029,0.02035897985541733,0.05105027509370558,0.0,0.1,1.0,0.1,1.0
0.1918123067748155,0.1297602673077432,0.11994383696399327,0.09740556222010979,0.08738230016412385,0.10498898668298796,0.16400757027712937,0.10297997850390073,0.09141956197267134,0.13118651053014563,0.07437776809967507,0.0,0.1,1.0,0.1,1.0
0.057505363122185675,0.061460656455711964,0.03277068243885645,-0.00046377618913065813,0.008123467542279746,0.03218235040743211,0.03502138168795811,0.056281032963432065,0.048040524413107834,0.046778986882927066,0.02461592029258793,0.0,0.1,1.0,0.1,1.0
-0.0507327559782697,-0.048526546334691736,-0.042304563707141064,-0.054362495316213594,-0.06129145378513104,-0.0655792203700501,-0.08350273599905628,-0.03905527390556295,-0.07275736934552503,-0.04606912618383764,-0.04984677342040887,0.0,0.1,1.0,0.1,1.0
-0.030544601547357473,0.00783047608598236,-0.027453074206094646,0.022903572155042115,0.017530219687396736,-0.007228311536452509,0.02004179164190968,0.04149704131105386,0.059615119111560956,0.06018197373342662,0.07982811158590104,0.0,0.1,1.0,0.1,1.0
0.0792597797363907,0.06217516766485914,-0.01624551167624432,-0.07360762928950229,-0.08657470820352471,-0.0652329591250296,-0.08979334362872848,-0.08867618199225138,-0.07378509462536265,-0.06557377179613136,-0.009021331697801421,0.0,0.1,1.0,0.1,1.0
0.0914015122434418,0.07381749765362448,0.052291405158596316,0.038359136842239676,0.05106690473924759,0.0670235692651131,0.03516956157836076,0.048144577585597106,0.0760641193828924,0.08720882572147065,0.10378307875113041,0.0,0.1,1.0,0.1,1.0
-0.01247433451848324,0.021381717962472818,0.08141915961357518,0.039270825233721836,0.005365975235639184,0.039574029339426865,0.02841067355559628,0.03543278783818304,-0.0027546570106900883,-0.01411335551044131,-0.06226189871746726,0.0,0.1,1.0,0.1,1.0
0.055420129889370257,0.052673934582066415,0.0827699035790105,0.08646249068912185,0.10595342578134724,0.14411688816445511,0.131478005773163,0.10868582342133029,0.1225288626760676,0.1132772634356688,0.1071248178398654,0.0,0.1,1.0,0.1,1.0
0.08132138044902966,0.10170718866187115,0.08304407187889953,0.13076396139653446,0.09753615773168953,0.06004798321520462,0.0034012675825745367,-0.044132848767313625,-0.002315458044956857,-0.0474826069877313,-0.03322841653479906,0.0,0.1,1.0,0.1,1.0
0.029655831907895586,0.05723559799507132,0.002182866956759469,-0.016638752454638108,-0.011083360629228127,-0.012059641895599328,0.016190074641003038,-0.017663907536969142,-0.0545208351378966,-0.05889047011998764,-0.1096594769321613,0.0,0.1,1.0,0.1,1.0
-0.1295141149692475,-0.1118604700199136,-0.13930909276748737,-0.10121611202193237,-0.06670720934803426,-0.043142150823578196,-0.049871941554949,-0.06071435427238783,-0.0744320445697214,-0.030191448195160883,-0.07077354617629464,0.0,0.1,1.0,0.1,1.0
-0.07494376797072025,-0.06135733632445031,-0.03888250294643254,-0.043856105956105576,-0.03267120429739402,-0.03327452316445854,-0.018413324201388907,-0.015055362915244836,-0.0849135043082435,-0.12037686485886923,-0.07131580630786205,0.0,0.1,1.0,0.1,1.0
0.03298118401718362,0.043637151071527935,0.033447072351200646,0.07149758154105883,0.10775307368007128,0.12533196470578914,0.11743166542487495,0.12153505862982683,0.13570955568987514,0.12371967258173651,0.08386414276436299,0.0,0.1,1.0,0.1,1.0
0.039838873981070576,0.050533969324129915,0.06757164805529664,0.06814428282790254,0.0430831995297767,0.029973862762056734,0.0010069008799112426,0.03505409771802277,0.07079793368462789,0.04669086431750957,0.06536014403258518,0.0,0.1,1.0,0.1,1.0
-0.04930297095326524,-0.047292704857716986,-0.036280541513070245,-0.0071131732835535595,-0.02639817827733558,0.057864317026155736,0.06908874099206742,0.04291295120549852,0.030364747909342543,-0.012430621902974642,-0.014255449039769302,0.0,0.1,1.0,0.1,1.0
-0.07125214010003557,-0.021792357647786316,-0.06675044400158284,-0.09915397085521843,-0.151287297374589,-0.1687708887941883,-0.16712355082116354,-0.14862891582321058,-0.0994698766052815,-0.12253783187890721,-0.08716458076301661,0.0,0.1,1.0,0.1,1.0
-0.03815995953767953,-0.012586096724782767,-0.0105884046043155,0.01770318025171458,0.006269559636904998,-0.0020760105899879037,-0.014185284542067541,-0.016841344192235003,0.023666424629422176,0.040012114557986506,0.012984969327392237,0.0,0.1,1.0,0.1,1.0
0.02709893950537756,-0.011350521397330435,-0.03243436413629196,-0.00297395648275706,-0.026002384584126268,-0.022420877176320134,0.0015587352702488358,-0.028619038026784026,0.0035529371225297354,-0.049080281296923704,-0.03139759357276083,0.0,0.1,1.0,0.1,1.0
0.08417476573228101,0.08606951878825908,0.0636004012412091,0.040823795427838774,0.0655538678485545,0.06694436156383295,0.06490300318758756,0.09045932696381015,0.04386114304532484,0.02915426620203388,0.09166961073910945,0.0,0.1,1.0,0.1,1.0
-0.02037509541540781,-0.045934374352046836,-0.04204666843759553,-0.03240351820814989,-0.044481731947025364,-0.06807185134477617,-0.027106126829975305,-0.02721576807087902,-0.04825906364729107,0.009919639066110104,-0.03706908469742676,0.0,0.1,1.0,0.1,1.0
-0.14395440412915847,-0.12851905748618028,-0.08002437845104256,-0.05556882493000403,-0.05103504158601092,-0.029104064488770648,0.017183218956061716,0.02995706452368422,0.05336825323999695,0.011463275535651296,-0.0249351192050361,0.0,0.1,1.0,0.1,1.0
0.042578360503972505,0.014411796791535522,0.004317436718987818,0.011147449704385255,-0.03356646210855685,-0.040032121774132075,-0.005224308641678714,-0.04115111898557991,-0.09057005072673949,-0.07939812133300352,-0.03824678341991529,0.0,0.1,1.0,0.1,1.0
0.022796586013612563,0.027303505057681112,0.0006428579644666178,-0.051549640769466616,-0.06088079251041776,-0.03762780800356881,-0.01642711104016532,0.004953151236227509,0.005682761749716021,0.035325695340466305,0.012296161727640694,0.0,0.1,1.0,0.1,1.0
0.008530193864370143,0.05069113322898182,0.08112890539287423,0.079781125197913,0.0810682731687475,0.007366342759068681,0.0458748222732474,0.03759223698012644,0.017429194972211053,0.012738714953525077,-0.03483327548716912,0.0,0.1,1.0,0.1,1.0
0.002881514814440074,-0.0042138473756904785,0.011428912304432432,0.015966495660747215,0.03464021337314276,0.04427810542278385,0.04294229765650411,0.06544921679449306,0.047340471470397855,0.07684603821880683,0.11500486016909378,0.0,0.1,1.0,0.1,1.0
0.08309479998134882,0.07490065877616257,0.038143518559629275,0.04603408113685932,-0.0029498568225582097,-0.005316645506803294,0.0033356791361274915,-0.0057970991660043925,0.02078234329111013,-0.013036791966107596,0.021524946319784397,0.0,0.1,1.0,0.1,1.0
-0.02937079431518135,-0.09017187474022184,-0.08812719802287723,-0.056753116607829696,-0.044834642771861936,-0.05016032123423397,-0.047420960393089184,-0.042690872925045656,-0.0594341503177568,-0.12110130476964318,-0.10796845840116849,0.0,0.1,1.0,0.1,1.0
0.014519798626526114,-0.015658118254432862,0.020007716503429692,0.025547311503631473,-0.03206758301919091,-0.010147110564326975,0.04316782003545751,0.004385962058655886,0.02455208635768958,0.09169839299168235,0.0812256794115481,0.0,0.1,1.0,0.1,1.0
-0.040177052812432834,-0.05061691448891949,-0.0425686542127363,-0.00988518703856624,0.007573208562322955,0.014341345294860116,0.025150671275314365,-0.0018324430562592989,0.036020890220267915,0.05354809173805544,0.09568154636078456,0.0,0.1,1.0,0.1,1.0
0.00976879244254199,0.031424681032049456,0.07995300810082595,0.12679642132724353,0.14407909126805135,0.10223412107287044,0.06209655773820452,0.07387477979992019,0.046578896384479145,0.0572919075653828,0.07274553424738346,0.0,0.1,1.0,0.1,1.0
0.05005387126591827,0.04807987199310269,0.060260155475163814,0.09877778303483746,0.09839409687361485,0.030262004032621498,0.010353670046049444,0.036665945126383576,0.10351440660496881,0.07680225977331626,0.04929887603600694,0.0,0.1,1.0,0.1,1.0
-0.0031702242645368097,-0.006139149519563085,-0.004246378778197004,0.021891718379796518,0.03847293252259841,-0.024092626618832907,-0.05036624258376539,-0.02396215368933314,0.03611488613759396,0.07701553557093971,0.05806741988512653,0.0,0.1,1.0,0.1,1.0
-0.10661328054284552,-0.08550086274331106,-0.1550162716343913,-0.12021392323775125,-0.07237503678075913,-0.002109544956026846,0.05412887291959227,0.0960369166944963,0.1250457439852219,0.11254985636317871,0.07039431233113354,0.0,0.1,1.0,0.1,1.0
0.025092359756213826,0.009716129461134116,0.03557610313700976,0.002327267979231464,-0.006249002247197934,0.012095299051125979,0.024907696875480174,-0.009740075367713995,0.007477980478895049,0.02528658993561855,0.024638034697867687,0.0,0.1,1.0,0.1,1.0
0.09098311553749054,0.1001967583868707,0.1551665970745508,0.19346896288060692,0.1352954945853165,0.08276634999595224,0.08066521408316289,0.03141465046878366,-0.051055812064415396,-0.07283721492296538,-0.04276359513579774,0.0,0.1,1.0,0.1,1.0
0.07737081946072547,0.07295005518778351,0.07140497692835887,0.09436597284853324,0.12210677990282477,0.12250030686111263,0.12279379623047561,0.0680622775609206,0.12835590874305564,0.11738883362249844,0.07678786117922855,0.0,0.1,1.0,0.1,1.0
0.08381200801747969,0.10237433490113472,0.1428352976111609,0.10632639662212741,0.16479475358095652,0.09630457085707278,0.09078720989213093,0.03330832750001707,0.05055052372046833,0.06716797608011774,0.017223557770145004,0.0,0.1,1.0,0.1,1.0
0.008029511507523764,-0.045071500533427115,-0.04393802189178804,-0.09276621894894568,-0.010720898239346285,-0.005990300320938271,-0.028828376617079647,-0.059394320730729214,-0.05687486319098763,-0.08779731543643007,-0.05164201204806482,0.0,0.1,1.0,0.1,1.0
-0.012526922333322851,-0.00033482423858931763,-0.06734175129857306,-0.04258836759595025,-0.049065518670664304,-0.010435025488099346,0.013522333201125907,0.06179373976326302,0.03413322820464515,0.07473812895483078,0.059633237264906325,0.0,0.1,1.0,0.1,1.0
-0.07493258383993136,-0.08932460042618635,-0.1106481192430058,-0.089567623773158,-0.11148237803317709,-0.058496887471810845,-0.1130059488454507,-0.07269537926106803,-0.03370935654245998,-0.05548157664890382,-0.05930463862567264,0.0,0.1,1.0,0.1,1.0
0.01534605920580243,-0.01929196402115073,-0.06779925907249476,0.037657692197685624,0.03707946917689036,-0.009830721082988922,0.04121763373392907,0.02584890904692498,0.026844159284041786,0.035782346247711413,0.036608407556390374,0.0,0.1,1.0,0.1,1.0
0.10281690205921605,0.129651238001753,0.1320439645757039,0.08362872739550706,0.10463959061259709,0.13370662412362896,0.0627072080326468,0.038518975232213384,0.006076168734317246,-0.011604660557932602,-0.018204498455414435,0.0,0.1,1.0,0.1,1.0
0.013437610979301195,-0.028251410792555096,-0.00019180961658172083,-0.02834924385074572,0.020571823877518214,0.03994964368975071,0.035291148218181,-0.014037299765421833,0.0026756726190263133,0.028869160643508984,0.05801318272430942,0.0,0.1,1.0,0.1,1.0
-0.005666989240923973,-0.0007186318569378219,-0.0119674739626316,-0.011826872412976523,-0.06562119339135973,-0.08104437629897858,-0.07584895615445122,0.02474185130459529,0.02108842239374054,0.02177652123503733,0.01603006402601409,0.0,0.1,1.0,0.1,1.0
-0.022409690048412655,0.01303978153384383,0.009957100763005685,0.018432970403447838,-0.012366020254470235,0.03591607820725919,0.013510794950113807,0.001657133312760144,-0.0357326211865753,0.014541786029104616,-0.0032233111148133042,0.0,0.1,1.0,0.1,1.0
-0.04663640617859396,0.047956011608984314,0.002873153264365408,-0.0034570113671733727,0.0061741869203519924,0.04698773953000328,0.03286118012412184,0.032185621455623495,0.05552816343373351,-0.003660771783299599,-0.04791775506408251,0.0,0.1,1.0,0.1,1.0
-0.05429670665104695,-0.0793831922810824,-0.04317616906830177,-0.020195697832750253,-0.03950198755076764,-0.09162082787420983,-0.062446387258979365,-0.09822318806319039,-0.12932549767076507,-0.1205299864807723,-0.05317792356987161,0.0,0.1,1.0,0.1,1.0
0.02378794326826286,-0.01696386403707745,-0.04194436605225202,-0.0016209704173668835,-0.024633453661662173,0.004921366871281214,0.039155908929942945,0.03946370334979803,0.03629094216560952,0.025842301284821664,0.054291167686574965,0.0,0.1,1.0,0.1,1.0
0.0013161644637356838,0.026875559905617873,0.026435859990681498,0.09127917951114686,0.04327988502860279,0.010833085174551352,0.08133065614066234,0.03815059552961888,0.047065316933822154,-0.00145967090847339,0.020343019448450156,0.0,0.1,1.0,0.1,1.0
-0.03212521579062517,-0.06824301956454562,-0.07500710144303381,-0.052367029367268204,-0.08193803815535508,-0.087290880804157,-0.06881792499190698,-0.12667261036853641,-0.11959492334434052,-0.11462063112693698,-0.11962720368516627,0.0,0.1,1.0,0.1,1.0
-0.008470336298096862,0.005334766281306634,0.02304345282501101,-0.0002526973058807856,-0.026069691295935952,0.007306601484015785,0.03039585077086497,0.0027902151543202774,0.03686992345465759,0.03557204587371487,0.045066479457330375,0.0,0.1,1.0,0.1,1.0
-0.016365193909818426,0.011532800802508226,0.01471213943968279,0.05023700798440933,0.06907978557491737,0.09843302377857328,0.02710670861185,0.03945221678624644,0.03972029922385653,0.0651500018884702,0.0687992836387487,0.0,0.1,1.0,0.1,1.0
-0.03478066938391507,-0.05686977616346821,0.029955077756831865,0.058483356382298055,0.03100660809606507,0.05633798344203463,0.055695687789222514,0.08192927339632639,0.07646050916010359,0.08712785798001027,0.12318647750585028,0.0,0.1,1.0,0.1,1.0
0.01438186078267087,0.0060034118696414805,-0.02570285261605041,-0.03844054724116754,-0.07726685564603783,-0.03963961286450844,-0.0718556437981992,-0.027230929159219777,0.030555560321788622,-0.012844022374725615,0.02499006349080865,0.0,0.1,1.0,0.1,1.0
0.06507351739769766,0.00041667806584830963,-0.016304763404739485,-0.06004912635540633,-0.028854655033411582,-0.0367867436049742,-0.06343509239963596,-0.0005008283537386027,0.06544944042294076,0.011874809998810507,0.02152970608365986,0.0,0.1,1.0,0.1,1.0
0.06545755583459101,0.05532061124324023,0.09226408247449935,0.044988091502334675,0.03574518417260276,0.0015618935832330538,0.019369013289976585,0.00666273977070816,0.006051380689430078,-0.010250301292738314,-0.03761830356573423,0.0,0.1,1.0,0.1,1.0
-0.0429506207661214,-0.04580538992966127,-0.06627873477793744,-0.1203445370385434,-0.18025432825362053,-0.16229356293054803,-0.1527858485642881,-0.1442436354317048,-0.08072140659113006,-0.06864286112680078,-0.06410146481695174,0.0,0.1,1.0,0.1,1.0
0.017699330770804773,0.026074962071343803,-0.03301763670411573,-0.03297170519397219,-0.0629865706127143,-0.03200239734773211,-0.010918726555526573,-0.016945172697606932,-0.0775545386939677,-0.09821475265831392,-0.10592629467740206,0.0,0.1,1.0,0.1,1.0
0.04338584505046946,0.007425597394516641,0.024553366709512997,0.07503510581280874,0.08519608967967314,0.0287698189989391,0.049142356442152736,0.05240973586232893,-0.02723051950157876,-0.00915504030508439,-0.03650173469717477,0.0,0.1,1.0,0.1,1.0
0.0010342190114508982,-0.015443716665823835,-0.02888247218081245,-0.03563094395202267,-0.006297794942734837,-0.050845984916612075,-0.05427689020475758,-0.04029834672020406,-0.02777178461346816,0.023253881142705473,0.008425714218019797,0.0,0.1,1.0,0.1,1.0
0.030654212958735185,0.011920333134104292,-0.006995926370009139,0.09629692547475496,0.09523181302058994,0.05117797672975965,-0.008841039093360946,-0.0047958375160246005,-0.017045309236882425,0.0051187472749136785,0.030550520414892226,0.0,0.1,1.0,0.1,1.0
-0.0880305299736047,-0.0016833510858301898,0.002118010688730728,-0.0067469248917373294,0.003932180415013197,-0.010504862960674145,-0.02359697742818124,-0.029274196537780017,-0.0336876999336754,-0.07529872406888882,-0.05432845794814966,0.0,0.1,1.0,0.1,1.0
-0.0478460357522115,-0.0006628547069016111,-0.02585624265227072,-0.031210800596909803,-0.033874735315334775,-0.048770874078321466,-0.03439450793975235,-0.050052236748692136,-0.08052492149582843,-0.06948859657397864,0.01873108840084417,0.0,0.1,1.0,0.1,1.0
-0.09997247705805862,-0.08160484906850471,-0.06554852379297163,-0.03951241836242117,-0.024876316496883714,-0.012558988303407686,-0.003357704347938091,-0.009644559329170731,0.020004643269365595,0.021807057810510136,-0.049694668148490655,0.0,0.1,1.0,0.1,1.0
-0.07067713480397737,-0.08319557003721002,-0.05471429355195014,0.007349529026671166,-0.0068426576455350024,0.0013703002471041822,-0.015468302530847189,-0.036278738113172185,-0.06558488833845291,-0.064741602935684,-0.06121872175541249,0.0,0.1,1.0,0.1,1.0
-0.024237792562485892,-0.024769890413504053,-0.01668178063048494,0.03438239242415933,0.04487731709285661,0.014761945799766134,0.002906246905362713,-0.012379660348605631,-0.04157285765025155,0.006737325439658756,-0.018586529196006858,0.0,0.1,1.0,0.1,1.0
0.1165162736461442,0.08631398755223255,0.052795992967066656,0.07514441365264024,0.08476372024197808,0.0537196249555269,0.039659760684295206,0.07728447267058565,0.060019560931061665,0.0763085769783216,0.0486195340529708,0.0,0.1,1.0,0.1,1.0
-0.0225697945406005,-0.03282464227982303,-0.042833176430365216,-0.004515612832491814,0.05168500370340171,0.002251746048285763,0.03569515149189171,0.04428839124448596,-0.016640112907008335,0.027457104839356976,0.012487213374756513,0.0,0.1,1.0,0.1,1.0
0.036541900915366056,0.03627491350614121,-0.022825911979647916,-0.020376295403754012,-0.01130358951173336,-0.06552045998554185,-0.06954848208501938,-0.031007849608576915,-0.028319118239798616,0.021422678059107705,0.0008677082000567785,0.0,0.1,1.0,0.1,1.0
-0.025255888710265052,-0.030695806069499024,-0.006045818063393757,-0.018865474564842673,-0.04416754858695665,-0.035457109420757665,-0.028158158456760632,-0.032960622008616165,-0.04000892109715036,-0.04826595235081521,0.033424217430499094,0.0,0.1,1.0,0.1,1.0
0.006246351949717708,0.0352988752985245,0.09328345000316518,0.05340863330582146,0.0439166437909022,0.07573997817612685,0.05085595470495763,0.002693352619495229,0.007381228876243304,0.013375787679092766,-0.017660484502946015,0.0,0.1,1.0,0.1,1.0
-0.021276718218581035,0.027365712621886435,0.039060073650275966,0.020815799229044606,0.009888579463162305,-0.00879934446616716,0.030259196394453087,-0.019196949777332148,-0.018575635389266255,-0.02902925449307922,-0.015855427960819395,0.0,0.1,1.0,0.1,1.0
0.08261966588871632,0.05061661846471653,0.04902177062104319,0.05886828703700472,0.05837835880530464,0.07818955093718948,0.10145291897396344,0.12061045867390911,0.16853186687521174,0.12140627334263857,0.10351917115821187,0.0,0.1,1.0,0.1,1.0
0.10108550916023229,0.11350598081432918,0.09065032532826237,0.05445147370269083,-0.017148214271633627,0.003721651193120571,0.05175808900818479,0.05380613539286062,0.07475867834660743,0.09933356229527368,0.14838086465826633,0.0,0.1,1.0,0.1,1.0
-0.018976856641108472,-0.004850926168524963,0.006383756047469551,-0.0026533713191691875,-0.015587581112075916,-0.10093331876075157,-0.1275242192127648,-0.12265210255443768,-0.13618485151232954,-0.1101487810774493,-0.1199781253714824,0.0,0.1,1.0,0.1,1.0
0.09399722900520832,0.07497467530427877,0.08564289272140324,0.10654134694073585,0.10157313964797615,0.0937203319956598,0.09171641611932267,0.03840479600440454,0.07216612890755233,0.11263176439010289,0.07042747498744238,0.0,0.1,1.0,0.1,1.0
-0.15622304864847483,-0.11668515593080998,-0.09965740622751985,-0.05716059253618474,-0.01626390504711675,-0.0553616005823817,-0.015688261449651353,0.01624678278169573,-0.04237955314035166,-0.08721257223481235,-0.08005171226402436,0.0,0.1,1.0,0.1,1.0
0.008257007263096364,-0.009056451349835865,0.005967238400135088,0.013642346193065884,0.03031838747765884,0.0214350855056981,-0.012722977727266212,-0.1233470281747368,-0.11247078844743698,-0.11339629358327855,-0.08095782997006135,0.0,0.1,1.0,0.1,1.0
0.036917253161345004,0.04872077219537628,0.023373729307389207,0.012403158498341194,0.05147845274857673,0.023083992190490805,0.02757390652936794,0.0012202544877343013,-0.01705440004046355,-0.04565696585392464,-0.0695862767603283,0.0,0.1,1.0,0.1,1.0
0.0699483792579294,0.05035749128857693,0.028907561075725032,0.04941059987826476,0.043348301709063695,0.01161149040476514,-0.030031589112744086,0.0025726046592572695,0.01677372289436096,0.017742347278957578,0.004231682203723891,0.0,0.1,1.0,0.1,1.0
-0.1007355540645406,-0.16215145736210784,-0.1763983988486665,-0.2045634319023574,-0.211549497542016,-0.1799952112688462,-0.1641850763488937,-0.13008570192030952,-0.1262020626906153,-0.13911792731803213,-0.12453044379785247,0.0,0.1,1.0,0.1,1.0
0.1082960884055568,0.16291649765547647,0.1536192868033802,0.22914017622406202,0.20143814298633722,0.22217850318788346,0.20427884984961525,0.1984668338699128,0.1783404720884527,0.18353910982454566,0.19071711683091463,0.0,0.1,1.0,0.1,1.0
-0.04936531892913616,-0.06272765349893704,-0.017834541808771413,0.003141703859284941,0.01221037327647011,0.04913144372578718,0.06088749665083971,0.028187259220490785,0.03676225928570025,0.056465070761023355,0.09486195386499932,0.0,0.1,1.0,0.1,1.0
-0.03306426369363523,-0.042662550092803134,0.029242337646269663,0.026508529454509808,0.0011755854398186431,0.007753182632993494,0.02325586684249925,0.00916968007480018,0.0228346637187199,-0.02564441536240329,0.04102582844706633,0.0,0.1,1.0,0.1,1.0
-0.08011193045405458,-0.08897061945748064,-0.05202509078308605,-0.0708557177492039,-0.08152475418313937,-0.029828741674288776,-0.024782615490523248,0.05332024445810619,0.030197416728369536,-0.039258060484656125,-0.06717822614025315,0.0,0.1,1.0,0.1,1.0
-0.06934750907092539,-0.050767865188305256,-0.012693493720915432,0.015179003234488697,-0.017201679138883964,0.04344502023255134,0.02262862179143613,0.07116787624418953,0.0042968685199246265,0.008597999822865443,0.03042078635005045,0.0,0.1,1.0,0.1,1.0
-0.05970657754586528,-0.013803797181717266,-0.029279381543616756,-0.03375102451917997,-0.010426389793022944,0.01726678799749463,-0.003586325628678076,0.013772745959007534,0.02270246439631072,0.05629174190274986,0.09023300902640996,0.0,0.1,1.0,0.1,1.0
-0.006394015620205315,-0.015622396035111483,0.030007453030066328,0.04518039185584305,0.09283111418795792,0.0799141547849642,0.08626343058656599,0.07747473241806475,0.02998080323789496,-0.02989593900647753,0.008409311882556562,0.0,0.1,1.0,0.1,1.0
-0.0405633680781793,-0.11058832762226217,-0.12838415075508725,-0.12370507921238155,-0.12788072714730755,-0.14656106839132013,-0.09881416675017815,-0.046666130512212904,-0.04329702533126748,-0.04641170870828553,-0.03686373438940824,0.0,0.1,1.0,0.1,1.0
0.06143941257426992,0.07737900197258629,0.08191339078212242,0.08175024690268619,0.10228683734925165,0.0671842073137041,0.07079216450500184,0.08538443174281363,0.03623274643779601,-0.008459407552215595,0.030865159764395803,0.0,0.1,1.0,0.1,1.0
-0.004758798701329774,0.02011668060469968,0.05038270972415644,0.019671556706888003,-0.003955552615978998,0.01780265999724791,0.055147454581162256,0.05313977036016855,0.05790621173444373,0.06691190206897632,0.099066456477645,0.0,0.1,1.0,0.1,1.0
-0.005855370829326767,-0.0737903639200409,-0.08384344864124652,-0.08490537832518434,-0.07235004800907872,-0.0793807223755382,-0.1184681536083868,-0.1294524328559721,-0.19920432996331408,-0.20353088532544594,-0.14028069623731898,0.0,0.1,1.0,0.1,1.0
0.056617014938819626,0.04885136573034023,0.0665058460786013,0.11073225580632054,0.07838254273139328,0.035728511159771006,0.029957594954893384,0.041280236042241916,0.04100529760847079,0.009779041625898263,0.007958019905711076,0.0,0.1,1.0,0.1,1.0
0.04906684860506814,0.07128079773170541,0.059245919705588505,0.056677766306871075,0.044921388734738964,0.06636734489315141,0.06474697615952202,0.01511466699941403,0.051305732992695294,0.05927965002641532,0.06193771479187834,0.0,0.1,1.0,0.1,1.0
-0.06143546447540548,-0.0881823373798983,-0.07732819141981775,-0.05788697158334461,-0.08141200499703868,-0.08516463882714595,-0.061558438724427046,-0.04360522701081054,-0.07629830615527532,-0.11284387413531469,-0.07452725645795391,0.0,0.1,1.0,0.1,1.0
-0.03818948502832555,-0.07398267103360448,-0.07487856982084642,-0.06106808162025771,-0.0680137708252173,-0.03197700700470133,-0.029559584307171302,-0.060382062246389256,-0.07516763994561156,-0.012226075975458578,-0.04565933937215147,0.0,0.1,1.0,0.1,1.0
0.028838328536715745,-0.013027145830851503,0.054534452066690206,0.06635123583160421,0.11288302115628969,0.16551964832708932,0.14748168125095215,0.11863451250210684,0.05908322791559637,0.04924343140768764,0.012491346638535378,0.0,0.1,1.0,0.1,1.0
0.08328935309150906,0.09878169137253452,0.09922622903135477,0.002450509389982425,-0.03977439807599457,-0.06973714174768547,-0.06063023148789469,-0.06677897210410451,-0.05203083185800531,-0.06933501621823526,-0.10150997877530624,0.0,0.1,1.0,0.1,1.0
0.059509949531417784,0.046189086034973126,0.07611356203717332,0.1015864077135796,0.10543125387973487,0.11742634382504165,0.13691735963371293,0.06639396727217269,0.12775976347373807,0.14281886229907498,0.0959325366138952,0.0,0.1,1.0,0.1,1.0
-0.03448721957222025,0.028109260538203944,0.03605860139829045,0.0026963002356047913,-0.04417942043866442,0.006286372824285319,0.02561846007577833,0.014323169363929666,0.03828087143360359,0.03499319377989027,0.013140256593941458,0.0,0.1,1.0,0.1,1.0
0.07311480857050653,0.036804694666368085,0.10546240441546195,0.09461923217567927,0.015605471621154457,0.018748267355240808,0.0057264464901428305,0.0014917413922535963,0.02162782404197596,0.08724376652540179,0.05185980723984171,0.0,0.1,1.0,0.1,1.0
-0.026028213339159913,-0.0745868795960564,-0.10073425288638879,-0.15551942400233043,-0.11306023373495729,-0.04591786438271346,-0.026925216071550483,-0.01712439585925147,-0.05141333599093297,-0.04933731445332293,-0.02537773378953502,0.0,0.1,1.0,0.1,1.0
0.004527698064752851,0.03267005789370709,-0.007771409722647039,0.0010381500633852465,0.0026639311449215136,0.02330260486540302,0.05089326388485045,0.033307019514489264,-0.004668388947805573,-0.01406452596358561,-0.04570089643801585,0.0,0.1,1.0,0.1,1.0
0.06632187446260375,0.08225147949136635,0.051965311099792494,0.05747836677185007,0.032685004925470676,-0.00437720943750218,-0.030445293202285402,-0.023380948803539203,-0.04337778171449018,-0.028358677970601376,0.043210819481886036,0.0,0.1,1.0,0.1,1.0
-0.07607341356886782,-0.08412669231916783,-0.07042281435509476,-0.10021137355556875,-0.032283754978651,0.02134469713669137,0.04734539201496898,0.022681453525915513,0.005629256784214082,-0.006171657524303537,0.017842293049782437,0.0,0.1,1.0,0.1,1.0
0.0636741322130308,0.01342489560066238,0.020261199261330243,0.008744575233332465,-0.01765154202091836,0.0031977089664413164,0.008135350022460575,0.01786027329618634,0.013147375332037255,-0.007617901172378821,0.07283203019497406,0.0,0.1,1.0,0.1,1.0
-0.05283150331558007,-0.03370336800713241,-0.06725181864495954,-0.03849780713352527,-0.056033483868598605,-0.06510474830367362,-0.05426903392788349,-0.03627115372332419,-0.04261664167085584,-0.053307286968544663,-0.0583899724360737,0.0,0.1,1.0,0.1,1.0
0.057241082682164955,0.045506442910945855,0.011299094564646648,0.05883019802000721,0.04803562734014431,0.02810551385796503,0.04349779867868679,0.09502283563462136,0.07350919632877725,0.13358638607177561,0.13576290554619663,0.0,0.1,1.0,0.1,1.0
0.0034368996094090373,0.04368431999825454,0.10571989214424524,0.10520417329577214,0.11368163717083939,0.08421133266722657,0.06791344583959785,0.0025392598977311415,0.03659279113673335,-0.012604969201411534,-0.016962741102413796,0.0,0.1,1.0,0.1,1.0
-0.10427900853001502,-0.08037062372137029,-0.04830916024427507,-0.053162831371646624,-0.032982616375399836,-0.032249285528511626,-0.013536143169283138,0.0045096464062002115,0.020046817459846312,0.021465793756055902,0.018009418391244536,0.0,0.1,1.0,0.1,1.0
-0.11355449020365409,-0.14797952221685187,-0.15003884423667066,-0.1564426225832447,-0.14144699154804183,-0.0769296516153361,-0.10194703484971329,-0.12963421841473816,-0.12284589747035361,-0.1378473831581905,-0.12713234446929345,0.0,0.1,1.0,0.1,1.0
0.17073427929718912,0.11031977610198285,0.1291648476285713,0.09783438844658617,0.16876578925801555,0.15816180550553116,0.10671568980574278,0.1194440328724329,0.12622215702196943,0.1469400611626718,0.15520875324643593,0.0,0.1,1.0,0.1,1.0
-0.009603269635596368,-0.0002464554479599725,0.01909102087825245,0.03189927658788795,0.00957007703206567,-0.007230717175573746,-0.018195963274204297,-0.051646710718257785,0.008570838168420566,-0.02937426700587865,-0.019199378175504912,0.0,0.1,1.0,0.1,1.0
0.07764761736101591,0.03716648507818952,-0.006675637835163534,0.013244206810206128,0.014582223099098183,-0.005025300678890912,-0.031024981585584813,0.0213474473837555,0.06588881529947563,0.00487846944729891,-0.008714705972506998,0.0,0.1,1.0,0.1,1.0
-0.08019355519752089,-0.04938948533711079,-0.04336504917943724,-0.053120733844025055,-0.036243467050461706,-0.005573513693129424,-0.03597536646973591,0.007775187913386952,0.006441751668616452,0.017242658361403086,0.012391400681271331,0.0,0.1,1.0,0.1,1.0
0.16124926875337076,0.16169539357762736,0.19457421235580014,0.1824111874744216,0.09458014288056275,0.06739812437685262,0.07291007208358233,0.050328333568680765,0.011681860489204304,-0.0033296324394126355,-0.05170503652169588,0.0,0.1,1.0,0.1,1.0
0.0350738692764606,0.03867471900115417,-0.0030805669930767804,0.0424227401327585,0.07852815496192417,0.14947945180892724,0.13522129680323683,0.09867531255072193,0.16445013835051214,0.15573690069991206,0.16095043357378236,0.0,0.1,1.0,0.1,1.0
-0.015475986384938347,-0.040953713561559774,-0.04710887570993194,-0.010651329334174599,-0.02660343212125873,-0.05928818648997733,-0.01099062297974416,-0.04630592716668952,-0.04610779450043144,-0.03609620056058811,-0.0669466076893812,0.0,0.1,1.0,0.1,1.0
0.010125882223806344,0.017284900105331798,0.018631008871030502,-0.02676350596399954,0.0105642716972159,0.016558319454997434,0.05044405462073233,0.04043204880981915,0.01539252332700402,0.01319845865482313,-0.006661561728163087,0.0,0.1,1.0,0.1,1.0
-0.034831836021848604,-0.10059572356832067,-0.13062062400134633,-0.17050361043947412,-0.17724419942013292,-0.14738147075898092,-0.14001745437692328,-0.13744712488176786,-0.12126738947255668,-0.07596943137998724,-0.07018195216436272,0.0,0.1,1.0,0.1,1.0
-0.19569918550519377,-0.17356379555697982,-0.11438419305803524,-0.10856150178027983,-0.14800091457307768,-0.1502586473180281,-0.1912351501938367,-0.1734782761246411,-0.1526534126760379,-0.13919210157941725,-0.14037031550394063,0.0,0.1,1.0,0.1,1.0
0.006087106342029482,0.06881682527324726,0.05975572155032089,0.02977153621918032,0.030004062086356368,0.043900868387539774,0.0470789050550032,0.061247617488983164,0.08053797219034134,0.11003545710450863,0.0798434550909991,0.0,0.1,1.0,0.1,1.0
0.018040866391093355,0.010544630344159638,-0.007997168583506997,0.016520464502148433,-0.021490583759992292,-0.0667198874259511,-0.11482453797863924,-0.0692893695264809,-0.010674423370766392,-0.023874604657006242,-0.05849022547938628,0.0,0.1,1.0,0.1,1.0
0.01699593371300566,0.009777350769706192,0.011639629343503936,0.0368207715383376,0.030627878066069487,0.04577174601170579,0.07398348402414538,0.07812985925596946,0.09664612367568096,0.08171327892742386,0.01636290572605533,0.0,0.1,1.0,0.1,1.0
-0.031659041901363566,-0.07722636922240508,-0.0917350004165785,-0.06986170197487226,-0.0687650952157341,-0.07527575838366861,-0.08092094377466301,-0.03773703872539886,-0.01152724280234826,0.002781139482667656,-0.0031379489782642055,0.0,0.1,1.0,0.1,1.0
0.009970001171949468,0.05070388994717299,0.026851915634271483,0.06516568543736889,0.08252505759462925,0.07740528729980604,0.005513026431776161,-0.05155474190876069,-0.119387618837686,-0.11025454658070041,-0.08625893276575877,0.0,0.1,1.0,0.1,1.0
0.06449270830284745,0.02888492373544642,0.0408802327350839,0.017406066902456798,-0.038360505780008866,-0.08561477566807035,-0.09499384923348188,-0.07609705428831931,-0.0798095603335798,-0.07799474623216973,-0.052584889126346485,0.0,0.1,1.0,0.1,1.0
-0.07888136604478979,-0.06493698296412949,-0.07011151889535111,-0.02809687715006217,-0.04235824873436391,-0.026380142230498865,0.022834780887607993,-0.010508253706664784,0.0036872606279588546,-0.004480869345752139,-0.021383855529990514,0.0,0.1,1.0,0.1,1.0
-0.036820619433860516,-0.032617287650954604,-0.021194575478278035,-0.031044901918025156,-0.047813605498940884,-0.06597786995315216,-0.08034980777781545,-0.04902905684333745,-0.03781976215861979,-0.04404769294764636,-0.04395733426237608,0.0,0.1,1.0,0.1,1.0
-0.099713318765805,-0.03613118843887228,-0.005574225367382713,0.009231097868667895,0.011836479087797652,-0.014903978536495,0.034305212386550446,0.01869808561799922,0.017769193100015044,0.09369730852751428,0.08859058546222007,0.0,0.1,1.0,0.1,1.0
0.02778288115910372,0.05844622346188311,0.028117242162973573,-0.0006341500787763535,-0.000711519216031652,0.004860511279468545,-0.014184523345638276,0.0029477887285255105,-0.03651985783330007,0.020672203801949805,0.04659510978079481,0.0,0.1,1.0,0.1,1.0
0.12595901596772574,0.18644004936355552,0.14111294435539123,0.12652745460911163,0.09690327822098874,0.13260454213608927,0.17708059647563712,0.10870435457425247,0.11690802092756546,0.08295519619615774,0.004955224064599847,0.0,0.1,1.0,0.1,1.0
-0.08875648366223883,-0.019787141260476954,0.016494115246068915,0.052300228269676056,0.0462510788164998,0.059150028655334266,0.08443410773180457,0.021927194658261595,-0.04012674482071454,-0.07497738165287221,-0.0291648735578212,0.0,0.1,1.0,0.1,1.0
0.039981399773870975,-0.037894080480729085,-0.0502684829693511,-0.05068929284939012,0.014013682870254465,0.021544700796114577,0.08209971384867444,0.14026298533092763,0.14891719392805153,0.11850738413147036,0.13171668400194317,0.0,0.1,1.0,0.1,1.0
0.10460156452473672,0.07605030568155662,0.03975006158814656,0.029962602594413325,0.006197298404788568,-0.02833588144571832,-0.054425322005077936,-0.034668821443412726,-0.01910848609086597,0.012165939594517183,0.04293791099335507,0.0,0.1,1.0,0.1,1.0
-0.0063388177177256,0.018516832452215255,-0.007347150548956023,0.02115804375688095,0.022989074557064375,-0.0045672491724405365,-0.039270607824599804,-0.07357551171432089,-0.10313549543003905,-0.05557035005982462,-0.0401407329009518,0.0,0.1,1.0,0.1,1.0
0.017904885016245924,0.034689798451151055,0.010026708461361004,0.010516445215668501,-0.012561001527905779,-0.02099894550390998,-0.0135164450543735,-0.015909880508317795,-0.028228624536264325,-0.0025945590233105616,0.034500394308631346,0.0,0.1,1.0,0.1,1.0
0.02675670393433953,0.05652039648573984,0.04962931536798049,0.08721762817286206,0.06054363689783193,0.08250017168602047,0.0695215703346804,0.026585692892310747,0.01416093814959993,-0.015011201995804267,0.017444777058524045,0.0,0.1,1.0,0.1,1.0
-0.04941242587117822,-0.08522494430067987,-0.10166614800008067,-0.06435156119272069,-0.059786845412442904,-0.06187272517257489,-0.023451989184205324,-0.13355533696818406,-0.10367518937986209,-0.12729513319096428,-0.15936368961084993,0.0,0.1,1.0,0.1,1.0
0.008874592498654438,0.015941621187920516,0.039406033465591114,0.06963381750624208,0.060060076053640346,0.10700038300784673,0.09594306665075597,0.051933637770192574,0.02482712017387513,-0.001385041615564974,0.010383946158731464,0.0,0.1,1.0,0.1,1.0
-0.0417643615885506,-0.02616579743224766,-0.009335761321569663,-0.0008897291724365378,0.09487039783080362,0.07218061482453475,0.038506586286849165,-0.0002437086871835345,0.05749672200359089,0.03945797997222127,0.021306056563377238,0.0,0.1,1.0,0.1,1.0
-0.002781265807147246,-0.008494056142690757,-0.017620788506169438,0.0004887462226837655,0.010836753401459997,-0.0005904452066436798,0.002126786667553165,-0.03978507461733063,-0.02229761840648995,-0.037874341372001116,-0.02460705559939092,0.0,0.1,1.0,0.1,1.0
0.12020741110714595,0.14155748532559712,0.17935456625648288,0.21062741469826393,0.19788890521343924,0.14206708522173694,0.1249845167203876,0.13605532028379802,0.11097408321488067,0.07531544085719853,0.03964307097581195,0.0,0.1,1.0,0.1,1.0
0.022797761865724957,0.03280120621127974,0.012190930105774215,0.035336162622639194,0.05812952941615994,0.056903306546452634,0.05760344595220521,0.053287867028103134,0.05755716046083821,0.08950314674167884,0.08295141430921335,0.0,0.1,1.0,0.1,1.0
0.01922277867682425,-0.008376711961834465,-0.012051555100183776,0.020638267088447983,0.07342635747322573,0.11317367320859506,0.12051537937241866,0.09196895846848481,0.06399115623828211,0.0666260081985528,0.018210030523605016,0.0,0.1,1.0,0.1,1.0
-0.01275174689294641,0.03267452488770578,0.01684549591466971,-0.00937609160435269,-0.04559328450970152,-0.040298674789026996,-0.038924945551517626,-0.048020212427037044,-0.02567791120461467,-0.0007088313965565619,-0.07929818306410537,0.0,0.1,1.0,0.1,1.0
-0.01977255069826479,-0.014569684025237901,-0.019093917112886254,-0.0074945268945076655,-0.020334202966989352,-0.03887273351940462,-0.018903546986642792,0.01752254011129426,0.06390237992705564,0.02301936463299755,0.0038678567335365954,0.0,0.1,1.0,0.1,1.0
0.012231825540365055,0.02810554804735612,0.03442235131652912,0.018593066124719667,0.028646961069263645,0.0018094481603018499,0.019514422255331322,-0.011512203758242981,-0.0030969663151742344,0.010509765334738436,-0.0002549268548821624,0.0,0.1,1.0,0.1,1.0
-0.08491164840863343,-0.027949729112281232,-0.0027047724299754557,0.002220664645939825,-0.009346722722467286,0.07547694126711481,0.061540400908388325,0.02051163579097528,-0.008320422829155912,-0.005173615827779368,0.014345583964937052,0.0,0.1,1.0,0.1,1.0
0.06683819263936511,0.047562225480463516,0.07357381838468344,0.03588473352205296,-0.03247518489457835,-0.009021829561792153,0.06375043525746897,0.06867911149763979,0.04861701435347669,0.06749264733663675,0.09902688744344514,0.0,0.1,1.0,0.1,1.0
0.045428548726549584,0.0884199068358654,0.06359141047363492,0.10592483313398204,0.11357492107518065,0.1033881258920186,0.11892489747480875,0.1391706511939058,0.11940625693083419,0.11899505356994385,0.059745747422531734,0.0,0.1,1.0,0.1,1.0
0.02179639007767765,0.03922077611061632,0.05379147589568874,0.07977610682768221,0.01190917434364807,-0.030806900531075036,-0.06320885516701288,-0.09633762014669481,-0.07212623974876953,-0.015641485523980474,-0.020839328442198074,0.0,0.1,1.0,0.1,1.0
0.0828163640172122,0.08717528539308753,0.0914142821095933,0.10405213337004068,0.11774629331946479,0.0418763883600706,0.008878072189440804,-0.019147648899716666,-0.03479510911401612,-0.025134031561486442,-0.027107216500884566,0.0,0.1,1.0,0.1,1.0
-0.09325531893739662,-0.08082921446152103,-0.09381131494648703,-0.107328028393609,-0.07988540155679309,-0.08079968885016961,-0.11762223325809021,-0.14044592402702505,-0.09993608703586648,-0.08752298023329776,-0.13991492316278187,0.0,0.1,1.0,0.1,1.0
0.0695918927936859,0.06669279377772531,0.030283255748047962,-0.006859278477824145,0.013735199500905996,0.035481790797242806,0.02300467865910389,0.019517995158712956,0.030050702434737283,-0.012286583839588666,-0.011412744378749534,0.0,0.1,1.0,0.1,1.0
-0.0591521969832049,-0.044685704185115305,-0.016844197601952188,0.0035541213214061104,-0.01113333775188989,-0.014353170141123694,-0.05509417381878,-0.06969333750720197,-0.05094509567693631,-0.012004883746397972,-0.014546199509062344,0.0,0.1,1.0,0.1,1.0
0.08916529935254965,0.04265126240230861,0.08814855755247117,0.17979789040631317,0.13627706297597666,0.10801681361902736,0.05997299548292596,0.019196180086209533,-0.011792068134612518,-0.0240814835051606,0.05912815966226908,0.0,0.1,1.0,0.1,1.0
-0.08823009345182241,-0.07902573865284107,-0.1611072791495512,-0.13618956041449515,-0.12604282237133643,-0.08952597469081179,-0.07407084318059191,-0.030687487065480253,0.004925820687210564,0.019738338878674745,-0.05671591158761069,0.0,0.1,1.0,0.1,1.0
0.019429897071961254,0.07607396280115705,0.06745486444235695,0.06265181296307762,0.08587876605229441,0.0976295229375663,0.09195768511032534,0.1267326664879233,0.13308172653963454,0.15203323927762957,0.12578000655125574,0.0,0.1,1.0,0.1,1.0
-0.1366898460304574,-0.10735844066583289,-0.11323538100354888,-0.07029063398866561,-0.10786345174278025,-0.08905626972997366,-0.0546742572471925,-0.10318254852524764,-0.12301114327337953,-0.11540890386609239,-0.12652770711932165,0.0,0.1,1.0,0.1,1.0
-0.008404447170039091,0.010480801530006127,0.06408564007998194,0.05049366284501661,0.0334360536879246,0.008312705595499358,-0.007857671528032264,0.007849548151785294,0.033435079252554026,0.037654624629239984,0.04022861848802968,0.0,0.1,1.0,0.1,1.0
-0.030815641808238817,-0.007075365432649836,0.010691163986495156,-0.01194954458427447,-0.0012129026859437533,0.00474764708152451,0.010768795451677481,0.014961434258248614,0.0976470777590139,0.09348521823756922,0.12382097222528182,0.0,0.1,1.0,0.1,1.0
-0.05162206113547166,-0.09226352331365069,-0.14111749872192764,-0.10408159096297483,-0.12338740066585036,-0.08851832530083892,-0.06821001208977824,-0.013972782218022811,-0.030922507397151508,-0.028774350013764983,-0.018373192296507933,0.0,0.1,1.0,0.1,1.0
0.07608343946173726,0.08940413220202754,0.1425606719826039,0.16438705816564447,0.11913141927545627,0.11823157818285751,0.12678999655165912,0.11417909615566263,0.12056812526546747,0.13416046876374196,0.06727091828731338,0.0,0.1,1.0,0.1,1.0
0.012753565529931862,-0.02129760976428281,-0.028251271301474326,-0.029908365506415235,-0.004548628347287573,-0.01491022787804607,0.0019192741838329128,0.0254989676531753,0.01156069646587396,0.03716417884894427,0.05926294100352148,0.0,0.1,1.0,0.1,1.0
-0.10057097458733205,-0.09241029574204984,-0.07508551311143635,-0.09269852043215385,-0.09170278123817727,-0.06957428398412663,-0.108089638284658,-0.12795032172481333,-0.11346890694795297,-0.09071425225610427,-0.07261531409473267,0.0,0.1,1.0,0.1,1.0
0.0027124613763825664,-0.011251138404710027,-0.05166907471856817,0.01563234826185257,0.005936636093537222,-0.006226368424477091,-0.03273195880222269,-0.01231064157690179,-0.03666680811906487,-0.023777968815471916,-0.032317399997243076,0.0,0.1,1.0,0.1,1.0
-0.11541821777530975,-0.06465603261457108,-0.05510503409953846,-0.06827897704993054,-0.05363737445711129,-0.03759690716496128,-0.00010923330894066496,-0.01446099911690923,-0.05457425519303251,0.00592131280823243,0.035872064836515796,0.0,0.1,1.0,0.1,1.0
0.0520358303662671,0.06474339238163844,0.0531509643584599,6.198679715002653e-5,0.054581265394724104,0.06830573187910641,0.048523360439541925,0.03596874185715316,0.012771897842223552,-0.007884112080459936,-0.047782772091753065,0.0,0.1,1.0,0.1,1.0
-0.05818750304484244,-0.029357287520061517,-0.0027108559491480777,-0.012407852883751612,0.012683641914876155,-0.002405424010419861,-0.008474333133392808,0.0018570582775109716,-0.008584749984813188,-0.01311085138720154,-0.05666444729229646,0.0,0.1,1.0,0.1,1.0
-0.0024762781083710267,0.021909708668587945,-0.02716946246384046,-0.009296493730104341,-0.04441888784944707,-0.07056970900365976,-0.10051706421198986,-0.0813477936180875,-0.1548481512598576,-0.1886138692306063,-0.198201326763171,0.0,0.1,1.0,0.1,1.0
-0.06115121235833337,-0.0975237027960744,-0.13822503273938078,-0.1030281598284227,-0.12338706437099335,-0.11675528966948472,-0.10750675066697755,-0.11053598747976469,-0.07928357675249895,-0.038112991538328235,-0.041219028998192894,0.0,0.1,1.0,0.1,1.0
-0.04651823515586509,-0.03157747647567631,-0.027426144963139117,-0.014725927185166335,-0.024176713431561678,0.011043562516408333,0.018727648649096325,0.03352418734708896,-0.02235299679877256,0.01900991782275396,0.028721419171581938,0.0,0.1,1.0,0.1,1.0
-0.08350556110823461,-0.04398038299422279,-0.02564200233664279,0.04432102676736424,0.03466288613105453,4.997411248555683e-6,-0.03548791507232026,-0.002942684902654924,0.005091365720002854,0.00723230866695488,-0.018196363511612367,0.0,0.1,1.0,0.1,1.0
0.04033269095603024,0.04153633297772723,0.05173594816641519,0.02605251414327912,0.02604195466205722,0.018530496552037902,-0.00354572366830036,-0.0577609865652165,-0.1184869733356217,-0.07986631758042087,-0.11394951074077596,0.0,0.1,1.0,0.1,1.0
-0.009447881671464493,0.04744830774349673,0.05591698213675849,0.04919588822512823,0.01908227308423553,0.028234424176232297,0.03831868316131475,0.08163453766076237,0.07190625409813381,0.022936285484928064,0.08639991909755589,0.0,0.1,1.0,0.1,1.0
0.06980456487596973,0.04527291408857882,0.040740796851216524,0.06090955744841599,0.04347644521076928,0.02744727408199782,-0.04005554208988962,-0.06730852584309861,-0.11142128059816007,-0.11366722696952726,-0.12604516964684137,0.0,0.1,1.0,0.1,1.0
0.06527050065813965,-0.00568038459119536,0.009310304549166492,0.06010870321656763,0.021378203599008425,0.01168957635325951,0.013168466932490437,0.012145851996638209,0.04477961185942568,0.02550764935425092,0.003814634196042256,0.0,0.1,1.0,0.1,1.0
-0.0020694929453128476,0.0014706768598065608,-0.014364326296776642,-0.024051343306043728,0.013186963173210907,-0.01778063157473173,-0.020633454824785208,-0.027884390616870574,-0.02031613263423703,-0.012271993344065774,-0.001134063189465578,0.0,0.1,1.0,0.1,1.0
-0.12369970382130951,-0.0996441900441351,-0.13116108521732178,-0.08356657864367412,-0.08576097071481653,-0.0868808358250681,-0.05210968870091852,-0.056852273715271094,-0.07346125622827936,-0.06126623627367618,-0.022355041574361578,0.0,0.1,1.0,0.1,1.0
0.07176858169650686,0.059276212639299636,0.09354506785601285,0.09238573966679359,0.12203386050439334,0.10954785581113369,0.126089063924819,0.13235653242110057,0.13930279361276088,0.12034776863966712,0.08991576489199057,0.0,0.1,1.0,0.1,1.0
0.07474135117117735,0.01396031451755838,-0.003124779527755873,-0.023327759213675865,-0.03436511664833538,-0.05026833891645078,-0.048800356837383804,-0.054286208891973865,-0.057818381495299706,-0.039514543628947664,-0.07626137210374373,0.0,0.1,1.0,0.1,1.0
-0.03530298930442688,-0.019263864252175095,-0.07418102246622021,-0.0597705551191989,-0.05687607916842603,-0.08873098978023422,-0.04323548175392295,0.004274327292708373,0.04153908156592466,0.017587431064640738,-0.006490196259720905,0.0,0.1,1.0,0.1,1.0
0.009719041330253437,0.0578085140914287,0.035589438295995424,0.06545387678675253,0.06513795029989136,0.06932124456528556,-0.019367595942021552,-0.0002697633553344278,0.0621907847301206,0.07561471533161415,0.06657429760523524,0.0,0.1,1.0,0.1,1.0
0.016085598497559327,0.0455003379853266,0.03698840454253082,0.0013331222637590415,0.04143502539809231,0.028512471640377623,0.0105932865239223,0.024264687590794365,-0.03811406140436971,-0.044718240150617865,-0.053012876213711264,0.0,0.1,1.0,0.1,1.0
0.026748171343502117,0.010283440093181561,0.030854417671815314,0.007394634820685458,0.03718400844460974,-0.01897353666038369,-0.006904512912117125,-0.007821000531135654,-0.02915232258990494,0.04191424486164965,0.04082861873388545,0.0,0.1,1.0,0.1,1.0
-0.03757372277413379,-0.09125266697428358,-0.07251252143865768,-0.09436855173331193,-0.12115468840823013,-0.13226677086814606,-0.1289747124458167,-0.06784020089479958,-0.036185954859519476,-0.08589041261926186,-0.06679159215857564,0.0,0.1,1.0,0.1,1.0
-0.09643863838955431,-0.08733009178286873,-0.07669752525500556,-0.05209121380997038,-0.06914820112630413,-0.07509660938550203,-0.06860523503582608,-0.056963819279104586,-0.08740001504186252,-0.0568733379820059,-0.07173562219930206,0.0,0.1,1.0,0.1,1.0
-0.01669025869866671,-0.03542285427615409,0.019753700912094767,-0.004502540195395005,-0.011700670936044278,-0.04526721748658606,-0.023258198033894395,-0.02748522059932014,-0.0386944051068909,-0.04962557765696539,-0.1089848781139134,0.0,0.1,1.0,0.1,1.0
0.013986304523907173,-0.017173023097608424,0.0022072484917280144,-0.02170392312275273,-0.010678357723587486,-0.016202615839665483,-0.04380885764301484,-0.03999988770035932,-0.020652281057513953,-0.03741048981366042,-0.034152910242965476,0.0,0.1,1.0,0.1,1.0
0.03418171205895424,0.057011909110040164,0.07996170722305247,0.03402954522294061,0.07059516702436851,0.05867972617351959,0.047843617035229394,0.0010573026589106166,-0.03312580432572436,0.0042463218152625735,-0.00200558242868959,0.0,0.1,1.0,0.1,1.0
0.08565517357399013,0.01986091986793105,0.02065755961271967,0.056382342324290735,0.08923637644606586,0.07946115680206432,0.04560590450493274,0.02739155392801349,-0.02366865397560031,-0.022259511633620402,0.027806918100868185,0.0,0.1,1.0,0.1,1.0
-0.021815536655426085,0.016029492868040826,0.03881198921783441,0.034464074431751604,0.07182109333493994,0.046907747348722925,0.013207941655376268,0.030885525197348454,0.021015116336612412,0.05573350712851594,0.004788882786636715,0.0,0.1,1.0,0.1,1.0
0.10147971529450271,0.07564570527100137,0.09623988915530714,0.14202075493379043,0.15426366813603842,0.16018735000772827,0.13351614913267545,0.0662383458998776,0.03824427243676945,0.03113391750924084,0.008852105046987604,0.0,0.1,1.0,0.1,1.0
0.06434679499535394,-0.009294205996703761,-0.045086559781867486,-0.057477412394650665,0.008709868424508674,0.018614677734113995,-0.011400862681523249,0.006325228749559424,0.017516740429423687,0.07618217403473727,0.10408377005032976,0.0,0.1,1.0,0.1,1.0
0.08565514579878633,0.09229804698541763,0.08445645554683863,0.1017051400255469,0.06387775631256715,0.06961795648430762,0.06448051224482267,0.15353297179404904,0.15277605368750988,0.15589364591141014,0.15669898108933508,0.0,0.1,1.0,0.1,1.0
-0.0023735052075950793,0.017995856057228633,0.022136819721104678,-0.0027049342327156826,-0.03847595289322225,-0.044742804070424524,0.05375452023031853,0.05368272271089169,0.03526568055304832,0.00556728815414069,0.02791941166913149,0.0,0.1,1.0,0.1,1.0
0.04574136014109819,0.04085927965089736,-0.024986340635822453,-0.03572686315335323,-0.042703770427017604,-0.01511183169143315,-0.015743719351119165,-0.055113034367079636,-0.027365509162536276,0.013915035113629091,0.002707675055744702,0.0,0.1,1.0,0.1,1.0
0.09656082575545019,0.07499029033543539,0.05109713787683567,0.09423316321396813,0.0966343407741844,0.05648052539298072,9.359643432186454e-5,-0.01327414167827404,0.029420713653940205,0.04671918119159004,0.010769679237115061,0.0,0.1,1.0,0.1,1.0
-0.0022967327622398373,0.016459760479633823,-0.015872198291403898,-0.043946622389238243,-0.013521323558954891,0.040424044994932254,0.013146039764326437,-0.0007475856285131983,0.019448492219854382,0.006584661311619524,0.017000365884422806,0.0,0.1,1.0,0.1,1.0
0.07714040265256508,0.08662284065162759,0.05655184044142504,0.012288770831881492,-0.029109840432068122,-0.022516759675172623,0.011677849931025865,0.048678542799583335,0.0773932648835753,0.0579773252585814,0.04819541729623043,0.0,0.1,1.0,0.1,1.0
-0.00967254270078108,-0.05051018991395128,-0.0688810505807761,-0.029192635418357926,-0.0019199896724855746,-0.03278374898994194,-0.04591127911131394,0.0036243380933670202,-0.003024544424483993,0.02188769082165224,0.03975979967196644,0.0,0.1,1.0,0.1,1.0
0.0611063568188249,0.0665032711958663,0.08316251558273395,0.04323104325453852,0.055405943331492666,0.07652853754526794,0.0935422464005535,0.10630158523734792,0.08988841321218982,0.10280970395677001,0.09689082680779876,0.0,0.1,1.0,0.1,1.0
0.00951631742266774,0.005076883675252623,0.03869849030942201,0.015525323736440066,0.01225270793682923,-0.00947533494381394,0.00024832199990166247,-0.008032766366214856,-0.002222487485387006,0.056926582169495234,0.017715281865592167,0.0,0.1,1.0,0.1,1.0
0.002419669697140925,0.023323974950245227,0.056023642806478806,0.05845822040479192,0.049006480865168754,0.060960817343141335,0.040710946767434676,0.017829486423954717,-0.04775654269740166,-0.07117917058648514,-0.07757749111650201,0.0,0.1,1.0,0.1,1.0
-0.0678274831510656,-0.05156879321502668,-0.09489149871974865,-0.03872841644319989,0.05735060875528592,0.08750900042556393,0.059784467071203495,0.024701540042330966,0.030483343943866738,0.05702449931328305,0.1102224519577948,0.0,0.1,1.0,0.1,1.0
0.0021073585377881106,-0.023830894768577478,-0.06003179901042917,0.01072158951068354,0.058490976015570455,0.07172169640237658,0.01354401183836522,0.02281825314050906,0.02582913057611856,0.02164453430341885,-0.0036381069208805544,0.0,0.1,1.0,0.1,1.0
-0.12352131440083636,-0.09857241114394927,-0.07067141873862864,-0.13569354770242265,-0.12487787597382252,-0.08159640386234995,-0.05962178871105801,0.005407375202226637,0.03566320007429522,0.008896283522810609,0.015860484996022422,0.0,0.1,1.0,0.1,1.0
-0.06743722481976605,-0.03198370006826784,-0.057495353886154565,-0.053332631125315576,-0.06845242208718891,-0.09268852877198043,-0.08257400377628492,-0.007677039912276931,-0.013542195176524368,-0.010916725267907592,-0.019670880192896978,0.0,0.1,1.0,0.1,1.0
-0.1183519764503223,-0.14443498972881197,-0.13879349213053524,-0.08670626499522288,-0.06937630221451524,-0.026750675652026365,0.027837648356614092,-0.001905411474086488,0.0035433730595248914,-0.004133478026653442,0.05195175267600012,0.0,0.1,1.0,0.1,1.0
-0.037515598754904275,-0.05356866517272657,-0.061459252675370765,-0.07364478197777642,-0.04569799667812735,-0.009343081152234263,0.0004441983162167384,-0.009454071433813264,0.024277682902046693,0.07438062627650323,0.10003324005978095,0.0,0.1,1.0,0.1,1.0
0.02252638546557481,0.02305370588365583,0.01739949382201026,-0.02641779921821761,-0.04028929557052753,-0.07387576824374559,-0.07024392398198177,-0.0645148344669398,-0.04440133909350581,-0.02670000442156632,-0.04604858636559262,0.0,0.1,1.0,0.1,1.0
-0.0014428390879687562,-0.07524497849839915,-0.08832255813480576,-0.05928226544133275,-0.0921820509811192,-0.07134736753780345,-0.0853237831261049,-0.06735596790195696,-0.07991425767975247,-0.10351212900854462,-0.0620594064939771,0.0,0.1,1.0,0.1,1.0
-0.02393968908794055,0.010811389849470908,0.0397431635075017,0.06190626539343937,0.04621059810814533,0.06790284072795724,0.02455876824343233,-0.032980848437996715,-0.045771218516581814,-0.039831273049753396,-0.06353953972959522,0.0,0.1,1.0,0.1,1.0
0.1021603905241557,0.13979213080500416,0.14505742646886693,0.16368025899726957,0.13870197538873877,0.1900549603140127,0.14757333712350992,0.17765454966868646,0.11138425854604417,0.11531238667861718,0.10238303373953632,0.0,0.1,1.0,0.1,1.0
0.08483136942824306,0.0999573294831848,0.08810690843352748,0.10094049105848912,0.11939327167909325,0.12772475878577944,0.08753514278474464,0.005653626553136892,0.02921308846388021,0.058674941322532856,0.05786359600306983,0.0,0.1,1.0,0.1,1.0
-0.01556416086580165,-0.024477625189870775,-0.002588082256223697,-0.03994842174200427,-0.0692447579397622,-0.08665806076743868,-0.08665798146932435,-0.0738621346764085,-0.03649417385359319,-0.04020508162882124,-0.04710567257194884,0.0,0.1,1.0,0.1,1.0
-0.1097777120704596,-0.15721651139947418,-0.15952907196529345,-0.21256744455646173,-0.18799653564301338,-0.17650153039892044,-0.15364736106298216,-0.16198998861583336,-0.14379867841724994,-0.1077381741863556,-0.11366792463817248,0.0,0.1,1.0,0.1,1.0
-0.05026961138477249,-0.09055898631326206,-0.06687753980128808,-0.04711744041685666,-0.08227498569733774,-0.084923800602131,-0.10523800275588963,-0.07148434237619676,-0.06421024982806682,-0.0610145794034406,-0.031108620988378244,0.0,0.1,1.0,0.1,1.0
-0.07696630567580526,-0.034604449925853986,-0.01817748537984644,-0.07214845223608293,-0.07770830294334519,-0.05781076742200864,-0.040024387745826985,0.005490397678697426,-0.06220065710183299,-0.08956305859070238,-0.03813237380036013,0.0,0.1,1.0,0.1,1.0
-0.0051807928835741965,0.01889556526180726,0.0049524465881392,0.005542521406538888,-0.00983168976532906,-0.03635394108887505,0.028721225700985266,-0.0018089492588733436,0.0013943623951000912,0.026170141075780914,-0.0018794491725955126,0.0,0.1,1.0,0.1,1.0
0.050002645060351535,0.0723063250236568,0.11635801135676277,0.0820757114560281,0.07224341977740914,0.08683384565084315,0.0824932734943537,0.08818247215142153,0.0710774889800784,0.04840554424344808,0.06991945890348693,0.0,0.1,1.0,0.1,1.0
-0.021523625509068202,-0.003505603025421331,0.03098773618069322,0.11303043225903542,0.09441557982736126,0.09768356387719093,0.1345914813569703,0.08401337634217906,0.13286952013451467,0.08567083943183706,0.07472963170438066,0.0,0.1,1.0,0.1,1.0
-0.018197419900173314,0.003752775206451342,-0.0060939906021666755,-0.0607768666066497,-0.06990574258081571,-0.08099768129382803,-0.12000340966249091,-0.17788360976106543,-0.12192699333426356,-0.08092558476200228,-0.06744507075310427,0.0,0.1,1.0,0.1,1.0
-0.05237245321226421,-0.08062140591247788,-0.09971979147955674,-0.06077530110193421,-0.024675237383530103,-0.037573307004243287,-0.008517707398064962,-0.023863792252818348,0.019267829470837498,0.02006035319374868,0.03032731563177741,0.0,0.1,1.0,0.1,1.0
-0.011755022092625725,-0.05978879078347567,-0.021569301961932956,-0.029522141972013357,-0.038806773497597376,-0.06121051297322745,-0.06426769441627184,-0.06581840401047077,-0.1141298110747781,-0.07281882721157916,-0.05930309557316866,0.0,0.1,1.0,0.1,1.0
-0.013765363132043752,-0.02859359285588677,-0.025699234490821565,-0.04167478120357035,-0.036923819769985454,-0.06969391526816385,-0.04555125883746229,-0.0536846863180101,-0.09617270795243489,-0.11666802616712894,-0.16780054168865827,0.0,0.1,1.0,0.1,1.0
-0.002845744546231163,-0.031411660211162824,-0.0410574621173334,-0.021643698707254473,-0.0842485122462484,-0.12349302646874208,-0.08254398227780493,-0.04625834626009466,-0.07708477563692281,-0.11027436227933626,-0.10693168023729743,0.0,0.1,1.0,0.1,1.0
0.04679065558969929,0.03716369473602723,0.07433593673923886,0.0780916501183895,0.10412485607144119,0.07015354623551982,0.09125675682397665,0.027839811301698894,0.004175047701340785,0.013544657645815852,-0.006461479001030243,0.0,0.1,1.0,0.1,1.0
0.058825063623498916,0.028912619040739787,0.01381311093028296,0.02055846274730798,0.050097495452149865,0.049200527257708446,0.04757573007476811,0.07254035438406865,0.050770619345498876,0.07963605947701577,0.0666028715506752,0.0,0.1,1.0,0.1,1.0
-0.057486780551053454,-0.06201056347908957,-0.04880867742705368,-0.004349813076107899,-0.008821653973725595,0.07189417901639425,0.06188460436347189,0.06756515993180558,0.03659370126122882,0.027957998595177017,-0.029936530679679274,0.0,0.1,1.0,0.1,1.0
-0.0784662196531984,-0.06354720462901159,-0.06435214602980771,-0.009323557188968323,0.012373911155369998,0.05274874421965653,0.08025992576591584,0.0699722205484788,0.03166435176996851,0.012762989528550667,0.05015983654520134,0.0,0.1,1.0,0.1,1.0
-0.022465755985380007,-0.04083843013642906,-0.021168696042396663,-0.0001767223549886711,-0.029144621349372752,-0.042243857342007377,-0.00866245534426896,0.023419020910417147,-0.02179022701183669,-0.052209607996870494,-0.02346902348199519,0.0,0.1,1.0,0.1,1.0
-0.029074955460330516,-0.008828176877406065,0.006462458016526914,0.0058174155842099715,0.016209121054777228,0.017842166201769698,0.038367695193065834,0.04770258791080205,0.048794165694333425,0.0392363959809614,0.015295603566298159,0.0,0.1,1.0,0.1,1.0
0.0018966203476483362,0.02906473729719715,-0.003985046057211481,0.02795145724884562,0.036913763580304404,0.0845107970345976,0.12147037181302706,0.14917741759074177,0.17714352290137456,0.17190685686044685,0.14226806700997063,0.0,0.1,1.0,0.1,1.0
0.0533198061350714,0.05979964939531904,0.0895555043456372,0.13543108372542384,0.11067190156609263,0.08278749981652042,0.06848045510281378,0.035902343457654216,-0.01682308164392475,0.0018971127147345904,-0.017867286281775092,0.0,0.1,1.0,0.1,1.0
-0.037424139018810636,-0.041134152819941906,-0.09647813778531518,-0.04571996249591483,-0.04103751901622742,-0.03695824935266685,-0.03823020825320653,-0.021347868033363422,0.026084121363936404,0.027601413693356374,0.007767519706700778,0.0,0.1,1.0,0.1,1.0
0.044160080737490795,0.023123911616820248,-0.015938530495122633,0.05267525864865584,-0.023240592695687033,-0.049409209997112284,-0.043604419462902395,-0.029163183547873867,-0.013223106548327904,-0.0076689783890770006,-0.01255993632862214,0.0,0.1,1.0,0.1,1.0
-0.00924714969245523,0.03768739428863929,-0.005261874410748595,-0.031448326112626115,0.03345321980463249,0.050217129775275926,0.03476523461686931,0.04171120717916275,0.07951476357247644,0.036766633308395656,0.0005203470758530088,0.0,0.1,1.0,0.1,1.0
-0.010437521260926834,-0.06195027421904141,-0.060713553990292865,-0.05160639897782991,-0.09059642719329374,-0.09690334719598578,-0.07114205372836963,-0.08952819541647533,-0.056229223618086466,-0.07518826877201405,-0.017465199349748065,0.0,0.1,1.0,0.1,1.0
0.015521391465575147,-0.037444065199833926,-0.11836567242311356,-0.08951146321645516,-0.08825125956407202,-0.0727043727493248,-0.05555017064606165,-0.04319455052030083,0.005083397210896852,-0.017889905945448918,-0.0217153649518693,0.0,0.1,1.0,0.1,1.0
0.03754100021210055,0.02515298782523354,-0.0040933264676361845,-0.05024040584584863,-0.021881166576226,0.05317151142763972,0.06140373358997686,0.054851280690909235,0.029765431672295083,0.06895706714122977,0.0734209512710566,0.0,0.1,1.0,0.1,1.0
-0.04970598560439506,-0.01834501909684689,-0.008486652281950304,-0.06712606360258523,-0.1134808579032662,-0.13571200454867388,-0.14454344918192727,-0.15660504570487366,-0.10011878339767098,-0.10945903553955424,-0.08701173392572373,0.0,0.1,1.0,0.1,1.0
0.09857084083971382,0.06872977989062826,0.056365934043007826,0.08806814769688423,0.0788545307337756,0.10173902910517615,0.0830126416591743,0.04922975499853203,0.11427554530224926,0.11909905693848374,0.12579994694297286,0.0,0.1,1.0,0.1,1.0
-9.008106164424633e-5,0.05401042542825812,0.024725876891902383,0.10310741697090173,0.04888734092680541,0.05330341867588778,0.08488769932164217,0.1408001879782964,0.12185228079525953,0.19505777545946074,0.17394152197288784,0.0,0.1,1.0,0.1,1.0
-0.057294288509699004,-0.06789152866192116,-0.11105892272009077,-0.10625332548333566,-0.08470070224371842,-0.047750714153562884,-0.08073330655871343,-0.08919650493903292,-0.1335683778441127,-0.14930781062051837,-0.11362395846572645,0.0,0.1,1.0,0.1,1.0
-0.03518617305122367,-0.03191635017782544,-0.06110105636332191,-0.07423502554021669,-0.056423194828339567,-0.0691794211557176,-0.07695928295957848,-0.08804670583156805,-0.025250976412452865,-0.02834667881429129,-0.030194499873034304,0.0,0.1,1.0,0.1,1.0
