time_point_1,time_point_2,time_point_3,time_point_4,time_point_5,time_point_6,time_point_7,time_point_8,time_point_9,time_point_10,time_point_11,mu,sigma,theta,dt,T
1.5394506420391707,1.484760222012123,1.5008866675323391,1.4758559521995585,1.4302001124828125,1.4091292994012727,1.4268259480511065,1.4626241820867825,1.482694617941875,1.5085945199830881,1.4592936385276163,1.5,0.1,1.0,0.1,1.0
1.5901593846853181,1.516609267191949,1.5505192500276996,1.563565657086824,1.599549938540016,1.6656116992624084,1.6654119534151208,1.6182823945135938,1.5561375150666428,1.5428322769251495,1.4338844374659327,1.5,0.1,1.0,0.1,1.0
1.4171753445338529,1.3605505898642716,1.3452722134100603,1.3719219181872973,1.3976418917547684,1.4489937865568603,1.414854969480117,1.4527053480863539,1.4394728656337208,1.409832828362901,1.3820423841750813,1.5,0.1,1.0,0.1,1.0
1.4232895340499443,1.4267080850172627,1.4604779522147684,1.4698877359672837,1.4016678399497535,1.3711378808228263,1.3533344992596623,1.3751088782559515,1.4285305446824523,1.4147330164135228,1.4349685986979819,1.5,0.1,1.0,0.1,1.0
1.4311052418877928,1.424536100817327,1.4459345954188634,1.4707735635297106,1.490047093372327,1.4670832584090938,1.5345108285027074,1.550412661601691,1.6159501510865513,1.5955119909379685,1.627226474952904,1.5,0.1,1.0,0.1,1.0
1.351103991799391,1.342792256037593,1.3833635045979957,1.4448932489784385,1.449931091540043,1.4843866923465812,1.4633960918081503,1.4280866409709791,1.4517934030503625,1.472030274944801,1.4507493557069984,1.5,0.1,1.0,0.1,1.0
1.4756802412584238,1.4724617780638694,1.4295701380056236,1.427332056674165,1.3638758722547437,1.3332682080559293,1.4436883490850516,1.378404508302088,1.3336825232368603,1.309993873992902,1.350495721960806,1.5,0.1,1.0,0.1,1.0
1.3942343472735415,1.4015416044318147,1.3926584664858792,1.3736762631111916,1.3816574871889125,1.3805312728236594,1.3649493533520547,1.3656155200752065,1.290677830307557,1.310391616904186,1.333505785373706,1.5,0.1,1.0,0.1,1.0
1.5560468412649118,1.5368487888947564,1.5639703399171212,1.5862825342510802,1.5710691838701945,1.6047079909523676,1.5737951030146793,1.6162610900130898,1.60835299555595,1.5988607856438488,1.529657018177117,1.5,0.1,1.0,0.1,1.0
1.6749402961084345,1.6334475388320358,1.6531997934805525,1.6306790242869227,1.6013366902776156,1.609533680159411,1.5692567556466899,1.6096672606907232,1.562187198116793,1.5363293659521278,1.5081882344785909,1.5,0.1,1.0,0.1,1.0
1.5175289167597625,1.5198950955276547,1.528475143608052,1.4993155279832002,1.4740365104641708,1.4480405574431034,1.4560456792597003,1.4677255656312451,1.4897973914049638,1.5780859182025868,1.546560138969845,1.5,0.1,1.0,0.1,1.0
1.5632635544936326,1.5643132858592512,1.5212079839556203,1.5442404255831699,1.5310044730725854,1.5080959604277708,1.5178482412907,1.4903975621259942,1.4423418395319458,1.4315024271068486,1.4856356778424498,1.5,0.1,1.0,0.1,1.0
1.496723066515387,1.4784950074274699,1.5499908019462008,1.5554566923851922,1.5654915247999222,1.5343517321658866,1.5207429673029509,1.5187317563693339,1.5436861372577984,1.5358767880304907,1.5600338642985043,1.5,0.1,1.0,0.1,1.0
1.3992744019913248,1.3915416487578502,1.4179127125137134,1.4382075698093366,1.4267456302899975,1.4745852863250255,1.4667406029514267,1.5189547768047922,1.5239331228932886,1.489964907756918,1.4764356435762576,1.5,0.1,1.0,0.1,1.0
1.5238526885734687,1.5448174284607976,1.5185989124886703,1.528125223655869,1.5195818003117012,1.501742553955401,1.4404574975000044,1.409515383238324,1.441080191115152,1.4476211476987677,1.4378944182182718,1.5,0.1,1.0,0.1,1.0
1.4212859639702993,1.4280485880265865,1.450353350599012,1.4472539592175353,1.3726199330436895,1.3812145269036091,1.3636439646069871,1.3449268165285544,1.3475836513497548,1.4101746322062403,1.338703724475688,1.5,0.1,1.0,0.1,1.0
1.602351893289512,1.6380209722056644,1.6204349618000649,1.602406090041444,1.6176018413304485,1.5851793788686517,1.568797265054097,1.5172638248821888,1.45526354445296,1.447877094007095,1.4018552682979772,1.5,0.1,1.0,0.1,1.0
1.4946082295403933,1.4992709439521905,1.504608813266835,1.484345184809467,1.4199605455974038,1.371880981250157,1.3595022211043772,1.3122129032700138,1.2975120259141477,1.430405608517143,1.437645632640172,1.5,0.1,1.0,0.1,1.0
1.5912173716834133,1.589495905391562,1.5662544598191352,1.534845806594243,1.4820393121476656,1.5298856228480968,1.5102216081064403,1.5628695779112523,1.5464698528633187,1.5048462441999875,1.4625316487618636,1.5,0.1,1.0,0.1,1.0
1.4990110030725314,1.5137074453459642,1.5237915069458101,1.5564134606331173,1.5799897280261994,1.5578955032988535,1.5891927011023268,1.623426387633536,1.5729557175435112,1.5645307015858914,1.5468580358028567,1.5,0.1,1.0,0.1,1.0
1.4526802099885645,1.5010893160353822,1.5239601531141196,1.502371963948762,1.454804373731643,1.4285703836903145,1.4595493768522843,1.4951447201027348,1.469099763245369,1.4875980724606512,1.494888145790191,1.5,0.1,1.0,0.1,1.0
1.5486108029186152,1.5196724963962254,1.5025539700952972,1.5175906892197817,1.5019796775299297,1.5287891224757328,1.503853827949634,1.5446168406097152,1.4855630887926294,1.4957227688828183,1.4756957873908632,1.5,0.1,1.0,0.1,1.0
1.4853253858660194,1.5052175058425517,1.5138954574621524,1.4088964461249196,1.4284737109178562,1.4225632913172168,1.395860243576729,1.3880248303974931,1.4194502403799771,1.4531884916662543,1.47504188043382,1.5,0.1,1.0,0.1,1.0
1.4647281347329935,1.4704711411535698,1.4736590597306003,1.5149038982180032,1.4968826354101066,1.4523403484913708,1.4411471277512387,1.422367725183033,1.3978243898364398,1.3654005677156296,1.374281924203337,1.5,0.1,1.0,0.1,1.0
1.4457148034028824,1.4527990430559299,1.4313645636498933,1.450088412748929,1.4636431817755327,1.4850422365857567,1.5402595039760227,1.5426632732523113,1.6155877935782623,1.641552841801937,1.6126440455743447,1.5,0.1,1.0,0.1,1.0
1.482954317472536,1.525881550938791,1.5594409773866404,1.5402798448134627,1.5424313637317666,1.6045896413153014,1.5882400824269793,1.5410955912508484,1.547625772889708,1.5612451453120244,1.639539932374519,1.5,0.1,1.0,0.1,1.0
1.4307372317746911,1.476499645383414,1.4414089284627725,1.4746896128845195,1.4441796536027482,1.4339389715520656,1.4214298811277928,1.4474574892410328,1.4102113510176582,1.3592757522869836,1.3807296145747119,1.5,0.1,1.0,0.1,1.0
1.3985767562589282,1.4051174799034811,1.3967824793961219,1.4601252229020496,1.497083020479395,1.5153227999163703,1.5059744460122406,1.5112469932980446,1.4969397896767447,1.4906835943915258,1.4934785365337524,1.5,0.1,1.0,0.1,1.0
1.5081909780629885,1.5759646426279277,1.5698233828629682,1.58553725488118,1.5508754136448601,1.549853827431703,1.570698145374843,1.5617680668091536,1.5367632979972694,1.523265247302089,1.5260433352801006,1.5,0.1,1.0,0.1,1.0
1.639136086796049,1.6270937975609205,1.5623836793339854,1.5741403250159596,1.6128845345812028,1.6068613303416552,1.628600528683068,1.642878241705539,1.6153600421646517,1.6259224095788851,1.6120550823744335,1.5,0.1,1.0,0.1,1.0
1.4408066093537089,1.4591513851647646,1.4499123756883827,1.4572802721851361,1.3828105156555106,1.3626936676412127,1.3563694886243325,1.4023384523667102,1.446917391101056,1.4936528002359297,1.4664240379668612,1.5,0.1,1.0,0.1,1.0
1.4595631140116145,1.5228218057696552,1.526238550644611,1.5021507723659182,1.4321930590619822,1.4778083976112655,1.4590880639687993,1.4799196891959296,1.4650595824645953,1.5425298031475398,1.5433468252517977,1.5,0.1,1.0,0.1,1.0
1.4190718671818965,1.4557919072647327,1.453708382005038,1.4761439594472523,1.4702496643297271,1.441850301705685,1.455783088756864,1.4705401371392932,1.4102488288115784,1.425311253745242,1.4048182007301824,1.5,0.1,1.0,0.1,1.0
1.521188872749618,1.5241521044306359,1.543221789213769,1.5655371778569886,1.5830798851429995,1.5603435340601308,1.550816562062119,1.5350786568712234,1.5228597562835753,1.5066879765739156,1.5484956042070277,1.5,0.1,1.0,0.1,1.0
1.3147838682218345,1.3422081435757869,1.3565970262140563,1.3837003014991232,1.4177272524072095,1.4520142706663492,1.436509750275528,1.4566910373219697,1.439109529972139,1.4277171610211707,1.4600655052861735,1.5,0.1,1.0,0.1,1.0
1.4261193114340727,1.4559761685184658,1.4747757231455711,1.4637401901346867,1.4600411461117937,1.4770255551068583,1.4962287002527037,1.531934316896984,1.5607926345398655,1.566506731080107,1.5593373217712023,1.5,0.1,1.0,0.1,1.0
1.4798598783191723,1.4786634266636338,1.517086459012547,1.5604716066373325,1.5605257678593603,1.4948083924562126,1.5565447095938718,1.5551127544314256,1.604003744309774,1.5650073526451749,1.5823889869767942,1.5,0.1,1.0,0.1,1.0
1.4800076714500088,1.5031814897972116,1.5046688832259127,1.4877019826923985,1.488637988897413,1.4832614526456032,1.4820889690053909,1.4627359860222686,1.5412145117328164,1.5411435123563915,1.4961425644979165,1.5,0.1,1.0,0.1,1.0
1.5521669405610095,1.5569507370543005,1.556572177096498,1.5168300316492707,1.5000392205672968,1.4973650494791915,1.5042792900590927,1.5566446011585102,1.5200863870121681,1.516025932199828,1.5068996306531286,1.5,0.1,1.0,0.1,1.0
1.391446705874263,1.3943016230748484,1.4356856184744937,1.4536896058042899,1.4857838614899304,1.4890117112257368,1.474460768564853,1.4533145285124993,1.5142304195951921,1.489340119754263,1.5295754545350888,1.5,0.1,1.0,0.1,1.0
1.4314394531953671,1.4356785553324518,1.4904609833346807,1.504365994425559,1.453072623623985,1.453068845941929,1.470817422372448,1.4822525868641774,1.5302160113027155,1.5165321981078104,1.5570800850641682,1.5,0.1,1.0,0.1,1.0
1.5184225390134087,1.5590082279445518,1.6145655626877435,1.5872477563806606,1.615675786090092,1.6322512824071138,1.6170993543842607,1.5910479053361661,1.5528368161336166,1.4992919256519657,1.5301929028994568,1.5,0.1,1.0,0.1,1.0
1.6210041640897255,1.5584161743706482,1.572501365573455,1.587121519173951,1.5435095996845636,1.5176737395239506,1.4934474850133184,1.5377450266083144,1.5706529182055655,1.606904842696717,1.5809336133393916,1.5,0.1,1.0,0.1,1.0
1.5016021657665017,1.5037268044110208,1.5127977591413235,1.4881784896173271,1.4782806816147367,1.447759039590851,1.487326664134506,1.466739878853942,1.5160083041442516,1.5280681836181547,1.5594690184132531,1.5,0.1,1.0,0.1,1.0
1.4763225508223694,1.4704528118415696,1.499369404116949,1.5321878985213933,1.476950170535036,1.5043090295852228,1.478883280423008,1.4486662990279486,1.4555101889151374,1.4099706105574923,1.4128042986262663,1.5,0.1,1.0,0.1,1.0
1.7053931167429335,1.612496023403825,1.5585183785440877,1.5819731741962244,1.6091364052312556,1.5774617947899041,1.572181410529551,1.557034272350804,1.5323095615546747,1.5258745010026316,1.4592424083287794,1.5,0.1,1.0,0.1,1.0
1.508975630384348,1.5098714994925961,1.4860723617188296,1.4794070441596276,1.47905304486125,1.5183894986566429,1.444548734753738,1.4760195524378033,1.4032150799215988,1.3691457823949047,1.3913974989086708,1.5,0.1,1.0,0.1,1.0
1.528048375373779,1.4852798004728138,1.5099167677428271,1.4679974439801462,1.4620508398785725,1.493119743832694,1.570294599059128,1.5229999471649978,1.480453615424025,1.4679569585443129,1.4762082911904781,1.5,0.1,1.0,0.1,1.0
1.6187336902533491,1.574609528961285,1.627109865123502,1.603626026502994,1.6015093553482356,1.6672210238751743,1.6396640310827708,1.5809021708767297,1.6069608064545593,1.60812269064476,1.643080772904495,1.5,0.1,1.0,0.1,1.0
1.4501082711205995,1.4439765428610887,1.437735798725444,1.4639179532053026,1.4979644860374943,1.5577309625365872,1.5919092179857266,1.5995426192570195,1.6261859692004408,1.626162962977339,1.6635236911671607,1.5,0.1,1.0,0.1,1.0
1.47448800990001,1.47493726472897,1.4472981445643303,1.4706164785890552,1.4391707164988645,1.4856881565920357,1.453659302148992,1.4488556415360985,1.4827059028403498,1.4787030029285833,1.4843295729161603,1.5,0.1,1.0,0.1,1.0
1.3887889220632503,1.4213002601448539,1.4151535324373805,1.4361472819564718,1.4422620429433264,1.4631096913275383,1.4395311508681163,1.4921144048144215,1.4691101628242305,1.454500379452649,1.4816145146085482,1.5,0.1,1.0,0.1,1.0
1.5420933329511013,1.5813871796867396,1.597892483777279,1.590411952702632,1.6026193473302777,1.5816573357136912,1.6321793157777122,1.6903765413491,1.6575908650440547,1.659761297068967,1.6487923249244016,1.5,0.1,1.0,0.1,1.0
1.5749614449260367,1.5535533679315285,1.5149543743824418,1.4766706223837867,1.5295048516285001,1.500139943727998,1.5220151047613049,1.5016728835270992,1.4822737501253467,1.5053542807017097,1.480683373519324,1.5,0.1,1.0,0.1,1.0
1.5613231262124343,1.5919948406166131,1.5416174169065835,1.5406852782069764,1.5685560885676395,1.4891182115619988,1.4697933819163247,1.506033793576571,1.458573384280407,1.4582011840046083,1.5005649925930022,1.5,0.1,1.0,0.1,1.0
1.4383494611657959,1.40370689623677,1.3834882683160445,1.3401420846699277,1.3593349950876077,1.3884009831367,1.4423265651111867,1.42562157757121,1.4554999310077386,1.4737333620943516,1.4616310659696752,1.5,0.1,1.0,0.1,1.0
1.4187179756421175,1.436753284073758,1.4557349429633433,1.4898249062357678,1.4888111023139559,1.5106601625463336,1.5133296984068618,1.5063509803922452,1.4853837534446415,1.446786911713229,1.4046374886209845,1.5,0.1,1.0,0.1,1.0
1.6093978013714085,1.5799130678991908,1.5511251889065762,1.5841443687795602,1.5688378968279637,1.6096318963158673,1.6119838608344392,1.6087079149941312,1.551745010925832,1.5521347950292006,1.6180960602106662,1.5,0.1,1.0,0.1,1.0
1.5909048168906408,1.573183688005463,1.5749136380902062,1.563072379262446,1.6297636354362781,1.6076804928734372,1.622390292774446,1.6034793618940055,1.5574770825119777,1.5792963211120752,1.6082543299006855,1.5,0.1,1.0,0.1,1.0
1.450512077844176,1.5266275572384445,1.5528343556472284,1.53928647355715,1.5585968109280737,1.5021268879996552,1.4843053810113593,1.457013107868547,1.4834796218614494,1.450697447229749,1.4600832933576355,1.5,0.1,1.0,0.1,1.0
1.5361270652459007,1.525757124308677,1.5132846149878745,1.5116398014100945,1.561568198367123,1.550092952613454,1.5192303706927388,1.5613960972686245,1.5712910566145866,1.5686206161919805,1.543091969294587,1.5,0.1,1.0,0.1,1.0
1.4474585894230882,1.4370418056052694,1.4871808279176908,1.5205365836988571,1.5380270970862653,1.5451486694860217,1.5668963253954142,1.483356484255089,1.51976627337392,1.5330810848346434,1.5496597614473087,1.5,0.1,1.0,0.1,1.0
1.5407779482448825,1.5500313725442738,1.5212538623045084,1.5211317858581233,1.5185925027400595,1.524622845969255,1.547549331832513,1.5699882830125924,1.559600042922241,1.5666242051261872,1.5006681666452006,1.5,0.1,1.0,0.1,1.0
1.5119923655278218,1.497376684621104,1.4915839913483422,1.4331998799956027,1.4643672726632622,1.4477252821616156,1.4516780059468644,1.5163612782134732,1.5192358425148493,1.5089647379236482,1.5090723769456902,1.5,0.1,1.0,0.1,1.0
1.4881628551743877,1.447251171659759,1.4599107842664285,1.434435352625106,1.369455292844267,1.396173441772354,1.4038103570355376,1.4131921433380803,1.446170141756645,1.460170305936521,1.4647843628289254,1.5,0.1,1.0,0.1,1.0
1.634120238847551,1.6142675827176627,1.595201738813357,1.5727544602223535,1.5265115618531022,1.5473697285752792,1.5692234926269966,1.5327019317983641,1.4854747187564512,1.51565289954922,1.5551645266269591,1.5,0.1,1.0,0.1,1.0
1.5202160820124024,1.4936605486246262,1.469041555987503,1.4765407749472628,1.4661857396089681,1.4432476798508713,1.4814315165559977,1.5495620911271235,1.5202181338886076,1.5490925067301837,1.5804117420838328,1.5,0.1,1.0,0.1,1.0
1.4567334129411889,1.4376959312708435,1.377542012057619,1.3255270064873341,1.3492795036169378,1.3254005765538737,1.3214295010681905,1.371944993907411,1.3619255130788437,1.3956480853257778,1.371820530491575,1.5,0.1,1.0,0.1,1.0
1.4900773421815812,1.5522995341166677,1.5490152202109366,1.5452338163779074,1.5372127124566866,1.5223745716532386,1.5306965422890455,1.5203937486117842,1.5488743800198197,1.5236367321495718,1.535582893768593,1.5,0.1,1.0,0.1,1.0
1.5327257522012894,1.5993102359523992,1.6051090081390071,1.5881875609923641,1.5607746108297844,1.5585704004338317,1.5929215013638338,1.5590253663019993,1.5550436907728709,1.5409264236582987,1.524020494303765,1.5,0.1,1.0,0.1,1.0
1.4466066517347935,1.4254203099720777,1.4569034915367474,1.4376390353156983,1.4424024925417067,1.5222633171284268,1.4845762029077094,1.5228821492259712,1.5480059102353012,1.4948792658856238,1.5336116405595828,1.5,0.1,1.0,0.1,1.0
1.5344940189262986,1.5188158263631892,1.5203331558961757,1.42258399653258,1.487021277517588,1.4795528235780593,1.4944566795934364,1.4641132081628376,1.4496196887433206,1.432328569595692,1.4365802557622316,1.5,0.1,1.0,0.1,1.0
1.4966053810802515,1.5156868236230239,1.503791952297998,1.5593226573156977,1.5849654286803665,1.5487839956416354,1.5001844382105884,1.5374600191644134,1.4740565496167564,1.5047975644475735,1.472151168420332,1.5,0.1,1.0,0.1,1.0
1.4805243221163242,1.500129474426104,1.5326031155476905,1.5263943656752605,1.521375318629485,1.5520617531240375,1.5625623027758975,1.5936442810400686,1.520073094493206,1.4870404912714248,1.5046878890150386,1.5,0.1,1.0,0.1,1.0
1.3936822031219134,1.3918577003360182,1.4173619877805184,1.4389964209866284,1.4603145375514308,1.4346157132763935,1.4419721193283592,1.4404567110795499,1.3947070884551465,1.415735627231096,1.4379906933033242,1.5,0.1,1.0,0.1,1.0
1.533193489843425,1.4993060169139125,1.4518059143762059,1.4480302690593545,1.493104287329819,1.4685225408047806,1.3977081766902595,1.4410033500580903,1.4187131067978012,1.4392997511157946,1.4402922671903968,1.5,0.1,1.0,0.1,1.0
1.5257051535067168,1.5129821091656146,1.4759063108805066,1.4545509516227058,1.4643161769049169,1.4140436445622009,1.3986470818132009,1.400626760219749,1.4131314169002724,1.4289723749410943,1.451630908678161,1.5,0.1,1.0,0.1,1.0
1.4222125913435193,1.4974098165199135,1.5085610099296178,1.5555219744329631,1.5618884989888904,1.5222795240825937,1.5357373016977276,1.496266182981702,1.4711935594012653,1.4688006081906404,1.4892691288912192,1.5,0.1,1.0,0.1,1.0
1.546747949767014,1.5781902911629186,1.5946166724419366,1.5615600660780744,1.6152490904166714,1.6198958982175642,1.6175697030255567,1.5842117587802853,1.5754489815262882,1.5635168838664215,1.6338738197043112,1.5,0.1,1.0,0.1,1.0
1.6025622138397635,1.6096852594440199,1.5153155757041876,1.507302105480398,1.512239149885099,1.4801936180570945,1.4565299005993608,1.4789321135286397,1.533497909946167,1.506849147026276,1.547498781116211,1.5,0.1,1.0,0.1,1.0
1.4929690029933929,1.4907593838599855,1.4800394403230772,1.4654792038455566,1.4045609689886596,1.3930841711340431,1.4399169218298127,1.451395841585063,1.476920445909909,1.4349082972339202,1.4124235953847208,1.5,0.1,1.0,0.1,1.0
1.5124160269359739,1.5250468708386655,1.4821866604971865,1.4955314068247594,1.522852262095039,1.4909681004187407,1.5296504511288365,1.5351119997785903,1.6021566778197966,1.5453461290544654,1.529505833488293,1.5,0.1,1.0,0.1,1.0
1.4385233071157584,1.4834874541111032,1.4607957210369056,1.4245308390660762,1.429891544305419,1.4087521410088402,1.4429786467352692,1.4232356295019377,1.4689790002242178,1.4256597950573098,1.4183467060854655,1.5,0.1,1.0,0.1,1.0
1.4701942211255505,1.4695557253746154,1.4592347576597358,1.4837991265047683,1.5168798253698512,1.554802821737284,1.5348646425803376,1.536642821479262,1.585933785381623,1.5353308769491398,1.5100650164739167,1.5,0.1,1.0,0.1,1.0
1.5488370429316034,1.5105595572328498,1.5433206856135224,1.5527612699153528,1.5847177532792918,1.56816420080712,1.5916792029226887,1.5811154119129225,1.5734810105487913,1.5033969642300864,1.5262711012077639,1.5,0.1,1.0,0.1,1.0
1.5750631208051218,1.5504298585541743,1.6021102778889538,1.6234532690528631,1.667241910306617,1.6653837487322893,1.620481486522835,1.6005271062438176,1.5963767977013663,1.6133735621608323,1.650325361878791,1.5,0.1,1.0,0.1,1.0
1.4060151416667364,1.429339106118411,1.4208523100933308,1.4493605390288837,1.4246096278351739,1.445913316851566,1.4454578504970041,1.4719840238794828,1.486456286919643,1.4691065797831733,1.4647539530678244,1.5,0.1,1.0,0.1,1.0
1.6006231618668887,1.602184543135696,1.5630497209889085,1.511384465952857,1.5062055104157939,1.5610896480125935,1.5734954229061815,1.5370275695058377,1.522221079802346,1.543437912697489,1.5227809466114726,1.5,0.1,1.0,0.1,1.0
1.5581491209187028,1.525322382691955,1.4973038250883797,1.4510868557531305,1.4871415334291191,1.4578692290996191,1.4526065281653844,1.431791507504909,1.4671207277083538,1.507343566795279,1.4536510157804605,1.5,0.1,1.0,0.1,1.0
1.409061380281642,1.4461347210230948,1.4944816338793863,1.5496140835223617,1.5151544815409441,1.4989334526538294,1.4931803280840497,1.5121102649003768,1.4762990891780725,1.509374849909076,1.4679080276321237,1.5,0.1,1.0,0.1,1.0
1.4820785102333602,1.4617889345931843,1.4768330988414655,1.5135557410364038,1.5073986172792875,1.487291746928591,1.494949906434196,1.453636427450245,1.43792724102822,1.4508112614133526,1.489925298866019,1.5,0.1,1.0,0.1,1.0
1.4688209133227572,1.4630682089928249,1.5063587843235082,1.5568508593685277,1.6013157090980485,1.5708013019769071,1.554081129740525,1.5198375294813502,1.4799526841233224,1.50277484704636,1.5250327979329958,1.5,0.1,1.0,0.1,1.0
1.4107802205271358,1.3981338090653816,1.3554784622525873,1.4022205416549147,1.4512615974727228,1.4267145344862817,1.3822213247339594,1.3045037144076688,1.3389963164492165,1.361672112545276,1.3811150830934094,1.5,0.1,1.0,0.1,1.0
1.6488017365479688,1.6399251757637894,1.64918064836712,1.6483766903814718,1.5739505508060434,1.6086194307921413,1.5672011312471077,1.4775854743854149,1.451246040047189,1.4250195660682419,1.3901947972244422,1.5,0.1,1.0,0.1,1.0
1.4940614569392525,1.536754821208524,1.49346842679281,1.484472160897926,1.4814136845463146,1.5094172474649308,1.5205558983312006,1.5400787196372288,1.544501405268131,1.4841509799888284,1.4432949229203031,1.5,0.1,1.0,0.1,1.0
1.5598913674765424,1.5462737974842178,1.5707286087917067,1.5702074873968521,1.5629010187840229,1.5568266286252876,1.5230574835454198,1.5183753640800344,1.4880348691761651,1.562436347277982,1.5722630266664002,1.5,0.1,1.0,0.1,1.0
1.476327200441335,1.4627245545719474,1.4138047481730536,1.4641109946923667,1.4812455757106873,1.4912252115920581,1.4952462983663906,1.5300442201125353,1.5813793640950684,1.54356721261253,1.5384088263996627,1.5,0.1,1.0,0.1,1.0
1.5023968851133087,1.4704873403031817,1.4090368716085577,1.4525772217513917,1.5155459885755844,1.476999773991149,1.4712877050860256,1.454195244555262,1.4555628274269727,1.488766651485207,1.5466847938250958,1.5,0.1,1.0,0.1,1.0
1.538565795436545,1.5326189152231506,1.5051239015450517,1.4828612656087081,1.4704352384024504,1.5174915720541367,1.5514115729820264,1.562864679659705,1.5475568431160247,1.5353182784393447,1.498253862302587,1.5,0.1,1.0,0.1,1.0
1.4504162229825341,1.4564011330997573,1.476101008049512,1.492727221946098,1.483227740802813,1.5245551189420734,1.5174094323233227,1.5556812902210586,1.4932568931017902,1.4874180727429722,1.4937953923730372,1.5,0.1,1.0,0.1,1.0
1.4469336877160026,1.451400831291635,1.4774314124614083,1.4385754379206264,1.4300201497072438,1.3845737283718358,1.420783121973309,1.4141309764902563,1.3969513152385307,1.4427506533976253,1.4109970332943924,1.5,0.1,1.0,0.1,1.0
1.543741163069323,1.5396767430587583,1.5582038671699434,1.5141480211410667,1.5670239715935212,1.548550141017616,1.522442145792089,1.503246541760229,1.5051357970895602,1.4853832633979198,1.4614999962399204,1.5,0.1,1.0,0.1,1.0
1.4737653432361317,1.4771673803690166,1.4308527503683497,1.3855294526632211,1.3703607969201532,1.4175435220609085,1.4622589701853737,1.5324235206647627,1.501281770711356,1.457921154265825,1.4626981347398729,1.5,0.1,1.0,0.1,1.0
1.5038563400332132,1.5501749152592956,1.543819612489579,1.4992356064941772,1.4913990705948696,1.5409379776612455,1.4788527471478643,1.4319855902272354,1.4791745021899032,1.5028985845803298,1.5060277361042114,1.5,0.1,1.0,0.1,1.0
1.5131942177007598,1.478111627191207,1.5046881977133058,1.5919708033119806,1.515318565136502,1.4971346507010423,1.4854808954134824,1.508127774462573,1.4659031110762515,1.514528770224839,1.5772377746994668,1.5,0.1,1.0,0.1,1.0
1.5272628212865904,1.5047417008694532,1.5186373443435552,1.5856528267228966,1.6146373774027873,1.587742805405625,1.6314553197977906,1.6127920235633793,1.6264391367537732,1.6182566894433115,1.5616722281961428,1.5,0.1,1.0,0.1,1.0
1.52984215565292,1.5247196253737114,1.5517025983665333,1.5125632362808998,1.4658207541049815,1.4512832709199963,1.443689547277489,1.4752488509145478,1.4878016538216805,1.453832099607435,1.4654623660690442,1.5,0.1,1.0,0.1,1.0
1.4207246420894124,1.4149700416104127,1.419778050065756,1.4501104911914844,1.458846675865007,1.4383822127680368,1.478842579582331,1.4831585069256135,1.453633329032946,1.4923255724576663,1.4917021803156159,1.5,0.1,1.0,0.1,1.0
1.5399607636979131,1.5299859697714235,1.5067309518880891,1.4960340115407422,1.4774109670510345,1.5152145884343193,1.5617008778302717,1.5193550405995595,1.5310347419757468,1.5289042650991393,1.5536143453369544,1.5,0.1,1.0,0.1,1.0
1.505706473030195,1.4523446552377424,1.492584689795742,1.478163224939041,1.4942284354736857,1.491177910444325,1.506173157301332,1.5308863263114953,1.5820956919591436,1.6491546252708795,1.660453446508694,1.5,0.1,1.0,0.1,1.0
1.341561978230231,1.3659073774191537,1.3375437784886106,1.319038227954023,1.3411163249604858,1.380475401560344,1.4212323648396805,1.4154008531240896,1.3983341142846335,1.4271731185352645,1.4505939413274387,1.5,0.1,1.0,0.1,1.0
1.4606334185609533,1.4518422560179893,1.4204443684667787,1.3940181831039287,1.4140494286719474,1.509082446681614,1.5046257898833224,1.475808999116895,1.5043292829396173,1.4663275525287218,1.4794491359044228,1.5,0.1,1.0,0.1,1.0
1.5603493822210919,1.5188748604585283,1.538949645302999,1.5468412427840477,1.595367168138146,1.6161938789304169,1.5946849129820893,1.6008902486471623,1.5758943758151778,1.553085269015753,1.572363606087404,1.5,0.1,1.0,0.1,1.0
1.4626438471764454,1.4242875916214481,1.4842866374549823,1.4747313101954749,1.482786449223192,1.4278382247712615,1.5095763912742555,1.4631597049257028,1.520934911659723,1.529118673243256,1.5255852594420087,1.5,0.1,1.0,0.1,1.0
1.4273205791244628,1.4541445093847827,1.446112528725623,1.4455390174683511,1.4270220477912132,1.409245612038438,1.3614520136849808,1.3130308008857876,1.3155181803366225,1.381748369758751,1.3864881171220693,1.5,0.1,1.0,0.1,1.0
1.4397760215671942,1.4612126243402768,1.4753453434018047,1.467682233343793,1.4454144032173732,1.4630796720051165,1.5159660546410392,1.501714754912031,1.4886412802727296,1.4635249408032902,1.4407078084973666,1.5,0.1,1.0,0.1,1.0
1.5569477365671462,1.5434440545570145,1.53747224520586,1.5963387821466763,1.6025520697039026,1.550480210846852,1.538658110725205,1.514851277392732,1.5312867242766037,1.5291865655335721,1.5909844668463466,1.5,0.1,1.0,0.1,1.0
1.4757376129370259,1.459177831746359,1.5194933365458452,1.5228708969498967,1.5311784430651623,1.5143300101125317,1.5044445986260884,1.5282244110050158,1.5367589749553554,1.5306691317621346,1.5048045430329016,1.5,0.1,1.0,0.1,1.0
1.6470821854052697,1.6230657273678257,1.5928815464410289,1.5210979315747022,1.5413598291801003,1.4997205671693388,1.4594895558927783,1.534633584224187,1.51471337906899,1.5146123876270179,1.5242743248212773,1.5,0.1,1.0,0.1,1.0
1.5171063124579867,1.4512517165057333,1.4473402550670567,1.47737863751941,1.4653561417333583,1.4198723688401884,1.4341599948555432,1.475934379899227,1.4807850181136435,1.4881727867889116,1.4476924963590032,1.5,0.1,1.0,0.1,1.0
1.403026714161901,1.3771775602361829,1.3866296562681686,1.4199032073954891,1.4376494041059202,1.4161545723000388,1.4180453915479685,1.3954198971444116,1.411155287387281,1.4138699701013169,1.428717037358021,1.5,0.1,1.0,0.1,1.0
1.5429830814669863,1.5137776371618528,1.5027088104775532,1.4897161323709724,1.4581047956389026,1.5075588631849548,1.5033498997814279,1.493374231962772,1.472334665568338,1.5149321280063934,1.4820279530865015,1.5,0.1,1.0,0.1,1.0
1.4498491010563277,1.4514691215030096,1.440655595697626,1.4082693924850114,1.4530229948246156,1.4798287442338929,1.4720484780217094,1.4441569579380746,1.4019657721976377,1.4169709978049956,1.4027596355732486,1.5,0.1,1.0,0.1,1.0
1.5664095055626885,1.5379463516083356,1.6175147513065877,1.5799819197224858,1.5363685309380992,1.5516252541608178,1.5851718656642657,1.6047899821875518,1.6104694828207045,1.6025070175042788,1.6105202086942274,1.5,0.1,1.0,0.1,1.0
1.3702350779211263,1.3712668748599064,1.3511361087244422,1.3410817910474548,1.3631445901890284,1.3523192566149698,1.3467247238921112,1.3791700924321018,1.3670629564936412,1.435755328304892,1.4362213068341791,1.5,0.1,1.0,0.1,1.0
1.432791636606694,1.4397311093804346,1.5456477215762925,1.4999415991858305,1.471361332125844,1.480614531884887,1.50805266708994,1.500433479645078,1.504605504223823,1.5263992126612211,1.4718509462525986,1.5,0.1,1.0,0.1,1.0
1.4439342994147446,1.4566399337346243,1.4500302954516153,1.463553036152705,1.4657773826177323,1.4621264111968513,1.464054422158136,1.4960864560885614,1.4861628068435075,1.5313262775251362,1.532130599860723,1.5,0.1,1.0,0.1,1.0
1.4688209053365853,1.4355329446827985,1.4655780447804994,1.465059073189587,1.4662080934351056,1.4373974399854397,1.4664206669491993,1.4955932232879277,1.5072961730759329,1.5010173980750727,1.5265227123241092,1.5,0.1,1.0,0.1,1.0
1.49553383531702,1.529913355380287,1.5819043280112657,1.5831115611412458,1.5636605750757382,1.5336286075913224,1.4872715153202507,1.4943842005059151,1.5165735359895485,1.5060560810907926,1.488121192627958,1.5,0.1,1.0,0.1,1.0
1.4130925669425165,1.3809712084043,1.4245335803445607,1.4477958684957042,1.4795381732819104,1.4914230273171505,1.4878500522416742,1.4971513365117664,1.5181212050836521,1.530924376442824,1.5536238285779924,1.5,0.1,1.0,0.1,1.0
1.444501911334414,1.4100095525001641,1.4751262762806736,1.4861439949501083,1.5193439572208178,1.5264071187792303,1.5315113136574823,1.480594721935555,1.4905698751201506,1.4932532524363464,1.5376347472286762,1.5,0.1,1.0,0.1,1.0
1.6426308674538628,1.647495257950515,1.6456678968660647,1.6514070839992354,1.5869342620939322,1.5713459497684574,1.5765565895143652,1.6365264202156324,1.6203373008444995,1.640751309232745,1.6547395772480737,1.5,0.1,1.0,0.1,1.0
1.4543694686549071,1.4658428063803552,1.4347650035397792,1.4831118774855354,1.488767186504349,1.5338321806590183,1.4667437330520237,1.5001009802003926,1.5086167014120029,1.4840603511682995,1.4425898287889924,1.5,0.1,1.0,0.1,1.0
1.3749198794293747,1.3167618472298237,1.3124561108325157,1.3355484790464454,1.3402318645330642,1.3654957061840447,1.3067907653686706,1.391843090800389,1.4185241004006361,1.4516957176954435,1.435483991635242,1.5,0.1,1.0,0.1,1.0
1.474410639158135,1.5205734273912639,1.572682855163598,1.535617719299315,1.5314240502995689,1.5012783699337389,1.4236748931873953,1.423412621471303,1.446464265156439,1.4339947721737603,1.429744290559266,1.5,0.1,1.0,0.1,1.0
1.4059939000546242,1.4213766600766384,1.4005745979875237,1.4022562772994303,1.4344739708545153,1.4198318173734765,1.4873204336346748,1.4827675849857034,1.4566924498706366,1.4086864783816628,1.4851100591213613,1.5,0.1,1.0,0.1,1.0
1.5877323969845094,1.5981577812313406,1.5809309844866954,1.6105796562930628,1.5437341941394738,1.4981606531424005,1.5491416129293472,1.612092622198095,1.612379047277581,1.6590970626058286,1.639446494550623,1.5,0.1,1.0,0.1,1.0
1.3567191363232254,1.3941225325961397,1.4275717659474059,1.4889344497292898,1.5348837509209383,1.5141442728137702,1.4881118723073212,1.4778300433726956,1.4688521344868295,1.4521459958099538,1.5073885070911304,1.5,0.1,1.0,0.1,1.0
1.4676244433771914,1.472670185434219,1.4716763844650367,1.4553212019000168,1.4885928394091597,1.5255801432621354,1.5502824577819903,1.5644416165732644,1.546060641059552,1.529954060633669,1.5554002429666127,1.5,0.1,1.0,0.1,1.0
1.4085537493340217,1.4405303400938607,1.4726173449023654,1.4715412644209018,1.456953976204183,1.4143872193528642,1.4393768249726688,1.4836606363846045,1.4521607551306732,1.4389531753561755,1.3905190544248438,1.5,0.1,1.0,0.1,1.0
1.6024734194797363,1.668927618527602,1.6381616621883268,1.6999873996757697,1.7144774689357798,1.7124638317344492,1.7002529467029621,1.6855526730120014,1.653259097335875,1.644550933492337,1.6359435217231606,1.5,0.1,1.0,0.1,1.0
1.583987364267402,1.5907688277282486,1.6035137112449764,1.6078276715282824,1.6019130568708715,1.5694059980051878,1.5565347079027458,1.5675150336911834,1.5977908544717405,1.5554740147451303,1.5849240359787742,1.5,0.1,1.0,0.1,1.0
1.4874740568576683,1.4650379704114065,1.5072615273018448,1.5343857849475475,1.5784889660762302,1.5246683173927134,1.482430646488822,1.476288635719227,1.5377705767505916,1.4820956967426955,1.5028502079654462,1.5,0.1,1.0,0.1,1.0
1.6357997149985757,1.6113765073518032,1.5812825101007106,1.5594254327006893,1.5399953821660755,1.5154505519634591,1.5188659041269823,1.5222459179921852,1.5392046624347386,1.538037869989305,1.5411990950475274,1.5,0.1,1.0,0.1,1.0
1.4815607420458985,1.4564702370598996,1.4569336519323295,1.458776820918228,1.514247801587486,1.4812730990501757,1.5327747046954956,1.5797957960569733,1.604661899776307,1.5280258025926492,1.4906022339141165,1.5,0.1,1.0,0.1,1.0
1.465862019035146,1.4505129332058948,1.4982680770046497,1.427477000215524,1.3904143200066303,1.3894574485795463,1.4380629021299773,1.4309015746291116,1.4861714628070202,1.5209120992852097,1.5084655860081788,1.5,0.1,1.0,0.1,1.0
1.4954421528246025,1.517371285278337,1.523670420554254,1.5359850173022134,1.539458876449938,1.580693792929714,1.5916183018947434,1.5792342346020354,1.5558656059953997,1.5556567295992427,1.591601281638033,1.5,0.1,1.0,0.1,1.0
1.5477694622621199,1.5115745476775393,1.562997305416957,1.5842610360371268,1.607953693909035,1.5909861502278193,1.575230745484854,1.575137381362887,1.5748536238064368,1.6302763311200856,1.5999035654598872,1.5,0.1,1.0,0.1,1.0
1.5806558963610846,1.5341501494001062,1.5711809425733017,1.599821769345569,1.5887005361717517,1.5914841342380495,1.600821417274826,1.5748730109353906,1.5927501495870977,1.5460428347671844,1.5439921083803216,1.5,0.1,1.0,0.1,1.0
1.6173442568670393,1.6288254227125023,1.6369316566306618,1.6558778106241356,1.637936694824514,1.6565167131093028,1.6121943706947126,1.573965782808785,1.4771548639893557,1.4349876719932062,1.4093912227984755,1.5,0.1,1.0,0.1,1.0
1.5377133266925525,1.5438839200929748,1.5340589426667655,1.5268299967950973,1.558917728019127,1.5585590390774204,1.5378949742388772,1.5529774207807339,1.551920022008907,1.5203229528470779,1.4441852265020192,1.5,0.1,1.0,0.1,1.0
1.4672155266168174,1.4804150853577496,1.4655160277595045,1.5041145397913331,1.5330305033865816,1.5379921109691979,1.5350981614263233,1.5230541053683757,1.5313916690680367,1.4907911171227406,1.4732343262840466,1.5,0.1,1.0,0.1,1.0
1.3965277926066313,1.4347777805164137,1.4415613706896224,1.4470215405616471,1.4554059709572296,1.5248949590483545,1.539018107207729,1.5085110762373846,1.4954644306317162,1.4804559894864575,1.506711725638543,1.5,0.1,1.0,0.1,1.0
1.5315985278911326,1.4857782148473366,1.4253284090321132,1.4168963868010314,1.4196317144696653,1.4488280340280029,1.4023179047666097,1.3830607637655303,1.4305964827625839,1.4531017011878593,1.4722314439074204,1.5,0.1,1.0,0.1,1.0
1.599285164216788,1.6219861061826404,1.5836903587835771,1.5787040290361503,1.5617652721878188,1.5739780389239082,1.5695729111980077,1.5722798604585395,1.5700137216882444,1.5540461241358525,1.559343332111012,1.5,0.1,1.0,0.1,1.0
1.4578777458860723,1.4534407307432495,1.4291007928500716,1.463728515261716,1.411591070413354,1.4423263229067675,1.5331044687785615,1.446505262730625,1.469014134834727,1.4054564922447608,1.3707158022432464,1.5,0.1,1.0,0.1,1.0
1.523698281103574,1.5876668889278687,1.5492627098268401,1.4962261843205131,1.4708184789669445,1.479313991548105,1.4523727106212907,1.4520244084728007,1.4541025836790407,1.4488382928771275,1.4547083673348442,1.5,0.1,1.0,0.1,1.0
1.520054237293009,1.5368492301619685,1.5397183615532848,1.509135717775602,1.4216238522923486,1.4497999944014195,1.4956230318029664,1.4846030701481256,1.4950584892038665,1.4439456547021943,1.4697864259250086,1.5,0.1,1.0,0.1,1.0
1.4768920441817084,1.4687549542487426,1.5050824621347694,1.5172243819789792,1.5723253977110834,1.550827661745601,1.526273946017276,1.4998035498196463,1.5149969940873038,1.5289221073519101,1.4865341695720415,1.5,0.1,1.0,0.1,1.0
1.571091309635727,1.5121202428005125,1.5408249778447287,1.5305382627369915,1.52736468510166,1.4167398572309802,1.381461773018357,1.3743897923492796,1.342705039667151,1.3876292382864486,1.3880851758826533,1.5,0.1,1.0,0.1,1.0
1.4467891332883087,1.4970512591360325,1.470456065932275,1.4563314737616029,1.4794007793139796,1.5167080859568762,1.5535711027413106,1.5679914324949238,1.5795831551202135,1.5798113968888998,1.607387136697704,1.5,0.1,1.0,0.1,1.0
1.44902102794609,1.4891794705710062,1.4633868346831693,1.4807577846521256,1.4893294615896768,1.4242242769443723,1.4532058534324093,1.4359099978946663,1.4887139768537285,1.5312195377913054,1.5186113400956776,1.5,0.1,1.0,0.1,1.0
1.3816068074613606,1.3927813302999694,1.3860223024729705,1.4373755503275571,1.4396877875200906,1.5275892086489797,1.5334323148615918,1.6123500659141679,1.6128717677313764,1.598729805133758,1.5756806023312762,1.5,0.1,1.0,0.1,1.0
1.5702520456312603,1.5491822898248595,1.5162256494413835,1.5147890232124832,1.5509706597009796,1.6040342960358938,1.582264120709936,1.6225321610811065,1.6801077303025513,1.6250595120935056,1.6083994725790314,1.5,0.1,1.0,0.1,1.0
1.4875799863762262,1.4737070842988163,1.4761097875261437,1.4640960096566695,1.456649716259455,1.4822900734214552,1.4654130560875571,1.4886493538075143,1.4730815268172113,1.4468004431011843,1.48056506378141,1.5,0.1,1.0,0.1,1.0
1.5001610048041523,1.4673904325753602,1.43770298992388,1.446519015883427,1.429578950720998,1.460385883705608,1.5122246359837732,1.5233806427482548,1.544487643563834,1.517004359265602,1.526360654759301,1.5,0.1,1.0,0.1,1.0
1.5428788380196292,1.5356488118126206,1.5128200260922613,1.4750493375709537,1.5174349845701018,1.5331373081571071,1.536448446008705,1.452625036072713,1.4410445570621775,1.408953978414254,1.4345901219326382,1.5,0.1,1.0,0.1,1.0
1.4746150971708913,1.4087853786875055,1.4093465083450862,1.410390994652409,1.4443678797832644,1.4560965918359419,1.4784684623572495,1.4312811638938736,1.4670992706002957,1.445975852994803,1.3907714122125663,1.5,0.1,1.0,0.1,1.0
1.5262572410953381,1.5274592174835744,1.5346980004986868,1.5267588934780056,1.4572245428182524,1.4354586355015877,1.4230193045562989,1.4463405023845117,1.4500521699201638,1.4700724867340431,1.506476799007102,1.5,0.1,1.0,0.1,1.0
1.5098999597398164,1.5333802404952532,1.459972387275153,1.5044849234618012,1.5259271387500197,1.4763403075537194,1.4163101597985968,1.4297748561506318,1.446826703648693,1.4518029680959796,1.415826758036956,1.5,0.1,1.0,0.1,1.0
1.4180736850402205,1.4393146068653853,1.4791215216211175,1.399317044040109,1.4287421602543087,1.456067248978589,1.4733735669629158,1.4752844119281383,1.5027118451386512,1.4820266524802943,1.4550764514936059,1.5,0.1,1.0,0.1,1.0
1.4539139152965046,1.474559823740436,1.4879309730314012,1.5054921049214591,1.5631128562462964,1.6133240189018192,1.55406578425024,1.5532570668764203,1.5077938373514925,1.529777717802724,1.521573409077515,1.5,0.1,1.0,0.1,1.0
1.6017775006512442,1.5706711923252261,1.5592676957070124,1.5233590980515164,1.539518578492596,1.5128923754723063,1.4737288671572595,1.480336179136585,1.4921847505129482,1.4291652262696328,1.4147811670591786,1.5,0.1,1.0,0.1,1.0
1.5158056167869225,1.5469950337821554,1.5345032209476495,1.5668829541537135,1.5838524264089744,1.5700233916393074,1.5170622506652893,1.5250681586773625,1.4601066591413752,1.4716947330926045,1.4893225602595377,1.5,0.1,1.0,0.1,1.0
1.5797481121565073,1.5413984208595788,1.4629301194014608,1.4293172059887536,1.460990387957904,1.4772820552002275,1.4566460101872947,1.4965711780165345,1.4582442372258977,1.4826051266945988,1.5846469662421228,1.5,0.1,1.0,0.1,1.0
1.5307605934344388,1.4981960141570674,1.5367891554704989,1.5465209874818218,1.601081238454912,1.5790522361292751,1.6180969533804708,1.608870437697698,1.5508630889569883,1.5934790219937696,1.5939104738857885,1.5,0.1,1.0,0.1,1.0
1.563591857396004,1.6071655904597912,1.5550977199737497,1.5622194399472238,1.6118590389119936,1.5761278119780533,1.595815639767921,1.5392562337820892,1.5488243149072407,1.56459304475062,1.6421783977247932,1.5,0.1,1.0,0.1,1.0
1.6228735820643532,1.6111252058371541,1.625441937753504,1.6018641330881618,1.5947178224982477,1.5388798102905485,1.5964874762173722,1.5453328833162685,1.5361061586460782,1.5367936990720386,1.4804492814055166,1.5,0.1,1.0,0.1,1.0
1.4902893514835767,1.5003944028849958,1.5885899350137245,1.5845083459688132,1.6193305152192377,1.6216942774267884,1.5700654637274118,1.5601237841144113,1.5954297412814022,1.555536235262085,1.5621368352904625,1.5,0.1,1.0,0.1,1.0
1.434582787557143,1.4830881116000985,1.5215075346386657,1.5298501956791024,1.530879401897179,1.5281154633864826,1.5455100925017733,1.5220405984357903,1.5193218004637854,1.5834674315614965,1.6354448637004781,1.5,0.1,1.0,0.1,1.0
1.4382690664905966,1.4312191267354217,1.3944221730435815,1.4473151193316507,1.4927404078220694,1.5121186157965385,1.530156921721303,1.4905574320329176,1.497242113685092,1.4820934263914556,1.4717213603048236,1.5,0.1,1.0,0.1,1.0
1.5029644511036062,1.5248619242941375,1.4944348765297564,1.4689293699824817,1.4750969130929947,1.4323444311664881,1.4387722025801652,1.4634000752072485,1.4266864409619882,1.4754481979075895,1.5015431610454784,1.5,0.1,1.0,0.1,1.0
1.502334037753794,1.4775902016737874,1.533047127640166,1.507314888298474,1.5277361318069231,1.5716922755245888,1.5768976308922613,1.5097180147087843,1.4814853195860174,1.479532766470697,1.4867321269609575,1.5,0.1,1.0,0.1,1.0
1.5231137131572887,1.5289997536404283,1.567977239795931,1.5355444650523276,1.5018555484555387,1.4551405151000059,1.4868945188869453,1.4435391506270538,1.5143364202171756,1.5163569564873778,1.5639110674778738,1.5,0.1,1.0,0.1,1.0
1.4740758204070676,1.4090003418207684,1.4324140690967875,1.4014295872265743,1.413982360345917,1.423145118495337,1.3956404168818621,1.4124013448647814,1.4616358178978792,1.473930703348745,1.42249170993849,1.5,0.1,1.0,0.1,1.0
1.5314765506727919,1.4837543288987232,1.4402911617436114,1.4376099607445934,1.3883546346302542,1.3782188021533548,1.3943682895297336,1.403962318435494,1.3671231328440114,1.3417664339777478,1.351273055336986,1.5,0.1,1.0,0.1,1.0
1.476615890756974,1.474999165884768,1.4926360625743886,1.444671559704698,1.4361938533354872,1.4328517432340286,1.4267879026866388,1.4144171859942822,1.4404081193132148,1.4387205673107724,1.440045593592668,1.5,0.1,1.0,0.1,1.0
1.4624932325725226,1.4464067352388623,1.4986073672302282,1.4637651383966712,1.4792472310682399,1.422161848465587,1.4053892514096429,1.419793514834263,1.4548858783821397,1.4850993333496918,1.4826775421037517,1.5,0.1,1.0,0.1,1.0
1.491249812761913,1.48443207843305,1.507847881253539,1.5400812928702587,1.501774307947032,1.478336395174575,1.4581235962869092,1.4822689262572208,1.4568877603362882,1.5006966139132287,1.4608208449172668,1.5,0.1,1.0,0.1,1.0
1.5395826650735913,1.5370730467849676,1.5269898536401811,1.5275710414611798,1.5288071591849886,1.486713601621753,1.406769360520982,1.4482015580414225,1.4846795400587802,1.4764280671912453,1.4627795610926075,1.5,0.1,1.0,0.1,1.0
1.377365246106054,1.4287134671738868,1.430349830966144,1.450033117378878,1.4752016851013348,1.447956831113168,1.4642557360801312,1.4867194882546086,1.5058753426418032,1.4556807872399011,1.4498153485385752,1.5,0.1,1.0,0.1,1.0
1.5276853875345566,1.5475514986138583,1.538401462373854,1.4853753700953893,1.4851424240925928,1.5197676616505829,1.4978455472422552,1.480094976551118,1.4907127973833874,1.5295663944394648,1.4818768056810434,1.5,0.1,1.0,0.1,1.0
1.4391807960492038,1.4705377035333413,1.446421917849166,1.4619719190118767,1.4581566569636235,1.4753692429590997,1.4327913060076476,1.4656921339984093,1.4430314691375583,1.4580179761472032,1.4177822625792762,1.5,0.1,1.0,0.1,1.0
1.4577793624347957,1.4640835808356754,1.4866629153159179,1.4768576278782246,1.505672366696529,1.5420367738309995,1.5479168089082573,1.5801283074870043,1.5621428048860913,1.534502102798147,1.523591836470964,1.5,0.1,1.0,0.1,1.0
1.492730956442596,1.4628589957077893,1.4386505817627773,1.4980162642257868,1.485100655991743,1.4713828687845918,1.5178174876680925,1.5079017020687877,1.513063483008135,1.551026740572655,1.5388014761083293,1.5,0.1,1.0,0.1,1.0
1.4707827451428535,1.5137686049923815,1.5248813667327423,1.481265439072864,1.4871707228002229,1.4557104664883658,1.4355090271798001,1.4701363374011718,1.4430745164587175,1.4565439672137832,1.4611578963389018,1.5,0.1,1.0,0.1,1.0
1.5042118442126664,1.4970614856117923,1.5393038302472544,1.5211872052402284,1.4844464092718792,1.4735016658305244,1.5695327014058071,1.5464211476451821,1.557648460186139,1.5920456378884935,1.573859324729568,1.5,0.1,1.0,0.1,1.0
1.4776034806255853,1.4997677060565624,1.4693026835035865,1.4813755249621285,1.5056091301092707,1.5200211666460195,1.531146508752454,1.5422643237490132,1.556429698434867,1.5291150139259373,1.5296209135408942,1.5,0.1,1.0,0.1,1.0
1.5063228634592403,1.4891373752464405,1.4766269139483124,1.4418471356477878,1.4411177423216963,1.4702817821348797,1.5054531619558762,1.5668256445217161,1.5393786761961339,1.5831006225638156,1.564904702081349,1.5,0.1,1.0,0.1,1.0
1.4596733047111603,1.4702355995659913,1.485592960735093,1.4732202670847139,1.4610067886613662,1.4518174325423387,1.4253550443192151,1.4424893206377674,1.420516333550024,1.4618520802788535,1.4935400377870545,1.5,0.1,1.0,0.1,1.0
1.5429508081874683,1.5048361257153502,1.5275602440945406,1.4904682487124086,1.4248676502928816,1.4185904157715403,1.4371514445391336,1.3973157091411723,1.3762693519145133,1.35698332337019,1.3293719348143218,1.5,0.1,1.0,0.1,1.0
1.5080875176634845,1.4990000685062081,1.5300563448511457,1.5668682122176405,1.528032656894252,1.5247697630763113,1.5316036067979129,1.5571647092885985,1.4808935213477006,1.4939980491884783,1.5062962356830218,1.5,0.1,1.0,0.1,1.0
1.526616737354208,1.5392228845025453,1.521285902826836,1.5437496831778688,1.5494534601470626,1.5454729565006773,1.5398758963996433,1.569272935501801,1.576862757347408,1.5547583741235407,1.5716101840669725,1.5,0.1,1.0,0.1,1.0
1.5141954966090123,1.4795912805128166,1.474916248553526,1.4789424009780074,1.5052863820183513,1.469805324142732,1.4143972948665071,1.39628380333865,1.3712332393798123,1.4143364480724414,1.4662274834035298,1.5,0.1,1.0,0.1,1.0
1.592157015391313,1.5922222241332216,1.5950930942517139,1.6215361924427523,1.6359991950718042,1.5987117195703038,1.5953460868834906,1.5550870613846053,1.5662675076648767,1.5791881304918562,1.519412838160015,1.5,0.1,1.0,0.1,1.0
1.3596185027738994,1.3623479689583637,1.4368533065765479,1.388148772465355,1.427923087171023,1.4419136191501376,1.4410296579284876,1.4589688676459878,1.4859492228921012,1.4896250574563212,1.5136010518110137,1.5,0.1,1.0,0.1,1.0
1.4982671287147473,1.4717940081873444,1.4439394305069033,1.401129199159852,1.4323489580025297,1.426842496967485,1.3801198714338143,1.4151701842915592,1.4575986228926845,1.4449407442201772,1.466678581400086,1.5,0.1,1.0,0.1,1.0
1.5759879636136078,1.5717455013323345,1.565788365386482,1.5869096026551344,1.643179427317737,1.6396923717963783,1.6391058225057176,1.5912846887744694,1.5311233833572047,1.5482273005025922,1.6044776786854802,1.5,0.1,1.0,0.1,1.0
1.4757650542221339,1.464862606512548,1.4765106464858002,1.47393871145854,1.473581016025166,1.4590587612844619,1.440139624052495,1.452219968303707,1.4841587036404398,1.5154562850445084,1.5172794906919944,1.5,0.1,1.0,0.1,1.0
1.5180120288012333,1.5796450079250368,1.584366309165799,1.6118586274378313,1.5729110874863328,1.5953430608608945,1.6047699276465757,1.5747247430132552,1.5687009999905512,1.5272306036874739,1.4987188734831176,1.5,0.1,1.0,0.1,1.0
1.5193283790000982,1.5256801896275534,1.5101916653230034,1.4416667540395018,1.448858316010487,1.4166320873873894,1.471059775293887,1.4530551472918867,1.469863895167593,1.4912566869355226,1.5011912145624102,1.5,0.1,1.0,0.1,1.0
1.5465107667268032,1.5205839159828012,1.504426359787867,1.4218408972016106,1.4418658130119313,1.4212039851206293,1.4058510434356453,1.4387233592064497,1.4205955168720348,1.4558490484445286,1.5095025247289329,1.5,0.1,1.0,0.1,1.0
1.354144764379939,1.362640485203502,1.3876848070614352,1.4112984405355322,1.4506124659297968,1.4449414137306216,1.3957736318104523,1.4371236769878006,1.5007244254745258,1.525728623451515,1.5150595870506347,1.5,0.1,1.0,0.1,1.0
1.4499402271422077,1.4471687171242837,1.4687072612755676,1.5013388950571702,1.4830903133213975,1.4345633182126312,1.3550848653642298,1.346603505042763,1.3721543434875472,1.4427736434480236,1.3803638459411853,1.5,0.1,1.0,0.1,1.0
1.563463496455741,1.5429901954495246,1.4906906282090864,1.457158496229145,1.458316519664803,1.4097489374904328,1.3844357875455944,1.4304316755955062,1.4467135788526173,1.4698984239470925,1.4385227395316738,1.5,0.1,1.0,0.1,1.0
1.5006111421968618,1.5349350273066333,1.5350429951258948,1.5263185402084911,1.5442665877825144,1.5646362142282288,1.587993607803449,1.584910900306486,1.5106921779845182,1.4892819063044198,1.4487256836815259,1.5,0.1,1.0,0.1,1.0
1.3711694865144102,1.4436902495024635,1.433363256601381,1.4502085184001208,1.4662323285440875,1.4805527203003994,1.491225909755777,1.4718480669146927,1.4827341624523895,1.4783671249064805,1.4615442327845791,1.5,0.1,1.0,0.1,1.0
1.453357177065856,1.4798015653239605,1.453491830312924,1.457306536704963,1.401659103054266,1.4611213756969845,1.5004142430819762,1.4799344469751132,1.4654586774482892,1.4788747197126795,1.5026610748738394,1.5,0.1,1.0,0.1,1.0
1.4546164623861066,1.4703530598638792,1.4052044468620464,1.4266887661562573,1.4228026920815053,1.4073479502156157,1.3454475757426612,1.3813057451356634,1.4114388090791308,1.4166926925145926,1.363481416063007,1.5,0.1,1.0,0.1,1.0
1.5992954562537411,1.6248447921449123,1.6936778243171782,1.698787792213068,1.7147959290546022,1.7170000625231379,1.7062222695483718,1.6886929543683542,1.6642671210681461,1.6385306858294504,1.607993589173843,1.5,0.1,1.0,0.1,1.0
1.5147605290331647,1.4226265415513064,1.4221446516243468,1.446266474937879,1.5191415549476617,1.5314502584149754,1.539023595782441,1.488455181233803,1.480474927844968,1.4669989351791484,1.4905448382379463,1.5,0.1,1.0,0.1,1.0
1.5328025698092278,1.5088388785794735,1.5550976120254287,1.5554667853493775,1.5684488201174607,1.5822362814402873,1.5768564105438565,1.5643101162774433,1.5536511349141275,1.5489002437980837,1.526286971324963,1.5,0.1,1.0,0.1,1.0
1.4736464945047794,1.5037337891543938,1.5409859132336061,1.5192754366572743,1.4654575579235762,1.4410073474567877,1.4513466704667188,1.497820799746111,1.5058686929646765,1.5091944120399707,1.5023492887026018,1.5,0.1,1.0,0.1,1.0
1.5456226622424738,1.4653851174005366,1.4719397739174058,1.5225321213161327,1.460422670677532,1.4551005762777844,1.4856620452461151,1.4483060438039812,1.4369334362143429,1.4424890873359568,1.3896265565734838,1.5,0.1,1.0,0.1,1.0
1.3938807113875542,1.363663022149093,1.3698310101421438,1.3403500569455948,1.3988849918927229,1.3945338444625803,1.4468359507138993,1.5012660121702992,1.4932852915518202,1.5567776409801461,1.5526649487632693,1.5,0.1,1.0,0.1,1.0
1.4771757446633038,1.4908356749710798,1.4488186931768887,1.433683510430749,1.4383265479683665,1.4621135559110583,1.4816180640065855,1.5307137306524201,1.5646455565515691,1.539682796022722,1.5082428852572167,1.5,0.1,1.0,0.1,1.0
1.5501196469040912,1.5687093671802557,1.5915482036139637,1.5626341842372888,1.5311538001975,1.5419321855902308,1.5600503623300102,1.539344590636973,1.5530841588170232,1.5429998144522732,1.511430877357827,1.5,0.1,1.0,0.1,1.0
1.6103795085381887,1.605984762000674,1.5729869281412674,1.5520371506521133,1.5648918079047387,1.5953107260017523,1.5576402838900945,1.5148117195496507,1.5064243178099208,1.546317493136773,1.526796760039876,1.5,0.1,1.0,0.1,1.0
1.5416460840072035,1.541479492342154,1.5292944940028976,1.5273296465427517,1.500921669232409,1.481989477831893,1.519912357455086,1.5362027016614401,1.5358550028810076,1.545496400654911,1.577768097450775,1.5,0.1,1.0,0.1,1.0
1.5254344091484324,1.524019062875428,1.5242449636173632,1.5224139287164988,1.5053345691917175,1.5079519083787205,1.5701364428569378,1.5611256754649947,1.5762080945126746,1.5905095022624587,1.578158357965016,1.5,0.1,1.0,0.1,1.0
1.5067386144952515,1.4901654236952437,1.48431741546919,1.479833053119952,1.4332248657987714,1.4773456450476403,1.4448133699366237,1.405359657531003,1.4489142478337225,1.5160765584341955,1.5332750173335754,1.5,0.1,1.0,0.1,1.0
1.4677852266321791,1.4789166305921309,1.4379853968144396,1.4515605281236066,1.415641494130036,1.419127197954106,1.4409464467799122,1.4715132950783196,1.4742605711567207,1.5251246946108732,1.5134002531230912,1.5,0.1,1.0,0.1,1.0
1.5498173839853968,1.5515422919577546,1.5331639793325935,1.5509823850240132,1.567523603886113,1.5868403188520976,1.5856926804738014,1.523763461368632,1.447198319738099,1.4526385960066195,1.4644610677900052,1.5,0.1,1.0,0.1,1.0
1.4834759069119121,1.5376933704185,1.4915085796864544,1.4750485532098765,1.500657810683757,1.4999215433939088,1.5330285434326578,1.5083021658139653,1.4832644271965265,1.473990981507513,1.4828595627887469,1.5,0.1,1.0,0.1,1.0
1.4927062748316353,1.4957339674161256,1.5029015881163252,1.513960596173241,1.535466242710609,1.5704383750417819,1.5564410336564252,1.5935521456901736,1.5954328570612613,1.6115592158711824,1.596884587402842,1.5,0.1,1.0,0.1,1.0
1.4677046793412425,1.4307165506822657,1.4352735555930194,1.425290246398046,1.4309889431410237,1.4025686812516605,1.4148812624653762,1.4073957012157818,1.433719720785525,1.401230259740353,1.4098564449925077,1.5,0.1,1.0,0.1,1.0
1.5880195795842722,1.6054475328317939,1.6819996591411221,1.6522310088719003,1.5666324403843659,1.5722620476873486,1.5653158553117463,1.509073762599057,1.5528462196989272,1.5189818605968899,1.529994536778615,1.5,0.1,1.0,0.1,1.0
1.4584643960179635,1.4340556907936444,1.488494083553771,1.5178087899437542,1.5036621388827278,1.4759922640783367,1.5039716289366094,1.4668772975677413,1.4778281249987786,1.475491291569887,1.4497463291395083,1.5,0.1,1.0,0.1,1.0
1.4526129163179733,1.4761316264543822,1.4584037350219519,1.4152687663882388,1.439809703767114,1.435828486109816,1.455200920563024,1.4567333489236192,1.4381629206718716,1.4066138812919085,1.3933219809623303,1.5,0.1,1.0,0.1,1.0
1.5414687933922597,1.526423102010578,1.5259305266753558,1.4721575610459925,1.4388029373751219,1.4510247878842828,1.4943443260858826,1.4680430594227964,1.4863289972937537,1.4878407509446487,1.4612298548282112,1.5,0.1,1.0,0.1,1.0
1.6054460888800814,1.630919852363505,1.587952220614717,1.5761972806151903,1.6036057191248363,1.629846785831177,1.6297562118427622,1.6157498279133489,1.637140573511078,1.5931827494632294,1.6398178953314417,1.5,0.1,1.0,0.1,1.0
1.4405510788276323,1.4158885734389848,1.4311723482538992,1.40623022994621,1.4241211191904322,1.4427247300381638,1.4400780806515718,1.4272686042831704,1.419424674391089,1.425418814195399,1.3943593756511348,1.5,0.1,1.0,0.1,1.0
1.5260057895998065,1.5149071747470977,1.5556595423052306,1.5760233678620597,1.5990590750026235,1.6256677541397233,1.656014864465629,1.623883147920896,1.6432642670724953,1.6151592803434915,1.6238988766795825,1.5,0.1,1.0,0.1,1.0
1.466465215307432,1.425033325069076,1.3983791991698498,1.47880142030691,1.5043185747109533,1.5639988980793849,1.552342362847004,1.5150576435206713,1.4697909199196184,1.4632791792015618,1.46213496606535,1.5,0.1,1.0,0.1,1.0
1.3898919357655044,1.4025517083305332,1.4497688151437922,1.4228952320500599,1.4786820881278533,1.4245660836377796,1.4154108451101581,1.456761144786277,1.4546032485057352,1.4429826508480843,1.4381945850370195,1.5,0.1,1.0,0.1,1.0
1.5629312419966206,1.5342587444763192,1.5203957192865503,1.5367876423257738,1.5047669983919898,1.5051671170632281,1.5442749188307638,1.5038794513333955,1.532317701548452,1.5185946874421439,1.5310204768990558,1.5,0.1,1.0,0.1,1.0
1.5358923588758007,1.5514787467217304,1.5201387989403092,1.554774604935794,1.5231157095961254,1.5077003427919702,1.545091746181723,1.534901272457876,1.5184759013522309,1.5689622465434776,1.5987847360572398,1.5,0.1,1.0,0.1,1.0
1.4854781869903138,1.4751988891316088,1.4925866674460613,1.5034915793815509,1.5554840220010802,1.6032586806128817,1.586703954845303,1.587106813853718,1.597243970591802,1.5022978017275173,1.5003372214522201,1.5,0.1,1.0,0.1,1.0
1.4581616235980424,1.4799906422551443,1.4796301120868958,1.510970050370113,1.5243367270535164,1.525398702553067,1.5073432141083905,1.5409813556246834,1.569056953522512,1.5313804782152456,1.4966099564085298,1.5,0.1,1.0,0.1,1.0
1.4773757754247054,1.4954858144794363,1.5090653341226632,1.466499161172442,1.4478337979994853,1.5093029928515893,1.513384021939885,1.5353934379961833,1.571409060174873,1.5284032314655809,1.491310779874722,1.5,0.1,1.0,0.1,1.0
1.411804594562624,1.4136231685291714,1.4332713804133923,1.4299131412070745,1.407873886257403,1.4199375681551194,1.4764084752539564,1.486035756021519,1.5064181041764093,1.5175793514147042,1.5101272011534468,1.5,0.1,1.0,0.1,1.0
1.4922881081257653,1.4828922212176296,1.5077670073844873,1.508187210647607,1.4956940579289197,1.558034480266729,1.5643493862965898,1.581747653801332,1.534931975782729,1.5195957695191042,1.466165467236746,1.5,0.1,1.0,0.1,1.0
1.5228929477132722,1.5039981419688515,1.4524976681990873,1.4969257573661277,1.5134981526459526,1.472534882979194,1.5279906889570911,1.5697412800594648,1.582951822654039,1.549206259054101,1.5281850725015773,1.5,0.1,1.0,0.1,1.0
1.4477807606797504,1.4844664411586042,1.478874353428443,1.4826505438822895,1.535226370056177,1.5780684392144317,1.5627388261318609,1.5625668787786344,1.624405079584727,1.6538468645052646,1.6854774015931053,1.5,0.1,1.0,0.1,1.0
1.4905946846805982,1.4308072665229592,1.3978043028712854,1.329174347456854,1.3134566934995284,1.3590924268779168,1.341292874581629,1.3812411519294867,1.369516893501848,1.4066801011723802,1.4414795246604286,1.5,0.1,1.0,0.1,1.0
1.4675880624532753,1.4662595933495366,1.4284263252378413,1.4041744248035741,1.4357334452980435,1.5101687586625852,1.4826869504029991,1.4538774367801095,1.4690928522648163,1.431896484734652,1.4039149258086612,1.5,0.1,1.0,0.1,1.0
1.4635861737207292,1.4436245149843447,1.440443112070159,1.414245860826012,1.4131678543660826,1.400193471787489,1.4386133753880626,1.4484497134577712,1.4332048942157785,1.4438898045034447,1.4350181101965176,1.5,0.1,1.0,0.1,1.0
1.5172006641483966,1.555384928012873,1.5492230764155335,1.5445576922781086,1.5041257431371122,1.5060785298581474,1.4641388032411224,1.50227866556283,1.5546686373756275,1.5620558712332624,1.5791853324431049,1.5,0.1,1.0,0.1,1.0
1.4560460272143534,1.474490763180709,1.5388256978739188,1.5083077232680095,1.489287318807697,1.4513024385123037,1.4935187260099252,1.476512568568305,1.4972447140005432,1.4963868357847434,1.524353162763161,1.5,0.1,1.0,0.1,1.0
1.4293512674594122,1.3635873154760998,1.3251166566400103,1.3167840366231272,1.3125912845891512,1.3034858755035945,1.3104842574252151,1.3603231787826529,1.4120814096825356,1.4255005710905373,1.4123974919643525,1.5,0.1,1.0,0.1,1.0
1.5913295879181273,1.6295543780416843,1.641748886562412,1.6511399699405431,1.6182450259752925,1.5912365474484027,1.5218722073166435,1.4615645954265832,1.4652709682136325,1.4911028086036084,1.488425428755603,1.5,0.1,1.0,0.1,1.0
1.4681783253797958,1.4300326030829997,1.4625495603347483,1.4433951920838504,1.4110508632252472,1.425629476359546,1.4406025290850348,1.452981724814479,1.4839886423775586,1.504293467113363,1.4744895419582247,1.5,0.1,1.0,0.1,1.0
1.5228146426106814,1.5733878563842147,1.5479362655775635,1.4914377002243646,1.4331790226444312,1.4412430677852612,1.3945899312232362,1.413254697961645,1.418554860974051,1.4311906449096339,1.429448661788906,1.5,0.1,1.0,0.1,1.0
1.58783512490953,1.5671417015172222,1.5313846383862397,1.5210074112510024,1.5569071818597398,1.545567910012099,1.5600362427596686,1.5646351274510732,1.5814099108097908,1.5921733824992736,1.5951036176765105,1.5,0.1,1.0,0.1,1.0
1.4288520513849958,1.461437534008568,1.5013538160307625,1.491106189899335,1.5759963843535336,1.6219021416711195,1.5662625918254427,1.5340772364729547,1.4957955648045866,1.534261056654581,1.5082543897809557,1.5,0.1,1.0,0.1,1.0
1.4267948887963573,1.4144534029656006,1.4383567861677837,1.445701901155399,1.4264419611880392,1.4521617425023325,1.4697825219302834,1.4606310693150637,1.4601352179610942,1.493718481302181,1.4922759999846256,1.5,0.1,1.0,0.1,1.0
1.5770050897291392,1.557604519957924,1.500825174913085,1.5195410061327375,1.5000759690483163,1.5007395972530992,1.5339144656292463,1.4843653260189287,1.423340077902239,1.4818564874216547,1.4985455235156226,1.5,0.1,1.0,0.1,1.0
1.5271480019353412,1.5116356955554189,1.5404520549459324,1.5662610320054924,1.5867354502296889,1.6169429868444352,1.5806746447016873,1.5699726045737292,1.5630406551757745,1.5944260777047594,1.585005231427121,1.5,0.1,1.0,0.1,1.0
1.4335563504160245,1.3711861015431657,1.403274985558715,1.3906112049789994,1.4432638379783842,1.4688829601236615,1.486665136607359,1.4556911353048338,1.475575962377858,1.4817266711785029,1.4469421322612024,1.5,0.1,1.0,0.1,1.0
1.5425039463911492,1.5609901139331417,1.5293580649847565,1.5158350784436998,1.5383837351118284,1.5432629662927253,1.5551403604794158,1.5415401174744765,1.491538426231486,1.520892709508897,1.4923596086116147,1.5,0.1,1.0,0.1,1.0
1.4657370313177451,1.512602876469243,1.5007270860096242,1.5017111577289486,1.5342810226010868,1.5106371699559087,1.5543364924616794,1.5699399695030574,1.5645909038635937,1.5035763569720821,1.471326786093697,1.5,0.1,1.0,0.1,1.0
1.4967389496594499,1.528475475969453,1.5497516572399244,1.55616357342856,1.4800521714005177,1.473922989238035,1.4889866907844074,1.5056296005521739,1.4772514023232575,1.4525590856814057,1.4685701046167616,1.5,0.1,1.0,0.1,1.0
1.6161970834636863,1.5816797551539483,1.5789549069284337,1.571734908785831,1.5829090904944176,1.590617778058843,1.5958170094883377,1.576350672903696,1.6548768800187055,1.64930798176746,1.6665425223024808,1.5,0.1,1.0,0.1,1.0
1.4909943641719041,1.4985664579312536,1.5005911473913638,1.4764382926123785,1.4735753147522497,1.494607344816333,1.46362601453296,1.4566282723746056,1.476738872562684,1.4202942409200723,1.4302949461023522,1.5,0.1,1.0,0.1,1.0
1.5091591384515093,1.50020590729519,1.5198983373444062,1.48593459204167,1.5257669442731578,1.4946916523819074,1.4927467244845785,1.5454391042541045,1.5298376467058128,1.5688707540571172,1.6033819474105653,1.5,0.1,1.0,0.1,1.0
1.4813245894042582,1.4568114159083834,1.4763186211824333,1.4860099921485515,1.4823123082021967,1.544322201898,1.55522847728409,1.5833132901468379,1.5171368190555046,1.5147389292128521,1.4542930360638413,1.5,0.1,1.0,0.1,1.0
1.587471687941368,1.5762112669611759,1.5579451713507348,1.5745463459593867,1.5339321102568961,1.4992338662790896,1.4512714720484425,1.49702695459124,1.470215408548802,1.4506922737839911,1.4523471554371534,1.5,0.1,1.0,0.1,1.0
1.4892818695396548,1.4808716776997553,1.4301572979253192,1.485955099528611,1.5227186156638404,1.55255426156452,1.4915375688724195,1.5414037953823954,1.5427100718303466,1.4987646424662067,1.5154556091772131,1.5,0.1,1.0,0.1,1.0
1.5915162456308993,1.588408630599576,1.5645904745605252,1.568013499273652,1.5780849178940133,1.5448376996771327,1.5328701413721968,1.560183792635744,1.4902756247729012,1.4937686851934828,1.4554542717891004,1.5,0.1,1.0,0.1,1.0
1.4329560796630199,1.4517182378789495,1.507362324958679,1.495749996866058,1.4842829017800077,1.476808412342433,1.5362995886151694,1.4825637157063678,1.4707329972579928,1.5004528192032467,1.5185336982954638,1.5,0.1,1.0,0.1,1.0
1.5149409908211129,1.5817602783262814,1.5463637985690875,1.55144136918916,1.5395273903684765,1.6225313261135088,1.6183324575137104,1.6043358267296575,1.6485664447921593,1.6637808738780873,1.6535156340698083,1.5,0.1,1.0,0.1,1.0
1.411306700866149,1.4203663218650628,1.4048667924497098,1.4123009839631486,1.436687432000482,1.4787815692103048,1.521472633262797,1.4478447778179753,1.4282771024007788,1.461552831961016,1.4921517079953646,1.5,0.1,1.0,0.1,1.0
1.6053869184514606,1.5510643851267125,1.5365762383061963,1.5301163508526363,1.5036170280453818,1.4671990650911066,1.5066041705720017,1.510618174993801,1.5378324288579552,1.547329697886222,1.5864522487004118,1.5,0.1,1.0,0.1,1.0
1.4037567832912443,1.3583869516209701,1.451049042969983,1.509994470190214,1.4817385403544079,1.442958189515163,1.4439331165648168,1.4377734034632232,1.4575300532780813,1.4321132893139923,1.4117110548343,1.5,0.1,1.0,0.1,1.0
1.526091313515499,1.4987963851754451,1.4462649187801242,1.4693033336927857,1.5030070524252732,1.4872926822459243,1.5177852514655068,1.5193299825877973,1.4843674515394756,1.4633775268440297,1.4787674864507643,1.5,0.1,1.0,0.1,1.0
1.4162469937007562,1.4059951151166317,1.4306574572130988,1.4090746675135535,1.3901021187723885,1.4388324199219147,1.510023915425127,1.5393145843766494,1.5423508762383236,1.6043706386322445,1.5781767985616357,1.5,0.1,1.0,0.1,1.0
1.3683601238281613,1.4320820032153005,1.4708895623228355,1.5254805347955065,1.5581695298830285,1.5768892937715009,1.528196819966321,1.5307056490883422,1.5255579734010085,1.4682444363424252,1.4709835339931183,1.5,0.1,1.0,0.1,1.0
1.564692537477171,1.505092763184166,1.507498283782919,1.5284911692392724,1.5551703386470555,1.557315780522859,1.5470211869630968,1.5395972527640087,1.5695488738686003,1.5738203120464067,1.576706978136137,1.5,0.1,1.0,0.1,1.0
1.4279493989788363,1.4061509010813105,1.3924273971490895,1.3965429061731567,1.3964093807325455,1.4193333625582951,1.4449877751890723,1.4851461584361498,1.4726067572155337,1.444306392608601,1.432379444740173,1.5,0.1,1.0,0.1,1.0
1.464567910164446,1.475690385093749,1.4823791645612772,1.4814638201936297,1.4858091454588145,1.4324100937510067,1.4444267874312329,1.455134826777807,1.4689924405125487,1.4877622843700296,1.5257734208807814,1.5,0.1,1.0,0.1,1.0
1.5148806306098168,1.5183583813147725,1.5197033569300888,1.5209698844637183,1.5277983236079746,1.4411962389494193,1.440860440967336,1.4412657322390188,1.4532990520451952,1.4577205709147307,1.4664486667488421,1.5,0.1,1.0,0.1,1.0
1.5665339212707083,1.585668796387938,1.6287235320912505,1.6025264366586547,1.5467983718158018,1.592894946541924,1.5909415953986907,1.584446506645243,1.6149456912756883,1.6212786388238634,1.6325594158888073,1.5,0.1,1.0,0.1,1.0
1.4513539773381519,1.4467023061978355,1.4232722464893606,1.4215818149284256,1.4155345037598661,1.446901989563455,1.4552329569260725,1.49916883930381,1.5073135541961378,1.4384041223063617,1.4664879923454281,1.5,0.1,1.0,0.1,1.0
1.5687288650134024,1.547488933883815,1.5419150761947014,1.5175087249301382,1.520619360494955,1.5511621212085025,1.6235055905576918,1.6112083638897143,1.6133489828311303,1.6015996467101512,1.6135028186676226,1.5,0.1,1.0,0.1,1.0
1.448702096651215,1.4464527406655743,1.4519412173817776,1.4193850826710377,1.4432741770570132,1.4743239875639214,1.456064614169172,1.4194610806377879,1.4222954020610663,1.4837506900918478,1.4670859609064297,1.5,0.1,1.0,0.1,1.0
1.4788993487820272,1.4566921430661888,1.4901977204687793,1.4636063311886107,1.461398717503379,1.3929928063584185,1.4393976000301796,1.3818265763295658,1.4198366178512378,1.4022435352611982,1.4076304548944993,1.5,0.1,1.0,0.1,1.0
1.4567472144466314,1.4288313773258265,1.3981006865383288,1.3697004042437941,1.4095173238776855,1.450731616537165,1.4730925644726076,1.5393973044978049,1.5844625398942371,1.5486713974951056,1.563120558334682,1.5,0.1,1.0,0.1,1.0
1.4910100268904942,1.4746032369114077,1.476109292423075,1.4712619366797604,1.4809644950356682,1.425299486428005,1.44442548215122,1.4451158552310481,1.4423876387208474,1.442704470769305,1.4367126699899224,1.5,0.1,1.0,0.1,1.0
1.563662892019526,1.5488216627433482,1.5226571512632403,1.4531766674159625,1.5046738383884304,1.5035454737514682,1.5413388217658717,1.5410557407869383,1.5485521857403524,1.5273320164278334,1.5114911225302545,1.5,0.1,1.0,0.1,1.0
1.5649913229049217,1.610286930239889,1.5574624807086013,1.5316510064748892,1.5575405698330618,1.567061427504146,1.579322261840549,1.558118850578845,1.6029880378838162,1.5828935254893386,1.5947872183023097,1.5,0.1,1.0,0.1,1.0
1.577555129706324,1.5452335636733021,1.5045950792139466,1.5382891745307636,1.4908056411278452,1.524379019004568,1.5085084456865747,1.514675416372764,1.4480898981528354,1.4298837268871054,1.422560945621972,1.5,0.1,1.0,0.1,1.0
1.4639950843563996,1.4842095176387182,1.4724914051368452,1.476712842027738,1.5020702155706773,1.5081167568085747,1.489608044540041,1.5632933203118842,1.5605304739137598,1.626628175749119,1.5872593209319334,1.5,0.1,1.0,0.1,1.0
1.414989283452392,1.4214774630428886,1.4909303779250986,1.4851000085124362,1.515907633609812,1.5412492449465411,1.5215434699692243,1.5158896388875984,1.4898793306123357,1.4787574580023677,1.4896682161988781,1.5,0.1,1.0,0.1,1.0
1.4903226207714806,1.4970860691644121,1.5471435126745912,1.5260982351720958,1.5259924001403986,1.4890937939374187,1.5258853905893601,1.5039516290551378,1.5376442289762764,1.5382291751385264,1.5793836485878596,1.5,0.1,1.0,0.1,1.0
1.486588810785918,1.5287880536105891,1.4830187421399057,1.4990512235618545,1.4854837750564007,1.4594605821648432,1.4730253229706298,1.476530288422458,1.4478644575600998,1.4044339338133023,1.3751008847796085,1.5,0.1,1.0,0.1,1.0
1.5550596620170933,1.5555931490103545,1.5547495362504942,1.5204350446335912,1.4548567075154606,1.4233657062498493,1.4020585000207864,1.379863868736951,1.403259671464175,1.4048925214049393,1.4489873162779876,1.5,0.1,1.0,0.1,1.0
1.479576708057101,1.482076232427452,1.4767666349401385,1.4368053090315558,1.4174948119539605,1.4221956696743387,1.3728006625433917,1.365341147062203,1.330746866632699,1.362199507367384,1.4261940679660539,1.5,0.1,1.0,0.1,1.0
1.6010162949721916,1.5911408860071792,1.5408412397780338,1.530132872469852,1.521110406216609,1.4904150067131754,1.5373330426876164,1.5390159079589703,1.5688803881813647,1.5519939842475055,1.5277123246739743,1.5,0.1,1.0,0.1,1.0
1.583192306043748,1.5451888041419193,1.5520227238571929,1.573650713886413,1.5380221446344589,1.5638287825889718,1.5203292217803575,1.5114804413816207,1.54294468018744,1.5706492179854947,1.5988312560283484,1.5,0.1,1.0,0.1,1.0
1.4573625027548427,1.4752287809075286,1.479274850441134,1.516633351106212,1.4971866510532923,1.5268851411139617,1.4659140093463323,1.4118356354952792,1.3996436201831584,1.4648874593880823,1.507823774438273,1.5,0.1,1.0,0.1,1.0
1.4322439293737323,1.4480498784257045,1.4860662022342286,1.4991547042085984,1.5181484432412617,1.5268621943492464,1.5219484038524338,1.5057872758956241,1.550984684873337,1.5664248430672167,1.5236847900470352,1.5,0.1,1.0,0.1,1.0
1.4872922912266444,1.4294415087790464,1.44694930434764,1.4488648048269874,1.4664623098237866,1.497715070783347,1.527386888581606,1.5830597427684427,1.5625369026430387,1.5500731387337916,1.5583880234480665,1.5,0.1,1.0,0.1,1.0
1.5152593966028831,1.4948633164589336,1.487908425116802,1.458822600128579,1.4657887986457736,1.4368020905309997,1.4906375823169473,1.486888538425378,1.5489156750126518,1.5231157841511658,1.5101926991636283,1.5,0.1,1.0,0.1,1.0
1.6177135083834602,1.5644251015117716,1.542317664960415,1.5352258057051817,1.498246589915255,1.5082863194494185,1.5046670283067045,1.469219184171934,1.4337107964101834,1.4006313926494585,1.456948632810333,1.5,0.1,1.0,0.1,1.0
1.4217903712095132,1.4520403490050275,1.3831636692409688,1.3358251154460299,1.3736232431037154,1.3817002216532837,1.4183640000499607,1.4242290469681393,1.4451652699067166,1.476280970510073,1.505847414757478,1.5,0.1,1.0,0.1,1.0
1.5325767804180392,1.508870623476641,1.4881354705178536,1.5003346839262302,1.508490488545914,1.4857207644947295,1.5420412168241195,1.5058468682043127,1.5429069163790385,1.5427039899213069,1.5869365339839576,1.5,0.1,1.0,0.1,1.0
1.5191699823990854,1.5215958119270327,1.5627744436310151,1.6089572430604018,1.5550294356427796,1.5058272348651296,1.5101616583353212,1.5387427809244327,1.5709901954564667,1.5446819536589134,1.589710179524776,1.5,0.1,1.0,0.1,1.0
1.4746552603861443,1.4487508249440717,1.4654000181294926,1.471916612532501,1.436593426559039,1.4321119698388922,1.420163500914909,1.4635398627239988,1.4730962219509813,1.5124258390990715,1.4834041197603918,1.5,0.1,1.0,0.1,1.0
1.4441807558856776,1.3634462365851496,1.379505411916737,1.3828511632845837,1.4426681721329524,1.4535481885433714,1.4695718560832345,1.4317560920124293,1.3718404798573078,1.3413076533731172,1.3875766369681612,1.5,0.1,1.0,0.1,1.0
1.4230226135095303,1.4470206949366586,1.5098367758446167,1.4975818653741833,1.5080167048887467,1.5448823471891493,1.529180255948912,1.4860096197111454,1.5366853333955517,1.5442661726448208,1.5050756459752292,1.5,0.1,1.0,0.1,1.0
1.6027246355945444,1.5855101476131417,1.5849585103427504,1.5590829357490592,1.561635108784837,1.5758838780023237,1.5568190154679948,1.5331811246716842,1.5335871386650284,1.558019741739802,1.465960698018248,1.5,0.1,1.0,0.1,1.0
1.4543078165554204,1.5210093994816405,1.4828746289981218,1.4586600258702396,1.4914504712274854,1.5287937673414838,1.5460403999155767,1.55405173027368,1.5388864448904334,1.4840284530647991,1.4675003851953428,1.5,0.1,1.0,0.1,1.0
1.4637337369736112,1.4845572652308747,1.4805637481120388,1.4946424285953002,1.5040980279000342,1.492373712867852,1.5132011837922157,1.5017702991076323,1.5066539111835555,1.4648136132427783,1.4504231202051692,1.5,0.1,1.0,0.1,1.0
1.4725027804125295,1.476811954570345,1.5040344279010172,1.4786050480955708,1.4648064614265295,1.4628816280788253,1.4571921619817259,1.4808252797052994,1.4776015628688062,1.4568004929853566,1.4800930735016817,1.5,0.1,1.0,0.1,1.0
1.4198298917258625,1.4280557856980467,1.5011183423100716,1.523753769232323,1.5394306337329893,1.546025633229541,1.5302181613905625,1.5296006327482978,1.5043591933499134,1.432798862476067,1.4218133711939562,1.5,0.1,1.0,0.1,1.0
1.5057207370010837,1.4961155252409124,1.5240154930274592,1.5398035659743463,1.5177190282352342,1.5677851283396493,1.617602602100658,1.6277070911103053,1.6956717758027666,1.67507304839583,1.7294081663566128,1.5,0.1,1.0,0.1,1.0
1.5094040618044038,1.5449408170198877,1.5129945946999122,1.495002681939316,1.487588963123342,1.4547293314069965,1.4397915300154127,1.5163202834862337,1.5169525405380038,1.5465252937378977,1.5334904878001967,1.5,0.1,1.0,0.1,1.0
1.5817635783770643,1.5650161279393782,1.5760528514178087,1.550830812759909,1.5458944643522046,1.5698436938737794,1.5664651167720347,1.5425817496017806,1.519669294612996,1.5327821894248266,1.5442760715411459,1.5,0.1,1.0,0.1,1.0
1.5721383385307661,1.5682387810541736,1.532254226076487,1.4736240276307226,1.4759525710643064,1.514041373053946,1.467821815074122,1.47367042233099,1.4954007936715903,1.5211914520835053,1.5452759268873182,1.5,0.1,1.0,0.1,1.0
1.536386060085681,1.4713780588445418,1.4793446504486252,1.5131158881841742,1.495596401697958,1.4389104682655862,1.4368506211626169,1.465600460844587,1.4272124282099483,1.431238070885071,1.3930126894933887,1.5,0.1,1.0,0.1,1.0
1.501407814980146,1.5132411795469507,1.5055155782638985,1.5028644162087599,1.4778662407968173,1.457742622252509,1.4889437725963541,1.4921603848832736,1.5607745005973301,1.5911451484833914,1.5911139471375773,1.5,0.1,1.0,0.1,1.0
1.4930304281029632,1.5393570541945438,1.5346034847038712,1.5396231005675023,1.5655753991455374,1.5436220589480072,1.5566983034519595,1.5481417708530947,1.502043699434962,1.4489407328291977,1.48498998467018,1.5,0.1,1.0,0.1,1.0
1.5199220428264513,1.5043940750363147,1.4783895966826652,1.477986039260714,1.4784828167015442,1.4941636933558236,1.5070649202805015,1.5089629086880298,1.451989882935194,1.4522782065350983,1.529053787740498,1.5,0.1,1.0,0.1,1.0
1.5375583170274068,1.53652929008568,1.5265781210472327,1.5141444203462682,1.5183043790758017,1.4765350738340073,1.54261172635087,1.5642853921708941,1.5332699151230917,1.5410452238711838,1.5736271515454558,1.5,0.1,1.0,0.1,1.0
1.591145010707931,1.6020807168476914,1.6056806524668523,1.6039312636948984,1.617609582860201,1.640714747263678,1.622794175214483,1.616496673827756,1.6073457481807059,1.5805813784407365,1.5564761947008874,1.5,0.1,1.0,0.1,1.0
1.4625531228774782,1.460594709064958,1.440378275628613,1.4090086861069888,1.4316974408793546,1.4159424575438981,1.4099160071434345,1.415628371665064,1.4359689289785347,1.4421510427283986,1.4572760846784725,1.5,0.1,1.0,0.1,1.0
1.5336024893486724,1.530235094846477,1.5255483344788427,1.5204637840282487,1.5418128856321776,1.5056054788993616,1.5126389365588238,1.5636957456260647,1.5605170976321485,1.5392553550909804,1.5673688228260403,1.5,0.1,1.0,0.1,1.0
1.4326360611191218,1.4731654896041473,1.5195828572690628,1.5288088886505549,1.482409889384876,1.4973400484263655,1.4686739177667194,1.4876434142594834,1.539735039517403,1.5367501369824432,1.5403979315711591,1.5,0.1,1.0,0.1,1.0
1.4416094836351032,1.4519493657688292,1.4551483011164739,1.4543883637058013,1.4595705047616387,1.418395107501118,1.479076899597961,1.4802010728654753,1.5090328214298276,1.5028816152570854,1.46053304653923,1.5,0.1,1.0,0.1,1.0
1.483684688124165,1.5026620258339727,1.4609859752080991,1.5038801623817795,1.462678977000513,1.4956551782577552,1.5229997945152332,1.5666471162674631,1.5441050875157993,1.5948655796716429,1.6005741012576584,1.5,0.1,1.0,0.1,1.0
1.5659401662794534,1.578584022518407,1.6100984531128169,1.581577873114619,1.5212460556395238,1.550368362836662,1.5436741333368256,1.5455185810842227,1.5784872625785984,1.5507602513443612,1.5627896380738622,1.5,0.1,1.0,0.1,1.0
1.5356878258767155,1.543702737113008,1.5238386877747458,1.5622175108205605,1.5565625926302067,1.5783771818016137,1.5951890884410969,1.6647397950757945,1.6430552026107332,1.6540255569520117,1.6652204369872092,1.5,0.1,1.0,0.1,1.0
1.5992651990203532,1.56001991237627,1.5754514664172596,1.5653070171414711,1.6065860962378744,1.561475710057399,1.5767005589367717,1.58982627446806,1.5687841530044464,1.5558221381443582,1.542347404481886,1.5,0.1,1.0,0.1,1.0
1.4094416274956392,1.4066976275871799,1.405448781667767,1.4238999713501626,1.441569594898307,1.5253157199523697,1.525183296083735,1.5245609881317332,1.5047132106666579,1.5010905210630592,1.4659066140441375,1.5,0.1,1.0,0.1,1.0
1.3852729744885166,1.3761803554334682,1.3867958548398376,1.439528440584553,1.4600319404977935,1.4077334668305914,1.4237681124050316,1.4434925389778992,1.514649161889799,1.5586589361528993,1.5585963461836223,1.5,0.1,1.0,0.1,1.0
1.4106220072125015,1.3760041002603234,1.4162332215557316,1.4255907334296662,1.4433578364561324,1.4849996095631435,1.480079951518841,1.4519791195163778,1.4204690918017697,1.433922036596451,1.4252275750065175,1.5,0.1,1.0,0.1,1.0
1.426219692685712,1.4312553110823927,1.4526315847042264,1.4437460400753384,1.4713816082269182,1.483027587020173,1.4836110674991436,1.485366580716343,1.4643903822703488,1.4513656396349368,1.4527636820063694,1.5,0.1,1.0,0.1,1.0
1.5752592834581267,1.5824075421027315,1.560266361473396,1.603728223914734,1.5778853068315806,1.611493313140023,1.6347842412047577,1.6542102283231654,1.6725105470238508,1.656184843093415,1.6553228954031853,1.5,0.1,1.0,0.1,1.0
1.488522525108774,1.5041779199615208,1.5236738600199133,1.493100699858106,1.539070249528994,1.5682465569580164,1.57191637911532,1.5455766450811195,1.5350006948444939,1.5216808427978759,1.4568858659941193,1.5,0.1,1.0,0.1,1.0
1.4734924581812772,1.4773513747656146,1.4997548174592235,1.5025653284733917,1.5391597877896033,1.5632117740279885,1.539486661311608,1.5127860303849638,1.5294825102104233,1.526788047663562,1.5171934613440226,1.5,0.1,1.0,0.1,1.0
1.7013166934745847,1.6841195337326784,1.6716911977101907,1.6425119226846685,1.6082644859462314,1.5579634565815312,1.5034770280320116,1.5396656374324298,1.545296288636563,1.5261333865748907,1.521431388355333,1.5,0.1,1.0,0.1,1.0
1.5213127888670173,1.5674007100053282,1.5435973390603264,1.506581861116208,1.483078352990833,1.4428905173994937,1.4698023319700793,1.4587892274370737,1.457512624979165,1.464681825539237,1.48717248128114,1.5,0.1,1.0,0.1,1.0
1.4932367271086957,1.481232176417165,1.4987332548417922,1.509848697487485,1.4878372070942338,1.4779682600242792,1.4312064809533172,1.4554464109752752,1.494561864627332,1.5545279733363435,1.5407998715030748,1.5,0.1,1.0,0.1,1.0
1.6034950065755307,1.611528938115009,1.6546728042553331,1.6470641016334548,1.616316433041212,1.6312842778101413,1.5777358751287376,1.5726910713473892,1.515205112676752,1.5889229847690018,1.529108077241268,1.5,0.1,1.0,0.1,1.0
1.4304455409057835,1.3894536285321184,1.3975845954722756,1.4380108310306081,1.491310173885625,1.4747605534692645,1.4344279481792677,1.524315107062625,1.5220312812876273,1.5260054414110937,1.5443440647800357,1.5,0.1,1.0,0.1,1.0
1.427629684149035,1.4970551161615118,1.4933124718667492,1.4739077055545107,1.4766753407862434,1.5512012284689194,1.5535450695668258,1.530754524238242,1.5007941066938169,1.577612067386549,1.532245298121763,1.5,0.1,1.0,0.1,1.0
1.4826722981299034,1.539248840402536,1.5951956824457316,1.5775798712769886,1.5397148800772704,1.596816138908241,1.593861513463291,1.5884974289545255,1.57773633709743,1.5641633656985425,1.5457635020865237,1.5,0.1,1.0,0.1,1.0
1.510891433278443,1.544271602741408,1.50792313025181,1.4979872840271027,1.4615135980297314,1.4703002213762022,1.5126868903041102,1.5495541412755027,1.5553522914769604,1.5660977726158156,1.5926013107221972,1.5,0.1,1.0,0.1,1.0
1.4500130926416415,1.417072838998921,1.4395055372310122,1.436087351930817,1.3770110316863529,1.4066459420487871,1.400380553074807,1.4419306809129822,1.4518062022673928,1.4811849399038313,1.540756643129013,1.5,0.1,1.0,0.1,1.0
1.42199815890882,1.4274619620134594,1.405989039174391,1.3908104422320402,1.4145868558868666,1.402829962507512,1.4336669560254491,1.4604752457497363,1.4715682607852507,1.4593577542285299,1.444971558000582,1.5,0.1,1.0,0.1,1.0
1.5609982970614826,1.6022964463618992,1.556966024743515,1.5843924417252975,1.5368260630655988,1.5181695752699547,1.571105988437607,1.5684384549722212,1.5474377762549996,1.5752233495821024,1.5892787017960415,1.5,0.1,1.0,0.1,1.0
1.5619982170918867,1.5625308657318275,1.5222932330441687,1.5179775611945245,1.497100011114814,1.508459196152418,1.4801013048356895,1.4819551267314617,1.4739141193232312,1.440552460881983,1.4403834288578505,1.5,0.1,1.0,0.1,1.0
1.426059811497166,1.44618625559826,1.4516787205727528,1.471052487803577,1.4535412686507854,1.5114692022793321,1.555784903637311,1.4935335722474914,1.5473378374135591,1.5434051828854478,1.5733952923981798,1.5,0.1,1.0,0.1,1.0
1.5623230465521767,1.572536576146077,1.5445560125383602,1.5564894545195025,1.551522390872921,1.5545649523283573,1.555847362318511,1.5214040052071531,1.4981796863406178,1.472181187841715,1.532981191587321,1.5,0.1,1.0,0.1,1.0
1.548985762338638,1.600394790796766,1.566826705583622,1.5374183455287014,1.5032779054344372,1.466121824051015,1.425120408216707,1.4132198381720775,1.4273929762743285,1.4304843668977314,1.395772889602092,1.5,0.1,1.0,0.1,1.0
1.4357891105196618,1.4879125694175814,1.4661252408764784,1.5326539570328055,1.465657517160458,1.4735952564178862,1.4372808140692594,1.4425575315432178,1.4545430414021805,1.476042548115443,1.4744177363664093,1.5,0.1,1.0,0.1,1.0
1.296663288218641,1.3339028789756624,1.2790584739505768,1.3003248893011123,1.3051601157131405,1.3922804735158116,1.3982209388057216,1.423118504201523,1.4484058448814088,1.449896591781842,1.497800698232366,1.5,0.1,1.0,0.1,1.0
1.5033789595398377,1.5005423706008347,1.5062383819185008,1.4790057256462539,1.4875432278081153,1.5406534727423673,1.4731543364943027,1.4795655056773191,1.4269241320387185,1.49167257848044,1.4723022967341808,1.5,0.1,1.0,0.1,1.0
1.465821234492033,1.4502947019179762,1.4723916758201685,1.4495220546402463,1.4063146186920545,1.4489104191192423,1.4634862354621767,1.4421023558033321,1.4419625793135122,1.4583176201715067,1.5007437679173878,1.5,0.1,1.0,0.1,1.0
1.5566656557235654,1.5004734637088668,1.5221726951221468,1.5488401148802287,1.5767122572962278,1.553877576663785,1.5123812131184509,1.4597118527490152,1.4863053050572166,1.4595567454390928,1.4638004045396633,1.5,0.1,1.0,0.1,1.0
1.5146146612975044,1.585531131441635,1.5522104655554483,1.5660480985884337,1.528278716145939,1.5078604502584532,1.4441098618513255,1.4293844480514977,1.4604604362417217,1.449432802861682,1.443211258925023,1.5,0.1,1.0,0.1,1.0
1.6548763575814203,1.5757341830213962,1.564825950287462,1.5459030680799084,1.5767004183303481,1.5682165552171214,1.562330533490429,1.5341498800926234,1.5206824799463554,1.4947950234269511,1.4857586058313799,1.5,0.1,1.0,0.1,1.0
1.5560115425530054,1.5547817313937167,1.5297589959181908,1.5306439941329513,1.541218241220544,1.5263583537205145,1.511277812830905,1.4916808771996655,1.4987442292277542,1.4591732722347646,1.503425721813524,1.5,0.1,1.0,0.1,1.0
1.4109425874589916,1.4961406339515904,1.4950532652895152,1.5335791025763867,1.4679712463501366,1.5203938451978483,1.5236752005727705,1.5200285238473261,1.5717045898457718,1.55236268831874,1.5255775124221336,1.5,0.1,1.0,0.1,1.0
1.4885380701012554,1.4455387014176164,1.4145283963389457,1.3583050000790686,1.3078985626525048,1.3194493572311923,1.2927614646386842,1.3282247681200905,1.3238896735758854,1.307999908394569,1.3377134250100047,1.5,0.1,1.0,0.1,1.0
1.3612089632685425,1.432227707052227,1.4461831065703554,1.439218346562973,1.4873310976802065,1.537318712538827,1.6073937466548185,1.641937981850679,1.6125602593895427,1.6308164885566194,1.5520121614285407,1.5,0.1,1.0,0.1,1.0
1.4219190588411013,1.4162743574685055,1.4288134170393252,1.4508966889211254,1.486770464068883,1.4166218242121407,1.4067054768648557,1.3453706509611305,1.3585559320649134,1.3858095643896675,1.4281700653607374,1.5,0.1,1.0,0.1,1.0
1.494188619672645,1.4945966248347766,1.4970361371096672,1.5314175379418618,1.480349311694521,1.4747487684089013,1.4240495434064488,1.372847068977268,1.3879468495153406,1.3909371500170675,1.4258680501547334,1.5,0.1,1.0,0.1,1.0
1.6440083283115363,1.6240206756505864,1.6468915039815006,1.5826337327748674,1.4750628637438814,1.4418959034445444,1.4547650806936518,1.433938281027601,1.451902813812642,1.5064698802576486,1.5213721091573231,1.5,0.1,1.0,0.1,1.0
1.4731376004881216,1.4905419958450608,1.5029676551316238,1.4912771099350037,1.4183793709493593,1.4003522784281792,1.4481811941598732,1.4612336224566398,1.47661101924811,1.4472336056265214,1.4691921963255492,1.5,0.1,1.0,0.1,1.0
1.5316071518481136,1.5635371320671467,1.5898276203116464,1.576116396372121,1.572130233898559,1.5899889763818824,1.5055028653897626,1.4769192595437601,1.4075235316046468,1.4035647673942702,1.432956849045831,1.5,0.1,1.0,0.1,1.0
1.4924953767777283,1.5218678405044448,1.5664521487370675,1.5519704002139767,1.566447381057282,1.5914849252423822,1.5935198127445394,1.597864357911068,1.5565706467976246,1.5509962369700163,1.5214870069308986,1.5,0.1,1.0,0.1,1.0
1.4549818161030952,1.4842982604303432,1.4926794474393588,1.5051932035126163,1.5551329506201683,1.5864138219574653,1.5232643202124523,1.5077156971797336,1.4880332865824826,1.454604597714676,1.4485794043098448,1.5,0.1,1.0,0.1,1.0
1.5325268725202654,1.5493720215584996,1.5057202758967918,1.501059877929215,1.4746708269709703,1.5212753585073258,1.531289821129058,1.5200033173057437,1.5146083918405608,1.5185147623551705,1.4976428513018638,1.5,0.1,1.0,0.1,1.0
1.4977280709254421,1.4792967265644819,1.4887247056415034,1.5132312475674043,1.5265889646327564,1.4588142021891088,1.4299842603943667,1.474946589491144,1.5036149716709792,1.4212031659379494,1.4037891308764223,1.5,0.1,1.0,0.1,1.0
1.5672143718433347,1.513374388764772,1.5173677767930995,1.5339556961535323,1.5245891058603134,1.5186912393687297,1.534460298233729,1.542482172516267,1.5326631579772934,1.5639810231482465,1.5394846190914284,1.5,0.1,1.0,0.1,1.0
1.5128067752897014,1.4808721824448854,1.5306935540178894,1.5318675197595066,1.5805383649997744,1.5873927652033848,1.5894384608762882,1.5618487521778424,1.54971421577548,1.5241423088615864,1.5091491506141455,1.5,0.1,1.0,0.1,1.0
1.4067763828279956,1.3983855937465814,1.3963774072821427,1.4145331902788598,1.393079625898066,1.3999239547143452,1.4340347922612104,1.4522392240615474,1.4893415225030964,1.5029180626296514,1.4475637189697028,1.5,0.1,1.0,0.1,1.0
1.5380210096669715,1.5120346084670282,1.5462422805265863,1.505905943285327,1.5107615453030274,1.548179538882532,1.5012179878463692,1.4695699496286847,1.5078356150336492,1.4786186331737472,1.4923928208484678,1.5,0.1,1.0,0.1,1.0
1.4490629186379225,1.4374474432636308,1.420220243172167,1.4392969013052157,1.4449419075840984,1.4710311274059487,1.5056817422055626,1.4476120102201082,1.4704509014156029,1.4679689063913661,1.4466666292645818,1.5,0.1,1.0,0.1,1.0
1.4491011874474318,1.4338358630783958,1.3984301688068914,1.4501687302916089,1.4651328460831965,1.3893283849050218,1.4260962441294887,1.4087722927578374,1.4281511894038361,1.473781264613017,1.4771067836051042,1.5,0.1,1.0,0.1,1.0
1.6060237909062645,1.6097327353308093,1.6112470458869945,1.6362998705517309,1.5819190915221844,1.5278162828668,1.5374201221002368,1.5553240572861657,1.532409389853932,1.5428297582484702,1.4752149419235014,1.5,0.1,1.0,0.1,1.0
1.3487539503278492,1.3313515723571692,1.3919302384094303,1.4220175244666107,1.4101843386496855,1.4460277875720553,1.5058333690117953,1.4621219093096676,1.4699249722299839,1.4914948668819719,1.4891481706300593,1.5,0.1,1.0,0.1,1.0
1.4448949205257273,1.472687948862752,1.4956210397589598,1.4743059406572685,1.449375665137297,1.4173982452629283,1.4479232003994849,1.478494761746827,1.4514655435421693,1.521016037458161,1.5081875958459845,1.5,0.1,1.0,0.1,1.0
1.3980753029557804,1.3829429473881298,1.3879384400450796,1.3481599722121558,1.3675997448708985,1.3093490463557922,1.3431944756026613,1.3298670960325285,1.2847900599216509,1.3564101792367498,1.381227699533667,1.5,0.1,1.0,0.1,1.0
1.589488540480702,1.5293223618354226,1.5649885821013938,1.5901734406248629,1.6392915367643128,1.5943369805038807,1.5489469140981609,1.4679068472115635,1.478851865202326,1.4902670177292712,1.5281112234868681,1.5,0.1,1.0,0.1,1.0
1.419612049457359,1.397970689451447,1.388567684397261,1.397494552098012,1.4201179139333813,1.4275501753723718,1.4237691536339823,1.3856984121622484,1.41829121686172,1.4437066653228416,1.4500959294761175,1.5,0.1,1.0,0.1,1.0
1.4117825076910144,1.4740199561387017,1.4891038794697755,1.5276256242429465,1.559707269808271,1.6000698176229966,1.6138118412829068,1.627772948019388,1.6104598838296584,1.626297890022346,1.5815966309622695,1.5,0.1,1.0,0.1,1.0
1.514681038322972,1.4556938987310917,1.4256356365413545,1.418616546888727,1.4661240152376602,1.4065137708040414,1.4306677105411318,1.4417294521326263,1.4796613371453586,1.4746169183588547,1.4859889604955516,1.5,0.1,1.0,0.1,1.0
1.4144792027095001,1.4328267806821484,1.4919624513871592,1.4988963555362895,1.508773834275948,1.5214525045603196,1.497589216129946,1.5145507849931688,1.4865776421058408,1.5003031738783263,1.4940035757664814,1.5,0.1,1.0,0.1,1.0
1.5204640588344729,1.5106814443642187,1.4587210118757186,1.4747203022017852,1.4355384426616997,1.4253880893377315,1.4628344609524537,1.4104161841904987,1.4279803904198356,1.4409004837104373,1.4191555687906088,1.5,0.1,1.0,0.1,1.0
1.534746542702564,1.5237506465063675,1.524563889959514,1.5028301617830688,1.5421305095821167,1.5230106743678766,1.4828122367755407,1.4903432999747719,1.5015891971997541,1.5060246556113563,1.5016483092309896,1.5,0.1,1.0,0.1,1.0
1.4273262299398368,1.3796992914133912,1.4103620734655329,1.4368983862766482,1.4579432455774797,1.4861985153177653,1.5485008284794353,1.6189019906356983,1.568629624077567,1.5956568443316945,1.6357934636700435,1.5,0.1,1.0,0.1,1.0
1.5744279220931894,1.6159032095984067,1.669064997100789,1.627335836187419,1.613271094347525,1.6534541542022063,1.6582114710313114,1.5736675155238926,1.5784424559663939,1.5680088179914902,1.5810789386855313,1.5,0.1,1.0,0.1,1.0
1.6122517014388935,1.6757581645276358,1.6911518918197468,1.6181808379060194,1.6315480955443709,1.5836803598606182,1.5849606384025594,1.601419381377097,1.6234079560368253,1.6384091761037312,1.623537056304238,1.5,0.1,1.0,0.1,1.0
1.3785534786477878,1.3551820032870607,1.3443194670659109,1.398859030050489,1.3939494151064251,1.4167436224897358,1.414382165791116,1.4032363110614798,1.3817811768702577,1.3955112907500142,1.4237572717536848,1.5,0.1,1.0,0.1,1.0
1.6240634637667055,1.6015499752889624,1.5578351976114966,1.5401462817357534,1.5292997089167368,1.5232602288361818,1.5386634298178912,1.5867096798034441,1.6037305937742299,1.5527692352364801,1.5048405021542994,1.5,0.1,1.0,0.1,1.0
1.314358998606818,1.347782781631841,1.377988350028185,1.3627153053930854,1.3926260379650361,1.4007791073075109,1.4206953403281015,1.4836018399894975,1.447283195894431,1.4491690244476223,1.4368791979912763,1.5,0.1,1.0,0.1,1.0
1.470452470455759,1.546162492683829,1.515394548941043,1.5647577132034864,1.579100173569662,1.5606009542118113,1.5077407568221033,1.4553686758461464,1.4550607226443635,1.4306714862839491,1.3850046679674723,1.5,0.1,1.0,0.1,1.0
1.491692213141999,1.5044182877379348,1.5189353486520734,1.555800183790196,1.5815293125729093,1.5789332455471032,1.5848386620988077,1.5110180393081918,1.5351243378894794,1.51689564030917,1.5328670919643328,1.5,0.1,1.0,0.1,1.0
1.565567269248392,1.5936011168836814,1.5420263741093094,1.519790566700929,1.5744879864003012,1.5842817250320713,1.5631780909434632,1.574804594762796,1.5277434588496708,1.5432050605012753,1.5260720274835884,1.5,0.1,1.0,0.1,1.0
1.3840082141744587,1.4657631210643731,1.4452024226614089,1.4171439598522397,1.4300905661215304,1.4443143811669588,1.4220422390602676,1.4139545057750087,1.3946602058801545,1.4237206971860559,1.389212180593108,1.5,0.1,1.0,0.1,1.0
1.522679678263602,1.5321348411367035,1.5337619782752192,1.6031143951943418,1.590489316889333,1.5510304287358407,1.5403066888402874,1.5361932510285259,1.515616010329547,1.460863975479051,1.4726258622853363,1.5,0.1,1.0,0.1,1.0
1.542395616141279,1.5248264116710069,1.5472059065745662,1.5349082840206,1.5640606768010608,1.5507901248621723,1.5490211007221257,1.569884285947202,1.5343462263650782,1.5079467059940435,1.4775943054521883,1.5,0.1,1.0,0.1,1.0
1.53165289684481,1.5139523991697688,1.4967084284107286,1.5383065896314672,1.5115138430946702,1.5840094905150892,1.5740896850418118,1.5189052657638114,1.4966615165653236,1.463826611953689,1.5233594078132418,1.5,0.1,1.0,0.1,1.0
1.5901312398095349,1.5514985269493053,1.5754135646015797,1.5656770124152712,1.5585787890608196,1.5294744794269346,1.5209999881538085,1.4860975724462935,1.4748296038994426,1.4639884929092772,1.4876664458878208,1.5,0.1,1.0,0.1,1.0
1.630670146741634,1.6098019654544402,1.6381223630805317,1.6274050415349448,1.598648049053442,1.6045574168224175,1.5973503894222023,1.6097713697607452,1.5894795583422197,1.6262868270642152,1.534415902795842,1.5,0.1,1.0,0.1,1.0
1.5428133073230377,1.5368508637128058,1.581877579626811,1.5538815343573158,1.5767294033992718,1.5676091843611368,1.5744012635304812,1.6181744842524202,1.5509293120679468,1.5543824749391424,1.534169579330378,1.5,0.1,1.0,0.1,1.0
1.5704585334940748,1.5524108126994791,1.533226559145118,1.5355106706165134,1.5201905215683302,1.5198243292047964,1.5712395161487014,1.602886236833275,1.6337521664034094,1.592648380041675,1.5660283351000939,1.5,0.1,1.0,0.1,1.0
1.4441179601799221,1.3942756692991192,1.449141232486373,1.4364568903476387,1.4844058286315425,1.4647609608153005,1.4321050606145866,1.4751041545580876,1.4255799341261557,1.4366112942092215,1.441940648333147,1.5,0.1,1.0,0.1,1.0
1.4464943244496682,1.4226413275323502,1.4581217730055211,1.4505272011314356,1.4235026059631566,1.4047297816294588,1.456814097119048,1.4183190557899856,1.433188400206654,1.4287143234622772,1.4739835642015977,1.5,0.1,1.0,0.1,1.0
1.530202522266859,1.5203085349782497,1.433664609843648,1.3899455950293231,1.3456977859325427,1.3383484663768916,1.371005121869301,1.3601830446912277,1.427637746267505,1.4291489836715656,1.4469694296432296,1.5,0.1,1.0,0.1,1.0
1.5095045636691644,1.5595949933271678,1.5372302395554591,1.5317668626149592,1.4809499209497918,1.5113778710963466,1.5317939608407138,1.5295022171874206,1.528491392075314,1.4927734734576361,1.5248114920560394,1.5,0.1,1.0,0.1,1.0
1.4443537616239914,1.5382010172312701,1.5231398580376825,1.50250012836063,1.496108331551985,1.5630053884915283,1.546405249267669,1.5330821829595047,1.562529236006911,1.5415268346563111,1.5463032619918013,1.5,0.1,1.0,0.1,1.0
1.5456181589884774,1.576494018214876,1.5947936028949685,1.5579428911527036,1.5743920130968556,1.5819368400360974,1.583764611302511,1.5348849425014464,1.5620253188281927,1.5942076037122452,1.564744843692857,1.5,0.1,1.0,0.1,1.0
1.5794303035362396,1.6152914651371322,1.597740814906289,1.5829640056703607,1.573556514289541,1.5353348187574822,1.5164180010029467,1.5133565145869707,1.4917704276323165,1.5009400458783857,1.5431520138863841,1.5,0.1,1.0,0.1,1.0
1.5576632311465697,1.5533065172621936,1.5979627110635612,1.558551665607178,1.5998296921862434,1.6301840952050457,1.609858759019793,1.588786739681111,1.5971078681385769,1.5467850186262704,1.522683822833564,1.5,0.1,1.0,0.1,1.0
1.503167047723667,1.5451105586624867,1.589853731940364,1.5449697623656415,1.5423318045108123,1.6134652943937107,1.643587989357669,1.632705660856027,1.6281564162938902,1.563774418374191,1.5244401207083573,1.5,0.1,1.0,0.1,1.0
1.4563282484713085,1.4825824155842486,1.4488159425656093,1.4809445884309327,1.4629242497903767,1.39925926440815,1.3854261737550815,1.4306724515795324,1.4367623063110535,1.4025290705191522,1.4403034207724512,1.5,0.1,1.0,0.1,1.0
1.4958274778904856,1.4889814519075188,1.5038167315895319,1.4996670384231297,1.4545681935578034,1.448554098636604,1.4384534805636535,1.3943750923320721,1.397823648236989,1.3964189945853474,1.4422178083551318,1.5,0.1,1.0,0.1,1.0
1.5170033239047114,1.5459775550752786,1.530745121852787,1.5649403651885383,1.4988176324393794,1.4418289136139648,1.5222469807665509,1.4593896046324226,1.3968494622171217,1.4047290008435087,1.389306367966839,1.5,0.1,1.0,0.1,1.0
1.5080698664181524,1.5064775494849183,1.4937933922375402,1.4829783479525422,1.4692494968073904,1.48660884563789,1.5850250781882118,1.5473649641991287,1.4566850165593723,1.5035971589448216,1.4471309375303172,1.5,0.1,1.0,0.1,1.0
1.5829863612006356,1.6232659742264537,1.6047048570194953,1.619570194615978,1.5562068085524812,1.6155167265739534,1.6529165776767953,1.6946153260585803,1.682000295497973,1.6925813472603288,1.7257560353578876,1.5,0.1,1.0,0.1,1.0
1.537396128671555,1.482918038033853,1.4703473808999508,1.4560614196685817,1.397368879736077,1.413417217254285,1.5342396838753385,1.5043404091817083,1.4565225271724773,1.4748965909188005,1.47070372833529,1.5,0.1,1.0,0.1,1.0
1.3389925532601359,1.3228253211616983,1.3339235256007056,1.2858860558446783,1.2966744943733555,1.315749625424978,1.3026263336652202,1.2817970078361827,1.2425811574795036,1.2817856691832639,1.2882467332141516,1.5,0.1,1.0,0.1,1.0
1.5835925093855696,1.5641476339048765,1.5935449328499998,1.5970098863311109,1.5555622255532813,1.5357791924461015,1.540583406959702,1.5551380766415837,1.532223019943428,1.4963415966403493,1.4932486067218655,1.5,0.1,1.0,0.1,1.0
1.5000954329882548,1.4820409038978635,1.451214672881018,1.480266511783983,1.504588975322675,1.4812484753445894,1.4787205512515975,1.4185210752977915,1.3807068536739304,1.3731200436602584,1.4196387289896566,1.5,0.1,1.0,0.1,1.0
1.5895177991156673,1.552882504698133,1.4836079491990086,1.4945290801428313,1.4506596745350928,1.4430790184506053,1.446402388100648,1.448625018442706,1.3975796996662089,1.3359670234979741,1.3364195768351508,1.5,0.1,1.0,0.1,1.0
1.5490391783823578,1.559319199909413,1.5498555117757757,1.5664430006055992,1.5369886024826873,1.564391872333226,1.5606378801317269,1.5525401807201389,1.5642768029452072,1.5650704112393707,1.5696852707315467,1.5,0.1,1.0,0.1,1.0
1.4754047828169845,1.5019674787948916,1.4806628233519255,1.4629844835914352,1.4629120085580543,1.5165686779204597,1.494810343322139,1.511582213947592,1.510278924023956,1.5320179934347873,1.5050865169179717,1.5,0.1,1.0,0.1,1.0
1.3633077996875007,1.3801609697887713,1.3911746455853549,1.3638547835677566,1.4076470898526048,1.4294584453534567,1.4632756247250098,1.5232357603203752,1.5439190840182107,1.559269894205329,1.5629752403480988,1.5,0.1,1.0,0.1,1.0
1.5425758167228334,1.5311745420269118,1.4675442473441085,1.4725005772721438,1.4219041546604398,1.4433326433974871,1.3679194916458426,1.4138839739905376,1.3542734336408362,1.36111023938571,1.3806340077784558,1.5,0.1,1.0,0.1,1.0
1.5884397052237802,1.56637483130458,1.5353721345977427,1.5323695893904923,1.5278647538461914,1.4909777401048834,1.5423691498157193,1.612559223820969,1.6359065452129264,1.6283989002693477,1.67514446152713,1.5,0.1,1.0,0.1,1.0
1.4687370796414703,1.458238324142433,1.4627108858701021,1.4502484943902687,1.520939392859132,1.5323604631400762,1.5441579225315905,1.5681175305105732,1.5821293829721579,1.5490614318829259,1.5130036847399326,1.5,0.1,1.0,0.1,1.0
1.5411880677804555,1.4649636756245008,1.4575353540643703,1.4748320989901376,1.5110772815132851,1.4979012770490494,1.5050274416319884,1.4789834645758668,1.4850233347780228,1.4979293064960364,1.5164308323226863,1.5,0.1,1.0,0.1,1.0
1.534381096991007,1.4990009465966732,1.5467023491358132,1.5615116038651122,1.5888330911695434,1.6193693403353397,1.548043478646934,1.5823596434908314,1.5663981689897595,1.5974029299595727,1.564745153957224,1.5,0.1,1.0,0.1,1.0
1.4347224833608128,1.418354476777788,1.4575872902131937,1.4760481898061228,1.488292243175721,1.5245044551457472,1.50286813779313,1.5043438527558417,1.5081633660776577,1.5388896877944747,1.547453033114225,1.5,0.1,1.0,0.1,1.0
1.4364346310455878,1.4730602959337629,1.5284387467318452,1.5090832925755464,1.5758671598009988,1.5960618832403748,1.5826986680367763,1.5734425062251545,1.586218351964059,1.584096834033058,1.5914740531805207,1.5,0.1,1.0,0.1,1.0
1.50702335426499,1.5214554539407135,1.5222470862184623,1.5260821489199532,1.5450967813905574,1.533772954563394,1.528546090221061,1.5557821508292005,1.5053297999353266,1.4981929335254955,1.466797883016797,1.5,0.1,1.0,0.1,1.0
1.4970102824931844,1.4655791407886574,1.4602843703698405,1.4727502928255634,1.4413150497065905,1.4366169003546023,1.443572004854542,1.445164587097889,1.4483859195092943,1.4575430789008255,1.4369442633597893,1.5,0.1,1.0,0.1,1.0
1.7114791602102166,1.688760002445457,1.6818343057655214,1.662533568012578,1.6320822214310358,1.644763213259943,1.613528172900475,1.5911395652681046,1.6012055135409364,1.6085646043998136,1.6201384805811399,1.5,0.1,1.0,0.1,1.0
1.4561467284612286,1.4619543008165343,1.434328094361496,1.4302274594919822,1.4592354555134393,1.4691142376443755,1.4626730422964809,1.5014793408303466,1.515079444466636,1.540227371238915,1.5722293098540927,1.5,0.1,1.0,0.1,1.0
1.652484508256424,1.6588859456266236,1.622870262992289,1.5769878012335796,1.5743305532547012,1.5859625735733163,1.581215168170218,1.624747677051826,1.5872956623422658,1.5225788816550596,1.5176179784713417,1.5,0.1,1.0,0.1,1.0
1.4540390094079947,1.4834358501170715,1.4570876455175923,1.4710736453499673,1.467382685668018,1.4979930248729856,1.4636553101174326,1.441019713265409,1.491036899433488,1.445046604927148,1.459028826635318,1.5,0.1,1.0,0.1,1.0
1.4423210788557543,1.411628127524337,1.3897484433583933,1.3422437777157397,1.3645838219756623,1.4348965168922867,1.4338836801120896,1.4471889472190873,1.3860377344099337,1.4176746267811482,1.4375775424003265,1.5,0.1,1.0,0.1,1.0
1.532013514713607,1.57890459622696,1.5880657123267865,1.5952834627219656,1.585283316165673,1.552512225430487,1.5765966487858036,1.4723446697554319,1.4330459053753444,1.3946409750623634,1.4235509831239612,1.5,0.1,1.0,0.1,1.0
1.4802739264988158,1.4610478256892836,1.4517544643442184,1.4905216497605474,1.4310666604381823,1.4264941170521508,1.4353373587584592,1.4334907529744834,1.412144647777977,1.446932271199408,1.4486068184188654,1.5,0.1,1.0,0.1,1.0
1.4113470588930848,1.4545553209409012,1.4249846228351997,1.3998628128529524,1.4653247343173958,1.4625071264530083,1.4709878385250457,1.4286045963967897,1.4462833535751956,1.4323830195491374,1.450955920571191,1.5,0.1,1.0,0.1,1.0
1.5753187686282202,1.5758537039296863,1.57409642729543,1.5015906804246866,1.5425764972135843,1.5962986925021099,1.5678924994879015,1.5060150116358442,1.523994013850559,1.5516728472497072,1.5446159537529527,1.5,0.1,1.0,0.1,1.0
1.4617470050824133,1.450708903272215,1.4152873383348055,1.4430511689874086,1.4579781680166282,1.44408174069034,1.381849197964623,1.3509083639733166,1.369027084470946,1.447271090058536,1.455189933005663,1.5,0.1,1.0,0.1,1.0
1.680707574828742,1.647881784902545,1.6785283994964626,1.6904231916081989,1.6848902870148832,1.62973629950467,1.6485628376200634,1.619486504252154,1.5743349791732917,1.58017485675444,1.5270074570322731,1.5,0.1,1.0,0.1,1.0
1.5406513187870285,1.493492213269721,1.4827522309098808,1.5071980314745845,1.4675983288740286,1.4749919493490111,1.5091758103613802,1.4726082315500313,1.473975616364581,1.484697383278329,1.5065533957871717,1.5,0.1,1.0,0.1,1.0
1.56851624202373,1.5765665616716389,1.60011028133722,1.6027896757125266,1.5553077759590284,1.5182198891725693,1.4883482036325781,1.4505597364630793,1.4449729787757883,1.470237468630771,1.4730780804692596,1.5,0.1,1.0,0.1,1.0
1.424955326241042,1.4259101787875452,1.4655577610992947,1.4828017589871143,1.4730222322712674,1.5117505683404415,1.5139085143502733,1.4907707306662994,1.5087537118108958,1.5125857578601227,1.484400729191543,1.5,0.1,1.0,0.1,1.0
1.548839073837377,1.4831829719119893,1.4960461485832524,1.5139130403809062,1.4864488167596228,1.5580091032931576,1.5745852893204584,1.6203476877743774,1.6189953077565546,1.600142215223863,1.5999480445898149,1.5,0.1,1.0,0.1,1.0
1.4485598905898034,1.4661723969602045,1.4264725967089482,1.389027281618855,1.390126771988653,1.3722929651008535,1.3908647712604407,1.4220368200502875,1.4214830430550014,1.4360689884590105,1.447390907510381,1.5,0.1,1.0,0.1,1.0
1.457244219363082,1.448682470672752,1.4305372056719698,1.475323886455926,1.4650655091611788,1.4326369102884904,1.4594902677798596,1.4356130886760432,1.44602793403407,1.4118794478953647,1.3720570154934282,1.5,0.1,1.0,0.1,1.0
1.5904720951063103,1.6238475832494217,1.5794005218834208,1.5389285195412086,1.500725365040965,1.4951038796660525,1.520427998436423,1.5618418906292035,1.5914226303843138,1.6069998639307062,1.543417348158908,1.5,0.1,1.0,0.1,1.0
1.5031410774553169,1.5339085146725915,1.5730808616570713,1.5546940389202977,1.5607461996713117,1.6137101322334422,1.6216370510646538,1.632525072689985,1.600551089395282,1.6083401320700714,1.6018647180148053,1.5,0.1,1.0,0.1,1.0
1.552276761216012,1.5682989743945217,1.5629601130569453,1.584412913554991,1.5337060596973255,1.5357178721528641,1.5237999792954504,1.4635011637065622,1.4482841609295234,1.405643071849401,1.4462866675760702,1.5,0.1,1.0,0.1,1.0
1.4243787727362038,1.3696160357536182,1.3926759106877074,1.4277445401421314,1.398367163961868,1.405767809923544,1.4351718144808279,1.4143866251680592,1.4383306392414819,1.4128797159843556,1.4385089756411158,1.5,0.1,1.0,0.1,1.0
1.4678350687722994,1.444270414717942,1.4808989115120452,1.4667300027040326,1.4732584268907054,1.4807967912426265,1.5745922206384892,1.5957136742641176,1.5323894877954414,1.5278975049935164,1.5458007417397892,1.5,0.1,1.0,0.1,1.0
1.485368481106758,1.4749475733626183,1.4426023101422436,1.4476566935725035,1.47156349346742,1.5143093205934854,1.5724687728591538,1.5859473553912642,1.6007473884296952,1.547097165155244,1.5830571392104453,1.5,0.1,1.0,0.1,1.0
1.413016006654133,1.4255934016481207,1.4265364241634515,1.4459658224549956,1.4220869480661489,1.462551718403576,1.463474642340044,1.4391599247000884,1.3799382225336425,1.3626115818794788,1.4261275060373217,1.5,0.1,1.0,0.1,1.0
1.4852917334831188,1.5371757056834607,1.565415724259122,1.5124718765826726,1.482500221905692,1.490716975076476,1.499276002278415,1.5445197843319802,1.5195316157826535,1.5335353716617766,1.5057672925237235,1.5,0.1,1.0,0.1,1.0
1.559929098245171,1.522899091599999,1.5153560238786745,1.5212651805798927,1.5382814347358218,1.4793946286359738,1.4890735419469256,1.4783317553566562,1.4894461620997177,1.4904960072192033,1.5364460457827442,1.5,0.1,1.0,0.1,1.0
1.4684452073479626,1.486248753541619,1.4277611716425647,1.413180664361382,1.4366217658925662,1.4519011983920445,1.4891241143826142,1.5209517453105752,1.5549145806688245,1.5302919010036995,1.5240566672380045,1.5,0.1,1.0,0.1,1.0
1.5924932332687058,1.5589846949197201,1.5845678275784387,1.5705094787464053,1.52806279840745,1.4975246539292024,1.5345880030923766,1.516643997243458,1.4629478328017467,1.481089769153431,1.4595291075024055,1.5,0.1,1.0,0.1,1.0
1.5285438561778657,1.4923885402791974,1.4662442504415718,1.4712267242132178,1.487051330969273,1.449849753497121,1.4564593054164543,1.4378148528546206,1.4124735034152434,1.4002621832735698,1.3820184428986035,1.5,0.1,1.0,0.1,1.0
1.467897832676385,1.4919557782009145,1.4999578474994095,1.5030530613457507,1.5120702027591126,1.5447911759781905,1.5854398099637494,1.52545923724954,1.5437141784784583,1.5403166279933458,1.5198464003430951,1.5,0.1,1.0,0.1,1.0
1.55480069379349,1.5764996140461465,1.5980537466785794,1.6498047467443675,1.6504872350020559,1.6003298899599698,1.55984801587143,1.4955904975766035,1.4804672212256982,1.4815265485923357,1.5215854675989153,1.5,0.1,1.0,0.1,1.0
1.4822518355744199,1.47880466529264,1.471111208969377,1.5014494456174794,1.4894491678504256,1.4920589253742413,1.4592897293805975,1.4888943341407614,1.462541120781924,1.495204970048796,1.5054452788451604,1.5,0.1,1.0,0.1,1.0
1.5439917807374466,1.5890817419454444,1.6084967792760958,1.6415308737413006,1.6377520868939466,1.5991084855922004,1.5714809800974885,1.5463129116772099,1.583133483786605,1.60971383726347,1.579393561527376,1.5,0.1,1.0,0.1,1.0
1.6020387355582613,1.6186876844604814,1.566824884650914,1.5790917987010553,1.5824922965357466,1.5885097517150506,1.6300675830217988,1.6502831465071446,1.638560262490195,1.6101253628197207,1.6080304451384635,1.5,0.1,1.0,0.1,1.0
1.5364063625186102,1.5597083072983509,1.5925238503600392,1.6007629187836474,1.5820175788244968,1.5991331653185223,1.676053694185402,1.6664473312761263,1.5957208185361393,1.5849915075562029,1.5766786514529774,1.5,0.1,1.0,0.1,1.0
1.5252613508282242,1.4917793082465358,1.4812154518841705,1.453122341484111,1.446985566223337,1.4333570958277544,1.4136771898605078,1.41061777883025,1.4437496340226283,1.3992630395596324,1.401363720652193,1.5,0.1,1.0,0.1,1.0
1.4865239245446222,1.549996279499629,1.5536986666014467,1.597858646609852,1.5717553606652963,1.5562957469022112,1.4727007870478956,1.489743867881695,1.4341112100379247,1.4233132261282748,1.38535427003441,1.5,0.1,1.0,0.1,1.0
1.5360585136690663,1.5380512495264878,1.5416870704979428,1.5019280879433632,1.4964860952830434,1.5500574297704515,1.579446675118086,1.5922863691425608,1.5973911724082734,1.5018259483313252,1.4897025384898392,1.5,0.1,1.0,0.1,1.0
1.5325344607758367,1.5842886886123848,1.595502223584719,1.59427441224599,1.5920038225852589,1.5584675345994667,1.4806025965125718,1.419275143143131,1.4439956575993504,1.41655070970885,1.3940380293113999,1.5,0.1,1.0,0.1,1.0
1.5429318489470405,1.5360337929390873,1.511696117043493,1.4673847889740042,1.5265461368473054,1.4844432338815843,1.4706016609299826,1.4983803567424796,1.4563010335603594,1.4659850276702049,1.4945224043237095,1.5,0.1,1.0,0.1,1.0
1.5919799970689843,1.6262933284888934,1.5715670583588353,1.587737285483878,1.546089553455362,1.5514963488783946,1.6344516943212843,1.6372245263106686,1.6110127806310408,1.552095074142329,1.5598236881043215,1.5,0.1,1.0,0.1,1.0
1.5129734199542264,1.5396992189458307,1.5377934969767098,1.5700430556042573,1.564286671371378,1.5343074170693454,1.5798288672922658,1.5879923671359317,1.591622446936944,1.5562537319437368,1.5300131869243685,1.5,0.1,1.0,0.1,1.0
1.406061277047387,1.4320776243546038,1.3811222387051507,1.3735962234060535,1.4310460383501804,1.4850282728530266,1.475409202762616,1.4977347809990402,1.4982419914217093,1.5355096620964517,1.5173852448804102,1.5,0.1,1.0,0.1,1.0
1.5024599875405822,1.4935697793062899,1.5046184911123854,1.5276290816080285,1.5486328105429243,1.495210823229868,1.5135080367912908,1.5565154107817472,1.5537528858406813,1.5514032085185658,1.5459327919024968,1.5,0.1,1.0,0.1,1.0
1.3660760421929987,1.330538614737325,1.3060915364056027,1.3443280581580908,1.3762468346879424,1.421627690174809,1.4688100758979195,1.5055310555712436,1.4820259583830317,1.486667727778349,1.4830889145598272,1.5,0.1,1.0,0.1,1.0
1.4256575447937805,1.4423235220660249,1.5146726909438142,1.4721995819023317,1.483738309340837,1.4668876731649911,1.405526070475151,1.4104752427730052,1.389343037356299,1.3481055218388873,1.3912942088077795,1.5,0.1,1.0,0.1,1.0
1.4995832663685185,1.4666447992631932,1.4541957130790486,1.5039134619692869,1.51991810846401,1.54447333971106,1.5487582601062544,1.5891726962360038,1.4992390899540677,1.5119757571659016,1.5497278631817197,1.5,0.1,1.0,0.1,1.0
1.4827125603853817,1.4490595676546718,1.4986392263297343,1.4964311182230823,1.4366610199447076,1.4311702247032139,1.451874728490574,1.4607996573812778,1.4547323562230081,1.4361171719811587,1.4299792650013048,1.5,0.1,1.0,0.1,1.0
1.4320950952407778,1.4437511525767945,1.4476679919160136,1.4003049884324001,1.4014578783643186,1.3830774953213232,1.4002476085539244,1.3835117613843342,1.3839324844743608,1.3423946819985004,1.3616235614863281,1.5,0.1,1.0,0.1,1.0
1.6978405190739159,1.6676280394548917,1.6321977230089169,1.5976276550043114,1.622859140957862,1.6496044304524482,1.659682076324712,1.641232271495631,1.6379693761841199,1.5943565813854055,1.6068704757266268,1.5,0.1,1.0,0.1,1.0
1.4902217690035573,1.5275235315996676,1.5007839722408818,1.5466719829430422,1.6108008567018182,1.589881617101695,1.5433802830433097,1.5875058023301079,1.59234948355368,1.5797408298671303,1.601097460292116,1.5,0.1,1.0,0.1,1.0
1.5848863539419507,1.562335667743079,1.5584742136455083,1.570946877613415,1.5413185139996266,1.5750953031908281,1.5429593678360427,1.5256585917453498,1.5884606863796793,1.5691846806077643,1.5595461951984464,1.5,0.1,1.0,0.1,1.0
1.53471232728467,1.5310866733408155,1.4683699351306867,1.4682950122101739,1.4373295856719261,1.4249909590127054,1.4462257981010491,1.4409633680471108,1.409366432212906,1.4425207113430336,1.4305658683374423,1.5,0.1,1.0,0.1,1.0
1.515302609866161,1.485380153622186,1.4885496309816244,1.5041158400852148,1.5094058262173604,1.5192454747377433,1.5338184684615803,1.5356140504439375,1.5598552075476966,1.5377881969463174,1.5009930622482506,1.5,0.1,1.0,0.1,1.0
1.5260311226443772,1.5510757251503364,1.570605223607779,1.555416638586303,1.5489491328556582,1.5696394240608158,1.595711901629796,1.5664725510136928,1.5389823010345267,1.5174638984755946,1.510368706729176,1.5,0.1,1.0,0.1,1.0
1.4881887493692825,1.5181505796861394,1.6004942987080046,1.6085766676825448,1.5933481388593262,1.6276881953581632,1.648629896904868,1.658678162280995,1.6032999027711838,1.5807997980545323,1.566831117648958,1.5,0.1,1.0,0.1,1.0
1.4845881552848594,1.501588602238771,1.52481524116165,1.543213307067946,1.5413232518491327,1.5078130112376322,1.4638359986758605,1.499882369954079,1.4834663348565034,1.4911995483146399,1.4445800797554558,1.5,0.1,1.0,0.1,1.0
1.5244435786207369,1.5370538950332169,1.5082565407965998,1.5166503069566069,1.5862213149070026,1.57688773839367,1.595151082155303,1.595691897345859,1.5895090240679806,1.5936431255455554,1.646826564959613,1.5,0.1,1.0,0.1,1.0
1.5527487421671726,1.528701572999799,1.5800050459330444,1.596089931518898,1.558852357097315,1.5757249485467577,1.596213237792274,1.575855103513463,1.5862666411690167,1.6029859408480698,1.5682438504559375,1.5,0.1,1.0,0.1,1.0
1.4925266581315964,1.4890246623822583,1.44334253352658,1.4173494532457995,1.4202724279652508,1.4800281029184985,1.4669801748145033,1.4616380465046621,1.4737172338287843,1.4863119789503734,1.487605680342406,1.5,0.1,1.0,0.1,1.0
1.400012538568471,1.4051113093686811,1.4193312977307317,1.4435017759723234,1.4196771558974894,1.4196674745158249,1.443270630809888,1.4911040183713928,1.4825342909321915,1.4256469030680436,1.3803861467356355,1.5,0.1,1.0,0.1,1.0
1.4350468069690119,1.397868481924388,1.3966831321950395,1.3739107348642523,1.377336763681942,1.3592407465953493,1.3818683879122107,1.3702921466817273,1.3641982535003547,1.389299941810519,1.4016623610744017,1.5,0.1,1.0,0.1,1.0
1.493143948601476,1.491086995941491,1.5169847655145479,1.5376658192148047,1.5043680463668805,1.4616427615647873,1.4549612619091767,1.4829418656011244,1.4950734511093298,1.4864781927748942,1.486838315083269,1.5,0.1,1.0,0.1,1.0
1.6135373817207135,1.6098701754170852,1.6431233693608278,1.621088496186203,1.611262574457875,1.6154225555156445,1.6087189204790744,1.6195098591380448,1.6278686041032893,1.5917071970925425,1.6069216684311498,1.5,0.1,1.0,0.1,1.0
1.4363063790976827,1.5181050742958537,1.5073161124668082,1.5077406298600462,1.4864583445854826,1.504680315398864,1.4386272187103852,1.4486495726229254,1.4809522322413153,1.5273799643012003,1.5438149619647288,1.5,0.1,1.0,0.1,1.0
1.4129075383179739,1.4059562186697214,1.3734851238562389,1.347855608652791,1.3725309111737884,1.3823480118603595,1.4029131311892904,1.5068741666948116,1.5515886714899279,1.518895566511427,1.5529579121970227,1.5,0.1,1.0,0.1,1.0
1.4342759721159375,1.398136059931004,1.4743249112876342,1.4775329459183253,1.425510015937898,1.4410801371516275,1.460208769952099,1.496898514334091,1.4073248112132821,1.4429497228225423,1.436784766749465,1.5,0.1,1.0,0.1,1.0
1.526234774264047,1.5809129654339085,1.6030202733708296,1.5677475993541121,1.586324090341453,1.5995792178640926,1.5482540843656802,1.5527878824637513,1.5376379161415632,1.508638248708437,1.4747768800378542,1.5,0.1,1.0,0.1,1.0
1.4103249685860997,1.4703816666306235,1.5096871068288538,1.6156153384946152,1.5783985561427267,1.5520764224441315,1.498217897640725,1.5161386205064455,1.5413122657448544,1.4999923675750697,1.5606887929986721,1.5,0.1,1.0,0.1,1.0
1.5561640954414306,1.5768297988964546,1.5539021506838047,1.5641028519795301,1.5320717802826191,1.5910605645814306,1.5955084759578302,1.6524089275110003,1.6212843041668037,1.616627328070744,1.634622636068886,1.5,0.1,1.0,0.1,1.0
1.4817809393833794,1.4769006570144971,1.457971684622072,1.481517719472691,1.5015572522348561,1.4196774427864385,1.410575639333922,1.4559194467385257,1.4545253390924244,1.4357649706049205,1.503798145512535,1.5,0.1,1.0,0.1,1.0
1.3578578995627104,1.3702229981434495,1.4066466457451487,1.4348484925750344,1.4012609122779507,1.4454028904929075,1.407125266772658,1.4078460494429355,1.3819864665895312,1.3647215814961906,1.3827062089936697,1.5,0.1,1.0,0.1,1.0
1.5303136567886386,1.4608620768724354,1.4661827652966308,1.503468594268746,1.4392575313808667,1.460246298894526,1.48666118458559,1.4840435946966806,1.48106056742293,1.4906361052643715,1.442293730982014,1.5,0.1,1.0,0.1,1.0
1.6093170460144317,1.6054874137565271,1.6175930183584495,1.621585769175937,1.6510995337121874,1.7016928530622812,1.6091299842630078,1.6253062234241757,1.6340898607732965,1.616555170810111,1.5332451603088864,1.5,0.1,1.0,0.1,1.0
1.5578612005536536,1.6308646934434659,1.6086679166925963,1.590727300182175,1.5861759134645201,1.6208334025997362,1.6393003541103885,1.6096598680614436,1.6115127886556722,1.6354666847358765,1.5185470515202846,1.5,0.1,1.0,0.1,1.0
1.3497346532030305,1.356371445072939,1.4213028982317404,1.4913385042233476,1.4910455964196059,1.442472891532467,1.4719987489977178,1.5351812104125164,1.5571571452708561,1.5926355755795731,1.5470502383302194,1.5,0.1,1.0,0.1,1.0
1.4993588087426866,1.5284845947440733,1.5369657233126528,1.5068273699535526,1.5415446339501522,1.5605439837417985,1.5494967801462967,1.5774804992094689,1.5405712113617942,1.5109279685912227,1.4982012404317553,1.5,0.1,1.0,0.1,1.0
1.5210459673867436,1.551537179663468,1.5271704386893366,1.5152213384632194,1.4579003610432972,1.450850343219531,1.5033022742315452,1.5566842062192663,1.5264530305024104,1.521419419333189,1.592718971351886,1.5,0.1,1.0,0.1,1.0
1.5600480955752931,1.5456993715243548,1.493348102218878,1.4918278841141723,1.4767955639453247,1.5082942064621419,1.5164135193534802,1.5621113710739998,1.535356429138805,1.578576525548187,1.529132297533186,1.5,0.1,1.0,0.1,1.0
1.5603999036366865,1.5304620594658485,1.4613884815388132,1.5243758818972226,1.5174036425298059,1.4553595329449345,1.4890351034265195,1.4971460926783366,1.5087516239985637,1.5369391508392534,1.5146464263360044,1.5,0.1,1.0,0.1,1.0
1.4703885794084184,1.510493025806676,1.518502158779857,1.5205204018361325,1.514574694975218,1.5294823969629014,1.442203322584787,1.5184515226728543,1.492589048736373,1.4961530869277504,1.5415271006046887,1.5,0.1,1.0,0.1,1.0
1.433087042987574,1.369399386214754,1.3963731201046758,1.404493943014703,1.373240674866305,1.3695872412435435,1.431324495328554,1.4457445918942464,1.4355289174307964,1.3694246567057506,1.3788136132397668,1.5,0.1,1.0,0.1,1.0
1.393998627556835,1.454117487709768,1.417022239035719,1.3919478746079272,1.4289031257625058,1.3932679589065482,1.4475531589120654,1.4871113912112262,1.4978866576910528,1.4979282055577254,1.4573603743248094,1.5,0.1,1.0,0.1,1.0
1.39933507382141,1.4065248862292257,1.4564000450819037,1.5196492377182902,1.5137100812466457,1.5543986644961298,1.5214912816706423,1.5423645764111793,1.5565033583812398,1.5272762212425972,1.5505036938333052,1.5,0.1,1.0,0.1,1.0
1.498076609337914,1.4570098999739718,1.4760610346912744,1.49608183517602,1.4901065708258954,1.4852765849878535,1.4636998449808936,1.4551736320385382,1.4630982409087918,1.4631236433085242,1.4948553707262835,1.5,0.1,1.0,0.1,1.0
1.508371444852814,1.4904624323719375,1.5030059089583439,1.4840158688152092,1.507979297480611,1.5291279573614844,1.55674625100435,1.5303120211824115,1.5234144874071671,1.511875931578253,1.4971783593480366,1.5,0.1,1.0,0.1,1.0
1.521625624917405,1.510115125847705,1.501643924438343,1.4990719422000174,1.490164210576363,1.5006140727707868,1.4790964645613565,1.4738504221800892,1.4600504982798765,1.4488601633802753,1.441576488468242,1.5,0.1,1.0,0.1,1.0
1.5500256354936013,1.5665878605215047,1.5615382333209054,1.5712161160691323,1.5574567091620837,1.5946480187452077,1.5710139037361013,1.5641351540708526,1.5960747871721048,1.5962377141224426,1.602935182856653,1.5,0.1,1.0,0.1,1.0
1.4900224487334273,1.4443165009464132,1.4799029262130479,1.432306365233282,1.4574407913745469,1.4453957908334252,1.3874279131831273,1.3546083822781898,1.3647896015157472,1.3843395966286707,1.3615463454826442,1.5,0.1,1.0,0.1,1.0
1.5716503582859265,1.6342252392308232,1.6180073430174242,1.600519535390659,1.5986955500957316,1.5899386703202398,1.5810391488313258,1.5966662562911444,1.6300075661925737,1.5841179464257937,1.592450282072021,1.5,0.1,1.0,0.1,1.0
1.4151313682328674,1.3937539766619347,1.4224925326717628,1.3924544622520345,1.348073375124253,1.3571485251812283,1.362669708805088,1.365924444009724,1.358029965853707,1.402228515993267,1.382443992162626,1.5,0.1,1.0,0.1,1.0
1.5679973837112762,1.5819644084959215,1.5364027508412432,1.5790452897869214,1.5273195178474726,1.5716482801854144,1.5781165084314681,1.6117557948212724,1.586098647260804,1.540855472140503,1.531071561043275,1.5,0.1,1.0,0.1,1.0
1.615034571545745,1.5790463693583419,1.5602572283730276,1.5597292430887868,1.6058477296816824,1.6007413303328741,1.6324203299931823,1.6331019932751925,1.6147274746046787,1.5962844017409619,1.6039392327571353,1.5,0.1,1.0,0.1,1.0
1.4789876291650221,1.4730270437695412,1.4351473300608701,1.4103534812677645,1.499708398071897,1.485901613991527,1.469204253867741,1.5447471688153989,1.5197271955075466,1.503057891496416,1.508433961953356,1.5,0.1,1.0,0.1,1.0
1.499452645703428,1.4854122768575315,1.5356675071712331,1.5612236137900524,1.5482860225787898,1.5560607650416856,1.5818791178973088,1.5276080469697122,1.5198757189108107,1.4651269578262645,1.4671558573806143,1.5,0.1,1.0,0.1,1.0
1.515540194884926,1.5463655512709251,1.5125956775877711,1.5345316737182653,1.531146386430561,1.5237923195910037,1.485190689054536,1.5057891331748554,1.5213297921436906,1.4840249767983653,1.4500038479203088,1.5,0.1,1.0,0.1,1.0
1.5417659018586982,1.577337590876231,1.5748590397466355,1.5649987049341523,1.611741965413028,1.5921178714026687,1.6300497208919071,1.6127317305356847,1.6225451764414138,1.5794630208415752,1.5988126784513657,1.5,0.1,1.0,0.1,1.0
1.4298215498018227,1.4384759942680456,1.433654325501858,1.4517324858958018,1.3888382577412686,1.4055248425152436,1.3692675149001863,1.4186022564169336,1.4577500587547176,1.4932264829167041,1.4566331503329344,1.5,0.1,1.0,0.1,1.0
1.572794282927304,1.4799839859337376,1.482997086616508,1.455168124873587,1.5095053514364745,1.5102201247707518,1.520450448986983,1.5340024294065795,1.5200626556245713,1.5289005498039254,1.4802016941663543,1.5,0.1,1.0,0.1,1.0
1.528185311757441,1.560902608326041,1.548667135010803,1.5495737007954244,1.5132677481091592,1.568168030539492,1.5516005202213337,1.6261056861245258,1.5618747490717078,1.5787117941164128,1.5575322496912638,1.5,0.1,1.0,0.1,1.0
1.4632192874279608,1.417674564750053,1.4514137254656823,1.451391531016192,1.4914258769223703,1.5066493252749151,1.549410599157886,1.5559420141830964,1.621315016474276,1.617557933458893,1.6208864263965823,1.5,0.1,1.0,0.1,1.0
1.5445799593356866,1.5710852135380808,1.6009626905260546,1.6108320780493195,1.6239099293591566,1.6680897371606025,1.6409747901574638,1.658708933382167,1.6853911234777297,1.6531485656606886,1.645956155944875,1.5,0.1,1.0,0.1,1.0
1.4330027835318468,1.3941536541380573,1.419364055695309,1.4174255421723487,1.4051305610789682,1.3709116634931884,1.3577273248699704,1.3033359381024556,1.3537130020730208,1.3853410605216094,1.3936453676166904,1.5,0.1,1.0,0.1,1.0
1.614052057478595,1.6013058216240625,1.5920865702725011,1.6161989709048543,1.6494922766499773,1.6489925744599705,1.6738020017328026,1.652304131565269,1.6382611478210078,1.6005662298333234,1.567641035304023,1.5,0.1,1.0,0.1,1.0
1.4678480215088894,1.4837945579294596,1.5163779307548677,1.5477098351168148,1.5123330420964545,1.4620816018342113,1.457414414824701,1.413976687010014,1.4154027647530345,1.4250241896912494,1.4564138966596452,1.5,0.1,1.0,0.1,1.0
1.5137562299170466,1.5171462122720731,1.4985263603824228,1.5172610687467747,1.5012046242475656,1.507876385754055,1.4788208436207027,1.4996541536377002,1.448034514009884,1.5015650834904979,1.513459071033638,1.5,0.1,1.0,0.1,1.0
1.4587478026087732,1.544180664999719,1.5200362904298899,1.5526145840185857,1.5065929012343282,1.50932248484213,1.4954266163819163,1.4670375824401276,1.4715778267272634,1.4711726335134976,1.4672143692766286,1.5,0.1,1.0,0.1,1.0
1.321397303915219,1.2857705113632105,1.333913867027415,1.334628772621802,1.3936022734884936,1.3858036850098463,1.420299109040403,1.4422270782208109,1.4604006787641237,1.424193374321296,1.4456308821587391,1.5,0.1,1.0,0.1,1.0
1.3373546884875647,1.370339620930513,1.3708819494293334,1.390346320047309,1.4288227747694042,1.4392857708385218,1.4473819659986136,1.4252461202280657,1.392578304713244,1.4240540963754806,1.454709549979879,1.5,0.1,1.0,0.1,1.0
1.4550157595691857,1.5023060897977807,1.4508445314471043,1.4387231420637798,1.4498641419582026,1.4786029453588816,1.4878050126850106,1.5044287076864113,1.546939170740174,1.491963044559773,1.4340277184846597,1.5,0.1,1.0,0.1,1.0
1.4528971181602859,1.4726123572413239,1.44390503691433,1.4331497649286402,1.4452783920352563,1.4297099885114828,1.4326792783210747,1.3845814848267375,1.433152951161681,1.4456169100990406,1.4519726822558026,1.5,0.1,1.0,0.1,1.0
1.4726934821413997,1.459325177080135,1.4215014941440833,1.4315606805102903,1.4518943307328238,1.5087488333930839,1.5265749735750713,1.4950383338657582,1.512245906686023,1.49225785878414,1.5554149955637333,1.5,0.1,1.0,0.1,1.0
1.5697272851002868,1.577768386515178,1.5541017306456515,1.5353436764639272,1.5188286504255137,1.5211575090171008,1.5633502209512498,1.5506950034944185,1.510758074191235,1.556022448116154,1.5860482472336987,1.5,0.1,1.0,0.1,1.0
1.5362064356223812,1.504061093544198,1.5331463945482806,1.4984891427939615,1.4958508482899262,1.450491805557367,1.4510465062660505,1.4852435080577355,1.4610323589142309,1.4456188255337725,1.4788546381341385,1.5,0.1,1.0,0.1,1.0
1.4663387795422154,1.4614455994913986,1.4774639054462246,1.485290092976068,1.4784823830122036,1.4788986424300594,1.4836484577745201,1.4579826006910848,1.4477687110913264,1.4559754621607108,1.439517344637529,1.5,0.1,1.0,0.1,1.0
1.57214099929258,1.5887311536785804,1.5370712194904788,1.5371806992855241,1.593287886573103,1.5522440482013116,1.5548641853841216,1.6113597516064102,1.5430733184066534,1.5983198767064024,1.5423932505472622,1.5,0.1,1.0,0.1,1.0
1.4596222846444211,1.5190819870131047,1.500638433945877,1.4581341694550645,1.445648241303803,1.5083592885363095,1.5491184849238149,1.582419559854201,1.565868052624635,1.5299596130105333,1.4773163404027683,1.5,0.1,1.0,0.1,1.0
1.4747715429235189,1.5178337998964957,1.485841771879226,1.4846937431980916,1.485132501996914,1.4797780047161615,1.4695410395601054,1.4523939301709943,1.4366889087665964,1.4715320252232997,1.4676835491748046,1.5,0.1,1.0,0.1,1.0
1.5070330771058467,1.421673030534838,1.441125130451282,1.4343674008326353,1.4187326066842287,1.4477317424601865,1.4406514276989526,1.4528873774934565,1.45076779130518,1.503592138084438,1.4819551532260336,1.5,0.1,1.0,0.1,1.0
1.5255839280663392,1.4944239483809536,1.5355844733836186,1.5993981854811261,1.5780437722096894,1.5163229620333014,1.5159206057037626,1.5084649250158157,1.4927942030891708,1.4677674429991232,1.463996024526992,1.5,0.1,1.0,0.1,1.0
1.3754640897028878,1.3431686433807237,1.360474249663584,1.3782218897845357,1.4209027507332976,1.3967182679304977,1.4187373685008051,1.4377167426417596,1.4558747097366647,1.5181986984156366,1.5685614087743058,1.5,0.1,1.0,0.1,1.0
1.4177637517712396,1.3992336196243291,1.4167163898990298,1.413717927479433,1.4002764074218177,1.3986208711232657,1.4379632105171023,1.4383152337905056,1.411876057120084,1.3641642847280115,1.362523048850005,1.5,0.1,1.0,0.1,1.0
1.5292898033746523,1.521297837088988,1.5465910901931215,1.6084522802047736,1.6113216819843816,1.613758476692352,1.5998865329619707,1.6035778199369828,1.5714694992431149,1.5816038881294807,1.55279883778157,1.5,0.1,1.0,0.1,1.0
1.4576956983631895,1.430127248571539,1.3791211624917459,1.3849456118955312,1.3986013343250057,1.371128502797437,1.3951317060319905,1.4015585020202266,1.4336905317144228,1.4702944689009096,1.4506299999738446,1.5,0.1,1.0,0.1,1.0
1.5047189030761265,1.5221801026152135,1.4561638355279702,1.450943487886209,1.4965318042845805,1.4987525106838235,1.5341118004361611,1.5850886172883338,1.5707403697244513,1.5836980759726282,1.6487231057490734,1.5,0.1,1.0,0.1,1.0
1.6005600080328029,1.6313626213947992,1.6085352322849245,1.5472288458267884,1.5207597735682192,1.4738907209774221,1.5110509816282396,1.5508149116466616,1.5972014096739626,1.598336222628159,1.5623917805112297,1.5,0.1,1.0,0.1,1.0
1.5018630183750512,1.542626296093659,1.5937776214871908,1.5898875190579618,1.5844093625713447,1.568557950548308,1.5377944515998416,1.5536534616695252,1.5564566212037894,1.5280457987327043,1.5556698352351237,1.5,0.1,1.0,0.1,1.0
1.5753661865520188,1.5594757032546005,1.5431229664842558,1.5315017689096784,1.5444784953075033,1.5544039448711438,1.5761625615089028,1.6077544698589727,1.5790273680909281,1.5784079818261698,1.564802426518602,1.5,0.1,1.0,0.1,1.0
1.4687331812384736,1.4478346856840587,1.4540108153112603,1.4288143412979406,1.4332752626044827,1.4195612779434363,1.4213729911519672,1.4496504475436094,1.5527306310750189,1.5168361211433126,1.4853826868259516,1.5,0.1,1.0,0.1,1.0
1.4613641260533383,1.5034243642795806,1.500592765472729,1.474540542692366,1.5479422523666906,1.5810789723546432,1.5434340557536923,1.5245862486414639,1.524619219610477,1.4764295611595843,1.4880189637474552,1.5,0.1,1.0,0.1,1.0
1.5749726899161844,1.5712955401230508,1.5198665766712198,1.4856274351615193,1.5288865855009726,1.5070895240863282,1.5024820794162395,1.4995980769108557,1.5349616114615952,1.589141860495781,1.586308955560597,1.5,0.1,1.0,0.1,1.0
1.366680188852639,1.3374066358787038,1.392497953581439,1.398565467619006,1.447468744942984,1.4813830258215432,1.472125628688935,1.5048617129889794,1.4969464964700214,1.4689761591139223,1.4488541552775305,1.5,0.1,1.0,0.1,1.0
1.4766576702443064,1.4478892283593656,1.442393848224518,1.423270586683796,1.407197011741737,1.47485679417795,1.4804743104916207,1.483979626981237,1.4674227631175616,1.4476552630701314,1.3977989064060912,1.5,0.1,1.0,0.1,1.0
1.5418095928294293,1.556268685937838,1.539616492081131,1.5688046748265312,1.5365995617327421,1.5341814221271752,1.4843781805318046,1.5093702908386974,1.5502765034272978,1.5450253574441861,1.4670335779341186,1.5,0.1,1.0,0.1,1.0
1.50226391548312,1.5340142777219814,1.5647743052292635,1.4919954493935714,1.5277402935777917,1.5164032715493492,1.5066315159867265,1.4864027522413181,1.4384779315260272,1.5168743781456113,1.5579960358999845,1.5,0.1,1.0,0.1,1.0
1.5217928644659757,1.5147842890940986,1.511617716042416,1.4897011736252068,1.4752254569326824,1.4757185484869375,1.4827636337570536,1.4617497790099874,1.4538164214894194,1.4085535088041456,1.415016790025059,1.5,0.1,1.0,0.1,1.0
1.6045811130426904,1.5669744525599458,1.6014194879967474,1.598876229278475,1.6258593950465938,1.625394095860783,1.602479855417553,1.6339333139649963,1.6150398013198626,1.6381653044240192,1.5746416532455596,1.5,0.1,1.0,0.1,1.0
1.54621282603227,1.4578573959800614,1.4873885024943918,1.473999557265778,1.4235380637379975,1.4177594670405487,1.437124174842779,1.470607815038115,1.5144188213256387,1.5288005852943476,1.5293559633227753,1.5,0.1,1.0,0.1,1.0
1.452171481440926,1.4666082172381123,1.4932182772792937,1.486335694378219,1.5076019563514529,1.5344276001507917,1.5033240028261716,1.5133060147806006,1.574780073913216,1.522748452112626,1.5413764828107073,1.5,0.1,1.0,0.1,1.0
1.501999506933549,1.458696293873243,1.4446375854131306,1.5044076831943425,1.5147885320219163,1.5563318697002804,1.4995739936726,1.490115195253129,1.4693215939030309,1.4568520670123435,1.4303092041001078,1.5,0.1,1.0,0.1,1.0
1.4498552462471845,1.4522536592126456,1.503890317731473,1.4627101248788081,1.4590692265485243,1.4290970147711077,1.4168139181612638,1.4166533965346484,1.4369254553347393,1.3852110842656429,1.361681964896744,1.5,0.1,1.0,0.1,1.0
1.4192903402911143,1.4037620733178162,1.4597169680005535,1.4730562459211871,1.5298055702893127,1.5246884321559915,1.5235737588864575,1.5274128724193037,1.513762685685225,1.4942353768338692,1.5268721342943319,1.5,0.1,1.0,0.1,1.0
1.3701020975459746,1.3265944667090719,1.3085577392479397,1.3475494862695685,1.3305608350454465,1.3608873295195536,1.382936009100387,1.360541078177539,1.3940312334401184,1.4508296901451516,1.4676077008038912,1.5,0.1,1.0,0.1,1.0
1.3689717540081308,1.3269720061762562,1.3441588163065286,1.3419631232677371,1.3648548388757396,1.3787422492040904,1.3506711360915464,1.3336380916894417,1.3257748099242266,1.3181733759012588,1.3072784316104136,1.5,0.1,1.0,0.1,1.0
1.4837086508100856,1.47188638491186,1.483659569516899,1.495508379646829,1.514915614440812,1.567750206573057,1.5793187890618379,1.5431712781798268,1.543961408682178,1.5941389109528314,1.5860709880016064,1.5,0.1,1.0,0.1,1.0
1.4178181445862788,1.435946994877512,1.4203084430220139,1.4466701533111785,1.4917820922566556,1.510246174343464,1.5192324096157515,1.5201443873660068,1.475872569463714,1.4650596862258933,1.4623126141320442,1.5,0.1,1.0,0.1,1.0
1.4344770359963679,1.4361703541566844,1.455972255150146,1.4035092015963417,1.4210222873931668,1.4003330716737792,1.3891685292399285,1.3994636841327228,1.399167020242183,1.4251952279762186,1.4911490561009952,1.5,0.1,1.0,0.1,1.0
1.3718296914934367,1.367593479015325,1.3581378939474646,1.3671508081000836,1.3733197667879973,1.4061125544509037,1.3799629660779003,1.3921011568068251,1.3845184699312925,1.4076248726920684,1.3802180448991757,1.5,0.1,1.0,0.1,1.0
1.5133419463647255,1.57171584584601,1.559247579788625,1.5541694125494017,1.5937126400697157,1.6437508060450654,1.6161553740981147,1.642293302076532,1.6762470793736732,1.6582237410950385,1.6071286630086745,1.5,0.1,1.0,0.1,1.0
1.524400577746024,1.5121343571209327,1.5269939914241235,1.5249570736605254,1.5163789936975338,1.5286271973210843,1.5017702506933839,1.5237623564510123,1.5463756174149896,1.5918683028920424,1.5628900690336245,1.5,0.1,1.0,0.1,1.0
1.4325731797509589,1.4524562311460119,1.4930575430039583,1.5117673414916335,1.5416535602111319,1.6033416100179234,1.6034682700975245,1.5757599073746857,1.54638229131273,1.6001418376665473,1.643392144137876,1.5,0.1,1.0,0.1,1.0
1.5281422846244532,1.5522324042882305,1.558118935056581,1.5487801770165865,1.5467937511355963,1.5303949131441805,1.5215487678698778,1.553310552614678,1.5309496072804294,1.550768639461041,1.501985314155948,1.5,0.1,1.0,0.1,1.0
1.4309995714664379,1.4292684058099263,1.396167567388067,1.3972753970779224,1.4108822218404844,1.4063957732303969,1.4262644585515762,1.4123473906830166,1.41716657309117,1.4523458947827812,1.4703314345907366,1.5,0.1,1.0,0.1,1.0
1.4390653416394434,1.409083922615321,1.4370067604162928,1.5096272114197533,1.5477772415425457,1.4808452521121196,1.471849051231939,1.469550452363685,1.489130136626843,1.4784023049756356,1.489803404345246,1.5,0.1,1.0,0.1,1.0
1.350544714720065,1.3263869583978145,1.275365534794962,1.2626295548590611,1.2701184174309303,1.29318370548916,1.2804678310388373,1.2898685563896626,1.3203125479273037,1.3525097379496196,1.384248654078325,1.5,0.1,1.0,0.1,1.0
1.6000938861252108,1.568889464734579,1.5793063831529075,1.5304353377056732,1.5599609738411768,1.6393303391411929,1.6125080763430077,1.6112546021932839,1.5824073110103454,1.549248596961735,1.565474607101573,1.5,0.1,1.0,0.1,1.0
1.3833099138824585,1.4107918817069354,1.4062778900644632,1.4302768537449084,1.424230112432568,1.4701481966307388,1.446862849806253,1.4943911850734917,1.513154703149344,1.5058263541342691,1.5596786308829234,1.5,0.1,1.0,0.1,1.0
1.4615862815251055,1.4801915209021361,1.5157294456276957,1.479249840120536,1.4121553758658174,1.4180672716424112,1.4172497077405748,1.472263487921895,1.5036091720262899,1.527871315635322,1.477355674231444,1.5,0.1,1.0,0.1,1.0
1.549171072210297,1.5717680299662986,1.5609893324462434,1.5635510896399962,1.5256643547939828,1.5584047624735413,1.5508359147851782,1.5505365453499582,1.5279303850793777,1.5584990259680431,1.5769306894285913,1.5,0.1,1.0,0.1,1.0
1.3639922433220988,1.3756184188943454,1.440745614642648,1.440426979757867,1.4653971060724427,1.4633985306876691,1.4248344815825345,1.4947949698258827,1.4952952525545498,1.5209203506842395,1.523374515937335,1.5,0.1,1.0,0.1,1.0
1.5351007884263839,1.4761278497870185,1.4319897947387739,1.3814877337996678,1.401271100536539,1.4346639724317265,1.4330775121000854,1.458570419161498,1.5178183090383865,1.4902353131142942,1.4638726846192003,1.5,0.1,1.0,0.1,1.0
1.480615239072041,1.4595466326577657,1.4415342608220645,1.4037502996998907,1.4298413473866356,1.364894215727649,1.4190407894030617,1.4250398425829562,1.413211577282355,1.4195012494947732,1.4506126939026238,1.5,0.1,1.0,0.1,1.0
1.5795059238771787,1.5945520189902591,1.5600463604187844,1.5523470660478378,1.532907144032204,1.5665218489587196,1.5794296054791623,1.5457164106933088,1.5957075105864966,1.6232378807311922,1.6145897772680429,1.5,0.1,1.0,0.1,1.0
1.4163768034957067,1.4512856704864385,1.5212122020682668,1.5067304220863813,1.4328864459470747,1.3794992919296774,1.4164908431812346,1.4397545090289108,1.4542676793657328,1.4495106169483156,1.441829720367936,1.5,0.1,1.0,0.1,1.0
1.4742588905652736,1.4994397035372145,1.4943460749532147,1.5134894174131475,1.5685766465027686,1.530761365449163,1.5304422440624046,1.557426064453611,1.5279103985705818,1.5748740693876329,1.6051246371594474,1.5,0.1,1.0,0.1,1.0
1.5052634899381736,1.4580782764962075,1.4460687517489854,1.478802864393436,1.3995715401260134,1.4126415845497784,1.4067412813461153,1.3879560488982805,1.4298871802842061,1.3994421040556153,1.3960742688185819,1.5,0.1,1.0,0.1,1.0
1.5763718522686252,1.5957448646838817,1.5657279503859587,1.5746282340298627,1.5044967552810693,1.5114153455182886,1.4496938271252118,1.410397793462219,1.4609285336147924,1.4805562176472662,1.5198851276769383,1.5,0.1,1.0,0.1,1.0
1.4093552594593755,1.4033758791711453,1.4000687118117654,1.406554700728359,1.323217044891717,1.2953505482375351,1.3077950828341363,1.3613771334797762,1.3407559857794082,1.3639919161318559,1.3340059082682159,1.5,0.1,1.0,0.1,1.0
1.521460720615754,1.5029872246692277,1.5121137129376017,1.462805242289519,1.4313519590100852,1.4411349277003251,1.4524973446849228,1.4328499078197605,1.3893058440672845,1.4170049107168416,1.3862612714338705,1.5,0.1,1.0,0.1,1.0
1.458797553441141,1.5041995161846182,1.522215792706623,1.5466862426941397,1.5008475508972543,1.4860783544174587,1.5009363816367884,1.5048527655693298,1.4525505064128965,1.4604615788602247,1.4237460286294992,1.5,0.1,1.0,0.1,1.0
1.5004373151663228,1.4811776076193028,1.5276723388348725,1.5117054871902549,1.455970923533098,1.5253278624293418,1.5151700479728798,1.472521934914619,1.4776653686802903,1.4586249996376226,1.4525998161848819,1.5,0.1,1.0,0.1,1.0
1.446662986212763,1.4959910768740317,1.4909961631529132,1.492487487664826,1.5007335780638316,1.519312606130495,1.5315375442468229,1.4838312346696325,1.4369710225547685,1.4389082980466346,1.4231435014460623,1.5,0.1,1.0,0.1,1.0
1.4640171881406239,1.5110611718055833,1.4891400958649674,1.5322326803846464,1.5436517041830085,1.5738234123165376,1.5521667441557736,1.6186974296208951,1.5705215146267193,1.5580141895739152,1.5206742473677544,1.5,0.1,1.0,0.1,1.0
1.6336903196220736,1.6562875074868435,1.702430254614092,1.6589873857696815,1.705581934342119,1.7056549948422175,1.6758137804823454,1.6560571092708725,1.5643217063651225,1.5675222041703374,1.5565386360558138,1.5,0.1,1.0,0.1,1.0
1.5830903883454412,1.6156826368714774,1.611823846062969,1.6330826151704743,1.6340579782594284,1.6204576526740397,1.5847181160817325,1.5432537065619503,1.502045845256248,1.5384311601230003,1.5316458061044556,1.5,0.1,1.0,0.1,1.0
1.4713787892362455,1.378193736034761,1.4155979924576092,1.4370329826778703,1.4289514636522422,1.4543569184994212,1.4140047307367187,1.403927888025995,1.425578851690727,1.4499194810778895,1.4558323031767553,1.5,0.1,1.0,0.1,1.0
1.4541153973937304,1.4472722676739143,1.4537861071901508,1.4727249457637428,1.5093492098250492,1.4719487163642588,1.4735186099847986,1.5038712344142209,1.5536090579978237,1.5456783795085414,1.51802476103953,1.5,0.1,1.0,0.1,1.0
1.4684180467770256,1.515662940745307,1.4557530300606312,1.499922914294987,1.4835797434409892,1.4545356621533616,1.4273652287301712,1.3765686382424445,1.4366746817631866,1.4739373136334604,1.483182760012555,1.5,0.1,1.0,0.1,1.0
1.4966026373159453,1.5079935018481003,1.5422276991702801,1.512285108790777,1.508915214724409,1.5435209035667894,1.5066805487809942,1.5153226866528786,1.5053451126198958,1.484860459808441,1.48989275250128,1.5,0.1,1.0,0.1,1.0
1.5250458388458883,1.515756003034037,1.5955422763361713,1.5569203334617796,1.5574821927321298,1.5374758439806602,1.5347947250144465,1.5393239694141836,1.5169278061595965,1.4296724271850076,1.4655325440135647,1.5,0.1,1.0,0.1,1.0
1.498019039093846,1.4267576115609988,1.4776903719126226,1.4800682679979364,1.5198430760279613,1.541911997619907,1.5411529999485802,1.5697250623735202,1.5553251936420547,1.5455789769345425,1.5513229120481153,1.5,0.1,1.0,0.1,1.0
1.4157225372761537,1.4929669396814735,1.5496792963512775,1.5859939184572498,1.594421898247,1.5270095502483712,1.515255717606956,1.545401635936516,1.593752934170493,1.6110941684529725,1.54981080528691,1.5,0.1,1.0,0.1,1.0
1.4622711105527482,1.4833581507230116,1.5104196076680165,1.5556575694326757,1.5488324014553254,1.5840492854274681,1.5626690869606765,1.6222696523549143,1.6319013603764714,1.6273501376856527,1.5939366003360977,1.5,0.1,1.0,0.1,1.0
1.4585867777148005,1.4902952278010873,1.4964821382577993,1.5140267298275525,1.5160583568757637,1.5139699813012923,1.4392393351280512,1.3981922873892438,1.3567246106225126,1.4004750469623173,1.4311112701184912,1.5,0.1,1.0,0.1,1.0
1.5061450463971022,1.4914819592460014,1.4545482746602565,1.5060328874981355,1.5035236795626774,1.5484732840242161,1.4780327639571977,1.4933746096197793,1.4793931718185718,1.4304699587237977,1.4104780990896697,1.5,0.1,1.0,0.1,1.0
1.455413703116753,1.4990902288698047,1.4951306219454787,1.489390545604634,1.5285528812726836,1.547702316971016,1.5384245555410891,1.5319200129252395,1.557380994848949,1.628838429562409,1.6438926369636901,1.5,0.1,1.0,0.1,1.0
1.4006273288114093,1.4095364865959406,1.3812720453564677,1.400368959007408,1.3850998897251157,1.3814596898737717,1.3979340213099898,1.404618030753604,1.3953569507594519,1.4340658616793183,1.458943909648257,1.5,0.1,1.0,0.1,1.0
1.5086510150996515,1.5153475535374081,1.5614889772914236,1.5541813253964245,1.5894381498713115,1.5598341301883303,1.558161661513064,1.4958447018548726,1.481984272669784,1.5408259897110648,1.4828068548401674,1.5,0.1,1.0,0.1,1.0
1.5350572187870541,1.4618723992132783,1.4452060222145595,1.4339261697515722,1.4549242019741828,1.4470338721709377,1.5464518376401637,1.533038227603551,1.5485851787852678,1.6039475294206296,1.6239956301699836,1.5,0.1,1.0,0.1,1.0
1.501055241252367,1.5347134042723063,1.4427189135818936,1.4735911933703687,1.4852825571525716,1.483942183395529,1.494318724274602,1.4742052688564071,1.4845443686391233,1.4827713080437195,1.4578457822944237,1.5,0.1,1.0,0.1,1.0
1.555626767449796,1.5936718523015614,1.5706043703939203,1.5506333923577664,1.574823714307544,1.515601055378733,1.4427031284931078,1.4289047648321438,1.436338386586087,1.4772242583295985,1.4946940567963845,1.5,0.1,1.0,0.1,1.0
1.4259898010827399,1.469190784327467,1.4669854348356919,1.4407679066536099,1.4308404404991601,1.5154604137233187,1.55175381163773,1.5638931175041213,1.5930688718032218,1.5617801475587334,1.6007917246659449,1.5,0.1,1.0,0.1,1.0
1.403805515428559,1.457932942248486,1.4453847142444385,1.4549348467128118,1.3606229706678685,1.413309503561424,1.3710307657111842,1.3499734965298535,1.3519927379421972,1.4537537738665314,1.4553065680060018,1.5,0.1,1.0,0.1,1.0
1.388696097164682,1.3903037982624635,1.4006130495534201,1.4403777368182358,1.4356551840020064,1.4104857254895358,1.4489465302150948,1.4606554946585089,1.475058773556743,1.5370506711908416,1.5438809221858392,1.5,0.1,1.0,0.1,1.0
1.5380144831692415,1.5576600132066087,1.561513447848437,1.5705057475717452,1.5880254097001008,1.6202551464953507,1.6594132286586796,1.6248302947104998,1.5935674785889744,1.647593736059576,1.6008002086275264,1.5,0.1,1.0,0.1,1.0
1.5579032929785914,1.5458604847449031,1.524550298075112,1.5022689663564635,1.5036785318286932,1.5076670930057032,1.5071184677156682,1.493181476875373,1.5498370117550073,1.5347366281715535,1.5168747491014358,1.5,0.1,1.0,0.1,1.0
1.5566370989440013,1.5231297564562492,1.480394799229905,1.4618503982702158,1.4986847227083435,1.495257107893507,1.5146321244100316,1.5651034794982084,1.5701101835085565,1.52846529479111,1.4428622299521523,1.5,0.1,1.0,0.1,1.0
1.5968855833378608,1.5828925452337876,1.62284611239921,1.5813032673212823,1.5562414288956763,1.6152123085386014,1.6381618858128315,1.6516056163891353,1.6465777963699157,1.6593983720885053,1.693570767902179,1.5,0.1,1.0,0.1,1.0
1.5702335972451171,1.6010351588371854,1.6064113517237528,1.5777138612310928,1.5451341270569068,1.495438233605942,1.4801709265100484,1.511106497074603,1.5089447890414536,1.4263005239184807,1.4370747412194722,1.5,0.1,1.0,0.1,1.0
1.5050117375311913,1.5204455725322474,1.530291916266349,1.53213746477394,1.483534191285422,1.506690199197121,1.4453495456377197,1.499703118386713,1.5519467930171993,1.5351352973095065,1.5400578864251162,1.5,0.1,1.0,0.1,1.0
1.4843584933384917,1.531017692191622,1.563271426873176,1.5486087180804515,1.5654399636050325,1.588089984190266,1.5494610481137485,1.4966695878435174,1.5294865590810778,1.5570412762288603,1.635779876169116,1.5,0.1,1.0,0.1,1.0
1.5170834811505063,1.5189860742187793,1.4848369805344097,1.50530095722085,1.5165304467019975,1.4999597829895424,1.462827526640221,1.4461025150975626,1.4656608682172423,1.514682689341139,1.5362058904398506,1.5,0.1,1.0,0.1,1.0
1.6268711011414883,1.6110470051001182,1.640415431039848,1.5934168749266127,1.5775544221671398,1.562595078072373,1.5951741925368959,1.6095891749385305,1.572450288206462,1.542092124620329,1.5683433609892348,1.5,0.1,1.0,0.1,1.0
1.5277821020622342,1.533025402430906,1.5083566316414803,1.5244680772722072,1.4887993714425023,1.5286004227299168,1.5516419562532748,1.6078415187573802,1.5877192101609416,1.5780713536614952,1.585039433123919,1.5,0.1,1.0,0.1,1.0
1.34918662244153,1.3452422675409543,1.40610127461832,1.4558091454799782,1.4349002210292596,1.4445314852033182,1.4470349818463941,1.5132874732803934,1.5239733671835225,1.51775664934434,1.5827625785304376,1.5,0.1,1.0,0.1,1.0
1.5469749012559597,1.5504649604461216,1.522136013270279,1.567027148418607,1.5459174475483093,1.54461312081794,1.5284334652124096,1.5408742297894782,1.5770892433533092,1.5394876920945677,1.617943253648541,1.5,0.1,1.0,0.1,1.0
1.4252571092119943,1.4423931492839108,1.3912275822430018,1.4082232497177425,1.4434546544726856,1.4969868153351962,1.4628104153181938,1.4838511686317242,1.5434825855819718,1.564015172844932,1.5163198908066329,1.5,0.1,1.0,0.1,1.0
1.415507625705021,1.4134498096574803,1.4259649687560736,1.421055292308111,1.451464504277459,1.401584170387534,1.4048962672937566,1.3567529756349406,1.3739260236813373,1.4096779050431258,1.4150974116310155,1.5,0.1,1.0,0.1,1.0
1.5488560126615378,1.5158376461095335,1.4673535625723875,1.5196696883488445,1.5518463161185914,1.5365522834429401,1.5311231933238065,1.5756278528296175,1.5788902579666133,1.573594736562333,1.5993572911547165,1.5,0.1,1.0,0.1,1.0
1.4080254680220512,1.4756461518903234,1.4573551042396848,1.4830153148568,1.4433393543707789,1.4401268746353229,1.4486929908126913,1.4800109189233899,1.3980180415679753,1.400507571216827,1.3946012174778486,1.5,0.1,1.0,0.1,1.0
1.3181530153290757,1.3005499485377479,1.3229697226178518,1.3545599976145057,1.3209579791434691,1.3310534800720348,1.3650803420823878,1.3636376202164369,1.2884963754266772,1.2939136930835526,1.3548682498871474,1.5,0.1,1.0,0.1,1.0
1.51044211905967,1.5158437219940766,1.5851755149907725,1.5673808420683188,1.5910799878492141,1.5669678981205404,1.5990424265330168,1.6256190633693892,1.6134784195409522,1.539544942093327,1.5274503056922588,1.5,0.1,1.0,0.1,1.0
1.472467060921059,1.4751169926072427,1.4798377405171461,1.5163617626455324,1.4488882922173563,1.4504751811352656,1.4210226485869204,1.4588390276456624,1.4773848246350798,1.5137968367105787,1.5208966014886327,1.5,0.1,1.0,0.1,1.0
1.5015822909573011,1.5360298901730143,1.5114873238689273,1.5261652877518859,1.492235067713698,1.5220131113929272,1.4752738931845057,1.5093024092479688,1.5048011298985382,1.4886759466513517,1.4963700599577652,1.5,0.1,1.0,0.1,1.0
1.4914331341283027,1.4905765518028586,1.5081386735265037,1.464214196123623,1.4363782881487055,1.4277328201158583,1.3940354717352965,1.3447878095868886,1.3799363646700995,1.3519283705798202,1.361236722152885,1.5,0.1,1.0,0.1,1.0
1.4972399892824495,1.4428390606858752,1.4693183028607864,1.4609558343525857,1.4837646494411691,1.4736012704097212,1.4446359316245454,1.4790411650551296,1.451455211823497,1.4512807019406035,1.4895916802362785,1.5,0.1,1.0,0.1,1.0
1.545858706008546,1.5204682094742443,1.511565822898693,1.5796686595621325,1.5081192519858746,1.4872611268891671,1.4882316474352328,1.4865636411173282,1.4740528328320142,1.4784370825650877,1.4757688007423295,1.5,0.1,1.0,0.1,1.0
1.5992957550915023,1.6002496633648566,1.5926850399747547,1.5414081348626916,1.5538248626721878,1.5780081902792105,1.5992816843644961,1.5782188935349029,1.5684858669317756,1.570836787388675,1.5599488189033266,1.5,0.1,1.0,0.1,1.0
1.48503398569756,1.5139069690800966,1.5044248977655923,1.5331151598528476,1.527031530075218,1.5527480151961461,1.5137689049622702,1.510740919410702,1.4950031291161963,1.5062014086919369,1.5051862801189448,1.5,0.1,1.0,0.1,1.0
1.5293366603442953,1.5715021640280795,1.5696460308028048,1.6030221677510261,1.5969443165990573,1.6504732090524146,1.6440073492227976,1.560401328960833,1.5166634748627656,1.5395747548008363,1.5484585542325078,1.5,0.1,1.0,0.1,1.0
1.4578340062216912,1.4921835141111253,1.5254934196844923,1.540570146868734,1.5374114809885178,1.5379198661945357,1.4882377768153074,1.5027528953247777,1.4777804795199032,1.4446612167381019,1.4167128803192075,1.5,0.1,1.0,0.1,1.0
1.4934311773712519,1.5036087474069175,1.5246833312084394,1.495052646998511,1.5402503559824932,1.501356910740764,1.5244082819132099,1.531297521089084,1.470374408716142,1.4435511649585508,1.4257635683909795,1.5,0.1,1.0,0.1,1.0
1.4365405898311343,1.4590947571640862,1.4941491543630814,1.527949088827833,1.533463730968391,1.5280263248351562,1.5362619623556764,1.5444728061501325,1.5411612049759356,1.5732044854434357,1.5612358270323428,1.5,0.1,1.0,0.1,1.0
1.4714312665166518,1.4946712426838415,1.4718060713921477,1.4246147948681942,1.4332720146831779,1.5109388073947045,1.4900518304723072,1.4865720987378586,1.4823452180831374,1.5234267503874146,1.5465612604903025,1.5,0.1,1.0,0.1,1.0
1.4961478796717158,1.5368564664465083,1.5491107810436544,1.5215017659043903,1.5047304388787794,1.508665247854273,1.5117521402472738,1.4769641945976548,1.4437199432676984,1.4200142304076584,1.4491689171882083,1.5,0.1,1.0,0.1,1.0
1.5417769257511866,1.5361020758298525,1.5640271570813447,1.5655526176283887,1.5549744355982447,1.5774266187415935,1.5707805296955881,1.5512565955839994,1.5048148075626524,1.5633877665786187,1.5069673275112465,1.5,0.1,1.0,0.1,1.0
1.603023199441353,1.5633160791173035,1.5270417274647705,1.4764384278029303,1.5242137764559167,1.5339300989787172,1.5220070027505623,1.526989463376661,1.5451625532591238,1.5338027859580499,1.5143630341977952,1.5,0.1,1.0,0.1,1.0
1.4403969067348843,1.4559703128312484,1.4759060824119834,1.5213010841541186,1.4915658296983705,1.527185524703608,1.5728541117650028,1.551819113921335,1.5828179681027068,1.57535612061581,1.5463116360643614,1.5,0.1,1.0,0.1,1.0
1.3791077953724369,1.3490278232663848,1.4858930699418982,1.529153166032509,1.5501502591324081,1.5634505344863803,1.6171784224106878,1.6253708014916914,1.5713013452808993,1.6237101653097414,1.588159014187655,1.5,0.1,1.0,0.1,1.0
1.411908735578188,1.3333237563206428,1.399030806873015,1.409088808645016,1.4710823290815613,1.4388747389937055,1.437341484921289,1.453077387653166,1.4415907723943928,1.4930821230328375,1.4802504017821925,1.5,0.1,1.0,0.1,1.0
1.4434889526628691,1.4224284439148853,1.3918122512041948,1.386376085482148,1.3883753695439918,1.3985893475028626,1.47261256145113,1.4898381448831295,1.5211538121244446,1.5495804847474983,1.5468824043886915,1.5,0.1,1.0,0.1,1.0
1.4588230725779527,1.5280710890947276,1.5484648686460045,1.4998704814169044,1.4526026011017261,1.4249859265779135,1.4166058217110438,1.3903800093285104,1.3799497858844725,1.3897575690126796,1.4697896393945074,1.5,0.1,1.0,0.1,1.0
1.5006400818987835,1.4835655070831444,1.5157698343674617,1.499013832081206,1.5424885083641091,1.543932392653065,1.6010866450418642,1.6217939598454552,1.5704493602917509,1.5649709996188401,1.5441237422014835,1.5,0.1,1.0,0.1,1.0
1.5570295023640335,1.5642969987084105,1.6324944763578384,1.6231412226887665,1.603978510294653,1.5935604278222484,1.5391306226641241,1.5645895870549846,1.5489599198668702,1.510469448112757,1.5138826730893862,1.5,0.1,1.0,0.1,1.0
1.5494540474629093,1.5579923078376168,1.5148380936355066,1.5421612589768319,1.5538308047933815,1.5307432662472085,1.5120024895505644,1.515931594425782,1.507477634432818,1.5033462571661074,1.5238018266193587,1.5,0.1,1.0,0.1,1.0
1.400309262943924,1.3579346373906396,1.3383954417838464,1.3659628521132265,1.4099712465489673,1.4122430151124077,1.4351043812489146,1.464032576486116,1.4345906691572712,1.4666616828326384,1.5056911978161904,1.5,0.1,1.0,0.1,1.0
1.3879442590154734,1.4106180448923582,1.442736967853553,1.4726703711093552,1.4474636023358785,1.480250541373295,1.4558328007306571,1.4767362966687512,1.428625721055415,1.4071645669961457,1.419578118087814,1.5,0.1,1.0,0.1,1.0
1.5850472066740613,1.6186038898830644,1.6057267850366221,1.606020524994427,1.548240489688441,1.5764213477226012,1.542544923949852,1.5379410818060635,1.4858761544488883,1.5197873419691585,1.4739852750282627,1.5,0.1,1.0,0.1,1.0
1.3246411794067363,1.33668310077394,1.3075651236578425,1.3031593071375154,1.2372471390387052,1.2617116271032685,1.3409569661350693,1.2971258058351889,1.3483644758672289,1.3530355705905988,1.3467815881487495,1.5,0.1,1.0,0.1,1.0
1.475778222894596,1.450519186193973,1.484430527138801,1.5245068813634037,1.5892021571240356,1.6217364685319806,1.6403942040856265,1.652813101200417,1.6272535476692687,1.5905344438369986,1.558280995738574,1.5,0.1,1.0,0.1,1.0
1.5329237672837177,1.5059993900588526,1.4399130209867028,1.4530900075277038,1.460350152595957,1.4647272256383448,1.4681380148167784,1.5292976902233686,1.5312964054529716,1.5130741219191668,1.4966748741902054,1.5,0.1,1.0,0.1,1.0
1.5659648394286616,1.5319242608973207,1.5255517738095623,1.551714572847712,1.5591535134349754,1.5365919203980003,1.5009374971179,1.5226014012360742,1.5122204724331247,1.5249680076372427,1.5372446365323713,1.5,0.1,1.0,0.1,1.0
1.4355504817543592,1.4483934950981667,1.4610353786970594,1.4625028375087101,1.4960275261714464,1.555999226697272,1.5422744607085777,1.5654461452058128,1.5488257407865065,1.5593085521846213,1.5417080086378478,1.5,0.1,1.0,0.1,1.0
1.4858938864215516,1.476534375100734,1.4526889333069855,1.4382708680562932,1.485660790216751,1.5328602024187843,1.5366295961749377,1.5118355348515085,1.5028208202527478,1.469906050070922,1.4878548755766057,1.5,0.1,1.0,0.1,1.0
1.4846295731255108,1.5113700086714565,1.446128180071441,1.522619942113955,1.5987891289829115,1.5620023352579324,1.5565181823919751,1.5429782104894567,1.522434102505977,1.5335079429344203,1.5952219009853408,1.5,0.1,1.0,0.1,1.0
1.3494324702334473,1.4046681917871604,1.437692960352881,1.428720508128228,1.4283994907405184,1.4178374891214902,1.4922954344673867,1.5277100530317251,1.5547685534862183,1.5572910045293418,1.5546699345000303,1.5,0.1,1.0,0.1,1.0
1.4755493525156955,1.4496029154224501,1.456508645516433,1.4352252931228036,1.4399685860375075,1.464156063269267,1.4944424915406973,1.4901023817936248,1.5440313790763622,1.4666991407736065,1.4414534603433358,1.5,0.1,1.0,0.1,1.0
1.5275949093572687,1.4933985820395579,1.4820174365608372,1.4917877095942629,1.499049765937044,1.5182070307040532,1.4761057983311665,1.4672803201814502,1.4183989771390646,1.4061223934601774,1.4339197060938107,1.5,0.1,1.0,0.1,1.0
1.6211179016128443,1.6310998313021103,1.622066483237313,1.644290618177864,1.6094405319797738,1.5947256757761454,1.566349965024912,1.5239426394179043,1.5110892840600298,1.4537483367032946,1.469697602744002,1.5,0.1,1.0,0.1,1.0
1.5286115556417514,1.5204940626994532,1.482760482489928,1.4796225163893377,1.4447851353788805,1.409957104971833,1.3914796247873522,1.379234380463214,1.3935701110369274,1.4509611390144463,1.411368258243849,1.5,0.1,1.0,0.1,1.0
1.3933068260483183,1.399828590427073,1.4189716891289204,1.4271260064065083,1.4121035638422414,1.4309455229406263,1.4402596368821339,1.4192885403155338,1.4924261872641622,1.5207069989527806,1.5557341540460492,1.5,0.1,1.0,0.1,1.0
1.44603676745286,1.4796705218840627,1.5438734469925963,1.4799251033724152,1.41948810208048,1.4574430303299657,1.4304403108339758,1.4463948307326906,1.4615866833689368,1.4446700976365205,1.4744359128330586,1.5,0.1,1.0,0.1,1.0
1.5512507582502268,1.5595944796486692,1.5524182375497364,1.5398140344812425,1.5170776067207092,1.473687468200132,1.4509861809542894,1.4274230659527642,1.4077505667533976,1.4096032527495337,1.3946784470009561,1.5,0.1,1.0,0.1,1.0
1.4197241856394722,1.4310437727736127,1.423831793422093,1.4426292436071702,1.4326574755461385,1.4626746212296682,1.4573871239646352,1.3933333055661457,1.41462108539375,1.4231979507190542,1.4119935039082767,1.5,0.1,1.0,0.1,1.0
1.650480271367855,1.636770012635906,1.6223254170390684,1.5829868908966265,1.589689281563786,1.547495087622167,1.5405825411303946,1.5163455831798878,1.4791187335264564,1.5017266074351237,1.4736123793579665,1.5,0.1,1.0,0.1,1.0
1.3718096574359187,1.4409809276401453,1.422950372217704,1.4031394246920783,1.4156891605456734,1.362461704199735,1.3540016450164638,1.3814318705286055,1.368593620064163,1.3583838969710047,1.3677190911382213,1.5,0.1,1.0,0.1,1.0
1.482727181209861,1.4539470268073564,1.449767680368524,1.4504425949975712,1.465624347037944,1.4374689628365713,1.469403386348763,1.462251591777252,1.4945854537312964,1.4597420482840044,1.4832691890827705,1.5,0.1,1.0,0.1,1.0
1.5228356471408226,1.5157947327386523,1.52273014123678,1.4862378655531376,1.497045476740857,1.4988308861510207,1.522024546059758,1.4872082934129582,1.4927907578339454,1.4754298035543865,1.398038789872854,1.5,0.1,1.0,0.1,1.0
1.570790078049099,1.5985684136805776,1.5633270893452533,1.5153814557078444,1.505478580649094,1.5057378584502497,1.4918222933237644,1.4971487382714515,1.4983591216706662,1.548914127755104,1.5852072328569176,1.5,0.1,1.0,0.1,1.0
1.503681668290624,1.5436064295974212,1.5084315969887276,1.5312171624663524,1.5517743796469117,1.5798708567747215,1.5362548141977177,1.4803805206624918,1.5066843172474405,1.4985285583069474,1.5622012568266757,1.5,0.1,1.0,0.1,1.0
1.4600305295133067,1.4905720176690487,1.4359475334416578,1.4044367562263333,1.4903487637201376,1.487504978045878,1.4922704154723847,1.49050472567412,1.5024542449802443,1.4879105790228455,1.5021336482337229,1.5,0.1,1.0,0.1,1.0
1.4298108575463375,1.4697153312222406,1.4768536558271628,1.4686387218682613,1.4635370219441892,1.500605682666512,1.4888490938816188,1.4760070509142116,1.4803883580999002,1.4511531868762713,1.3973124515011075,1.5,0.1,1.0,0.1,1.0
1.4719469341320237,1.4903068024200983,1.4983731803875555,1.4972675785566747,1.4651634668759383,1.458545956765542,1.5382141516614938,1.5688165374233993,1.5642243658212323,1.5482584253515197,1.5775349183514293,1.5,0.1,1.0,0.1,1.0
1.496896411103716,1.5508049965255393,1.5406193037161975,1.5374468146752691,1.520747497389224,1.5374495539177424,1.4750798119881232,1.456702143291311,1.4936371556920418,1.4471929324320403,1.5034831528850032,1.5,0.1,1.0,0.1,1.0
1.5210218895913066,1.5726853125224594,1.5389904804523102,1.499239045222704,1.5280934794069596,1.4788226267349935,1.457412930643683,1.4330145789958304,1.425525303853744,1.380646476030722,1.4204140782068209,1.5,0.1,1.0,0.1,1.0
1.4817916424545459,1.4952762504687922,1.4838899280066005,1.458016007864414,1.4791702143858265,1.441313771057565,1.484179851113217,1.4973710620193788,1.4672853930947647,1.5158828691983732,1.564094040199417,1.5,0.1,1.0,0.1,1.0
1.5523334749867388,1.5777669492834425,1.5722734645877807,1.5955129489820983,1.5622785354833315,1.5459245181306465,1.569839542008513,1.584210039506955,1.596329476034519,1.6404525793120261,1.6038755220132097,1.5,0.1,1.0,0.1,1.0
1.4982435141676567,1.5422920241525357,1.545648073668373,1.5263217698224103,1.5336432571795489,1.5569173316543223,1.4959481751830768,1.5407137392037202,1.5117829678736883,1.4507921479353925,1.516557495319104,1.5,0.1,1.0,0.1,1.0
1.3922283645060798,1.365621191356874,1.4034805630703957,1.4475599131046888,1.4584982246911244,1.445602135055536,1.484066320005463,1.4838059139096,1.4578668978152787,1.475869678956637,1.4743958858171957,1.5,0.1,1.0,0.1,1.0
1.5342957145075462,1.548721499537675,1.54752894070054,1.5004846017331512,1.5854373822816838,1.5931777041657127,1.5879151659023827,1.5742366815247035,1.5836710234651585,1.5223223226275142,1.530721908494067,1.5,0.1,1.0,0.1,1.0
1.4937372759936063,1.5408842978966821,1.545204924675651,1.5113515758743277,1.5084435263832368,1.4848461447071177,1.4854522942471713,1.5073445936081773,1.4976003634179156,1.524232910169895,1.584467420153139,1.5,0.1,1.0,0.1,1.0
1.5671543802766985,1.494013263776691,1.4949370782633753,1.513018954374512,1.4637576049046157,1.51257688546279,1.4614033038152772,1.468877055708957,1.4788716973555365,1.4970831677972303,1.522898392113516,1.5,0.1,1.0,0.1,1.0
1.527615519808587,1.5181716482312995,1.5284590134828926,1.4823088194068683,1.4668703002602794,1.4679529408854874,1.503910474945685,1.439677516737132,1.4717040806913715,1.4663125989150223,1.4477740257154579,1.5,0.1,1.0,0.1,1.0
1.5096771639714313,1.5099560290862322,1.5430223282895468,1.5303003717414032,1.4497790884652435,1.5064893048845507,1.5422145471486797,1.5412061156540875,1.5275137500838507,1.5118588504796806,1.5122987652635724,1.5,0.1,1.0,0.1,1.0
1.4488223081049034,1.490374353860033,1.472184082692365,1.458808179411641,1.453918184886761,1.434880898289784,1.4534103217514878,1.4613158321495952,1.492461710451353,1.5070301727344875,1.4530521783698322,1.5,0.1,1.0,0.1,1.0
1.6272109018125305,1.5605157071984421,1.5896172395598336,1.5167749701354785,1.5003590493368908,1.530628131162624,1.5297166883888573,1.5183993521841466,1.5175679759393446,1.5416665452001002,1.5564699972476774,1.5,0.1,1.0,0.1,1.0
1.4415684192447367,1.472496788919606,1.509951635629745,1.5309848418802592,1.5119799336181945,1.523488912953747,1.4904621547248424,1.4830791715924585,1.42611085318312,1.4002363480910163,1.401927852124745,1.5,0.1,1.0,0.1,1.0
1.6361413841720958,1.604492652625812,1.5466361579700425,1.61602102420422,1.6175714186003387,1.5886449085028425,1.5136068358730872,1.5162711179901098,1.572025874447103,1.58655609105843,1.575127265188754,1.5,0.1,1.0,0.1,1.0
1.652998083258085,1.6531160168118615,1.618829131095362,1.6270046866095949,1.695409192040493,1.6817162149079845,1.6380044606624145,1.6415616930174979,1.5822093089979623,1.6126082530883172,1.6211515420450955,1.5,0.1,1.0,0.1,1.0
1.4776091073296174,1.5096596832217162,1.5893530558094455,1.5995745159876305,1.623800229097055,1.5922553782043152,1.5468727372952111,1.570435546228118,1.5648577284566927,1.5188822049723454,1.4866878456034067,1.5,0.1,1.0,0.1,1.0
1.5695726916046975,1.5835365553272234,1.5121694705981064,1.480369578629014,1.4678530353041312,1.4634411165267653,1.4262320644322277,1.4639852895924539,1.476330381443738,1.5226798548558693,1.5760708417872162,1.5,0.1,1.0,0.1,1.0
1.4128558318104676,1.4297915372235395,1.4734863428057525,1.4829780744810626,1.5161791490428094,1.566159809227597,1.5474484207811952,1.5391741337907143,1.5903709390884408,1.6030760356316225,1.5482110743033584,1.5,0.1,1.0,0.1,1.0
1.4253597051874731,1.4575912530137158,1.4419105693886949,1.456596139432149,1.488975964184128,1.5220075225382934,1.5205943008385154,1.5813678291130118,1.5970446874907949,1.5822520724004379,1.585434393342164,1.5,0.1,1.0,0.1,1.0
1.4464454149730266,1.4613334624353524,1.4203027195708018,1.389556315286071,1.3515113140826431,1.3851578349291522,1.3806047516634061,1.434329519134509,1.4859209847380697,1.494284343816652,1.484287445184874,1.5,0.1,1.0,0.1,1.0
1.5140434955359778,1.4986843538628516,1.4248587809948405,1.39123685522373,1.4011050431870957,1.3311313264646318,1.3534892347994523,1.4381468511507904,1.436162007608771,1.5070438900084715,1.473013873299481,1.5,0.1,1.0,0.1,1.0
1.4667945617887823,1.4904604328699915,1.4880959965502083,1.480881519790429,1.4575384449720044,1.487292285179431,1.4550652297899864,1.4650646235407903,1.48852165898412,1.4990644214637137,1.5058298988244792,1.5,0.1,1.0,0.1,1.0
1.5084452355860345,1.5225934367357814,1.5333630168218002,1.5243823822150528,1.5200551194117538,1.5122705021245382,1.5706996540124964,1.5641390149359649,1.5505279089313644,1.5819315354399657,1.5316258595814047,1.5,0.1,1.0,0.1,1.0
1.4780636744409168,1.5210620145535463,1.525037919332225,1.541923562845127,1.5232823953724937,1.5272471285082103,1.544764057789435,1.4807147488549826,1.425454351586987,1.466888760624732,1.4990159054156675,1.5,0.1,1.0,0.1,1.0
1.4917378431076074,1.5154636975513947,1.5424184793643616,1.527748887761602,1.5231307476346991,1.5621574891125962,1.5940700662983458,1.5896081645708506,1.6329725853913475,1.5976148900048797,1.649876434039853,1.5,0.1,1.0,0.1,1.0
1.5053776698749597,1.504680570290969,1.5123271433376586,1.5216409473631325,1.5253479968741916,1.5434329952624832,1.5271470483542722,1.496972693380832,1.5044863727070368,1.508992555573683,1.5434288356675516,1.5,0.1,1.0,0.1,1.0
1.5094137705747654,1.5664575973451864,1.5997054158788004,1.60985216102878,1.5763115242676722,1.5606282675184668,1.5611273200915516,1.5152683951734085,1.5560573552611499,1.5579786397833704,1.5621059241616806,1.5,0.1,1.0,0.1,1.0
1.5830867922106586,1.5932999513414268,1.6167169143359137,1.6499493709567274,1.680187575867067,1.7020673315111903,1.6454851830025221,1.6493250257245244,1.6288449727672647,1.5864150113534712,1.5994040860792467,1.5,0.1,1.0,0.1,1.0
1.5088295676123311,1.4932797080740168,1.476230943564443,1.5072696185482886,1.5042545357811565,1.5398938862430056,1.4943572029416912,1.5070291931825999,1.5171801079367524,1.529407984799214,1.5662405709354814,1.5,0.1,1.0,0.1,1.0
1.5108932367162846,1.4804744355187525,1.4772344666192874,1.4837565587112083,1.4884943508252324,1.5036458166599012,1.4658697496454687,1.4709020910752406,1.3946993761151159,1.430768869153829,1.4819906393057154,1.5,0.1,1.0,0.1,1.0
1.4909120842411947,1.4877897177422772,1.4908554155037876,1.4276532790589465,1.4486487162113553,1.4023592243061693,1.407808058290027,1.424166726586421,1.5286809031094148,1.60080403832102,1.5876263171208453,1.5,0.1,1.0,0.1,1.0
1.5081609208799036,1.523666225518728,1.491848763930819,1.5513597544798183,1.599740923652512,1.5728985841242475,1.5756435286802364,1.5843615495357426,1.532564786410465,1.5302242711647571,1.4993744215263065,1.5,0.1,1.0,0.1,1.0
1.5593367960248554,1.4983963061428125,1.5280832431974578,1.5065311274070023,1.4903180369751046,1.481497898720883,1.562517498558308,1.5784928501829598,1.5763192764773244,1.5819582281450442,1.5377154660369183,1.5,0.1,1.0,0.1,1.0
1.481734745474684,1.471942981121555,1.4856517801293045,1.4714019372353995,1.4432477614053547,1.4608896694958813,1.4894132703264578,1.5181524767372705,1.5161527125865406,1.4998058062430903,1.4831046271040331,1.5,0.1,1.0,0.1,1.0
1.6160183771528447,1.5784275785747506,1.5944115461822697,1.5472926414475265,1.441956040823513,1.4594514564326002,1.4644345312569882,1.4316687564730022,1.448510620393369,1.4501584063391182,1.4315219711948473,1.5,0.1,1.0,0.1,1.0
1.4789546701113123,1.5052769782822792,1.4722505653493192,1.5158968282106149,1.5731932096496264,1.5461999955935886,1.589684676211114,1.5491960833989324,1.5134082428303612,1.5156856986676805,1.494243942813823,1.5,0.1,1.0,0.1,1.0
1.537300166533707,1.5062636897856392,1.4622327278951275,1.4594499951641744,1.527173550913654,1.5282153233765998,1.4947786459052015,1.4583691862779982,1.474794559690704,1.4656018194846,1.5058639222134858,1.5,0.1,1.0,0.1,1.0
1.6354675497159763,1.6425328563623318,1.578435157590303,1.5793438569115026,1.5982002696696727,1.5634363889021268,1.5502564623927775,1.5084430269518472,1.53447030733382,1.5520788638206577,1.5645445885235534,1.5,0.1,1.0,0.1,1.0
1.5150639892767794,1.5647178096164986,1.526349379056219,1.5175715170264332,1.5094834716518175,1.495769167913307,1.4860634209236037,1.4959582836197436,1.4743227009571234,1.5193251923094315,1.5621583426951093,1.5,0.1,1.0,0.1,1.0
1.5305591271784804,1.5388702407252284,1.501464337453468,1.476255168456552,1.4906543107471464,1.5278256111356154,1.5190221984860806,1.5398779931583975,1.524942774763106,1.5306942691800038,1.5293337111308998,1.5,0.1,1.0,0.1,1.0
1.4806023140538074,1.5071891092581235,1.4879977874479347,1.4553518708322595,1.4800503668050706,1.4793027197509572,1.4613858330037377,1.417642137569863,1.4127307348690827,1.402692153074271,1.4017529345374236,1.5,0.1,1.0,0.1,1.0
1.4665899239803115,1.41491329273678,1.440866424403157,1.4299408801877225,1.4115952323664622,1.4261097412333226,1.3830795061459253,1.3818840055718185,1.3327426214989566,1.3960887734816647,1.424352334814873,1.5,0.1,1.0,0.1,1.0
1.4284591137619789,1.4240415244033466,1.440541564514039,1.4331149249761372,1.3936783450755703,1.4062677768552294,1.4113094212087038,1.450083803186157,1.4500509616369615,1.4209355860004405,1.4442696529011965,1.5,0.1,1.0,0.1,1.0
1.5844437433286407,1.6303616631440878,1.536020745562894,1.542932100296762,1.561519339847138,1.5384318079620576,1.4788495965898893,1.49787755186611,1.471136985727553,1.459456338992399,1.4697725767573395,1.5,0.1,1.0,0.1,1.0
1.45348454525981,1.4583821429198938,1.4185019645555157,1.45000415764897,1.4532613380840917,1.5030595378530232,1.481419485843119,1.485584339823435,1.478093431629931,1.457464041338995,1.4791845325954176,1.5,0.1,1.0,0.1,1.0
1.498582595997334,1.5083860177059836,1.465316100386392,1.495884526566405,1.4924563891874725,1.4696902930182032,1.447436665485856,1.4296267563495169,1.4781758999803218,1.4707780304195368,1.4488096191624253,1.5,0.1,1.0,0.1,1.0
1.5205138996577767,1.5013791019000349,1.4958816063877245,1.4772594735362012,1.4530760317412466,1.4453336694652883,1.4900879118806514,1.4850454315641317,1.4943698663610803,1.5237225456028403,1.500596695450134,1.5,0.1,1.0,0.1,1.0
1.4949978179285541,1.4793722348930392,1.4574978096871865,1.466830173481538,1.4708370303115041,1.4418120884522188,1.450020229902725,1.4765861822090527,1.4627263834837645,1.3714463739893643,1.4297574569690799,1.5,0.1,1.0,0.1,1.0
1.4675564924384819,1.4763530902014554,1.509446276626624,1.5189855225750284,1.5209443297542689,1.5054506432086816,1.5130455210312637,1.479438164873084,1.454264731234442,1.428754797348935,1.4595398688387826,1.5,0.1,1.0,0.1,1.0
1.4566726403878445,1.4381079926160993,1.4752407090758446,1.4722341692565162,1.5391644457256872,1.529772129970921,1.5620572919889544,1.6191455529288894,1.6368250923423533,1.638429817675798,1.6593677820316324,1.5,0.1,1.0,0.1,1.0
1.462405870788219,1.5198857985744192,1.4830477962161939,1.4508788844986893,1.4696279476726894,1.5210876012246228,1.479209096345703,1.47727532868286,1.5028693903436008,1.5219271616910048,1.5037244812471728,1.5,0.1,1.0,0.1,1.0
1.5592355641877331,1.5813932208518957,1.6420202392216632,1.604578671226177,1.5806449132816096,1.5538295768404833,1.5544175752742548,1.5704565968622748,1.4848925885468045,1.4788638843088868,1.4491516228284491,1.5,0.1,1.0,0.1,1.0
1.594337875946758,1.6308957269738997,1.6167908346606197,1.552175725794337,1.5764364244880722,1.5542795633745305,1.5611086772162266,1.543049120221175,1.560179508128984,1.5796185031238719,1.5884386783978637,1.5,0.1,1.0,0.1,1.0
1.4634377284378568,1.4506199628888994,1.4347029997837053,1.407705823271086,1.4269773383331978,1.4227105457463998,1.4053579754121455,1.4088101540270974,1.4301003623202189,1.465483502447352,1.5612538129277518,1.5,0.1,1.0,0.1,1.0
1.512856361914715,1.5047721672782834,1.5106357763155729,1.424153471715579,1.4327644954763854,1.425708207356641,1.4777793195094393,1.4914280556874164,1.4273437108164857,1.430313412779424,1.4402589161705197,1.5,0.1,1.0,0.1,1.0
1.4281662984811176,1.4513271476552139,1.4227342141906167,1.4462298002915415,1.3828828469011685,1.3941226645875686,1.3934591021973355,1.4057648811028596,1.4011939044332644,1.3907720296639008,1.387790904416179,1.5,0.1,1.0,0.1,1.0
1.5295581631243698,1.5454511815588101,1.4894790774873818,1.5279469545598359,1.5516008577543274,1.4973041817773312,1.4598627028784494,1.5207931380651558,1.461046648722566,1.4911722930793576,1.427180790840837,1.5,0.1,1.0,0.1,1.0
1.5226731721722422,1.5614219005603436,1.5892182067512102,1.607546374888991,1.5815532883017442,1.5298574948419636,1.5846109901930916,1.57645386496581,1.5785371130014891,1.5455122151749858,1.5544830267718746,1.5,0.1,1.0,0.1,1.0
1.5011143225502372,1.4974029732486847,1.4964079874905747,1.5141104936029866,1.469749426854333,1.5140638839094138,1.4832676829825007,1.4997701292557413,1.480621819385894,1.3921040946885053,1.3958648812727903,1.5,0.1,1.0,0.1,1.0
1.485468478628366,1.4345788077994714,1.438353243494061,1.3830096575679391,1.4080593454764936,1.3694977830622848,1.3591945653889348,1.3896369022260249,1.413712761374513,1.4026214432182567,1.4543533172354464,1.5,0.1,1.0,0.1,1.0
1.4673217474244833,1.4613755165463445,1.4690571208800898,1.4175658128284168,1.4114160663566884,1.3949699775009552,1.392195046491688,1.4299891089787689,1.423891257587449,1.4786150346752953,1.510744600688128,1.5,0.1,1.0,0.1,1.0
1.4796627851191704,1.4707539686846096,1.4968032941483664,1.510157378587001,1.535958114867497,1.5507067095177185,1.5401606279299696,1.5296503541494924,1.5084537889881278,1.5436667948981802,1.5449485985917801,1.5,0.1,1.0,0.1,1.0
1.4352724790695812,1.4384532573791147,1.4378327547780358,1.439416005010345,1.4570637593865545,1.486820317174693,1.4832548119871785,1.5359075760090015,1.4861028396687666,1.4434446382689086,1.480181945809986,1.5,0.1,1.0,0.1,1.0
1.5375465886038056,1.5738101635068713,1.5627620319464035,1.5877836986944973,1.5410248639586066,1.5368628378074032,1.5651978593779416,1.527878779035935,1.5323798411824088,1.5205084864454539,1.5027801577463957,1.5,0.1,1.0,0.1,1.0
1.4790717104618312,1.5371627846801519,1.5291406595447212,1.5126605586563524,1.5295595641919788,1.4724792924527719,1.486156924146975,1.5070559707447722,1.5197466938507325,1.4965405984073203,1.4876484862289943,1.5,0.1,1.0,0.1,1.0
1.4064012248776103,1.3674715189548667,1.391253985129306,1.430721477484528,1.3936412925736563,1.4516966004001113,1.39103062480643,1.348316643684995,1.3238170564799974,1.2923181153368533,1.2981334304423857,1.5,0.1,1.0,0.1,1.0
1.5430471624907438,1.5612007893237623,1.5535861251014318,1.5901838099985044,1.6217407037734937,1.5958172860045317,1.573930080542435,1.5160805680129938,1.5368629521551622,1.4597634269416058,1.4440705894848702,1.5,0.1,1.0,0.1,1.0
1.4061258358369921,1.4033540986874515,1.3990370034845363,1.3668455547276224,1.380946036160201,1.330604843373111,1.3421459154070068,1.3894802134404232,1.394868953574336,1.418851257064563,1.416537923423321,1.5,0.1,1.0,0.1,1.0
1.5756987360955481,1.5741851228088704,1.5489086571370694,1.5642863274933143,1.5738728900234387,1.5540829666405978,1.5603799245263672,1.5262953256996994,1.5553598957376937,1.5321291481294013,1.560386474655784,1.5,0.1,1.0,0.1,1.0
1.3820762776575986,1.3712314562212282,1.4206870468467634,1.396652653262495,1.423029224331345,1.4199082576610462,1.4448453586450645,1.4745550396870555,1.4464141636592893,1.4570967627996512,1.4563451571792259,1.5,0.1,1.0,0.1,1.0
1.514612593214216,1.495779258926356,1.5222483579336328,1.5736382083535236,1.545401156555211,1.542056859642555,1.5668388546678504,1.6074708651465226,1.6677432378470274,1.6689578699321226,1.6674283127516645,1.5,0.1,1.0,0.1,1.0
1.4629612296384513,1.4482220864025268,1.4143585617675827,1.3418841748814079,1.414287618051223,1.4597932471537653,1.4231054116319588,1.4275013106992906,1.4366685318682235,1.4350865270441686,1.4204691320560991,1.5,0.1,1.0,0.1,1.0
1.5639175292098753,1.5902105829519464,1.4898959061507413,1.5193438534648718,1.5318412760321727,1.622449562045385,1.5961758388912453,1.5758405476198853,1.5026047849011335,1.5066053787409566,1.4683213274579325,1.5,0.1,1.0,0.1,1.0
1.4529439716265073,1.4371603599415321,1.4007263130821428,1.3611159379239965,1.3621501482285197,1.3302861981665501,1.3369112176323847,1.3698225910624482,1.4560959367678195,1.4649665111020451,1.4832371475380675,1.5,0.1,1.0,0.1,1.0
1.5570098193918074,1.5781918945641868,1.6303273498875586,1.6186982823492826,1.5955615838585975,1.63207696751551,1.6025094708212486,1.5924083215072693,1.6388884258099279,1.6581505272685633,1.6162301885123427,1.5,0.1,1.0,0.1,1.0
1.5105735875730082,1.4757121361645111,1.512353538296489,1.454655395229795,1.5335232882688772,1.519244608716998,1.454045790141636,1.4500246281132143,1.4467606473573202,1.3829903992541221,1.4038472514365292,1.5,0.1,1.0,0.1,1.0
1.5082102839458487,1.5071280226670862,1.4918124280776641,1.455916973497068,1.4531894677339938,1.388205037941863,1.3720399280149627,1.3999269209538119,1.435433700197845,1.4283470149267155,1.452856077450937,1.5,0.1,1.0,0.1,1.0
1.6301925195869058,1.624282614060585,1.587959774221755,1.532690637496441,1.5145109952694948,1.4893961402850127,1.452083036326269,1.4886651299275198,1.5159189653783713,1.5079834306390496,1.5528362418124584,1.5,0.1,1.0,0.1,1.0
1.5040236588909397,1.5132062878609107,1.459679131470949,1.4527128205319615,1.4843074100433393,1.512605369895081,1.5253624809260193,1.5268437355341873,1.5187575560755244,1.5095510264502938,1.5450157407493297,1.5,0.1,1.0,0.1,1.0
1.4897318936961257,1.5392993439660854,1.5943068649406136,1.5910348596595658,1.5393968269630294,1.5435899801709763,1.5243506521264392,1.491267937805211,1.483207129476238,1.4512773808371005,1.4829094333505572,1.5,0.1,1.0,0.1,1.0
1.4498648638235165,1.4130640618032264,1.4520135444760882,1.4509786846672914,1.4592259866613824,1.4035612892887679,1.387994845752558,1.3726859790883483,1.3996088182289015,1.4405886320936392,1.4116434670353657,1.5,0.1,1.0,0.1,1.0
1.5315149301455664,1.5340640251462236,1.513833455512482,1.5233636796147858,1.572498807353656,1.5611565733392905,1.5282365803161702,1.5373066935535327,1.4998872110535686,1.5022457367146327,1.5327395086270945,1.5,0.1,1.0,0.1,1.0
1.4820237063577197,1.4753339153782772,1.4797260350135322,1.449697130611552,1.3771200732389908,1.424060865859258,1.4210769969110437,1.45543351141996,1.3924768085763561,1.4157879847706862,1.4026071031773486,1.5,0.1,1.0,0.1,1.0
1.3684284743997335,1.3547933339811007,1.38805396248481,1.4442368216112675,1.4755533530236835,1.4774789384203584,1.4412735896221502,1.484609074149932,1.4819162727310424,1.4787690928968276,1.5548962435859117,1.5,0.1,1.0,0.1,1.0
1.3584727157362604,1.354752577583323,1.3432529719088993,1.376827214799172,1.3576889347110896,1.3577039471993801,1.385397041469004,1.4367396591114823,1.433364914050194,1.422911028774558,1.4865604224528652,1.5,0.1,1.0,0.1,1.0
1.6038446096662522,1.6282649300585716,1.5819442206244423,1.574106126233753,1.539023304366546,1.4815962013381183,1.518104823224394,1.554928236366637,1.5850001115435874,1.6055530842929295,1.5747095074254185,1.5,0.1,1.0,0.1,1.0
1.582162799263044,1.6094695328994764,1.5595441903862326,1.5184362361961605,1.514009584113541,1.5384368582618728,1.572020236403518,1.611194738404654,1.64490900354187,1.633784480357477,1.6666750557148746,1.5,0.1,1.0,0.1,1.0
1.450198059777751,1.4272403467243449,1.4033693927255377,1.385493685025824,1.4224692042517801,1.4228872259520065,1.4859464337843111,1.5070169916446023,1.5056842892888491,1.512785459875233,1.519537093965929,1.5,0.1,1.0,0.1,1.0
1.4893225613429943,1.5202503052570413,1.4960974192453156,1.4937488638007947,1.5336258484161467,1.4931737537060685,1.4670139257105352,1.4560150275718822,1.4012091578695514,1.3869221115004167,1.4519399855123638,1.5,0.1,1.0,0.1,1.0
1.4884261927607856,1.4433733759715148,1.4660386429991374,1.5144021069205076,1.5475632588619217,1.558752857810014,1.50202129898321,1.4833736145362744,1.4835076678880297,1.4762285464893017,1.5228913198537202,1.5,0.1,1.0,0.1,1.0
1.4771290698340187,1.498098752923708,1.5113749616374665,1.4949299517643575,1.4684199983459485,1.45866927479175,1.4226106156875664,1.4123339443718717,1.443552964020209,1.4203331248476927,1.4508668372543851,1.5,0.1,1.0,0.1,1.0
1.393649721150943,1.3490156960656208,1.3077568891431417,1.3097678209290684,1.3195484156379793,1.3321442083007786,1.312882908438969,1.3427378783406885,1.4083310073881778,1.4059369035554616,1.4164870905163915,1.5,0.1,1.0,0.1,1.0
1.4615459108172473,1.4441228520967206,1.432994573643851,1.4256341990731594,1.3740187509399433,1.41685251818166,1.4479407281938235,1.3992956486931045,1.389880571294971,1.3992311586064237,1.441445549709751,1.5,0.1,1.0,0.1,1.0
1.429110844805934,1.421615623162307,1.4282998709658872,1.4448966676917292,1.3781866548588577,1.4006972612537325,1.3973911050675862,1.3619410270226229,1.3977364576954916,1.448845981231788,1.451439970117098,1.5,0.1,1.0,0.1,1.0
1.4397806678509308,1.462156386891111,1.401423123059435,1.4004985930112805,1.4309957990108289,1.434920512064259,1.4311561427195367,1.4544793847631177,1.4489545602706695,1.4519204528358636,1.4571482803590827,1.5,0.1,1.0,0.1,1.0
1.582750643955833,1.5850502780200744,1.609829076384583,1.61572702986112,1.5224179417094832,1.530927655526953,1.5461637068516032,1.5319491861710073,1.544244199612566,1.6041233976705376,1.5861180510180566,1.5,0.1,1.0,0.1,1.0
1.498075302385434,1.4427444396379876,1.4732905651591042,1.4848080001556334,1.4440052014847107,1.4347281150736226,1.4891664690403859,1.4812090178144688,1.4617504032021624,1.4481416299410006,1.4689512783238692,1.5,0.1,1.0,0.1,1.0
1.4007897695884328,1.4326497009483978,1.3869176897063935,1.3588293631502109,1.3327895043375855,1.3730896026892698,1.393965091325908,1.412421622014758,1.4028197090485854,1.379051240113547,1.3986800492404492,1.5,0.1,1.0,0.1,1.0
1.5204444598801279,1.575176317257713,1.5594377587564723,1.5692396901335965,1.5490611459355461,1.5503200725661452,1.5510890955576184,1.5445345281168978,1.5927681055153657,1.5534482082126644,1.556259343417252,1.5,0.1,1.0,0.1,1.0
1.5547053579278014,1.5099667590356518,1.5344582648507148,1.5025253014732083,1.5150898806510027,1.5177958636833369,1.4971554781702137,1.502041362041941,1.4851098612792393,1.4805233759682497,1.4813905845155133,1.5,0.1,1.0,0.1,1.0
1.4092126882951437,1.381442434161471,1.3766158556938966,1.3859312627052662,1.4149941711976062,1.4262898227000667,1.4353996260903883,1.4704171195052347,1.4411822841886845,1.4328866469876889,1.4645070394621673,1.5,0.1,1.0,0.1,1.0
1.4166124151902912,1.42857258491862,1.4285288385012636,1.3514206617048665,1.3930922668943726,1.3891996438028051,1.431688714182073,1.4441953350968755,1.435513303487104,1.4783844587875463,1.5013597995800536,1.5,0.1,1.0,0.1,1.0
1.527820519933546,1.5415732613710373,1.5586584955035518,1.5403433888461475,1.4935588035346046,1.5121650613845121,1.4932318788798715,1.5095907427259379,1.5254398897698682,1.521196015808484,1.4899405711893376,1.5,0.1,1.0,0.1,1.0
1.6379025696099387,1.6009753063576364,1.608782613337691,1.6115026602799056,1.6099004409319937,1.604506212027124,1.6070528868224323,1.5723515017562608,1.5728016901034099,1.5229099266702795,1.5520315203971684,1.5,0.1,1.0,0.1,1.0
1.4778068592967784,1.4022991338317898,1.3741463230558972,1.4295862175137057,1.4976366817526245,1.5133520098599695,1.511035337847701,1.5420326900979484,1.5525790608143348,1.5174558841560086,1.4655873478664758,1.5,0.1,1.0,0.1,1.0
1.3470363131474306,1.3752083055999214,1.3838964708693762,1.3954469861105598,1.4599597792782133,1.461857297623545,1.4163833296897517,1.4462610303080934,1.419567238103169,1.4312678987764689,1.4074984760406888,1.5,0.1,1.0,0.1,1.0
1.4047547871747315,1.3926371174206496,1.4290874266484725,1.4077668830767909,1.4514580648429571,1.4266544551439542,1.420438951287934,1.4198940403819902,1.4262647582036168,1.3987682950979297,1.346642269140954,1.5,0.1,1.0,0.1,1.0
1.440443045324284,1.4494258244067844,1.3987302253140896,1.359614275180903,1.38304527728761,1.4041639230055554,1.3452383537166819,1.4234844782861473,1.4461171670272501,1.4775357322185534,1.5107904602978204,1.5,0.1,1.0,0.1,1.0
1.4099453329174434,1.4324742603275478,1.4077302522359494,1.4405544366923895,1.465651742203918,1.5002006504189642,1.5078291851827483,1.5246499294793376,1.5220158024131833,1.5034649997312122,1.533649501459473,1.5,0.1,1.0,0.1,1.0
1.4950221722592898,1.5048408360774628,1.4930032619025684,1.504185667995585,1.4757061011819192,1.4844518977129544,1.5311318596239412,1.524330109710604,1.4993326031743428,1.4587261459175749,1.4609102670902763,1.5,0.1,1.0,0.1,1.0
1.4870716718995107,1.498503387199432,1.548938474714876,1.5317184264071102,1.5116325842640956,1.52294545899917,1.512987227772194,1.5201572152005123,1.516364995692347,1.5132327420052982,1.4730928114520785,1.5,0.1,1.0,0.1,1.0
1.4832394440312682,1.4762873137643895,1.4768273283862432,1.5125852475763506,1.5118647553697933,1.476112198121865,1.436733333385698,1.4434406742471655,1.415358017262195,1.428082993423584,1.442766838029793,1.5,0.1,1.0,0.1,1.0
1.4932162424776485,1.482919055073199,1.505177264950352,1.5485103488849874,1.5044790282572118,1.5484823404296517,1.5568353429457316,1.5534496803601876,1.5221773491373345,1.5307070649395091,1.5333832594280037,1.5,0.1,1.0,0.1,1.0
1.3908888273534452,1.3644933011382923,1.4223570268088914,1.4416129890263694,1.4227996011859567,1.4161817810439068,1.3597807111586275,1.3621985275949255,1.3328875817202461,1.3650297832487892,1.4179605646963644,1.5,0.1,1.0,0.1,1.0
1.4511035790271591,1.4477384791911974,1.5677668062937022,1.5585601058452334,1.5611975215461202,1.5591092454442785,1.5823057855889648,1.5598287342951482,1.5975852466786837,1.6119078262168574,1.6301342571662414,1.5,0.1,1.0,0.1,1.0
1.4007756944577727,1.3750098515084195,1.4133836861065714,1.5018096685882902,1.5546795391248034,1.5977870838221724,1.5745957581189882,1.5445957935320949,1.4918056765846224,1.4751479378795178,1.4994944476808048,1.5,0.1,1.0,0.1,1.0
1.581442904324617,1.6347302963680297,1.620448436799937,1.6283489169920071,1.5923782316755586,1.6004158507433883,1.6492581231121748,1.6782805581261275,1.675172171667244,1.6547932134336316,1.5742380657034245,1.5,0.1,1.0,0.1,1.0
1.5411364666275504,1.5545532435533371,1.5934986963578979,1.615856963772483,1.622639194591085,1.6077511643475464,1.5486919531575896,1.5350972575024528,1.562398760000671,1.5697428767354247,1.5361938489862361,1.5,0.1,1.0,0.1,1.0
1.5964828269474411,1.5830661258598469,1.6312787682093453,1.604279015810715,1.5519915002182536,1.5067511118411792,1.5094767257465014,1.5375299891509502,1.5348441244455728,1.575477776300058,1.5929983458259518,1.5,0.1,1.0,0.1,1.0
1.4169200110331441,1.3758600054723968,1.3959583314673347,1.4264411638797216,1.3710733712978471,1.4101550380627028,1.4109360992182385,1.3871599947325943,1.3884395370340195,1.3796532579679588,1.411214661040093,1.5,0.1,1.0,0.1,1.0
1.5840297426219294,1.5902711802901828,1.5467123123291882,1.5292840015241476,1.5208812456485687,1.5531241268718559,1.4921748432438195,1.4810975998898206,1.4683498448138923,1.4379048497987825,1.5029078115697876,1.5,0.1,1.0,0.1,1.0
1.4368893482811231,1.4879282490561003,1.4379727182372515,1.4161259120599632,1.4482392687465075,1.4458784851355122,1.4495640262217104,1.4785387410178488,1.497779409459481,1.4975443207742185,1.473782770480933,1.5,0.1,1.0,0.1,1.0
1.5233194584545744,1.5113083061124595,1.504975198345934,1.5268346061077327,1.4930022930444242,1.4975457585452927,1.4782285909233188,1.401679368391628,1.3591363905265716,1.3577669263321075,1.395027262186534,1.5,0.1,1.0,0.1,1.0
1.4484343925493828,1.4103973699526626,1.3746228763266024,1.4160184613696802,1.4287236216521124,1.4033450405505168,1.4441564166250396,1.4566008796357626,1.4319829512231523,1.4710657828749334,1.378903192271599,1.5,0.1,1.0,0.1,1.0
1.436236950449862,1.4161319983796716,1.436375176498438,1.3770106925953391,1.3795590230883805,1.4231264876129928,1.4757194938296625,1.4773819299296427,1.486222880078991,1.507355815689392,1.4996033723709545,1.5,0.1,1.0,0.1,1.0
1.451490132446049,1.445485593224899,1.4535480907901508,1.4566435191697462,1.4811502791189926,1.4848618637410114,1.459759129323975,1.4256879470836203,1.4231907135553923,1.457564729406956,1.4124710982959914,1.5,0.1,1.0,0.1,1.0
1.4784332873832184,1.4989075744245834,1.5013325633404402,1.5148338904638015,1.4778345119952978,1.4368613478011705,1.4212395507997841,1.4402032128303373,1.4672519549854666,1.4801474761294768,1.4960593842653214,1.5,0.1,1.0,0.1,1.0
1.4401728443364326,1.4067727690696603,1.4115886522139782,1.4175177202677758,1.43274864252205,1.3967426730460062,1.431980745950732,1.414503422478154,1.4631241861694573,1.4572167612444187,1.4816741138167193,1.5,0.1,1.0,0.1,1.0
1.4985591902482338,1.5479527518518825,1.5373907045121138,1.5023750390584354,1.5225569610029521,1.587638049670172,1.5843864788731574,1.5636861031916482,1.5402235375723676,1.5134339931299627,1.4971231234894788,1.5,0.1,1.0,0.1,1.0
1.4694066907948724,1.4849035246195141,1.4866949545026849,1.514125493499777,1.5314325294295843,1.5457589827514069,1.5423381923798658,1.524156675459592,1.5308694530585714,1.5705414170825835,1.577641048215624,1.5,0.1,1.0,0.1,1.0
1.4759480345626854,1.452316320010949,1.4171933449042171,1.373115210657009,1.3865682897476346,1.3295932258929961,1.2883758179001716,1.2989615897771556,1.3487271907171958,1.3775637087379005,1.4029087462099439,1.5,0.1,1.0,0.1,1.0
1.4584138061365655,1.4600380330405347,1.4729099592622712,1.505005789886684,1.523681368514249,1.5676233344428732,1.521547417675335,1.5370452853537546,1.4797285962527293,1.524531962700874,1.5470321049178137,1.5,0.1,1.0,0.1,1.0
1.3927179965446619,1.4565448779810233,1.441296029404159,1.5067452046075778,1.5147840026021755,1.5082621627495665,1.4941270362655164,1.4658481127769267,1.4975701231532312,1.534528959141595,1.5421248159299317,1.5,0.1,1.0,0.1,1.0
1.5252545391787318,1.5531845030670117,1.548099731440761,1.505785959880932,1.5508354127900277,1.5476057914038988,1.567130495104153,1.513974915284987,1.535622237422691,1.539247374401939,1.5394656989803575,1.5,0.1,1.0,0.1,1.0
1.5171957388783008,1.5099484661423537,1.475051662606635,1.4912200043170474,1.4676561989860233,1.4121473808197693,1.449060192449014,1.4831161534906567,1.5589220212415993,1.545109413129827,1.5561533996598507,1.5,0.1,1.0,0.1,1.0
1.5105741699597075,1.5790003319494679,1.5691659822451396,1.57521463279944,1.5774257308800423,1.541010154256733,1.531316347086999,1.5084829392442378,1.5034216448521387,1.4990942889469066,1.4623546307934816,1.5,0.1,1.0,0.1,1.0
1.6572477878707421,1.6662944447820314,1.6525544783018098,1.6155268658109545,1.6191146981963558,1.531785923037305,1.5613081702746103,1.585495167668633,1.6060437579978744,1.5497317615650807,1.542290059819003,1.5,0.1,1.0,0.1,1.0
1.5393531769566533,1.553560714999612,1.553502834219963,1.5740525119731177,1.5642313678962765,1.5046546857367558,1.5115799867772823,1.505249646532778,1.5500215431081443,1.5797647329314257,1.5722051026625836,1.5,0.1,1.0,0.1,1.0
1.4437495359522055,1.5310489444946893,1.5120330759390186,1.5690222818906503,1.5694858560064728,1.541007160471903,1.5113104483455353,1.45712431888493,1.4280726608816723,1.4367745989924454,1.446143294260266,1.5,0.1,1.0,0.1,1.0
1.4391725126189072,1.5060847584814507,1.483872482704952,1.4757441878757998,1.4986467075626253,1.4677248008072994,1.4908983369699869,1.4377213206117079,1.5144530487860262,1.4690538923795013,1.4754617104599015,1.5,0.1,1.0,0.1,1.0
1.4518318571781261,1.4912124174456354,1.445735162699244,1.485305490388007,1.5317601540125865,1.5102081526154516,1.5080843004242779,1.4788727646658162,1.5072998848735035,1.507086910141525,1.5385243403521685,1.5,0.1,1.0,0.1,1.0
1.4750572421647012,1.5173266467389617,1.578375155552979,1.5715229657874927,1.5652169546558685,1.576744317035215,1.582633817503658,1.5883050820432763,1.5621869695234927,1.5503735659563471,1.5565923514848938,1.5,0.1,1.0,0.1,1.0
1.5585532316839534,1.562463651412273,1.5237986580170433,1.5248096349930222,1.5324992441070293,1.5117071383919556,1.4763622748821317,1.4803600657556284,1.5122587978165583,1.5179908315862862,1.59039923412391,1.5,0.1,1.0,0.1,1.0
1.5816875790032099,1.5939070747772797,1.6309433162688707,1.612108023496076,1.587548419052515,1.5150225537395552,1.5564662051633302,1.5559616574854571,1.5655112599554237,1.5477019818200837,1.5598447008255099,1.5,0.1,1.0,0.1,1.0
1.309912787821453,1.3153109855472305,1.2663273827025492,1.2589066824740671,1.2739705854430756,1.3059221968016876,1.3220404221403352,1.3549021801348673,1.358082203064409,1.3651807899196873,1.3456856581048084,1.5,0.1,1.0,0.1,1.0
1.4564087119242215,1.5092530285864083,1.5503528650878053,1.5279082271991027,1.514838746585568,1.5063043267082483,1.4887416391538013,1.4587022647687065,1.4808961871604156,1.5042172572806662,1.465487041114521,1.5,0.1,1.0,0.1,1.0
1.5200656927679035,1.5314332976580067,1.5037026658576258,1.516665855339312,1.5455334353615648,1.5196891988533874,1.5169034691632977,1.49695869789335,1.434422049933731,1.4511957498548549,1.4692690856805315,1.5,0.1,1.0,0.1,1.0
1.4523342592195896,1.4554966984886157,1.4513201984344208,1.4362260793277537,1.4437781127457772,1.4712778523572865,1.471166434452418,1.4802837705856804,1.532414710964301,1.5601947902592195,1.5863348744222037,1.5,0.1,1.0,0.1,1.0
1.5879163925989979,1.6138274449544134,1.5807974165243268,1.6123299941642393,1.537113224270387,1.5203976902835297,1.5626173917489767,1.555998213263953,1.516351851465349,1.5354771421376097,1.569109217411833,1.5,0.1,1.0,0.1,1.0
1.49898014653031,1.5104456715230088,1.5255747477519115,1.5454368224292119,1.588206987400518,1.6069698767113183,1.608221171733071,1.603375562897339,1.5855045255999822,1.5769049175362055,1.5726521536403546,1.5,0.1,1.0,0.1,1.0
1.5857310796182593,1.6145489866421014,1.5961295414337493,1.5898824171644945,1.5902328095171723,1.6120526128930537,1.647421528692152,1.6036547973201685,1.6362697076606485,1.6105149089582504,1.5838474642567948,1.5,0.1,1.0,0.1,1.0
1.5821216385365693,1.5095265168249328,1.5083057058983413,1.4800088139630578,1.4918758854370056,1.4776451948386806,1.4485885868557795,1.4549659643293764,1.4796175396207836,1.4835778848410115,1.3925642222821866,1.5,0.1,1.0,0.1,1.0
1.499114053595425,1.4940317622835713,1.519610768603279,1.4591612091803603,1.429786112933872,1.4090542137346378,1.408752438336574,1.4448919749822415,1.4520595672225558,1.4512940270938854,1.437709134501148,1.5,0.1,1.0,0.1,1.0
1.5702181277537373,1.643648213103607,1.6350458484514772,1.5999501990336942,1.5851120856603216,1.5805006146564122,1.558942750077447,1.5469618900373667,1.5840726606624456,1.5544282408193968,1.5401906123793216,1.5,0.1,1.0,0.1,1.0
1.4313107993173926,1.3917374763877226,1.4470977748145963,1.4561753244567293,1.4724379057761583,1.515457023110688,1.486727594211651,1.5190179320737653,1.534006708641301,1.5686182528795254,1.5572019623788516,1.5,0.1,1.0,0.1,1.0
1.4230575006834814,1.414232091179111,1.4078493553040443,1.3951168905964135,1.428181345269035,1.3880453480758903,1.389058317313609,1.367093193001705,1.3543660398687667,1.3305913025439875,1.3843561007507406,1.5,0.1,1.0,0.1,1.0
1.6126923103504387,1.5725639289975772,1.557932996355506,1.5185001299651386,1.5425885189262925,1.5606732384259026,1.551978331174819,1.526454226091124,1.5524202955668795,1.5531963382833618,1.5044778056487358,1.5,0.1,1.0,0.1,1.0
1.4965712768450465,1.5251141009780107,1.5625500512366517,1.5171168861878863,1.541617946510114,1.5128917225652425,1.5103220315351344,1.4349692237376077,1.415650510001265,1.4059333587417624,1.3835336797059916,1.5,0.1,1.0,0.1,1.0
1.6661326183165936,1.6493957942614117,1.6846692534885996,1.689547197238668,1.6508158734653808,1.6111379521903746,1.5783484174470221,1.6334904237991608,1.646412363785161,1.5936230187861473,1.5977062962466269,1.5,0.1,1.0,0.1,1.0
1.4376017238984449,1.4536162956839305,1.4166922388254488,1.4411626258757537,1.3939512608110438,1.4091724892625044,1.4381234333854938,1.4288592925232764,1.462064510444477,1.4705074871118013,1.4606157497880585,1.5,0.1,1.0,0.1,1.0
1.648533622727821,1.6122640393721441,1.5637044927743682,1.5649795106925575,1.5482890936619103,1.5073406829292717,1.4743353555399026,1.4476829176358967,1.4996383268086984,1.5192412370954165,1.5728498527531862,1.5,0.1,1.0,0.1,1.0
1.4169759147592782,1.449039763245027,1.453515629085275,1.4498685549445818,1.4346571771160475,1.4498963971922052,1.447235667233095,1.4178728889026706,1.425472620719462,1.4521723390357684,1.452992874585456,1.5,0.1,1.0,0.1,1.0
1.536351829008348,1.5804477593439026,1.5584387609671184,1.5470046143122629,1.5097206421977252,1.5012872719078492,1.5153305861955912,1.5443441369108792,1.5313799939424568,1.4959273299580431,1.4866202116534473,1.5,0.1,1.0,0.1,1.0
1.5619919308492667,1.5325540035967722,1.4823710043782177,1.4564107083030644,1.4797998532587775,1.4681421006503281,1.4120703383387467,1.399494115053567,1.4376909473085635,1.4471721372614086,1.4266625771975892,1.5,0.1,1.0,0.1,1.0
1.5433145635025192,1.5857372080926608,1.529194044510007,1.5084923437398297,1.5240995377470665,1.4995560224097924,1.506303458729784,1.512040761955955,1.485093662730297,1.5522017534942174,1.5296400119116729,1.5,0.1,1.0,0.1,1.0
1.4931694868931797,1.5061371031893285,1.553827298043381,1.5207729325605464,1.5724518067272681,1.5923245341184251,1.6559845275087848,1.6606527645563125,1.673018237539218,1.6529045709225054,1.6386111285234377,1.5,0.1,1.0,0.1,1.0
1.5841803589735557,1.5940935749212288,1.5938647640072308,1.5619967829928938,1.5837513433518864,1.572164987494986,1.5836191328194231,1.6207522360558104,1.6027960446815244,1.6175434384328762,1.5695852099255974,1.5,0.1,1.0,0.1,1.0
1.4509486104172047,1.4332535059541542,1.4415744446162901,1.474856255442467,1.4608396862424227,1.4722928137022773,1.4152489797439094,1.428029449244357,1.4315602165823917,1.4349710529692565,1.45727408182199,1.5,0.1,1.0,0.1,1.0
1.484133986602423,1.4649691978452009,1.4383770794103388,1.4603874317407004,1.4634587246930177,1.469388291356035,1.4688992308078248,1.4442311637031742,1.392732680797005,1.407738178395187,1.3630024591626924,1.5,0.1,1.0,0.1,1.0
1.4841538471488227,1.477411768442972,1.436383610732535,1.4745351096472397,1.4936713596223965,1.5035283286662084,1.5559756898736414,1.5866539747098498,1.5507875695646862,1.5464527882081265,1.5564470575017806,1.5,0.1,1.0,0.1,1.0
1.439678802400956,1.4589742976383289,1.4301254094841422,1.4307186466209425,1.394452924042636,1.4273360844198553,1.4536569815545621,1.499613601277222,1.510803562070781,1.5127110085147901,1.5074534817600855,1.5,0.1,1.0,0.1,1.0
1.4544578602691436,1.432448533577801,1.467375931942112,1.4218241035355366,1.4695030263610858,1.5453039180155066,1.5625758594391808,1.5118203845784046,1.5850218847532982,1.6047347849649596,1.6026134432918742,1.5,0.1,1.0,0.1,1.0
1.5623603239595956,1.481644760070648,1.5361290571289898,1.5141176662444638,1.4956761054118974,1.4798224739630015,1.523713121698175,1.4990212131020175,1.5120803851833207,1.5541876047006948,1.527327017275218,1.5,0.1,1.0,0.1,1.0
1.4375236858376288,1.4028090784496194,1.4113280658986755,1.4069041722851408,1.3789527381244442,1.3709405660598852,1.3532887302058385,1.3733232584102932,1.4146971662529735,1.3454512081694332,1.3669545310984852,1.5,0.1,1.0,0.1,1.0
1.4144284715165065,1.3318445788649493,1.3486562215349385,1.375769389642189,1.4353464298925684,1.474212252456927,1.4165263957436662,1.4544427027178302,1.4696676808635192,1.4750402825314755,1.5000270100211368,1.5,0.1,1.0,0.1,1.0
1.4862766168467485,1.4688379275941594,1.4883162471883526,1.4592686465882254,1.4984637964832703,1.4720344523388862,1.5199485711382066,1.5389235944927777,1.5177845378295807,1.5423934769245844,1.5380878972698346,1.5,0.1,1.0,0.1,1.0
1.5673872261161634,1.4779416093218254,1.454688430931651,1.41153563317695,1.4099668051298,1.3842795160667356,1.3870993325922552,1.4122441476394816,1.4544334445025549,1.4464171455262747,1.4732183505943364,1.5,0.1,1.0,0.1,1.0
1.569444376930655,1.5490481636285318,1.5755405959797883,1.6382181611983757,1.608341326755127,1.5919828736528205,1.6273233679905454,1.6896225889296699,1.632300113680428,1.6193389142580255,1.6096250360179465,1.5,0.1,1.0,0.1,1.0
1.446427376191514,1.4171646758485048,1.4205861603047771,1.4227706996963616,1.4176611488136164,1.4306454892126055,1.4577468829678384,1.4409448065144215,1.4684487921806306,1.4812508539250657,1.478148726164803,1.5,0.1,1.0,0.1,1.0
1.3920796114450036,1.3986999931610138,1.3848961927486312,1.371210499574415,1.375971365065852,1.4252283841144961,1.4298587917915713,1.4133568104458252,1.389726059069076,1.4171277757385798,1.3944263337410423,1.5,0.1,1.0,0.1,1.0
1.598223942754601,1.5814922014120285,1.601096037318153,1.62164770793456,1.5823503380545152,1.543099841986803,1.5501420656720908,1.5605017631419276,1.5813127396366362,1.5592632596512963,1.5274429716904685,1.5,0.1,1.0,0.1,1.0
1.3322514563655246,1.3478782934904427,1.3606217120636843,1.3487486157325015,1.3958971349153693,1.4075018018932466,1.376177632262141,1.4065482194682655,1.3897274940021023,1.4242307003589143,1.383734032491263,1.5,0.1,1.0,0.1,1.0
1.4979360163326747,1.5028739293148932,1.5106753962888304,1.5126927024804515,1.5203175334564138,1.4770294194890248,1.478133375380811,1.4676394383913345,1.499248121421237,1.5056466604673922,1.4952278227485223,1.5,0.1,1.0,0.1,1.0
1.6005520829935178,1.6309217448493707,1.6190276216869335,1.5808718321126105,1.5702070088214326,1.5230505900686604,1.5005210864977536,1.5139652378497213,1.4873750210326302,1.4761468895094099,1.4873855375630112,1.5,0.1,1.0,0.1,1.0
1.6551564827519936,1.6296467222004898,1.6254004659299528,1.6583310168568346,1.6521790224125494,1.638752511099952,1.603015367767237,1.6019649946091077,1.574822834602362,1.5467084915859632,1.5391105125845954,1.5,0.1,1.0,0.1,1.0
1.4313703006114686,1.393818166460181,1.3788515677136692,1.352842257760541,1.3830399078603082,1.408586942260337,1.3767328776452143,1.4015490151967924,1.337522991336619,1.3006194096517432,1.3142318583433137,1.5,0.1,1.0,0.1,1.0
1.4476639687574517,1.446580824078301,1.4312106022873472,1.4148883098997564,1.456482069371057,1.4678537739009707,1.5081945514286055,1.52502199484036,1.5722204680137037,1.5512113948895228,1.507607083700007,1.5,0.1,1.0,0.1,1.0
1.5181153231614732,1.4817152266138076,1.4032884051426433,1.4317203323058831,1.4986182470533216,1.5360398522892387,1.513926259693727,1.5139368267226847,1.4676701913790324,1.4976432316657555,1.508159049345625,1.5,0.1,1.0,0.1,1.0
1.5120176474547047,1.532782065186711,1.4983327287888741,1.4850082496665702,1.5131420265080342,1.5308225923297134,1.52324029311684,1.5390743746737523,1.5390922167026482,1.5347569434161052,1.5583276835515478,1.5,0.1,1.0,0.1,1.0
1.4774681332292796,1.5197871380555592,1.5183861354303296,1.536981502867987,1.5137838364298093,1.485948288074215,1.5038072987989868,1.5319191176439464,1.5090568246057836,1.528374506719127,1.5320681077582896,1.5,0.1,1.0,0.1,1.0
1.4594397272298454,1.4180462603963444,1.3958824617196648,1.3761740765982076,1.4240957578643094,1.3730826648668144,1.4134559776904714,1.4361254258674028,1.4285374114434921,1.4067282941641877,1.447843312319293,1.5,0.1,1.0,0.1,1.0
1.530923844201618,1.524777281354667,1.5389504233009776,1.5507946567836293,1.4966811500263915,1.5482987173616236,1.5780020879468326,1.567165164459656,1.5940184440795386,1.6069205122494101,1.6252618652848327,1.5,0.1,1.0,0.1,1.0
1.4404798887823198,1.466954299260315,1.4912467510248886,1.473045341109868,1.483733933275351,1.5223369081178872,1.457615660628751,1.447148461985963,1.491575615692705,1.5388059019110598,1.5226332814920416,1.5,0.1,1.0,0.1,1.0
1.557812895500161,1.5831145277131555,1.5146502231974,1.4975958741733169,1.4848128913295022,1.5326198049782014,1.4712279094353626,1.4263648288609196,1.4153148644842855,1.435149652759414,1.487355457560932,1.5,0.1,1.0,0.1,1.0
1.6188235913833564,1.5675361292286873,1.5621295494423384,1.5466260449202118,1.5766936187757445,1.5574051329995584,1.5995497832762178,1.6296896073012295,1.5594198775217483,1.6157845967774644,1.6375203241544842,1.5,0.1,1.0,0.1,1.0
1.3717636897722414,1.3416844442856477,1.343306659530814,1.3648298169311557,1.36746414886953,1.3745987049243678,1.4023630480085703,1.4306533429053787,1.4563867533862909,1.4632630547862833,1.4931657980935207,1.5,0.1,1.0,0.1,1.0
1.5068492236659163,1.5248616000686035,1.5202508104072618,1.5040048868763156,1.538682349357439,1.542232408911185,1.4839976840032716,1.5070197877203846,1.497322660173434,1.520851113438941,1.494038414656129,1.5,0.1,1.0,0.1,1.0
1.481966686514776,1.4365162710102037,1.424209916788528,1.415729095721768,1.4568610028955857,1.4637895031341739,1.4954448289105202,1.5236106786730543,1.551518813631418,1.5805381152009013,1.5986535586085755,1.5,0.1,1.0,0.1,1.0
1.415552400767806,1.4661418839663367,1.4862693870571486,1.4632433011092796,1.4824699322400157,1.463989439931045,1.4598849284630093,1.4463383812574169,1.507313119320588,1.5144022088925848,1.5369231733418804,1.5,0.1,1.0,0.1,1.0
1.4316703181888897,1.4492473238313228,1.4311796589224992,1.5118142432896098,1.4591226009226699,1.5428828078305894,1.56255794788404,1.560402884325352,1.5567069648851752,1.5285908791682408,1.518691533865354,1.5,0.1,1.0,0.1,1.0
1.4707028774849324,1.4835055624878073,1.5013816518269851,1.4711097585414736,1.4609792658028007,1.4859573027156037,1.4928605385340021,1.4538011576166954,1.4553637369185455,1.4716394063679796,1.4757853274780215,1.5,0.1,1.0,0.1,1.0
1.5263646601768233,1.4870065078935513,1.4646407617842734,1.4576877718407046,1.487247689219137,1.4929555793815708,1.484267441982405,1.4317404524896375,1.4347707681985038,1.4459322817360003,1.4914253894013783,1.5,0.1,1.0,0.1,1.0
1.3468168226238704,1.3514715742124366,1.367225814322086,1.367085499896553,1.4407197408680452,1.4617903655622757,1.4706759389926647,1.4973368220104624,1.5389438886949656,1.5617209267928767,1.543432862421062,1.5,0.1,1.0,0.1,1.0
1.449215099395134,1.4617030206301995,1.4617298115824249,1.4630301476412804,1.4795365632467243,1.4514546068938285,1.4260482212712267,1.429899536156775,1.4182928781372304,1.4523176577348424,1.4909815254075331,1.5,0.1,1.0,0.1,1.0
1.4891963545967493,1.5036382352631725,1.524316262102679,1.538096790284319,1.5241066767418563,1.5160302606397666,1.5053136979459665,1.5215674827500134,1.476423932536187,1.4346654314698326,1.502885121937424,1.5,0.1,1.0,0.1,1.0
1.4742153309023158,1.4789521869810731,1.4910998645912619,1.5233348763612908,1.4598849803234684,1.4865104068811383,1.4925770318755194,1.4837576130559582,1.4814953512465838,1.4992600054316318,1.5179985144911667,1.5,0.1,1.0,0.1,1.0
1.4768883465593847,1.468786300200424,1.4457778935244057,1.410816446910798,1.3945399123678495,1.353069044044687,1.366034811868524,1.389969153010232,1.4043603934333064,1.377381704093362,1.4085471349963663,1.5,0.1,1.0,0.1,1.0
1.412093399174922,1.4634786868559113,1.467319087011187,1.5479869285779313,1.5336910594093627,1.5476518752173685,1.5966391725261069,1.588979176952249,1.55119131492098,1.5456480415128653,1.5216646867879433,1.5,0.1,1.0,0.1,1.0
1.5207008956996204,1.5508955702072524,1.5062056052555686,1.4735446226460291,1.495105085650263,1.484182514328196,1.4567339628020426,1.542241671326822,1.4993548077407823,1.4942649332248437,1.4939893979162904,1.5,0.1,1.0,0.1,1.0
1.5987737589980795,1.5951740879988885,1.6153096083415115,1.6098404290756965,1.5579751907431405,1.508443891516489,1.4907190454111225,1.4627440597328656,1.460764312632655,1.509079259782853,1.4998343592325105,1.5,0.1,1.0,0.1,1.0
1.4244642779827041,1.4193288380156137,1.438000580635051,1.4181761235585093,1.4458222332931885,1.394678988101315,1.3884809094108599,1.3646466737054355,1.393404615814554,1.457217275234086,1.467176404569481,1.5,0.1,1.0,0.1,1.0
1.556085054516209,1.5999470396199649,1.5910798346702935,1.5500229633139198,1.5863142759486848,1.5857881564495202,1.5944155798953066,1.5515294912814652,1.5872529495798595,1.5232844238025005,1.4838112116911475,1.5,0.1,1.0,0.1,1.0
1.4615311025514406,1.4876094457793299,1.4927053579927243,1.4200475237652666,1.3617031503988557,1.3511603551658873,1.2857470456470896,1.3088601405845717,1.2912366403268916,1.3498809129385312,1.3804435313910959,1.5,0.1,1.0,0.1,1.0
1.4983771031867066,1.5608471522446492,1.5240954634489499,1.5810533334391388,1.5315221983082428,1.5702150039703922,1.5826669245343996,1.554509979281595,1.5297469559447345,1.527633652475231,1.551743742877738,1.5,0.1,1.0,0.1,1.0
1.5141232152344535,1.5436236695314294,1.5488567583336672,1.490680176482856,1.4681886370582506,1.5180291740295275,1.5809911529877212,1.557098586931833,1.504780099918684,1.4520306667260279,1.4148194718305016,1.5,0.1,1.0,0.1,1.0
1.5000474308305405,1.492072324811085,1.4846545334392203,1.4837466561830004,1.5281915857089008,1.5534491583946324,1.5169066416510713,1.4680116079530532,1.4620913264101967,1.463234528108482,1.508679883863878,1.5,0.1,1.0,0.1,1.0
1.519105619228888,1.557108373594764,1.5781905137931667,1.552714524300438,1.5642853691417753,1.5497644948973501,1.5705678985854488,1.5239954407482965,1.5123120112136905,1.5179344474224872,1.4788103750871804,1.5,0.1,1.0,0.1,1.0
1.368663967790011,1.3878556200618337,1.4355106118374616,1.5033231104997375,1.4739933780057368,1.4461835987889773,1.4382625474885755,1.39464683605923,1.4344707958279816,1.4548425779492768,1.4942027341658046,1.5,0.1,1.0,0.1,1.0
1.4905963400296038,1.4643597433740139,1.5020281373363082,1.5414770454253572,1.5269232273752116,1.5281058752922272,1.493404801816746,1.4822665520269582,1.4738656117492326,1.4956314179271382,1.4635922178041578,1.5,0.1,1.0,0.1,1.0
1.3012079738922073,1.3999222019224051,1.4358741986626167,1.416318090481114,1.4500468084269107,1.4068483073956677,1.4279263187063242,1.4008376011054968,1.4061230374524007,1.4263900383339685,1.4203401276826295,1.5,0.1,1.0,0.1,1.0
1.6463445269250474,1.6672418951229675,1.7038673344560933,1.6601895222484189,1.6390566390045853,1.6160216713626308,1.601460072831055,1.5815352427383826,1.584671820924516,1.5156495524276825,1.5413846928199022,1.5,0.1,1.0,0.1,1.0
1.5791891158490545,1.5773033914826768,1.5556545560896864,1.5586218541569583,1.5447003875299838,1.5315797750013784,1.5361080309600579,1.5233735616436657,1.4855288428907913,1.532038438329515,1.4890049111838015,1.5,0.1,1.0,0.1,1.0
1.4277713879724758,1.477324811851789,1.455502278351097,1.4987321765489185,1.5132172982883836,1.5301049434816565,1.5717661658900268,1.597107659970545,1.5716527611757063,1.5322351601064363,1.5205906961305053,1.5,0.1,1.0,0.1,1.0
1.5055503925048201,1.4752592214935298,1.5100087005749934,1.5082574765590024,1.5591801499314462,1.5613122767295455,1.5828405897396634,1.5809772714469328,1.5589971885337366,1.5353294221732894,1.4782575485934306,1.5,0.1,1.0,0.1,1.0
1.4999210173223172,1.5335017436288796,1.5115245089533176,1.4963455195993574,1.5273365631389235,1.550473429596735,1.5362868536428562,1.5758246334421193,1.5757710284538051,1.5661395244292462,1.5485142131218304,1.5,0.1,1.0,0.1,1.0
1.4842913594962335,1.5119600744826311,1.5444732940481571,1.577045403507284,1.5488089941032308,1.5309054037220178,1.5727393728856836,1.5005324081296632,1.4871410062136923,1.5239456453828877,1.5136656817769496,1.5,0.1,1.0,0.1,1.0
1.5213410764156625,1.5412034742850702,1.5726287795936456,1.6133442668349856,1.6371841028130374,1.6091214009181931,1.6268274526516096,1.6482799058231257,1.6526948550334999,1.6324054663099972,1.5875986017455894,1.5,0.1,1.0,0.1,1.0
1.5294231621635705,1.5177666100019007,1.5021232433451712,1.494010570537977,1.4682224719177284,1.4576941957344955,1.4544891741437904,1.4194907378351571,1.4568038790359028,1.463898140997506,1.418414837290989,1.5,0.1,1.0,0.1,1.0
1.4502131849140087,1.4518101563313348,1.4859143239175248,1.5428787084801305,1.5499921756627257,1.5587695500228589,1.537786765535092,1.5208249611624298,1.487176841065631,1.4697866613803192,1.4785978946306648,1.5,0.1,1.0,0.1,1.0
1.4082765186968187,1.395312218882527,1.3960703111674357,1.3787322832785858,1.3826287065635288,1.3549391570942826,1.3992106851286987,1.364308297640047,1.4071466945163562,1.3990819303403224,1.3785205852905478,1.5,0.1,1.0,0.1,1.0
1.5658592269964653,1.5856428960075324,1.5761795426127627,1.5937019410995739,1.571286231111041,1.5469487270086566,1.5235016904965806,1.562844126477917,1.5212471559722984,1.5503746959650602,1.537637526222165,1.5,0.1,1.0,0.1,1.0
1.3396874791719453,1.3456031134196422,1.3337760741581197,1.324541199494422,1.3142642363987431,1.3179222588605808,1.303087685923012,1.328398332859901,1.316116053719552,1.2855698543807539,1.3277323231283602,1.5,0.1,1.0,0.1,1.0
1.501066324267053,1.5050211915886416,1.5383271102277563,1.5344557545628161,1.4821533291770463,1.5282932304198726,1.5669334307147353,1.5527520445383876,1.4826205713634193,1.5188871975396878,1.505547295324261,1.5,0.1,1.0,0.1,1.0
1.4367473061513143,1.4123100847407117,1.4816477131407655,1.477896690638563,1.439059594572043,1.4943021208857776,1.5269808068429997,1.504738190255052,1.4518439885128256,1.4510127999135438,1.433565554230081,1.5,0.1,1.0,0.1,1.0
1.501290975042604,1.4787904511084236,1.4739560598745836,1.4436763529057943,1.4389633315580461,1.4322356936171774,1.3982689445822476,1.408960106461436,1.423528729187618,1.4360037712488132,1.4471013239905548,1.5,0.1,1.0,0.1,1.0
1.6104048033075389,1.5683211737556586,1.577076098164986,1.5593297879446026,1.5652049061566204,1.5620296414176826,1.5241517946142922,1.4717699914379403,1.4449464906284428,1.4333268709030318,1.4618111153687319,1.5,0.1,1.0,0.1,1.0
1.4219986495703443,1.4450743489127376,1.5021704342808646,1.5091566170245483,1.4981128681257483,1.466835063563162,1.5024778440030262,1.4791378515933502,1.4986970001297597,1.5299832476712067,1.5196683859248588,1.5,0.1,1.0,0.1,1.0
1.5268965513590103,1.5365981600221703,1.5936319375682015,1.6035471984250462,1.64433365640293,1.609645586279504,1.6366489180708625,1.5640390836883018,1.5370411956531957,1.580554046713125,1.5356718346900513,1.5,0.1,1.0,0.1,1.0
1.58480886632796,1.5737897312690354,1.578819996465157,1.5124206558076947,1.5412157864327638,1.5228071302295896,1.5093565550566217,1.5029329180134856,1.5161952653362722,1.5221304940671736,1.4778666553912174,1.5,0.1,1.0,0.1,1.0
1.395967393166658,1.3629877703999604,1.3764150140781926,1.4103203267155608,1.4419064330419553,1.4394857090342181,1.493052330856424,1.5220761341305102,1.5156276366548174,1.5268781994875458,1.540104603609357,1.5,0.1,1.0,0.1,1.0
1.41756657881052,1.4989387255380093,1.4296459830805803,1.457194195009522,1.496176115644494,1.516613802377146,1.551397646338081,1.5408897269795259,1.5236422936254048,1.4756469299563881,1.4685635084547195,1.5,0.1,1.0,0.1,1.0
1.5088676208626115,1.5126863868716893,1.4363007089220385,1.3768722492173076,1.398909042849515,1.376263941247182,1.3894451781516408,1.3664287700225268,1.3987165624930062,1.3943140412388166,1.4321080226964191,1.5,0.1,1.0,0.1,1.0
1.419280899716464,1.468827750953343,1.4810530782101705,1.4719056784278612,1.4801355696706773,1.5145036891135801,1.550903223757794,1.5291409647449339,1.496940631522277,1.531571143992229,1.5025801256946163,1.5,0.1,1.0,0.1,1.0
1.4540573306679092,1.5019545813013409,1.5221620953401376,1.548881240293823,1.5189869783288743,1.5336886343945169,1.5091281518072086,1.4995897662280564,1.4481182840145836,1.4576405014867893,1.533265648853824,1.5,0.1,1.0,0.1,1.0
1.5141388570418017,1.531826322849185,1.5280399525087698,1.5489692745687602,1.547806943769489,1.5617766239616961,1.5432936677337468,1.5369875497430345,1.521919088684407,1.5220761423216007,1.480336269954023,1.5,0.1,1.0,0.1,1.0
1.5263710108430761,1.544946044970207,1.5601767412993943,1.574656517077089,1.5544681134732545,1.5650080296279703,1.5762158268287139,1.5506970782871479,1.516299543332917,1.5586957982694076,1.5869078197994269,1.5,0.1,1.0,0.1,1.0
1.474449644879837,1.4551743078178547,1.444602076130672,1.4435561696818264,1.4536247843950068,1.4931922508323188,1.489179795558108,1.5101230640042413,1.5114566917149366,1.4766178251788566,1.4356960998391666,1.5,0.1,1.0,0.1,1.0
1.4562878830783172,1.485976026169018,1.4679556167303938,1.451377418340824,1.414701354591536,1.4148415906754215,1.4329121604289285,1.5168764323466428,1.5297112435426294,1.5766658603302248,1.545198439228066,1.5,0.1,1.0,0.1,1.0
1.5691855464222775,1.5992043793616457,1.6028187376093097,1.5717273776041192,1.525494676228607,1.5012331241615797,1.4260768106151276,1.4169854803322524,1.4063493596043575,1.4191473505443193,1.4676681991465734,1.5,0.1,1.0,0.1,1.0
1.5644419236629035,1.6159382515518197,1.5571498938770048,1.5438199478056756,1.5413609661362373,1.5560398458381548,1.5767833843822288,1.5799375014390398,1.558634083267474,1.6080386651311338,1.5959815494105047,1.5,0.1,1.0,0.1,1.0
1.5380223653209466,1.5701789940268884,1.5369111896863037,1.449483460310164,1.4448252516664288,1.4852208551529344,1.4714742508257301,1.4432577898605625,1.4104972178588109,1.4733711550195887,1.472338883048458,1.5,0.1,1.0,0.1,1.0
1.6004762462717141,1.6012232824161075,1.5588395632055208,1.5812795104265687,1.546933615753936,1.5603571345349048,1.529457072761222,1.5253929848844185,1.5218692902709139,1.53015835716571,1.4740198847661483,1.5,0.1,1.0,0.1,1.0
1.6020301925525757,1.5853892902365412,1.6166337371585517,1.629738163822632,1.6301209876942122,1.606772337179465,1.6042278428043568,1.5845249366326952,1.5567533350536888,1.5855273005077022,1.6190566626839822,1.5,0.1,1.0,0.1,1.0
1.5945143506309747,1.539592833235168,1.537850590690802,1.5330614883630174,1.5465820565979047,1.5821688963036047,1.6066259846648172,1.5879242026150497,1.553086627243381,1.5678021359361711,1.6250382430702517,1.5,0.1,1.0,0.1,1.0
1.4944876762092083,1.5367386102861096,1.5318059255869823,1.5697816189008775,1.5290906058809075,1.5449461949035683,1.5414109025976839,1.5812657504603727,1.5796849511387219,1.5947921972090555,1.5963192305222638,1.5,0.1,1.0,0.1,1.0
1.4945359851086797,1.4792486537521368,1.4254988311122236,1.4554952069011977,1.4947885167534085,1.4834319428354406,1.562012533272021,1.5557381572622013,1.5031764721361607,1.487024513729123,1.508262623904748,1.5,0.1,1.0,0.1,1.0
1.5865907104869146,1.5610728355454013,1.4904064347579509,1.4625018236202418,1.4871213760648887,1.4933975996616113,1.531436200745142,1.546251831562783,1.536474050813835,1.515253312822592,1.5396141773947576,1.5,0.1,1.0,0.1,1.0
1.52377099959216,1.5114914461635325,1.6044145850312475,1.584219845498517,1.574562634460396,1.6174761650611242,1.648270058789036,1.6122203200027274,1.5630182659981664,1.5607907520635795,1.571699533919847,1.5,0.1,1.0,0.1,1.0
1.4234755068355367,1.3968452639744573,1.41679169287303,1.4671902088465587,1.4225363780509648,1.4478314034949382,1.4111750142775425,1.4020484396015733,1.3376838849404615,1.3592294245054801,1.2887450912027663,1.5,0.1,1.0,0.1,1.0
1.5495701499263563,1.5218194152486664,1.520182078772442,1.5646677134365106,1.5630211575823088,1.580500899551517,1.5488240803328415,1.5573812373424962,1.536277665979678,1.5298141015317117,1.5177609413899509,1.5,0.1,1.0,0.1,1.0
1.5483986605831654,1.5143179641751248,1.5204274078446627,1.5109075982853484,1.5333319042627185,1.5064921949093384,1.444380579418164,1.4384834504805908,1.451399029090579,1.4813442517858528,1.462973476755104,1.5,0.1,1.0,0.1,1.0
1.451839206784135,1.4690200537976956,1.4798866850031023,1.420307235113347,1.422559404712582,1.3967765054725934,1.4318155350032282,1.4427352149032568,1.410642975534923,1.3899288868682356,1.4122594508858408,1.5,0.1,1.0,0.1,1.0
1.5581325769932544,1.5592686003528509,1.5457476576993179,1.518778143054588,1.6382296185695462,1.6509177078420714,1.6314169706495798,1.5879078269714024,1.5949606696771468,1.5828764832715239,1.524242651651047,1.5,0.1,1.0,0.1,1.0
1.4488556440439893,1.4251410548150036,1.4464247263335257,1.4682508931454488,1.5325511372162524,1.5606598999613093,1.5329796676859697,1.52774074213699,1.5534162804429392,1.5559508243493794,1.5781999765477475,1.5,0.1,1.0,0.1,1.0
1.480415333074879,1.4840829143526835,1.4755061283975315,1.442572596110955,1.475655658616096,1.50094800850158,1.5324561314811604,1.4914378185949915,1.4652422735037567,1.4904676635914016,1.5124597581914856,1.5,0.1,1.0,0.1,1.0
1.4471042916171064,1.4842646887211735,1.4739199344831853,1.457669984504967,1.4963824944594923,1.5000277478408424,1.5722579664252592,1.5596094941690708,1.5343975883575727,1.5199000039557062,1.5534035381279014,1.5,0.1,1.0,0.1,1.0
1.448521479309453,1.4550391485167833,1.4983208441223055,1.5133654882769985,1.4999661052961957,1.52441061311625,1.5446907596261177,1.4670053055651298,1.4587162190014926,1.465012228226938,1.4703534992308571,1.5,0.1,1.0,0.1,1.0
1.6753550081854316,1.6734441221281404,1.6782277278736764,1.6435735323258502,1.594484868770145,1.65193594288852,1.6694526375104424,1.6724210771329466,1.6684790256170758,1.6395957287934704,1.6144707752913405,1.5,0.1,1.0,0.1,1.0
1.5393608489132014,1.5452307101528477,1.5278010666269763,1.5814649684210411,1.6394079870976852,1.5983538856721906,1.554631600628145,1.5499721861167217,1.5531552344137207,1.505721116116423,1.5075615331919914,1.5,0.1,1.0,0.1,1.0
1.5835858334271162,1.5779760293298302,1.5450731781865417,1.5375572724234527,1.554839010742547,1.5470363329448242,1.514477703054446,1.4896032604725766,1.5275611100304458,1.5373833181815473,1.5516716335110585,1.5,0.1,1.0,0.1,1.0
1.4322710638470941,1.4670254876796305,1.4825117130334797,1.5035727974841087,1.5088144705251711,1.5030189987581066,1.570045804650244,1.5700303043387644,1.5702419652496622,1.5744755481128738,1.5293733043550108,1.5,0.1,1.0,0.1,1.0
1.4929769529926324,1.5211181077807245,1.527766984736563,1.4870255051301042,1.4909284618914849,1.4436166375551593,1.435309296292092,1.4387691023553755,1.4419116803008205,1.421377444214163,1.444794414713371,1.5,0.1,1.0,0.1,1.0
1.5585540763367056,1.5669815086824337,1.6166043055336698,1.5983212648583582,1.5010500501035453,1.5351180127095092,1.4897100757954773,1.4887085640413649,1.5051972284817874,1.5674900661766447,1.5734242562705796,1.5,0.1,1.0,0.1,1.0
1.6425834257325453,1.6406352142072698,1.6276630655631394,1.6305403636677231,1.5991681154760522,1.6280647973199234,1.606057165223363,1.6166645910688173,1.6387159101894846,1.6488316285698859,1.6237980145027513,1.5,0.1,1.0,0.1,1.0
1.3887273798622806,1.3588738310318937,1.3680613049066792,1.4549814536443113,1.4528762205923038,1.4389984249183376,1.4352532277866497,1.4555809678216658,1.4392167560074491,1.4780966134239413,1.52295696287544,1.5,0.1,1.0,0.1,1.0
1.5108329827330145,1.474682472138197,1.4655934065907719,1.4526654131836336,1.4673363094338936,1.5139556991350018,1.4775242199113827,1.4834930578912124,1.4381713657886794,1.474921412336096,1.4673097758158349,1.5,0.1,1.0,0.1,1.0
1.5267515310875759,1.5707214366350997,1.5567530307070738,1.529113690050091,1.5342286665754168,1.4972440829524971,1.5088316872367058,1.504255888867861,1.4879593386436567,1.4156048745387386,1.410522916898757,1.5,0.1,1.0,0.1,1.0
1.4748986069874326,1.4776527312181582,1.4833490211423261,1.4704413348358494,1.4819515743197889,1.4738980040196428,1.49987425928987,1.5067844938178365,1.5400529838136727,1.5748927134354154,1.554790083259612,1.5,0.1,1.0,0.1,1.0
1.3815814472035342,1.3725820501525035,1.3910882624624663,1.4348557983658645,1.4720804971418018,1.4813079709364636,1.5197087774416818,1.4831702536707696,1.4357707118911092,1.4667193171056625,1.439073792623051,1.5,0.1,1.0,0.1,1.0
1.5908496953859277,1.6004357453870655,1.5355806594733297,1.5064836998207576,1.5032718702341934,1.5733254172013291,1.6340749953400746,1.6143040079258875,1.5312318857363674,1.5532671860950098,1.6317121270343602,1.5,0.1,1.0,0.1,1.0
1.447801957355464,1.4614934977327043,1.4230908291022686,1.4266576286050676,1.4887084019684413,1.5004433834789193,1.465421093942108,1.4779708919767476,1.501998382060648,1.472719366643144,1.508416744657074,1.5,0.1,1.0,0.1,1.0
1.504782520668381,1.5175955967217354,1.5111297237219055,1.5132444456722818,1.5177215918499307,1.5491509429464227,1.5044004519335068,1.517155397606566,1.4406543119055328,1.483296416090648,1.4844920055601127,1.5,0.1,1.0,0.1,1.0
1.3615419341720991,1.3720994166558593,1.40856771029201,1.4472127945648592,1.4596352047430032,1.4128025605462833,1.359177237104007,1.3791401542871664,1.3505198846182949,1.372157568008349,1.4042725334479977,1.5,0.1,1.0,0.1,1.0
1.5624305410917358,1.5805691307230718,1.5793481454916392,1.593315662268326,1.589148767248869,1.6093890040248342,1.6121244787301596,1.600531147041022,1.6066190804349123,1.659595198906288,1.6722744212699105,1.5,0.1,1.0,0.1,1.0
1.5609654645386901,1.552669995304202,1.519202223139094,1.5022736895958106,1.4741614418764066,1.4524975191167204,1.4614161270955177,1.5019257663467664,1.481227547578851,1.514790348279098,1.5536671102598612,1.5,0.1,1.0,0.1,1.0
1.4480805868956792,1.4303791478038377,1.4472120652181582,1.4173296594433855,1.4568479125139728,1.4450830130888286,1.46199002418863,1.4572802680847095,1.4655474973067122,1.4611420292570412,1.4800485990140277,1.5,0.1,1.0,0.1,1.0
