time_point_1,time_point_2,time_point_3,time_point_4,time_point_5,time_point_6,time_point_7,time_point_8,time_point_9,time_point_10,time_point_11,mu,sigma,theta,dt,T
0.5861979032110071,0.5652942645310219,0.5347659719655655,0.5372103930645927,0.5073116572360287,0.4900987426495786,0.48083034158925947,0.49621584960033854,0.4919839449966254,0.4793777990859808,0.5344620982140437,0.5,0.1,1.0,0.1,1.0
0.32008777475414113,0.33997846656668923,0.3903691413138385,0.432125002678282,0.41561648946371965,0.44472508084344337,0.4465325775947413,0.4410663371217874,0.4504576664252922,0.4126101412355815,0.4459164801157233,0.5,0.1,1.0,0.1,1.0
0.5023135549544205,0.48416147879126736,0.47822327331736836,0.46210632406190066,0.4579692388554589,0.45916823179905275,0.44332143399252066,0.43593336137525535,0.42048924503684326,0.44157485561545406,0.4234593561584315,0.5,0.1,1.0,0.1,1.0
0.4459002877871975,0.5097768855783485,0.5177113826827762,0.48848002561548154,0.5303876676569197,0.5227613033670684,0.5026928432200256,0.5260129384892117,0.5346290475992085,0.5632987789484432,0.5549455827576011,0.5,0.1,1.0,0.1,1.0
0.46982296929488665,0.4936706950878868,0.4909290951519145,0.5155152642148174,0.4995312817796996,0.46844368257925906,0.48987722232283554,0.5463014627704605,0.539722747960469,0.525441766201091,0.5061856392467325,0.5,0.1,1.0,0.1,1.0
0.4915088674192078,0.4550127015062611,0.4815923103068634,0.4683796902270803,0.46676003180436776,0.4321758450907768,0.46036232552412804,0.522856975600359,0.5359899652574173,0.5093766791322046,0.5089051442368693,0.5,0.1,1.0,0.1,1.0
0.5540815325546316,0.563357556133312,0.564395159389434,0.5466545386084691,0.5866089940515908,0.6122949809121244,0.5929340254868934,0.552559610423267,0.5868395794401142,0.5942427939797487,0.5681705001429463,0.5,0.1,1.0,0.1,1.0
0.4352747040587816,0.4858785550359812,0.5300566500315742,0.5583583473751041,0.5481983075846318,0.5414033041526268,0.5510867031057081,0.5485328796798065,0.5078057362765136,0.49300085807060345,0.4454237685324914,0.5,0.1,1.0,0.1,1.0
0.4219685408893316,0.5251153414465175,0.4937764194169247,0.49855992110277964,0.47798928360558884,0.40623803216209164,0.44110834030460466,0.4384977070040927,0.45053696810336147,0.49116598433733377,0.44611416358563794,0.5,0.1,1.0,0.1,1.0
0.4329697635908627,0.43414222381383677,0.4634565500810021,0.4918102233747604,0.49654154144732215,0.48753495868114866,0.47336483850921046,0.49550827477355786,0.49248567258819065,0.49557990881411845,0.4663172619856016,0.5,0.1,1.0,0.1,1.0
0.5919469820856169,0.5803154256621066,0.5945585423124656,0.6041518555239166,0.5863170641344622,0.5657028627208929,0.5816944681927634,0.5736189581918942,0.49440669708099083,0.4956697531432697,0.5567198567198803,0.5,0.1,1.0,0.1,1.0
0.4048227847749929,0.388568508774772,0.3638946461582977,0.387026491205241,0.4340228494666565,0.4926090879615484,0.49083744237472055,0.5306961321983334,0.48201938147876766,0.48135224299348256,0.486644700275664,0.5,0.1,1.0,0.1,1.0
0.43337118478293796,0.4134709032178863,0.40985453482547246,0.36749822693049217,0.3710366378179689,0.33003751786907737,0.369994688016825,0.353511843038001,0.34973895197905885,0.3680266516949482,0.3703147752547985,0.5,0.1,1.0,0.1,1.0
0.5530411240676981,0.5681263773694153,0.5260057884620727,0.5507957847399999,0.5636633082812041,0.5311082288631206,0.5071014376210836,0.49026476296140425,0.4537045745303091,0.4200335663370322,0.39030078703769105,0.5,0.1,1.0,0.1,1.0
0.5256671876057172,0.5499271721379192,0.6043797126703953,0.6313036027462499,0.6708739017707853,0.6226234794141885,0.6136915293849312,0.5621738916945362,0.5047392574391432,0.5061220581860536,0.43358814215666847,0.5,0.1,1.0,0.1,1.0
0.545137555311085,0.5621692344776696,0.5274347323210401,0.526124550711734,0.5025247782877519,0.5290386327872226,0.5740340432461747,0.5233061040368663,0.536864181779252,0.5938938323295584,0.5686080084020935,0.5,0.1,1.0,0.1,1.0
0.5767943498974176,0.6248424335866951,0.5884903316149447,0.5807778990536453,0.543923295884606,0.5565941597779508,0.5297320121508741,0.5300484564722273,0.46750112521324444,0.5078074294377685,0.504245315904987,0.5,0.1,1.0,0.1,1.0
0.4304821158133502,0.40175165265313967,0.385818677582831,0.4100205196162628,0.4276782298270056,0.4844219119675349,0.5605258999308875,0.528264666903715,0.5100134023427475,0.5076085196340833,0.48928684556258184,0.5,0.1,1.0,0.1,1.0
0.42755713596918005,0.41869016835221234,0.3830647965198184,0.3381241777944272,0.3764177506017574,0.3783138402506852,0.41230459968659966,0.39861022504974963,0.4185774075423724,0.44534640571353834,0.4860797667876229,0.5,0.1,1.0,0.1,1.0
0.5250722607880409,0.4925791035839923,0.5259032533081683,0.5182357822035767,0.5075128452328871,0.530363301172228,0.5246586142576672,0.5546059450946796,0.5448912236561196,0.5472808287948495,0.5133226905260435,0.5,0.1,1.0,0.1,1.0
0.4769255976744045,0.5090952389769832,0.5102864397211444,0.530109042469088,0.5035051174557011,0.4851353357550051,0.44202674589087576,0.44833247017040573,0.4567181423067845,0.49016804128647823,0.5341875874302915,0.5,0.1,1.0,0.1,1.0
0.43955155343780894,0.4475592760781919,0.5045122973975298,0.522789698463634,0.6008474116895831,0.6031622552732325,0.5897129351690128,0.566035678067123,0.5206245194748221,0.5230582769018979,0.537604171945304,0.5,0.1,1.0,0.1,1.0
0.486147905862566,0.5001053618918021,0.5179422604691784,0.5498115470363052,0.5259141173182875,0.592950467024615,0.5632386715155475,0.5510869753059916,0.5790098569455583,0.577684631987023,0.5503464095296271,0.5,0.1,1.0,0.1,1.0
0.38854134546397884,0.39931489450779595,0.3699495253366525,0.42559585589134996,0.4328103933536207,0.46470626296211565,0.5075666223807203,0.4992694401594641,0.5288301742305531,0.5109527961761564,0.47524202322109843,0.5,0.1,1.0,0.1,1.0
0.5678280818653846,0.5778110145620134,0.5704803504886815,0.6018812571782205,0.6162878250437268,0.5828320166971083,0.568164147428023,0.5269969901809479,0.5240491316063284,0.5505211729892945,0.5746018009948385,0.5,0.1,1.0,0.1,1.0
0.4140227144835624,0.39293095640940534,0.390035330771626,0.3494282169810053,0.34887470638447554,0.31536251569188073,0.3015756262993634,0.3179599602598153,0.32407111893673496,0.30911218694647313,0.3113861072691209,0.5,0.1,1.0,0.1,1.0
0.557481961239682,0.5576791709298055,0.539974670899846,0.5212186450199898,0.4688547563218001,0.45800418334579585,0.4276877589933355,0.42336449017876726,0.4791372749715059,0.4422136595804821,0.4343414588897506,0.5,0.1,1.0,0.1,1.0
0.40843890632923674,0.4666669588172685,0.5043160319059713,0.5229194052675739,0.5162980819520968,0.5482086826228976,0.5360829080401195,0.5347424263884604,0.5217405258410162,0.47998772272552587,0.43140815576728836,0.5,0.1,1.0,0.1,1.0
0.5276094137664707,0.5455388537957584,0.5338998140769153,0.5418215147814702,0.5234668955537698,0.5238929576195613,0.5493587120137945,0.48257595653959495,0.4779536415290587,0.49370567221482103,0.38585312914649533,0.5,0.1,1.0,0.1,1.0
0.5977212539861144,0.5917705178597348,0.6366612233751501,0.6276621737318643,0.6395528745257144,0.6172866097491968,0.617989020056196,0.6661275534925121,0.6440924629378896,0.638466522877233,0.6339564984744042,0.5,0.1,1.0,0.1,1.0
0.5557300189482072,0.552389980714206,0.5419052199094899,0.5496416940796703,0.5179720654984993,0.5182024753274651,0.5139786705880058,0.5327907894301435,0.5541024656112795,0.5244051431275667,0.5456754113722333,0.5,0.1,1.0,0.1,1.0
0.6528103787665519,0.6134949457447502,0.5740933589342163,0.5438907880561485,0.5489703884318838,0.4821084496784715,0.4857093353377322,0.4998401111269371,0.5206745182574379,0.4704515617193583,0.484844837634846,0.5,0.1,1.0,0.1,1.0
0.470346205146502,0.49475300569760455,0.48325051829288695,0.44268532857839843,0.4036139071707463,0.4341109487374785,0.42827523565189785,0.475763070325874,0.4790341717015404,0.44652095517896845,0.42698917327204466,0.5,0.1,1.0,0.1,1.0
0.5212438586466493,0.48226258782098025,0.48277051654336683,0.4798406816166517,0.44081817311540783,0.4363813674105472,0.43939937642014504,0.4349640962131291,0.44078888752787243,0.4352276779423048,0.4239270672597986,0.5,0.1,1.0,0.1,1.0
0.49937383033628735,0.478976089587747,0.46033661227569445,0.4467106482840803,0.46031183721810587,0.5014023999165707,0.532918579790542,0.5073661247637817,0.4752543504105504,0.5081829769209547,0.5252600880034176,0.5,0.1,1.0,0.1,1.0
0.5284392553658545,0.5210732228055754,0.5059674282841881,0.5322023510807673,0.5593805260364876,0.5666316643159759,0.5511575980969247,0.5542459236978281,0.6108829247998268,0.6394824545146301,0.626726146265494,0.5,0.1,1.0,0.1,1.0
0.5039605588415603,0.49661676114754166,0.4991679283494744,0.5360524509246961,0.5629450126096546,0.5360450985447631,0.5801973162864028,0.5061774918715366,0.4958947121276919,0.47515717052896017,0.4635620342143447,0.5,0.1,1.0,0.1,1.0
0.5867606363896454,0.6168493272241605,0.5833981614568698,0.5639527169904694,0.5550575262150783,0.5663557184140867,0.5599458576185469,0.5656131478581945,0.5219713559900951,0.5119423521578952,0.5250929604625975,0.5,0.1,1.0,0.1,1.0
0.6383006587918961,0.570887525142589,0.5760807622485353,0.6299772473391455,0.5778092150090859,0.5194959945667492,0.5722809170791829,0.5577985525524528,0.4933045153052648,0.5227490284782659,0.5437773069226108,0.5,0.1,1.0,0.1,1.0
0.5735859585887919,0.5979490217550234,0.5962056969971071,0.5832971181792044,0.5820745268134152,0.5914512737575873,0.6295244192212364,0.6089498899691699,0.566353793297369,0.5791491118336799,0.6084780829523212,0.5,0.1,1.0,0.1,1.0
0.49512006642381573,0.43910837730317376,0.42322016455917055,0.4293633314042821,0.4629922563485005,0.47428228559278646,0.4805407776409146,0.45628161053888316,0.4444894582023185,0.4111574777712899,0.4827410436801009,0.5,0.1,1.0,0.1,1.0
0.37725065044292694,0.32737721091766336,0.3550255382058076,0.41448443051944905,0.48143357430885336,0.5129011047486243,0.4779178910728196,0.5345519292482886,0.5939421643220697,0.5906555179620573,0.6358255930854354,0.5,0.1,1.0,0.1,1.0
0.5050660369325111,0.4982441574055051,0.5317806301658835,0.5224355030023862,0.5517229778896554,0.5300328600800883,0.49640691814130977,0.473300340845595,0.5190210742159116,0.5783521100587404,0.5893134598229826,0.5,0.1,1.0,0.1,1.0
0.5138903239697737,0.5111606282218951,0.4831648910275313,0.5031864345773377,0.567274526828621,0.5754062394451775,0.5682354846744934,0.5209116808414335,0.5348461490893603,0.5636547720780354,0.5930379834802192,0.5,0.1,1.0,0.1,1.0
0.6847105608737234,0.6809236104913827,0.7012773389240232,0.6773894425938821,0.6380020745364956,0.6152159004814012,0.5776466370588822,0.5903175566968445,0.6205274225384089,0.6169017241997184,0.5517642763014584,0.5,0.1,1.0,0.1,1.0
0.5171098802092109,0.5440585785075686,0.567043996443216,0.5954176528338574,0.596597997083738,0.6229339750363403,0.624583980972831,0.5760888618654149,0.586214693131084,0.5787028970757215,0.6085737185466022,0.5,0.1,1.0,0.1,1.0
0.5589401097463822,0.5798066724081943,0.5987214536642118,0.5765352345465173,0.5221489192529813,0.5951353373867785,0.5601688265972773,0.5974077483979415,0.5665670036980868,0.6208093213150312,0.6101108122807959,0.5,0.1,1.0,0.1,1.0
0.4826897809489857,0.49636793353445524,0.5095736095074415,0.5646147258378252,0.5716661182156701,0.6147804841931097,0.5593654409542094,0.5412060570706614,0.5432262901528453,0.4924823916526039,0.4984238492879081,0.5,0.1,1.0,0.1,1.0
0.48580137516339517,0.51326291389292,0.5183077233536316,0.5104106014783063,0.5365100941006251,0.5136125917301724,0.4534517674419072,0.41797452760351117,0.4038452167994091,0.4274238332162778,0.3883531897807755,0.5,0.1,1.0,0.1,1.0
0.4332849942322594,0.4797178155035981,0.47651628537394136,0.5005053629751643,0.4746135375754843,0.48318751452331793,0.4724840158767525,0.5432606661056024,0.5288712753022566,0.5510854685227292,0.5307607331089075,0.5,0.1,1.0,0.1,1.0
0.5171610915928424,0.4929266623576465,0.48033021781675844,0.47091685197067584,0.44698693776997533,0.5026726363475362,0.44592272933896326,0.46452094923439635,0.4530204171940315,0.4372592815798733,0.385296831637457,0.5,0.1,1.0,0.1,1.0
0.44200479416890864,0.4417798000591491,0.44211171143713107,0.39135302751840295,0.388236033697415,0.4756152882844152,0.5053373409578982,0.4818716007332902,0.443553683004601,0.42413422238709025,0.4700790195332864,0.5,0.1,1.0,0.1,1.0
0.5558073904143317,0.5330019831568356,0.46664498290671774,0.5036678772668766,0.5829860898740018,0.5560721436417938,0.5207408726694741,0.5097479340032056,0.5106684933834285,0.5473541828386227,0.5213300851895066,0.5,0.1,1.0,0.1,1.0
0.4978269946728092,0.4959248741851265,0.4795054328325664,0.4865987599591,0.48740350685935013,0.44627474437082065,0.450150175815161,0.44251142954380257,0.47928247414833386,0.4655624271371532,0.5398223745518786,0.5,0.1,1.0,0.1,1.0
0.6715835823875734,0.6396252677959484,0.6328786162442742,0.620736027837869,0.5733256457277687,0.5521310480822109,0.565508331592614,0.6066291831039615,0.5747793455399588,0.5308642137756391,0.5943419976104363,0.5,0.1,1.0,0.1,1.0
0.3717793083894352,0.4177141963981886,0.4718092364237176,0.45765753673899146,0.425912735515398,0.4230683290079721,0.39355684714079653,0.42504168426918654,0.33944511814369144,0.30663125067794456,0.34544909369382376,0.5,0.1,1.0,0.1,1.0
0.5466081353614891,0.5468516677929058,0.5422483301882751,0.532156399244738,0.5189489958968637,0.5250291512721434,0.5732599637466561,0.5948336216904901,0.6161444651660417,0.5535872655662499,0.5590308567787141,0.5,0.1,1.0,0.1,1.0
0.60693750405185,0.5296645306051067,0.5489932631064026,0.49692820048684316,0.5139453479245479,0.5414262077849052,0.5594827236458267,0.56121017387326,0.5130900900626569,0.5219718206141369,0.5440879386606305,0.5,0.1,1.0,0.1,1.0
0.5219111553019667,0.509813737142906,0.5181166267447196,0.5266012969844962,0.5565216335768739,0.5670841772617232,0.5609973556418538,0.5640189274842361,0.5281400480235404,0.530697957642712,0.5233287136732193,0.5,0.1,1.0,0.1,1.0
0.4131198721788328,0.44029133819156163,0.3953158609970291,0.4222787204504863,0.4074476814395526,0.404931897663405,0.4050517745019298,0.41030263814217727,0.38313129796238915,0.4236164215023459,0.4532083589786414,0.5,0.1,1.0,0.1,1.0
0.5062743763000956,0.4844178455986909,0.4988050763883545,0.5231352057360182,0.4917036802578363,0.4780271448302631,0.5069315321505388,0.47994603427077354,0.491045728302192,0.468632515044722,0.5277296808406938,0.5,0.1,1.0,0.1,1.0
0.5387880949351797,0.46434780487606664,0.4614757936419568,0.43274006746989885,0.4353521108031499,0.46002745287215707,0.5067238100901057,0.5082749345673051,0.4806596898759466,0.5175605668623595,0.526142698289181,0.5,0.1,1.0,0.1,1.0
0.45237033309749736,0.49900179273791895,0.5061904835691519,0.5305699547174146,0.5222025919564872,0.5521425661005875,0.5771492103943356,0.6081788364557611,0.6048766434502455,0.618241401696631,0.6044389457150887,0.5,0.1,1.0,0.1,1.0
0.5084430141479352,0.5128915138770194,0.5046361206305139,0.48716620619270556,0.46761317178832273,0.4773646449771913,0.47194337777564,0.5308612113570143,0.5313099711747624,0.49974055449035526,0.4978315614131443,0.5,0.1,1.0,0.1,1.0
0.5093771526928432,0.4889428511708558,0.4478616688358992,0.47725897385666993,0.48935140256900483,0.5141734730940924,0.526299338283816,0.5183430158928578,0.4706364145575301,0.5110548646507534,0.509666241543466,0.5,0.1,1.0,0.1,1.0
0.44860976354419624,0.49826975272769164,0.5245210035899172,0.612430601267363,0.6208311782034446,0.6008884579382313,0.5745294612760828,0.5834509661733726,0.5810624153463939,0.5611946577812666,0.5528427358072004,0.5,0.1,1.0,0.1,1.0
0.5335945864689513,0.48090105704685593,0.4733476256378803,0.44873339189291556,0.3950870364399478,0.4357991315353897,0.43353208014114775,0.45435162646522187,0.454799533015943,0.49060154009616996,0.5161989282346618,0.5,0.1,1.0,0.1,1.0
0.5031219044058068,0.4837801842021292,0.4764219692882593,0.4777062787622629,0.5429595051918873,0.5418406999695153,0.5434550214168348,0.48097540116578424,0.45739430718457186,0.477743509727928,0.4189370801608865,0.5,0.1,1.0,0.1,1.0
0.4530683734233197,0.5231200317835968,0.551290318885174,0.5733132656751455,0.5862103365767446,0.5757768811585937,0.53008949137259,0.5578151104881324,0.5821902312242054,0.5901663009994609,0.578694470714637,0.5,0.1,1.0,0.1,1.0
0.4234374311621162,0.44183659433357075,0.4342937543425222,0.5088844081747801,0.5857284140393288,0.5992623445727042,0.5660518799731922,0.5921208928488918,0.5514207836328324,0.5535198816114668,0.557013985338303,0.5,0.1,1.0,0.1,1.0
0.45137776150768316,0.47518284686462664,0.46310514580894885,0.4579958006334735,0.45927791544004254,0.4359188146915548,0.4211160723588232,0.41209167826124626,0.41284273204916966,0.40494129261568923,0.4347864339171994,0.5,0.1,1.0,0.1,1.0
0.45864606459284546,0.4310804254689245,0.45219880969496673,0.45914098629569783,0.4357086674383633,0.5079429987438012,0.5265641032465304,0.5620521967475665,0.5326757733616962,0.534472137948411,0.5588281243862512,0.5,0.1,1.0,0.1,1.0
0.5321572976603655,0.5042140116591104,0.49575931759879843,0.5173639916206653,0.4663473895397712,0.44560747680148455,0.46714179920451304,0.45306084721506995,0.4103580199664764,0.3950363149679406,0.4264560413461289,0.5,0.1,1.0,0.1,1.0
0.5624278898316097,0.5219788055555135,0.5726546325930051,0.5634973922127602,0.5891634408871487,0.6002989558002918,0.6004560357579456,0.5613417114847148,0.5398364568815238,0.532219077570114,0.5877017510189662,0.5,0.1,1.0,0.1,1.0
0.4480549805706941,0.4512558420075446,0.4582419983381908,0.44817248977329793,0.42408166827213994,0.4588940637485526,0.453175799277896,0.4640893672662766,0.4772670796896652,0.5158841881610121,0.5207923051950895,0.5,0.1,1.0,0.1,1.0
0.4674823206133356,0.4958891412644291,0.5305904627527074,0.4965933461129324,0.5217477776111875,0.5731017988872987,0.5180638166385638,0.531381020159095,0.5351145938213527,0.5034327151250452,0.5275176604838822,0.5,0.1,1.0,0.1,1.0
0.4004813289830516,0.3847805791950005,0.36341543419713035,0.3603956216240032,0.3388335357073223,0.3301721873263933,0.39148479697042726,0.39661571531178197,0.41091375205161024,0.45631618270290797,0.430269412705963,0.5,0.1,1.0,0.1,1.0
0.38201801191517293,0.3876219934211451,0.30963910364484576,0.26131306317732833,0.3252892009448021,0.33677007217547034,0.307752152828786,0.3446200990594727,0.3681319792964078,0.3843082433611585,0.40242929296930213,0.5,0.1,1.0,0.1,1.0
0.36938538265609916,0.4229815301363979,0.46961817638155745,0.5059277620517368,0.5007901006339152,0.49615308835487465,0.46552348742310407,0.4704797187651798,0.4722277640778506,0.4543764984168747,0.5472796644540856,0.5,0.1,1.0,0.1,1.0
0.5825198401589412,0.5671362697413111,0.5291066011404038,0.477134460633141,0.5033537751620988,0.3975215487338457,0.35859243084898557,0.3797927230405253,0.38188512061391233,0.33869330266115405,0.3299052478147344,0.5,0.1,1.0,0.1,1.0
0.520077368091164,0.5027633001941019,0.5396820972658634,0.5203662522559941,0.558793107131383,0.5367729801678492,0.5577637357558459,0.5034363650110307,0.49538448023579645,0.5050644155410139,0.4841817500314237,0.5,0.1,1.0,0.1,1.0
0.4650961798109367,0.45485545370784575,0.4516955910964652,0.38312591020781717,0.37082505404588584,0.3521574570138738,0.3660712676852997,0.31823098259892835,0.3092510762238377,0.325168965352558,0.39638500845174696,0.5,0.1,1.0,0.1,1.0
0.4107219408063693,0.3913417274300043,0.3089955370432209,0.32532898382319486,0.3341496574175475,0.3739876719405163,0.44390656105697573,0.48254370607522984,0.5016559851867817,0.5129099954841265,0.5138104139619171,0.5,0.1,1.0,0.1,1.0
0.6243159092893056,0.5674350970276903,0.618799338388343,0.6113961773028043,0.5987849885144985,0.6300235471692948,0.6492076894874471,0.6434356686500873,0.6944151609889926,0.6675088438840133,0.6218979601006457,0.5,0.1,1.0,0.1,1.0
0.45905908383284977,0.4893711761641269,0.45514919784103786,0.45690778145233973,0.44788239715591793,0.499821903185554,0.48580778083791726,0.49395156159196957,0.5107988708940738,0.5071053688536118,0.4929864473982225,0.5,0.1,1.0,0.1,1.0
0.4950096485455946,0.4769378229021853,0.5033913578719477,0.5258775212180358,0.5110966841970496,0.4742117239097664,0.4990433704666333,0.5463534052431813,0.5601376585523806,0.5939492591713302,0.5909116579433377,0.5,0.1,1.0,0.1,1.0
0.4495098870468833,0.45309311947802305,0.4752953241116803,0.450381627569493,0.4748359230295881,0.4646239530373411,0.42995412064019434,0.4227425320894179,0.426492224030616,0.4805375792124353,0.48385653040334886,0.5,0.1,1.0,0.1,1.0
0.4454298157381752,0.5002576565945138,0.5262062344764918,0.4915776817071821,0.5241995398389522,0.5958958736984605,0.6266133063784393,0.6349923374622687,0.568733861119796,0.5725091658390303,0.5922427617345116,0.5,0.1,1.0,0.1,1.0
0.530487068800986,0.4902757524634668,0.46986168922514054,0.4969356125277945,0.46122976736690224,0.4355883558697326,0.4467647394779313,0.4747405292108131,0.4301036554731524,0.430943194949471,0.38960972857725157,0.5,0.1,1.0,0.1,1.0
0.5674750937145666,0.5362235237281009,0.4589063815520089,0.45635885221431655,0.4504013120923204,0.40800525533496124,0.49532953548983605,0.4939115946214172,0.4478218815596313,0.4474404944024748,0.4554343434186927,0.5,0.1,1.0,0.1,1.0
0.5482525416006516,0.5499814015757881,0.5686821344721357,0.551241399158155,0.5771885004310544,0.5906000327784775,0.5646164844319215,0.5462092566207041,0.5194433405970946,0.5880331601989832,0.5833458525184498,0.5,0.1,1.0,0.1,1.0
0.6618388847654416,0.6365708154432704,0.6399660440404101,0.6009419933836473,0.5771029038821148,0.5098478534135638,0.5087460747515342,0.5356389014332713,0.5045746226331007,0.4405781334523909,0.4735317214307874,0.5,0.1,1.0,0.1,1.0
0.628061351643786,0.6816636398970892,0.7201561743061036,0.6753093268284487,0.6629758772022148,0.6711772015945472,0.6546616570557319,0.6874948117165816,0.6710635160070496,0.6803794668013344,0.6056124253606942,0.5,0.1,1.0,0.1,1.0
0.5396539773780876,0.5510354025134546,0.5858308409342292,0.5816319600048545,0.5330282268294756,0.5649963683219918,0.5286581426322997,0.5474347000443001,0.4855530314493161,0.49512285405056955,0.509258188506176,0.5,0.1,1.0,0.1,1.0
0.43389239697939647,0.4490888053841595,0.46987049603051506,0.4839846797900062,0.4746217449598393,0.39972093906391654,0.451502651361973,0.47044427102426567,0.43296673174169875,0.4164371341148363,0.3994532007669675,0.5,0.1,1.0,0.1,1.0
0.46343633705635956,0.493512634668583,0.46172764639806363,0.48809797053992554,0.49972549459177046,0.4911722361064,0.5026132470712443,0.532571685058518,0.5129876498154511,0.5535342296611279,0.5529146785945951,0.5,0.1,1.0,0.1,1.0
0.5235437637275364,0.5199793865901932,0.4692399123717794,0.4455531804965755,0.43243593807287417,0.4946841581846383,0.46025091024927073,0.5065307844985133,0.48569424248344273,0.48796419372669747,0.4165058166527809,0.5,0.1,1.0,0.1,1.0
0.5066152125709257,0.5074199027628209,0.5126632192235412,0.49939393230087264,0.4772825559346724,0.4323531913181513,0.47397076527343934,0.4411503934143135,0.4287209228026134,0.4853052931863967,0.48055330951558284,0.5,0.1,1.0,0.1,1.0
0.5165222302648776,0.4742534285318165,0.48495410873441946,0.5336322161738176,0.5369825910549212,0.5359642804603326,0.4878276311215572,0.44987906550488965,0.5381457900506074,0.5277378863520207,0.5199587024644914,0.5,0.1,1.0,0.1,1.0
0.5600507285617692,0.5723570344807947,0.5753975959641175,0.5778374591340447,0.5702282524413887,0.5883440124441374,0.5921411613849922,0.5637386028894179,0.6152703017149064,0.6027519137665024,0.5283169616437429,0.5,0.1,1.0,0.1,1.0
0.6521403586186474,0.6481950096468021,0.6058185880766584,0.5808419138638908,0.5925016979324222,0.5825504342842103,0.5607395187917072,0.5667186959829686,0.5915456205369848,0.49974116493561227,0.48781122207470295,0.5,0.1,1.0,0.1,1.0
0.5106786230932411,0.5118524253751198,0.4712546552399918,0.5178348768161567,0.5254712685021898,0.5164978442827631,0.5052949852201306,0.47953580410211205,0.4935168875624608,0.5948006364652773,0.623008410538862,0.5,0.1,1.0,0.1,1.0
0.5416288170226068,0.5268621167660389,0.5164856134670677,0.542067358429655,0.5705220296474277,0.5354760678813693,0.5180712888373652,0.500832939621235,0.5380491662830528,0.5342336711745724,0.5001373972246096,0.5,0.1,1.0,0.1,1.0
0.5238589618755459,0.5403762544369158,0.5348146485966632,0.5340684220100516,0.561525003052811,0.5701702821606782,0.5432555393669107,0.5705093582908737,0.5132198354159591,0.491187554034167,0.5262447741375932,0.5,0.1,1.0,0.1,1.0
0.4628698669468664,0.4532191142380236,0.5253459848015145,0.5008491840826957,0.5305433604843838,0.4991680437978023,0.47109361307746,0.45005124278829406,0.465274095521484,0.39737204769997286,0.37047040571917617,0.5,0.1,1.0,0.1,1.0
0.5518362149774575,0.5475781811472507,0.5899444048496024,0.6461984860641009,0.6499591942704167,0.6496780329385393,0.6104320335741145,0.6804492100294571,0.6424513536816172,0.5844892639308097,0.6008539877159892,0.5,0.1,1.0,0.1,1.0
0.546316327963718,0.5159227236151139,0.49507577790763097,0.4837699840800655,0.4852230092681433,0.4949483367840277,0.5319194749007974,0.5337662355024785,0.49238111704364207,0.45567780743676556,0.47059573768145546,0.5,0.1,1.0,0.1,1.0
0.5636933706858299,0.60115967810338,0.5829199281702035,0.568923835692339,0.5876598291029373,0.6135949202495153,0.6384800790108774,0.6055898553202133,0.583507081587286,0.5989655383388471,0.6233281735407531,0.5,0.1,1.0,0.1,1.0
0.5640223961446549,0.5595900200776263,0.5348075120625485,0.5563053919447308,0.600883392401893,0.6122435158659192,0.5942534580571486,0.5899326529099641,0.5690450723580105,0.6119957189884851,0.5470475993446854,0.5,0.1,1.0,0.1,1.0
0.5599280341189258,0.5859467679786706,0.5855327831009337,0.6056547349469202,0.614776929781475,0.5559385939013358,0.5701192741548698,0.5580867602324875,0.5105347782456761,0.49788922502284405,0.5045764816822041,0.5,0.1,1.0,0.1,1.0
0.5804142728398037,0.5451317829265958,0.5490260715470818,0.5595143906059525,0.5246877000403689,0.5524506446662516,0.6056331722140561,0.6120669830746548,0.587773278073597,0.5631480507655756,0.4984816331800524,0.5,0.1,1.0,0.1,1.0
0.3809757753274942,0.42253114760752725,0.4497999284484565,0.47199080873848576,0.46419965174396516,0.4452623040769402,0.45901300373606835,0.4348198757602863,0.4469217811877488,0.5012835702524278,0.513831561720277,0.5,0.1,1.0,0.1,1.0
0.446763351009745,0.4778620236908584,0.4962951026372895,0.49650467154876665,0.5016071833582371,0.5000035353536063,0.488470059880454,0.5026712815726385,0.48971053779019447,0.5201989884254996,0.48848558503410594,0.5,0.1,1.0,0.1,1.0
0.5802228914931286,0.6068620768912547,0.6274552027789635,0.6320876766935942,0.6529971326750289,0.6201413209444689,0.6422299473665682,0.632342080610758,0.6087195856227781,0.5983841211980401,0.5514980069700838,0.5,0.1,1.0,0.1,1.0
0.5242965772696071,0.5373455358144115,0.503114442253366,0.4703313103186732,0.4674954138854601,0.4645739808370797,0.48636700064955696,0.4731132619563489,0.4402871220402018,0.45906792087709486,0.4880349140438527,0.5,0.1,1.0,0.1,1.0
0.4018049910573337,0.44510390037614256,0.41589609544159195,0.413405362568147,0.4467145972897236,0.46202879240415395,0.4394379669963523,0.4699632531685124,0.4482649785138689,0.42856954180570606,0.3873899483631027,0.5,0.1,1.0,0.1,1.0
0.5337732848683879,0.531451811992055,0.5737019992266517,0.5451588285349467,0.5460941501733305,0.5259884639912847,0.5268802836224292,0.5147221521254922,0.4733878936649683,0.5088574940192653,0.4922509119215157,0.5,0.1,1.0,0.1,1.0
0.49679167995403184,0.549004191338617,0.5468025256330441,0.49695269165533995,0.46541492710760457,0.47890748735712757,0.5447150579955242,0.5319658807223461,0.5539025400457539,0.5285683019575841,0.4634997167290331,0.5,0.1,1.0,0.1,1.0
0.5064155854888752,0.5170079761510232,0.5839544511520159,0.5967188929204847,0.5522380745774506,0.5779621680863256,0.523422198468528,0.4762001479120769,0.4875711171007786,0.4526389389396476,0.4407547077186528,0.5,0.1,1.0,0.1,1.0
0.5301357225795298,0.486936843403415,0.4616813790033043,0.4941267074346585,0.5133627474035976,0.5314282351168004,0.5244100667199374,0.46991172645994167,0.4540668186582434,0.48520073356860743,0.4848721621187977,0.5,0.1,1.0,0.1,1.0
0.5815752472724212,0.5855040419235776,0.5773102932158028,0.5688371255027153,0.5615299417604757,0.5407889714635209,0.46636838625583155,0.4547972470431787,0.4593264536595178,0.41326758842907757,0.40469212309911295,0.5,0.1,1.0,0.1,1.0
0.5645481361595487,0.5271153647208364,0.5068104896677601,0.5488760428103501,0.5414742967701289,0.5065405418580863,0.5020635930487328,0.5036708620546971,0.47881582228951186,0.5313781377497702,0.4866428477016234,0.5,0.1,1.0,0.1,1.0
0.5577897394818586,0.4982308712275057,0.509293338620981,0.5378186787552363,0.5620886392109122,0.5276289665666481,0.5540134031385697,0.5279165854138783,0.4962055835477024,0.4748809150542864,0.46821625584257853,0.5,0.1,1.0,0.1,1.0
0.47564657103174945,0.52615049901766,0.46709887892123775,0.4955833133921899,0.4851850230197492,0.48222778613542605,0.4755385853424714,0.447397369727955,0.44291323222266693,0.5013915790292781,0.4785771170325747,0.5,0.1,1.0,0.1,1.0
0.5675214910045252,0.5808031535273612,0.5577047933977514,0.5546239036874318,0.5366228925145783,0.568015285745539,0.5440335136704053,0.5833469409565,0.5505452055436739,0.5247489746839595,0.5214984759494014,0.5,0.1,1.0,0.1,1.0
0.46036383223769856,0.480760050534802,0.5200531930662744,0.5747479018948024,0.5478427477171421,0.4870445712143354,0.48220318933941636,0.4856601314337888,0.47229572566990047,0.4419632791363342,0.46969934730551355,0.5,0.1,1.0,0.1,1.0
0.5250700046142546,0.5121321705132418,0.5146699994143873,0.5374531401894213,0.5614267276711532,0.5462069925319941,0.6123293097601837,0.6105807756817134,0.6110623881575314,0.599873542049079,0.561329840633751,0.5,0.1,1.0,0.1,1.0
0.5458930868918863,0.5604689417008265,0.5546305323267458,0.5665864155921227,0.5924367553869612,0.5793166277235936,0.5413069071567773,0.5648014687232589,0.5387197824914332,0.5499027722196499,0.4553302088530413,0.5,0.1,1.0,0.1,1.0
0.5591128891334788,0.48805587819301144,0.5301519974585187,0.5674235620504422,0.5286095310517656,0.4618353049556719,0.46934141434785526,0.5267786583476072,0.5626121133664518,0.5280406836206734,0.531722794969312,0.5,0.1,1.0,0.1,1.0
0.5325194480702505,0.4857250483839378,0.5342275630147052,0.5641451258562915,0.5040087933982347,0.5268539545872551,0.5141889241616917,0.5238517220696722,0.5003406072019998,0.4896517365905737,0.5103805951438365,0.5,0.1,1.0,0.1,1.0
0.4422718010119635,0.40629458574012434,0.38805772321588045,0.3845283055657771,0.4018282748004773,0.38860794799185183,0.41438061861350867,0.4094132456598874,0.39660918515624766,0.4255228890129387,0.4388490145217193,0.5,0.1,1.0,0.1,1.0
0.7046462803869956,0.6671192705986528,0.633167132619489,0.5529705848556045,0.5326990142605321,0.5610355434018786,0.4973418881546745,0.49821062550292955,0.4797145328546483,0.535880988538762,0.5291011428887887,0.5,0.1,1.0,0.1,1.0
0.621649713511046,0.6285930826995536,0.5508015828203097,0.5222176289374595,0.5340276310665801,0.5240381412321715,0.5345616848979986,0.5231610746974718,0.4917836802350876,0.524916112828833,0.5021312521846115,0.5,0.1,1.0,0.1,1.0
0.47948981860952233,0.48115857342369406,0.5346555481753561,0.47683265720588053,0.5010114690606838,0.5380623835429095,0.5236555339674989,0.54159967620471,0.5471882106302608,0.530998367204328,0.55450331998882,0.5,0.1,1.0,0.1,1.0
0.48031206564965906,0.5013746937445254,0.46391895049711573,0.5336142533573707,0.4896076536402778,0.4892711829212604,0.4654151069526146,0.43806560528226274,0.4578974468230384,0.41306125661303805,0.40536929232133845,0.5,0.1,1.0,0.1,1.0
0.5969041273999188,0.5995931112776383,0.5426292246146254,0.6419517500682117,0.6463142190030975,0.6024362729711724,0.6176074307124944,0.6218148474113252,0.5962408199291492,0.6180428306218785,0.5713614681331403,0.5,0.1,1.0,0.1,1.0
0.45008084367486834,0.3992500605061993,0.4275721873734234,0.4730233541414182,0.4452401538645405,0.40916766649542774,0.3729883581371092,0.3824811753945991,0.43802271538203263,0.4685514407329477,0.4698324805017894,0.5,0.1,1.0,0.1,1.0
0.4893310573525876,0.4945761106557292,0.5162323831963492,0.5291943195225498,0.5673490568336008,0.5053244651080313,0.5477524063859144,0.5671543158909829,0.5737291526320821,0.5393257015602589,0.5634367532870448,0.5,0.1,1.0,0.1,1.0
0.6284123945910732,0.655493017289162,0.6119555499706756,0.6289804666319395,0.6297231261543313,0.6567955149884631,0.634606717684318,0.6014615860377371,0.6217502524146238,0.5947680340952156,0.658588833055261,0.5,0.1,1.0,0.1,1.0
0.39657238145779006,0.39925175718955996,0.34507993734274894,0.3493183264580874,0.3874559596207524,0.3898813379016695,0.4296894900005367,0.4498865880554729,0.4981960849088334,0.5051171776049359,0.46615125186743395,0.5,0.1,1.0,0.1,1.0
0.6520371781967184,0.6004497063550833,0.5886634236130318,0.5617417237876108,0.5257181328884664,0.5617111933624315,0.5703763942473837,0.5483423731311441,0.5455299743906413,0.4828078297817976,0.4420579135761267,0.5,0.1,1.0,0.1,1.0
0.5280732434065202,0.5230009686162118,0.533321763016825,0.5230574053245474,0.4602093115365223,0.49884200187815975,0.49662660245349155,0.48638563782653443,0.47537018805820314,0.45648482136980545,0.5341771272935575,0.5,0.1,1.0,0.1,1.0
0.4582409985763843,0.46173396760968205,0.472902126385472,0.5157481668523548,0.488883333247293,0.44876309575880746,0.4498750632029607,0.5000936423685727,0.5354692048614321,0.5523910808412266,0.5221581473847005,0.5,0.1,1.0,0.1,1.0
0.6208214489251005,0.5933558438932599,0.5748837975467845,0.5839613034962857,0.5914639712948643,0.5994392526866926,0.6034896269081295,0.5974205274310773,0.6068201876187994,0.5839514517934595,0.5828466195981017,0.5,0.1,1.0,0.1,1.0
0.41520233780114385,0.4684957669596019,0.47301244038861295,0.5239732274682838,0.540157995157324,0.5600043427181118,0.5839422946490013,0.5973298829760644,0.5949173971492671,0.590525246328188,0.6179013896003536,0.5,0.1,1.0,0.1,1.0
0.5718830741019135,0.5431124888728873,0.5302747665968773,0.5397144640780545,0.5294332721018055,0.508603551757511,0.44307058524100285,0.4115682251527903,0.41712230090803465,0.48444032753836497,0.5363046609410193,0.5,0.1,1.0,0.1,1.0
0.48317280987914774,0.46994325014706606,0.5152607638901529,0.5889206144445419,0.5978513405283877,0.6320880112617436,0.5850554594343668,0.5597927281553432,0.4886030672857145,0.5133564529819561,0.46481749483613466,0.5,0.1,1.0,0.1,1.0
0.44490775698829377,0.4278904702881617,0.4110704767120912,0.3878281676812161,0.43466650399921425,0.48398897728124435,0.5265084136145821,0.5269671081755318,0.5412057293129857,0.5442751217896806,0.5676202524382666,0.5,0.1,1.0,0.1,1.0
0.5730310765152687,0.6109818353453899,0.6120692813752718,0.5820991304615766,0.5783850451883745,0.6128694406445252,0.6339274464722714,0.6230171580347091,0.5993176701025059,0.59758685773471,0.594866953289528,0.5,0.1,1.0,0.1,1.0
0.5363260639156144,0.5372130357445536,0.49798756766768215,0.535282870506924,0.5314491372905399,0.5656675683282242,0.5825607487154597,0.5566229010544361,0.5304964852684643,0.5497455569742171,0.5461055811526093,0.5,0.1,1.0,0.1,1.0
0.5803604590766401,0.5694036022493704,0.5307514676039518,0.5244620870282353,0.5451811183608353,0.5640992794995885,0.5710827203405666,0.5583384309057805,0.6024088527948077,0.6027078792685227,0.6005837773289749,0.5,0.1,1.0,0.1,1.0
0.4977845376816819,0.5099958809020587,0.5062066491060768,0.5542645201480573,0.48528702395154716,0.488803655182617,0.5187180206634157,0.47781945388547065,0.47566514450592834,0.45330970201593246,0.45734006367886193,0.5,0.1,1.0,0.1,1.0
0.438581540834059,0.48277793262856195,0.5010076973083158,0.47461094075571086,0.44840753561436225,0.48139539832737194,0.4871024003862584,0.5180543389277025,0.4999939651233777,0.5104460244359679,0.5370030508131038,0.5,0.1,1.0,0.1,1.0
0.5517550792117957,0.5521260756341734,0.5194604147134834,0.4936668468095474,0.47261933480360946,0.5069145410556445,0.505981564066439,0.48882662066919413,0.513112156936068,0.5242622208040514,0.5347764784964519,0.5,0.1,1.0,0.1,1.0
0.5157394801140504,0.5101196308473062,0.4929472637002807,0.5336343823783706,0.5880044260547322,0.5418583946686719,0.5571979475179444,0.5692684755645836,0.516051809585291,0.4523209335869787,0.44797007678382184,0.5,0.1,1.0,0.1,1.0
0.5098374725359944,0.5088086898706708,0.5358356590169518,0.5104087287813251,0.5066072488791056,0.519171544883573,0.49086254273200497,0.5020224507466041,0.5524814553273385,0.5142093532836298,0.564939746030384,0.5,0.1,1.0,0.1,1.0
0.403010697370093,0.38451799966524813,0.34027895059366925,0.3588810572119062,0.37421409820685564,0.4052742998148113,0.37780097076541114,0.33465140711997854,0.333530312551002,0.25649456384426295,0.3636816090329184,0.5,0.1,1.0,0.1,1.0
0.45487971467449345,0.5084826583906724,0.47160391430540677,0.5211082803825727,0.4937276997564829,0.4938172732569443,0.4599107214725955,0.4325811629765376,0.4528098763117979,0.5019141891319912,0.49196311733205805,0.5,0.1,1.0,0.1,1.0
0.4881747689161682,0.5230682451330734,0.5684357678621084,0.5771250204900918,0.5116769720755563,0.5461687384461004,0.4717947133609253,0.4291281212533297,0.4467762809492621,0.460938999460374,0.4260495695362373,0.5,0.1,1.0,0.1,1.0
0.6452106029317747,0.5761389805056907,0.5884890995417941,0.6222931688185473,0.6125116030540356,0.6107141446434748,0.6628319857599757,0.6889817349194466,0.6983746136701056,0.7023803342792161,0.6501789274652126,0.5,0.1,1.0,0.1,1.0
0.5427018258314176,0.5484914675196614,0.5681618032837785,0.5834834908831285,0.6274976569112437,0.6073537621190467,0.5858412516729111,0.587199951868011,0.5967608024006873,0.5960103161863488,0.641097595012863,0.5,0.1,1.0,0.1,1.0
0.5281256231993187,0.5419035752796953,0.5449121625628865,0.5539023513250471,0.563159014673922,0.513942182595492,0.5613961911292329,0.5575070355614739,0.5896389312731329,0.5565884142641445,0.5401015112139055,0.5,0.1,1.0,0.1,1.0
0.5405143994099046,0.499657634937579,0.5746153010117901,0.5827926292879084,0.5959557381279744,0.5647922281419404,0.5420933072825194,0.5619795809269863,0.5734318949129236,0.5871563525231187,0.579328557088615,0.5,0.1,1.0,0.1,1.0
0.46055126995228346,0.4993287438490354,0.4738763573419974,0.44898207340949114,0.4324932370008917,0.50114283463392,0.5095297175725757,0.5189354704748518,0.46711602191162704,0.4636374284893373,0.4677895621431074,0.5,0.1,1.0,0.1,1.0
0.521600606576545,0.5746556810198914,0.599053694883305,0.5367161754397333,0.5119977111956675,0.4820020785537494,0.3992517374115827,0.3593065209016888,0.3480405120574385,0.33675910938328957,0.3714642481333758,0.5,0.1,1.0,0.1,1.0
0.5703156074986072,0.5991700636557465,0.5753168556290955,0.6194254273669897,0.6472069865564665,0.6396156812136148,0.6332393056423162,0.6349202947573153,0.5600445120819105,0.5257619877474335,0.5125133456086323,0.5,0.1,1.0,0.1,1.0
0.5126833835022926,0.4959808388251881,0.4984958174967834,0.5851693170956397,0.5380103413106506,0.5699188316891419,0.5818527240531306,0.6164635247761282,0.5732326448127032,0.538315592279156,0.5658322279280075,0.5,0.1,1.0,0.1,1.0
0.620613456379438,0.587988804133248,0.5695737572542349,0.6216717937106673,0.5587804438752485,0.5391744193517352,0.5480471128288429,0.5090659347949925,0.5331072350626055,0.5420914993620941,0.5645444105467724,0.5,0.1,1.0,0.1,1.0
0.4456314145247213,0.4334803679906262,0.4727069219610576,0.46599255814972584,0.4799936172015821,0.48400495083601125,0.4597788755528035,0.45117020344155456,0.4252049626190536,0.4640495450144382,0.4558320846580537,0.5,0.1,1.0,0.1,1.0
0.575033322807088,0.5934517309972673,0.5925414875006683,0.611020868894253,0.5682481817292048,0.5937124428353105,0.6056064973016337,0.6060773961881234,0.5885851070162718,0.6051972094026298,0.573843264904414,0.5,0.1,1.0,0.1,1.0
0.5902430804607709,0.6253406752966049,0.6089634129694436,0.5447907772036269,0.5316919051447797,0.4857142610637786,0.5166752401089245,0.4885116877201666,0.45769634205295756,0.45451426524574345,0.4557806737786129,0.5,0.1,1.0,0.1,1.0
0.5632264274623303,0.6192187098373327,0.605125443378123,0.5770086752939754,0.5744216924955721,0.625604986641299,0.634788671672189,0.6395552500070153,0.614179880947637,0.5900277352532906,0.5613208942167953,0.5,0.1,1.0,0.1,1.0
0.5378134122948854,0.5207753584246708,0.544745102147441,0.5373501223774729,0.5031580434523637,0.48421205230147013,0.5067667822506436,0.503873837537429,0.46912506049157343,0.4624356632591308,0.42546123587934204,0.5,0.1,1.0,0.1,1.0
0.5195043850610028,0.49177361775042694,0.49322035455741114,0.5054379045352072,0.5058887383357474,0.4897105829592698,0.4786900258938527,0.486931414547599,0.43547030589125163,0.44112312560645084,0.4831261207060944,0.5,0.1,1.0,0.1,1.0
0.4452390568353649,0.40570770904620423,0.42363423287012325,0.4023813267575191,0.4069529717521936,0.394938957096082,0.37165908384936786,0.35926017621828166,0.44507433873390045,0.4371232513481946,0.3795042647144088,0.5,0.1,1.0,0.1,1.0
0.6125685925478689,0.6088466167637641,0.639094336839775,0.6687371982990362,0.616950158793969,0.6295554836706788,0.6117445907725177,0.5933250877175194,0.5554503382070393,0.5835311939227611,0.6006152303099719,0.5,0.1,1.0,0.1,1.0
0.4725215825495095,0.5073324331572697,0.5069830414604953,0.5057031443786254,0.5108553000479701,0.5017169798429956,0.5150008597964938,0.5129191133929082,0.5454219667009587,0.534176719089081,0.4732779010158511,0.5,0.1,1.0,0.1,1.0
0.42925061786201846,0.397342931049539,0.33227862074079173,0.36517156816438234,0.3931331920692403,0.38897907042597984,0.40578990926140346,0.36343588570693386,0.3699671641978972,0.4707655270611544,0.4286214307152328,0.5,0.1,1.0,0.1,1.0
0.5572755063123426,0.565476716269802,0.4680148263611442,0.43591739136300167,0.4941003485921397,0.505515185690376,0.47399005052310544,0.4735911950482082,0.47013019275971457,0.4740462394920542,0.4431770547039877,0.5,0.1,1.0,0.1,1.0
0.45876606655543234,0.4741164727138204,0.43793351692273125,0.3801897820688003,0.4411589487336828,0.37130859122389925,0.3893811824725906,0.4550306477484622,0.4685407479102346,0.4855747574343382,0.4286858308948164,0.5,0.1,1.0,0.1,1.0
0.5442779658754207,0.46953482312185624,0.45311509390818494,0.43644456313260727,0.40831085875246315,0.40997206588799573,0.3979262697642438,0.3673276592627334,0.3415399971641961,0.33243026990051616,0.39920954775538425,0.5,0.1,1.0,0.1,1.0
0.5074053999098269,0.5147057874090367,0.45603240858842425,0.4395560035253961,0.46952423050711234,0.5490721823643473,0.6158961287249861,0.5610322763530057,0.5496154108492481,0.5721311911783199,0.5649185339201103,0.5,0.1,1.0,0.1,1.0
0.4317097719824243,0.4341706073651577,0.4880251516604668,0.4804309431193881,0.4519201700142472,0.47553112522396274,0.48915413222774873,0.498261086869358,0.5835041220943149,0.5109442620198255,0.5192067550515764,0.5,0.1,1.0,0.1,1.0
0.4431029919620406,0.4435214070290052,0.48907466005139305,0.552989441442088,0.5050435200196393,0.544761379842239,0.5525248256040158,0.5629263406201312,0.5457984267304993,0.6124766470626376,0.6135920647650995,0.5,0.1,1.0,0.1,1.0
0.31581851081000023,0.40692966142097653,0.3855457500592696,0.42467657628638383,0.46207755878833545,0.48595318342333604,0.44801845146629315,0.45766141324649906,0.4697193018655643,0.44357620100390577,0.4426937044688572,0.5,0.1,1.0,0.1,1.0
0.5560041175907843,0.49548939174761153,0.4756682182238472,0.4720126824157121,0.4650413941690028,0.5177488083391696,0.4968778417857164,0.5379663505649571,0.5814332178732944,0.584889573721436,0.5893474404544411,0.5,0.1,1.0,0.1,1.0
0.46147132042694283,0.4918687380373599,0.5287736926789268,0.5018195788953835,0.517172636224631,0.5294965483003866,0.5274949030515091,0.5261918567896304,0.553033163252345,0.5385821333784507,0.5709058339281992,0.5,0.1,1.0,0.1,1.0
0.4956337471195528,0.499118042990592,0.5042541045023827,0.47470730449632104,0.5133714511461525,0.49811606821420346,0.4734090240006143,0.49710094859775844,0.5233082506330416,0.49998143040794363,0.482419776935911,0.5,0.1,1.0,0.1,1.0
0.6157047924077765,0.605498022080575,0.533112123817565,0.5359830035315772,0.5346484985638774,0.5493816511019473,0.5230107779383634,0.4838834133459748,0.5129226297015622,0.4946539124224263,0.5204783944094777,0.5,0.1,1.0,0.1,1.0
0.6110532094928418,0.5615846444012327,0.549323238557343,0.5243726341969147,0.5412999050639665,0.5569212715825198,0.6007903088451296,0.6031636056755697,0.5669797346187995,0.6012903920946955,0.6305659138418207,0.5,0.1,1.0,0.1,1.0
0.48355490392932055,0.4715528552006671,0.45068169262153857,0.41369336621771907,0.4092388427235652,0.45915667201692756,0.4510552199989209,0.44217200476537666,0.48343851286308404,0.5044839561623197,0.432385459126293,0.5,0.1,1.0,0.1,1.0
0.4270046041386612,0.4434683195990163,0.409562192398908,0.4205455305862643,0.44298114478614337,0.4709709791218175,0.5050178247866687,0.543859357774608,0.5226613921419052,0.47166123305434265,0.47316063922279916,0.5,0.1,1.0,0.1,1.0
0.48407972847832387,0.48350229789440036,0.4616097409544035,0.4382870251206481,0.41429818971876337,0.42791036717542197,0.4920308919239555,0.5504712054386255,0.5742782971348341,0.5640238514816664,0.5039916945418768,0.5,0.1,1.0,0.1,1.0
0.44388041439447,0.513506119915634,0.5259406975660808,0.5085384836497093,0.5211896121329826,0.5029216828346916,0.4411614374059996,0.4230132465722099,0.4384449759293541,0.4797675992211106,0.48613839810745435,0.5,0.1,1.0,0.1,1.0
0.5291554432684051,0.5317640551036327,0.4953604684070988,0.5274405004186994,0.5491867205323626,0.5166165285909188,0.48971616067794466,0.4652295349521649,0.5328986020471199,0.5471187081270418,0.5290125145316941,0.5,0.1,1.0,0.1,1.0
0.5347875063098121,0.5537220479445433,0.5637820608540443,0.5648142163426471,0.604947275589176,0.616185255293753,0.5959023767038186,0.5549701386374036,0.5807675128841976,0.5471189701283614,0.4969712285675902,0.5,0.1,1.0,0.1,1.0
0.5467291354756771,0.5351094757984058,0.5566152828353129,0.552863402294215,0.5390547592821314,0.5387901127435303,0.5007118640529201,0.5167939291506607,0.525992513791682,0.518918920448892,0.5469068811966399,0.5,0.1,1.0,0.1,1.0
0.47936446132060156,0.5492922862509446,0.47447086730849675,0.5277887323712099,0.5513638317541399,0.5131745203597065,0.4887689542589731,0.5143288308099854,0.4870190937370265,0.5285178596049158,0.5834353098628772,0.5,0.1,1.0,0.1,1.0
0.4705539806037131,0.4718435066877907,0.45924601336347626,0.44696875701474514,0.507909512036433,0.4864049579616815,0.491165097648643,0.45631578874296463,0.5041997354090757,0.49967934444167944,0.49297992317021,0.5,0.1,1.0,0.1,1.0
0.5264735900145653,0.5075107180912543,0.5041409177880256,0.5122792932585276,0.5281653068811842,0.5036564288022889,0.49334571997081056,0.4362159037872053,0.4218633796041532,0.3690911345414468,0.4009943817468737,0.5,0.1,1.0,0.1,1.0
0.42000224341327047,0.4490595114154906,0.3515195623282073,0.3828061275228871,0.41544743219588454,0.44931249307237753,0.4235037115525372,0.4215333875377697,0.4966164884181359,0.47186484319355737,0.4523015458564503,0.5,0.1,1.0,0.1,1.0
0.48305617191995154,0.47544887217116183,0.4081855745754592,0.4462319364136937,0.4143941784835852,0.42241316823335195,0.4388400229108796,0.40939565011660745,0.39534160363676046,0.4439065878035452,0.45545314841483636,0.5,0.1,1.0,0.1,1.0
0.472083270855429,0.48430285219300445,0.48763679949443617,0.5240069928126337,0.5000234713784504,0.4880988382165351,0.5109640563171172,0.5595636344844918,0.5939584269023112,0.5653579267276456,0.5479642185942433,0.5,0.1,1.0,0.1,1.0
0.5579723259663291,0.5620798042730077,0.5281341697787805,0.5084062673790131,0.5244375086489936,0.5676035205867757,0.5462840258207857,0.5334843478570112,0.5367533874338282,0.5290532649768248,0.5262780102005633,0.5,0.1,1.0,0.1,1.0
0.44970721877304537,0.5142389310746582,0.4681005979472659,0.4700137768110462,0.39487456869373144,0.4321153703947681,0.4430965112116088,0.4888401222457761,0.49304254895174465,0.5228173893066949,0.5177916522219325,0.5,0.1,1.0,0.1,1.0
0.5578031305339749,0.522190948430011,0.5084962717346757,0.5795561803898122,0.5457108484841134,0.5234658443121253,0.5291478992174427,0.5220980597593619,0.5324834849909199,0.4982322871548006,0.49105878874471537,0.5,0.1,1.0,0.1,1.0
0.49909271794464927,0.48644687185849095,0.5565067553161118,0.5893494071982234,0.6176669107589318,0.6038308008000703,0.5972106887843636,0.5726297877664837,0.5947001560969859,0.588409467164514,0.5310483121762848,0.5,0.1,1.0,0.1,1.0
0.47468436722727025,0.45645020348478454,0.5074098082824201,0.4498167810230968,0.4411095643510991,0.5026001678996113,0.44839993899023434,0.4442456699225564,0.45162213429110565,0.4746354741256269,0.4490741206853936,0.5,0.1,1.0,0.1,1.0
0.4223096945266305,0.44136165545122363,0.44799192400938653,0.46191952309907425,0.506893670782638,0.4732072195514314,0.46618576205994894,0.4787552205794523,0.5367316344680276,0.5014498720450384,0.5013944942949672,0.5,0.1,1.0,0.1,1.0
0.424397359049545,0.4591276280440404,0.47498164325321257,0.4995065494357884,0.48624533082810795,0.4484265011053684,0.47283884350250427,0.4399963209781073,0.4632122197442453,0.441069162448922,0.48736949958375636,0.5,0.1,1.0,0.1,1.0
0.5900821036731317,0.5777057002572785,0.5683965478874462,0.6252552660254035,0.6091066347642428,0.6012714839403926,0.5981621953950892,0.5794633797891163,0.5448229021117938,0.5892066999256054,0.5853900868735391,0.5,0.1,1.0,0.1,1.0
0.4228317943031144,0.4131304675082136,0.4680525577557488,0.5100588513981369,0.5070280070925925,0.5168378889613843,0.5216278379836731,0.5175999670511547,0.5451074694621761,0.484925603797617,0.4576569452685212,0.5,0.1,1.0,0.1,1.0
0.4767976952389357,0.5425206061173937,0.5267048169487502,0.5274757466227239,0.5550158016179867,0.528335914608472,0.5558669894604039,0.5407676467070319,0.5279283503359293,0.5779264032903597,0.5495025627400242,0.5,0.1,1.0,0.1,1.0
0.5049056154844693,0.496214325501577,0.5119548724865227,0.531476637923796,0.575030579586619,0.579513269469202,0.6095527638057169,0.5795209693821332,0.622365164521927,0.6594378469447909,0.5956897693417784,0.5,0.1,1.0,0.1,1.0
0.542388462970956,0.5572038078932613,0.5082204193021214,0.5150942977300459,0.4841168110896783,0.47084896666745973,0.46677158539964203,0.5215359000003433,0.5120769287224516,0.4827392891536974,0.4912937558562603,0.5,0.1,1.0,0.1,1.0
0.5656005497661705,0.554804049088236,0.517537446698848,0.48127201289616633,0.5266491734511198,0.49868642181240513,0.5657868663237623,0.5720763760671217,0.5864215637874433,0.553212225362986,0.4904534607489906,0.5,0.1,1.0,0.1,1.0
0.48308731773957614,0.5022277364108423,0.4659160028500147,0.47724268220410393,0.49656768725039785,0.4783974450615307,0.43834226165350376,0.4255125454021681,0.4013470936513582,0.4264775244469784,0.41868122182870865,0.5,0.1,1.0,0.1,1.0
0.3910574241893555,0.3897380210304671,0.407580685655996,0.39316078153868156,0.37029244088784563,0.3477825798673721,0.32440185723078435,0.3389848605137634,0.3261241978938507,0.3884970463270974,0.4019866857063072,0.5,0.1,1.0,0.1,1.0
0.5591248236066764,0.5792898884481342,0.5784748291410202,0.6057570139848059,0.5508504697958697,0.5692484057700365,0.5304225834731839,0.5058552492595431,0.4740915154146688,0.523744077907081,0.5652134423642974,0.5,0.1,1.0,0.1,1.0
0.4015042378190327,0.3588430824640343,0.3914134512238667,0.4531405047884348,0.49174972127028205,0.48104113316393754,0.49148681908535163,0.49754670059361306,0.5232261635279176,0.48949368648190833,0.5275303608765811,0.5,0.1,1.0,0.1,1.0
0.4397829030894375,0.42278488583664575,0.4701680445161398,0.455760396365729,0.43832274040458585,0.43800778174907923,0.5334333579010333,0.4650113300333262,0.47242501027101297,0.4720959996381252,0.4289424430946909,0.5,0.1,1.0,0.1,1.0
0.49193008009137884,0.5527284014954325,0.5862995309285896,0.5144532049576667,0.5374293974692701,0.5601404930445367,0.5698284191931839,0.5530404700916813,0.5359938900437321,0.4967584866450232,0.4884437018371802,0.5,0.1,1.0,0.1,1.0
0.4596991871340493,0.47089930251484546,0.5006486665648795,0.42539962915421614,0.4284375345461182,0.4960063071395493,0.5391770469200026,0.5396938253714232,0.5911928206198767,0.5366677383258872,0.5587441685691172,0.5,0.1,1.0,0.1,1.0
0.5597691607582657,0.5235999519550996,0.528035739266892,0.5342833051553232,0.5270340607144989,0.5546562131634168,0.5351592699519027,0.5037027179584063,0.5335048310144503,0.5183692731837358,0.47925204999854315,0.5,0.1,1.0,0.1,1.0
0.526054438373093,0.5315253974524392,0.5126409121963843,0.46401111203052203,0.5021498372671545,0.4644530730814737,0.44321173445196405,0.36827410770276947,0.3594806821953682,0.3581970992679191,0.3153965390831386,0.5,0.1,1.0,0.1,1.0
0.4364011063090538,0.3692050764727782,0.37850537444418564,0.3979554040867673,0.3476394427910641,0.397595091326583,0.3314984161609782,0.35999266712788736,0.4144508361950824,0.3889906075682319,0.41212898089321004,0.5,0.1,1.0,0.1,1.0
0.6005881388256158,0.6191971948931727,0.6249217035648367,0.6654438773762845,0.6621461561136271,0.6126788624034827,0.5465902970535969,0.5243509185533279,0.4971125139923283,0.4703767039378944,0.4286560133651685,0.5,0.1,1.0,0.1,1.0
0.4517852566417961,0.45700683087820354,0.4448407344619874,0.423442008086504,0.438918744762419,0.3906403252724812,0.3881899345308798,0.48366306949097937,0.5157113700441935,0.5061759750091847,0.47596756877264046,0.5,0.1,1.0,0.1,1.0
0.3945578046071332,0.41471905762336997,0.4883950860154165,0.5340853147253505,0.528955738378142,0.5180685621963962,0.5237924240433934,0.5588877870152379,0.5362031696554178,0.5548854618284226,0.5434993190749983,0.5,0.1,1.0,0.1,1.0
0.49635168303342897,0.42370854297027916,0.45464451821641,0.4569297184374341,0.4493260266727704,0.42737374489404734,0.4420110329383657,0.45792395113180545,0.5034260811214281,0.4935371249547358,0.4848016026777549,0.5,0.1,1.0,0.1,1.0
0.4350535049370977,0.4291387416699359,0.4183245989498976,0.34955072859253566,0.4143104495572876,0.4059512225897731,0.4515703535815372,0.4424015651043117,0.46057449150214763,0.4157459054723486,0.394432651118056,0.5,0.1,1.0,0.1,1.0
0.5573573095969865,0.567620760028638,0.513331030508727,0.5344707191412863,0.5327872857627853,0.5328167337502865,0.5623440715364437,0.498708773078663,0.4674612240880545,0.5252112477408344,0.5227735556809994,0.5,0.1,1.0,0.1,1.0
0.5495585067330984,0.5820666701170365,0.5647892535501875,0.5982414443369092,0.6145378035897797,0.5510353489402992,0.5096645164317276,0.47122945344558265,0.4363400743686574,0.4667283642739264,0.4486724380236152,0.5,0.1,1.0,0.1,1.0
0.5054592542885686,0.5330087538928903,0.5343662777653521,0.5665205484650672,0.5756517616864806,0.6403143399590041,0.5970428356288701,0.551309958944066,0.5483924885807405,0.5466378392301254,0.597651465408615,0.5,0.1,1.0,0.1,1.0
0.44409098242131373,0.3597435830975382,0.4666908066283797,0.5181925474624446,0.48719955722306724,0.4703359015398339,0.4743519683384507,0.4674220405469816,0.43862231744491387,0.4593539651640204,0.5018365599042117,0.5,0.1,1.0,0.1,1.0
0.3436071322511708,0.39237226760360294,0.3874069640347897,0.3859214758049954,0.3898968376364156,0.4112175425228944,0.34940176475862456,0.3166539823201282,0.36471782961696353,0.37230312704301266,0.3534548382268776,0.5,0.1,1.0,0.1,1.0
0.3790428825536706,0.39892342098842964,0.42273795518248614,0.3878702075044245,0.4079258050634793,0.36617867250631,0.3849907259212593,0.46367982674421354,0.45533897861834594,0.4522551807294965,0.5015797858730079,0.5,0.1,1.0,0.1,1.0
0.6096812136802385,0.607957045334632,0.5974077272129958,0.5414061126176579,0.5627751424399725,0.5693787597914488,0.619855751243717,0.6346883087718339,0.5971381758481334,0.6454389856513653,0.6604986755777689,0.5,0.1,1.0,0.1,1.0
0.4433480483149109,0.4424181830110025,0.4847345184791917,0.5120789644915044,0.5641254633359292,0.5819352255502093,0.6036351311204723,0.5641739679098546,0.5443742409037539,0.5867755739150371,0.5232646893308261,0.5,0.1,1.0,0.1,1.0
0.552425047839229,0.48444352656866463,0.4776127851242266,0.41403181992654625,0.41009467587328824,0.4396959461835775,0.4399629068507952,0.42571028001142364,0.38191335861785825,0.3455394002682526,0.40976519741493367,0.5,0.1,1.0,0.1,1.0
0.5360512729756282,0.5951745355753622,0.5954206710488876,0.579749530823962,0.5673162737551228,0.5724700522214095,0.5334950197863881,0.504521510843028,0.51059525102964,0.5422325336163608,0.5401575976222265,0.5,0.1,1.0,0.1,1.0
0.4939899244935183,0.42142038430075324,0.42297946191147573,0.4199798072861354,0.4142885850843886,0.4392026468504513,0.4668385374636258,0.4621682663876301,0.4484115797097664,0.457212378258282,0.4428545454596208,0.5,0.1,1.0,0.1,1.0
0.5212153517502269,0.5566237459187694,0.506342767841961,0.49414895946159,0.5133899028626036,0.4809499074249331,0.5109995086918665,0.5373785772208877,0.5025724986117404,0.4553312714122488,0.39985329591770585,0.5,0.1,1.0,0.1,1.0
0.3762485164341984,0.4629600168449539,0.5177021903692599,0.5237222545615038,0.48524361955813494,0.47286530450854175,0.46785074359833556,0.4954164478374435,0.5030235837244339,0.4728705271687773,0.46823883712991865,0.5,0.1,1.0,0.1,1.0
0.4789484575543114,0.4757709586834822,0.5173253866761757,0.5608788723780559,0.5025251016632667,0.49049468626106596,0.5014998332383962,0.538019724823871,0.5936376375668497,0.5922721974452739,0.6040766777679277,0.5,0.1,1.0,0.1,1.0
0.5161690008635669,0.4954688240759472,0.4831060364624519,0.4692147076182394,0.4787172982595213,0.41393939025102394,0.4625659760807084,0.49670608564437935,0.4941461494841473,0.5229006259483818,0.5272625079225096,0.5,0.1,1.0,0.1,1.0
0.5457466587994316,0.5707705380173638,0.5240328885450837,0.47903353739861826,0.44196763233832786,0.46037899741614663,0.4348973161313646,0.49431676395852864,0.48061738764860584,0.43976784097365357,0.4831976112990532,0.5,0.1,1.0,0.1,1.0
0.5222758087112237,0.49902389828981136,0.5179631515457473,0.5642966647326092,0.5758238599569957,0.5294179633819098,0.5568232755586796,0.5682893882017909,0.5265816048833941,0.5752192517544819,0.586837147120694,0.5,0.1,1.0,0.1,1.0
0.4179435485310139,0.4224979021097632,0.4063743013694234,0.40945236193074996,0.4590729069516585,0.4607754039003826,0.4706742245865209,0.5356927139880643,0.5391245288110981,0.5608743623502774,0.5083268140876182,0.5,0.1,1.0,0.1,1.0
0.3963296719875712,0.38050005453522495,0.36326656060268936,0.3900111659274426,0.37120959896050987,0.3931689442583702,0.33598750129832544,0.3813206350338972,0.38147925834232316,0.36098712787278336,0.35856592699112205,0.5,0.1,1.0,0.1,1.0
0.5583435815933666,0.5639061940167568,0.5571314376483785,0.473965545005554,0.5029477821446994,0.5094763672917787,0.5321641246124542,0.4977266003150535,0.522798260196905,0.6007934070637605,0.5903759450547245,0.5,0.1,1.0,0.1,1.0
0.5034335126952905,0.5096326143187534,0.507878384561712,0.4462299530023818,0.43166671700545817,0.45987605690732347,0.4409753180281174,0.5022746465177583,0.48331546874544495,0.45093560553918977,0.4771981475641327,0.5,0.1,1.0,0.1,1.0
0.6310625781456174,0.5860573238188755,0.5472470183105547,0.5047765198333157,0.5346086349333392,0.5294298744059842,0.556350445168312,0.5576179802190414,0.5408640054614435,0.4663009698661553,0.4604953149961631,0.5,0.1,1.0,0.1,1.0
0.4877396128239907,0.46413947620711155,0.45412877757662323,0.5043829426048382,0.47626459428083784,0.4941087042573172,0.5410537056502266,0.5080561184324909,0.5039642435080243,0.49367758202796264,0.5053759359934986,0.5,0.1,1.0,0.1,1.0
0.38338184713885676,0.416772431215327,0.4326701230248505,0.4502487347843622,0.472112630827238,0.491699355872848,0.5083403250885938,0.5381297434489969,0.5669478218506263,0.5599035257534216,0.6189940493497944,0.5,0.1,1.0,0.1,1.0
0.46671214062352856,0.48586335991091373,0.5233215033282355,0.5081766103054847,0.4641561851852013,0.43696494541625247,0.456095290201012,0.43831018736982,0.47908747641292726,0.4332119028396179,0.419201452859134,0.5,0.1,1.0,0.1,1.0
0.35718596665638436,0.3683858797090541,0.4072992433464069,0.3969736383069663,0.4043798608780339,0.44044812353288953,0.4213380318948828,0.4374370193408521,0.42349854530883374,0.4029148493755311,0.44085715870418685,0.5,0.1,1.0,0.1,1.0
0.46597932096749395,0.49382170937318287,0.45568601352775606,0.4358859800028567,0.4159200405222938,0.4226983265554033,0.41092039745941944,0.4056202873767046,0.3895345616630016,0.4127695859104041,0.43893373214377884,0.5,0.1,1.0,0.1,1.0
0.5514182211091887,0.520593923337638,0.49379759747996377,0.4810403523620762,0.4151029641933064,0.4068716675915389,0.40799755250340514,0.4881282444189188,0.5210444591417114,0.5174980807849004,0.5518222969198594,0.5,0.1,1.0,0.1,1.0
0.4066435486541372,0.4256926193282713,0.480081079770004,0.4540556167360799,0.4066773304449832,0.37975807586160565,0.4250198789422612,0.443334398171671,0.4747311628731094,0.4931574091014336,0.5142361004284052,0.5,0.1,1.0,0.1,1.0
0.32163931973227783,0.37182534261815686,0.3835094358293974,0.37467094192039835,0.44181594949684794,0.4514020421010561,0.4318202877903353,0.4321024708505238,0.4892821999923441,0.51076092067049,0.5309418317902072,0.5,0.1,1.0,0.1,1.0
0.5350679480551402,0.5119395815376931,0.5450872701583954,0.47625568831961085,0.5534438335997309,0.653745562492439,0.6262881985781559,0.6127103555857862,0.6096667224214811,0.6001311117531002,0.631240947641235,0.5,0.1,1.0,0.1,1.0
0.5039410237534246,0.5332103464910234,0.5687131938745906,0.5396811099154953,0.5938147218399176,0.5644246430117725,0.5258333378716498,0.4896874718572516,0.4624141738289486,0.46375701658076546,0.4631960863346304,0.5,0.1,1.0,0.1,1.0
0.4902897561316719,0.461480190387721,0.40612278933823437,0.45539035324121613,0.4619247039967161,0.4581855324166741,0.47121805554523916,0.45335638448735244,0.5114639557004417,0.5097211723020333,0.48090297343548116,0.5,0.1,1.0,0.1,1.0
0.5366664841341184,0.5423321542469531,0.5456298488681673,0.5197124661938373,0.4874145974036999,0.4992942682315105,0.4668760168834627,0.44810978411224944,0.40847107078489525,0.48880835029032554,0.4550004935821254,0.5,0.1,1.0,0.1,1.0
0.5658860462574251,0.563689246614217,0.5863365773469106,0.5443846969287124,0.5299215121640468,0.4714100813826281,0.4639693706412717,0.4791525923094715,0.4600545332376614,0.4044707430907632,0.434343324068659,0.5,0.1,1.0,0.1,1.0
0.34086070832405874,0.3489395250837662,0.38516177353215914,0.39302574821500663,0.3575412952644671,0.4096467839901661,0.42951128691118395,0.4188728629466308,0.4501089095992752,0.4395439316628729,0.4624727528429572,0.5,0.1,1.0,0.1,1.0
0.4423033222731712,0.42466606941208124,0.39556276081448827,0.4112951995298546,0.3719105015183416,0.41205212603113917,0.425909002735815,0.3678761670853299,0.37209029922531833,0.3973806003523182,0.4482447361094719,0.5,0.1,1.0,0.1,1.0
0.4967171525401828,0.47196917434158064,0.46483102156049455,0.44347757352563016,0.4607093620535101,0.4581275516412527,0.49975681250842685,0.5510044001090683,0.5652699030023937,0.5544542629139809,0.5461690413841708,0.5,0.1,1.0,0.1,1.0
0.6095189177625341,0.6097610227759456,0.6124529695814844,0.5457860191369207,0.5426492700561245,0.5475683163914657,0.5966934878367542,0.6138332961294951,0.5795303883480586,0.5618428529338704,0.5792023254543804,0.5,0.1,1.0,0.1,1.0
0.4683205689064188,0.4345709725855383,0.48191954313942365,0.4760621380911322,0.4206380526119017,0.3840011920037271,0.4320000882072586,0.4375660870910526,0.4741713313424447,0.49067920187005,0.42352858712916847,0.5,0.1,1.0,0.1,1.0
0.45768378178034064,0.4136414499849844,0.3945325440004533,0.394012259811214,0.4111217607625158,0.430605960507986,0.46670849845806806,0.5000048817698757,0.4910183865335762,0.5487775709090992,0.5444305410181236,0.5,0.1,1.0,0.1,1.0
0.5410071226829349,0.5720217448778807,0.5767687687142317,0.6101774917214279,0.5877531980041649,0.6095150476826432,0.5718882953276806,0.5438690391999917,0.5379458714362702,0.5059675928308405,0.506580591490848,0.5,0.1,1.0,0.1,1.0
0.41982358836144423,0.43315728088971134,0.38838553953854,0.3556059336890121,0.38465849019507964,0.4022153487799713,0.35848514942735177,0.4043876754411211,0.36790407429747674,0.36714695610335685,0.3817010176841081,0.5,0.1,1.0,0.1,1.0
0.561664394835408,0.5193757572758501,0.4643588389952812,0.5251817903174589,0.5055148094137777,0.5168778852450177,0.5072754830272694,0.5634833315393213,0.6120188367651582,0.5860801523594232,0.6021890311931362,0.5,0.1,1.0,0.1,1.0
0.4899294166369766,0.5089045140110174,0.547217790034718,0.5150921220023963,0.4980880008949989,0.533120839609355,0.5288862989360632,0.5445690037337373,0.49101027544595227,0.4128515451395971,0.47848796716410885,0.5,0.1,1.0,0.1,1.0
0.4846109001599618,0.4475310819858568,0.44018554133081966,0.48860832617562217,0.5180499031422222,0.5144500602801271,0.5273845859293507,0.4803049478312463,0.5696017891360383,0.5870017113549587,0.5551740623053502,0.5,0.1,1.0,0.1,1.0
0.47487071023611405,0.46712487071219194,0.4833367299292064,0.4838483173099667,0.4413803079141969,0.43298786090167174,0.48787661412902406,0.5324092434214774,0.49341142187637993,0.5226449760230469,0.5057705360990739,0.5,0.1,1.0,0.1,1.0
0.5391829840783245,0.4982879361505552,0.47681412759727465,0.4730651471401567,0.5059882177307305,0.5148861134240119,0.5121813946907064,0.5201185501469469,0.5269997780798941,0.4873492844605384,0.46799479581560244,0.5,0.1,1.0,0.1,1.0
0.41784559181689984,0.4758657821504126,0.5336304518293902,0.5737528830068004,0.5542093599461043,0.49448870726078387,0.5248336355150072,0.5780083052082561,0.5953796898973402,0.5954038191915079,0.5797062380062337,0.5,0.1,1.0,0.1,1.0
0.4817361952573336,0.5306274418782158,0.4492985945733581,0.4444013385993338,0.46934180275620885,0.4604446922780896,0.39062060347692706,0.4486762091348697,0.45173869077988876,0.41946432050969923,0.4260667417170794,0.5,0.1,1.0,0.1,1.0
0.5263282608915841,0.5165281796728012,0.4921736092873935,0.5250841757015366,0.5850338554279252,0.5535635035264213,0.5749291876253892,0.5553522442686071,0.4961649708626022,0.5202938749300606,0.45728453562386334,0.5,0.1,1.0,0.1,1.0
0.47843346233925327,0.48543391851492146,0.4718073140992253,0.5311232764336655,0.5394111222994636,0.5431351716464335,0.573469103062846,0.5235391827986018,0.49532754414594576,0.5272067652101707,0.5395302867658093,0.5,0.1,1.0,0.1,1.0
0.490943752052417,0.4162396426299003,0.3952154603088721,0.4736214656269422,0.49436240699085093,0.4779907608336885,0.5128832515287021,0.451598245108724,0.46364992809471867,0.43870185517897,0.45343222386085635,0.5,0.1,1.0,0.1,1.0
0.4799736067845024,0.47781708980687787,0.49769512835225505,0.5319654718747937,0.5942236605334129,0.5835388546682281,0.6063030842065239,0.5883335019010326,0.5696995027293921,0.5848695568071532,0.5610876092692905,0.5,0.1,1.0,0.1,1.0
0.46310378865034646,0.4507136251255331,0.4574392861524656,0.46687270510165496,0.5084979503940352,0.5286933463834961,0.5105011677486339,0.4907474998957612,0.456975384562464,0.4633874788858872,0.4952446432165163,0.5,0.1,1.0,0.1,1.0
0.5311817082891338,0.5511377863138786,0.5450675522517492,0.5488805596329646,0.5585209709884454,0.5964023384179397,0.5347020232123442,0.548102673125421,0.5535306469541509,0.5508599500358201,0.5199667422693666,0.5,0.1,1.0,0.1,1.0
0.5587091445196285,0.5502885886993457,0.5197697666968956,0.5584871068113315,0.5971705730627619,0.5483316054884411,0.5366419845330693,0.4380213426364798,0.4718632463089446,0.4628268095719109,0.4755785404840423,0.5,0.1,1.0,0.1,1.0
0.42919696682761976,0.4583685053182785,0.49435263712271216,0.4906542370556358,0.5042275677427392,0.46446464759744527,0.4107630649125537,0.4398136017101227,0.5124336455794412,0.45811321896606305,0.5219772002927838,0.5,0.1,1.0,0.1,1.0
0.5357553314600126,0.5245605774003121,0.5383073725819472,0.550334906663804,0.5658693918873896,0.5472196747240747,0.610310951223012,0.6194029203748924,0.6145584937266562,0.5864183594489629,0.5924620568579158,0.5,0.1,1.0,0.1,1.0
0.4844733295894149,0.4879151493744429,0.5302639039699941,0.5541229718582702,0.5037686848069886,0.5603385699890465,0.5747649073191136,0.5792238231644471,0.5413471184725404,0.5336616840528448,0.5354929510524598,0.5,0.1,1.0,0.1,1.0
0.44088759190184945,0.4731800198210557,0.4664202415812884,0.4585048632161425,0.45871669326280956,0.4676590878183743,0.41719735762110616,0.38915047092845606,0.3499801105715824,0.36224134565127786,0.3868195680791557,0.5,0.1,1.0,0.1,1.0
0.5072874500848296,0.5077236609221234,0.5542109719572216,0.552266262630474,0.5754368012655072,0.547148722153172,0.591289178704647,0.5491928168404455,0.5866528044634437,0.5376810808623597,0.5675435188862281,0.5,0.1,1.0,0.1,1.0
0.4467839563927827,0.44069974110056936,0.3899345385123674,0.31226505140317473,0.29577373979234617,0.2740555583020942,0.24899977238194523,0.26272595636459983,0.2575954942836219,0.2640943148305447,0.3125915115148468,0.5,0.1,1.0,0.1,1.0
0.3907378976356371,0.37415609783431636,0.39524511070716406,0.4141139434915122,0.40793403152834984,0.4163331938452355,0.44979252364187083,0.4340795090476348,0.47337618211031807,0.4768425738228564,0.47718286906859597,0.5,0.1,1.0,0.1,1.0
0.38481578380314757,0.4156388630294846,0.42476248885441736,0.44540679601610705,0.4080024579634901,0.43672306695828544,0.4372160323184714,0.3998148914889478,0.3783691001218209,0.3788245559661286,0.40974037603450786,0.5,0.1,1.0,0.1,1.0
0.5438694178807892,0.5094735255071526,0.515813795930257,0.5219662897580987,0.4760790908591716,0.4860142249460277,0.43777205402267033,0.3872013988127685,0.4430528867731518,0.49820164336294087,0.49050271827287834,0.5,0.1,1.0,0.1,1.0
0.5439015089221774,0.5270791221298528,0.5403375097837333,0.5388363022533534,0.5339088370113875,0.5195695725311825,0.5075612236164543,0.49392274822614485,0.5519995479204527,0.4939778148203524,0.47706401700110285,0.5,0.1,1.0,0.1,1.0
0.4921314775429669,0.4856319249180342,0.4985072130179355,0.4719963538531646,0.4556510813993251,0.4845435045420382,0.4731091159359599,0.49653838445141835,0.4893867581013657,0.5089075532139651,0.5942613094019078,0.5,0.1,1.0,0.1,1.0
0.5725488178716157,0.5398833014117357,0.5534146585563128,0.5579279603447133,0.6216651862727758,0.6303679495436358,0.6204510281581858,0.5886551086483923,0.5942393501743205,0.583442214386368,0.5918516062523511,0.5,0.1,1.0,0.1,1.0
0.5134828112544516,0.5111272594788083,0.47521731572257286,0.4791903422735991,0.4375251071486168,0.39547183188285395,0.4092530222117187,0.4071817582211512,0.41588393410314894,0.42302506418959457,0.46296458475917174,0.5,0.1,1.0,0.1,1.0
0.38053080842136405,0.3892475050156165,0.42543593196729323,0.4403265032236656,0.4839934627356785,0.46659450318357765,0.4928178521627538,0.5251710200653336,0.5039865708316938,0.5339417792522128,0.504662746279763,0.5,0.1,1.0,0.1,1.0
0.5421907279352707,0.4892286018779467,0.4801688509589605,0.4899460519898381,0.4585385135668444,0.479061431902296,0.4346636185413349,0.4269115384441868,0.43321852315517656,0.4121262956492953,0.4530578190158165,0.5,0.1,1.0,0.1,1.0
0.43810885156454005,0.422617656314069,0.4200215831868213,0.3814090408407663,0.39622323371719986,0.4734050658563534,0.5111438886914137,0.4779772089373857,0.45461607462860143,0.46618080162741754,0.47710103928796027,0.5,0.1,1.0,0.1,1.0
0.4463566710937073,0.45172246436996866,0.4496602731139332,0.4172353741702943,0.447968265964801,0.4274843748420589,0.3940208050282259,0.42352023709206965,0.4671165213037143,0.541412919263399,0.5509604343250822,0.5,0.1,1.0,0.1,1.0
0.5922173505262223,0.5630630076399501,0.5263224845444455,0.5119730494290612,0.5285139103059407,0.5334084562924748,0.5688358583392482,0.5651279246897405,0.5445591930527051,0.5473835845911633,0.4986878925616153,0.5,0.1,1.0,0.1,1.0
0.5998833227399979,0.5814978395966353,0.6152271322365347,0.5855152617854514,0.573635196268848,0.5641689558091141,0.5377811635480962,0.5245964545204889,0.5003610895043332,0.5011819581127782,0.5191686186209901,0.5,0.1,1.0,0.1,1.0
0.5854035510468235,0.5632735497411644,0.5370514937019822,0.5462445752042693,0.5579488451165975,0.5406318982922087,0.5518950987094698,0.5800182875134069,0.6351504204482877,0.6248294937566158,0.649987028260386,0.5,0.1,1.0,0.1,1.0
0.32751099379178783,0.2910789266995696,0.2981023518354364,0.35556316998544124,0.365855606480716,0.36335583023260987,0.356763348720813,0.35210028633433366,0.35282421797433,0.3832371799553169,0.3933820251083571,0.5,0.1,1.0,0.1,1.0
0.5216328115358174,0.5200713798550791,0.48013930715312686,0.44863565870469213,0.4201106802479684,0.42620245617789965,0.43589719104628905,0.40360642424181664,0.4110598929536475,0.4893484591299304,0.5307674234051462,0.5,0.1,1.0,0.1,1.0
0.5201569189239266,0.560518122882954,0.5117520705098858,0.4799891184953384,0.4463082651292346,0.4773927857615908,0.49730025773130776,0.481366353206103,0.45826334342230163,0.46672008648931224,0.478560178460764,0.5,0.1,1.0,0.1,1.0
0.5262645614374184,0.5521256447511197,0.5457917774062752,0.5586193283657647,0.5724480172901192,0.5295160709194273,0.5105400184634943,0.5495909516431517,0.5743623342817895,0.5952206654135503,0.5888153680458439,0.5,0.1,1.0,0.1,1.0
0.4873724849644102,0.5006819131081383,0.48942649734106536,0.4926465349567004,0.5153088414926749,0.4479737060448206,0.47927442730087155,0.45172391791295796,0.45458809969550085,0.4491706610805108,0.470428254901602,0.5,0.1,1.0,0.1,1.0
0.5710008772527609,0.5294725398257585,0.5486590544003871,0.5394181210133235,0.550312763423613,0.52877887807592,0.4581032215296392,0.4124523626022117,0.45008883650608567,0.40471457228148255,0.4121035769715814,0.5,0.1,1.0,0.1,1.0
0.43086413830863657,0.42209298797767003,0.43006172272601484,0.4319243603878958,0.4294667350931729,0.37938416774564143,0.3664022563332465,0.42313196538491266,0.4753960366002379,0.5043281572065559,0.46736428708212696,0.5,0.1,1.0,0.1,1.0
0.5703705088061043,0.5879675580023221,0.6179308020216037,0.6342987111107846,0.6456665041040233,0.6119401126410415,0.5824557108773185,0.5544627902030704,0.537629007125374,0.5373639190358184,0.46862022373294615,0.5,0.1,1.0,0.1,1.0
0.5093720202066409,0.4926036915414681,0.5073766763427647,0.5448256613496071,0.5631169121584647,0.5844304790809949,0.5340743851504977,0.560584222039747,0.5950009408067888,0.5840771746631374,0.5397903647569822,0.5,0.1,1.0,0.1,1.0
0.4241257174981089,0.4722529476006635,0.5210486966523508,0.5142515309574045,0.532628568087138,0.48920068106483033,0.4974886506996192,0.5564038728464372,0.59932642150761,0.5623518248597514,0.5914206559803914,0.5,0.1,1.0,0.1,1.0
0.5427463741468482,0.5059884299596441,0.4878412835055109,0.5156257785878776,0.551679840164477,0.537623514760028,0.5385984619715957,0.5323249500214183,0.5499830771260023,0.5642903890074629,0.5198851160559856,0.5,0.1,1.0,0.1,1.0
0.35381685507408595,0.3944628123929917,0.33974267626335625,0.34993607824151074,0.40772686971877,0.41406934951915086,0.4118988851624465,0.4343972487551609,0.43980946753406003,0.4182680191497289,0.43108899735729705,0.5,0.1,1.0,0.1,1.0
0.6721043779265503,0.6833154843355767,0.7039588002104249,0.7229579589132861,0.7311560629147771,0.6849048489130873,0.6607162182388447,0.6594893089882492,0.635718233002615,0.6130904310486947,0.5888890800816333,0.5,0.1,1.0,0.1,1.0
0.6235074556293972,0.6369999375550592,0.6698522081865571,0.6958007510392866,0.6594470129403244,0.6393919105359491,0.5923096579058762,0.5570914573667693,0.5544810252614888,0.49862954601795323,0.4862566638107294,0.5,0.1,1.0,0.1,1.0
0.5213555294284922,0.5270675370017017,0.5336481459880646,0.5713055589286659,0.5707816945534298,0.6424450332165185,0.5906790708569104,0.5429802680790317,0.5028947058610476,0.4807673915255947,0.46298435064564347,0.5,0.1,1.0,0.1,1.0
0.4092506596949189,0.42917126065595756,0.4410919049194214,0.45766423677449075,0.5127643250689647,0.5447692775902095,0.5482536203484722,0.5445762644413088,0.533874685772457,0.5106558099143395,0.4927692164370333,0.5,0.1,1.0,0.1,1.0
0.45344705423602527,0.44552508601103846,0.4259592245777866,0.5298642918719727,0.5102425511370288,0.5131876630010908,0.49174865290199316,0.48018894840202575,0.5231537916892449,0.49549763339537783,0.5209337050672788,0.5,0.1,1.0,0.1,1.0
0.5829867653421841,0.6099364049602872,0.5962318337881186,0.6588980619740574,0.6477599300594395,0.6314970351349073,0.6323028105604921,0.5802483096826497,0.5864559703770158,0.5725269861555417,0.6096503175514678,0.5,0.1,1.0,0.1,1.0
0.4572583919040652,0.4460058165281247,0.48251966758923925,0.47931342088705625,0.4222554386124027,0.4475691662781235,0.48295927317753606,0.48994711500221994,0.5061047961052135,0.562818121498093,0.5111032285999033,0.5,0.1,1.0,0.1,1.0
0.4559307669293473,0.46860236585015946,0.5057186510984102,0.5198645734323445,0.5512915186727624,0.510818726138492,0.5040805739959302,0.5231726811920415,0.47662301019040976,0.5187808982117095,0.49924087929598254,0.5,0.1,1.0,0.1,1.0
0.44408411424125344,0.4000832792775757,0.4078553813073355,0.41940206253933976,0.43456176777595795,0.40431035649666724,0.37744040823808706,0.37143584616477643,0.37392752255507994,0.3901783922391854,0.41162742886665143,0.5,0.1,1.0,0.1,1.0
0.4750520801890594,0.5300946949430825,0.5052257604584584,0.5033887351076819,0.47253567693402276,0.5228922427835784,0.5006772075233257,0.4665951615482567,0.42890091597785057,0.39786665594136045,0.3924094795892387,0.5,0.1,1.0,0.1,1.0
0.6475374151145517,0.7095614789522153,0.6732641959163642,0.7182300813173172,0.729381823615527,0.721422520351966,0.634027484797758,0.5895969707012845,0.5994629977812905,0.5671690552805128,0.546543052610234,0.5,0.1,1.0,0.1,1.0
0.49806978025845483,0.4638874434347764,0.4298805952563084,0.4047328748024477,0.4058035863360102,0.4787276506088945,0.5212038381301656,0.5163249308536907,0.5914572393910955,0.5756934365916115,0.5935301731704793,0.5,0.1,1.0,0.1,1.0
0.4033076838490665,0.4027408867448907,0.39230892542562484,0.3886879259837201,0.42894943728215706,0.4033450233327523,0.41745889449933077,0.4418828575777498,0.4623710196265827,0.41464561101356456,0.3634536801023285,0.5,0.1,1.0,0.1,1.0
0.46638095280042213,0.4156964746198071,0.4308594748798834,0.48868249495957927,0.5311773746981595,0.5309117088602865,0.49923022348064794,0.5490350202764064,0.5244430219210724,0.5482553752183331,0.5056018549172833,0.5,0.1,1.0,0.1,1.0
0.4137813545556761,0.4453097225459052,0.46077330636178504,0.4902052334496184,0.4701184578535994,0.4812320018879256,0.5105033767411422,0.5303209590110164,0.46679674862924586,0.47818280599940594,0.5066285233098629,0.5,0.1,1.0,0.1,1.0
0.47622924329374966,0.49994880169430517,0.5030851699074076,0.48440933660825186,0.45717068884566586,0.47218250177161203,0.5016094951242674,0.5062332771790728,0.4666802475803507,0.4230067944690665,0.4044455858337002,0.5,0.1,1.0,0.1,1.0
0.47318749853857617,0.44443648000062275,0.45135651813280314,0.45646643563765893,0.46470246871939436,0.45350181413780744,0.45105102423763577,0.4248687921971229,0.4376350152417621,0.48240794132494713,0.47865933475698574,0.5,0.1,1.0,0.1,1.0
0.49678523273785347,0.5065102361306328,0.5147211416193795,0.44227635236188,0.40282588721342333,0.43189996952838405,0.49097657259446037,0.44834682845004886,0.4787225897518101,0.45623629279520866,0.48900776999107537,0.5,0.1,1.0,0.1,1.0
0.6050726906897461,0.5901042100568075,0.5818870797716268,0.547327382109909,0.5627891439769687,0.6010369231805026,0.6065544490758866,0.590046916641102,0.5796295152666845,0.5636485823875783,0.5689745529153261,0.5,0.1,1.0,0.1,1.0
0.5607415112694507,0.5713171857785565,0.5719128939508613,0.5801404414480125,0.5488609236402363,0.4894741179041745,0.5050963758356722,0.4824967816090351,0.5049922477180107,0.49937477188739915,0.5075592975538283,0.5,0.1,1.0,0.1,1.0
0.5220376680927804,0.562926936700806,0.5277232152445599,0.5276154611141434,0.5161644467932393,0.47692421500504706,0.4658086356115634,0.4730542273644093,0.45340496315387585,0.45609690262548824,0.47283403312694056,0.5,0.1,1.0,0.1,1.0
0.5005139785291286,0.45883897155805187,0.458729117560075,0.4552988582280285,0.41236683876561797,0.434439128270358,0.44573047428743334,0.42891809736319175,0.42351991899009317,0.44381393699206806,0.41596876066915034,0.5,0.1,1.0,0.1,1.0
0.3991840251088577,0.4720539301802497,0.5230660584100167,0.5116899277776025,0.5170667791228213,0.5029029289921305,0.5188203091532693,0.5271722483648369,0.5134861152286083,0.5529347068635948,0.5323700474370343,0.5,0.1,1.0,0.1,1.0
0.5198029730050681,0.46313114999488664,0.46506417344391904,0.4681619874550125,0.4594604561587035,0.4361321629244283,0.40311989618895694,0.34549672135624376,0.368329606901682,0.3682137351690738,0.42282666720035755,0.5,0.1,1.0,0.1,1.0
0.49898629716561876,0.51550590887135,0.5378767572507444,0.5510906866363176,0.5703914123661812,0.536368308275959,0.5588117405206807,0.586358207746185,0.5018488164936236,0.4793844981255319,0.48295100423682796,0.5,0.1,1.0,0.1,1.0
0.42599279723868355,0.49150041121827626,0.5469082326391606,0.5644901356529287,0.5332693044038138,0.5893568186106063,0.5684437481992528,0.5266062342480042,0.503136139258392,0.533825010912819,0.5653301262379096,0.5,0.1,1.0,0.1,1.0
0.32089909713709686,0.3116966533463583,0.36195796372767375,0.34584447930793805,0.3896762927506906,0.37099172199889363,0.43620023575290423,0.42120383811065815,0.441417578514898,0.43737763088890574,0.42606142656312407,0.5,0.1,1.0,0.1,1.0
0.4211543279996109,0.4418041845279258,0.42341455258041877,0.4212884961508192,0.4701860923331369,0.48936249572925633,0.5238759446905665,0.4923113530838387,0.4977818428490725,0.4504595581625962,0.43071229739070355,0.5,0.1,1.0,0.1,1.0
0.48137720103105835,0.44238484852008464,0.4273408374138242,0.4683888612978018,0.49012820040928784,0.4935118614799683,0.5093687689251912,0.4982984082349481,0.5176820161544159,0.4908659713821019,0.4879462091606343,0.5,0.1,1.0,0.1,1.0
0.5384740018247712,0.525271997906031,0.5718980733925414,0.5328817933315081,0.5190116826041681,0.44992295389813336,0.4663666792585287,0.5051223185824697,0.46276530372868135,0.5658668672000793,0.6062650788121317,0.5,0.1,1.0,0.1,1.0
0.43360231418263556,0.4413581672974096,0.4810989565231312,0.4807738016576176,0.49898525633532537,0.5110819685346127,0.5375325276931195,0.5546692236040178,0.5811754837747878,0.5107607429558267,0.47443664954869835,0.5,0.1,1.0,0.1,1.0
0.5226527062175463,0.5203189224970052,0.4934830719600438,0.4250020501624756,0.3789620190396543,0.3852626168314296,0.38344993438104974,0.38392437915756433,0.4118324672006294,0.4530930293278088,0.47202094068582084,0.5,0.1,1.0,0.1,1.0
0.4134955430289357,0.4220098216587113,0.42371610879012994,0.449610844041929,0.4385961435459273,0.41730654246607646,0.438074098961231,0.4518142165946159,0.4056196928452556,0.4015282548484958,0.41352811842459963,0.5,0.1,1.0,0.1,1.0
0.498794975075173,0.5272295246698806,0.5166149353349052,0.493332764967764,0.5573130269394004,0.5497089722561254,0.5560997138789402,0.6446985150734112,0.6679376570144154,0.6511193238481099,0.6054116378458048,0.5,0.1,1.0,0.1,1.0
0.4317622216047163,0.4627866506994896,0.43659262606025734,0.4919025485384004,0.5023760719449548,0.4730284207551151,0.45138325977048493,0.48091661776301353,0.5067267757388644,0.4937593809553684,0.4943442924262768,0.5,0.1,1.0,0.1,1.0
0.5137976047362511,0.5132555944208381,0.5010087166806575,0.4205522013015327,0.41944554781410154,0.4040602760634524,0.3939046622497639,0.3779104342264798,0.38033917870625655,0.4095938764969422,0.46304615569916674,0.5,0.1,1.0,0.1,1.0
0.46139717965153476,0.4794098901067455,0.49093098333626284,0.47977022201832153,0.4685564880516275,0.4791056917960934,0.512004608567109,0.48022280100371834,0.4581193600919574,0.4574019693160957,0.5024169298060605,0.5,0.1,1.0,0.1,1.0
0.5929918721854583,0.6105345055253169,0.5643505983069781,0.5468378652559381,0.5766222259248002,0.5822905684276122,0.5741169267584222,0.5265629336007288,0.5324479629474604,0.5480368238774167,0.5637634979629548,0.5,0.1,1.0,0.1,1.0
0.45234395804725774,0.4380162793086822,0.4206361453639699,0.45907598968433255,0.411600389137411,0.4571020905516409,0.4447607741001199,0.45156284230547383,0.36866575696588416,0.3991517579400174,0.40077129807676615,0.5,0.1,1.0,0.1,1.0
0.5360554872954649,0.5444726806405537,0.5263246672821674,0.5730165802292564,0.5394994027165807,0.5436427409933655,0.5494567897620881,0.5160938902029335,0.4959263759404939,0.49715515366726826,0.5070743251007335,0.5,0.1,1.0,0.1,1.0
0.43833974181439644,0.45244526761982623,0.47134859870154144,0.46943956910126283,0.48783191207710563,0.47831804793957294,0.4550103482186548,0.413339622792134,0.43520926951520805,0.4381481769171484,0.4501593410599682,0.5,0.1,1.0,0.1,1.0
0.5688725667712489,0.5397639524595519,0.5166139627944811,0.5271873128199794,0.5158212199324198,0.4656552369178911,0.44732610558318636,0.38813512526561494,0.404717136154379,0.43770963519935124,0.44599767449471406,0.5,0.1,1.0,0.1,1.0
0.6211452040576761,0.6811387843682588,0.7069064368291409,0.714594140145854,0.7093747182496286,0.6564842922105244,0.684010528724174,0.6890596744741017,0.6264305962353705,0.5825725569942222,0.604142898384204,0.5,0.1,1.0,0.1,1.0
0.5422046435520714,0.5983887442148728,0.6141588493521022,0.6127089618011391,0.5920750985956152,0.6307565834399198,0.5853766539434264,0.5842865149751707,0.5421364938040474,0.5201978774137122,0.5387400420273918,0.5,0.1,1.0,0.1,1.0
0.526034893974717,0.5218381700194155,0.5308393227985763,0.5881869647756413,0.6028119534051902,0.5656831645650633,0.5100256916332319,0.4907229183717605,0.4846164759221825,0.46767669521870664,0.5493959375439067,0.5,0.1,1.0,0.1,1.0
0.4575722713671711,0.46895008563745105,0.5223712444512463,0.5160035837602494,0.49809891194049244,0.5135067871393156,0.5173309944749797,0.5285163652610244,0.5634102695295896,0.5823463849588827,0.5545680053946763,0.5,0.1,1.0,0.1,1.0
0.5286101028120925,0.48903259055180415,0.4765169137743859,0.43286179819083137,0.4310750909747181,0.4480429549730793,0.48595584792964297,0.4467977880938284,0.4824049369418815,0.48868671824213794,0.4774729728487062,0.5,0.1,1.0,0.1,1.0
0.5001284295099877,0.49957234523327093,0.6240970238686175,0.6290163538195692,0.6294472875893077,0.6036872788510853,0.6298435171348195,0.6373363077737813,0.5681856587293695,0.5370437098511521,0.4957200124574691,0.5,0.1,1.0,0.1,1.0
0.4431407329863293,0.4692242102331631,0.44882285839946845,0.4711001189874118,0.5020780673021783,0.4737588711039377,0.5096075609584486,0.5385301134897718,0.5105783532275019,0.5271782192769718,0.48443442518443,0.5,0.1,1.0,0.1,1.0
0.4027405417434613,0.444047121152034,0.44875843139055654,0.46401630535850935,0.49614320232648756,0.46178712207954786,0.46556398415954203,0.4760258484602326,0.514514220621996,0.5074892102521084,0.5096570866439084,0.5,0.1,1.0,0.1,1.0
0.5082174726794534,0.5120519106498816,0.5313958250369486,0.4918781432121674,0.46784895828570033,0.5352525306766373,0.553328206641587,0.4963858701775816,0.4804529552633609,0.4433170930382747,0.3904349946375171,0.5,0.1,1.0,0.1,1.0
0.5665358075857702,0.5648434551270509,0.5563840528317592,0.5571731564104205,0.4997046376874541,0.5134179567945217,0.5099748397672237,0.5235812328062921,0.5602113198674098,0.5800398028316958,0.5221659572122141,0.5,0.1,1.0,0.1,1.0
0.4495685791787951,0.4081141455109619,0.41624608494321325,0.3956479395104544,0.4002097175758733,0.42753273559644106,0.3890261401520535,0.3807786715153225,0.3882477351886847,0.3570279904208986,0.43704531100694616,0.5,0.1,1.0,0.1,1.0
0.6200790154876006,0.6267905705220549,0.6491701207372752,0.6938913407631401,0.6692569327337851,0.7085761911905808,0.7029892282809416,0.6455957472693685,0.6504486252934205,0.6610560611326968,0.6434250128502828,0.5,0.1,1.0,0.1,1.0
0.5000472210915136,0.4550371385264074,0.5043014724090117,0.4879985040474743,0.47734380752112165,0.494241564096389,0.4874317178666483,0.4881285164002399,0.40070040695833403,0.3775548809448794,0.4056963568059955,0.5,0.1,1.0,0.1,1.0
0.40085186697918485,0.4094139666692881,0.46141651331210054,0.5086062921392821,0.5176829352378011,0.6030386288418796,0.548258409466867,0.5496262386642967,0.5412838867820643,0.5072905541286836,0.46875059051088347,0.5,0.1,1.0,0.1,1.0
0.6126832792688071,0.5658655552944083,0.481497387835284,0.5432790874182222,0.5130994458746778,0.5193497184173106,0.5063470298661744,0.5234256207106996,0.5052460216436778,0.5118913546791454,0.5469308102543925,0.5,0.1,1.0,0.1,1.0
0.5331896456002622,0.516945850471635,0.563435225944435,0.4959921552457481,0.5341160574169744,0.5238092412738975,0.5637541258974126,0.5301980580323864,0.5694463525541651,0.5375522518937352,0.5811582518417773,0.5,0.1,1.0,0.1,1.0
0.4746049022792073,0.5004983578576196,0.5349949851887315,0.5480048143463544,0.5315575221332046,0.5877660592775705,0.5909118942675664,0.5361177648221058,0.5801089620273101,0.6154492150247715,0.5595754777817218,0.5,0.1,1.0,0.1,1.0
0.5411260951887001,0.5582617420321406,0.5525258406262739,0.5880263113826568,0.6089248760993017,0.5894254802031161,0.5642100530149068,0.5473888936077546,0.5488454545937822,0.5516821730251493,0.5344425174681444,0.5,0.1,1.0,0.1,1.0
0.477744295015354,0.4807531640645389,0.5506390197409494,0.5146154796086113,0.4758098826511976,0.4987184837294552,0.4871245947194398,0.4706592435335618,0.46911401415400344,0.45437908338834854,0.47464631521732464,0.5,0.1,1.0,0.1,1.0
0.5358240282551295,0.4661620968433761,0.4937769081475546,0.4540788225755326,0.41221980372681366,0.4086212641882783,0.3526245156211341,0.40542898834880003,0.4445410055820992,0.4826777163019043,0.48000261416188295,0.5,0.1,1.0,0.1,1.0
0.4505142614546949,0.4017103242431257,0.40980424132245463,0.35937017389526144,0.3482957723583802,0.36730423466133855,0.4040281241873442,0.36026098461443046,0.3364825713788491,0.3674063439443449,0.3595739877109737,0.5,0.1,1.0,0.1,1.0
0.616857901154556,0.6148814412556923,0.6105078199508092,0.5807380093842787,0.5130747496220652,0.4764822591201368,0.501303942468109,0.5250539131087276,0.4365348619078807,0.42284970322323523,0.39641627031730053,0.5,0.1,1.0,0.1,1.0
0.48471312781319653,0.4458490496248926,0.4245912318729946,0.4143408624824636,0.4148595041947388,0.43130300803916233,0.40939384936561696,0.45928432335859987,0.4623877939693918,0.4260191375700047,0.43922416889180804,0.5,0.1,1.0,0.1,1.0
0.38795886466433605,0.40196794170504574,0.4379706795422938,0.3906820822011053,0.3935423485115618,0.4027084276211631,0.4374885724475623,0.45117174425368506,0.41690961569386176,0.44152351927658323,0.45025456641254136,0.5,0.1,1.0,0.1,1.0
0.40082712813073457,0.4592640473620752,0.4924884295905533,0.4693594916383726,0.4356037569336811,0.42969971412050484,0.4515040841012517,0.4363693277822106,0.44269279724477445,0.4045541307642312,0.41763988927764506,0.5,0.1,1.0,0.1,1.0
0.5134208710127006,0.5239236969326859,0.5180467047298212,0.4906564910384949,0.47099696464892177,0.4872812504633106,0.4802134739693592,0.5390502779716532,0.5593710058740547,0.6145116780325377,0.645898281837298,0.5,0.1,1.0,0.1,1.0
0.397348586616618,0.4203124364029064,0.40216515007279485,0.3338925745905227,0.3557300651632272,0.3367436609521786,0.35546319560445006,0.39740533405036926,0.3721836046433483,0.40705678504747395,0.37522477137580734,0.5,0.1,1.0,0.1,1.0
0.5075568086479322,0.5237358410353734,0.539551413864771,0.4811259843424026,0.47581095478190116,0.4490799204758709,0.4516644843188912,0.3971815402680276,0.4051981512140857,0.4575777554877062,0.4342037321944391,0.5,0.1,1.0,0.1,1.0
0.5014645613189254,0.5428882689798593,0.5521490007298346,0.5331781416097852,0.507694400878549,0.499338843443346,0.5121923848762933,0.5441223589535557,0.5337423561141725,0.5212107657186992,0.475647712109151,0.5,0.1,1.0,0.1,1.0
0.4733865118567122,0.44910341208208804,0.4700417985336797,0.4594801448396512,0.4564913864532738,0.475750623784006,0.4019577328757958,0.41071298483952084,0.45612460962188767,0.4337716199370466,0.4297217824787938,0.5,0.1,1.0,0.1,1.0
0.4602648370231869,0.4975403993396008,0.45062688542808554,0.46801416427019515,0.45300836244004666,0.4629475122670365,0.46168026079851854,0.42056387555531793,0.40271456976473036,0.38045361402100947,0.3911602232746081,0.5,0.1,1.0,0.1,1.0
0.4393054371607576,0.45597383753922305,0.4267562177605083,0.48143405562059205,0.4226256179676208,0.42521391839167827,0.45112512342171646,0.4617425788823398,0.44865035526263586,0.4711135877342426,0.488562568770332,0.5,0.1,1.0,0.1,1.0
0.5340167602267907,0.48968047704857465,0.5083668118929535,0.43409137081602,0.4555783081681169,0.4176483581501565,0.44260658741217596,0.3910968090031758,0.38195981101580573,0.380103268075458,0.41169882877312663,0.5,0.1,1.0,0.1,1.0
0.6755851906160205,0.6222457728182232,0.5859665022912441,0.5586236071023153,0.5948320028854938,0.5741113321063951,0.6074892597428526,0.6545744600347874,0.6053577736559084,0.5739547314272818,0.5928948453804659,0.5,0.1,1.0,0.1,1.0
0.5057479636571331,0.5015087951023979,0.42010545119760595,0.43091837072922823,0.36966039697122977,0.44161807839961265,0.408819189755808,0.41147876406084155,0.357976909080213,0.43345722113388063,0.44341911020829017,0.5,0.1,1.0,0.1,1.0
0.44563235390907163,0.4766851264860482,0.446409636121224,0.46567036366914416,0.4884027533378146,0.46652362136709224,0.45714340675791676,0.49864001772863803,0.49996523609063986,0.48923509395115655,0.4124092211252022,0.5,0.1,1.0,0.1,1.0
0.6398404187283692,0.6651157997617476,0.637085907113398,0.6164779124376726,0.566581630243759,0.5593273168842877,0.5567168034956852,0.5757234347095472,0.5372056329975153,0.6166028611306453,0.5797947739609316,0.5,0.1,1.0,0.1,1.0
0.4996868796189442,0.5173405662475615,0.5028850969154858,0.5407480575828253,0.5312661771417534,0.5200025095262839,0.4758679502665533,0.4733806007811997,0.5198586674670865,0.6022969315584824,0.5750607746894469,0.5,0.1,1.0,0.1,1.0
0.39750414297766273,0.37540458199444987,0.3261271898669824,0.35398218189114816,0.3482098616439295,0.3653711955314001,0.42885276333238587,0.48999785618689307,0.4680863244501013,0.4659097463889343,0.4746794938633247,0.5,0.1,1.0,0.1,1.0
0.4737344696199819,0.47005257248689286,0.4693183224901249,0.4557122630170446,0.495242490958093,0.47610626227931846,0.490385248031556,0.5428240602096166,0.5623516305365599,0.565878151986895,0.5568865251693036,0.5,0.1,1.0,0.1,1.0
0.5631089108448233,0.5992205755589161,0.5296455714538143,0.5121691995880534,0.5202077235152013,0.48415091900924223,0.4992027084934241,0.47444451501549384,0.49630725066972403,0.5259902542082404,0.5484422928327247,0.5,0.1,1.0,0.1,1.0
0.36895416140254134,0.39251489460253347,0.39682857986592907,0.4322569115582943,0.4066282824656658,0.34528054669800956,0.33214126521218845,0.4062815724465542,0.40946567632491715,0.392601350778354,0.3771537302273847,0.5,0.1,1.0,0.1,1.0
0.46883008410797483,0.46817699130199175,0.4400428080416174,0.49276166721632403,0.5378299004334091,0.49011828836455157,0.47430111343525183,0.4624872890184789,0.4727603880677834,0.4376724338612914,0.4282240800301673,0.5,0.1,1.0,0.1,1.0
0.5165635295352313,0.5014908569975963,0.4882498309777532,0.43590740893154034,0.4182803015661586,0.4011687936882726,0.413567405987126,0.41552144594027596,0.4562477456161019,0.4569885540989355,0.4197777104091836,0.5,0.1,1.0,0.1,1.0
0.45765539493016105,0.48344124430953594,0.48273507397301485,0.4144257687917897,0.42809459167948694,0.4157126388733104,0.44317251403646263,0.4317765916308831,0.48647976485264605,0.48590977181547496,0.4655660090018683,0.5,0.1,1.0,0.1,1.0
0.5211517480315392,0.4911273838323994,0.4865719295762737,0.4954633836197435,0.4857525802258839,0.4750568137232103,0.5197777003820302,0.5024048257729543,0.4297619650990454,0.472954440347631,0.45229361618156755,0.5,0.1,1.0,0.1,1.0
0.4738582095004444,0.5230462735586908,0.5262066349637574,0.5021624991875585,0.544250904025583,0.5116561312554369,0.5150744310659163,0.5333996813817479,0.5253915972177765,0.5854052494384914,0.5694773061355897,0.5,0.1,1.0,0.1,1.0
0.432025396761113,0.4630782953648536,0.5040448698717949,0.49482671471886064,0.473356898600793,0.38661397589908075,0.4363579250477352,0.45897222584466385,0.46460049221041044,0.5024856650406878,0.5427632420042432,0.5,0.1,1.0,0.1,1.0
0.5567620669998848,0.5867997910460164,0.6227379045256615,0.5837013397266839,0.5722614430916448,0.5621655549476404,0.5370811617439043,0.4902790557797014,0.5162022456772112,0.47931267353759377,0.4549971712934614,0.5,0.1,1.0,0.1,1.0
0.4539856065524868,0.4455101844675861,0.4197569786774933,0.4425130987763393,0.40296555388381494,0.40074958524976945,0.4401592164393292,0.4005236258320475,0.4291652702355297,0.43944522173809697,0.4142319041465558,0.5,0.1,1.0,0.1,1.0
0.6405886200013481,0.6219758052646411,0.5900047319721845,0.5937955257173471,0.5935541260072907,0.6187642651604947,0.6508080364951627,0.648201665256786,0.6391540702079901,0.6059935167836714,0.5874101405661529,0.5,0.1,1.0,0.1,1.0
0.4294325266096036,0.45831207081772385,0.47425070507543327,0.49058912658757736,0.4803655624646297,0.5022141800892755,0.4790898475404296,0.48825176495157774,0.44954468461009284,0.44254136168522223,0.48344214977619687,0.5,0.1,1.0,0.1,1.0
0.5633101082144577,0.5002243438570404,0.5062791121338263,0.5236053666233613,0.5591841500132894,0.5540030962471868,0.5900567423871177,0.5988653103029855,0.5839500411063315,0.5363406150865544,0.5449944425287451,0.5,0.1,1.0,0.1,1.0
0.47540519842931844,0.4846692070742145,0.4689780422454037,0.4626380150077569,0.48346024194919834,0.48156908116455277,0.4653165972740192,0.49561600573115855,0.5527978471690295,0.5860642591460266,0.5663255042460621,0.5,0.1,1.0,0.1,1.0
0.4100396150186824,0.40940056361513205,0.42457815823413547,0.36702054792944366,0.3917801566838653,0.40332219811066095,0.43493094386443704,0.44123998991586805,0.4832631399453536,0.5217381173220718,0.46234739737553787,0.5,0.1,1.0,0.1,1.0
0.41541922255474983,0.4078773582020618,0.4187272730277356,0.4859916945383139,0.4500628529647602,0.490723544564354,0.4685038231072461,0.46982704201730185,0.5255769703434274,0.5357404839722395,0.5013997119669085,0.5,0.1,1.0,0.1,1.0
0.37915996191288875,0.3786862870555611,0.4100256486649183,0.4454147850030181,0.429769844367415,0.4085139212862742,0.45503908789421593,0.48193966411988876,0.4786533729153527,0.5240625445506966,0.5189826332069678,0.5,0.1,1.0,0.1,1.0
0.4972636363898994,0.4377439855583508,0.5107424086486786,0.467095112634728,0.46863664495230434,0.4920283134782143,0.4987543760785505,0.47840640677749696,0.4979163693375554,0.5355862272529754,0.5378873579785328,0.5,0.1,1.0,0.1,1.0
0.40047797718403444,0.3793219074079552,0.41701875067820904,0.45719202809793674,0.4075141970574637,0.38083866751916107,0.364095733620755,0.3947848673311792,0.42050439146770696,0.4212599291139884,0.46499316535808805,0.5,0.1,1.0,0.1,1.0
0.510837707871489,0.47051536419666273,0.44951979849633533,0.457300254227179,0.39595936690690364,0.3747646090541759,0.415666167529934,0.42483924605657564,0.4077875832980174,0.42540113530657603,0.47918754708184047,0.5,0.1,1.0,0.1,1.0
0.4902496480350325,0.46524585761601106,0.4881757278481298,0.44062676052675154,0.4894711626436224,0.5596531877131593,0.587212189109562,0.5247333510177856,0.49427147884685235,0.4617495885983288,0.45044496134257106,0.5,0.1,1.0,0.1,1.0
0.5097332893484905,0.5221300083410949,0.5009460248086252,0.5029670369652909,0.5269823894232961,0.5022371844320016,0.5601301178370974,0.6019083350982726,0.6823425575887998,0.6267343519254917,0.595495085350181,0.5,0.1,1.0,0.1,1.0
0.632268468736916,0.5936055272662462,0.5837907360179185,0.5863726898017875,0.5773350011476212,0.5273746975193337,0.5434880316837711,0.5281605909736642,0.5200244399935467,0.5053324205072187,0.5584205824018593,0.5,0.1,1.0,0.1,1.0
0.5187617316655999,0.49576281113898746,0.5125646575494023,0.4870444870676674,0.45397589295018587,0.4409423686113438,0.4802038326634294,0.44574905891905103,0.44703575216237323,0.46503716081283275,0.4835892256428572,0.5,0.1,1.0,0.1,1.0
0.4728239750358856,0.4987281157659027,0.5113293035605633,0.5325516284849598,0.4932786567311166,0.5133414401514471,0.5089482377047858,0.49130473059538904,0.5621345228261303,0.5797857780388221,0.5531669143005133,0.5,0.1,1.0,0.1,1.0
0.6402716861593202,0.6106012668866581,0.6091805116232871,0.5678412498507898,0.5305989066836386,0.5593771300956338,0.6002019435410986,0.5049485279677938,0.5354350552342355,0.5699098578671461,0.5454509493193586,0.5,0.1,1.0,0.1,1.0
0.5626294140607935,0.5983433231430233,0.5759117967178886,0.6141069855711302,0.641205586226254,0.6696647055929562,0.655936608556077,0.6200477959386196,0.6313997062508416,0.5980947748221089,0.6090622760089561,0.5,0.1,1.0,0.1,1.0
0.5628855821964707,0.5629148201272636,0.6019011176356565,0.5989057485035436,0.5450016957590219,0.5395716495603886,0.5125926664976832,0.4759518022870021,0.5121482788873414,0.5543674264592837,0.5313333311557676,0.5,0.1,1.0,0.1,1.0
0.5682972934192014,0.5343549040005494,0.5122864417390005,0.5207076485452681,0.4967673892685802,0.4757389592775084,0.4695851319366616,0.46520072628681797,0.45374344359849716,0.4586815929071335,0.4640672757767944,0.5,0.1,1.0,0.1,1.0
0.568808632815795,0.5815509622548337,0.6327219075138844,0.6894328391947998,0.709444640656967,0.7156052348275518,0.7197253767528975,0.7151512246117782,0.6913773583406972,0.6886241600908326,0.6776057803351508,0.5,0.1,1.0,0.1,1.0
0.52842967879853,0.4992487781514471,0.5066026628586524,0.48427211900042827,0.43501573537791866,0.4298543904690658,0.42616592800720654,0.4259781644056339,0.43325376250069664,0.4257126667622471,0.3742983406099172,0.5,0.1,1.0,0.1,1.0
0.3767291628293626,0.36637353176185106,0.4094938753154678,0.400663232249093,0.43947913577303377,0.4500511011209898,0.46134496371318295,0.47042896207476187,0.4400178148626086,0.3782526978727523,0.3943162827701981,0.5,0.1,1.0,0.1,1.0
0.310006585408821,0.3228848372693901,0.29989779112155174,0.36465608552123113,0.38792614245018325,0.4045312275837341,0.41617342319338907,0.4441412698571761,0.4493239445826873,0.4758084420895602,0.5477384243439999,0.5,0.1,1.0,0.1,1.0
0.634168010890229,0.596520213564612,0.6256301347794629,0.5991025558001282,0.5923639944308882,0.5861010029302626,0.5862548184511094,0.563972023566577,0.5041388430806015,0.4760009492470706,0.46541939927550613,0.5,0.1,1.0,0.1,1.0
0.45769566607473583,0.44076804483958104,0.47818126808041944,0.4634727252730196,0.3956634685452562,0.42731618724012166,0.46736674178114157,0.4890445024067023,0.479302822548593,0.44069375801113014,0.4648747433952043,0.5,0.1,1.0,0.1,1.0
0.47629819626971015,0.45180454681549886,0.43846497315055283,0.4681439524907985,0.411740466157943,0.41110323754764144,0.406149384350378,0.4356720841736935,0.44003865045827006,0.4459462217065949,0.45398332865182045,0.5,0.1,1.0,0.1,1.0
0.6591186648150309,0.6519664430013649,0.6932509104377449,0.6917174927469831,0.6455627421015642,0.6548429099977466,0.6500158321257447,0.6955055891443582,0.6658372002797338,0.6343349938663557,0.5973290015299076,0.5,0.1,1.0,0.1,1.0
0.5389994002835348,0.5251669578465185,0.537291804229896,0.5361972358358178,0.5115253170137465,0.49672920538731374,0.500088894228009,0.5161790215490661,0.4789656423394933,0.43487039219242085,0.42945824668383525,0.5,0.1,1.0,0.1,1.0
0.532433912491182,0.520517592228031,0.5101059103045908,0.5355963428936934,0.5065290283746102,0.5107581971491473,0.494748453551504,0.46797187534210827,0.44923718507732313,0.506740946540342,0.4689273703274579,0.5,0.1,1.0,0.1,1.0
0.4961382782927492,0.5122797286256322,0.5071310866797396,0.49832672057413774,0.4542948914069761,0.4542137971723235,0.4549679424822166,0.45528617469357147,0.4646305771715903,0.42460098208087593,0.42497692265129894,0.5,0.1,1.0,0.1,1.0
0.42628839930123463,0.40768555759537617,0.3923128018697687,0.33913911624274184,0.3439424812473627,0.35570756957850164,0.3719330458316075,0.4074924627542336,0.4276200316497598,0.4000992727944921,0.4420980127113463,0.5,0.1,1.0,0.1,1.0
0.5231745521019713,0.5050462364370026,0.5590483853502873,0.5858818111784536,0.5166328910470201,0.5229061236246209,0.5531455145672699,0.5394518724365126,0.48014209567828214,0.5041189397769802,0.506931409909785,0.5,0.1,1.0,0.1,1.0
0.510446507082271,0.49063563642367897,0.5820686150133408,0.5929495159871543,0.5078125236145937,0.4434346300994585,0.4791307614049509,0.4877814884778082,0.5096560348082393,0.5387729153611792,0.5309214768292743,0.5,0.1,1.0,0.1,1.0
0.5751120513486024,0.5950250411962246,0.5252667126970124,0.5294007528324972,0.49614756738077165,0.4588496203008954,0.45226860454724277,0.4452440603593019,0.46721207630741884,0.48837897323056745,0.4953587512430998,0.5,0.1,1.0,0.1,1.0
0.6411138239373295,0.6270166580382485,0.5787641648393953,0.6308220544808214,0.5979289179550883,0.5526950097129743,0.5650355318818023,0.6129761222371328,0.581079290998499,0.6157802621490996,0.6048304746976585,0.5,0.1,1.0,0.1,1.0
0.4733291790596611,0.4652678605182792,0.47716252826503047,0.49597860874453137,0.4790223177063592,0.46979390502971075,0.468721304351936,0.47218753672493685,0.5262958427280959,0.5313632072259451,0.511453619708805,0.5,0.1,1.0,0.1,1.0
0.44448344473081175,0.44094750770499463,0.4353742249592962,0.45620127905380903,0.4137747343376273,0.3975574377157103,0.37653119057541296,0.38028225522870257,0.4130859514731452,0.4398495563312487,0.4558709379774915,0.5,0.1,1.0,0.1,1.0
0.46369785051936574,0.4677120997338857,0.46867830491693696,0.4514068997638841,0.484937014373916,0.45240895830225786,0.4963666104927347,0.5240633421370872,0.5110377806407251,0.49279985531845616,0.4937865060751305,0.5,0.1,1.0,0.1,1.0
0.4859249526692232,0.4615820307776359,0.47371890057968213,0.4865654335790148,0.49736378084628424,0.48718111509451717,0.3978809047066545,0.4126872798286172,0.3896537516439723,0.3722710049192543,0.34361964079397983,0.5,0.1,1.0,0.1,1.0
0.5820090204752505,0.5500870479556754,0.5807100990874658,0.5662762170986779,0.6249253813840009,0.6227620852975952,0.5895973446664272,0.5231569118069493,0.5503397416944724,0.5388998512999026,0.5426154782137332,0.5,0.1,1.0,0.1,1.0
0.4247252555787546,0.4564993259108217,0.4687365169560557,0.4943820031604122,0.4841001558235309,0.43061527808761446,0.4189269266427772,0.38795638500401625,0.3924054163069558,0.4307218344647331,0.4082031969278918,0.5,0.1,1.0,0.1,1.0
0.508003507244147,0.529207152283371,0.4731782316289386,0.4174390111551184,0.44665826152760607,0.3720958799487823,0.44870990446780384,0.41869311183097724,0.4731492502074426,0.4790255430386366,0.47292580715417154,0.5,0.1,1.0,0.1,1.0
0.5011821668793067,0.4298772519018104,0.47135007428059933,0.461390578555157,0.47277638747908823,0.45808552611047915,0.4214652792848577,0.4144402971865872,0.44344262641713866,0.44984144118581265,0.473237623967305,0.5,0.1,1.0,0.1,1.0
0.4882967286654453,0.5344449453204336,0.4671342842146765,0.47832627551405565,0.4843887477315536,0.4877943418966145,0.5159309694100538,0.4904179543239719,0.509608693933198,0.49521081345444906,0.42682821742181604,0.5,0.1,1.0,0.1,1.0
0.4258430260852713,0.47514359285014646,0.49937653085812367,0.4545293358101842,0.4183597537841733,0.4011778223442287,0.39326411715619347,0.4392448831033998,0.4724802439577354,0.41894764851833655,0.36449687828431865,0.5,0.1,1.0,0.1,1.0
0.45719212175505264,0.4714658023870634,0.5199023676029393,0.5134899984181114,0.5413024175215467,0.5457204954743828,0.49694744878911185,0.5098526791578598,0.5003006445065408,0.5005165242506696,0.4809208613503565,0.5,0.1,1.0,0.1,1.0
0.3789142022920266,0.4321573832732481,0.4242879982911325,0.47725464758850444,0.4583304497064433,0.44514563755640474,0.43416375239355964,0.418679463873138,0.41378260655196236,0.4348107109750683,0.377861084773591,0.5,0.1,1.0,0.1,1.0
0.5523005437753685,0.5061839131787321,0.45872273049944773,0.48949155860290366,0.49467295285729507,0.47724527544130063,0.4804656932622533,0.4701661557275865,0.48673624681388367,0.5013621338103027,0.4840320622168488,0.5,0.1,1.0,0.1,1.0
0.4760909107915483,0.478322219514199,0.5021609142652725,0.460322615803869,0.4330577892199062,0.4719444195952241,0.5318577440865832,0.5637691683937525,0.5456380310195961,0.5763627890330877,0.6182563294289751,0.5,0.1,1.0,0.1,1.0
0.6155113784877331,0.5375653083754603,0.521216323978868,0.5130665440199607,0.4816435432463441,0.4644732285238646,0.47560880563744573,0.483668705713265,0.4502246748296688,0.48652665920014365,0.5554077451653283,0.5,0.1,1.0,0.1,1.0
0.5078424174860351,0.5448268553957378,0.5286123102649077,0.4708353755011301,0.48171288884452856,0.4919836055357019,0.5564698345730362,0.5583428523890898,0.5498150599158687,0.5127137077852595,0.5190570314097538,0.5,0.1,1.0,0.1,1.0
0.512502898699404,0.5045592141276318,0.4748343155628483,0.4749172134395704,0.48491513993008795,0.5071015205105135,0.5208112079678622,0.5290048667813875,0.5671435135441517,0.531520278822526,0.5006686858438854,0.5,0.1,1.0,0.1,1.0
0.4243547413243418,0.40927520028920034,0.46035532474737334,0.4352748675095,0.4513273084783522,0.47959621331201807,0.47203016423012045,0.46027246752199286,0.43319170169899374,0.5175727134981694,0.5239897251013955,0.5,0.1,1.0,0.1,1.0
0.5075656950579803,0.4770348402078691,0.5121016376800018,0.5160195059188326,0.4839834375463463,0.517975971585428,0.5151802364483435,0.5373827035831966,0.591246399201452,0.5427615608633866,0.5826391019601949,0.5,0.1,1.0,0.1,1.0
0.5068590216481493,0.5235523923107034,0.5452138736068406,0.5034114970994861,0.529931251896578,0.5440687887481305,0.5371495477683788,0.5763443357133093,0.5659438625660179,0.5129378594812622,0.5001733334741439,0.5,0.1,1.0,0.1,1.0
0.5809986573426971,0.5197649394025226,0.5180151588881304,0.44539428655276314,0.43085502543103166,0.43674278461636545,0.40671336548431686,0.4672406246298734,0.4997326926503503,0.5133230124396646,0.494159211330676,0.5,0.1,1.0,0.1,1.0
0.5880270295200022,0.5457340436342702,0.5117746095261662,0.4766212013438189,0.5251984522923706,0.5235384673377795,0.5702258666709702,0.5479138472299041,0.5851187241536091,0.590095063300373,0.5588314222744477,0.5,0.1,1.0,0.1,1.0
0.5295307562184517,0.4976233646160841,0.46686637789160595,0.43304601049763447,0.40279905665318133,0.4199855714068136,0.4180450480376891,0.39282061527022394,0.4320148253169307,0.4617425512938145,0.43989139765021706,0.5,0.1,1.0,0.1,1.0
0.4492001718999696,0.43161099031358696,0.38424048990837123,0.40741018849459143,0.4739601237062996,0.4949541873890753,0.48894711776680505,0.5128094196226487,0.49730499556275254,0.5031112048091164,0.4744160348315225,0.5,0.1,1.0,0.1,1.0
0.43751824345782736,0.4022862975116334,0.44503915011120493,0.5097856257175335,0.5164328768423134,0.5262878926461868,0.5702100479554644,0.5792814220414984,0.5807045131251974,0.6055272487886593,0.5953322312099629,0.5,0.1,1.0,0.1,1.0
0.43693705561507945,0.4575706098011023,0.5049917612058641,0.5133945408507867,0.5390136413273707,0.5266868855942409,0.553110503846793,0.5121100029997042,0.5412426514577731,0.5825150961047503,0.5514461102853551,0.5,0.1,1.0,0.1,1.0
0.5626163118432083,0.5972321587538806,0.6491917522344932,0.62513640156759,0.5742867142173946,0.5062382792934944,0.4964968821062535,0.5209152991959813,0.4839272806020613,0.4762283251606281,0.5124685539666338,0.5,0.1,1.0,0.1,1.0
0.3825030992135095,0.4058849400103415,0.4095842441430188,0.4068057376343787,0.4376580722674127,0.4570045758373601,0.4417172012059493,0.4964274145113978,0.5268468695878544,0.5465261216131131,0.5328870061410533,0.5,0.1,1.0,0.1,1.0
0.5913409452537385,0.556475120435917,0.5471560117131982,0.49378927754019175,0.5823598524809036,0.5748061190254304,0.5941392450631807,0.5866754175563174,0.6040172920048524,0.5867683561177285,0.5797078148564799,0.5,0.1,1.0,0.1,1.0
0.44572567386431206,0.43560321178337835,0.4478251453630012,0.48417508277388044,0.4781344955455694,0.4914126973241249,0.5098303775132705,0.4883117826652441,0.46391816115626705,0.41663253670048556,0.4161785754863388,0.5,0.1,1.0,0.1,1.0
0.45622208768248085,0.491832356969262,0.5278334265819123,0.49748371067528163,0.4346623954712331,0.4400345067324717,0.4123849132025409,0.4311059077157361,0.40232195649787506,0.3920321859385736,0.4183619602302615,0.5,0.1,1.0,0.1,1.0
0.5033872900255305,0.5382119190340785,0.5467262753404456,0.5488760720526601,0.5221763034070771,0.5316253199031187,0.5205903342239953,0.5251598200359779,0.47613818248012507,0.4314642332078989,0.3824055291904077,0.5,0.1,1.0,0.1,1.0
0.4631548012904082,0.46156020068010556,0.49766194752910903,0.43185149258467537,0.4563574789439637,0.4648687106986472,0.4912969532349075,0.49321109256782103,0.5084291578131936,0.5172039760559787,0.5112310239518068,0.5,0.1,1.0,0.1,1.0
0.549318687913585,0.5330579157816698,0.5344318968644687,0.4838387523500808,0.4829388315673965,0.4885672389217821,0.47314461678676023,0.5084633018426575,0.43204608890204793,0.4564575531006111,0.4601253538021965,0.5,0.1,1.0,0.1,1.0
0.4263417156950453,0.4125985666202947,0.37793231234541513,0.36254739848851086,0.3714481921779546,0.3570850408360384,0.36815824335514197,0.3621354408919539,0.4162361168493296,0.4222955460692538,0.4029506392610713,0.5,0.1,1.0,0.1,1.0
0.3933719200959891,0.34309589590283285,0.2942774842726341,0.35933000550193994,0.3877257581034919,0.3846815363152894,0.430536082676216,0.4371106185275071,0.4384164129901288,0.4019456458381516,0.3717581069781347,0.5,0.1,1.0,0.1,1.0
0.4235212669025736,0.38916001781479764,0.38980669936583223,0.4347255158061737,0.42463131696765793,0.44484688966454633,0.4145688824492889,0.400980013415847,0.44724394260282224,0.46889919641712907,0.4838704114760337,0.5,0.1,1.0,0.1,1.0
0.5479426391503078,0.5259356128152501,0.509741880990953,0.46377580846247257,0.4435938873230125,0.45436582177205725,0.4191293282459568,0.4283728432819804,0.4176003228567082,0.4509712342198054,0.459914311994593,0.5,0.1,1.0,0.1,1.0
0.46055685230092686,0.49716953602489244,0.5114194087900142,0.45133682917396556,0.4818443883057604,0.4756040966449488,0.44760764772349526,0.40699184716368125,0.46210869509539854,0.4818851050908638,0.5030028230282042,0.5,0.1,1.0,0.1,1.0
0.3980014978541844,0.43057062371613974,0.4499025885233768,0.4165697933331136,0.42733299628756916,0.47844038986494597,0.5026221387897984,0.4744261899564372,0.46238735412437937,0.47768197917702104,0.4779864647585484,0.5,0.1,1.0,0.1,1.0
0.498971884725132,0.507028448354141,0.504461868402111,0.5472358717618017,0.5919584437481658,0.5483682204374594,0.5127222845660003,0.5283506723275198,0.5343968002548671,0.524675714876065,0.5947353037529034,0.5,0.1,1.0,0.1,1.0
0.5739149144328259,0.5950682452592305,0.562779467411996,0.5424509520030375,0.545763499037925,0.5649558661203461,0.5297784579711399,0.5238841652916936,0.5470058460532512,0.6034083849304764,0.5952139226020146,0.5,0.1,1.0,0.1,1.0
0.5061346763883555,0.49665274111581925,0.536707351226948,0.550464831957862,0.5062746542566431,0.49852159183368344,0.49815163023931935,0.479616828954568,0.46486607638692734,0.43609368550622546,0.4584986150221382,0.5,0.1,1.0,0.1,1.0
0.4094846343389529,0.43222759737433664,0.3822645702624858,0.3514123638776937,0.38196075788180117,0.40066336960878945,0.44156731451738507,0.43393952219253046,0.4325838859456707,0.49443233238635786,0.4654804162021079,0.5,0.1,1.0,0.1,1.0
0.4394528412468924,0.4400329426394515,0.44049852309329224,0.4645530882985774,0.3996493467313764,0.41746725676518637,0.4236459740302776,0.42647154966566203,0.46223203344802677,0.4419331674872637,0.4583920303278863,0.5,0.1,1.0,0.1,1.0
0.5003742487425475,0.510596293814147,0.5599257231467227,0.5124567553019905,0.5134783060138886,0.5091878970648348,0.5567898371864974,0.5328417583960003,0.4958748103036378,0.5129021553764221,0.5788138379561324,0.5,0.1,1.0,0.1,1.0
0.4067946909233743,0.43239873078479274,0.44767085985384947,0.5098075195000091,0.5056875098937915,0.4773143758350329,0.476749784066094,0.4567465341693712,0.4436629029875599,0.44079844110649413,0.43686286627123644,0.5,0.1,1.0,0.1,1.0
0.5421389015639405,0.5017465603351897,0.4969082226669184,0.5157229100334785,0.5012471020723227,0.45080814398027325,0.44252254479027403,0.39513175759320585,0.3647634045196738,0.3677572104909162,0.35530824444205655,0.5,0.1,1.0,0.1,1.0
0.47665736757816946,0.4344660646474603,0.5311706774160281,0.5060560094969121,0.539114080337379,0.547079591403687,0.5248172128217069,0.5343675806916293,0.5178625521846673,0.4643744785587681,0.49200346943949325,0.5,0.1,1.0,0.1,1.0
0.41750959361462386,0.41575324873523356,0.44473069485952726,0.4212121876685308,0.40942078287644823,0.43397458418107304,0.445580557728695,0.43060417247631894,0.48588425195453866,0.4743232390047489,0.4659171937020918,0.5,0.1,1.0,0.1,1.0
0.5220836508406114,0.5477654478599462,0.5167079992723799,0.5197252558011012,0.5528074349749956,0.4640369165969816,0.46411602561641707,0.4359706566237166,0.4406971073999963,0.41953538933690254,0.41863752810752836,0.5,0.1,1.0,0.1,1.0
0.5307792972644287,0.5525550709649112,0.5698941376554014,0.5767912271537348,0.5447746020260513,0.4826644583268814,0.5278047624037422,0.5307223709137099,0.4881334074871607,0.47361936981153613,0.43631228035128916,0.5,0.1,1.0,0.1,1.0
0.5143260861062872,0.5990121015581615,0.616890016295689,0.56365989402278,0.49772266804978305,0.5417838647951981,0.4982929273059231,0.43695338519251536,0.4813103002361955,0.44448411409403665,0.463639227382854,0.5,0.1,1.0,0.1,1.0
0.49196206338833554,0.4961616649196264,0.5001895606124117,0.4924414047428916,0.5552007120246027,0.5603504602342746,0.5391950712901469,0.4683539155541627,0.5000129781865804,0.45677825710752373,0.44391844105150574,0.5,0.1,1.0,0.1,1.0
0.38150132754740945,0.3980782259337279,0.4753268344901716,0.4716310523165114,0.49007522908512247,0.4662409999199982,0.42650804782556584,0.47786025212421923,0.4805012939975213,0.5106577985060504,0.5251585989744992,0.5,0.1,1.0,0.1,1.0
0.5310815190998309,0.5231154403194304,0.5340280656732117,0.5854072601944591,0.6119155604363344,0.6325209200871897,0.6510171892029928,0.7100140375251263,0.6736978865620888,0.6952811372053337,0.742293861333669,0.5,0.1,1.0,0.1,1.0
0.5358197138125229,0.5412369113012502,0.5249830469172841,0.46596846563350225,0.4592473444164261,0.4782207695578881,0.5018512540964067,0.5395252625155866,0.5913799693589329,0.5784057043185052,0.4864631326372657,0.5,0.1,1.0,0.1,1.0
0.4242148321169133,0.43208988138629545,0.49971560556748285,0.5006308107839088,0.5144771458574212,0.5037550823460583,0.522329249775537,0.5201753049543569,0.5102331505768055,0.5217758205521709,0.48728367087498736,0.5,0.1,1.0,0.1,1.0
0.4511260982997041,0.46863589626710533,0.4374017809894169,0.4421816719441343,0.42775159747191477,0.44700679642415864,0.41935701476606335,0.41581742569322677,0.40422635799633855,0.3687069392489027,0.4107365381146464,0.5,0.1,1.0,0.1,1.0
0.47419578706155147,0.533900430390013,0.5321250889491196,0.5552858231664026,0.5782925359375418,0.5306397023968742,0.4988233266144171,0.4615423945631935,0.4823181563005704,0.4665503174470119,0.4054894261887153,0.5,0.1,1.0,0.1,1.0
0.5685017845517369,0.5616231058250133,0.5185778761202031,0.5408330861787022,0.5706627727244493,0.6101334164263483,0.5533576447905567,0.5295545994283756,0.5091971870968575,0.49199121011846714,0.4733008285047282,0.5,0.1,1.0,0.1,1.0
0.49738962137321774,0.5170356664602666,0.4587222028924412,0.46426246013450734,0.5067084953348204,0.5156502835514053,0.5419655658341269,0.5534449997049604,0.5155602647763575,0.5349367740498174,0.5546653783480264,0.5,0.1,1.0,0.1,1.0
0.5235415193854963,0.4808116893938197,0.4417631397328507,0.46725972909359376,0.4740847729702272,0.5372358362604194,0.5787339442434333,0.5390127036876012,0.46027543243997837,0.4699225404319092,0.4972463795725553,0.5,0.1,1.0,0.1,1.0
0.5412683109025235,0.550888676544532,0.49882462762689433,0.5143388636349581,0.5074724517710507,0.5049543948494587,0.45654341559632705,0.44499319666540715,0.39716231362513854,0.45699671825024074,0.42583649657405664,0.5,0.1,1.0,0.1,1.0
0.6412186830854872,0.643829126289493,0.6509297741366049,0.5998302891522245,0.546376199213055,0.5571921573819745,0.5734231257979524,0.6098652603462518,0.588280321653695,0.6008624205444506,0.5854218182310467,0.5,0.1,1.0,0.1,1.0
0.49935820847569323,0.4780174853034271,0.47182978345804527,0.47218563984727463,0.4909038166809866,0.5160655475490092,0.5169458087859112,0.5541705046820969,0.5245240783326102,0.4759547546498888,0.47148985996721976,0.5,0.1,1.0,0.1,1.0
0.4337562020239678,0.4697976116174442,0.5184345668067302,0.5354843725292698,0.5720511146552958,0.5806960634232454,0.5584106027642056,0.575762835148495,0.5747275520949637,0.5721602278497684,0.5475549773481502,0.5,0.1,1.0,0.1,1.0
0.4059008561080153,0.3569399424598694,0.3550668727861643,0.39648008473271334,0.3820541710279613,0.3852851766855657,0.3813681724579595,0.39357190874645215,0.3945911707561635,0.40620912368656725,0.432197932327922,0.5,0.1,1.0,0.1,1.0
0.5124608365784051,0.5455159570343937,0.4909774066529812,0.45431440671025003,0.41486035475020244,0.47099475661774504,0.4262723522744878,0.46687414452892134,0.5073493520614306,0.4710433695516985,0.4988111241338635,0.5,0.1,1.0,0.1,1.0
0.5877752114994896,0.6349201868199795,0.6008687446529614,0.5651589494072766,0.5080532705308274,0.5184600568920601,0.5049397672094107,0.5159709433967109,0.5081153555549754,0.4831251287394399,0.4231311735082039,0.5,0.1,1.0,0.1,1.0
0.33480735817543666,0.33311020824413734,0.29617831511956727,0.2725834447111033,0.2673663569750469,0.24804444521287916,0.2564642300110169,0.23872764973961558,0.2735355462175453,0.2746838888808513,0.3628504809629047,0.5,0.1,1.0,0.1,1.0
0.4930306301504621,0.49938265001255616,0.47985046964022937,0.5018197348085243,0.4639627571920497,0.48969734961563116,0.4305598416481906,0.426128383099762,0.3878830245490164,0.41794781494203487,0.4397467351819192,0.5,0.1,1.0,0.1,1.0
0.5077043523952937,0.47983070848786996,0.47497011185620136,0.4491470348685705,0.5077076365183121,0.4841609262639564,0.43101812819286595,0.4515158243555515,0.41976755071459926,0.4218818870683835,0.45002725066762206,0.5,0.1,1.0,0.1,1.0
0.5592360746435193,0.5169762519791414,0.5247130959097575,0.49640595075870947,0.4942156879742818,0.520403539361998,0.49813352371146163,0.5222737096751637,0.5421435504117299,0.5458075483507253,0.5297580790776982,0.5,0.1,1.0,0.1,1.0
0.3166012036651991,0.34635629374790666,0.32256236359896834,0.3734063861750319,0.3956708315188149,0.4421027377639239,0.4541165801827294,0.4112960867055301,0.4445242279304478,0.4462421280646753,0.4528864224718118,0.5,0.1,1.0,0.1,1.0
0.45073246857814375,0.46479779390099674,0.4627501559198144,0.4077449055875013,0.38985554164468894,0.3560828063850436,0.4018024242739828,0.3364835892015164,0.37132366664342414,0.38639595187589093,0.3775685300060884,0.5,0.1,1.0,0.1,1.0
0.5520142839069359,0.5451920671652057,0.5759415294087318,0.525737896138996,0.5379230679638282,0.5230376607605973,0.5411638186743727,0.5335036716888761,0.5190290616691164,0.556365379887389,0.5268156147292583,0.5,0.1,1.0,0.1,1.0
0.34331475775090425,0.33067470656909137,0.3443055817983174,0.3550687071920423,0.38833984137932515,0.37537407599777306,0.41805393491262194,0.4390472869568824,0.5016744429874973,0.5799325450405455,0.505765970679403,0.5,0.1,1.0,0.1,1.0
0.5357341637983433,0.5100674161141948,0.5379050965823693,0.5286037616915175,0.52179875002766,0.5024584495469294,0.49448877669293695,0.5143926883183356,0.503339029067182,0.4881978997344155,0.5018648039089164,0.5,0.1,1.0,0.1,1.0
0.5732298402241232,0.5919302442218756,0.5209195359777938,0.5537877935419057,0.5059787918983771,0.5513394169887876,0.5511900836396256,0.598521847329264,0.5723099580465026,0.5145966387057603,0.4888409766937619,0.5,0.1,1.0,0.1,1.0
0.33507902462579287,0.3318488080902435,0.3663665891428191,0.360245880560539,0.4432077065415691,0.47109347859350964,0.46327841639989276,0.44967067795799454,0.435821772125668,0.3631124356171837,0.42973878348018646,0.5,0.1,1.0,0.1,1.0
0.4667505260285793,0.4820720532532628,0.4806022932485543,0.4381272315998352,0.4470548773473848,0.4475245624405461,0.4253938311180136,0.45747823312248215,0.5007505919980385,0.43589302578334266,0.44238720746109467,0.5,0.1,1.0,0.1,1.0
0.47120338309192833,0.4428397934190193,0.4087975884849835,0.3941443316894421,0.40204306608970997,0.42113108295367385,0.43440047226372663,0.4847300517360669,0.4764157151573764,0.440882626773625,0.3942301196906096,0.5,0.1,1.0,0.1,1.0
0.45321541407470567,0.4695798730855031,0.506128908869594,0.5319492161854991,0.5462157321936393,0.5068410122072622,0.5002034753352471,0.4974266508784378,0.47717495615489924,0.4985884675106537,0.48229543394547464,0.5,0.1,1.0,0.1,1.0
0.4894456995506897,0.4124384526716077,0.41729705671841594,0.43833462699292414,0.39103715180507514,0.3500615323744382,0.39268810037782736,0.35879123694609383,0.35574340252073655,0.44229161563201497,0.4629581145954686,0.5,0.1,1.0,0.1,1.0
0.44566437116524404,0.4096358455858743,0.4179557485064223,0.4147515079909764,0.4057679615297456,0.39391724108032605,0.3383904565601927,0.30043551164551974,0.32853151359383576,0.39675119270321596,0.4428699746439878,0.5,0.1,1.0,0.1,1.0
0.47630117442993736,0.46680683668253037,0.47848673011919424,0.4872198262522134,0.48411091254152194,0.4809693442671352,0.5086795938590929,0.5312950965317581,0.4883115948560501,0.4570534473598148,0.4949915614172144,0.5,0.1,1.0,0.1,1.0
0.5205009847103471,0.5593816055714957,0.5282115173136995,0.5672182019031774,0.5562511574174849,0.5100887438035657,0.519589234763553,0.5174342222068006,0.5046536913940051,0.5337427878293396,0.5839270243742981,0.5,0.1,1.0,0.1,1.0
0.49724972151189717,0.5123964010368438,0.5487028347117997,0.5897223450432171,0.6020030331466691,0.5842227544065098,0.5618555975241324,0.5384852967873411,0.5526476500952601,0.5442247006492998,0.49703940957102843,0.5,0.1,1.0,0.1,1.0
0.5035228685564165,0.5742426936617392,0.5578065409619061,0.5271077532844376,0.5018230776776107,0.5086569013943113,0.4517370121290371,0.4726202999713171,0.48722231350809203,0.5251805309208377,0.5204851963759405,0.5,0.1,1.0,0.1,1.0
0.364604508838634,0.40808347294812397,0.45514722410057673,0.4688437373755981,0.5010103474649676,0.513353028802179,0.5589876290095315,0.5013243258790905,0.5270611020217758,0.5172112992053362,0.5421852302330586,0.5,0.1,1.0,0.1,1.0
0.512066786752912,0.49934808854714047,0.45904722020373734,0.46548971757727364,0.47914805226625623,0.42751043463261995,0.37907833190191287,0.3909878509820187,0.3829744483222268,0.40416440924947056,0.39318268170203746,0.5,0.1,1.0,0.1,1.0
0.6103998372035032,0.6321550652944468,0.6051665478716134,0.6023332982882873,0.6110894929142526,0.5476197360929779,0.6091108249594119,0.6150279618780883,0.6473509926217017,0.6364247190356744,0.6238988139065631,0.5,0.1,1.0,0.1,1.0
0.5830736430892021,0.5722976403453143,0.5527827262144271,0.539674144296334,0.5134405472786426,0.5566016423495235,0.5490285217396088,0.5604312756716437,0.5741190115028939,0.5340113373285463,0.4677401729283873,0.5,0.1,1.0,0.1,1.0
0.5024891289738038,0.49335110198378423,0.5094952972196872,0.4656590433464799,0.508576490363152,0.5766499950053372,0.6184129865380465,0.6330527145709635,0.5592637420136677,0.5825212127750327,0.5531866728205077,0.5,0.1,1.0,0.1,1.0
0.5714354542365754,0.6001331708409136,0.5842163190915547,0.5768226498954974,0.5102279231801287,0.5363788751416887,0.46548541336803706,0.4948632374523559,0.4912317129258589,0.4925524057771922,0.5119965138714467,0.5,0.1,1.0,0.1,1.0
0.42859444336920793,0.45535294520484465,0.3957093709922559,0.37706639272078746,0.3644753573166298,0.32647453981879127,0.3357599954773978,0.38919688829598453,0.3673201753135285,0.4034211361334886,0.36831350035075283,0.5,0.1,1.0,0.1,1.0
0.5895462647608375,0.5903283107194552,0.5409744506930833,0.6023480278631097,0.5455710321224091,0.5206943406589962,0.46280232778276853,0.49890159532081924,0.5145412626911877,0.5077160659897936,0.5084635556761382,0.5,0.1,1.0,0.1,1.0
0.6701458835563127,0.6523223170336099,0.6739479300370353,0.6242178610608808,0.6711639639895144,0.6373528589486179,0.6477436124232951,0.6606857582122373,0.6834698262164467,0.6802355861344213,0.731551126339767,0.5,0.1,1.0,0.1,1.0
0.5469698022579312,0.5596731080007413,0.5691778159779657,0.6166338100829443,0.5975266369006371,0.5819894158697249,0.6054009061055868,0.6327263208437517,0.6028773219983685,0.5473833359529033,0.5963792735841976,0.5,0.1,1.0,0.1,1.0
0.6647455680231843,0.6373808747388664,0.6031945993716938,0.5662331172941961,0.5520215294270368,0.5441372289346984,0.5104012101823823,0.49979859326153303,0.5083714334102574,0.47825773382107917,0.5448156102420127,0.5,0.1,1.0,0.1,1.0
0.6214726627785048,0.5545511645893316,0.5200185929707759,0.5494493961475237,0.5203949574184314,0.5545704755360062,0.5451448216786219,0.5346884606620846,0.5248328645070153,0.5298329185855651,0.4831813519255119,0.5,0.1,1.0,0.1,1.0
0.5020102966082911,0.49107734278355897,0.5093123783914933,0.522609442695601,0.5725396808434619,0.4533725593984419,0.4009251209391205,0.38956490386482373,0.40176669830739553,0.3544914225101268,0.4513433981714125,0.5,0.1,1.0,0.1,1.0
0.5100742411660628,0.5134249687685759,0.4663964184662936,0.47097009608747825,0.4596545229502193,0.49409442208843185,0.463637727321574,0.43300576176818667,0.425319007059191,0.4659279760287852,0.44771727570689734,0.5,0.1,1.0,0.1,1.0
0.5361769615079417,0.4805976015230846,0.46976998881165427,0.4734891319267548,0.5261572806848828,0.4942345857978297,0.5034892106374437,0.5067093225428762,0.4845092843922717,0.48463511359688555,0.49679650517559637,0.5,0.1,1.0,0.1,1.0
0.5534234140682724,0.5398026471407232,0.5501766197384974,0.5194714426840367,0.5296509761730274,0.5467116201081845,0.552110510997942,0.5281196861910212,0.515628411247494,0.5044563550469175,0.500577530893156,0.5,0.1,1.0,0.1,1.0
0.5519535804372533,0.6036158579036303,0.5969692915998918,0.6560725300398201,0.6351523127454729,0.6301029541481468,0.6274080663980776,0.6404621645224243,0.6681220191547687,0.6368661498293977,0.6332471857786619,0.5,0.1,1.0,0.1,1.0
0.4443482681632839,0.4484758540654297,0.4328708971106423,0.500612287206136,0.4910243474153542,0.5116576419922076,0.5139550363023124,0.5194088551582582,0.49215075972627,0.5363414895850446,0.5164480339276027,0.5,0.1,1.0,0.1,1.0
0.44472346875246827,0.5139417773000007,0.4875481825312781,0.4889026254001151,0.42833365222542014,0.45809210690028496,0.4495732979681657,0.43796997854692876,0.4663672852869872,0.47753979435641847,0.5366105716536894,0.5,0.1,1.0,0.1,1.0
0.5202517453820289,0.5273049182230265,0.5298815070692328,0.5748777753209041,0.5923246330033678,0.575187787017099,0.5933755398261441,0.5879177132010376,0.5718271932887895,0.5362120222492454,0.5622618154227601,0.5,0.1,1.0,0.1,1.0
0.5301025915905484,0.5555047491337809,0.5691114371638687,0.5758094530472841,0.5551767199420088,0.5770400975058254,0.5610676350071142,0.5937980393773524,0.6050475893970385,0.5491492313215779,0.5429682607847837,0.5,0.1,1.0,0.1,1.0
0.5015776456778507,0.5235167258041165,0.49735385268108867,0.5171040345693518,0.4901822178391953,0.5192270739505256,0.5325183941893945,0.5684259927022492,0.4965767083437344,0.5231380531626416,0.5300718107413931,0.5,0.1,1.0,0.1,1.0
0.46079709871791136,0.4691600082161715,0.4440486972738449,0.46214158622719126,0.48612688655315356,0.5181418219142847,0.4868754161047621,0.4486134106665246,0.4317027480208127,0.44495924269673887,0.4721765459365375,0.5,0.1,1.0,0.1,1.0
0.5508271990346272,0.5534376899040075,0.5173819965183045,0.5466173334690718,0.5958094156265162,0.6092970301079359,0.6121269135928373,0.6162392981872761,0.5880804747859695,0.6036558939057115,0.6363954636073235,0.5,0.1,1.0,0.1,1.0
0.4821960139911404,0.46954772421826835,0.4709313698327504,0.5113396150382332,0.5406463307136796,0.5724926738396116,0.5408802825168499,0.567135778194283,0.5396732990542205,0.4773778075811698,0.4643678230381869,0.5,0.1,1.0,0.1,1.0
0.5506775145564653,0.4942978389152218,0.5250751016557742,0.5939552938040094,0.5464924190138709,0.551181550823114,0.56100680121792,0.5271382237218627,0.5171178451294259,0.517643838773404,0.4771915443347071,0.5,0.1,1.0,0.1,1.0
0.38367012691959573,0.3836605997689732,0.42192056375422804,0.4690154599158787,0.47152285313111775,0.4923273822889837,0.48033057816004887,0.48877509602478025,0.4388351740948501,0.45399306305342363,0.46213746609893747,0.5,0.1,1.0,0.1,1.0
0.5918587993039308,0.6113038469939891,0.611533032226483,0.634131101979409,0.6028229556855143,0.601388995406137,0.6384076870389732,0.6461073684111273,0.6044549097560403,0.5942440608038959,0.5942047331538163,0.5,0.1,1.0,0.1,1.0
0.5373500569342798,0.5170006229510148,0.5433324258093636,0.5916099255191378,0.5607991663695603,0.5640834948814515,0.5640556766763809,0.5682808770564812,0.5910182500404517,0.5572013265836234,0.5335971513409202,0.5,0.1,1.0,0.1,1.0
0.5450785599290531,0.5534276036480144,0.5674357556623016,0.5833639656381719,0.61471154915428,0.5722460334637477,0.5708746611022271,0.6088241749079987,0.6411438863530339,0.6258979181964222,0.6528756910319532,0.5,0.1,1.0,0.1,1.0
0.3871301343110218,0.41363169593298643,0.40236097038954427,0.3520454990380352,0.3508147689015016,0.35618517107829456,0.36332964151223945,0.4399546113432642,0.44156972384463616,0.4778388426988034,0.4592591846774822,0.5,0.1,1.0,0.1,1.0
0.5326615800220503,0.5586422449805486,0.5448084460423048,0.5148784347249502,0.48373261666247913,0.45278118383561033,0.5104670637742632,0.4984209089300809,0.49369717716629163,0.5109648961928375,0.49689049453705153,0.5,0.1,1.0,0.1,1.0
0.4717277641109436,0.4487430837834487,0.46619519717395286,0.45845336378239177,0.49372422630454393,0.5760116076897861,0.6132278981880138,0.6004261250160138,0.5709241535334747,0.5615800998317527,0.5543747793091802,0.5,0.1,1.0,0.1,1.0
0.4560315088759735,0.4265266811855032,0.4334252321292696,0.42088998282545376,0.41887883808219467,0.4780882189484811,0.4687329776900193,0.4841687902327145,0.4950291252322997,0.4924010124415143,0.5145841235048659,0.5,0.1,1.0,0.1,1.0
0.5230151274754056,0.5149140482224392,0.5052513837922635,0.48730634761737046,0.43701765433934436,0.42780366435180683,0.43153574297889774,0.4175930480724906,0.41885357367843495,0.4283421516745112,0.44182294256050064,0.5,0.1,1.0,0.1,1.0
0.538912190520051,0.558096026810747,0.485091310641483,0.4695718437200599,0.5009049386370141,0.47287380355327624,0.5621530808250147,0.585180583240342,0.5576050406939883,0.5126273904859476,0.5214771459192167,0.5,0.1,1.0,0.1,1.0
0.41314165803255554,0.46685505630379087,0.49934566125400065,0.5012172960633002,0.538697891381499,0.5097843946883679,0.6020539892512049,0.6162662653133132,0.5770614328224408,0.5847470252294092,0.5815032714894838,0.5,0.1,1.0,0.1,1.0
0.5636628938580484,0.5986365337809447,0.5997901040009579,0.5886054538254588,0.5738797732079843,0.571034039322017,0.5546094176354839,0.5807629936824985,0.5291052706129777,0.5046772495066907,0.48864561664162043,0.5,0.1,1.0,0.1,1.0
0.4567904820113381,0.4182028010207999,0.4585454339962378,0.5080310073463297,0.47793661163874396,0.5452009238137219,0.5375259132089792,0.5639639831841698,0.5363676470040656,0.5705251599059766,0.5483540609686031,0.5,0.1,1.0,0.1,1.0
0.38375357675867106,0.44640129168255294,0.4538464995766474,0.47056787972410413,0.5081487184367867,0.46472278548247753,0.480494250421707,0.474891120606916,0.505530744228707,0.5011191367801345,0.5003536051166003,0.5,0.1,1.0,0.1,1.0
0.6729605832886753,0.6393770252555624,0.6060638749588122,0.5820949082091937,0.5971028529192508,0.5541486299807721,0.5270961677937611,0.5092265714268461,0.53163408203727,0.5455929199136877,0.5327208282129215,0.5,0.1,1.0,0.1,1.0
0.6150527244431568,0.5566120480028464,0.5421332907995657,0.5411467189898652,0.5616158986778506,0.5826230438554366,0.584938372345037,0.5665948588970804,0.5599975686634975,0.5879842051348634,0.5787947307746047,0.5,0.1,1.0,0.1,1.0
0.45270103080787893,0.43888294713481923,0.4518573644566142,0.47953369395068246,0.3896839986035266,0.4273515845045611,0.49113417025795403,0.4673063274408759,0.4850026545614267,0.4748723751996762,0.4726180764721459,0.5,0.1,1.0,0.1,1.0
0.48266775824626273,0.5056677587307102,0.5123281446955095,0.4840876964746291,0.5051538193740104,0.5089603478981386,0.5648529943129441,0.5987078432963423,0.5678840193516245,0.519402657143644,0.5239797718343855,0.5,0.1,1.0,0.1,1.0
0.5257520430223442,0.5162465322968081,0.5725395657936716,0.5588438435310036,0.5365048735585212,0.5184350506779567,0.4923458551524018,0.45420278016917504,0.4551333385769213,0.48992440105629986,0.4991178744699886,0.5,0.1,1.0,0.1,1.0
0.4507271824008589,0.4838588332232914,0.4702197090928653,0.5066854817829616,0.5630210720905002,0.5518175429936402,0.5666722599953153,0.5798064047014173,0.5559894415807745,0.5487838844438148,0.5185917880317491,0.5,0.1,1.0,0.1,1.0
0.564139025200147,0.5249893235782418,0.5516048447467518,0.550248280935684,0.565157415294553,0.5814676621188584,0.6058313322349838,0.6257117030023457,0.612795198301911,0.5498375170028988,0.6188627821895353,0.5,0.1,1.0,0.1,1.0
0.499426047977981,0.4925450923125917,0.5536443296054299,0.5405232670405697,0.5404762238158349,0.5454767650818834,0.5490519022961202,0.5330361966793572,0.5535575976739336,0.5236927541159216,0.527113083302297,0.5,0.1,1.0,0.1,1.0
0.4634902033633469,0.4760673100105225,0.5073869352655562,0.5262355019599543,0.5265981975141333,0.5442926153005564,0.5283135061337639,0.48169996150884653,0.510271740002808,0.4713925618437931,0.4834055668099148,0.5,0.1,1.0,0.1,1.0
0.5818553185435605,0.5521578657152839,0.5997823465739388,0.5786227831241582,0.5885942822975915,0.6142040956960317,0.6247878456629373,0.593401492492555,0.5644310586272617,0.5122864423150506,0.575169995496884,0.5,0.1,1.0,0.1,1.0
0.5634487953674236,0.5621877578640507,0.5251408576647729,0.5261910339255461,0.4950121050974373,0.5097517105015773,0.5030755299624887,0.483782539810957,0.4426631592913399,0.4656171979402869,0.49149901732688356,0.5,0.1,1.0,0.1,1.0
0.41526303140862153,0.4260935231062938,0.4654416904701556,0.45379178859528874,0.4975600104643475,0.4487113697701133,0.48747728680391433,0.49696085692671665,0.505810717620262,0.5364421852844836,0.5904573092023291,0.5,0.1,1.0,0.1,1.0
0.5561140495523191,0.563429368472369,0.5357918985974013,0.5334526733377942,0.5303094050681012,0.5374914017995062,0.5118012266447878,0.4919883505203621,0.45657432195104375,0.44849955564276145,0.46013673543577893,0.5,0.1,1.0,0.1,1.0
0.5372544228953114,0.5528107801424185,0.49932982326808917,0.47839084763153755,0.48209335226269473,0.4990001473899646,0.4861575964336542,0.5450225828980804,0.5302891288114917,0.5148857144971317,0.5666839060151396,0.5,0.1,1.0,0.1,1.0
0.48008860841527184,0.5214942811937305,0.46031695008083706,0.47555359488988724,0.4845057542187309,0.484791440484161,0.4891231337096997,0.4800590117217918,0.48233092998321103,0.5080530793584425,0.4456343985365534,0.5,0.1,1.0,0.1,1.0
0.5016536387797923,0.5191273581959591,0.5507956995553128,0.5599755733117394,0.557120544501336,0.536764820662913,0.5127871381824033,0.5466664548034647,0.5783769360435081,0.5504071265793378,0.5608859260002227,0.5,0.1,1.0,0.1,1.0
0.49809430411283784,0.4956548992174467,0.4899492677224936,0.49251353657012437,0.5467354021367701,0.5548899444674441,0.5433485394348214,0.5709701836987674,0.5984245635397292,0.6142035607690298,0.6144274215126944,0.5,0.1,1.0,0.1,1.0
0.4253948394099553,0.4110277036516511,0.4166080743511873,0.42911499307002404,0.4668899049120295,0.47021474374508243,0.4304187856345346,0.4919915541916971,0.47670798176704404,0.5129927523712813,0.5133406035768693,0.5,0.1,1.0,0.1,1.0
0.48256153563877796,0.5065397633687769,0.5094134647914428,0.5519362545415584,0.5262500634592169,0.5478154371984766,0.5918550459378592,0.5729069215042121,0.6070567803416406,0.6204772446343936,0.6011045021835256,0.5,0.1,1.0,0.1,1.0
0.46401586608490364,0.42278915351575425,0.42723883544723656,0.4235508260061489,0.4094684665470769,0.44974594553535796,0.4725164877381696,0.4734930111677305,0.437915405511044,0.40977163248826326,0.3556158949030458,0.5,0.1,1.0,0.1,1.0
0.5531267175664498,0.5415661101423715,0.5464755421882869,0.5302169085958498,0.5093901302289464,0.49615177607597183,0.5203243086492941,0.5349742984893942,0.5678070612658035,0.6121295235818143,0.6260166246296246,0.5,0.1,1.0,0.1,1.0
0.6241312951350718,0.5619284431535825,0.5701047646394363,0.5415015142671127,0.5581030595059198,0.5555123786125578,0.5761358678192907,0.6088944814653028,0.6216891456101536,0.5672021502981216,0.5648134232941829,0.5,0.1,1.0,0.1,1.0
0.43975276405921265,0.5096165482600851,0.5435826720548024,0.5568212142054454,0.5537513700900568,0.5400576384377406,0.48323832134675704,0.5066438912743395,0.5632038411101483,0.5599893393507809,0.5399772445013482,0.5,0.1,1.0,0.1,1.0
0.38294365686534215,0.4234639141622447,0.4385886485603109,0.438392278318946,0.4570530699462999,0.46125977821694464,0.47349402109545174,0.5080000940495907,0.4845421033784642,0.44605753907712253,0.4108783343698291,0.5,0.1,1.0,0.1,1.0
0.523201678188353,0.507880554408115,0.46522133959444517,0.45585555902746006,0.4482080374372605,0.4442458854878185,0.4558057515608142,0.43952114389552893,0.4409711649756282,0.5065217815463828,0.5067962815444099,0.5,0.1,1.0,0.1,1.0
0.4734869249846211,0.447794389927051,0.44216475694768803,0.428213656631454,0.43269091259640224,0.39341990583537273,0.4161255793949509,0.3516232521802941,0.3888287268371391,0.42220851748160604,0.43772130662020164,0.5,0.1,1.0,0.1,1.0
0.5417025353763719,0.5009134396241758,0.5204669281102562,0.5210042582461694,0.5480144186414309,0.5754650180710731,0.5791899069941253,0.5853138045986734,0.5245848706974289,0.5144707043594011,0.5676820129188308,0.5,0.1,1.0,0.1,1.0
0.4746625530063048,0.47166884800973813,0.42570918218610593,0.42145376487482733,0.4342538463616099,0.4706431679523431,0.44155868329835907,0.44154205844163924,0.42931430327960535,0.43110028825424435,0.4376236480085293,0.5,0.1,1.0,0.1,1.0
0.48876437111424764,0.45729338366507694,0.4630197678473025,0.4101743146750685,0.44338370151366635,0.4033196342225106,0.4439126383172158,0.468642324700391,0.4354486525216444,0.4623688641027447,0.4630425186313515,0.5,0.1,1.0,0.1,1.0
0.33538326228912285,0.39134501895227997,0.41786621287795817,0.437934926502066,0.46160914360560606,0.5006872020896069,0.4665725309531582,0.45969438578336547,0.4148255541607962,0.4259750413836386,0.42062557820885715,0.5,0.1,1.0,0.1,1.0
0.45785500797701595,0.4527254905473704,0.45813450958987617,0.4061950093152745,0.48434437138802156,0.5251712390983134,0.48902866622051233,0.49518297728618016,0.4678113666704429,0.467640450373151,0.5520646830875343,0.5,0.1,1.0,0.1,1.0
0.5764327231773457,0.5470910618411132,0.4435142365475636,0.42657731478627176,0.3688241596844335,0.3576987730739117,0.4110132840313776,0.3995610131678009,0.37104394656356715,0.3918696316781478,0.39888222540871526,0.5,0.1,1.0,0.1,1.0
0.41976546766152606,0.39548565712371264,0.39628329993232986,0.39620782484253875,0.36574247902408624,0.42537540915677974,0.4141773154702782,0.4029399297079634,0.42956297046273084,0.44950588169506045,0.4160829968887868,0.5,0.1,1.0,0.1,1.0
0.5547019527782981,0.6057586980363481,0.5957134530913797,0.6700332940505096,0.6800753228366123,0.6668350333312196,0.68224985419842,0.6790211774086894,0.6708072486374466,0.6630781993982433,0.6374787832360912,0.5,0.1,1.0,0.1,1.0
0.5502734928589879,0.5696259654997404,0.5126147200899056,0.49660476591396846,0.41411051406103094,0.3933017043661777,0.4110501039681051,0.3839901649858403,0.36495532234725686,0.39072249170142853,0.396025920090309,0.5,0.1,1.0,0.1,1.0
0.5245935165504714,0.497614203497636,0.5227040962213938,0.5246729849992992,0.48828365756838377,0.47019301516621304,0.4926558343469872,0.4307040493845831,0.46593786857748054,0.505598153148126,0.459202071703834,0.5,0.1,1.0,0.1,1.0
0.5300474732315539,0.5654403684377921,0.5421155380415461,0.49463213122441296,0.49596856351311497,0.5150019297876779,0.5179810101382852,0.5629928685196006,0.5617856416509298,0.587438164174275,0.5614977192743571,0.5,0.1,1.0,0.1,1.0
0.41750317606634263,0.4051313770709628,0.3874812633397406,0.37213860679204186,0.38298918150529054,0.39711730801721906,0.4367221023428759,0.4563141704535815,0.5223789956441439,0.48974906371101923,0.499110140121362,0.5,0.1,1.0,0.1,1.0
0.5265261419072332,0.493104715824563,0.5013935704859395,0.4892263114385213,0.4435446380783966,0.4815530780469452,0.4981701932732823,0.48377363915829763,0.51198291416855,0.45897558718157383,0.49022322639695853,0.5,0.1,1.0,0.1,1.0
0.47034751880219305,0.4931220198069537,0.43798847608799885,0.3981360546461291,0.4047864859435546,0.3366980189768748,0.36332134006562933,0.4197190371551802,0.46113021916346286,0.3923207712926648,0.37893797030657295,0.5,0.1,1.0,0.1,1.0
0.43037975096025927,0.470929984199947,0.4530390560606124,0.455930718910445,0.4374403110260456,0.41893912222660623,0.3772160809348847,0.39686568710459347,0.35555585607954043,0.32810806450844,0.38923983791955374,0.5,0.1,1.0,0.1,1.0
0.538133479901317,0.48041599919139333,0.4916406748383755,0.4632583222842145,0.4732835276993992,0.4980285312893741,0.5163433801405958,0.5024691951351586,0.4835367237536248,0.45004914640522853,0.40351275752524407,0.5,0.1,1.0,0.1,1.0
0.511973015038257,0.5640634458081023,0.5678397058167882,0.578402955031288,0.540967819800432,0.5546185572945872,0.5800809105027867,0.5454245246877388,0.5374134540734027,0.5247014896906699,0.502549750018335,0.5,0.1,1.0,0.1,1.0
0.5884163379483571,0.5902164047088674,0.5999990778787789,0.5768440789095892,0.5405767117295649,0.5282338569780292,0.5377883142735091,0.47861646884561704,0.44866604771862084,0.43776688434354005,0.41005829107562713,0.5,0.1,1.0,0.1,1.0
0.6183818787883087,0.541794759833852,0.5231047554811409,0.5440409628188243,0.5688175655571184,0.5671214852511783,0.5615324816162947,0.530110644579489,0.5009693109137112,0.5225625766569209,0.47956537586511677,0.5,0.1,1.0,0.1,1.0
0.5110768840913006,0.5885284974809869,0.5423523630741941,0.5337030353275072,0.5374979981472925,0.5397106615564329,0.4982759897912884,0.5363436736718322,0.5607907674684041,0.5646465796899724,0.5549494214537326,0.5,0.1,1.0,0.1,1.0
0.5498781047321532,0.523587019643533,0.5657794902459624,0.5158002501875647,0.5345068355562799,0.5275124820789648,0.5732329678731172,0.6234247289018062,0.6132058634480477,0.6182294242491246,0.6345338326370966,0.5,0.1,1.0,0.1,1.0
0.39258457148220754,0.3604136025884625,0.3503671166756508,0.38435430726628483,0.37827354722973355,0.395794575735692,0.4113496818985701,0.4354499830780523,0.4688422289934595,0.4883804662228999,0.44935539519532053,0.5,0.1,1.0,0.1,1.0
0.38183557942859736,0.3946762862501736,0.4017440383619969,0.4089821977710628,0.3797743192141664,0.4001349618602808,0.44876024967529604,0.4927083742116043,0.4594997243153731,0.45775461759037533,0.4801476913169542,0.5,0.1,1.0,0.1,1.0
0.4365935473883254,0.38784587526592323,0.37844402164105856,0.3842245698094081,0.44079789469706004,0.4053633663560788,0.4265402321612995,0.39815123899121485,0.41708129902798224,0.4112691169491883,0.445505648208591,0.5,0.1,1.0,0.1,1.0
0.5736677230086548,0.48982334659786914,0.5045768961553465,0.5293154474433911,0.4600139516321152,0.480047778462269,0.5069038455219744,0.5531486661387841,0.5614796066768892,0.5312835422241889,0.5290002340175181,0.5,0.1,1.0,0.1,1.0
0.5184973885954467,0.5022630403669249,0.49662020010962354,0.4998189497599684,0.4799573743751615,0.47911063955627914,0.4607652010948502,0.4294210372982469,0.4699799400797156,0.49222515890711505,0.47634183068314634,0.5,0.1,1.0,0.1,1.0
0.3837142414506904,0.3793479703302955,0.4172192563089135,0.44485665374381955,0.44820155068728856,0.49679159704580866,0.5304613465020442,0.5034844294303036,0.5164687633799733,0.5183485309311598,0.46658850522661377,0.5,0.1,1.0,0.1,1.0
0.6148851860653715,0.6003423992724658,0.6135516724330115,0.5874478421553527,0.5648071714392291,0.5273430581572222,0.5038592094017684,0.5010017435647278,0.4495054859581301,0.43308213332603385,0.48849384349452774,0.5,0.1,1.0,0.1,1.0
0.35020864810336466,0.3730485032331786,0.37016032737424437,0.34607495185445214,0.31954710589664137,0.33113789558268464,0.35855199286148054,0.4241514032900584,0.44726686275282496,0.5022074614219032,0.5129698268335318,0.5,0.1,1.0,0.1,1.0
0.45999254499529596,0.4370188414854409,0.42243703617523526,0.4207389761826605,0.4794938657840147,0.4931996522244361,0.4888830129527049,0.48918440986375955,0.5092608049625601,0.5321256279416002,0.5335112095132066,0.5,0.1,1.0,0.1,1.0
0.44050943981006524,0.41597123668083336,0.40297115024452296,0.4460625864271929,0.377645176540897,0.3703087560634665,0.37813024085703056,0.38006560932643274,0.3757330760677796,0.39922790831025934,0.3762690799890825,0.5,0.1,1.0,0.1,1.0
0.5749069432556919,0.5560877881490911,0.6196660990706646,0.6119209628987412,0.638788136391419,0.625104538217677,0.599169690979807,0.5848445433754494,0.5714394721332009,0.5765497777653024,0.5654785629077907,0.5,0.1,1.0,0.1,1.0
0.509077182092117,0.5452827089139122,0.5480173857512008,0.5993303125667147,0.5532955541243205,0.5420543640712185,0.5684793967496051,0.5548333531338413,0.5835959573631688,0.547089364960803,0.5507311534867719,0.5,0.1,1.0,0.1,1.0
0.4633352381133113,0.5415670950013067,0.5010418320693796,0.5006333439828012,0.45615688401413146,0.4928954633978177,0.4760323784582188,0.42097782986917814,0.3944673830063232,0.3973907863946916,0.3985244099212226,0.5,0.1,1.0,0.1,1.0
0.5201986402509972,0.5210592479367733,0.42100935265988804,0.42977830398856554,0.43583491021006365,0.4751481737655945,0.453938541688991,0.5126337654243632,0.4656878081644204,0.46267399158639444,0.49704717984256896,0.5,0.1,1.0,0.1,1.0
0.5942102713597786,0.5462516088024976,0.5417138088011576,0.5598142938186252,0.596056903014939,0.5870305643813649,0.5771794383862884,0.5886664326927806,0.5054721290887821,0.513835335833544,0.5117807089262115,0.5,0.1,1.0,0.1,1.0
0.4764669891530316,0.4969146486608512,0.48959906135850806,0.46967705158410716,0.4607259295213044,0.40642731519391484,0.420072360574249,0.3944981244968549,0.42199847556097675,0.4091769125837033,0.388408493039262,0.5,0.1,1.0,0.1,1.0
0.5660927785900262,0.5262669601748081,0.5635196721781132,0.5295081125417428,0.43430796669122346,0.4270014217144993,0.4357970687932021,0.43853566549594447,0.4430818203203124,0.4564950651734264,0.4679396192814435,0.5,0.1,1.0,0.1,1.0
0.3959305847733099,0.4133597847682666,0.4704242316135817,0.5316066284479085,0.504234951121068,0.4690805041087409,0.5116498922280813,0.5072743607748698,0.513592245883886,0.5234530470190465,0.4808798895481862,0.5,0.1,1.0,0.1,1.0
0.4683243195211726,0.4812615830743652,0.46971102265389625,0.4053945680834616,0.4456532360279314,0.41246507838663027,0.43362189582386634,0.4929517694718023,0.5075455941223721,0.5555873610397785,0.5292919856474894,0.5,0.1,1.0,0.1,1.0
0.5354766185022085,0.5126731022913281,0.46452099754561693,0.460738651961736,0.46728018143286176,0.4876799555753589,0.5228780377770207,0.460073938613571,0.43224780973464955,0.45810738217845004,0.5049746491462768,0.5,0.1,1.0,0.1,1.0
0.4163646693453883,0.39027773771210666,0.3771133901073334,0.34553598611082553,0.4116066031867465,0.42741388791593055,0.4394518523314034,0.4806283539492842,0.48825175989335956,0.4546788830856271,0.4560194955623419,0.5,0.1,1.0,0.1,1.0
0.4399906212014084,0.4497072597647069,0.4241016710311572,0.4190393997413724,0.4549108072660512,0.4526487860420482,0.46565772981562675,0.4675717914667546,0.49938182238948725,0.4953135600805958,0.47120475786825866,0.5,0.1,1.0,0.1,1.0
0.38297688498689125,0.4003377174228547,0.45778400500496386,0.4793270609353469,0.46502482998088696,0.46770316291346486,0.4631641339732992,0.5122230778633792,0.5572370713629784,0.5678768914230001,0.5814282892616004,0.5,0.1,1.0,0.1,1.0
0.44006813808082057,0.4495866752329693,0.4440422829982671,0.42772604742624853,0.42992338489290777,0.48384152306863537,0.5155029153016459,0.5152291473880268,0.5429893159091369,0.5610036196651472,0.4913583155188983,0.5,0.1,1.0,0.1,1.0
0.5465606435687198,0.5593971866555643,0.6020843210015281,0.6325523780728207,0.6304337310589485,0.602641264680062,0.5843829861313203,0.6087319902569192,0.5502248935826799,0.5563160967738876,0.5583992475112362,0.5,0.1,1.0,0.1,1.0
0.4667714722891529,0.5193612356056093,0.513990043336254,0.43892214733480683,0.4760282049534851,0.527111732610996,0.5503064709454402,0.5601417070014747,0.5262258888542748,0.5025962451394443,0.506094197544363,0.5,0.1,1.0,0.1,1.0
0.6238367756769486,0.6523457448353851,0.6422161247177575,0.6277680444846571,0.5639915620273583,0.5426843495326128,0.5474635528364309,0.5435131365825702,0.5742770072462224,0.5766462862064136,0.5900289193721072,0.5,0.1,1.0,0.1,1.0
0.5237485347559961,0.5120594496009365,0.5356988296230701,0.5020733566067477,0.532288443314709,0.5117574725929526,0.4943376043189438,0.47747241999542633,0.46638621098359817,0.4527094792413676,0.43717066783948655,0.5,0.1,1.0,0.1,1.0
0.50098062983448,0.6024330761785275,0.5926888129297618,0.6275790611751435,0.6802905792072275,0.6509531918228381,0.6340532927668636,0.626222658560077,0.6233030793962919,0.5782700941997989,0.5460987774329007,0.5,0.1,1.0,0.1,1.0
0.49640256500118113,0.4909175739947081,0.5239371626145907,0.5408683041656338,0.5584861140350024,0.559525598123747,0.5130477169448311,0.606383026714237,0.5852339552210813,0.5730022946656026,0.5359317454282494,0.5,0.1,1.0,0.1,1.0
0.6171963227596082,0.5976238929220721,0.5747838366746703,0.5961292714687421,0.5525691414220183,0.5249823354247967,0.5036077851216542,0.5174387584889968,0.5135442993242826,0.4643407883078345,0.5078388670376438,0.5,0.1,1.0,0.1,1.0
0.40007377505765146,0.40237129753821166,0.4056456806297726,0.3767073325010379,0.3406758460915618,0.40163521121707224,0.4475169933499303,0.44687547871313144,0.4451837721356465,0.43418639580432544,0.47298266280533113,0.5,0.1,1.0,0.1,1.0
0.4984750986134576,0.4914694972080559,0.5105438391014026,0.5005141775925345,0.5375395381310318,0.5688296960656751,0.5501957436135579,0.543564651097886,0.5812869255124326,0.5091526845626773,0.4866390742774274,0.5,0.1,1.0,0.1,1.0
0.6571357594319187,0.6441950218516963,0.6335013843550581,0.6339913194291811,0.6414483326846545,0.6270368843753984,0.6428754706836435,0.642795856738977,0.6757655524254884,0.6204244983284907,0.5999166168211857,0.5,0.1,1.0,0.1,1.0
0.5725309036705457,0.5889392515169988,0.5779839852521149,0.5280591590098493,0.5637338579727109,0.5642846840459576,0.5639112106528741,0.5874130297504725,0.5755525842426403,0.5822895800583542,0.5804719437007312,0.5,0.1,1.0,0.1,1.0
0.47596074842040553,0.47586724606653436,0.5141297523436147,0.5701141098084531,0.5706386602082122,0.6021990096728949,0.6041969181166326,0.6520774016449921,0.6057241051767299,0.6168217784078674,0.5817712543355468,0.5,0.1,1.0,0.1,1.0
0.5074510650502184,0.514670142562657,0.5152048129392113,0.5217409655955396,0.4637311981741386,0.4375081445807644,0.41779773009239113,0.37364631346214905,0.36901708757791724,0.3798478035294576,0.39269503471867384,0.5,0.1,1.0,0.1,1.0
0.4859222704136356,0.48048040272490955,0.50963984130706,0.5342159932852205,0.5274350996712172,0.4943370772524303,0.4120991405672074,0.4235366632958072,0.5301825257164988,0.4968054231727359,0.4919007625634564,0.5,0.1,1.0,0.1,1.0
0.5080906228673393,0.5187015996048563,0.5331322921651074,0.507261976478415,0.5335058267592734,0.5285681726091513,0.5372215932797292,0.4542048792602104,0.4690084301919222,0.4510632401794034,0.45705520504345626,0.5,0.1,1.0,0.1,1.0
0.6040341516460751,0.5854536566593653,0.5620911261869082,0.5917019378641717,0.565375891949675,0.5308587199374578,0.5760522525578045,0.5266912070692061,0.55874336087162,0.5614211193950137,0.5210097207733924,0.5,0.1,1.0,0.1,1.0
0.5038708992546281,0.5121739587661547,0.5133955124948724,0.5143101201824108,0.5349756904693849,0.572143153963967,0.5650588048890473,0.5464787669552219,0.5530050462589395,0.5709233686621685,0.6133328300466491,0.5,0.1,1.0,0.1,1.0
0.46266571815660645,0.5031746617237343,0.5044717454030497,0.4598428730302272,0.4764847242803474,0.45135996139378487,0.4736571939131904,0.49641395891749795,0.5591737726599777,0.5529381056385884,0.5148020249726338,0.5,0.1,1.0,0.1,1.0
0.5830662374769577,0.5418004960780316,0.5662424784082242,0.5690825307615958,0.5483587372616371,0.4659161176509476,0.44449439176843153,0.4428914148060844,0.4611678247217915,0.5328715106897272,0.5333489451269882,0.5,0.1,1.0,0.1,1.0
0.45558986358805104,0.4459084299574044,0.4425325940818202,0.45508258822964764,0.54030245516871,0.5643749406441697,0.5819447769710461,0.6160835146855114,0.6071947445814123,0.5100965162714735,0.5041846364439301,0.5,0.1,1.0,0.1,1.0
0.5408975023469389,0.5561304294042692,0.557395011824275,0.606160720716688,0.6128414468454326,0.5631072836191207,0.5425016509329902,0.5327590274610358,0.5309099873730567,0.5284446889270195,0.531698490945843,0.5,0.1,1.0,0.1,1.0
0.5327536643402718,0.5256801606886942,0.5023909251289658,0.521165058507999,0.49546381620238283,0.5258289330199983,0.5471744261471824,0.5397435925517026,0.5626290561733035,0.5859051086733226,0.5703775284338635,0.5,0.1,1.0,0.1,1.0
0.5170063359119944,0.4687776304245374,0.4954398621124822,0.47714063005513674,0.5028759059947142,0.5461017705267893,0.5584248786189687,0.5179450834416579,0.4764155355738934,0.4882273486568042,0.4645625295551183,0.5,0.1,1.0,0.1,1.0
0.5877493422129123,0.5704902213995497,0.6109488322016781,0.5962840384066712,0.6094706747052592,0.659508927423677,0.7010779057664944,0.6925343683394157,0.7014850286913004,0.6262764101335121,0.5903701316903565,0.5,0.1,1.0,0.1,1.0
0.4764285660301708,0.41965415829256525,0.39403208795762656,0.3693660048302803,0.35119868447203056,0.3749743377526599,0.3975457385507317,0.4065659672400026,0.4500109672800251,0.405290003610766,0.3861585229404529,0.5,0.1,1.0,0.1,1.0
0.39952103033440717,0.41345089444002375,0.4775245228202859,0.5145023170297404,0.5618951705069329,0.5820965632987575,0.5917473679012549,0.5809221437562563,0.5192276513812785,0.5408424598826563,0.6246012131752599,0.5,0.1,1.0,0.1,1.0
0.5773091136985903,0.5745927494897471,0.5797451007445743,0.5748508781840305,0.5525162987398533,0.5756840869186844,0.5699994024825621,0.5798110161723506,0.5142835750270385,0.5158229003842963,0.5238158158668906,0.5,0.1,1.0,0.1,1.0
0.533398498921353,0.5078912853114165,0.5187833867701203,0.5538588752024828,0.5289968935203515,0.5559629344006732,0.6115358103071044,0.6011318401603416,0.5244007092372862,0.52051227577917,0.5232989884109621,0.5,0.1,1.0,0.1,1.0
0.703206563006663,0.6321735534332807,0.6430103528561399,0.6597138423859912,0.6196600959854635,0.593078836578761,0.5292678961886111,0.49634328740963657,0.4962746591371627,0.5460970450768033,0.5345522623650821,0.5,0.1,1.0,0.1,1.0
0.469083874483722,0.43908144843887065,0.4359075616778122,0.41663325533766304,0.39423860632508234,0.4131233682456071,0.3977725574832663,0.4143228681766863,0.4276764116456234,0.4242661867596928,0.42139954854242245,0.5,0.1,1.0,0.1,1.0
0.5239490997849876,0.4967861672234169,0.47693988809572385,0.5056292837615275,0.5287239086702916,0.49470315019182687,0.5294046184609909,0.4895627245353126,0.48396698145409717,0.45450269730857534,0.5037009813637701,0.5,0.1,1.0,0.1,1.0
0.4926295109388971,0.4833896000916504,0.4528256762448459,0.44537751956023724,0.47138462835424083,0.47529231900453617,0.40891768559557123,0.4046909392346099,0.42827613830950234,0.39685412133966397,0.3720976305191864,0.5,0.1,1.0,0.1,1.0
0.4261032992083306,0.387061473441778,0.41636086751819584,0.4174512053372944,0.4089180920404305,0.42691910904153946,0.43054161227329724,0.46986432258327426,0.5053549219035754,0.4988144425232793,0.5330516400783528,0.5,0.1,1.0,0.1,1.0
0.5357258091825639,0.5557695132863447,0.5664636838476391,0.6025778026198174,0.5899629885989089,0.6504055595740943,0.635355968239119,0.5638860905866334,0.5757736601398354,0.5728301426159327,0.5915000888411005,0.5,0.1,1.0,0.1,1.0
0.5640563669850909,0.5819148307640607,0.5699902858818298,0.54638435162083,0.5194448313864745,0.5511224487075557,0.5271328406728156,0.5079082845484024,0.5036205369452372,0.5656439608442927,0.5076467101853573,0.5,0.1,1.0,0.1,1.0
0.5198437198629218,0.5307365795639458,0.5798032694796162,0.5481001840324968,0.5117951087983095,0.50267634365924,0.5483592753783754,0.539320883759504,0.563011751245575,0.5602213692047201,0.5591452806500479,0.5,0.1,1.0,0.1,1.0
0.59668593299009,0.5872706119104993,0.5677120543501907,0.5359838268599537,0.4975948069263513,0.539708744457639,0.5497861503112957,0.5072237970362503,0.4722050277580324,0.4660916681809694,0.4897092415289205,0.5,0.1,1.0,0.1,1.0
0.5478533820415419,0.5915956189412676,0.5728104413123836,0.5526204444787538,0.5876460327848863,0.5362617529955918,0.5477988875678421,0.5575625624408062,0.5396889860480675,0.5481756827165674,0.47501325887421897,0.5,0.1,1.0,0.1,1.0
0.4957119561494187,0.5186690562619491,0.5018650877077323,0.4952210223367901,0.507796634363773,0.5201421888079302,0.5080597359717335,0.5283393447776102,0.496855684708889,0.48444613444134643,0.5030051148581639,0.5,0.1,1.0,0.1,1.0
0.5760186696095181,0.5648302299814865,0.5301407447726094,0.5127341088598076,0.5078970331214367,0.48654070589765697,0.44476757367488706,0.43584700997304093,0.44362064223604974,0.5068901664057047,0.5097708297013165,0.5,0.1,1.0,0.1,1.0
0.4517122146721047,0.39496318309453754,0.4082446978799444,0.38730332350081725,0.4186419326274115,0.4907304750773626,0.5107671198370187,0.4922765321583084,0.48755715212533746,0.4835599832693478,0.522673054172899,0.5,0.1,1.0,0.1,1.0
0.433183433918355,0.4465929293424057,0.43741004539212114,0.45104163766487526,0.47835243543971906,0.5312842473415206,0.5318655600972741,0.5100700967492964,0.543549995618863,0.5738984422500113,0.5750826938564694,0.5,0.1,1.0,0.1,1.0
0.5092536756615506,0.5533280708262274,0.5778165267789453,0.5647103467406112,0.5859091294502964,0.577411886433341,0.5223325692278767,0.5306819622609621,0.5398868226945637,0.5665523074596407,0.5409023982320089,0.5,0.1,1.0,0.1,1.0
0.43825566252339465,0.4563925871331984,0.49305642934376503,0.5209672114043997,0.49584616029578676,0.45406794559867947,0.47559064109437615,0.43246845799740735,0.42765910385747025,0.43471269474406504,0.3909550644650918,0.5,0.1,1.0,0.1,1.0
0.4983366576091159,0.5204900718889894,0.4725667832995628,0.4773113488618771,0.4794781334721212,0.514185121801765,0.4165187993435925,0.4127443874559691,0.4470736629106475,0.4840733492843055,0.46076482932152685,0.5,0.1,1.0,0.1,1.0
0.4764257959947488,0.4687287707728887,0.48486127902806414,0.5448096676808438,0.5149245996477999,0.49587598283553364,0.4859051405393622,0.4661008169503305,0.45139628685440025,0.4709940058261446,0.5172582368117549,0.5,0.1,1.0,0.1,1.0
0.46776766174102286,0.42710661390582194,0.43335747826062826,0.4218778899988266,0.4198466086301044,0.49266327894238104,0.4976687204502491,0.47515307382442545,0.4619995597205641,0.389111287542008,0.37564485318041235,0.5,0.1,1.0,0.1,1.0
0.5339577758788061,0.5160453036640025,0.5656580514945186,0.5481870834040234,0.5781843621810298,0.5700408135040486,0.5406192996716093,0.5768441282638684,0.5485254298064608,0.5619287925679075,0.6212485719911826,0.5,0.1,1.0,0.1,1.0
0.5209804102402187,0.4755899469762882,0.4661247369920475,0.5209562770684102,0.5268281223397838,0.5428026686184392,0.549798778284162,0.5302499504046291,0.4850651871633562,0.4954436379637046,0.5323827516145906,0.5,0.1,1.0,0.1,1.0
0.4906450413215128,0.5643423138024325,0.5607291531136983,0.5707570632889899,0.5323104035785587,0.5386724028672374,0.5548968222031082,0.5701911448042095,0.5682364693880085,0.6406347089863473,0.645243987709931,0.5,0.1,1.0,0.1,1.0
0.43948562242033895,0.49468453369690374,0.47286458019441663,0.5132736894802405,0.5368679662884626,0.49962592170784353,0.5110259023824069,0.5587051648945278,0.568184697842816,0.556294587773512,0.5340759410693421,0.5,0.1,1.0,0.1,1.0
0.4784471226775217,0.45880774349819353,0.41891846897787927,0.4767757702871706,0.4954766348262542,0.5104737741392101,0.5541835296575401,0.5786631661857339,0.567917175395368,0.6139708966246555,0.5787320005495972,0.5,0.1,1.0,0.1,1.0
0.5472385785849245,0.5454025953222377,0.5542604593425257,0.5253703650687872,0.5316365655295,0.5335281370310163,0.5673293510865093,0.5209145122829874,0.5723999853248337,0.544081349166397,0.5128177181248995,0.5,0.1,1.0,0.1,1.0
0.5707802175325073,0.637781398087771,0.6594818938284168,0.6547931588258399,0.6371801057153546,0.6222374287774173,0.6185874395829911,0.57467001793393,0.5854576042988646,0.5731582066944758,0.5634755399702362,0.5,0.1,1.0,0.1,1.0
0.44853996992895245,0.4294032260325795,0.4370890430592443,0.4371000624819162,0.5254977426830953,0.5305426167031417,0.5629946101645811,0.5569171613809829,0.5258927903861486,0.5013368401343584,0.4812785881346553,0.5,0.1,1.0,0.1,1.0
0.4740218374058706,0.5013769561486539,0.531953817217062,0.5585479027341923,0.5852109122212605,0.562018228308028,0.5477029517914452,0.5491036315053376,0.526501931409364,0.5009317921813203,0.48348279707474745,0.5,0.1,1.0,0.1,1.0
0.37449476370718876,0.382116568155691,0.4335357784986367,0.4792565985938898,0.5404235557820282,0.530604553686132,0.5441731750513701,0.5430333938836372,0.5301748704969372,0.5646786972357873,0.5710041120301025,0.5,0.1,1.0,0.1,1.0
0.5605408265146842,0.5598408452811398,0.5788172615447905,0.5887187340020771,0.5505538579925743,0.5148200211838712,0.5229523751828188,0.5352725674094359,0.5063377381291603,0.44353107732209784,0.4031090290584107,0.5,0.1,1.0,0.1,1.0
0.45655544440998913,0.41485448339922787,0.4586852172556429,0.4391634846221327,0.5125480347283884,0.49218825646149805,0.5153859772804541,0.5136718945893458,0.4891142720362968,0.47147653207451345,0.4671643061371014,0.5,0.1,1.0,0.1,1.0
0.4861733385579759,0.48194409162290996,0.4724979698975341,0.43294861979523536,0.45429113730528153,0.43495532252151375,0.4049013008079809,0.4259333900168754,0.4562250232242073,0.4800600184480115,0.4794485891334189,0.5,0.1,1.0,0.1,1.0
0.5115774818518857,0.4869137025320787,0.5106103477272378,0.46089437807335887,0.45362083164125405,0.44530001369226124,0.4521839586193202,0.4765309690137201,0.4404466342294852,0.43396618193999453,0.46132736887623077,0.5,0.1,1.0,0.1,1.0
0.48764078485791884,0.4731291781360334,0.5051172276757276,0.5177820010767077,0.5352093210260643,0.557271620093827,0.5322454417304097,0.551344884289222,0.5245257080819123,0.5448670641253837,0.5347181939487838,0.5,0.1,1.0,0.1,1.0
0.4755677797948977,0.4902006374146131,0.42286118302569425,0.3853463877279626,0.3939187805932655,0.39428288967747477,0.40144396827637635,0.41165790148409337,0.41639672933346145,0.4376095174897251,0.4936892570711678,0.5,0.1,1.0,0.1,1.0
0.6386789770755796,0.5693857585148399,0.5337592590964009,0.5781716305019753,0.6299271273129271,0.6221771220067882,0.6118696399845939,0.6133410355547948,0.6127007532420177,0.6237064609311815,0.6153264847855526,0.5,0.1,1.0,0.1,1.0
0.40185862347900725,0.377491284404466,0.3428982452790746,0.3178931444678166,0.3354198201657115,0.3577067660011458,0.42027485929977826,0.43234563892601574,0.4821809363996508,0.46776008818259285,0.5094959461430755,0.5,0.1,1.0,0.1,1.0
0.4508302322911475,0.5027247714115479,0.5153308145022122,0.4396635902954485,0.40906514930781035,0.38174352411625334,0.34085084827684364,0.3326314668490019,0.3517874733225367,0.3022808592750098,0.31672827840357337,0.5,0.1,1.0,0.1,1.0
0.4023179544702445,0.34701100911367966,0.3848072300304935,0.35015403370250964,0.31914351401654284,0.33014613379175844,0.3487584967807154,0.38058453386272934,0.392329402782342,0.4795448418909082,0.48032745547472006,0.5,0.1,1.0,0.1,1.0
0.5844120096152008,0.5913711421082803,0.5671238368453504,0.6208415396551783,0.6248347234379011,0.6382297113079366,0.5971663815572968,0.616785484213822,0.6439967429238974,0.6486386369741469,0.5711687029692065,0.5,0.1,1.0,0.1,1.0
0.498795183624288,0.5003870884825601,0.5266885551878919,0.44332970345428496,0.42416547480139805,0.4201278249191412,0.47695106533779313,0.48614238761581746,0.4647702588459903,0.4825565618637443,0.4623003202118348,0.5,0.1,1.0,0.1,1.0
0.5317325810775266,0.5481987337197964,0.5316181193159515,0.5507247955238908,0.5138579411910994,0.5836437520424633,0.5760518767415107,0.5326029337517946,0.4625077358664888,0.48928163339425906,0.4686104063219461,0.5,0.1,1.0,0.1,1.0
0.5454796248421884,0.5858952179469793,0.6158810031422115,0.5724232862912038,0.5746112409338362,0.514897527185416,0.48845986196287694,0.5062173821441066,0.4595487565607296,0.45406795217165263,0.4294038391291587,0.5,0.1,1.0,0.1,1.0
0.5480736211909868,0.5148436329298345,0.49418821637744365,0.4787584401012419,0.52317700694743,0.5121699988858444,0.49862527453382677,0.49861441265840767,0.5332584996877748,0.5579158822542033,0.5713789213634541,0.5,0.1,1.0,0.1,1.0
0.34940347761504015,0.33639345031902723,0.3422599791802278,0.3277783477705315,0.3509441421108449,0.41225903180585993,0.3949543971968348,0.4312558703470034,0.47443844561907617,0.4788312550416695,0.45550726356075544,0.5,0.1,1.0,0.1,1.0
0.4883982921865773,0.45484137221194165,0.42200637459273604,0.4401215064962616,0.4644188740790094,0.4608371790837066,0.49385740249034005,0.4754162910337938,0.4697759705558442,0.43992971000200987,0.4298845911606479,0.5,0.1,1.0,0.1,1.0
0.47780098443688185,0.49300390153259666,0.4825483423947898,0.4453295729969648,0.4745105521053499,0.4979140954206652,0.4801188815616646,0.5469146795462583,0.5275567782255911,0.5069331599321099,0.534179913029447,0.5,0.1,1.0,0.1,1.0
0.5423068457037219,0.544129033320009,0.522204666163124,0.5241066761119677,0.514190869199363,0.5393850812592569,0.6090499304215377,0.5969510270076749,0.5841777601006519,0.5861666452492293,0.5615195438080448,0.5,0.1,1.0,0.1,1.0
0.41093258168242197,0.3897064894787421,0.45483259569752443,0.39936243126134385,0.39451370516749124,0.41034552438704436,0.48007158092593166,0.5031248043464964,0.5023650352022865,0.46268931529769153,0.42647448088668954,0.5,0.1,1.0,0.1,1.0
0.4696045090971528,0.4524867945344906,0.4643735192533396,0.43110397229206127,0.41132199890671534,0.3983899913087801,0.4281267025182272,0.5103633052888541,0.5071814985286391,0.4565432973462263,0.4505775257061552,0.5,0.1,1.0,0.1,1.0
0.3779785946928064,0.34790540476939213,0.34142379851796206,0.346479577477882,0.3418879744508336,0.4096575884799841,0.3885389281908365,0.4313313307496275,0.4588760622840139,0.4166065002551852,0.5009437356616181,0.5,0.1,1.0,0.1,1.0
0.5518170564743726,0.5271082443526418,0.5774290288535887,0.5381933050988564,0.5337483451511222,0.4825484489452995,0.438579357616688,0.4321928054794922,0.4352458777594616,0.47785685710567155,0.46999251447947715,0.5,0.1,1.0,0.1,1.0
0.414063278258474,0.396265570892643,0.39105098980247155,0.4162783533972365,0.42837455806171437,0.4146301747053331,0.42870212935506863,0.4794724954453442,0.5049215165350247,0.5663504778782917,0.5734822795437221,0.5,0.1,1.0,0.1,1.0
0.6174914713477356,0.5523958595215811,0.5736877401169275,0.5856895287596741,0.5673394409402015,0.574805774253804,0.566726623139981,0.5762543247857501,0.6338964300781773,0.6537702850063333,0.6421942875904563,0.5,0.1,1.0,0.1,1.0
0.4056079410340246,0.4174658308406284,0.4282069244763466,0.4618959283683842,0.46257232108557356,0.46950897895544236,0.4716288071695558,0.4357361774506349,0.4465524214870499,0.47119768529111244,0.4579445835540421,0.5,0.1,1.0,0.1,1.0
0.4831201479058477,0.4785633602004324,0.4757994456728855,0.47053031151588404,0.4918426215400213,0.49594509684867094,0.44238310562820465,0.48033068295547454,0.5113837292772008,0.5393829715976926,0.5414296813609611,0.5,0.1,1.0,0.1,1.0
0.5038751547068505,0.4751529133775252,0.5016904555932673,0.5332013959236399,0.5347436611716023,0.5504915245731709,0.5754807441919633,0.5574959624410054,0.5271545907401801,0.4938128664366779,0.5314157528589979,0.5,0.1,1.0,0.1,1.0
0.47635493438280035,0.4537496944051508,0.5028574274580044,0.5127754145607701,0.5117286134751119,0.5240791267795452,0.49447278704292974,0.5011557900102428,0.5352152211420039,0.5508288759347553,0.5207742458267416,0.5,0.1,1.0,0.1,1.0
0.47283468313499855,0.42473105410468204,0.47871503697037754,0.4858631029504784,0.5246805077096082,0.526716416516377,0.5475422730168736,0.5177019606726553,0.5872795033526308,0.5953920773088952,0.5936642738901702,0.5,0.1,1.0,0.1,1.0
0.4471947051199216,0.4523676211011112,0.421811016648093,0.42244093122124593,0.42052890024699724,0.35939586222036424,0.4046747099021653,0.5079746875158815,0.4956518884228621,0.48325682769462713,0.41636146900476434,0.5,0.1,1.0,0.1,1.0
0.4640092179774868,0.4779162860614236,0.45920000361460284,0.495831579672577,0.4958432945473451,0.49613409095100497,0.4949936621797957,0.49218328026960967,0.5203020027024512,0.5041549944452698,0.5416833740669466,0.5,0.1,1.0,0.1,1.0
0.4726225708144851,0.43179040634009314,0.4353022187673656,0.4321380178930285,0.4268828383113849,0.4683568780207478,0.46388074506010335,0.4681798376342824,0.47044685052373797,0.4852484531845256,0.5192505718300504,0.5,0.1,1.0,0.1,1.0
0.5145225247559119,0.5542843820919393,0.5547331743240763,0.5431145851825713,0.47759021428187726,0.5110885274256436,0.5412651002541773,0.5099982304165784,0.5135517992536984,0.4952227522841651,0.4764117605827549,0.5,0.1,1.0,0.1,1.0
0.5443124258978922,0.520017472306221,0.4509604967133008,0.4491013066765841,0.46810681644027474,0.4349888892889521,0.4597207535286028,0.44805839325660357,0.4602314283889807,0.42538704464413124,0.4207083684312673,0.5,0.1,1.0,0.1,1.0
0.34771937100039507,0.3753383369399135,0.4005727843256538,0.3808954429244523,0.3906592981222467,0.4395788962421483,0.37853646549574116,0.41749703423652357,0.49320190598205327,0.5452982634545417,0.5123753089346966,0.5,0.1,1.0,0.1,1.0
0.539686674594004,0.5406677063680065,0.5837861091533505,0.5574007597075058,0.590706800802109,0.5873002624678184,0.6373703305527736,0.6846422140536598,0.6512325347714134,0.610149717764346,0.6072924917588588,0.5,0.1,1.0,0.1,1.0
0.559391170411282,0.5475678229109125,0.5388161072158618,0.5749066184499884,0.5697965327849778,0.550469517343229,0.5319380086603852,0.5336799906360854,0.48276265297875476,0.4742018991955722,0.5037811718903753,0.5,0.1,1.0,0.1,1.0
0.5557982681277923,0.5575650598176061,0.5981970140010474,0.5789998270715573,0.5047039740500547,0.5173053166110428,0.49242220082897326,0.5027980516652037,0.48122031844694935,0.5367894041858209,0.5244864162673579,0.5,0.1,1.0,0.1,1.0
0.5941881464189788,0.5682087481007844,0.5582595603900781,0.5304230782242106,0.48375681516579433,0.4339208915771894,0.4639983080666101,0.446677158233594,0.4540409953263042,0.47529712057595436,0.45907027295676384,0.5,0.1,1.0,0.1,1.0
0.5754095291565912,0.5756346111747198,0.5981235887452837,0.6137996633543878,0.5978664877717256,0.6809295231388597,0.6875852591681378,0.65748799552844,0.7071899401291295,0.6800888973355873,0.650792472246608,0.5,0.1,1.0,0.1,1.0
0.4655978298437562,0.4288735775068968,0.4079432663205057,0.3984994529568674,0.4822733862729777,0.4617199692900375,0.46948388173987116,0.47652377162148757,0.49921224795897534,0.48470545471175447,0.4975763825275866,0.5,0.1,1.0,0.1,1.0
0.45373188052640445,0.4877489168143949,0.43654128241550627,0.4249594032207109,0.4160731544464502,0.3977367249838259,0.4691511473611802,0.4925820760824031,0.5200927950451539,0.5610098912856646,0.5707837959117482,0.5,0.1,1.0,0.1,1.0
0.4943933100945844,0.5011462303275844,0.48727723176647125,0.5001527948719423,0.5101039432824149,0.5224381366095605,0.5031738004274615,0.5512251911196225,0.5340465505783669,0.5387840747819448,0.5489643598797598,0.5,0.1,1.0,0.1,1.0
0.3963602433446926,0.45127985389802217,0.43546772438401626,0.44385775806948347,0.4646811730162265,0.5148013356118605,0.4892623197816113,0.46873006228685726,0.5078713901993143,0.5048998816110642,0.51807692656516,0.5,0.1,1.0,0.1,1.0
0.500794973606014,0.44758344061476896,0.4670093988171633,0.514671368905908,0.513895237025782,0.5169369959634122,0.5404617171310916,0.5797120649517917,0.5516087365398041,0.5273448577497022,0.5420370580883238,0.5,0.1,1.0,0.1,1.0
0.6350533980830273,0.6201401763634491,0.6055883570710175,0.538004632599067,0.5120863913162736,0.500626161066865,0.4812848224645281,0.45584541374939397,0.42059450271354726,0.44150601982350984,0.47182336010424897,0.5,0.1,1.0,0.1,1.0
0.502828448224713,0.5000120466735023,0.44425432014784416,0.46233734931602544,0.4942235302477216,0.4558391223802587,0.38187182238769657,0.42183731758026305,0.44263653951651455,0.4419057298924884,0.4431834273999536,0.5,0.1,1.0,0.1,1.0
0.4855285232571971,0.4963859778273699,0.4906926639044933,0.4812021981040936,0.5160034790396204,0.4849388045143597,0.44510710854641916,0.4115033184416582,0.37209123153720747,0.38976325121663447,0.3670315890554616,0.5,0.1,1.0,0.1,1.0
0.4385388611984437,0.4376095732776492,0.4941617645995136,0.48058869716708696,0.4655904883558261,0.46989158029633943,0.4483363973848569,0.47881637752740414,0.4867936351989957,0.5175810444681526,0.567106390426146,0.5,0.1,1.0,0.1,1.0
0.4691437727756513,0.43522813891348894,0.4277554091034089,0.4269379392992254,0.45478587171721513,0.5002489442310378,0.47789491426255876,0.4737108124320341,0.46595095238632916,0.47681256254717425,0.48959427113230775,0.5,0.1,1.0,0.1,1.0
0.4371397287704952,0.425810548817765,0.4397436470898164,0.49165682877416966,0.5147363173575656,0.4918043968750282,0.5456567306284268,0.5653145049034044,0.5312751451980797,0.5224200848155786,0.5621245470859927,0.5,0.1,1.0,0.1,1.0
0.526789031946983,0.5252828369451493,0.5435341658176216,0.5491231060339458,0.5286876923919573,0.49306855487310425,0.47356791540381016,0.44294931421551115,0.4571996974147659,0.4135861933731356,0.43609520768344306,0.5,0.1,1.0,0.1,1.0
0.44180863322405384,0.4220502417285772,0.4411637630438545,0.4490775827592672,0.4555795904786774,0.4352863265185663,0.40317014238440474,0.357163107217831,0.42287072385913105,0.3775308874687565,0.4129680576038764,0.5,0.1,1.0,0.1,1.0
0.5628071733649738,0.5403876701717139,0.4615054957479867,0.403784933993159,0.3561898802975876,0.37979531369190034,0.43349309473658815,0.4251148838062953,0.4395633012752718,0.4529893510959099,0.44369018700161095,0.5,0.1,1.0,0.1,1.0
0.460390024813243,0.45479351182972383,0.4737726045185899,0.48626797775433916,0.4598580928532836,0.48019163285022676,0.46617431742316773,0.5006605250311671,0.4848126475373864,0.5123639509143046,0.5563286012543477,0.5,0.1,1.0,0.1,1.0
0.4826898146197861,0.46776090577980106,0.48673647691711325,0.43045229887306063,0.4330713779424858,0.40839808908314046,0.4345904231764802,0.4756924250796721,0.4358026211487187,0.4890125701702712,0.5003210978902067,0.5,0.1,1.0,0.1,1.0
0.4935931378432623,0.5312208029809329,0.5580817392850266,0.5597008728642303,0.6117098994070932,0.6279181147889724,0.5465439886125029,0.5471564535556905,0.5012996226381363,0.5392238355626869,0.5330137815324285,0.5,0.1,1.0,0.1,1.0
0.4436302773955162,0.47506533253412,0.45152056091162995,0.4459653854091833,0.4415663172006742,0.4043596806609767,0.3620947599936868,0.344660795078999,0.3478125527855716,0.3724613069913322,0.37131504688542494,0.5,0.1,1.0,0.1,1.0
0.5242943769879228,0.4865065866731033,0.4605358950121173,0.48146778273810814,0.47561866760521276,0.41450524185749393,0.3744187647623828,0.36585364874395393,0.4326595626231815,0.4361792341992522,0.4437716069185415,0.5,0.1,1.0,0.1,1.0
0.5972085115121637,0.5959770610105911,0.6698497528635048,0.6761009800059515,0.588362225855693,0.5608333966185716,0.53920535862877,0.5161695057197366,0.5320459093627447,0.4726977295368015,0.4706178736541373,0.5,0.1,1.0,0.1,1.0
0.5472859107304908,0.5416817234626581,0.5875520353076187,0.5771395054007042,0.5529672636545956,0.5830805337598753,0.5703935816558066,0.5027434603815082,0.46636561818668526,0.45590701917645743,0.4485821164504785,0.5,0.1,1.0,0.1,1.0
0.5259460966693672,0.5095813944972527,0.5277845609238333,0.5234117885507928,0.5528057314051942,0.5567323403719935,0.6215403485074406,0.6535653893563804,0.6217997616674655,0.582239771890668,0.6474422487298663,0.5,0.1,1.0,0.1,1.0
0.5317684709372362,0.5167359419109718,0.5386878103820777,0.5291574867535326,0.5276952045887213,0.534616725251766,0.4950025247577803,0.5029488267701904,0.49195312520079676,0.4722064876001516,0.4851442988878514,0.5,0.1,1.0,0.1,1.0
0.5019985712564954,0.5280121932563219,0.5479605453038775,0.561212590974928,0.5541559441410822,0.5710470721595011,0.5488949063083173,0.5649726870579634,0.5641155987540999,0.556863801773253,0.5384571438307306,0.5,0.1,1.0,0.1,1.0
0.48848585484779644,0.5416221352241498,0.5464733362331363,0.5629369948380959,0.5822159967222973,0.5250321903433272,0.5101617336824997,0.5448115841482359,0.5584269880375677,0.5929351521532459,0.6118029328367398,0.5,0.1,1.0,0.1,1.0
0.4816076784142213,0.5009115497310014,0.4913091745126272,0.48473175828461423,0.4682933932989754,0.46784951079505327,0.477918119771298,0.4550029892198151,0.4879194882769337,0.4540881845587755,0.4413820852507821,0.5,0.1,1.0,0.1,1.0
0.44168161672870293,0.45299035109874325,0.4559275104262446,0.5027420796919013,0.5103132573062837,0.5316454152411502,0.5080064879579251,0.5288866165902991,0.5133791899067564,0.4842522051331898,0.47738841490133754,0.5,0.1,1.0,0.1,1.0
0.5184178937377862,0.553645552659569,0.530935930509494,0.5038982182729576,0.45438990779019706,0.44465598120371724,0.4414230090542888,0.419843228683086,0.421976911318442,0.49469851459112746,0.5190056998951614,0.5,0.1,1.0,0.1,1.0
0.4315464941881762,0.44797247817864333,0.43058535597404723,0.4668088201357733,0.47150664841769807,0.45114822590440234,0.4287713568529399,0.41279283165046476,0.33819148136364086,0.3286522675318054,0.330401676024213,0.5,0.1,1.0,0.1,1.0
0.4347464090417954,0.4482755608602082,0.4458812474143129,0.5086082915908722,0.5415568911308529,0.5466927485439661,0.49971096892458655,0.487868998792711,0.5602000524456329,0.5568922992140399,0.5408823899939283,0.5,0.1,1.0,0.1,1.0
0.5881975784097837,0.5773609994390411,0.5704327489631791,0.5773034371955618,0.5396303813640473,0.5310221614333319,0.5812774995359835,0.6259946202415343,0.6347685810929996,0.6108272658454797,0.5582454622713147,0.5,0.1,1.0,0.1,1.0
0.45734272283291816,0.41723992380392816,0.3996275443041044,0.41214535054276796,0.3593991217204519,0.3798820650983194,0.4257299483759738,0.4057031947201236,0.4334701594793024,0.48939107620857353,0.5165777357491356,0.5,0.1,1.0,0.1,1.0
0.4660333379939682,0.43145332566332534,0.459868746642384,0.4496386549764649,0.4463515766341132,0.40934361940319125,0.4264320572420806,0.402306303118983,0.3901758681747298,0.45153545982599874,0.49274151939842303,0.5,0.1,1.0,0.1,1.0
0.5139185125916215,0.4726957112395615,0.4461637817874774,0.45859409135591966,0.4975046211879801,0.5794061132100775,0.5696381980499523,0.5936513176862175,0.5615994655714265,0.4966647831536454,0.4666915821589138,0.5,0.1,1.0,0.1,1.0
0.542367015319619,0.5669967022141572,0.5878577400503389,0.5472899926534839,0.5205323319388089,0.49506021494483354,0.4920605671083988,0.5091616142563088,0.5053723260047023,0.4847935291998253,0.47514924317113794,0.5,0.1,1.0,0.1,1.0
0.48082682466162874,0.5359290539501627,0.5368831051476511,0.5256924959924324,0.48017018197611466,0.4816121405256421,0.45944857188062027,0.45810004243589203,0.5047843144433128,0.4776052524816833,0.44705860001161124,0.5,0.1,1.0,0.1,1.0
0.6392721009766964,0.6448315389742978,0.6314270077603926,0.603617643070054,0.6019300570132546,0.6592306011165655,0.6658769156129943,0.7130097325710248,0.6890044990904718,0.7051914894574736,0.7402817271444717,0.5,0.1,1.0,0.1,1.0
0.36170038469222693,0.3669763370006877,0.37912097645189385,0.34545029816927436,0.35126410515804635,0.38343616775549194,0.36819961338619583,0.3585166684642599,0.41241785751136223,0.421101228752571,0.43617431890060165,0.5,0.1,1.0,0.1,1.0
0.6196240720228028,0.5990377186014885,0.657944018779481,0.6631765003724825,0.6450890088436634,0.6555265168771768,0.6380900383095705,0.5820723961420008,0.5818690542483834,0.6380690020208941,0.6323337508979976,0.5,0.1,1.0,0.1,1.0
0.43238127640794277,0.42269177325698315,0.3788361263978155,0.3723040545423331,0.37581960758775707,0.3823637553655755,0.3624231479833981,0.3951372590701462,0.382576333008479,0.38536720565057353,0.41020381522471744,0.5,0.1,1.0,0.1,1.0
0.5340954062256392,0.5271040088082839,0.5826312616167157,0.6064378953071727,0.6263094904002515,0.6231914994930056,0.5420615736322586,0.5705143461419958,0.5533209420124391,0.5960138106472026,0.5635879906289742,0.5,0.1,1.0,0.1,1.0
0.5856927027786861,0.5577277686535747,0.5578160813067049,0.5415241806127269,0.5385050614592046,0.5049609261207966,0.537421563233251,0.5152477698220624,0.48020100358683354,0.46203692647078626,0.4143350408504642,0.5,0.1,1.0,0.1,1.0
0.5406190857854606,0.5496342066974501,0.5426662838039475,0.5266145189687268,0.5265431475373992,0.5584948423964886,0.5103702045198723,0.5204601036792813,0.4953911936801103,0.4907501066132149,0.4834670563728591,0.5,0.1,1.0,0.1,1.0
0.5411126255214084,0.5257389568895919,0.5223541941914989,0.507209592304495,0.5104223451575509,0.49729339414627477,0.5031358135346059,0.4936530742605706,0.5712195652838461,0.5029583131315898,0.5000559573578328,0.5,0.1,1.0,0.1,1.0
0.5537410234675437,0.5682161281725159,0.522940155668822,0.5033761997864872,0.5354591170827543,0.5705552009723301,0.5161932111170743,0.4951244018051826,0.48449562422334613,0.4771482940159211,0.485271430233927,0.5,0.1,1.0,0.1,1.0
0.5203005302049376,0.414295694916454,0.43849628823694514,0.40226577287437065,0.37932573821745436,0.3837398405477306,0.32373672384822605,0.3293514941923494,0.3467299335427602,0.326161061392617,0.3309503459707974,0.5,0.1,1.0,0.1,1.0
0.47123207252802923,0.4453188919919894,0.46628710097307,0.4340425564881598,0.46142438713013584,0.4676736282958531,0.4453395247085017,0.4673411815394238,0.40143372285807377,0.47289546078860584,0.5225120808909126,0.5,0.1,1.0,0.1,1.0
0.6192171512164434,0.6068173200741049,0.597089448224945,0.5969101219212091,0.5528760241114734,0.586397810262163,0.5726687272874279,0.5871596606374357,0.5835681190213271,0.5413956474045051,0.5339192510301719,0.5,0.1,1.0,0.1,1.0
0.5703769659387663,0.6177881134307603,0.5860696977262421,0.6584924678674495,0.6486100323912726,0.6367453378280256,0.6811419470232697,0.7338989078862318,0.7346065520054849,0.7275764613793537,0.6797208676801565,0.5,0.1,1.0,0.1,1.0
0.5451184054162577,0.5418999538166307,0.5234778902125662,0.5143646273317551,0.4936134985737475,0.4955604817460101,0.47630771829224366,0.49222808730126094,0.5461297536123658,0.5707281823711605,0.5522933299181386,0.5,0.1,1.0,0.1,1.0
0.5294834734165201,0.5449700404353967,0.562324358146915,0.5638140771536375,0.594186584005891,0.5458871050986588,0.5293592464204074,0.48686954991111747,0.5470983728558151,0.6002117339035761,0.5932891255316403,0.5,0.1,1.0,0.1,1.0
0.42381036152568746,0.4182390300661571,0.3966415617238926,0.407495381104326,0.44098616616761305,0.5060088909060236,0.5293958562614032,0.5066992370834007,0.4957827561626163,0.472584062889846,0.5382857945639289,0.5,0.1,1.0,0.1,1.0
0.5543394701787412,0.5750672514131333,0.5474549321497363,0.5479553145275576,0.5904449982359379,0.5470892200539845,0.5492167057645438,0.5300848306972921,0.4904928136671174,0.4871201385832349,0.5425613125232002,0.5,0.1,1.0,0.1,1.0
0.4304310519520591,0.41692671514329027,0.4552320506272623,0.45955630104395184,0.42379650483185477,0.4649916817708919,0.44980896756113814,0.4661492583980196,0.4281617661048495,0.4234655870235363,0.44607778226053946,0.5,0.1,1.0,0.1,1.0
0.41888199852028224,0.4334244413352465,0.5189790195382337,0.4816219814724097,0.5000029276217625,0.48033906925401065,0.4631989273656551,0.4144495418743258,0.48896673089011733,0.4880972279577693,0.5202922502594787,0.5,0.1,1.0,0.1,1.0
0.4976381567271255,0.45803178110074755,0.4357107970237309,0.43667658690638467,0.40656263965377304,0.40417871464895455,0.43091133066585857,0.4240423165332127,0.4879652345407761,0.49274002287803503,0.536201110574312,0.5,0.1,1.0,0.1,1.0
0.5720460939910477,0.6040224590785968,0.5794096749233117,0.5490330482223871,0.5656760772947358,0.5572149358732738,0.528857430945857,0.5397189873673216,0.5507511231010401,0.5258613824525324,0.5042294302253681,0.5,0.1,1.0,0.1,1.0
0.6145455720110298,0.6117709948457944,0.5848338505079976,0.5482841962674126,0.5407100620262806,0.49811580609411066,0.494188970379028,0.4698301062636272,0.4664105548053221,0.48306321469661573,0.4766709801743998,0.5,0.1,1.0,0.1,1.0
0.44042687110507056,0.44228874174686195,0.45359012476452026,0.414482549970808,0.4034887103622563,0.41997931670696387,0.42739954157481874,0.3680088261536216,0.3479320682166853,0.3628310430738958,0.36328246317352597,0.5,0.1,1.0,0.1,1.0
0.5067379924084758,0.4845528956377189,0.5290300930237175,0.5381329404654155,0.5391806546186438,0.5715819949934624,0.5462175426424037,0.5176507947399578,0.5679195348615369,0.5730472271924617,0.567812413912428,0.5,0.1,1.0,0.1,1.0
0.48268846625804174,0.451262905686779,0.4370001696260334,0.4014676484984063,0.41862172007641363,0.3858274931641496,0.393427136840523,0.3904616788901435,0.43870767011368195,0.47017223968002175,0.4327942090987924,0.5,0.1,1.0,0.1,1.0
0.4808273364604522,0.48893990673132254,0.5341415100324485,0.564442373909967,0.5929038115067472,0.5909775552566168,0.6726726389315909,0.6189953165898036,0.5605229905840069,0.5932480475779022,0.5746142681089846,0.5,0.1,1.0,0.1,1.0
0.28462039187108146,0.30091197880098747,0.2749910258865305,0.24579538887204885,0.2448786970977132,0.24637173523598185,0.2854092533182892,0.2615662043432568,0.2742331828562796,0.31407183344433853,0.2800809832533575,0.5,0.1,1.0,0.1,1.0
0.5604015855915145,0.6122677047798941,0.6409123819725403,0.6459828974332741,0.6032226484831553,0.5785904351349802,0.5747989539211746,0.5827463919352278,0.5522556711105331,0.5375695802776079,0.6244383613989248,0.5,0.1,1.0,0.1,1.0
0.49181170538067587,0.49388139532586783,0.45599286713409914,0.42068905741210605,0.4442927754770143,0.43597549297541754,0.4649336774781116,0.46380617883269765,0.47066467653845,0.47549256878831647,0.5032212791625099,0.5,0.1,1.0,0.1,1.0
0.5380225632694693,0.5465666047999205,0.5167019893424616,0.49950759107852283,0.44336825111065536,0.4776449679241165,0.5103880303766102,0.4900381306890588,0.458505004768414,0.48957091314328605,0.5016594637392567,0.5,0.1,1.0,0.1,1.0
0.5854825857321091,0.5607419146050916,0.5684874369178328,0.5714106752359234,0.6075569404318234,0.5674282205191741,0.5956792255488288,0.5551290388443306,0.473950964674721,0.46734853979724605,0.44157940311064775,0.5,0.1,1.0,0.1,1.0
0.3783872071705656,0.3936807793699316,0.4092997339524091,0.4261611260807445,0.42092454614112845,0.4253455566081825,0.423747659963031,0.4192956642053548,0.4709073793570731,0.5104644883121202,0.46103182080249216,0.5,0.1,1.0,0.1,1.0
0.45940628158638214,0.5221136683064016,0.5121815415262881,0.4780689656858142,0.47671765686525236,0.43342855030333355,0.43717282774230576,0.3944681432387113,0.4085691032911047,0.41161650197188276,0.3615637463527097,0.5,0.1,1.0,0.1,1.0
0.4717570334154258,0.43424949020592807,0.44360863535130535,0.452180439598591,0.49732586364370224,0.4420792450796371,0.4416802856656426,0.4222404491445052,0.41898479662749544,0.4564847888484999,0.5050045450440599,0.5,0.1,1.0,0.1,1.0
0.5365253556277404,0.5604488671867608,0.6050233099922524,0.5991731396901039,0.6319229391347051,0.6327571065843676,0.5980179745539447,0.5661063187801736,0.5668295530544865,0.48967174087193904,0.4962368419236336,0.5,0.1,1.0,0.1,1.0
0.44048260085793906,0.42968919390566257,0.47457016583244277,0.45986111271831914,0.4637959580406686,0.4881682383700192,0.531214085953156,0.5039118261868749,0.4820209520134244,0.5152455723334994,0.5457350753846194,0.5,0.1,1.0,0.1,1.0
0.5273069414306077,0.5466781281256378,0.5521931511966918,0.5255065633160968,0.5315251702447988,0.5809936493244604,0.5761783987407417,0.5623064521968851,0.6404062960354437,0.6150141643397034,0.6631089548335071,0.5,0.1,1.0,0.1,1.0
0.5193024903418317,0.5085695581868791,0.49499840830612035,0.4908527132810496,0.5251210539644067,0.5188960100844546,0.508860350043643,0.42605766384511046,0.3789270095308903,0.3708284877477679,0.34892093780985844,0.5,0.1,1.0,0.1,1.0
0.5532622262911191,0.5423957911310572,0.5091209875872624,0.44777013962526235,0.47878537181039466,0.5139430368269893,0.48592051316736373,0.4572681527637118,0.4208539011447575,0.3966172959649296,0.42052579295736436,0.5,0.1,1.0,0.1,1.0
0.4934053945203293,0.5597918608046542,0.5526317917869034,0.5615309132410635,0.5622216661631281,0.5867958479374713,0.6134759957656398,0.5973137690540803,0.5656854498069293,0.5510340734833974,0.5096255866794898,0.5,0.1,1.0,0.1,1.0
0.4689074706896931,0.4353983654424785,0.3982647610954137,0.4338187532758071,0.511127716976228,0.5417145785133646,0.5604192018694415,0.5695129524120205,0.5436277877135902,0.49314928641142397,0.4967039095034317,0.5,0.1,1.0,0.1,1.0
0.4999650269357923,0.44703574163946475,0.49581352893876385,0.4017716660611504,0.4204166539082281,0.42332125185418745,0.4668408597020195,0.4806473088124175,0.4746958946029803,0.4480181886511321,0.367887394185334,0.5,0.1,1.0,0.1,1.0
0.3231319429761786,0.39382503857069795,0.42719498024766606,0.4307196956261684,0.43162985301276924,0.5264599609481876,0.560817165518121,0.5514903766985342,0.6044599697554259,0.630072596861339,0.6380766652382839,0.5,0.1,1.0,0.1,1.0
0.48889622576335917,0.5263748076356022,0.5405817379198049,0.5304414552827257,0.5718181836837803,0.5606344278266668,0.5660529761455516,0.5677652467625001,0.6223889561598527,0.6620676948470212,0.6156336148443234,0.5,0.1,1.0,0.1,1.0
0.4935603539453197,0.48809445823960096,0.5218769283323583,0.5192692665342287,0.47942967312888385,0.526160431544372,0.5847053980758892,0.5411603769167955,0.5476582835870762,0.5126962716514917,0.5226823339693074,0.5,0.1,1.0,0.1,1.0
0.5521429873451041,0.52064711385858,0.4859475192144387,0.49039030000437334,0.48559595533181144,0.5388254000242145,0.5408701843899015,0.5361172654076023,0.535614870092562,0.528745613708984,0.5022691360960481,0.5,0.1,1.0,0.1,1.0
0.5329561030743238,0.5906779170009353,0.5549387531218297,0.551163011853834,0.5868618900154544,0.5998839367714567,0.5791870861408686,0.5900232764930143,0.5731111259905388,0.6127771241785955,0.6391001595212019,0.5,0.1,1.0,0.1,1.0
0.6242939526734553,0.6131307315173485,0.6030351055515885,0.607575515085101,0.6313305827673417,0.5373697781220181,0.5461821186355688,0.5282528924053511,0.5631014277658026,0.5264494238479502,0.48664395736276295,0.5,0.1,1.0,0.1,1.0
0.40904095674078467,0.41193578036900563,0.41573357760715507,0.3906558008793355,0.3741076283171767,0.3935733765950246,0.37799538033707314,0.35849059239027325,0.31470733959986275,0.28899727307068857,0.318226573724579,0.5,0.1,1.0,0.1,1.0
0.4956870729629968,0.4188161175113122,0.44733929585389226,0.42272699592020885,0.450334427221429,0.40549475802142104,0.4131123202171616,0.4026686807922954,0.44200072421679537,0.4720056113995244,0.4805107850782625,0.5,0.1,1.0,0.1,1.0
0.407804675489029,0.4331173953179516,0.4208880494785662,0.4395427104757436,0.48723423238435204,0.4415177326712817,0.46122135722358465,0.4286730842753732,0.3813307614508332,0.4217728909023919,0.4265070164445253,0.5,0.1,1.0,0.1,1.0
0.6860038006782614,0.646967833176124,0.6272573960755865,0.5888934990378368,0.544870401029274,0.5676941382213199,0.5492192991194937,0.5090303046961294,0.5294218983774447,0.506187071466631,0.4578252516411514,0.5,0.1,1.0,0.1,1.0
0.5677271609351388,0.5532279426269505,0.5615733431950055,0.5905358140697473,0.5833962224646001,0.5343895256710561,0.519217657362432,0.5119212869171368,0.49864836536906443,0.48973431453373806,0.493319079505466,0.5,0.1,1.0,0.1,1.0
0.5976144758804105,0.5667983065760818,0.5494381786301372,0.5215335408308295,0.49471985678619834,0.4825141768725216,0.46961517296451594,0.4632538311583822,0.4483347852967162,0.41745227780085703,0.4504540171595745,0.5,0.1,1.0,0.1,1.0
0.5356127780059142,0.5176470709229973,0.4817641431347513,0.45830689225555993,0.502428370265775,0.4762824181926209,0.491010668092387,0.4938083185725075,0.46770619864171437,0.44431069259898903,0.4464212091640838,0.5,0.1,1.0,0.1,1.0
0.5139689340842558,0.5305990052616488,0.49484691033050354,0.4552150359075151,0.4650021849828261,0.4587339098496632,0.4332794420015249,0.42918562147690725,0.36346811782333255,0.340661797323537,0.37033149554072325,0.5,0.1,1.0,0.1,1.0
0.4971959072360061,0.5188801732245301,0.5191610723940159,0.5041836936038929,0.5363199656420925,0.5677307405923414,0.5222803008206385,0.536866009409064,0.5343697515848044,0.5440022572332069,0.5969266624383143,0.5,0.1,1.0,0.1,1.0
0.6356949165527178,0.6128079772127045,0.6342046869998683,0.6513056542030261,0.608577509376101,0.6119839949641326,0.608853816085932,0.6368331307662459,0.6185471094660288,0.5515182945133901,0.5048159112818557,0.5,0.1,1.0,0.1,1.0
0.4840585173692297,0.49475934084002776,0.48918121153805816,0.4344084046213103,0.467844464002742,0.4749794587956514,0.43188567423853463,0.455290223028709,0.48393953392971983,0.5940387535518168,0.5779695477620743,0.5,0.1,1.0,0.1,1.0
0.4849176988576772,0.5399978948327482,0.5234612777486797,0.5145189977966153,0.5209749683290587,0.5004976311121724,0.48843908853018453,0.4980419077887295,0.47259079588608677,0.45838295039743143,0.4329205244664633,0.5,0.1,1.0,0.1,1.0
0.5009981129953559,0.4802460157777111,0.47055759907531053,0.4014511738854259,0.3872584366330743,0.37428809796707996,0.3846086571405687,0.3757169701014565,0.3443863142315259,0.39906553991266464,0.42981464308109035,0.5,0.1,1.0,0.1,1.0
0.5427066971229143,0.5464929473767118,0.6098892358931838,0.6085153071726863,0.5922785949262036,0.5736134033028012,0.503177961072124,0.5030468555924152,0.489672279858578,0.5111191776392034,0.4233062302824134,0.5,0.1,1.0,0.1,1.0
0.5815666477272565,0.5833777868749667,0.5747990738202924,0.5624005541046917,0.5528196113254541,0.590994879252053,0.634638273835712,0.6452695372519665,0.6727568804359549,0.6919954494680117,0.693964889296553,0.5,0.1,1.0,0.1,1.0
0.636703695208222,0.59870337314055,0.5843301488503758,0.5823758070034232,0.5504040657235441,0.58072176092823,0.557820409808009,0.5226028216424031,0.519136249373352,0.5224508057331569,0.5617406614160626,0.5,0.1,1.0,0.1,1.0
0.4498924455369286,0.49824831087112054,0.4926843649713796,0.4413850066384214,0.44704845003919674,0.4112385965093721,0.3860728602147304,0.4015578583551461,0.3396007084361985,0.3073227761294166,0.30337439564513996,0.5,0.1,1.0,0.1,1.0
0.448667666744687,0.46122638023061713,0.452921306508259,0.4610024212616275,0.46083230993109076,0.5216025910481066,0.49076975656257976,0.45931451649047067,0.45064787338224277,0.5039563961617773,0.5304709433021465,0.5,0.1,1.0,0.1,1.0
0.46484783764576415,0.46302087383654095,0.4730595633690128,0.4770524604269519,0.45654181264848753,0.4973738649203,0.5277317698113626,0.5910329779341306,0.6319314798764887,0.5588106836627741,0.5844270191007829,0.5,0.1,1.0,0.1,1.0
0.4835104775926011,0.48542522925835946,0.47059975502721185,0.45162209972616574,0.4613300014017991,0.489381408796055,0.5132730476075816,0.4666810428435599,0.5321659396333925,0.5246782875324344,0.5722996710986342,0.5,0.1,1.0,0.1,1.0
0.554240431559058,0.5914885721831479,0.5961326095726832,0.5430172135316174,0.4928376929372314,0.5686881851037049,0.565997007105386,0.5345898857219326,0.5277079215718085,0.5232276162507136,0.5028437460217279,0.5,0.1,1.0,0.1,1.0
0.44700475844641047,0.47238599805001036,0.4773047115086094,0.48012578361063346,0.45221106909055364,0.4893073871047369,0.47274221242942344,0.5058164524060693,0.5179839523629509,0.49818918497753123,0.48160453751669563,0.5,0.1,1.0,0.1,1.0
0.4571088640972831,0.464267928934356,0.48163217355738075,0.5725308320066451,0.5704834567182566,0.4996060104505188,0.5338077320671623,0.5132566667233719,0.5185715949182705,0.4878112576700595,0.4502030812729252,0.5,0.1,1.0,0.1,1.0
0.5042268103848638,0.4988802533042731,0.5078793524623842,0.46763835865042386,0.5032815358967792,0.4668186427359913,0.47562005416464315,0.49843880940476254,0.511862572621596,0.4724853305504053,0.45073068859732784,0.5,0.1,1.0,0.1,1.0
0.4205098580753205,0.39112692271644295,0.396719118308919,0.4018885196417021,0.38432804628918654,0.37500856654063064,0.4515768803955389,0.47331604657798415,0.4430512148865346,0.45891952636165195,0.440493375259882,0.5,0.1,1.0,0.1,1.0
0.46807630827394175,0.4296142689911169,0.4454468486005951,0.4101081073349899,0.44349693274182783,0.5009378763622726,0.494057498801095,0.47559675382405386,0.4925192137221846,0.49032297140547104,0.5166250686678581,0.5,0.1,1.0,0.1,1.0
0.3903838951408729,0.41953306573976135,0.3870771605497498,0.39378383464630373,0.39872911354287255,0.3814359651422029,0.4125513930962004,0.41867738660824644,0.4162562848743939,0.4387636544555466,0.438138583897527,0.5,0.1,1.0,0.1,1.0
0.48512097409415045,0.4886163716652995,0.5055603409723031,0.5016601370700147,0.4991388963341897,0.4664950568654205,0.473169224865235,0.5087300587238494,0.440006614040141,0.47089054449108847,0.4734423910039811,0.5,0.1,1.0,0.1,1.0
0.434746350717521,0.48038867054935935,0.4563712756177669,0.42654293212471506,0.4104085031182422,0.40541209164649594,0.42656718232386515,0.39963857924976914,0.41825674539323887,0.4363637699854645,0.4809348582533106,0.5,0.1,1.0,0.1,1.0
0.5329109660533236,0.5526428584526956,0.5580262046015654,0.5505051782350903,0.6020931302553935,0.6406660634075303,0.6081056489675336,0.5650446668830611,0.5538362103691555,0.5634887545334833,0.531401298098259,0.5,0.1,1.0,0.1,1.0
0.6148166587259679,0.5878106599903035,0.5986994104692638,0.5892025084139149,0.5997790754208161,0.5898112424525193,0.5550261039520373,0.5097024470006549,0.4572910208957111,0.40538741039597825,0.4351411972301382,0.5,0.1,1.0,0.1,1.0
0.5552705348510897,0.5200836737765787,0.5274417528678984,0.5210310123154874,0.4929924497937156,0.49716742793897656,0.48224339375204184,0.48020688452996413,0.5246801505186709,0.4751623089129658,0.515013305665331,0.5,0.1,1.0,0.1,1.0
0.5614547789785188,0.5891110271306523,0.5979859459966625,0.622996106948754,0.6114215918031747,0.6796915877684444,0.6609194736832802,0.6721441899208228,0.6999322151007347,0.7439641189829801,0.7410483086540394,0.5,0.1,1.0,0.1,1.0
0.5964684006298993,0.5736152392485974,0.5857873873460208,0.5251196944588749,0.5230706773065813,0.47914299669600197,0.45781113895863584,0.4878979715680233,0.5052970201455667,0.5122468142547545,0.532417326372615,0.5,0.1,1.0,0.1,1.0
0.4389002288028215,0.41751515107265585,0.4222516535206273,0.38397528820640575,0.36109544757909434,0.36747731554548163,0.3375785790911223,0.3646196578919861,0.37453443005323356,0.36582439447381515,0.41072955173099435,0.5,0.1,1.0,0.1,1.0
0.4139744098522425,0.4635495389724321,0.47450207949648554,0.4940508829828767,0.44646847978949344,0.3985375783941382,0.3911993810451736,0.40115260313190787,0.4114606325607055,0.4055393439440565,0.3838425481827435,0.5,0.1,1.0,0.1,1.0
0.580676968514328,0.5485415035744218,0.5218231082622395,0.5270994683519145,0.5513183496797635,0.5650185580146863,0.5630051023527763,0.6048070745611612,0.6039135906676288,0.5767664555509033,0.5888695066106635,0.5,0.1,1.0,0.1,1.0
0.5643850612071245,0.5528460712025902,0.5933282557579503,0.550611031789183,0.5602114123139734,0.5285516995122238,0.49952714859990816,0.45778629865475434,0.43197015682200857,0.4274140099847257,0.4375302878202431,0.5,0.1,1.0,0.1,1.0
0.4915817532430014,0.42598534559154716,0.44615949395288085,0.4265988046860097,0.4207103248051085,0.4661485434273089,0.4625322994954692,0.44837376355410513,0.38535630393019155,0.41653237357200185,0.5357707206928838,0.5,0.1,1.0,0.1,1.0
0.3685606920881978,0.4330906804703045,0.460029896824145,0.4914318277800861,0.49032984731724555,0.48467377766895764,0.5268834995362477,0.47513186313049394,0.4731182215463623,0.46407082255045856,0.49170572577105065,0.5,0.1,1.0,0.1,1.0
0.5500472586680529,0.5575519527622962,0.5840877828946323,0.6096234049062822,0.6075371948680052,0.6185571640523606,0.613802661927841,0.626459894973834,0.571913396209949,0.5433522449859857,0.5577502414805627,0.5,0.1,1.0,0.1,1.0
0.3946602894269081,0.3014257362083035,0.27244641121762814,0.2472766284650029,0.2276865761738791,0.22426461813625947,0.21624628125106538,0.26339960514408817,0.34081027547891374,0.341757717130197,0.36334834294917434,0.5,0.1,1.0,0.1,1.0
0.48706100718801554,0.4754869733719341,0.5297227636016695,0.5612398598253754,0.5705558238785875,0.6171364820365414,0.6535986006447881,0.6734898676614477,0.6657821187130788,0.6567280819864106,0.6076705542034047,0.5,0.1,1.0,0.1,1.0
0.5387507545991685,0.5483092447613107,0.5198174918241578,0.5235371180044738,0.5048342981924218,0.5456006525409731,0.562318711155537,0.5833016005757924,0.5492307334560305,0.5107194411080215,0.4815833307159469,0.5,0.1,1.0,0.1,1.0
0.5376064444569738,0.5875706917761463,0.5757280863335422,0.5703500234968937,0.5204064577114558,0.5405920402297928,0.5352243446048831,0.5207114123616738,0.47468022018600764,0.4556771613953911,0.4890317817228056,0.5,0.1,1.0,0.1,1.0
0.4888880889420717,0.46196421023529066,0.41255046816386093,0.3883353506456979,0.41019020882088475,0.43699542535315117,0.4165473976167576,0.45590650401516436,0.5062648711580544,0.49552459095706247,0.4311384913067081,0.5,0.1,1.0,0.1,1.0
0.5385275838726905,0.5291808224487712,0.5142629199850514,0.5456134003315499,0.5430588328958174,0.5044355019526967,0.4600153163212472,0.4635406962535317,0.39980555650336236,0.40111388852082297,0.38266520540438315,0.5,0.1,1.0,0.1,1.0
0.5161874211667046,0.4963822255810278,0.5257177473151753,0.4811473520738278,0.48246394328265785,0.468244966985271,0.49898025061612616,0.4930571771555951,0.4855814180651074,0.4778388308938308,0.5041034376120375,0.5,0.1,1.0,0.1,1.0
0.38026965470383844,0.4513593757564479,0.47648939473056495,0.5316360289070474,0.49111374117704903,0.5130763169419412,0.5622302133930679,0.5459172754992522,0.5760289223745227,0.5316348694663158,0.5658436214569535,0.5,0.1,1.0,0.1,1.0
0.5715884733625863,0.5717117039925194,0.5551637052665802,0.6149048603459889,0.6218923038593621,0.6087175822964024,0.5850230975665264,0.5781580104203494,0.5365052662804748,0.4882264642785538,0.5233541935275228,0.5,0.1,1.0,0.1,1.0
0.44500119369572294,0.4695551314405784,0.48292464344480424,0.4964799283511571,0.5071787653606714,0.4917017485189567,0.43473478760013134,0.4488620541003916,0.4692860780696831,0.4505653632916605,0.5009286043881108,0.5,0.1,1.0,0.1,1.0
0.5560568751584634,0.5958201235682961,0.5869975766540817,0.5917321034167597,0.5704816550154174,0.5503405159121186,0.5903537948379722,0.6346256023052452,0.6396868093886547,0.5789459853900196,0.5226565010988543,0.5,0.1,1.0,0.1,1.0
0.4170408646303261,0.47456862070595596,0.45710923715484275,0.5135420680484731,0.5783895480178656,0.5551405599748742,0.5246372721866932,0.5321121085452278,0.5115211299908158,0.48202397402165165,0.5082435678069057,0.5,0.1,1.0,0.1,1.0
0.4811699706470497,0.52642277785353,0.5083101431721855,0.5342167031386937,0.5647223721988734,0.5835825820917729,0.5656411347632525,0.5244178428981746,0.5441676595452352,0.6182905514889452,0.6429711577138543,0.5,0.1,1.0,0.1,1.0
0.4871321418394258,0.5145696151642685,0.47307051337348993,0.5224429607629529,0.5230833516908494,0.4938830069826618,0.47084974619111974,0.4620114237619471,0.4733459179886825,0.4459120864287738,0.46265423437383285,0.5,0.1,1.0,0.1,1.0
0.5337683364842994,0.5268519484839921,0.5303323487008044,0.5226355634889183,0.5631244376260627,0.506761456085575,0.5514889077918566,0.5127354528334088,0.49250109302706513,0.49996368337696245,0.5545206620082236,0.5,0.1,1.0,0.1,1.0
0.40774045631474065,0.41136189170971627,0.3859519608930071,0.39862354548164386,0.47356309789803497,0.4852470736787468,0.36728571364822443,0.3647031374031306,0.4020655853080606,0.41487906791928475,0.386245869879178,0.5,0.1,1.0,0.1,1.0
0.494923917392532,0.4859446472622112,0.40556411428939293,0.4204167426059118,0.48726177733836906,0.5541293184771541,0.4872160632761094,0.5135390429396521,0.5157470328163755,0.5144287557117332,0.5297505085539662,0.5,0.1,1.0,0.1,1.0
0.4035390506924225,0.3737260650734343,0.3910261934460879,0.4348413538509175,0.4602904853858354,0.462957683845796,0.4248060376005328,0.37988084798436483,0.36560057638452664,0.35990620382635635,0.41731830033719564,0.5,0.1,1.0,0.1,1.0
0.44074450696058254,0.4460032042153982,0.4659095024352277,0.48972987736837437,0.4636629581153103,0.4810845345217532,0.46253415060405645,0.4387790891870358,0.5218122327971346,0.5539781598822416,0.54168201063798,0.5,0.1,1.0,0.1,1.0
0.46759715892887244,0.4835243373113627,0.5006618433755649,0.42416351430189597,0.39212031523520446,0.4088609956602032,0.44716274399898687,0.44053833863019753,0.4489440270349079,0.46734311406068696,0.48841257873131577,0.5,0.1,1.0,0.1,1.0
0.4843887796002867,0.5804329300122393,0.5612882119625852,0.6120865528720826,0.6122029984195069,0.6320322265580953,0.6389009044395431,0.5700817600995568,0.5698040145521028,0.5521886745260771,0.5221952779739504,0.5,0.1,1.0,0.1,1.0
0.4444392564030579,0.44679384816518236,0.43818637673940897,0.45366291612117804,0.4375660108344774,0.40793316809131974,0.3583635856100719,0.4139481248728861,0.41578507924147795,0.43393049121658417,0.39674929962818256,0.5,0.1,1.0,0.1,1.0
0.5647860307774341,0.52550705011134,0.5652272930585751,0.5674582994013365,0.5390857664364569,0.5178560561664983,0.5062765642412277,0.5137050502434788,0.5213318971103872,0.5374281569298931,0.4930313235085871,0.5,0.1,1.0,0.1,1.0
0.5561263594827038,0.5220360897647556,0.5482918401345561,0.5463463092309547,0.5563475328697446,0.5339343477090247,0.5280149640881685,0.520432119233103,0.5484388440412171,0.5492214029343294,0.5861948801625525,0.5,0.1,1.0,0.1,1.0
0.4032791706747992,0.362909023319721,0.40208313197009565,0.46849952121183214,0.47149762171933135,0.4613004662562488,0.4429454797465154,0.4129934085584941,0.4494110669293283,0.4362041798885454,0.4615122892100686,0.5,0.1,1.0,0.1,1.0
0.43951306265868234,0.5043097122574387,0.45339681637193735,0.4570159876592525,0.43999261268403905,0.43296076806484074,0.4413036689740532,0.4506463646241084,0.4611387197140356,0.46943842700829647,0.4176294964834273,0.5,0.1,1.0,0.1,1.0
0.5335471218838759,0.5104972963637016,0.4997642898796448,0.5113825085634128,0.5268243694651799,0.5354712849186731,0.5762666440273922,0.5519957311196323,0.5965164073527636,0.6247001294359897,0.6199481763574873,0.5,0.1,1.0,0.1,1.0
0.4497107381896805,0.5112443847659905,0.48704378245037194,0.486691705857836,0.5273625209680883,0.5514249501568027,0.5187406722966246,0.5472051053396091,0.5178987577876044,0.5034913295641908,0.49782483384970017,0.5,0.1,1.0,0.1,1.0
0.41957877299007873,0.4388191260622826,0.4556225516422698,0.424603682895727,0.34162017441787407,0.3647255287738133,0.3199638314791362,0.36526510308263704,0.38180707253379975,0.3802820447413878,0.38778174002851346,0.5,0.1,1.0,0.1,1.0
0.44709393859025676,0.4872203246130879,0.5052618324291207,0.5564204191411181,0.599669408455482,0.6445895441743166,0.556491767364302,0.5242910372772445,0.5154432680528889,0.45487787550533665,0.4491977358865272,0.5,0.1,1.0,0.1,1.0
0.552131489664998,0.5533264576667336,0.5674780349032463,0.6026381550518922,0.6165468041016621,0.6119282058636178,0.5796755434070535,0.6306523653950968,0.6604904222435921,0.6404457852949133,0.6385028621739535,0.5,0.1,1.0,0.1,1.0
0.44977210466321305,0.4153295013556325,0.4396953955821047,0.4688373892971055,0.4896598686937323,0.4350655288800603,0.42205477415237236,0.4022858416412554,0.41427382941977675,0.3869891629260851,0.38255762132948695,0.5,0.1,1.0,0.1,1.0
0.484106388185947,0.4894578886472772,0.5252172398627541,0.47643350660291456,0.46886891306374046,0.49677606140669167,0.5117986210849175,0.4994751543796026,0.48508254320217564,0.5174256513873717,0.5478538462143406,0.5,0.1,1.0,0.1,1.0
0.4875401635222988,0.5115226215306657,0.48068153403925795,0.41675779308224875,0.4985716457139345,0.5906820422536031,0.640897290540084,0.5349238978067139,0.5766166807414564,0.5825423172668691,0.6050502562241523,0.5,0.1,1.0,0.1,1.0
0.5042567954273562,0.48406181689600064,0.505591519555835,0.513627513314774,0.5775597707097695,0.5603840695738773,0.5662612249952559,0.5504827638568599,0.5758272912623917,0.5569727734754033,0.5557639191750897,0.5,0.1,1.0,0.1,1.0
0.5234511087653783,0.5374451067100421,0.5808870802393625,0.5780552048516157,0.5965869305933506,0.5940640623299197,0.6193028229605225,0.5938583156206502,0.6001786454060902,0.5847051541958294,0.5915739529622657,0.5,0.1,1.0,0.1,1.0
0.536487211373973,0.5007233738895044,0.5001767490738556,0.5242179392966668,0.5469467839919394,0.5425510787604801,0.5755956013676093,0.5409027619088931,0.5891005347715529,0.6293773208317479,0.5739208940356562,0.5,0.1,1.0,0.1,1.0
0.475090276749401,0.4998797732553366,0.49415418350434465,0.5400148820567428,0.5375005096721555,0.5003655901735573,0.44071846564120243,0.4259947006250335,0.4112998967217644,0.43421191827657435,0.4961783676821948,0.5,0.1,1.0,0.1,1.0
0.6062495496371697,0.5837985150746896,0.543328111708901,0.5480868286338726,0.5178286107526707,0.49795219496146487,0.5102499676324248,0.5583042191559023,0.5384710548740274,0.5328864426341376,0.5969666968889416,0.5,0.1,1.0,0.1,1.0
0.5387012629909351,0.5092658828339707,0.4295637809519175,0.4448762150511571,0.45283071541613806,0.4672150075854361,0.5214315138234173,0.5767077380071066,0.5951755472420207,0.5857431585331958,0.5760799548209999,0.5,0.1,1.0,0.1,1.0
0.541972528031851,0.5535229575899667,0.511228421617911,0.5319491372905679,0.4985566543659242,0.5580076621557728,0.5004112292396259,0.4897982718914296,0.5359288113581816,0.5508080812080125,0.5327650120025109,0.5,0.1,1.0,0.1,1.0
0.38280467123229006,0.4073811500745777,0.4073577143598042,0.46247125044588644,0.4638804658835213,0.49987999719471377,0.4764485577457802,0.4951533959005307,0.5186197546194292,0.5336595093715554,0.5718876879160181,0.5,0.1,1.0,0.1,1.0
0.4505020777701041,0.4228709263433439,0.4109377550592272,0.37175980637780737,0.4011923191830423,0.3984784266280229,0.4300243236779898,0.4407970405666727,0.43856115761696224,0.4767224987132059,0.4970291664398447,0.5,0.1,1.0,0.1,1.0
0.6631289532349023,0.6421282354244586,0.6342743704599907,0.5750337048214482,0.49184423244314285,0.4919592028931218,0.49616475940500726,0.4940027940963609,0.4766144314192711,0.4555143296682884,0.4483455645241566,0.5,0.1,1.0,0.1,1.0
0.5112741409850002,0.5335565814321063,0.5363250353017951,0.5301343436980641,0.49959783791009243,0.5211934936724271,0.5271757907510627,0.4922940451955179,0.4948839836221613,0.4908885878946277,0.4283320374289842,0.5,0.1,1.0,0.1,1.0
0.5359831805806753,0.5049673637254036,0.5224837913062528,0.49857732661395787,0.48877970163765877,0.548769324367777,0.5069496585198858,0.5043385909350305,0.545689974851128,0.5845510337426981,0.5790658337090432,0.5,0.1,1.0,0.1,1.0
0.45072516925464956,0.4699894069719667,0.4673793007537745,0.4844122523422857,0.5173423803184162,0.4806097014033669,0.4521902179150714,0.4943490496314549,0.5274056369482798,0.4648733009969359,0.46519914847236116,0.5,0.1,1.0,0.1,1.0
0.43744006114943224,0.4215768946115876,0.38701011863782925,0.36888774061928165,0.32766759310053034,0.29814619724802094,0.33631147003177847,0.3842073948973494,0.40883904420588096,0.3936626385391142,0.403709152798102,0.5,0.1,1.0,0.1,1.0
0.5202298865868507,0.5097229410845546,0.4938043465448359,0.47312495525169035,0.5224317723114047,0.5180109133851322,0.5212522600374855,0.5573449563918998,0.5602754385380202,0.5626795150537388,0.5281451907418155,0.5,0.1,1.0,0.1,1.0
0.4669967237917956,0.46815091686164473,0.42102275667169825,0.42243263009725424,0.40883172542201285,0.4146272386768259,0.4426247561288592,0.37159888543728564,0.38665304053569277,0.3672318174859699,0.3704056529777776,0.5,0.1,1.0,0.1,1.0
0.3904553592876716,0.32654807125974744,0.3544954880385768,0.3542504281342536,0.3781896228342965,0.37390482485199117,0.4667659212120972,0.42332192742049446,0.4533894696236409,0.47650532698844766,0.515683067291268,0.5,0.1,1.0,0.1,1.0
0.5071661838422326,0.523634488110664,0.5954490139323091,0.5513928206453843,0.5244118663142867,0.5141179869146928,0.5069422264117108,0.5412431815447977,0.53218104051717,0.5864718411999851,0.6055049154487596,0.5,0.1,1.0,0.1,1.0
0.5383705674058343,0.6003430991062492,0.6415173429394975,0.5886904388907042,0.5513980352564515,0.5644280531735983,0.5466238994207896,0.5867721657340975,0.5827757019428724,0.5546611195001409,0.5759189351961752,0.5,0.1,1.0,0.1,1.0
0.4764877925994378,0.47974921288406996,0.5318619765387929,0.5012194814937349,0.5016434054463981,0.5201567124861781,0.4992112279805965,0.5046718484457197,0.4609576825860778,0.42761383014591975,0.46885276919472674,0.5,0.1,1.0,0.1,1.0
0.5928914381718992,0.5395713929663457,0.5982749874777322,0.6015191308437492,0.5890682586147893,0.6148927110408186,0.5925946261315319,0.602145162505827,0.5920121025612372,0.6337154234466849,0.6059597074907696,0.5,0.1,1.0,0.1,1.0
0.5017915640678118,0.42578093093084995,0.4735567486101894,0.4080868744514569,0.4019298151315688,0.44638538643040876,0.49675231456543634,0.5082089106545951,0.48993750252779944,0.4683949723811011,0.47255212018764264,0.5,0.1,1.0,0.1,1.0
0.5044621914276936,0.5133520112002911,0.4652424999303831,0.4943319196135544,0.5200186600808305,0.5058746857945984,0.515924158285579,0.48856236640081574,0.4972841711444557,0.5121521392475613,0.5480278070876096,0.5,0.1,1.0,0.1,1.0
0.4828309162462224,0.46481312996598345,0.4550331530795707,0.4953297515860626,0.4735860061065633,0.5585331570952144,0.5304266120091338,0.5241836375902649,0.5057989018187956,0.4862438228717463,0.5004387865456421,0.5,0.1,1.0,0.1,1.0
0.483566668886604,0.47108307970625124,0.4778999440270748,0.4777810572326969,0.4513541826863639,0.46574349003971227,0.47255086519742595,0.47804846883529056,0.4487886287506139,0.44846276736123036,0.4402757317489694,0.5,0.1,1.0,0.1,1.0
0.5396661079391821,0.5582396742194834,0.5569394084376198,0.612564597008847,0.6706614905232718,0.6796486727910364,0.5950588108964716,0.6240076525197041,0.5899937158476551,0.5519338979504897,0.5709196939743549,0.5,0.1,1.0,0.1,1.0
0.5439205013497367,0.5257342543199669,0.4790955881104536,0.4759919582183839,0.4374627703589128,0.4952437218065685,0.5224488137209046,0.5053220580065838,0.5089834000933864,0.5346841627693335,0.5110972044232673,0.5,0.1,1.0,0.1,1.0
0.5373373081998114,0.501892268500665,0.51718537117545,0.48128239167578246,0.4719328776012596,0.44907668447557514,0.4520340151084826,0.3856495078498097,0.43733154883206915,0.4394838585921566,0.4083471745392928,0.5,0.1,1.0,0.1,1.0
0.4711250582118801,0.4818077440998907,0.505461825781925,0.5497274059795034,0.5973728077037556,0.5738635620059512,0.5812531722193773,0.5836585535828495,0.5306421026822119,0.5203114296946483,0.5019943433124174,0.5,0.1,1.0,0.1,1.0
0.5336176112841061,0.5186372512274829,0.5194161998232462,0.4933524798183022,0.5085193162585456,0.5330716889996155,0.5201071832206384,0.4982698282897064,0.5346846248654082,0.5434283713060328,0.5440840405821756,0.5,0.1,1.0,0.1,1.0
0.468416085724638,0.5083838377926647,0.5170528100272006,0.5229035227305572,0.5209804953770341,0.5215993293248862,0.5873924418411657,0.5400752156923148,0.5100470427843662,0.4729631657782854,0.4692602819173137,0.5,0.1,1.0,0.1,1.0
0.4288247778812467,0.46276336095782783,0.43065827420486924,0.48570126725716617,0.5396181945567259,0.5161636657871752,0.5498871683223717,0.5792639160388887,0.5830716148194276,0.5216498301557042,0.5187241238930286,0.5,0.1,1.0,0.1,1.0
0.45160076065076055,0.49428896735519456,0.5033779974752705,0.5325922287187237,0.48614172029528846,0.4682631613794871,0.39021067278497584,0.3927502435335758,0.38308405970276077,0.39935377878850375,0.3776277810033042,0.5,0.1,1.0,0.1,1.0
0.39703639918454503,0.39879285061681946,0.42580608827348243,0.41797565864770303,0.4845865306752621,0.4872536217077482,0.4710034032636633,0.4926855134168137,0.5032857914782205,0.48489813704490037,0.5273134686571109,0.5,0.1,1.0,0.1,1.0
0.5055703092171857,0.4919933409226192,0.5362035221394842,0.5101551706428208,0.5047417103003738,0.4661270604663299,0.4360633743316557,0.4819115511316807,0.46418834739893633,0.4206850640801991,0.40110621743272873,0.5,0.1,1.0,0.1,1.0
0.5372802248895162,0.4970434138471358,0.4797357576811845,0.5091836731891488,0.49451833572222703,0.4826647708104213,0.5280798532365651,0.48617310075802306,0.47832606624440943,0.5064465290616459,0.495613948794429,0.5,0.1,1.0,0.1,1.0
0.48703511466317145,0.42801718889002766,0.4551229049629206,0.4052044153180112,0.4007017893291934,0.43345616433531725,0.44154913517990063,0.45486745396629064,0.48806877396618653,0.49979436925379883,0.5183775473327211,0.5,0.1,1.0,0.1,1.0
0.5291277255751722,0.5172139776086098,0.5123622470987979,0.5486822027920334,0.5200515852998829,0.5107897630624156,0.4757126383075795,0.46913223616663646,0.44383950222330326,0.4400040596356775,0.4437496369995103,0.5,0.1,1.0,0.1,1.0
0.4833845505419548,0.5000443170713322,0.5369674570101463,0.5519588030346874,0.5743203104580015,0.5724728627395245,0.5906475238762802,0.5097536018674526,0.5139166496574589,0.5219536738825291,0.5461519177246408,0.5,0.1,1.0,0.1,1.0
0.4490476869692642,0.47785236344316834,0.3938136330299017,0.396636591570044,0.41421720034483644,0.4856136263336712,0.4739956291003898,0.45937401550966367,0.4665102504600509,0.4621273071459226,0.5582887141461823,0.5,0.1,1.0,0.1,1.0
0.48756357580176535,0.4500319658127078,0.49740567958973075,0.5051303227231876,0.46105028471319826,0.4717995150266481,0.44797304750311256,0.4947073327849173,0.4200070829677628,0.4558610352855818,0.4880589976934343,0.5,0.1,1.0,0.1,1.0
0.32544257687637335,0.31738239625915127,0.3321904809278362,0.2631245033786115,0.2719092561703322,0.3159857134090161,0.3547299398687114,0.33639651754492667,0.3588684669747472,0.3671229729885376,0.35627333936206224,0.5,0.1,1.0,0.1,1.0
0.5418668681446224,0.4895164280641555,0.5197349844138998,0.5746709464130169,0.5896407435941577,0.5740217591625771,0.5446465064809999,0.5668564071735704,0.580260549698288,0.5422158703179765,0.4845982654465871,0.5,0.1,1.0,0.1,1.0
0.4801841368871994,0.46207770280192123,0.37298466630672367,0.40773298006924447,0.35558942626018114,0.38097806419613456,0.3745764906433699,0.40274986521465206,0.415034935035439,0.44196855906545646,0.40023720993728146,0.5,0.1,1.0,0.1,1.0
0.5347947732103658,0.5245934712729905,0.5064713686098326,0.4949016248316436,0.53753176051133,0.5517605430936426,0.5490612488267902,0.5259957890356136,0.52767627674861,0.5302016277543979,0.5165277389909305,0.5,0.1,1.0,0.1,1.0
0.5200631846347014,0.5429660189800324,0.4843453371332378,0.5142769928366735,0.5138054952699613,0.4912022543259317,0.5297987347609491,0.5593740590358421,0.5633448861011229,0.5627325455329129,0.5838901912442923,0.5,0.1,1.0,0.1,1.0
0.391437276846695,0.430020992167625,0.42689601946655525,0.46034679750530083,0.494968798094573,0.44480856887945086,0.38325427124313577,0.34173737717188507,0.31681855902750555,0.35390050467265766,0.32980543412254953,0.5,0.1,1.0,0.1,1.0
0.478308510837505,0.4136966093232752,0.41384158727430387,0.44200332515734714,0.4570443236686313,0.4274448971435641,0.39720654527420163,0.3889414006677272,0.4078130803224635,0.448096583309272,0.4866776250912383,0.5,0.1,1.0,0.1,1.0
0.27470112696631127,0.3075793420166686,0.3336570932149315,0.4017143643498368,0.4532898860571067,0.41457494651105375,0.4039293420746266,0.4299357818690832,0.4352498045641392,0.44479732821194995,0.3802608911604101,0.5,0.1,1.0,0.1,1.0
0.5835788730645795,0.5416264937259522,0.5594081646707048,0.5409404389152552,0.5841400167936006,0.5931333089276407,0.6159692080568208,0.6221582610809043,0.6311654291131397,0.5765314327402412,0.524493951570312,0.5,0.1,1.0,0.1,1.0
0.47748276418739055,0.4610735876426119,0.435225840635196,0.4217291590985234,0.42961936905694,0.4545411127179766,0.4841696868760996,0.5036869389657048,0.5175440477683612,0.5148636748494103,0.5345741204785447,0.5,0.1,1.0,0.1,1.0
0.5940871612396436,0.5820027461113879,0.5818794905030771,0.6247983978004763,0.6314104179443845,0.6208739971326429,0.6047683335675484,0.5955731399012533,0.6046461591156562,0.5661098225107593,0.5520753506533618,0.5,0.1,1.0,0.1,1.0
0.5118109231630685,0.4834921678974245,0.4804192224351025,0.4754937547808887,0.49344969544434936,0.4827534777544541,0.46952899894219285,0.4386874636245257,0.4174162727708285,0.45815242188809374,0.445687868851577,0.5,0.1,1.0,0.1,1.0
0.4800929341772034,0.4333425219433318,0.46101254850988155,0.43560678149715915,0.4833713589960078,0.5451771944534002,0.5800603966582907,0.5924344604993177,0.6078663000941782,0.5904186426006471,0.5645440116129669,0.5,0.1,1.0,0.1,1.0
0.43799658625437954,0.4547407639307611,0.4400486605058049,0.4597008254991523,0.4433689206854612,0.4416408900196088,0.4003378593582366,0.41961604504792865,0.4680180569896509,0.443588713591792,0.4411968835611886,0.5,0.1,1.0,0.1,1.0
0.352708579380378,0.3571283423600359,0.38854877220013295,0.4312624267328953,0.4378698020978073,0.46348869021649786,0.5037348513504927,0.5217721825931686,0.510863238994426,0.46752387885269386,0.47801649536905144,0.5,0.1,1.0,0.1,1.0
0.5225774167035964,0.5258059827269838,0.49563154182075286,0.5127103936148659,0.5534470410552579,0.514469472458654,0.4864074016695342,0.46291846111945184,0.4605499031227466,0.4043743455494557,0.41761179858102626,0.5,0.1,1.0,0.1,1.0
0.3864009697363324,0.392585237390661,0.4041926050881925,0.42674285127787226,0.4494246824249637,0.4538037670046075,0.5204275789898871,0.5162865947124572,0.5268309112335576,0.4801811231097438,0.4371257078508143,0.5,0.1,1.0,0.1,1.0
0.47624227869973623,0.47344807051193816,0.4597436362684378,0.5012324401336641,0.48832945794197546,0.47943742838683207,0.5050312545621681,0.49818493852303863,0.48396960816105017,0.4836652337538271,0.4696148619879848,0.5,0.1,1.0,0.1,1.0
0.4835762237522357,0.49234166462413276,0.47255200852031276,0.5019357228417829,0.4405748263778201,0.4743562775878635,0.49449856113453283,0.5243577296114621,0.5224134201824622,0.5146546264530767,0.5037298220688997,0.5,0.1,1.0,0.1,1.0
0.5603532608276232,0.5676983897107865,0.5772112403200075,0.537907841647338,0.5708684834172855,0.5596536486033168,0.5589238391453268,0.6006487049138612,0.590361719889781,0.5762539394112645,0.5476927677411316,0.5,0.1,1.0,0.1,1.0
0.555354936594788,0.5414390878809646,0.49590221642085913,0.4805375942997417,0.4241409131092603,0.4495716155683649,0.4542812142627424,0.45620831429351943,0.4551778351117133,0.40634628847652937,0.44904682160304976,0.5,0.1,1.0,0.1,1.0
0.47947546576391614,0.48470128016348935,0.4708848569222057,0.4872165311386804,0.4683541111048958,0.5035268928064438,0.4542251088916384,0.3985591621911464,0.4202235221975829,0.4844246648987616,0.47503460985603113,0.5,0.1,1.0,0.1,1.0
0.510591111551175,0.5046936284901339,0.45035987737650907,0.4739256933856707,0.5420380458530237,0.5195084396730959,0.5057376328600429,0.4617045265418241,0.4962703157091138,0.5418869055243583,0.5568660337436571,0.5,0.1,1.0,0.1,1.0
0.47940822315103826,0.4843790980076336,0.47165500224871854,0.5235547534989461,0.5138771234624779,0.4863741198835421,0.4605496195330724,0.4620930619688432,0.4942761402416993,0.5089070852943959,0.5865894648598249,0.5,0.1,1.0,0.1,1.0
0.49308070854964986,0.5349777296526903,0.4613168323865495,0.4350092396846651,0.47471520811939194,0.40129422771370826,0.4268357993031185,0.40695179294076766,0.4083032575318271,0.39725810093827013,0.39594345876194853,0.5,0.1,1.0,0.1,1.0
0.5566558874993233,0.517205337284121,0.5344213738062966,0.5028090925610573,0.46837231734120843,0.49424867746244455,0.5079734664172623,0.4731889547572044,0.4698262550335026,0.49332572231579447,0.5111255423341233,0.5,0.1,1.0,0.1,1.0
0.5953087192076594,0.579615591999329,0.5566660605110691,0.5601255441605731,0.5740927523434501,0.5519613089881249,0.5101686474768984,0.4303132886570585,0.4462920824546726,0.4743963362881823,0.5506502504411384,0.5,0.1,1.0,0.1,1.0
0.3620729577323183,0.41105085219693016,0.432917671285012,0.43924600584483803,0.4062934592799341,0.4486855111745013,0.4576892684328967,0.500540474779253,0.47850904406115113,0.4843226081054161,0.5176523954847839,0.5,0.1,1.0,0.1,1.0
0.38090676466555934,0.40658610895955394,0.41468779391812977,0.3749818481906033,0.371634057252091,0.4462052997257716,0.45605667175415354,0.4902727365925389,0.46180184922509754,0.479481627026326,0.4821284984392463,0.5,0.1,1.0,0.1,1.0
0.46208302014663205,0.4480674683152098,0.4992933550463141,0.5078710428503153,0.488300335421502,0.46013948182744985,0.3682053792943686,0.4260713288947648,0.4464381875059739,0.46272847186160515,0.4731588854908937,0.5,0.1,1.0,0.1,1.0
0.5116298551150852,0.5803221894020594,0.5970591857806375,0.6226367277358504,0.5945689298171462,0.6271803177364109,0.6072971664227255,0.6405864102225072,0.5642972142162005,0.55641096787514,0.5378666846243526,0.5,0.1,1.0,0.1,1.0
0.4321775609265445,0.4451687313765197,0.45222094676199454,0.4635561502808755,0.4440630020473145,0.4363710615613474,0.3884438947756445,0.4061327264673797,0.402306644903725,0.36936697758363446,0.3550629261751788,0.5,0.1,1.0,0.1,1.0
0.4706537307178556,0.43491252549439163,0.42372806488135745,0.4275528320736814,0.445588014735946,0.43796329567127734,0.45998538935874766,0.43476394593103457,0.44442418629823044,0.42015904439436347,0.431236388450237,0.5,0.1,1.0,0.1,1.0
0.4759897387637877,0.4835123937585817,0.44775706364756424,0.458973392194661,0.45570588806229806,0.46580313969453613,0.4958540011216141,0.47082858274434475,0.49117488304532864,0.506457882675426,0.5619885954840386,0.5,0.1,1.0,0.1,1.0
0.5281060495697067,0.5147651024767941,0.526879867836649,0.548341738137292,0.5513865193423687,0.5417609765275175,0.5333690308077508,0.5669380843276683,0.5652292518521287,0.6118262098197813,0.5860476829049268,0.5,0.1,1.0,0.1,1.0
0.39226032586374576,0.3945175437034984,0.4424767085595801,0.4133006124628086,0.38154702984228145,0.39403958063757544,0.4117076918579524,0.39737901982646473,0.4148880678481734,0.4671384397741576,0.5204900518165946,0.5,0.1,1.0,0.1,1.0
0.6057651467938678,0.5113282722125176,0.4311138129109201,0.42692978644136526,0.36872829002674473,0.3608770014386413,0.3634111853604849,0.3557526751384921,0.40347767175934646,0.38532623105639136,0.44635319448849387,0.5,0.1,1.0,0.1,1.0
0.4585352915821451,0.5053643644721059,0.4719913588009617,0.48790433553902857,0.5321008559232474,0.5204934020915387,0.46782996743101535,0.47006555581766,0.47647217566515687,0.5414780029276235,0.539164870151622,0.5,0.1,1.0,0.1,1.0
0.41540109775575207,0.4483175593632496,0.4946989762191043,0.5105295666066918,0.4881033531755169,0.4920202733086741,0.4486415077418492,0.48003631888887976,0.4560984634528303,0.4019471599610886,0.4426309008940023,0.5,0.1,1.0,0.1,1.0
0.3893404208343662,0.4303915079941197,0.39741223952674726,0.3992846737498619,0.3593858155614406,0.31460023118375546,0.3558719198328006,0.3388193037224553,0.36397109310596815,0.34295571251395146,0.3393026432017883,0.5,0.1,1.0,0.1,1.0
0.5852372631757002,0.6106444707107185,0.5813804440530542,0.5496452597930309,0.5782320391635025,0.5996911451400628,0.5473951817789573,0.5439831661031476,0.5537804357395223,0.5642280660857518,0.5744276671364181,0.5,0.1,1.0,0.1,1.0
0.5974849388357745,0.6320591206897236,0.5973452440422493,0.5882590637029711,0.5601056744094479,0.5500076892645703,0.48253877044051274,0.4415552556084166,0.4787937348412642,0.5012574607082122,0.4669909815892002,0.5,0.1,1.0,0.1,1.0
0.39661340437906495,0.45180767298094077,0.437005154051225,0.4816196771219623,0.4800776656027146,0.46307820091681995,0.5071134595343678,0.47284119177407813,0.4750420582955573,0.47804456538842294,0.5308745072204981,0.5,0.1,1.0,0.1,1.0
0.4977563244289164,0.49732043216194965,0.5331877046976014,0.48266735712210873,0.44376389276685146,0.4987589289321974,0.4747821609514563,0.4793839554663784,0.4717776723472893,0.508778500166435,0.49671569524198256,0.5,0.1,1.0,0.1,1.0
0.5686043796831475,0.6011319729326571,0.6057684123463041,0.610109358173035,0.6021818942929023,0.5793317651473192,0.6089655315891388,0.5923426418110656,0.5545578129997827,0.5618165536757316,0.5676842655467467,0.5,0.1,1.0,0.1,1.0
0.3553531834808224,0.3842244306980965,0.29698536574885587,0.34324548332902743,0.38814924724965344,0.4023998987143886,0.4030101937901513,0.37229876418133645,0.35638693881525446,0.3270415612251081,0.31497137018395016,0.5,0.1,1.0,0.1,1.0
0.4514858883751249,0.40373834980062273,0.4517591088566026,0.4828597485482013,0.48029000148217804,0.5134998636557758,0.5439776526394123,0.6053484529572837,0.6110820295662229,0.5354095099660703,0.532452246047245,0.5,0.1,1.0,0.1,1.0
0.3762760502197897,0.4024779516404165,0.4128868690712757,0.38789267366924235,0.3863936667101563,0.3950487400945361,0.4161438016269427,0.4214792359964809,0.4435117053972732,0.5135907157905767,0.5496691049673723,0.5,0.1,1.0,0.1,1.0
0.5291242058922739,0.5641818961429786,0.60838093337024,0.584392699225908,0.5901609081979182,0.5272152168859388,0.48557605679015164,0.4987705242009487,0.5350194360565106,0.48464706165129656,0.46656433982652756,0.5,0.1,1.0,0.1,1.0
0.5737769194837141,0.6184835536465508,0.5738624360804273,0.6278280951734119,0.5574976850166121,0.5317510188803135,0.5598589704355698,0.5652008616491783,0.4678505888106229,0.4593847197379538,0.4935033281932214,0.5,0.1,1.0,0.1,1.0
0.5309920217844523,0.5297043207247806,0.5374178057807004,0.5245947108591393,0.558588479542362,0.5526835041636955,0.555253960939768,0.5645262515945939,0.568792515768992,0.6141925462523453,0.5988606927556249,0.5,0.1,1.0,0.1,1.0
0.6561421292607877,0.6103771763372688,0.5762250908997485,0.5459521881165873,0.5285256522604649,0.5766592748639493,0.61994200139892,0.6913503352520975,0.6020886045829605,0.6183383790853522,0.6095844063152837,0.5,0.1,1.0,0.1,1.0
0.5507431064581987,0.5366181364826814,0.577134844857162,0.606978001114231,0.5447177132004297,0.5420496652305734,0.5051537004366717,0.499075906072972,0.5298734660972388,0.5429087188728267,0.5590826371251391,0.5,0.1,1.0,0.1,1.0
0.47799049784560876,0.455866724094292,0.5070613618638022,0.5068105695278567,0.4698886369031022,0.4698774100978481,0.42766203673066056,0.4286064369034189,0.4438184531012158,0.4187823959731828,0.45243001275353417,0.5,0.1,1.0,0.1,1.0
