time_point_1,time_point_2,time_point_3,time_point_4,time_point_5,time_point_6,time_point_7,time_point_8,time_point_9,time_point_10,time_point_11,mu,sigma,theta,dt,T
0.9780033593084811,0.9560949082627335,0.9664559437067666,0.9751072454059488,0.942100073698439,0.9912329001681529,0.959868070153665,0.9494031563867191,0.9795194244305229,1.0065916618801356,1.0216116291293131,1.0,0.1,1.0,0.1,1.0
1.033707269914223,1.0042697987383886,1.0444999619872992,1.0272961748062568,0.99451234752564,0.9562540288414985,0.92702881934291,0.9773618982050744,0.994941826492166,0.9587515558808416,1.0213511871216787,1.0,0.1,1.0,0.1,1.0
1.0495090105119562,1.0451345221432895,1.056897805175889,1.026019821337735,1.0340129386806223,1.0406407992550344,1.0236892793666954,0.9927485876190798,0.9814328119822094,1.0086991420151514,0.960316617024258,1.0,0.1,1.0,0.1,1.0
1.003406376566127,0.970332391338635,0.9443080797669118,0.9773960202335932,0.9895614180021628,0.986704073514543,0.9598373421697192,0.9469360602567084,0.9298426880047231,0.9216223834279391,0.9744059633987417,1.0,0.1,1.0,0.1,1.0
0.9495089627560649,0.9956322614947724,0.9929426618056091,0.9498812743983591,0.9677204230158118,0.9607172097197737,0.9568762237262503,0.9946449206503543,1.0366722794126366,1.0366920285277825,0.9817572492850049,1.0,0.1,1.0,0.1,1.0
1.0688143234429073,1.035331551359635,0.992171428892868,0.9853443753659907,1.0101006653535087,1.019605980483371,0.9697308887782841,0.945543808323848,0.9755830280001674,0.9759087863389075,0.9919107289155688,1.0,0.1,1.0,0.1,1.0
0.9313205667979514,0.9577774685498964,0.9529677636211332,0.984868943059969,0.9533603014650203,0.9438616042318138,0.9207358594025914,0.8892541877493513,0.8652860208606881,0.8574960303007566,0.8688192006567569,1.0,0.1,1.0,0.1,1.0
1.064721733563131,1.0521154857776627,1.0674537696097735,1.018858348224583,1.0021114758614436,0.9345568295878626,0.9758578584864855,0.9504533846823184,0.9460667271898147,0.8997381020191205,0.9248330184444943,1.0,0.1,1.0,0.1,1.0
0.9658145734543043,0.9939299110981397,0.954133321050797,0.947742599417628,0.9504058771912938,0.9698939300390255,0.9763590056515503,1.0368488058654353,1.034861436700337,1.0450584698965117,1.017699772400284,1.0,0.1,1.0,0.1,1.0
1.0023867470083125,0.9732586454528078,0.950203950795566,0.995109942347884,0.9702833891264758,1.021258801234576,1.0113791727544363,0.9731957837176521,0.977234373821165,0.9423001912359928,0.9878796555686902,1.0,0.1,1.0,0.1,1.0
0.9607324541019129,1.0105137627056848,1.0126381316507067,1.0179832540981006,1.0300747064016202,1.018883541104591,0.9860061244942935,0.9443404494937963,0.8959787209652903,0.917675283611222,0.938370681023063,1.0,0.1,1.0,0.1,1.0
1.0672773344067816,1.047444237762736,1.0273709833529967,1.0384331873724255,1.0442559393652657,1.0747348266636734,1.0428712527882702,1.032048442187741,1.0565715958794655,1.0475813126094216,1.0024450684686779,1.0,0.1,1.0,0.1,1.0
0.9426430797924452,0.9557833265915382,0.9480414769363126,0.9833845496677827,1.030882724972106,1.0552220630712217,1.0785399951203651,1.082152621782402,1.0858598500750047,1.0961616477243996,1.1158144379839299,1.0,0.1,1.0,0.1,1.0
0.9792508665010377,0.9668312162432892,0.9209677101867286,0.9261340684756656,0.9448272637322992,0.9201939068176489,0.9233000863066005,0.9515822267514481,0.9800439922991059,1.0431458949900208,1.0372522088593417,1.0,0.1,1.0,0.1,1.0
0.9670183347285739,0.9594959071569982,0.9733009081699505,0.9441357254661346,0.9513189998273265,0.9936556529916347,0.9721442321312247,0.9857026279979426,1.011050081542726,1.018143446846768,0.9740724128292403,1.0,0.1,1.0,0.1,1.0
0.9986342881524674,0.9896938776704473,0.9828049081316726,0.946087100448094,0.9688643784122469,0.973812730652469,0.985375542350157,0.9873350912482329,0.9987441311474261,0.9643515687449126,0.989370116458275,1.0,0.1,1.0,0.1,1.0
1.0666611990610886,1.0571816461281869,1.0567879151069708,1.0014073285874765,1.016493830853804,1.007687947468391,1.0013845839470572,0.9261471080396195,0.9121250085873104,0.9327745659614142,0.9705521754447325,1.0,0.1,1.0,0.1,1.0
0.9995124203921832,1.040885172155623,1.006996201729775,1.023546429769839,1.0262386200410318,0.9945916122480034,1.0010340840633263,1.0331217240964847,1.007191831840259,0.9880951947060281,0.9649636704659833,1.0,0.1,1.0,0.1,1.0
1.0451780069298138,1.0229900124269302,1.031132468734662,1.061022757402609,1.0259759479237125,1.0226367748046918,1.0142300943222178,1.0037053318913587,0.9956007198775465,0.9971267093835195,1.0172568825432382,1.0,0.1,1.0,0.1,1.0
0.975277028251513,0.9415585894146968,0.9449766137550399,0.8787973011176687,0.8956280736788444,0.8935280983961423,0.8905210417569115,0.9387813983056114,0.9811282469917328,1.0069252016794263,0.9815188872086994,1.0,0.1,1.0,0.1,1.0
0.9537061164841119,0.959863648596603,0.9765073427440174,0.9927099750249555,0.9787301255909887,0.9273417339745508,0.9750757680529234,0.9820765906423989,0.9825630781393095,0.9595418503608736,1.002334023705172,1.0,0.1,1.0,0.1,1.0
0.9397901844521329,0.9032978112144397,0.9148341160763939,0.9005127639229812,0.9019678242041314,0.9495545790514265,0.9198235340285559,0.9301743512168948,0.9332725728392882,0.9652096802331396,0.9820463281157935,1.0,0.1,1.0,0.1,1.0
0.9168279834513193,0.9353061324123132,0.9524839379991614,0.952982981133534,0.9580161232983183,0.9759307377321232,0.95596317112172,0.9598670354639489,1.0004850267948198,0.9543440591229289,1.0170835120703225,1.0,0.1,1.0,0.1,1.0
1.1309728154836372,1.1775684018602275,1.1543388866438775,1.1796290333248534,1.2059505997978563,1.1768552051411354,1.1283529542160884,1.0841555589358813,1.0847359909231198,1.077501853674202,1.058848957943265,1.0,0.1,1.0,0.1,1.0
0.9612174911655528,0.9700270991532208,0.9897814308688636,1.0195897528269653,0.9997438561103303,1.017755323238839,1.0392061455806012,1.0343174595104416,1.0414550986402815,1.0284925381650616,0.9864289030955413,1.0,0.1,1.0,0.1,1.0
0.8782032415993966,0.9658586322809298,1.0078027017407798,0.9712683343449849,0.9320877692537268,0.8921759483834318,0.9062155915266669,0.9253697862191199,0.922797720765858,0.9553492980200906,1.008781428921857,1.0,0.1,1.0,0.1,1.0
0.8802012822212961,0.8807043060425246,0.8811759585220769,0.8954392546446286,0.9149240825519336,0.9040078493275543,0.8962891738841597,0.9071047033083895,0.9192883245667403,0.9298318769997681,0.9831082911744223,1.0,0.1,1.0,0.1,1.0
0.9504884670870026,0.9413120901116379,0.9164059025031824,1.0006048312880989,0.9829090572174721,0.9430323821189953,0.9450426788931648,0.9570524422157956,0.9824682878445686,0.9989181052248676,1.024543752328972,1.0,0.1,1.0,0.1,1.0
1.0538485848336223,1.0453025127574886,1.0218711349482208,1.0617127868861935,1.0067378989369784,1.009289299174819,0.996606416281982,1.051934205898967,1.068921973380206,1.0436504511975737,0.9816802783213155,1.0,0.1,1.0,0.1,1.0
1.025543285390591,0.9589010583609819,0.9646231986459263,0.9372554087529985,0.8790141794928553,0.8358656474114834,0.9007069466219904,0.9480638021167979,0.9265285586738965,0.9314965304025136,0.9323470440994522,1.0,0.1,1.0,0.1,1.0
0.9506429108262594,0.8969537862979337,0.9479998044338626,0.9439507635303596,0.9226012006663611,0.9340162961747485,0.907346478647721,0.9197947386087563,0.9048981732141291,0.8955955136786905,0.9172983118410978,1.0,0.1,1.0,0.1,1.0
0.998567342722953,1.025575064755665,0.9785476060340311,0.9782365722361374,0.9892145704424712,1.041041309157453,0.993767556790355,1.003030963580931,0.9730235664935398,0.9597017179606886,0.9843009656693407,1.0,0.1,1.0,0.1,1.0
1.0551337391360922,1.0542737475881367,1.0651304029481183,1.0362613588821328,1.0675262076079786,1.0803413421143393,1.0579281627526609,1.05972843898963,1.0993309364152704,1.1246737371494546,1.117908306348488,1.0,0.1,1.0,0.1,1.0
0.9871554900399115,0.9587257158208634,0.9597014335166755,0.9163367071379641,0.9584565778256453,0.9395443586012477,0.9743771386876275,0.9851892703366956,1.0536957810880054,0.9791447742461926,0.9399251893851669,1.0,0.1,1.0,0.1,1.0
0.9596055812418797,0.9641512229782265,1.0090535263162583,0.973153483113323,0.9853611003449381,1.012386772335786,0.9824984177934478,0.9738323717062882,1.0351229046858426,0.9952875948375244,0.9996475440519693,1.0,0.1,1.0,0.1,1.0
0.9426332663415207,0.9327847425043186,0.9913478775819277,0.9797198770527135,0.9937306643398172,0.9427750799811292,0.9562307562962733,0.9566587120994267,0.9656743994271141,0.9611233704264589,0.9471606612045856,1.0,0.1,1.0,0.1,1.0
1.0087753838211584,1.0579260591764177,1.0608497808023076,1.0671364254623532,0.9841767350598667,0.9905673740578075,1.0181146489249187,1.049199455118446,1.11096771321725,1.0688768063422656,1.0642041249085115,1.0,0.1,1.0,0.1,1.0
0.9009730249656462,0.8731081242941214,0.8188721623362891,0.7920817731051978,0.8252846253266432,0.8285422190389803,0.8505921803726256,0.9052321147648595,0.9290695919826197,0.9468393082271771,0.9989552045639314,1.0,0.1,1.0,0.1,1.0
1.050586564203176,1.0447805005739346,1.0445158031225295,1.059627790297557,1.0476621936327202,1.0426529222395449,1.0235029556905222,1.0097068877009008,0.9681666720374313,0.9943189181451585,1.0570847009503166,1.0,0.1,1.0,0.1,1.0
0.9636256068002033,0.9714425761355108,0.9882883481685627,0.9729775776105342,0.8988534881464793,0.8968639635097868,0.9257575625256145,0.9398473712394368,0.9393890871340773,0.9187686735389377,0.9163557582675645,1.0,0.1,1.0,0.1,1.0
1.1606583758820743,1.1246092946517672,1.113725206778658,1.077355218823196,1.0949398281928693,1.0872660157869842,1.0526935023260078,1.0544536251039736,0.9978296630691795,0.9771391945549415,0.9408457601467821,1.0,0.1,1.0,0.1,1.0
0.9413887184656828,0.956118667806622,0.9974386042895776,1.0135700691881449,1.0297748309941666,1.0347005110247336,1.0184360326362374,1.0437746932835477,1.01725714336263,0.9747519581798649,0.9226051585884976,1.0,0.1,1.0,0.1,1.0
1.0482480091996649,1.0147688947781897,1.0151464030242747,0.9814902242747658,1.06538735913897,1.1116638417215627,1.1044720420978278,1.1180768423983534,1.1205187165670663,1.151602953463732,1.165228591051751,1.0,0.1,1.0,0.1,1.0
1.043074668542346,1.1093786428917116,1.094495190821912,1.0787152326459801,1.090906420483152,1.1235292184348338,1.0736098625913932,1.0660089948943252,1.0266632246933176,1.0105351371193652,1.0442166893401115,1.0,0.1,1.0,0.1,1.0
0.9817030648595764,1.0245462668451462,1.0178365602403947,1.0461375784355165,0.9988457692808821,1.017144855968482,1.0062015995902183,1.0166736872775752,1.043313019918518,1.0612717790916641,1.0730961885764252,1.0,0.1,1.0,0.1,1.0
1.0039922034216946,0.9808485268858562,0.9171603920372129,0.9077261275071733,0.9270355341763995,0.9219371468826766,0.8985419978063166,0.9871237838592561,0.9999455919031268,1.0107587840958978,1.071645138861663,1.0,0.1,1.0,0.1,1.0
1.0598533966502157,1.0741407978273172,1.0955500167552563,1.086432149674204,1.0479612096658097,1.0705128468137874,1.0505194858286853,1.0959841687809206,1.057490258032667,0.9963693115758248,1.0120890111032461,1.0,0.1,1.0,0.1,1.0
0.9451394761699428,0.9200208696700761,0.8835587064892315,0.8611276909596279,0.8564067186597871,0.9129324541094276,0.9081595948892783,0.903673000469342,0.8986728626870517,0.9455840289300643,0.9593533643929603,1.0,0.1,1.0,0.1,1.0
1.0798783238025043,1.0629817623754745,1.0158419020547682,0.9924600233385834,0.9544254413999855,0.9666247498204978,1.016102143397871,0.9591090873169876,0.9561184797826451,0.9848391492113935,0.9919602771196819,1.0,0.1,1.0,0.1,1.0
0.9763125110841488,1.0215424576866396,1.0249642283009222,1.0507694386907687,0.9982615548872387,1.0338371996707185,1.0412085073330657,1.071617602829157,1.1021487452932361,1.137442730110804,1.1393173822033171,1.0,0.1,1.0,0.1,1.0
1.0390148051872639,1.022797995486178,1.0075861684920562,0.9550815274313689,0.9927759561456194,1.027726804801281,1.008068373308255,1.098121120163071,1.030617180056113,1.025182596016114,1.0735170070878477,1.0,0.1,1.0,0.1,1.0
1.087435879970294,1.0864561061203308,1.0672165204258617,1.059463912301266,1.0278908562409044,1.0127682729125134,1.0146865472565851,1.0373056772589853,1.034572722098242,0.99774099959753,0.9639936036086248,1.0,0.1,1.0,0.1,1.0
0.9378939553027106,0.9582953851269657,1.0070311738003705,1.0012300668739726,1.0036233323320962,0.9946772000141391,0.9871713984416235,0.992095765873218,1.004443490592745,1.0323235988585096,1.0712804050367468,1.0,0.1,1.0,0.1,1.0
1.0259055013934424,1.0172996621053412,0.9975684628345182,1.0246326799571246,1.0705410161540985,1.0703587319197294,1.0445849569158505,1.0608987823757858,1.0235267516349753,1.0522363059813415,1.0216579201301055,1.0,0.1,1.0,0.1,1.0
1.0577316981947997,1.0268237200943084,1.0710271819959447,1.0452072602501294,1.0448530151763582,1.0286936287438986,1.0685319782903862,1.1009297530164912,1.0689334727227724,1.0215007319039215,1.0055740728309932,1.0,0.1,1.0,0.1,1.0
0.9213615221159505,0.9254298192162408,0.9126017211298421,0.8947337730992541,0.9169071332136407,0.9768864690849177,0.9884294808211197,0.930648943467293,0.9498981121266706,0.9809488570834476,0.9634901316303771,1.0,0.1,1.0,0.1,1.0
1.0286023974615968,1.0619728274643068,1.042766864263978,1.051363664255289,1.0482328102829996,1.0361444648119116,1.0925994575353564,1.0853285274027689,1.0876849982956223,1.1244436580547585,1.1212101655742277,1.0,0.1,1.0,0.1,1.0
0.9127459298159492,0.9186463909412275,0.9213426552841341,0.925383952339393,0.9664079064640745,0.9374362511285057,0.9082548987681413,0.9329519981157088,0.9724562778868775,1.0065347568442096,1.014809258875716,1.0,0.1,1.0,0.1,1.0
1.0259594413023456,1.0191270326795188,1.0279391438166656,1.0202561218331943,0.9775899996832274,0.9584548208002228,0.951241614512715,0.9514938238365575,0.9837648967608945,1.0086667648334804,1.0217367424110124,1.0,0.1,1.0,0.1,1.0
1.1964892506548617,1.2128001561781805,1.161403269655083,1.1411823283968743,1.156001752739996,1.1353898117442938,1.1438660948171773,1.0776181078605878,1.0289087087780238,0.997819601971304,1.026294200069813,1.0,0.1,1.0,0.1,1.0
1.0262289624532899,1.0246242521712987,0.970135332629232,0.9729931258646088,0.9911993946656158,1.008349709824708,0.9831676959025599,0.964009701809563,0.9390236864253506,0.984747255484093,1.0208087028521298,1.0,0.1,1.0,0.1,1.0
0.9681212661086462,0.9962683910671282,1.0157271940459331,0.9767137328153397,1.0197756575966057,0.9703803243017394,0.9666927344020928,0.9566667603909607,0.9368364092262178,0.9055542210469819,0.9445857508474808,1.0,0.1,1.0,0.1,1.0
1.0929291891023385,1.0777542908504933,1.0755778352949839,1.0536021661004664,1.1003731725809165,1.1271848190084108,1.041220974765643,1.0634894799102341,1.0797450800269517,1.084363062430817,1.1023360999163683,1.0,0.1,1.0,0.1,1.0
0.8220980105717103,0.7809288374417747,0.8389278610275467,0.8945706933847456,0.9497261401493741,0.9420319193900716,0.9358585788671586,0.9691058105739655,1.003629475177101,0.9858288432789278,0.9819282985937863,1.0,0.1,1.0,0.1,1.0
0.8380570522113778,0.8566067724283613,0.8887920909043399,0.8519492450451823,0.8601889545786141,0.9131059783231116,0.9691521385781122,1.0161685072996813,1.0751800213585627,1.1118460844275084,1.078799181219792,1.0,0.1,1.0,0.1,1.0
1.1552126783156078,1.197740091999926,1.1874713230070522,1.2063691330472424,1.237736705629842,1.192690073210802,1.1965586015899132,1.142059540684054,1.1304748243300713,1.1499945489790866,1.1209827204147276,1.0,0.1,1.0,0.1,1.0
0.9908552794023521,0.9888959720022736,1.0242069391309856,1.037060526853316,1.0434692804236392,1.000613073994952,1.06235430184491,1.0089447213096043,1.0043124792061615,1.0621613810839114,1.0524649949301716,1.0,0.1,1.0,0.1,1.0
1.010315917338773,1.0168913982560273,1.0069685550188239,0.9490763258073756,0.9585804479469596,0.9603741526961916,0.9664102395512087,1.0033276060252323,0.993226632256679,1.0195300425355542,1.0318486382924619,1.0,0.1,1.0,0.1,1.0
0.9086214057107019,0.9490213808242218,0.9818289315759523,0.98169611936001,0.9832317505684462,1.0189097086877525,1.0070568514811207,1.0107886286811167,1.0120951713466915,1.0364974145877417,1.0393816389038326,1.0,0.1,1.0,0.1,1.0
1.1252732032497936,1.1267713453977601,1.1328589006359002,1.139398103186991,1.1470095620226757,1.1621902412133112,1.1895955644832035,1.1639795348320696,1.1414323365087518,1.1349547629545356,1.0552782350791952,1.0,0.1,1.0,0.1,1.0
1.0217039043880136,1.0698739704047604,1.0902324020536915,1.1258256560643356,1.128583321964675,1.1141596455595237,1.1089985442739623,1.0835756608564653,1.065257737878379,1.0604431767358473,1.1032527149699836,1.0,0.1,1.0,0.1,1.0
1.0349103325126507,1.0678943143237247,1.0410022959989509,1.0739106736319832,1.094127513550518,1.0853632552667636,1.0989604039681937,1.076880022064723,1.0854300373154622,1.1185720235095145,1.1690961937988271,1.0,0.1,1.0,0.1,1.0
0.9580704777247914,0.9562066162017839,0.9428726515478442,0.9710347099571472,0.9336485000831045,1.0075532012070643,0.9974916998150631,1.0224226271117742,1.0289852508217907,1.0118615282353096,0.978560727991111,1.0,0.1,1.0,0.1,1.0
0.9132226588383406,0.9034147850891954,0.8779722080171599,0.8582446827036073,0.8580985111647479,0.7999536647215331,0.8305916986405354,0.895069871629107,0.875144330847392,0.9346033766965487,0.9775646486535308,1.0,0.1,1.0,0.1,1.0
1.0984307611796704,1.0197381309885376,0.9967622402570094,1.0798182482610605,1.0647738945388183,1.0705259628914638,1.1057682778298161,1.0642676911931777,1.0705018609906791,1.0981085740916614,1.0926867386635954,1.0,0.1,1.0,0.1,1.0
1.0284877761148692,1.0120413313307073,0.9826686752051712,0.9611494699483631,0.9743417849677574,0.9873318742416954,0.9795762917212463,1.0214527067465424,0.9905764531247901,1.0071807821901493,1.0141493917113866,1.0,0.1,1.0,0.1,1.0
1.130782386983682,1.1102759911848432,1.0773216827646188,1.1271284963989743,1.1291832797759183,1.1139252740790326,1.0387129545601261,1.0703770528628709,1.103130877104085,1.0895144165985784,1.0800898951523972,1.0,0.1,1.0,0.1,1.0
1.042103765993764,1.0662179815427661,1.025122641214733,0.9958629371098231,0.9801858133113277,1.0145388144087994,1.0114904986115052,1.0571148524045701,1.0294084865747284,0.9722104349377297,0.9074673546395996,1.0,0.1,1.0,0.1,1.0
0.9631681157230572,1.0004498773486379,0.9722548084118561,0.9303543439476426,0.9241340233449039,0.9189698430826111,0.9232715735987019,0.8739359826719417,0.8628676970403119,0.8718212978437321,0.8944082561887992,1.0,0.1,1.0,0.1,1.0
1.0881398811660292,1.125455732654391,1.0953750049153728,1.1134120836031853,1.1192190297141054,1.1233500026796892,1.1617364263635264,1.1190617099288316,1.1347374440274443,1.1387788465499173,1.0830181192599277,1.0,0.1,1.0,0.1,1.0
1.0682960143918498,1.0421251593538559,1.0847626935152637,1.123156025788821,1.0457618562890538,1.0954392785713807,1.0402135598751074,0.9922089887391465,0.9804947245647914,0.9816749279240403,0.980767145857438,1.0,0.1,1.0,0.1,1.0
1.0595532409588935,1.0916188322501599,1.0678191588853034,1.0824865771156507,1.063222849595387,1.054559949097536,1.0638734648360826,1.0305252034160213,1.042873444683043,1.024123711670672,1.0249166578534339,1.0,0.1,1.0,0.1,1.0
1.0386365312252126,1.0420019358460817,1.046573992308907,1.0917867313936513,1.0884124669973267,1.0949439892714907,1.1111349424387575,1.1201290391132424,1.0814171867778808,1.0862305838283743,1.0455146206721446,1.0,0.1,1.0,0.1,1.0
0.9988314596921046,0.992409222992303,0.9544106878541526,0.9909451929067415,0.998980469770817,0.9734189707879742,0.9811907835175276,0.9105610899859615,0.8738162883084158,0.9221837285817506,0.9381703629952645,1.0,0.1,1.0,0.1,1.0
1.0328880383532193,1.0664850876000178,1.0901535864141518,1.0781499411490496,1.100283299571304,1.1041302090579221,1.0503091812643317,1.094933829957282,1.0724220499025783,1.0511785400001192,1.0872512961864826,1.0,0.1,1.0,0.1,1.0
0.9166949400824099,0.9494384252107411,0.9588769881652786,0.9770348477847061,1.0037041540864757,0.9561597297275085,0.9378993743779863,0.8990916263358733,0.9161050082787107,0.9645635236939308,1.0079390059473134,1.0,0.1,1.0,0.1,1.0
0.9874874087497124,0.9955272853962952,0.9604802311617053,0.9513377039891378,1.0402342001961993,1.0107273557046847,1.0012035469936127,1.0277468266583079,1.0652714465121709,1.0661633293564496,1.0703065252595227,1.0,0.1,1.0,0.1,1.0
1.047472106103197,1.0438042470041873,1.0363022668068715,1.075493454060674,1.0554978317924482,1.1126979244595792,1.0928647521437587,1.0877659218892308,1.0985239138369303,1.0834577697742476,1.0247252797727435,1.0,0.1,1.0,0.1,1.0
1.0392850128973523,0.9705891355561618,0.9407861897852583,0.937258065391023,0.8957686595142209,0.8719626801717641,0.8598377583709473,0.8974661791359919,0.9034550262687926,0.8423398496856532,0.8594576704302072,1.0,0.1,1.0,0.1,1.0
0.9972260954933834,0.9780561232910069,1.0280639478158475,0.9822210956240458,0.9795664471055741,0.969497166643464,1.0096806951984207,1.0099999135478868,1.047358693402906,1.0610717115080368,1.0485845215523446,1.0,0.1,1.0,0.1,1.0
1.058252361818639,1.076095665370843,0.9718124615050554,0.9358790341928195,0.8886540293048877,0.9010714071996941,0.8675990745474403,0.8833454229161021,0.9421630016833906,0.9841923369322791,1.034673511714802,1.0,0.1,1.0,0.1,1.0
0.8565415793832164,0.9127866813446596,0.9776147532769752,1.0320208862510274,1.0267111407749359,1.0174978940567214,1.0220370173306887,1.026541135193133,0.9834205304643665,0.9960550757151372,1.0363095332666332,1.0,0.1,1.0,0.1,1.0
0.9151526308335056,0.9014915069063887,0.8865898277293308,0.9008765311401598,0.9193865033278874,0.9486484739360579,1.0437653026611915,1.0904047173454414,1.1320546381778949,1.1375130442591082,1.1330146124513616,1.0,0.1,1.0,0.1,1.0
1.0306021566002528,1.0096320226729865,0.986922334646468,1.0423647934106077,1.0521512535097612,0.9940817967129953,0.944577145761551,0.9815111472828908,1.0028571151773291,1.015301439617057,1.0074225906716827,1.0,0.1,1.0,0.1,1.0
0.9168749149684726,0.8946728669408142,0.8744874953468194,0.8709157553152729,0.9205537331147796,0.9175999619139994,0.9195495224063542,0.966389913124843,0.9727054026444012,1.0061587676418926,1.0274496014209877,1.0,0.1,1.0,0.1,1.0
0.9923972882688108,1.0329732066405632,1.0715223655730883,1.1134995941719112,1.0824405241167463,1.098882055739473,1.0569269694252013,1.0290257677527113,1.0628274541197382,1.0441112258352554,1.0330711175621927,1.0,0.1,1.0,0.1,1.0
1.0262348452291192,0.9878745516306158,0.9874403047537825,0.9714313343701362,0.9553999221388944,0.9395209050210482,0.9086042875295939,0.9262520750138269,0.9187311041675982,0.8882650187214844,0.8300999244137421,1.0,0.1,1.0,0.1,1.0
0.8685394654607561,0.8412917148675294,0.901511851814923,0.9426297652721576,0.9505416516125449,0.966406408162698,0.9882659211382191,0.9580532533394629,0.9359286150263937,0.9342688768541667,0.926701395572979,1.0,0.1,1.0,0.1,1.0
1.057317992758231,1.0728409617852415,1.0653478301251116,1.03607990953355,0.9559859306979404,0.9367397640022183,0.8965919579142878,0.9429492220507588,0.9421327841963367,0.9397163609055886,0.9655453720853544,1.0,0.1,1.0,0.1,1.0
1.0171605917452773,1.0357218282077418,1.0110819419803156,0.9824629507216651,0.9645774768345434,0.925485696694945,0.9141246373127391,0.9680689874601166,0.881891216919551,0.8901981662595204,0.8713808020975334,1.0,0.1,1.0,0.1,1.0
0.801181411874982,0.8302946953448294,0.8703222249826266,0.8970199869594079,0.8946326786362967,0.9799095685242157,0.966709063880755,0.9883648891307691,0.9706918783200186,0.9848049237083174,1.001376893902244,1.0,0.1,1.0,0.1,1.0
1.1163342830950926,1.1432086497028031,1.1262022474499553,1.1304894394655054,1.1095701958804425,1.0755967616459436,1.0985125505681643,1.052965967872569,1.083469793299466,1.0660039173128426,1.0593266576858322,1.0,0.1,1.0,0.1,1.0
0.9621275570953955,0.9320385229733795,0.9762073038811145,0.9829661582784253,0.9392454605807289,0.9479862141174827,0.9441914426775525,0.9553600944573628,0.9555657625828509,0.9369268723026094,0.9679280734602251,1.0,0.1,1.0,0.1,1.0
1.0314995746517421,1.0028063680410138,0.969541158381909,0.9344170329115032,0.9219141050139663,0.9266069813202497,0.9660861935715239,0.9609496426834644,0.9728968041989373,0.9438359160015055,0.9814879679338552,1.0,0.1,1.0,0.1,1.0
0.9368488146479907,0.9444466313915189,0.9716832261647079,0.9277348168465925,0.9270731138649921,0.9326614072122948,0.9256460561449298,0.9381640860978583,1.0292339293939188,1.086829636007526,1.0463462704092679,1.0,0.1,1.0,0.1,1.0
0.9002576114941718,0.920077833301132,0.9209850412746694,0.9956752294349538,1.0012087726119285,1.0097665828742566,1.0454608391947364,1.021401265856199,1.0366012258874946,1.0641106038018031,1.0439922520753044,1.0,0.1,1.0,0.1,1.0
0.8765351351266724,0.9264372856833536,0.8986035375621941,0.8896365456657652,0.9565176172133245,0.9398468704968579,0.9714234154130436,0.9688848137669946,0.9441822737065928,0.9343859427694821,0.9251841367936101,1.0,0.1,1.0,0.1,1.0
0.9927736778620506,1.0100985114838918,1.0227171856154469,1.036229298736592,1.0444522020631646,1.0702507771808039,1.044240879188037,1.0582515432207236,1.0801668168920475,1.1009261659080936,1.1153801091254598,1.0,0.1,1.0,0.1,1.0
0.9510018671283355,0.9972805433980432,1.0249737943343207,1.0620485739522063,1.0478896710344945,1.0661711521965478,1.0431955943328888,1.0770390746132044,1.0619032348972006,1.0893630898289348,1.1288596099606711,1.0,0.1,1.0,0.1,1.0
0.9253524595843592,0.9177801519853834,0.9187691876103306,0.918340534852234,0.9614218905278364,0.9964638288672166,1.0123852556987374,1.0155507495028337,1.024068834686313,0.9821728948038599,0.9584991526136586,1.0,0.1,1.0,0.1,1.0
0.9848179618871968,0.9774865117089987,0.9910171824960868,1.0085638031741164,0.972832592120064,0.9676444705324555,0.9394591331274486,0.9025305517154808,0.890255183167555,0.9193994367022713,0.9084345294091837,1.0,0.1,1.0,0.1,1.0
0.9450093142591691,0.981502761234563,0.9959986540221583,0.969856810487416,0.8845330079420259,0.8976025727560961,0.9367807854515926,0.9094383740365651,0.9026562545467052,0.9459698927958391,0.9369213288384601,1.0,0.1,1.0,0.1,1.0
1.0164647536191893,1.0210332728461164,1.0417479844153072,0.9958211119293027,1.0052586703894504,0.9726370850759988,0.9623421989247716,0.912800781869875,0.8664579331326031,0.8799291826134127,0.9010967050299146,1.0,0.1,1.0,0.1,1.0
0.9037745559110292,0.9017403722491729,0.9672899887461367,0.9280062446574829,0.9583102152779839,1.0195072862021175,1.0064961512356296,0.9586977192911641,1.0073442867598756,1.0467881434930857,1.0517397523199044,1.0,0.1,1.0,0.1,1.0
1.0516176040824399,1.0488449344474093,1.06612290717031,1.0656191630791747,1.0240434120870943,1.0442073030813248,1.0393275134344158,1.032903803471816,1.0214760470288173,1.0205243718183514,1.0199767291769428,1.0,0.1,1.0,0.1,1.0
0.9428435523244876,0.9348964782856307,0.9147561895333616,0.8731479208929627,0.954015505482722,0.8966700791355418,0.8940563214724367,1.005022432985796,0.9376510569925098,0.9635059424702516,0.9537731251949386,1.0,0.1,1.0,0.1,1.0
0.9620470446111131,0.9227759983349714,0.9459183722058692,0.9534132941126341,0.9111915453026997,0.944933168857697,0.9644905432136354,0.9741147417391621,1.0373867565791421,1.0858954077557876,1.1048031457863026,1.0,0.1,1.0,0.1,1.0
1.0588201989969044,1.0499623038422659,1.018007026155589,1.0519734424716813,1.0237142891343816,1.0276847558710502,1.047954715248343,1.0309343389166419,1.0278334793123882,1.0293163078749488,1.0148537340896868,1.0,0.1,1.0,0.1,1.0
0.9504739691972327,0.9545809725841143,0.9388836633979212,0.9064731185758536,0.9509025488221475,0.9632205626502196,0.9841620895828201,0.982610519396292,0.9940782931607719,1.0294935434023529,1.0718600981694024,1.0,0.1,1.0,0.1,1.0
1.0398668214574167,1.0432457956887253,1.0304640274360508,0.9983586561386842,0.9868982635090259,0.8772014537234027,0.8636140395359965,0.8322509814632816,0.8097037748993932,0.8297090260547451,0.868192915280678,1.0,0.1,1.0,0.1,1.0
0.9194892606017482,0.9253171448233115,0.9532798392819896,0.8988472373210515,0.9093725761311062,0.89418385052478,0.9268815653810347,0.9273966826987518,0.8967103125548093,0.9514100160724286,0.9591639540692735,1.0,0.1,1.0,0.1,1.0
0.9837028300958073,1.0132600591645193,0.9903936191528556,1.0151139108134533,1.0286126081015807,0.9658658206535474,0.995272510201103,1.0136125643716507,0.9980577787086389,0.9954603224945018,0.944551552119822,1.0,0.1,1.0,0.1,1.0
0.9997149406559663,0.90893373192535,0.8978537157743597,0.9421916637263512,0.9674227464366786,1.0176132143949808,1.0242381215752026,1.0359310514528781,1.0231820003420746,1.0744451539837887,1.0127111141655725,1.0,0.1,1.0,0.1,1.0
1.0298024597282434,1.0687930781864519,0.9675973998156645,0.9561888691138524,1.01307444811646,1.0865936227793374,1.0560664134111988,1.0488912311351,1.0335135771955437,1.0131515191936724,1.022209130319228,1.0,0.1,1.0,0.1,1.0
1.0346217339639046,1.0051949383783851,1.0584929353627448,1.032443400860003,0.9711241813943812,0.9425211206088919,0.9704130977115112,0.9201299821625745,0.8866648186024763,0.8785910873832331,0.8744153272995334,1.0,0.1,1.0,0.1,1.0
1.065809324066402,1.0729763308646787,1.0627007118756762,1.0608326376563693,1.0910765136170604,1.013009263541916,1.0297034523195958,1.006161054280449,1.048748506808299,0.9998350902295378,0.9773569229379897,1.0,0.1,1.0,0.1,1.0
1.0618480246375341,1.0015073230380618,1.0229957319609355,1.0131454985805741,0.9979605211317312,0.9775575736898982,1.026738567825028,1.007204033068576,1.0017991411495495,0.9525548102982521,0.9850080923747112,1.0,0.1,1.0,0.1,1.0
0.9424856749080853,0.9394628751734233,0.9147728111946533,0.8630178578655617,0.9139627884199014,0.8959337124195983,0.9186494684367807,0.973167633412235,0.9777236235711559,0.9023755192555305,0.8935045654414384,1.0,0.1,1.0,0.1,1.0
1.0077784334257924,1.014167212898953,1.0273868389552732,1.0093252116387326,1.0250045399677687,0.9836933103450443,1.008335176571185,1.0081552584488034,0.9786886350834704,0.9673620702029522,0.9371869601908749,1.0,0.1,1.0,0.1,1.0
0.9767067796405854,0.9707801216157795,0.9905668615991243,0.9615050511355698,0.9321570308247613,0.9287229911138605,0.9410458941649212,0.9282771698838653,0.9324042286766228,0.947815278344109,0.9881214080324692,1.0,0.1,1.0,0.1,1.0
0.9476419078515784,0.9191694284688,0.9226411206992281,0.9535947445780548,1.0018486043449373,1.0532932371533341,1.1017880912315767,1.104500843210809,1.099706294076557,1.1567541554921843,1.132717918562083,1.0,0.1,1.0,0.1,1.0
1.0250513113499908,1.0261824466707665,1.053648640991049,1.06273679624439,1.0480558390161934,1.0660289999176324,1.0253476122119922,1.0146297235837953,0.9765973642495167,0.9107277313379717,0.9060283217005546,1.0,0.1,1.0,0.1,1.0
1.0844070754744803,1.1353362422171733,1.10940262390305,1.1081136940096672,1.108419692981624,1.1250792691348719,1.1126603713511456,1.1127458056212618,1.1808931688501774,1.1531315018770782,1.1822531821667188,1.0,0.1,1.0,0.1,1.0
1.1211602392802806,1.0929459734566613,1.04950029961248,1.052150380062058,1.0175321989459256,1.019165383511787,1.036237159636871,1.0446913573135186,1.037649303672637,1.0666733134401944,1.05566371572528,1.0,0.1,1.0,0.1,1.0
1.035678196902479,1.0415889666114837,1.0648149468732542,1.0833408753878644,1.0787856008050472,1.0786018901905283,1.0899418887366814,1.0942985404996803,1.0648944334860841,1.043588625144567,1.0085147297807395,1.0,0.1,1.0,0.1,1.0
0.9308695941588913,0.9395133521253136,0.9846326922071321,1.0198262844929462,1.0164119110660348,1.0265340217389267,1.025618307773655,1.0451811558265633,0.9607177288905804,0.9772476307004958,1.0059508361192493,1.0,0.1,1.0,0.1,1.0
0.9658426403769594,0.9546396513322291,0.9148746717777947,0.9385397226354187,0.944996808798853,0.9641350108722778,0.9513894397457525,1.0031769204235337,0.9531597363762322,0.9338615220612717,0.9343659313859146,1.0,0.1,1.0,0.1,1.0
0.9240433186950886,0.8905705198845669,0.9722890325025809,0.9717844254875915,0.9492249282749664,0.9185417629420296,0.9714560165708348,0.9182533142263678,0.8921293607283903,0.9072869754730613,0.9037159673841473,1.0,0.1,1.0,0.1,1.0
0.9327046325746541,0.954500497950379,0.9774620149639367,0.9856764916654305,0.9124749719345645,0.9108109807863755,0.9085641363149735,0.865704840381211,0.8943337515008591,0.9097055392653954,0.9320512984669639,1.0,0.1,1.0,0.1,1.0
1.0089688752572128,1.0619646060695531,1.0973087210118417,1.0939048050062985,1.0908831939844195,1.1040027063350177,1.0888430838794791,1.1187162811271483,1.0848835515048165,1.0595793641776106,1.0202721219289865,1.0,0.1,1.0,0.1,1.0
0.9777692129110965,1.0187774685911986,1.0013289560923462,1.0048385961455952,0.9809055893819342,1.0537264475651087,1.0676080539388006,1.1054806730487161,1.112497327715676,1.1027384992341585,1.127616956221126,1.0,0.1,1.0,0.1,1.0
1.0564268513360184,1.0852057653270946,1.0548587181926792,0.9935686745212823,1.007087865840857,1.020316222516473,0.9790905967178912,0.9843661953327124,0.957946971220645,0.9684480885330462,0.9566020730143522,1.0,0.1,1.0,0.1,1.0
0.9715565268256567,0.984361006248382,0.961962745165298,0.9362219343391873,0.9728019219583602,0.9963739596270322,0.9995924111904269,1.0093853171306084,0.9482671999634885,0.9306966834476914,0.9413940771052227,1.0,0.1,1.0,0.1,1.0
0.95906771662752,0.9837003948834693,0.9268614116775111,0.9127821384595572,0.9183374731183216,0.8778764631719356,0.9018936348959674,0.9323276861282264,0.9396944516618302,0.9500311657636307,0.9891479220368966,1.0,0.1,1.0,0.1,1.0
1.0272631532826886,1.003517831401709,1.0035946608756856,0.9763040005760215,1.002199079626889,0.9658989744453227,0.968775914304687,1.0043107880462567,0.9523778383342618,0.960921797077666,0.9610282298177402,1.0,0.1,1.0,0.1,1.0
1.0546334097060304,1.0190547196011135,0.9821633484024834,1.0018603177164744,0.9578762710992175,0.9815361173261483,0.9815560016883391,0.9696765706256872,0.9705175645320286,0.9960639448438176,0.9948307897469574,1.0,0.1,1.0,0.1,1.0
0.9556498942020721,0.9595462905459821,0.98496826345795,0.9944409658565362,1.0230561760617505,1.0139891701140327,1.0355292938146714,1.0269863028142134,1.0300043379813133,1.0420736187754074,1.1036060230146927,1.0,0.1,1.0,0.1,1.0
1.0731258285949625,1.0660352388234928,1.0140700451503815,0.9961727078678444,1.0044942386976299,1.069581402163462,1.0665634356448135,1.093601183258647,1.0830176116819124,1.0484880664347878,1.0082052735416875,1.0,0.1,1.0,0.1,1.0
1.1019394613201783,1.0364754403636962,1.0292435284115466,1.0523011922979142,1.0501754487039863,1.0570852119279623,1.0963890595609946,1.0310759496997945,1.0026416363028545,1.0189449885250164,1.028496370944662,1.0,0.1,1.0,0.1,1.0
0.8684227608655537,0.8885950989607159,0.9509450666791587,0.9650458683027615,1.0011365081225079,0.9969036337707408,1.0514368057310786,1.0369404875200166,1.047928386750109,1.0102647467091017,0.9469880931878777,1.0,0.1,1.0,0.1,1.0
0.9905583106170791,0.9738803410488542,0.9732083241191689,1.0319506745376632,0.9920602469004197,1.0102567915613365,1.0026118697302193,0.9703577117501628,1.0052495719032222,0.9384328662208878,0.9295371121957091,1.0,0.1,1.0,0.1,1.0
0.978002840965737,1.0403266406465477,1.0322648037990296,1.047743264472796,1.0706864065732407,1.0662755199448763,1.025614230465,1.0025188863770016,1.002285105872459,1.0081896765887648,0.991765191049731,1.0,0.1,1.0,0.1,1.0
0.9603789624912783,0.9775158678800675,0.9590748391461882,1.0029665259620586,1.0101665473614376,1.0067405226091282,1.0411341131669591,1.0491606677969834,1.011805541863699,1.0012693076688925,0.9900404286973059,1.0,0.1,1.0,0.1,1.0
0.8482216844319137,0.884355604807087,0.8561298716228634,0.8902501126250203,0.8851909885865588,0.9982418946191411,0.9943159176645183,1.0570778866790889,1.048543571947544,1.0408881757710509,0.9684667134405914,1.0,0.1,1.0,0.1,1.0
1.0411434573205234,1.0336655726516224,1.0746373663770752,1.019530436039687,1.066182675653027,1.093812301250438,1.051507458841821,1.061815203301466,1.0136984609688737,1.033831580771057,1.0310416285360353,1.0,0.1,1.0,0.1,1.0
0.9854071906217549,1.0204929463455883,1.0004543119834788,0.996991515775684,0.9790278346295443,0.974508134814005,0.9487427533613345,0.8910612829607983,0.9375120383737509,0.9490657722820606,0.9353785505492604,1.0,0.1,1.0,0.1,1.0
0.9261812262762162,0.9344834268692437,0.9409506242877332,0.9681803158790289,1.0007779499331957,1.026741875672591,0.9897855368988886,0.9756780330635024,0.9958851773446057,1.0013131702505957,0.9509861173463366,1.0,0.1,1.0,0.1,1.0
0.8696000625221926,0.8745771003686692,0.9390107058507842,0.9396326173221131,0.9524995798795911,0.958742065460199,0.9321870741668531,0.8872499435836034,0.9131129184226487,0.9630644450795238,0.9382458337393883,1.0,0.1,1.0,0.1,1.0
0.9406440993688374,0.9324672466530495,0.9386328484140611,0.9691463119016591,0.9246082250423524,0.9530844988446636,0.9702326741860361,0.9464283791810428,0.9771602621478087,1.0291159528729548,1.0281013564767039,1.0,0.1,1.0,0.1,1.0
1.0030168435940916,0.9983914312647447,1.021452611947467,1.0544026856832918,1.0222613757869659,1.0511644010570211,1.0630222551578592,1.0348329001327772,1.0160220594757066,1.0225618631818936,1.0073274436327564,1.0,0.1,1.0,0.1,1.0
0.949064927543659,0.9285469613045498,0.97723437179804,1.024974781694393,1.044928933748151,1.034687640386212,1.029910231646159,1.0518283059029432,1.075599765706347,1.078078257705824,1.0612149086534903,1.0,0.1,1.0,0.1,1.0
1.048506176818158,1.0511190916341642,1.032099725347409,0.989045666378846,1.0087819051984852,0.9898772793104583,0.9720932913449694,0.9868380451710262,1.0319437084489398,0.9879639869974981,0.9601425317696606,1.0,0.1,1.0,0.1,1.0
0.9804404989913637,0.9700291842416287,0.9833223879199404,1.0064994911674499,1.020503290729808,1.025640887942178,1.005316978004852,0.9879543751716257,1.034206277203749,1.0128748902257212,0.9864799037758434,1.0,0.1,1.0,0.1,1.0
1.1084723363709752,1.0732629402564027,1.0682391330983043,1.0516850366450015,1.0302412763833502,1.0291413921806862,1.0369419938294897,1.004865218693408,1.0224887391197977,1.046252346265916,1.085171224513428,1.0,0.1,1.0,0.1,1.0
0.9500939830712992,0.9629777874018515,0.9694834612198987,0.9308485680463179,0.9065569812513984,0.9382749289031254,0.9390406982665432,0.912664383795234,0.9120339903069202,0.9627382118338768,0.9527728322393776,1.0,0.1,1.0,0.1,1.0
0.9233915650701678,0.8925280568317953,0.868495960041386,0.9170758062566333,0.9428994456712004,0.9264539857887613,0.9651072961370416,1.0001498619443474,0.9799299265603062,1.0020159125848525,1.025636105376682,1.0,0.1,1.0,0.1,1.0
1.0408133499771137,1.0363725181262775,1.0652397395312312,1.0906598870229773,1.0709196193782762,1.0770874677522717,1.0164194614016246,1.0125435213625218,1.0026708036918122,0.9926126238583958,1.0029816935006093,1.0,0.1,1.0,0.1,1.0
0.9785782784639195,0.9396890626863645,0.9038322969883309,0.8912713904197807,0.9151790444847285,0.9809671732797827,0.984496794241849,0.9437916330706461,0.9962889621928057,1.0007683726720613,1.0145506085678084,1.0,0.1,1.0,0.1,1.0
1.048354829794984,1.0440020663228728,1.1021126256295144,1.1237723290170372,1.123341395235841,1.0951992986604298,1.114912897111433,1.18713737981652,1.1576611623574091,1.1089201201373502,1.0905723108275511,1.0,0.1,1.0,0.1,1.0
1.0344241622143824,1.0047808992223772,0.977414588720934,0.9627404302144451,0.9943701087837455,0.9711681896890249,1.0518888500238504,0.9876899579018892,0.9521673041806593,0.9557221089876093,0.9165112049355817,1.0,0.1,1.0,0.1,1.0
1.0245664719003194,0.9767486766136938,0.9986928647620694,1.0498747432787388,1.0700006681122247,1.116919427046945,1.0817783963761571,1.0621855060241272,1.0787913135437492,1.0391976031653984,0.9999006332380463,1.0,0.1,1.0,0.1,1.0
0.9924876718109079,1.00514534101604,1.037392660605176,1.055983401401873,1.0637708870520495,1.0447202719718482,1.0614627089945055,1.06457977873788,1.0940996335083226,1.0872732110813015,1.0969239094629202,1.0,0.1,1.0,0.1,1.0
0.9463361417871824,0.9558363573446396,0.9550445390661413,0.9697997715740307,0.9642998031234011,0.9863816587544821,0.9712814704364522,0.9864146532352731,0.9109353698544684,0.9669495012243834,0.9912795234510338,1.0,0.1,1.0,0.1,1.0
0.9805295332205753,1.014022304362714,1.0050440638333014,1.0370003476145937,0.9683257717692896,0.9716447859405479,0.9771673753365204,0.9178057484633425,0.9377698191039964,0.8673284823309334,0.9231742777635269,1.0,0.1,1.0,0.1,1.0
1.1392556820104658,1.1496489995419161,1.1070787682847165,1.1158482732652355,1.0810964657138658,1.1070520519775304,1.1160159504002287,1.0760146390302971,1.0662262215705647,1.0664023693900089,1.0402169856989691,1.0,0.1,1.0,0.1,1.0
0.9876141169136636,1.0529490674921866,1.0537335545711728,1.1147202317005083,1.1193028214221272,1.0955803899207075,1.0506914823777769,1.0958842838983265,1.1062248426887442,1.0781394648944163,1.0529467364429905,1.0,0.1,1.0,0.1,1.0
1.1634908139480795,1.1320942631068327,1.1798238113279549,1.1416097513253092,1.0856433772560323,1.1270005150126334,1.1246399634354178,1.113383229038441,1.0742233599890982,1.0803879646831756,1.079098303536973,1.0,0.1,1.0,0.1,1.0
0.98346008618683,0.9715314320165305,0.99508990147452,1.0058437244393381,1.0246108058108796,0.9721137840935317,0.9640460122518036,0.9008636527958984,0.9054797833520511,0.8676380852164285,0.8543921599292568,1.0,0.1,1.0,0.1,1.0
1.028436109970936,1.095203032966888,1.0708331370219917,1.0394814643801285,1.0386389999599879,1.0213057057260295,1.0505486729944837,1.043291683187302,0.9979252059263799,0.9784725442814309,0.9497160101215316,1.0,0.1,1.0,0.1,1.0
1.0554555897689832,1.053185019996563,1.0623380758028467,1.0946870912754847,1.073431028482662,1.0534445796694383,1.017807419332923,1.0344795859359859,0.9771255433152584,0.9372051533044601,0.9335466576626646,1.0,0.1,1.0,0.1,1.0
0.9797435108453578,0.9719771633442363,1.0057164340058873,0.9876591781333033,1.004923799246759,1.0204258626167453,1.0643045992845144,1.084670997991706,1.0818873006570635,1.033283626693285,1.0320715569474428,1.0,0.1,1.0,0.1,1.0
1.0666034256663623,1.0712234749369416,1.1031288154268677,1.1098567480374184,1.0898027258373955,1.1267447330692657,1.1006812473149177,1.1018989638571919,1.1187885353093965,1.1471331979457657,1.14646130299001,1.0,0.1,1.0,0.1,1.0
0.9854286525369671,1.0201606763154785,1.0520199807822965,1.037543611057805,1.0607183899386943,1.0834429360536841,1.059092471662285,1.0145614397587348,1.0575030792739122,1.0709238079140526,1.047999984285259,1.0,0.1,1.0,0.1,1.0
0.9992714436956798,0.9826549973453408,0.9645919615908786,0.9615121766835419,0.9170313385339359,0.9403397654844378,0.9898095159605499,0.9527097036352344,1.020758240078776,1.052517796577909,1.0796045084509769,1.0,0.1,1.0,0.1,1.0
0.853134279372225,0.8448828898054623,0.8343820883795587,0.845853242169404,0.8946823363900805,0.8641665276869069,0.8597803276187909,0.9155631956483922,0.9038385403383192,0.9042847804841987,0.9447961269879402,1.0,0.1,1.0,0.1,1.0
0.9861300387247387,0.9739325512187198,1.01022224625384,0.9989487848193909,1.0106895811254508,0.9850362267871104,0.981272785809238,0.9581973774899067,0.9682270498899205,0.9041678946560033,0.833488112962747,1.0,0.1,1.0,0.1,1.0
0.7981022545842184,0.8815486304970437,0.8591960345222479,0.9093284783631925,0.9075470616186805,0.9258586963982318,0.964701800088993,0.966070978994633,1.0197566653102685,1.0082643490815797,0.9881835626465122,1.0,0.1,1.0,0.1,1.0
0.9012020716395126,0.8993046945863513,0.8980048200103458,0.9249249593628773,1.0027013022277593,0.9109436366370344,0.9042174260580941,0.9043967569850735,0.9025953255059044,0.9501591619505595,0.927664736531009,1.0,0.1,1.0,0.1,1.0
1.0497800478767787,1.088038200655061,1.0416601988333576,0.9696340790766097,0.9725569923183865,1.0282047181282103,0.9769838340301615,0.9857645334981867,0.968441413721584,0.9939943272282893,0.9785308256977323,1.0,0.1,1.0,0.1,1.0
1.014121358536656,1.0260994566868544,1.0520841259201932,1.0625888030425499,1.0624473949018884,1.0401888952007443,1.017730462660656,1.0603149964745597,1.0441828749090976,0.9903087298418585,1.0310091536183383,1.0,0.1,1.0,0.1,1.0
0.978678656028335,0.9732669602538733,0.9801343423295328,1.052572763872016,1.0531037361758941,1.0627137833947045,1.0735326714138136,1.1013942091725673,1.0979575249573046,1.0972820255799063,1.1150761103068882,1.0,0.1,1.0,0.1,1.0
0.9810230445384833,0.9732276677099838,0.9917245070698741,1.0663435101159524,1.0423629286203964,1.0692839531660618,0.9957465412302275,1.0059683486849467,1.0118359179482659,0.9628991420788743,0.9566864769621511,1.0,0.1,1.0,0.1,1.0
0.8946406086895742,0.8222772372172058,0.8374051316076305,0.8621571308619502,0.8872156008067682,0.9309247783417715,0.9215792732022927,0.9324768710856857,0.9393088044836243,0.9254476138250861,0.9520654909240897,1.0,0.1,1.0,0.1,1.0
1.069180704834341,1.059130527599671,1.0397587537597248,1.043067962704891,1.0547012932954305,1.0428907639093934,0.9756449125165705,0.9740808092659576,0.9857744294505274,0.9936991486581795,1.015651048899697,1.0,0.1,1.0,0.1,1.0
0.9710100702152715,0.9697274595494068,0.9814333303911967,0.9708258520688956,0.9602115900904925,0.9823713719051713,0.9497392829619196,0.9373502668310919,0.8917676160301609,0.8870813587258845,0.9279393335963609,1.0,0.1,1.0,0.1,1.0
0.9459229878973637,0.9167603025136417,0.9734545255426532,0.9292446855752211,0.9691817894919712,0.992826329212648,0.9879930180302687,0.962226699284324,0.9823784743064209,0.983520462793593,0.9159005243482019,1.0,0.1,1.0,0.1,1.0
0.9639288651828893,0.9313542418900721,0.9558751098960641,0.9742716781573678,1.0218102471855437,1.0307500900788178,0.9763942402586789,1.0290640890583345,1.0232765278839624,0.9682423949835615,1.0004851522787361,1.0,0.1,1.0,0.1,1.0
0.9418663078316404,0.9610910604290825,0.9973351809818021,1.044997379585001,1.0426297436530703,0.9900640834332157,0.9828115704754815,0.9840199085217909,0.9637378015655569,0.9956364078945295,1.0179873956795673,1.0,0.1,1.0,0.1,1.0
1.0041647043375206,0.9882412938169247,0.9792852831095106,0.9958441230908218,0.9879080021346441,0.9765176592902011,0.9549069386862075,0.9838817008246106,0.9472760266580479,0.9181771594767292,0.9565528278708955,1.0,0.1,1.0,0.1,1.0
1.082915708587456,1.1265836399434044,1.1686141496292821,1.1389471544868217,1.1610942147476289,1.159397866517065,1.1592539910076431,1.1276429781881938,1.146028249588777,1.1374708942679628,1.0955116045765927,1.0,0.1,1.0,0.1,1.0
0.9958885543186687,0.9903145774836758,0.9516203312526417,0.9527347383449184,0.924577689825483,0.9341664818018603,0.9702662089348062,1.0052357758252017,1.0052209158065784,0.977163972844211,0.9559609867820322,1.0,0.1,1.0,0.1,1.0
0.8692558885084857,0.8772793701208488,0.8474342027029715,0.8391946073361144,0.8870260004320871,0.9298682857448597,0.9282600118196952,0.9152032201865834,0.952610781974571,0.9564157764964566,0.981863273343175,1.0,0.1,1.0,0.1,1.0
1.0185124554766205,1.0601617004112316,1.0472422797737901,1.0317906743906329,1.0895186894027291,1.110270504969479,1.1071135180839435,1.0822340074906718,1.0135715795310705,0.9826705393378272,0.9438589050557546,1.0,0.1,1.0,0.1,1.0
0.9966054138668642,0.9650842416071514,0.92260941885357,0.9435854857772271,0.9843766218560444,1.0573081084561549,1.0421568488833441,0.9778792744558523,0.975775437274392,0.9800732681866405,0.9735097177230888,1.0,0.1,1.0,0.1,1.0
1.096740580924341,1.0577359821804924,1.0141947194821932,1.0372006160124794,1.0827540669166904,1.1277901160051371,1.0880198989537486,1.0647417129405328,1.0168680927846672,1.0791932159179844,1.065344735540042,1.0,0.1,1.0,0.1,1.0
1.0223643422350677,1.06578948029322,1.1168362209254203,1.1325979638210129,1.14579084352007,1.1436248600951975,1.1733630052132948,1.1475298007364383,1.13494148193291,1.1668681561786376,1.0359588766926406,1.0,0.1,1.0,0.1,1.0
1.0244391196946185,1.0368401170053803,1.0132453306938054,1.0457542107929727,1.0075474292550959,0.9813131979522038,0.9839099443611353,0.9523216689432721,0.9207021076659264,0.889764096744157,0.8991786257949579,1.0,0.1,1.0,0.1,1.0
1.0785006827270631,1.090163324155295,1.0713931624184896,1.082872210658698,1.0686680420358101,1.0757366511152338,1.0631901076351884,1.0770185861232053,1.0681044346927415,1.0250213820182221,1.0457657182779898,1.0,0.1,1.0,0.1,1.0
1.0344072728976275,0.9412429365541979,0.9737324970944218,0.9943552550660449,0.9615434163134092,0.9745016276514658,0.9549262613044773,1.0063473580432107,0.9286400561812805,0.8881321386363694,0.8998747863305482,1.0,0.1,1.0,0.1,1.0
1.0926041299565428,1.073670184830331,1.03378073920906,1.017331315853519,1.0326388288135684,1.0411752530609728,1.0122732087021202,1.0667341865877227,1.0647899196116466,1.0720161557139196,1.0706316080334506,1.0,0.1,1.0,0.1,1.0
1.0333838186172088,1.0121679588867354,0.9488162555210309,0.9193471753616264,0.9333322293505426,0.9585146064374557,0.9585888684843742,0.9361662536563544,0.9428777418959124,0.9478913055829291,0.9973332974266743,1.0,0.1,1.0,0.1,1.0
1.0011973350828056,1.0344161031287755,1.0649825688998382,1.0335227714112927,0.999665777357494,0.9841122711986241,0.9421437941606842,0.9476606514331163,0.9199251356159979,0.9450275466907243,0.9184815688057149,1.0,0.1,1.0,0.1,1.0
0.9516115219142258,0.9227133902796393,0.9075304942962299,0.9356588969349318,0.8972862801383473,0.9066087513357571,0.9347624378100975,0.9396044046101925,0.9215956065948622,0.9173567267444611,0.9195074627901771,1.0,0.1,1.0,0.1,1.0
0.990939292992953,1.0237967727164818,1.0574876256448105,1.0242133665920727,0.9835694893448048,1.0076866326794158,0.9485773157544721,0.9804145109068378,0.9512152153528187,0.9789703296662683,1.009810093631317,1.0,0.1,1.0,0.1,1.0
0.9675101452296498,0.9824768331446047,0.9801546644880813,1.002711364996919,1.0020437196423704,1.017384074892012,1.0541237535377597,1.0235255899511886,1.0117295753535909,0.9686942992604193,0.971370514840488,1.0,0.1,1.0,0.1,1.0
1.0090419411323175,1.0115534451139578,0.9580665886730252,0.9480853924773522,0.9571994056408302,0.9416216921056058,0.9443322877613312,0.9690643980247836,0.930057086700381,0.9221388764787034,0.9037289106936331,1.0,0.1,1.0,0.1,1.0
0.9781873506751646,0.9791652204271831,0.9674765316429886,0.9993429561892112,1.027252283705479,1.0336315021267766,1.0416017298355176,1.0323881823652308,1.0213285792094895,1.017588816201745,1.0205036739440019,1.0,0.1,1.0,0.1,1.0
0.8383500853142676,0.8652158902302157,0.8698705251488513,0.8998964036896271,0.8927729114590461,0.8992229737979451,0.9190705013647599,0.964007249154475,0.9830034651511876,1.0029604647969879,1.032931090118878,1.0,0.1,1.0,0.1,1.0
0.9691873442178791,0.9490232617078127,0.9581169031076601,0.9781896410194554,0.9702532835428495,0.9143131434357517,0.8765350357724894,0.8846443504687986,0.9438551595490987,0.9922913307186232,1.0119281410913288,1.0,0.1,1.0,0.1,1.0
0.9293049174126987,0.9323955424141087,0.9498045786636828,0.9921206500607934,0.999633018102227,1.0369668876883926,1.0356536316018432,1.097446094993117,1.1245029397832074,1.0939827805749947,1.1165445683630477,1.0,0.1,1.0,0.1,1.0
0.9431899135415124,0.9719378843389479,0.9783521609287871,0.9749657110998405,0.9838595432266196,0.9604627213748148,0.9083455407483589,0.9552196376964643,0.948858963556275,1.0200931226848726,1.0000264396161331,1.0,0.1,1.0,0.1,1.0
1.0507148390752028,1.0189444830334022,0.931745409497953,0.9771794323194327,0.9469046065584767,0.9343498081702102,0.9463077880481545,0.9504247956778018,0.9218225292070372,0.9423531816442842,0.9783465801180976,1.0,0.1,1.0,0.1,1.0
1.1311050335686808,1.1373686679360373,1.1047280474196977,1.0749835243387815,1.0755555188332264,1.0208856118299745,1.0138022912696518,1.022421556537097,1.054079041473298,1.0218767460940157,0.983262211939043,1.0,0.1,1.0,0.1,1.0
1.0852079188153017,1.0714426384698044,1.0435089977905905,1.0680615281422607,1.1144085720841173,1.0668964522492348,1.0341752111577516,1.0208092296261244,1.0858236887483512,1.0861792755404898,1.0533199527482529,1.0,0.1,1.0,0.1,1.0
1.0765924950305592,1.1076611348379002,1.0793687582397011,1.0783300613142925,1.043401332191192,1.0714449934457586,1.0490494727971997,1.0667555406695737,1.0565107123060482,1.128672244027853,1.1415213990500392,1.0,0.1,1.0,0.1,1.0
0.9314860368191643,0.9390730436000281,0.9127464712001218,0.9436914385685327,0.986178954714748,1.012267959735422,1.0401324850952434,0.995430265567909,0.9968934723232731,0.9831846992582732,0.9733757776881878,1.0,0.1,1.0,0.1,1.0
1.0363623440974667,1.0547076986880846,1.0151653334984427,1.0180490950259962,0.9348580938842208,0.9479512841270558,0.9420490688138022,0.9303721032320946,0.8721575019430653,0.8640226306089844,0.8683200977149057,1.0,0.1,1.0,0.1,1.0
1.1144131355556786,1.1112216566728412,1.1097349531285208,1.1111503153268487,1.0976503675207574,1.1057627565422026,1.0979978410450941,1.169622950803898,1.1634704482288658,1.1267555658098156,1.1385027807321284,1.0,0.1,1.0,0.1,1.0
0.9385833787049616,0.9896475506105802,0.9997791638808383,1.003431048756685,1.015319812539994,1.0542782527342722,1.0283426513706881,1.0024425888826434,1.033005160435685,1.045902654208895,0.9851930072258137,1.0,0.1,1.0,0.1,1.0
0.9498172774336163,0.9502617824907011,0.9801392163639495,1.0296266139043542,1.0565286548404154,1.0629307277908122,1.0956960587272873,1.09685603748858,1.135417048073873,1.1485458636656516,1.1462237216513358,1.0,0.1,1.0,0.1,1.0
0.9967161626982171,0.9920335574446391,0.9827851287261188,0.9197850689472821,0.9395909772331875,0.9228742161620176,0.8911932472198392,0.912599766705153,0.921187386318459,0.9513229583578617,0.9311355033326159,1.0,0.1,1.0,0.1,1.0
1.003257483299924,0.9515993328524712,0.9672722872844898,0.9902295321792385,0.9793886810252852,0.9570577189459859,0.9188000874611093,0.9502552947502272,0.9673501206844219,0.9542916046675283,0.9359381257717169,1.0,0.1,1.0,0.1,1.0
0.9502620323083083,0.9072908587369126,0.9202325893832953,0.945523899977704,0.9878666839171908,0.949375784026848,0.9882407797171261,1.0015463346533804,0.9563941563300481,1.002262807477353,1.0145352538440326,1.0,0.1,1.0,0.1,1.0
1.024686857576203,1.029922890990341,1.0120384634151154,1.0561949316795523,1.050005194605209,1.0121745757629177,0.9722685393818921,1.0130937057945304,1.0345107958866753,1.0339494957697661,0.9915663979099508,1.0,0.1,1.0,0.1,1.0
0.9172320666527388,0.9488617006846882,0.9427832510628216,0.9741304983391096,1.0051823817444077,1.0351495370380526,1.0400845478963823,1.0942512525373116,1.0535651859720434,1.0211215288443238,0.959087743693813,1.0,0.1,1.0,0.1,1.0
1.0685158058297042,1.0200285061862466,1.0243657639070494,1.0517778107580391,1.031970189767708,1.0278938197216074,1.0693247486655717,1.095077781411474,1.0071333641568385,0.9994772121278235,1.0335687959398898,1.0,0.1,1.0,0.1,1.0
1.075655168067282,1.0463266632243144,1.0013587382330154,0.9867946473740374,0.9831344435862589,0.935831165275029,0.9672099527941467,0.9709381885929326,0.983312060062274,1.0266015313572168,1.0867118344761315,1.0,0.1,1.0,0.1,1.0
0.8929240514643441,0.9473429216487468,0.9379360984072566,0.8910678333523432,0.8707778597470188,0.8703365417848551,0.8844085790309157,0.8896802410933677,0.8899256472750331,0.8891544234250883,0.8682241167557226,1.0,0.1,1.0,0.1,1.0
0.9794046037398909,0.9672110286737381,1.0238059577575735,1.0100322048753076,1.0390669531034016,1.0465649039370506,1.0533352891457268,1.0148412861641374,0.9590944565216614,0.9346090076691447,0.9591954694671329,1.0,0.1,1.0,0.1,1.0
0.907913454544644,0.8745793011911331,0.9327813020360788,0.9067134551776801,0.949492893060762,1.0056941787032214,1.0456667984841777,1.0679588904867674,1.0161876877716856,0.9809761566388074,1.0021006741825391,1.0,0.1,1.0,0.1,1.0
1.0288783888981905,1.0203697086903314,1.101990319566609,1.0912307909822405,1.0758755961514195,1.0531879500677774,1.0390079647148467,0.9766845221203381,0.9789628505933594,1.0127627045996035,1.0353413435084047,1.0,0.1,1.0,0.1,1.0
0.9721245407004047,1.0080997272599388,0.9661892579111199,1.029492811712014,1.0426140846420258,1.0096749074339462,1.0158864957761526,0.9992552219986309,1.0089280088726884,0.9807281058089786,0.9666885911004082,1.0,0.1,1.0,0.1,1.0
0.9481219383481713,0.9753723522030395,0.9437657833089135,0.9668010877062269,0.9883627165093929,0.963454019779263,0.9501660025654897,0.9931429014156946,0.9514909252487941,0.946458557456984,0.9361884791187964,1.0,0.1,1.0,0.1,1.0
0.9820381435798307,1.0051703227869426,1.013340339417722,1.0341837265565805,1.0560892359064422,1.073115871364686,1.0534549206853252,1.0544760904103152,1.0479194948071147,1.0807219423624677,1.0063929489256764,1.0,0.1,1.0,0.1,1.0
0.9420948252855861,0.9307121777838344,0.9706102286463922,0.9451972757468254,0.9572796672863954,1.005909988144904,0.9840603229604852,0.9647256125266918,0.9969823794659908,1.02195703137375,1.0919491289842107,1.0,0.1,1.0,0.1,1.0
1.1412809772618113,1.1181967410485794,1.0918507907611206,1.086418302723483,1.132674491884193,1.0851552142046348,1.0696130960504853,1.0575872816908218,0.9838508205988616,0.9751103334733315,0.9813594213436672,1.0,0.1,1.0,0.1,1.0
0.9600840829112491,0.9726529694648027,0.9708707833682838,0.9646838978590113,0.9848098497468992,1.03305936683098,1.0457763281331096,1.0260995175457737,1.0273274232495213,0.9750988904098717,0.971635351480377,1.0,0.1,1.0,0.1,1.0
0.9444987235710044,0.9138785247010154,0.9552231689880379,0.9534119044921623,0.9362818537931438,0.9484952311411265,0.9031895062960067,0.968369464467765,0.9199609201780102,0.9140472089855117,0.8876935121047216,1.0,0.1,1.0,0.1,1.0
0.9926665257841537,0.9914128820071071,0.9804836759838639,0.9768432570022197,1.0314799589014831,1.0390164336954155,1.027356235573641,0.9752288739127492,1.0298257143229452,0.9869367627703675,0.9814374469214022,1.0,0.1,1.0,0.1,1.0
1.0803966863993417,1.043483196855708,1.0586572081101076,1.0690537490091774,1.0371964045105038,1.0677897013210014,1.0446432465431956,1.0438025331255623,1.0357413875408357,1.0722846035076752,1.048629762474911,1.0,0.1,1.0,0.1,1.0
0.9135339290617952,0.9173232756814904,0.9456456439564387,1.01732792294681,0.9963444457949702,0.952950243390085,0.9332231776068018,0.9044896033594095,0.9570605281121765,0.9890754680896218,0.9597679993115648,1.0,0.1,1.0,0.1,1.0
1.0601835527167447,1.01466954208765,0.9727999921939077,1.0195718297048493,0.9903363168969762,0.9897681837480374,1.022468856145915,1.0210799221190072,0.9914148594662203,0.9902301318772483,1.0389837489146547,1.0,0.1,1.0,0.1,1.0
1.1775001958354938,1.171881247065551,1.1686939958870481,1.1757079611974803,1.1564104525723078,1.1439725299283514,1.1140890777255097,1.0963476253244142,1.0553978293303656,1.1116380688248841,1.0662406435099323,1.0,0.1,1.0,0.1,1.0
1.0146111723522977,1.020758661038066,1.0228754089886098,1.0187329372503187,1.0277089002696154,1.0089133314795187,1.0144924331012295,0.9969600827121863,1.011152339581065,1.0292376266961158,1.0409218802257167,1.0,0.1,1.0,0.1,1.0
1.025358273365128,0.9912193870008432,0.9639945970872176,0.9536587529796963,0.970112780394425,0.9963070587844389,1.0193144649424257,0.957830332195733,1.0078848113521883,0.9685363384343857,1.0619290533452617,1.0,0.1,1.0,0.1,1.0
0.9454981383073804,1.0130668829616314,1.0070119161673003,0.9768094522202317,0.9819274251873986,0.9849019150995894,0.9844766873368688,0.9840453186383371,1.0244343375171079,0.9648038321104183,0.9503013295351052,1.0,0.1,1.0,0.1,1.0
1.090092604282897,1.0939382072719825,1.1125768750889558,1.1048762220053383,1.1152660471447664,1.0804789587492682,1.1101205292877991,1.1027680659630958,1.184935682163132,1.1480743577239851,1.1759991346757217,1.0,0.1,1.0,0.1,1.0
1.0159102975130447,1.0055336506024488,0.9725744420099326,0.9840159776705925,0.9717068638990103,0.9478989862642477,0.9163128223391397,0.9563547225403536,0.9112096427987004,0.9121523553731067,0.8948401779409111,1.0,0.1,1.0,0.1,1.0
1.0331986584734179,1.0954318182910552,1.116051677615178,1.09180574678757,1.1389949699022452,1.085370606433961,1.0725747871742033,1.0617659634060368,1.0216757508860559,1.0129245638216904,1.005551488094895,1.0,0.1,1.0,0.1,1.0
1.037539961159394,1.0717152713008276,1.0681978210796776,1.12535690427251,1.0994195618882667,1.04182126128051,1.0633736846305775,1.0706855694406987,1.0532342739869338,1.079892296075896,1.1024916978100399,1.0,0.1,1.0,0.1,1.0
0.9811991950733635,0.9858564277182438,0.9493492431133667,0.964069791108837,0.957534875526365,0.9557723846635577,0.9784517934865978,0.9937274657101088,1.0113792088183466,0.9630311864536297,0.9417035801068226,1.0,0.1,1.0,0.1,1.0
1.1315853174543875,1.1123361912981866,1.1121714194414034,1.1833090961542856,1.184926799643871,1.1265053463192802,1.1162046369781753,1.0562375503535484,1.0527045822876704,1.0769178939510717,1.053400932620207,1.0,0.1,1.0,0.1,1.0
0.9795734686553529,1.0022212192276356,0.9791988772927158,0.935320777486234,0.9415994422320305,0.9196451809514876,0.9578656222359108,0.9470388998629554,1.012276724830714,1.0076064827424045,1.0381578736808388,1.0,0.1,1.0,0.1,1.0
0.9648092915001424,1.0105934267535492,0.9994111042628202,1.0220569769482255,1.0103918069485134,1.0223226723717518,0.9861185925230769,0.9822199803848557,0.9662845642338217,0.9850452352563774,1.0803146086534428,1.0,0.1,1.0,0.1,1.0
1.068515728907461,1.068828497400214,1.0594330089166804,1.1265813490171726,1.0988073455549947,1.1140175598711817,1.0735224791465443,1.0814307734147444,1.0827871491483259,1.0815091248681266,1.123241007839237,1.0,0.1,1.0,0.1,1.0
1.090430448541591,1.0807420355597561,1.0894982413540852,1.077658934580234,1.0613667965987061,1.051677828853713,1.0732324579129666,1.0786339660935345,1.095837720994086,1.0781451739055328,1.116008608906416,1.0,0.1,1.0,0.1,1.0
1.0241043168028174,1.0150455575467103,0.9463619139471846,0.9447546109298554,0.9566384267573881,0.9327511189606004,0.9246504653833552,0.9547855210266135,0.925324724510345,0.932311993249043,0.9512530704162019,1.0,0.1,1.0,0.1,1.0
0.9615442503657697,0.9586492757761169,0.944068246663644,0.9122924214736092,0.8359271480276708,0.8104750963999062,0.7938006156808083,0.7901653652399303,0.809974251870798,0.7729242673292475,0.8074394771862746,1.0,0.1,1.0,0.1,1.0
0.9161031834486284,0.8667324776874985,0.8583056578925818,0.8561064558985533,0.8435673241027037,0.8669606155992778,0.9007830957108014,0.8821189050112344,0.8845581081379172,0.9301547963606193,0.935827780014018,1.0,0.1,1.0,0.1,1.0
1.0486972798836265,1.0470517799144003,1.0635591448323722,1.0531368698861816,1.0587462248799864,1.0890161843217958,1.0723989711956292,1.0663836020250157,1.081001766207655,1.0640125665725275,1.1316717750701328,1.0,0.1,1.0,0.1,1.0
0.9947412006038876,0.9575804277737163,0.9652406791160707,0.9314089304141232,0.9806622908195987,0.9798652756347612,0.9764356864604263,1.0573157666399935,1.1189573652558857,1.161220107614596,1.1475079179051937,1.0,0.1,1.0,0.1,1.0
1.044432145849779,1.0207074717218902,1.0812132654539328,1.1102599987463422,1.0970688267590352,1.0818218701611793,1.1034380127709962,1.1081338328274142,1.1168761794542998,1.0907256689504417,1.1055323553612677,1.0,0.1,1.0,0.1,1.0
0.9657297109099783,0.9605648232809267,0.9717103474998293,0.9835855154950043,0.9582197354158364,0.9450034751947666,0.9563940017163823,0.9844396808082119,0.9473181737988187,0.9666986544405355,0.918988299322628,1.0,0.1,1.0,0.1,1.0
0.9617323171439214,0.9828184610976202,0.9775394882284637,1.0294189502125042,1.0086336770815787,0.9951976415935646,1.010331394914374,0.9933884155623339,0.9641989138285445,0.9942587175025213,1.0631358907674437,1.0,0.1,1.0,0.1,1.0
1.1561564786826308,1.1800502810471583,1.145362558773378,1.1226251097888187,1.124540604289467,1.1454617724697218,1.1407758038461904,1.1486748136557436,1.0762138588598555,1.0215941285005445,1.0821503630677332,1.0,0.1,1.0,0.1,1.0
0.9865484211766321,1.0170621494048084,1.0569789958282756,1.1360501035087351,1.1441389967294433,1.0954010776524468,1.0719204809393836,1.0934388199768672,1.0807692821487402,1.1168195949062658,1.104015015988969,1.0,0.1,1.0,0.1,1.0
1.229110972313083,1.2557829612926192,1.257183158358521,1.234749261504168,1.1938203203928395,1.1715070270043595,1.1586492657410496,1.1578276408273995,1.1701595728819607,1.1561444276851311,1.1309462892131144,1.0,0.1,1.0,0.1,1.0
0.9892177045775502,0.9786750920079904,0.9675486484311472,0.9615639867895988,0.9703587481633873,0.9926512779167698,1.03633544490154,1.019534148042675,1.0541121414974575,1.0360720065084117,1.0534621851425168,1.0,0.1,1.0,0.1,1.0
0.9816697260522314,0.9910043813033804,1.0132717384148553,1.0131110686900844,1.027346922578847,1.064287354227198,1.0324795331337475,1.0031846784845033,1.005737978639367,1.0329336011657224,1.0408397093127482,1.0,0.1,1.0,0.1,1.0
1.0331593778723276,1.0304384225456469,1.0336375595106613,1.002213552907714,0.9540698323271448,1.0217320379223267,1.0124583172085702,1.0459759095117533,1.0049987427372087,0.952711840761585,0.9873216909916617,1.0,0.1,1.0,0.1,1.0
0.9215845589375934,0.955068584521337,0.9243757350696536,0.9560328765002184,0.9544628915749337,0.9702708579381155,0.9840784446446069,0.9715500898307025,0.9516037062281847,0.9598456734073753,0.9581163220711977,1.0,0.1,1.0,0.1,1.0
1.0942949539495284,1.1089050200525357,1.1046110139644398,1.0979717239751354,1.0695937564801692,1.0585797007975557,1.0502305503211424,1.034260729272281,1.0250619810736272,1.025490694675984,1.0817885111555188,1.0,0.1,1.0,0.1,1.0
0.8939815221909148,0.9051870882885861,0.9130783186170697,0.9142687611030785,0.9407641994348923,0.9619598910237764,0.9582119241898243,0.9220448704038521,0.9425297409929083,0.9358714225330885,0.9848002721603667,1.0,0.1,1.0,0.1,1.0
1.0282989472725483,1.0432285612366172,1.0399705894593387,1.0215248121612548,1.04475389154924,1.0032849787707887,1.039854640394681,1.0347589761960376,1.020703142709639,1.0166804666343492,1.011135713220987,1.0,0.1,1.0,0.1,1.0
0.9661496366843043,0.944040551705245,1.003776966769895,0.9618830320395788,0.9644506706002185,0.9957733319563976,0.9936495980088114,1.0685585578511083,1.0922784284682423,1.0089304331036968,0.9893081645142465,1.0,0.1,1.0,0.1,1.0
0.9767281377276091,1.0122922041111955,1.0182049657494594,1.0545752156639534,1.1273951695644893,1.1124824568248597,1.128152336426672,1.1175308834739563,1.0989814464394116,1.1181968667195015,1.1470056546520233,1.0,0.1,1.0,0.1,1.0
0.9690266807580887,1.0108298596030634,1.028573712436709,0.9803378746450525,0.9941451955936069,1.0196095524415913,0.9670228893706911,0.9478600802059957,0.9575151947687748,0.9755806326341155,0.9499442490875004,1.0,0.1,1.0,0.1,1.0
1.0193259028000135,0.9570161677951364,0.9744531260800544,0.9328069486650075,0.9232594839096102,0.919520926745087,0.9217108141402963,0.985904059178035,1.0212685793170737,0.9831776064875055,0.9541513554399381,1.0,0.1,1.0,0.1,1.0
0.8534653870789779,0.8431153144739495,0.919460758458579,0.9469289306519011,0.937508416297571,0.9655567431211215,0.952912069223483,0.9186286173688789,0.8989766789525168,0.945531952815954,0.9634211808414791,1.0,0.1,1.0,0.1,1.0
1.066479480613084,1.0660785175708216,1.0418708028799275,1.024269286337385,1.0882988205052517,1.0602438205610385,1.0747648737813758,1.0967235336490215,1.0752847585491478,1.08070667394357,1.066003589805019,1.0,0.1,1.0,0.1,1.0
1.0774731197079952,1.0827186322196274,1.1204285233864357,1.062947811858896,0.987727444824357,0.9954518215082282,0.9892930272223358,1.0237316659219522,1.0062066627410415,1.030511705199835,1.0639633565809967,1.0,0.1,1.0,0.1,1.0
0.9783121857435704,0.9614015751683943,0.88638247830693,0.8786843087942816,0.8695877149264714,0.8919857278684712,0.8967684180335646,0.9482974364482316,0.9266271033461887,0.9587103858349918,1.0024611185481669,1.0,0.1,1.0,0.1,1.0
1.040344540166177,1.005184340061466,0.9823124658861225,1.0123711231727623,0.9836752893703296,1.0048434388677512,1.0095689511869712,0.9956235558350732,1.0166992399003034,1.0082632241125569,0.9982001843389819,1.0,0.1,1.0,0.1,1.0
1.006409138936513,1.0336527503498096,1.0359749825301032,1.053529669579083,1.0044004279018148,1.0184009393050981,0.9770625630677301,0.9626221462988546,0.9536861966746951,0.9644172123692483,0.9414913412557461,1.0,0.1,1.0,0.1,1.0
0.9802214980317662,0.9792978399214334,0.9678355295172014,0.944182712575298,1.0020026408016844,0.9667833677728579,0.9872769095421827,0.9997422591192655,0.9933674537280238,1.0077547350890825,0.9935443365158735,1.0,0.1,1.0,0.1,1.0
0.9780802617487537,0.9379384208293433,0.9746196599160566,0.9639768430111684,0.9338753153343342,0.9412637054921456,0.9289286003920878,0.8954250597512949,0.8869419475263033,0.9488597376204617,0.9815481161762288,1.0,0.1,1.0,0.1,1.0
0.964141269778305,0.9622368629789274,0.9606796689100293,0.9912731441806368,1.0036751803494768,0.97847333586812,0.9597450378341892,0.9443237704129049,0.964198926668969,1.031580178978433,1.0468205879737804,1.0,0.1,1.0,0.1,1.0
0.986099063005704,0.9748743763416354,0.9941950462246755,1.014457529649186,1.0273977270160883,0.9979401758030159,0.9456559771434052,0.9917488873737906,1.0342426529665865,1.04508506082813,1.001927830622109,1.0,0.1,1.0,0.1,1.0
0.8794289971785273,0.8797838948798491,0.9219004294638081,0.9101320352056769,0.8928276892950505,0.9456670530817632,0.942570258400333,0.9283367737548198,0.9344587241572466,0.9256207662861629,0.9251388684567282,1.0,0.1,1.0,0.1,1.0
0.9344914088415927,0.9569746352649684,0.9775119981260925,0.9718119535063787,0.9811492866992906,1.0195684468769632,1.008566208308288,0.9780954404212258,0.9951465946227573,0.9954173494554136,1.0728467675095974,1.0,0.1,1.0,0.1,1.0
0.9701785334473199,1.0208291537627594,1.0176335717580862,0.965386768741485,0.9512240224606672,0.9704187297381698,0.9441332877789428,0.9752178124276826,0.9897136337888571,0.9945747818109424,0.9664090145965946,1.0,0.1,1.0,0.1,1.0
0.9506979650992972,0.9161968519207139,0.9250853352314713,1.011805050995392,1.0233666114934823,0.9949653138829396,0.9878647052749526,1.014271061629938,1.0008796457973392,0.9932697296912726,0.9987343146648664,1.0,0.1,1.0,0.1,1.0
1.028765433925243,1.0225050209289297,1.0133801180714026,0.98312100468774,0.9885526507793434,0.9713229593722669,0.9920951136321906,0.9964956148215508,0.9746458227650558,0.9704214026215835,0.9165665501049233,1.0,0.1,1.0,0.1,1.0
0.9727263258536435,0.9123840813725511,0.9471259869655326,0.9599829289756605,0.9234766667877273,0.9463249484723054,0.9537749990148273,0.9182106177051581,0.9114897525866963,0.9132156262675832,0.9487990574725278,1.0,0.1,1.0,0.1,1.0
1.1271453161357372,1.0962831221722524,1.0534024851897956,1.0555686211332937,1.0142982745995337,1.0378875041295408,1.0448546533716105,1.095863051980932,1.0805467514783458,1.063479763672588,1.0410977294447235,1.0,0.1,1.0,0.1,1.0
1.030758596504762,1.0400100281110183,1.0372132867154147,0.9934320820335387,0.9776353621801851,1.019829170488261,1.002713258313971,1.027553798443441,1.0322244574799504,1.0612386590564546,1.0701147747539745,1.0,0.1,1.0,0.1,1.0
1.0055908592837932,0.9785520791286727,0.9274408125422735,0.8888406355045817,0.8762196706368792,0.8648706135059046,0.8323980542618664,0.8415006380712028,0.827907543457001,0.8960277205947635,0.8948334256589405,1.0,0.1,1.0,0.1,1.0
0.9691989713787421,0.9497333445536558,0.9530273184738026,1.0258525999490253,1.079059804095916,1.0810204509859092,1.1368268504045593,1.0917206560438537,1.0636665533715495,1.0426206952523291,1.014477258955271,1.0,0.1,1.0,0.1,1.0
1.017274031200735,1.0456870750073177,1.062736961646788,1.068477343623178,1.04025659497278,1.052752104322949,1.0811016457183706,1.0736756279958781,1.039593735779125,1.016065603226138,1.0089360485841652,1.0,0.1,1.0,0.1,1.0
1.0743385919284372,1.054123842480158,1.0695652317485624,1.0342863134118991,1.0758406137497332,1.092401112535082,1.130808144282379,1.1098016104177335,1.0883616731353638,1.0629293869728333,1.0814619867552575,1.0,0.1,1.0,0.1,1.0
1.058768525128109,1.049760668963231,1.0768127960705405,1.0960186559194662,1.1044787739633397,1.061794298340726,1.1016785951272932,1.1046186821957478,1.14829670544667,1.157239749294618,1.2145882165290374,1.0,0.1,1.0,0.1,1.0
1.0892256025108489,1.121328529781366,1.0967644658054891,1.087882264600838,1.0861072409479557,1.0373587091190393,1.0324339226222594,0.9910940829437622,1.0241670549545916,1.0387093628264437,1.0106596990012193,1.0,0.1,1.0,0.1,1.0
0.8956170011030272,0.8742214149350233,0.89763591637107,0.9185335340909887,0.9526482920397376,0.8953598456802022,0.922007833370226,0.9572335480445283,0.9482648438485135,0.9450743188188079,0.9856879930654905,1.0,0.1,1.0,0.1,1.0
1.0284439416150066,1.0313288260818707,0.9995968338069694,0.9316375621737806,0.9189817275515431,0.9642302850357735,0.9096683437539693,0.9379334840745686,0.9575968686479798,0.953832750043838,0.9916417861806459,1.0,0.1,1.0,0.1,1.0
1.0216814034084538,0.9965357812540253,0.9612545490980491,0.9740104688098714,0.9663682516825767,0.9749828653376258,0.968312926518461,1.0087605578043992,0.974391004683694,0.99230410294052,0.9789611045139441,1.0,0.1,1.0,0.1,1.0
0.994743269119481,0.9840263952030807,0.9886630925258866,0.9751460015850273,0.9207998328032561,0.9385959285620569,0.9378845297567787,0.973948781174439,0.9554628627009202,0.9589250141338785,0.9629997628450688,1.0,0.1,1.0,0.1,1.0
1.0813742942604123,1.126106129642887,1.1167003339277508,1.1113807854222164,1.1152424799152163,1.1607029276973309,1.128994442954174,1.0858707257695983,1.0373837971847089,1.0876469094254033,1.1021264258839638,1.0,0.1,1.0,0.1,1.0
0.9588150466378265,1.0073150058911051,1.0663594442674504,1.0876358728323816,1.1013376557244687,1.1775494819097005,1.164104430866434,1.1702849462079812,1.1545773638611818,1.1202150171698408,1.172017022111239,1.0,0.1,1.0,0.1,1.0
0.9209858835591591,0.9217195974786441,0.8953625661931692,0.905752729630699,0.9071842961683139,0.9084712010477832,0.893810116706994,0.9115231263075629,0.9798953166990455,0.9574426384196345,0.9788070819648902,1.0,0.1,1.0,0.1,1.0
0.98124159900705,1.010214188123792,0.9759914488158344,1.015730361768967,0.9686005355821465,0.9852032456775118,0.9957501556990548,1.0298424096815766,1.031196182148821,0.9527811285388541,0.9283358167253613,1.0,0.1,1.0,0.1,1.0
0.9962264157683429,0.9266986060142253,0.9000958391542379,0.974264647688511,0.9989305685494534,0.9934277437331349,1.00209569973806,1.0555856319874652,1.008666124329823,1.0456513503342184,1.0063378647072039,1.0,0.1,1.0,0.1,1.0
0.9778948288605359,1.012796264650119,0.9918834058302142,1.0361611002141513,0.9859039039533513,0.9706980701079477,0.9943204434193593,0.955316416011567,0.919681072569029,0.9270298208554516,0.925746678557509,1.0,0.1,1.0,0.1,1.0
0.9822831133762835,0.8823024276509703,0.8595906235534381,0.8227211122144015,0.8091619568680483,0.8781009258295775,0.8805347851221358,0.8911353893274113,0.8923485898516864,0.9193825408568594,0.9218079993286097,1.0,0.1,1.0,0.1,1.0
0.9937066046960997,1.0250035814097531,0.9825608783418676,0.9570858067268978,0.9868316796459303,0.9711904588637508,0.9767864213833687,0.9433112984693188,0.9194865262247468,0.918066363640157,0.9173665476457356,1.0,0.1,1.0,0.1,1.0
1.037139596055269,1.0484621526057332,1.0846643666979798,1.0796046891911346,1.066344059488913,1.093186028771433,1.0778870407329124,1.0780681327295092,1.0442629160510961,1.0710088542537406,1.0752596937267764,1.0,0.1,1.0,0.1,1.0
1.024233088498919,0.9791248984712952,0.9678401361587066,0.9710876644983757,1.0251621385695149,1.0265230999829147,0.9758644416333764,1.000271911911393,0.9857283963439141,1.040633539993796,1.0321000718485203,1.0,0.1,1.0,0.1,1.0
0.9059139071794635,0.8682588718948621,0.8676107280801136,0.8042009241526052,0.8120821707677763,0.8876403607507387,0.9142396465939845,0.8865968482846561,0.9444835673981049,0.9458051784782017,0.9599688264398016,1.0,0.1,1.0,0.1,1.0
0.9998532069575528,0.9931374519376581,0.9808701325163273,1.004843475441209,0.9961763874508935,1.0030958632035814,0.9346570437502009,0.9395509388194099,0.9482741528344311,0.9455036703071515,0.9785704957355855,1.0,0.1,1.0,0.1,1.0
1.1116384745569583,1.0829882818730279,1.1048445694533775,1.1350169824791394,1.084588979896721,1.064749641118057,1.0337068339849338,0.9971352316166909,0.9996371617956522,1.0224539185366373,1.0151720778690834,1.0,0.1,1.0,0.1,1.0
1.0455647398593253,1.0412547265234573,1.0255270163103976,1.0600445280701323,0.9817902390760513,0.9833419692386912,1.0229833868433853,1.037145321499227,1.0157095470640873,1.073440114100682,1.0981544953956817,1.0,0.1,1.0,0.1,1.0
1.0106138147045431,1.012102113174343,0.9686641272561134,0.9431659378557192,0.9408520340714833,0.9975239764061916,1.0581753308655135,1.0284318252992362,1.0479227840074539,1.0387381477762956,1.0835897958226672,1.0,0.1,1.0,0.1,1.0
1.0132204457150358,1.04532908567654,1.018404204349131,1.0290636311137926,1.049594567303126,1.0318871427655816,1.0430865532720373,1.0561975264902281,1.0740876703702518,1.0561545665135539,1.0745440544815006,1.0,0.1,1.0,0.1,1.0
0.9846849990882218,1.0404499411355685,1.0051523123066406,1.0077060531968547,1.0029143478906664,1.0092682649776175,1.049585028780755,1.075935561328557,1.101330683812039,1.0857332315288863,1.095769094925371,1.0,0.1,1.0,0.1,1.0
1.1484501317450264,1.1795424424127576,1.2141927557657013,1.2439873205669905,1.235232400444728,1.1699562635027227,1.1762954513173474,1.1643936219495397,1.1416985315493402,1.1097140131106513,1.0714217637262096,1.0,0.1,1.0,0.1,1.0
0.9774251911316052,1.0023148772063841,0.9893986006732342,0.965065411741865,0.9442150764270373,1.0053661111813372,1.01795471102104,1.059521776161109,1.0619742362357392,1.0390118760968692,1.0397588564454536,1.0,0.1,1.0,0.1,1.0
0.9406355452793409,0.955495509995929,0.951358926160312,0.9502751482183875,0.9392078014536799,0.9807279314517459,0.985459541324175,1.0138896529007746,1.011119763173267,0.9706186321055231,0.931408911392746,1.0,0.1,1.0,0.1,1.0
0.9642113188810391,0.9469730668938073,0.941702011319686,0.9589839012129112,0.9401397818458911,0.941484314613846,0.9276960462021869,0.9636950233178169,0.9220230357303578,0.9555964674551258,0.9582842232075991,1.0,0.1,1.0,0.1,1.0
0.9656773410761259,0.9318918380579073,0.9117634727654863,0.9098875454399755,0.9328600053063498,0.9012683163423394,0.8884065404478528,0.921796124990103,0.9375759962432791,0.9239705670927867,0.9496237421900304,1.0,0.1,1.0,0.1,1.0
0.9670016634229226,0.9884733032099389,0.9730695864264598,0.9773658184601784,0.9507470865229032,1.003589816420699,0.9828389703633235,0.978253341740276,0.9901122359142221,0.9629551042409081,1.0249218321896454,1.0,0.1,1.0,0.1,1.0
0.9360263087723714,0.9090698457759665,0.931020035869258,0.9099291905729843,0.925117832321827,0.8891047388301477,0.9256368465957148,0.9357613583631221,0.9342398848550975,0.9363072874118952,0.9106759206335532,1.0,0.1,1.0,0.1,1.0
0.8487046952973999,0.8830091111452358,0.8481784691894986,0.8971647941832863,0.894310482156812,0.8953291198391645,0.9048942483687882,0.9171200123175773,0.8732419691676979,0.9478970037043469,0.9202358427633036,1.0,0.1,1.0,0.1,1.0
1.0754314081089458,1.0672971235389344,1.0214650514480288,0.9913399022291454,1.0187021049530114,1.0645942703657292,1.0091365984451948,1.0043157223551757,1.0063175881400894,0.9650744005326427,1.007742624747781,1.0,0.1,1.0,0.1,1.0
1.0093433846926914,1.0204716767217554,1.0446581038395713,0.9879847564738155,1.0076082456383506,1.0018566008187912,1.0237478331726622,1.0693836644062908,1.021483800495208,1.0024134654852297,0.9644169336687043,1.0,0.1,1.0,0.1,1.0
1.1008765807785699,1.046167295709505,1.0505760229843295,1.0651388110367785,1.0687159769132442,1.0848000204839319,1.0815687971218915,1.0746268911858592,1.1135728851496727,1.0480727990946312,1.0969258236855335,1.0,0.1,1.0,0.1,1.0
1.0677855223940396,1.1248525532504994,1.1381866451441467,1.1082749571800836,1.0437740367480552,1.0541157097621088,1.0526268669261916,1.0437936737818392,1.027895777703227,1.0441452147577563,1.032924921382269,1.0,0.1,1.0,0.1,1.0
1.028392608484692,1.031565435747393,1.0311009783017135,1.0397282906968217,1.0814371233743816,1.0480505339976804,1.0515725237119595,0.9790140175828431,1.0119020011897386,0.9984779090314752,0.975513226456651,1.0,0.1,1.0,0.1,1.0
0.9264405415062824,0.9205995617423425,0.8906295075778854,0.8945778951602879,0.8709870673735732,0.8588827095938716,0.9078180923292267,0.8679019762127222,0.8833763643783962,0.9155399844454319,0.9101167126153697,1.0,0.1,1.0,0.1,1.0
0.9801312169234183,1.0051758569928855,0.995999893856098,0.8948450185630861,0.8943819705695458,0.8529026908471204,0.8966228332435975,0.9602356117879836,0.9649588382891106,0.9632151028322867,0.929426098545845,1.0,0.1,1.0,0.1,1.0
1.0566316638465056,1.1082423717593453,1.1057285484151518,1.1100923993571332,1.0966385111818764,1.0648203958975002,1.0633415895429785,1.0770218631939594,1.075705596851141,1.1181498371326057,1.1339933886380213,1.0,0.1,1.0,0.1,1.0
1.0828789936075442,1.047623216463679,1.0532755071337254,1.0507315149043774,1.062578150210294,1.0251834584930586,0.9571356254658946,0.9538263503655632,0.9833946159527146,1.0074049999045325,1.0353847272961585,1.0,0.1,1.0,0.1,1.0
0.880866211611299,0.8596188359012198,0.8466966800371679,0.7985667838477806,0.7916561094142406,0.8223270870386608,0.8301834346019326,0.8203777150797316,0.7891360521769083,0.8342078422610653,0.8485862483006321,1.0,0.1,1.0,0.1,1.0
0.9945485075052581,0.9630629264281538,0.9735362159359376,0.9940862091881616,0.9567545514550714,0.9376335792337884,0.9905342216093266,1.0194869810756317,1.0097375310075072,1.0438309035848083,1.050288055142741,1.0,0.1,1.0,0.1,1.0
1.093750740186307,1.0756828366063256,1.0682810340414841,1.0749220296277053,1.0829224877649395,1.037156528339121,1.1156484608851474,1.1152356064351363,1.098829627414123,1.1577237666802551,1.1617873950532371,1.0,0.1,1.0,0.1,1.0
0.9923327474307699,1.0587689863313323,1.0745781027715329,1.0994055375539007,1.109512731900854,1.0747555970686433,1.0592532846919092,1.0717327377805654,1.054231532579375,1.0954387641209273,1.0742664053524955,1.0,0.1,1.0,0.1,1.0
0.9044776692640208,0.9018771895808783,0.9696183446763359,0.9570818612461942,1.014592996239127,0.9941198932424835,0.9406603546686241,0.9677069867832567,0.9743400898355292,0.9472356410407589,0.8905647934594122,1.0,0.1,1.0,0.1,1.0
0.9744117756222745,0.9978141275141948,1.0020609324460967,0.990774292407823,0.981019585882083,1.00144992460993,0.9669527334231893,0.9963670020783936,1.0214781433508369,0.986680415753789,0.9516164095498301,1.0,0.1,1.0,0.1,1.0
0.9839359110925425,0.9928832836850127,0.9614465932266494,0.9051436582638971,0.9032380311124661,0.8617720225212439,0.9290277926586067,0.9081283589178032,0.919558276305512,0.870545022095338,0.9230983519029825,1.0,0.1,1.0,0.1,1.0
0.9885692840075183,0.969362488216952,0.9211207726378402,0.9487982898162055,0.9185081761759863,0.9541036151396399,0.9344436963888008,0.9362844141887215,0.9585705093158876,0.9444997740718135,0.9732607374135478,1.0,0.1,1.0,0.1,1.0
1.13132347264653,1.1098286249351499,1.0789996349752655,1.0884985428552263,1.0648181556734568,1.063867468367052,1.101248517000433,1.1164636813170548,1.1149707818785102,1.1281705993958957,1.1077056948706465,1.0,0.1,1.0,0.1,1.0
0.9251787790993754,0.9200245642108467,0.9539523835344565,0.9977785322170937,0.9894525649156821,1.025039743597625,0.9664479377001504,0.9961330538436589,0.9786529218525901,0.937150849106534,0.9687875406969556,1.0,0.1,1.0,0.1,1.0
1.0072004009834379,1.0222599989016405,1.024208401018058,1.0407754251978303,1.0767238443629907,1.1075055402445164,1.1159615130725835,1.0901028622615756,1.0946074953381237,1.1060517655524993,1.0741442199395856,1.0,0.1,1.0,0.1,1.0
0.9061121705344044,0.8900804805676136,0.9082034088508208,0.899222010388965,0.937745344333423,0.9223041855909699,0.9465446094413376,0.9448694575668617,0.921391836310937,0.9582362747620912,0.9825984140966153,1.0,0.1,1.0,0.1,1.0
0.9279436345651955,0.8856602715544857,0.890907518982342,0.8549242740073048,0.7835359516044443,0.870524705568761,0.8460309645923866,0.7913363504761356,0.7804294303016867,0.7526643518786127,0.7092208302982387,1.0,0.1,1.0,0.1,1.0
1.0545314195088844,1.027809932092271,0.9585760540149912,1.0299640657727365,1.0344511964523415,1.0463712895170818,1.0440175464097508,1.0513412627308272,1.0365472869304024,0.9539007258161519,0.9287364757956916,1.0,0.1,1.0,0.1,1.0
0.8890014732252202,0.9014768774141085,0.9109582797160835,0.8865217535374957,0.8953793001532486,0.9032781298308925,0.9580587830639739,0.9601842661147622,0.9869000265293942,0.9988449064856468,0.9526507932222866,1.0,0.1,1.0,0.1,1.0
1.204401990718559,1.1787820055514515,1.148922873894266,1.1508459211140198,1.1604326363980344,1.128559775785778,1.1609510854976686,1.1535589429185864,1.1293128759779998,1.126603317011974,1.1493982197676191,1.0,0.1,1.0,0.1,1.0
0.9869627050118915,0.9933415743499078,1.0023241507242933,0.9694324303525635,0.9893479669471715,1.0509174168165971,1.0702431674039072,1.0953407922286822,1.0603197743206856,1.0952943754274966,1.0412232261346834,1.0,0.1,1.0,0.1,1.0
0.9682519086682971,0.9546351597060821,0.9595739136971648,0.9567031228491476,0.9663765295260291,1.0064915045160474,1.0516439896370235,1.0520071887865259,1.0506280413054796,1.0265429396867094,1.0465116103812866,1.0,0.1,1.0,0.1,1.0
0.8922586189563468,0.903664712149423,0.9096538306737201,0.9235157803794757,0.9083875763634579,0.9172751555273886,0.913958600514293,0.9244002455788164,0.9433654017477535,0.9916092238315324,0.9548840109537657,1.0,0.1,1.0,0.1,1.0
1.0181316812922965,1.0452794244908985,1.0458788963156667,1.0561911259026158,1.0854128652771655,1.0760916644440137,1.0785109574945426,1.0701634969619205,1.0636371153797957,1.0491067998335508,1.0257328063306141,1.0,0.1,1.0,0.1,1.0
1.0060815200606743,0.9668789800332762,0.9906520573615398,0.964117927079593,0.9877869004597887,0.9606025653404234,0.965812466637087,1.0203591986634115,0.9775997025235279,1.0195621779617094,0.9978660483590948,1.0,0.1,1.0,0.1,1.0
1.1007933603930982,1.053899278853354,1.0551308515599014,1.0095049875615827,1.0087078251881352,1.0068509747717787,0.9966247723105384,1.0496637694897073,1.0403294183372602,1.049073344297004,1.0547411896896202,1.0,0.1,1.0,0.1,1.0
1.0215738654402993,1.009263888759354,1.0098398432988016,1.0108269726648642,1.0287122829195396,1.012949711103325,1.0452548328648885,1.1165809345875353,1.0902975404077004,1.0864850944382707,1.116676847547667,1.0,0.1,1.0,0.1,1.0
1.005627525623122,0.9977798906068092,1.0039450545311772,0.9905115920322553,0.9625665807803552,0.9714532855415259,1.0088493511887808,1.027220179148293,1.0473689208746633,1.0668895270878003,1.1153965253671474,1.0,0.1,1.0,0.1,1.0
1.0337092982942648,1.0153106387765303,0.9495299290915071,0.9476702243764908,0.9531705300396535,0.9518301034199197,0.9835958482121985,0.9421943506933406,0.8823428807958696,0.9322504103661547,0.9546262214050274,1.0,0.1,1.0,0.1,1.0
0.9962532797267319,0.967838447103953,0.9485796684745016,0.9798886786667155,0.9816474307957882,0.9558137124230867,0.9728951027643439,1.051993717921116,1.1346906032200834,1.134430539675818,1.1507801986009505,1.0,0.1,1.0,0.1,1.0
1.0856125311841691,1.0953816390601474,1.058684954871641,1.05102043041343,1.0704965645434674,1.0223510703861813,1.025386975930312,1.0422775997458769,1.048142212226979,1.0587703371106467,1.0384361239121864,1.0,0.1,1.0,0.1,1.0
0.9556981390030111,0.9615982143241087,0.9464828329151453,0.8912427226974473,0.9104495778884665,0.9313948577600704,0.9236022126306932,0.9822331582856122,0.954091638162562,0.965230066776224,0.9476890687136377,1.0,0.1,1.0,0.1,1.0
1.0568951366148167,1.0739920689927585,1.0496868006311777,1.0515238108719747,1.0614284545486354,1.0873099930287542,1.0503213926858823,1.078736125112491,1.085158836193855,1.0240399093113561,1.066908469020409,1.0,0.1,1.0,0.1,1.0
0.8866656955493634,0.900251393410167,0.8840038765682938,0.8998766044200338,0.9315444696677551,0.9076275325408382,0.942056689399073,0.9963245715538118,1.0016834460287642,1.0545110335700503,1.0386816299399402,1.0,0.1,1.0,0.1,1.0
1.0047668348965577,1.0148771158757999,0.9837180610893471,0.976474434978015,1.0040744911484802,0.9617293571481353,0.9917762524542257,1.0007184210521352,0.9565409150359533,1.0069183817765177,1.0237163950437855,1.0,0.1,1.0,0.1,1.0
0.9232389124258071,0.9651150533219959,0.9839265165390254,0.9698244603205147,0.9415718729351621,0.9815897852554599,0.9268592804281921,0.9488079118885416,0.971464424243962,0.9825019490646316,1.008553838638369,1.0,0.1,1.0,0.1,1.0
1.0526173371139604,1.048433204121347,1.019831039121617,1.0617835134011366,1.0032895647707247,1.002708288589987,0.9895666043187118,1.029684981481847,1.0130776705370281,1.0138258747300473,0.9838844858597173,1.0,0.1,1.0,0.1,1.0
1.0142450026391667,1.0196318378333673,1.0323851009170273,1.006042800474606,1.0033982382886346,0.9674591809470355,0.9671473451518017,0.9815591399533908,0.9671564505812895,0.9895119893390196,1.0374308372180048,1.0,0.1,1.0,0.1,1.0
0.9054014132973707,0.8811719600345199,0.8875967286716743,0.8752206896777062,0.919902159748591,0.8754710209081761,0.8722334539824353,0.8649242502110229,0.8825607715657472,0.8635842762740958,0.8365027641049859,1.0,0.1,1.0,0.1,1.0
0.9873313240506317,0.9612255424148115,0.9385952064178815,0.947269376496546,0.9374638704276202,0.9031654199237281,0.9030812702206227,0.9140786473808953,0.9490066415502748,0.9261011315995062,0.9184089676872892,1.0,0.1,1.0,0.1,1.0
1.0144609504306878,0.9943164297639496,1.0372088304048952,1.0003032452018574,1.0616726440219504,1.0731410811136313,1.077778836209402,1.0570401929202262,1.0614037667993934,1.1179582926277125,1.1257471169741946,1.0,0.1,1.0,0.1,1.0
0.9166437189180042,0.8978663835996735,0.9369462938084717,0.9453857201426216,0.9414630819481803,0.9612575919730375,0.9702323321036948,0.9669619456317263,0.9397053830956565,0.9591739657408698,1.0072500026550686,1.0,0.1,1.0,0.1,1.0
0.9329466497844122,0.9560351007448326,0.9635818752220436,0.9442804510702879,0.9856618160285631,0.9598851060941462,0.9706407620941454,0.8855320074365196,0.9013787829950693,0.890643535975276,0.8723570441296763,1.0,0.1,1.0,0.1,1.0
1.0223006259536822,0.992944063395237,0.972824232792315,1.0072636098277055,0.946723310431936,0.9635586450280405,0.9685257644081738,0.9910506806419753,0.9574877736660057,0.986432063691372,1.0092370690995152,1.0,0.1,1.0,0.1,1.0
1.1046667192688149,1.0654448154209721,1.085370604910532,1.0499536561273595,1.054913772824912,1.0312371781422058,1.072763089442404,1.0811753143187524,1.0200156338963022,0.997576638087785,0.9967099452132712,1.0,0.1,1.0,0.1,1.0
1.0353184793361159,1.02210427161355,1.0458713945831648,0.9948963727522596,0.9833302719771064,0.944299449795864,0.9738707389036719,0.9938439881373288,1.0660139632580081,1.0468489544130508,1.0653920791192877,1.0,0.1,1.0,0.1,1.0
0.8115902973266972,0.8438260867407897,0.8448275006894136,0.8012865864126277,0.8115532823790755,0.7994254078194413,0.8596796985041895,0.8790307037604327,0.914573353697801,0.9301014111491922,0.9158749616742629,1.0,0.1,1.0,0.1,1.0
0.9666188279041665,0.9986184252699947,0.9733888925328691,0.9956760288324833,0.9657385341731026,0.9695562590641147,0.935135925335459,0.9250682701517677,0.9357920024169631,0.9480091464752165,0.9316384639917884,1.0,0.1,1.0,0.1,1.0
1.0131382160508353,1.0376624965453933,1.017345523156615,1.001376621166607,1.0299749040844135,1.0235552445178193,1.0613436898424922,1.1461950673292913,1.1917382342820635,1.176669301890237,1.1334216089107163,1.0,0.1,1.0,0.1,1.0
0.9115665480466528,0.8484290027246622,0.823746093109464,0.8135433742798065,0.844250573492693,0.8222166544546704,0.8286751792911454,0.8901430192752608,0.8729557538184813,0.8720045459003928,0.8632028920593858,1.0,0.1,1.0,0.1,1.0
0.9824449847207093,0.9646404418510159,0.9510141477325479,0.9608673204674696,0.958861706911787,0.9351180423414535,0.94166574880997,0.8950764990206728,0.8924152362631317,0.9037789409125746,0.9649902510728942,1.0,0.1,1.0,0.1,1.0
0.8881483338113374,0.908400364625945,0.9197212952051276,0.9246431588949671,0.9334040905576263,0.9223869450752393,0.9730312403794574,0.9582947382267774,1.00913367108586,1.0186191678557224,1.0451990094704282,1.0,0.1,1.0,0.1,1.0
0.9398951063392051,0.927276785505208,0.9056668776002292,0.8870631024795692,0.8335297993640667,0.8354751496844613,0.8721180107373286,0.8553962038696021,0.9032769766097956,0.8801068494427667,0.8706567902313729,1.0,0.1,1.0,0.1,1.0
0.962584955327346,0.96163787954413,0.9555007918809117,0.9521280253189945,0.9371126293525557,0.903477724997829,0.9381211515709201,0.9028469097855671,0.9232720781041567,0.9276025861270312,0.9152674330743478,1.0,0.1,1.0,0.1,1.0
1.0426995915684625,1.045424286483241,1.0450716618454898,1.0466112953384885,1.079904209862131,1.0827518530588591,1.1058204655213588,1.1317675721387026,1.1398819768433397,1.1805215545396752,1.1535941582097395,1.0,0.1,1.0,0.1,1.0
1.0785624141333094,1.0673286775405129,1.0939241261476604,1.087013587618932,1.0365134671576375,1.0126166219989996,0.9684292784160936,0.8958459693579426,0.8724067749675526,0.8479441667459441,0.8472847008249546,1.0,0.1,1.0,0.1,1.0
1.0349710567510804,1.0692328801297186,1.0142068844413525,1.0197870811199998,1.0508129327800806,1.0607171563828235,1.0418430469715831,1.0603997326760168,1.0700162057683509,1.094336483893605,1.0895199225902905,1.0,0.1,1.0,0.1,1.0
1.0774559842803888,1.0009237179770725,0.9939827941632449,0.9769032874890264,1.015763535538418,0.9754450355807274,0.958832169859772,0.9275851445414989,0.9290138499891585,0.8796901197136006,0.9010505825905387,1.0,0.1,1.0,0.1,1.0
0.979640696539762,1.0021612674690024,1.1154752471951719,1.1239574285674734,1.1147067769360837,1.1496864801344513,1.1407581178716835,1.1304548363304228,1.1560651578537717,1.061564161391092,1.0501875042303928,1.0,0.1,1.0,0.1,1.0
1.0446276354479234,1.0163496321359689,1.0208043925573669,1.0309498630454101,1.0133777308394365,0.9985708576876151,0.9977669901287797,0.9983604367456387,0.984696940194875,0.9842168306463214,0.9661998180305896,1.0,0.1,1.0,0.1,1.0
1.077381082558067,1.0779933596500144,1.0556789466308125,1.0222904062757143,0.9996191761707625,0.9667202200926478,1.0463084038438226,1.0225663235125813,0.9837842629734472,0.9563767961537343,0.9831565409834248,1.0,0.1,1.0,0.1,1.0
0.9907720424400378,1.0202774614391268,1.0495570916500228,1.087476408865007,1.0491842977377233,1.1171863864378433,1.1024647130487595,1.058136578528554,1.0571598450472042,1.0765013010526332,1.1244417822917372,1.0,0.1,1.0,0.1,1.0
0.9394786477581749,0.9275446354222204,0.9529888446000712,0.9516386893640286,0.92325136796452,0.9349928558660295,0.9763877927844408,0.9721973244307777,0.9434274225238265,0.9090351714142955,0.9285696221572544,1.0,0.1,1.0,0.1,1.0
1.0666427506961802,1.0477364149311001,1.0900344982933898,1.1244235504662117,1.1343823365081633,1.0769792074922577,1.078268503846535,1.064861509886115,1.008690580938739,0.9789013967523874,0.9688995295296686,1.0,0.1,1.0,0.1,1.0
1.0542794146093482,1.111005689159285,1.1082660772077124,1.1073047183784712,1.1301103697791628,1.0888884432236274,1.064378904887959,1.1005893462095322,1.1311147844640397,1.1002646726886798,1.0916531447504938,1.0,0.1,1.0,0.1,1.0
0.9636983610305595,1.0117167085151624,1.0167312644476372,0.9999270046642854,1.0181437611716389,1.0019676641864006,1.0359609180278528,1.0527359503272526,1.0576940239553527,1.0490589982623661,1.0146716876764867,1.0,0.1,1.0,0.1,1.0
0.9714312991492619,0.9858809143743916,0.9841590339657885,0.9851376997525839,1.0006402739059852,1.0271996610088807,1.0124379528317518,1.0594448262899776,1.057796895777613,1.0754858393794768,1.0862455204794927,1.0,0.1,1.0,0.1,1.0
1.0411313671239566,0.9959071362369619,1.0113643418582208,1.0569956382185073,1.040126872912945,1.0294457130929855,1.0378793605204808,1.0679706971174128,1.0821347806066783,1.0437082700722824,1.0580279284682024,1.0,0.1,1.0,0.1,1.0
0.9409529203869362,0.970138424619227,0.9763127551945742,0.9564457087745503,1.0470268203787187,1.0623247903167794,1.0533959980968812,1.0766235090965328,1.0289967807363427,1.0471237803819708,1.020302152716764,1.0,0.1,1.0,0.1,1.0
1.0531481877905,1.0208473813526258,0.9992376146185745,0.9354732932069529,1.0029238588916476,1.0768581690350598,1.0675529698386566,1.0774079766721396,1.0344142850711557,1.0402703292552102,1.0636292652117412,1.0,0.1,1.0,0.1,1.0
1.0911176287519972,1.0385158423245593,1.0285179793715964,0.9757269054195348,0.94689716236817,0.9342617625025923,0.9261646179040541,0.9060962120668092,0.94467109586402,0.9559655896746363,0.9759173724041894,1.0,0.1,1.0,0.1,1.0
1.1650128616087072,1.1753136922716765,1.0974258220499409,1.0705949242118116,1.0607375036538953,1.100108220549439,1.144485851571599,1.1263704599808813,1.117645407057507,1.164127459987185,1.1378076199088465,1.0,0.1,1.0,0.1,1.0
0.9147560993349371,0.9307366326135226,0.9539530101850764,0.96409843335376,0.9884826033756166,1.0802333230217163,1.0672580416164654,1.0322240711722341,1.0075727231806015,1.0134357026624194,1.0543837061871417,1.0,0.1,1.0,0.1,1.0
0.9630291071902586,0.9726371769176289,1.002485812146953,0.972025799926061,0.9281513399846482,0.9604209373758206,0.9643128874842556,0.9281026422837498,0.9521143329244617,0.9628005348552436,0.9729192829410207,1.0,0.1,1.0,0.1,1.0
1.0917891905760122,1.0957099849628698,1.103974329075171,1.1422227216835519,1.1306689550621896,1.0862353760330403,1.077519537409759,1.0669817689971663,1.1176892487777685,1.0444453129954574,0.9856226842385933,1.0,0.1,1.0,0.1,1.0
0.9876484452183912,0.9665856811633131,0.9622346875803948,0.9508018746433328,1.0571747922531336,1.1019226729984934,1.11291079668637,1.0614164604919751,1.0122891459051995,0.9547017772570574,0.916739035902701,1.0,0.1,1.0,0.1,1.0
1.0614233612579653,1.0141028575817248,1.0084211898696764,0.951824880008291,1.008039896370378,1.0097710065434122,1.0230292513202504,0.9762308891346788,0.963758970509968,0.9530165583988935,1.0009734869368383,1.0,0.1,1.0,0.1,1.0
1.0082924119039922,0.975164040501717,0.9407157707091076,0.9795649863844372,0.935216041678049,0.9245023871556541,0.9221470712253858,0.9229491846010451,0.9141709002861297,0.9005063537862931,0.9357238228995316,1.0,0.1,1.0,0.1,1.0
1.0996519906992561,1.0982461868585613,1.1096292834167794,1.1122648577639451,1.1136111692256614,1.0906322192300175,1.090553371183243,1.1521210663840145,1.114461472697327,1.0898803786129287,1.037084887105245,1.0,0.1,1.0,0.1,1.0
1.0843168352478956,1.0354819990279247,1.092773304901635,1.143497971548537,1.1334812786283819,1.104206433469811,1.0948792448174856,1.0988909135705682,1.1090648585591347,1.1378296593527037,1.141248681955346,1.0,0.1,1.0,0.1,1.0
0.9776896447488583,0.989774236266472,1.008676615087364,1.0525476894815347,1.074713122414495,1.0428360917435844,1.0387756053417434,1.0336753287978873,1.075409322995479,0.9939439544605911,0.9892513386065243,1.0,0.1,1.0,0.1,1.0
0.9658466549679742,0.9462882375193383,0.9497574347109753,0.9768027520431827,0.9877572050137877,0.9793629279862095,1.0008215868755344,1.0431612666565002,1.064793455017917,1.0617183054344566,1.0494014058935441,1.0,0.1,1.0,0.1,1.0
1.0367075357618671,1.0720573173981935,1.105485710829517,1.0445278077623692,1.0302493456605657,1.0089534588164604,0.9773328690259212,0.9666664170621648,0.9706681274578849,0.9720157512807578,1.0556880487852438,1.0,0.1,1.0,0.1,1.0
1.0628051147173203,1.0685956070609761,1.08302565463719,1.060118599519297,1.0781912491634602,1.0432866171734139,1.019955583880573,0.9664441504978977,1.0041669422489825,1.0221776909262172,1.034726717670079,1.0,0.1,1.0,0.1,1.0
0.8912790573537968,0.8957898458042519,0.8885837847441123,0.8934899461090283,0.9146863518703332,0.9249507115984813,0.9195658903411023,0.9306623475573805,0.996334283032824,1.0035905795976081,0.9992174351999095,1.0,0.1,1.0,0.1,1.0
1.0858147469021229,1.0633083549572981,1.0827266420330313,1.013465057260025,1.0156521406917756,1.0045899703344188,0.9899436660174897,1.0262667254847377,1.0117912707484702,0.9702581040479646,0.9348987046445479,1.0,0.1,1.0,0.1,1.0
1.103320341676645,1.0683259532530873,1.0491383791971085,1.0250409228255657,1.0422454001321375,1.0310332254316663,1.023967583608653,1.0116268448284615,1.006834093015928,0.9809414139968109,0.9757928337079828,1.0,0.1,1.0,0.1,1.0
1.0245909614851834,1.003201147089869,0.9976037043402696,0.977939557235648,1.0216179304461406,1.0175691605988342,1.0080552222233514,1.0359115988196268,1.0436143370500288,1.0491594114863996,1.0256569429333497,1.0,0.1,1.0,0.1,1.0
1.010702984579071,0.9999247407534045,1.0204669543591327,1.0201230523439528,1.0354382532982365,1.068225337783953,1.1271328113102546,1.1386248865304203,1.05667196529932,1.0729819474719293,1.111607940908262,1.0,0.1,1.0,0.1,1.0
1.0422049902748105,1.0453091205744247,1.0349967064599106,1.0053633441221823,1.0034357750899996,1.0011078358998324,1.0110052982945748,0.9865858430673972,0.9738601669971468,0.9764704211337623,0.9840226332420443,1.0,0.1,1.0,0.1,1.0
0.9462693634570142,0.9234158600176712,0.9366658253825983,0.9408590935047495,0.9576861251520592,0.9353131664252656,0.9457626276525217,0.9340898898952528,0.9104713108373323,0.9252926854690806,0.8995655826172182,1.0,0.1,1.0,0.1,1.0
1.0383159454822055,1.00849244036637,0.9871320285781191,1.0041660786884836,0.9583614015561974,1.0077658238098839,1.030205929582189,1.0236960980213292,1.0539150605660066,1.0438842434707685,1.0410377626755805,1.0,0.1,1.0,0.1,1.0
0.9443570277974805,0.9381271083542775,0.9303476393222732,0.9490826096942937,0.9701265954235831,1.0529314698545158,1.060859482793279,1.0447251879404005,1.0416324831801655,1.0385360704653286,1.026702667313267,1.0,0.1,1.0,0.1,1.0
0.9931412469466437,1.0250197606556912,1.014802638444878,1.015798476023014,1.0212883140225708,0.9824372434320336,0.9610101395408301,1.022460500776755,1.0004679053436316,1.0325419390594655,1.0302371305406137,1.0,0.1,1.0,0.1,1.0
0.9475472618424391,1.007410938259185,0.9828091140572862,0.9798119976953876,0.9983640567598577,1.037358805463665,1.0759716529533907,1.08903906363973,1.1163307610442057,1.1046176764649993,1.06513476794995,1.0,0.1,1.0,0.1,1.0
1.1029932967118325,1.0793278690484374,1.040199559292039,1.0932857016907163,1.0639385631800844,1.056758979854291,1.0228919640428038,1.0201525852722975,1.0491607131581837,1.0897078464545895,1.0618251567476267,1.0,0.1,1.0,0.1,1.0
0.9591860895450035,0.9071856918971481,0.9527658928388817,0.9210044298692998,0.9459324418490617,0.9487914302183932,0.9388654920578707,0.9958301607393419,1.0570848937565616,1.066366671807176,1.071330949314638,1.0,0.1,1.0,0.1,1.0
0.9784680251939356,1.0434561802469755,1.06724661222828,1.1357267367778976,1.1135489408301829,1.0517282422248153,1.0613755015811668,1.087372328905062,1.0421598926248112,1.0174270278203223,0.9640653987991572,1.0,0.1,1.0,0.1,1.0
0.9741892846652426,0.9650397677197224,0.9645708203462848,1.0032976621733773,1.0418528586841018,1.0140198715477882,1.0200958726778628,1.0189275951825805,1.0147438773861235,1.0107242157724234,0.952075924197755,1.0,0.1,1.0,0.1,1.0
1.1256979388129398,1.1082222015324967,1.0588196054427272,1.0641263079486492,1.0267223282368891,1.049622572379272,1.0504574008311973,1.040504054778413,1.0550142666047966,1.0125832297365276,0.970499114886336,1.0,0.1,1.0,0.1,1.0
1.0276089737959337,0.995020315517159,0.9274558673471458,0.9230604902070049,0.9166349993880565,0.9402273004367666,0.9032626968545863,0.9517775597590182,0.9690821693097506,0.9901528907976247,0.9682689723160741,1.0,0.1,1.0,0.1,1.0
0.967688579407905,0.9794652352885505,1.023133667166641,1.008880412212616,1.033673118477075,1.0543284366646535,1.0370345357695239,1.0406425773217145,1.0662036807221513,0.9768823937495238,0.9556924718392346,1.0,0.1,1.0,0.1,1.0
1.056463413368316,1.0691435241152085,1.0517480586387047,0.97870370329793,1.0152048747678242,1.0679256071245433,1.0346450481833338,1.026584635585805,1.067403285207294,1.0923163017446718,1.0753772847291532,1.0,0.1,1.0,0.1,1.0
0.9138521492993636,0.9110805428404567,0.8928148825730231,0.8153150144311975,0.7950058357459866,0.8770622179003535,0.8422830500912882,0.8972208465976312,0.9079999180330817,0.9166941702467807,0.939767574722203,1.0,0.1,1.0,0.1,1.0
1.0334875678644997,1.0373832636855749,0.9973192237871211,0.9630679423061218,0.9733166895810479,0.9179215746213749,0.847737753849696,0.805093781523027,0.8088825639883837,0.7871573771498499,0.7945567616217257,1.0,0.1,1.0,0.1,1.0
1.0997031631924572,1.0507281370158252,1.063863441971424,1.0539472385232171,1.0464387148561565,1.0918247460852344,1.114593481382435,1.0791936268393734,1.122763670822346,1.0943294849555918,1.1016441877484124,1.0,0.1,1.0,0.1,1.0
0.9820772928258906,0.9876507249952192,0.9422069575593748,0.9585996600051496,0.9708775066713635,0.9721159664724667,0.9896890184435745,1.0242366021735427,1.0033140042213564,0.9998522174672009,1.0159232174011041,1.0,0.1,1.0,0.1,1.0
1.2103717862868921,1.231502415745185,1.2234217214393817,1.2448685427563526,1.2019319163581526,1.2004750312474446,1.1858684520885105,1.190527997378091,1.2405259425804613,1.2462280747149346,1.2637333743570507,1.0,0.1,1.0,0.1,1.0
0.999448019274315,1.01200573451637,0.983511537119329,1.0324854450623526,0.9658416674662559,0.9525564818020236,0.948594415361931,0.9082343273952901,0.9032020769821208,0.9171830480812861,0.906553561854701,1.0,0.1,1.0,0.1,1.0
0.9562155381676147,0.9630211133842742,0.9438995745273752,0.9849063740647461,0.9658448186336525,0.9548214130286292,0.9293144927262605,0.9178903282193484,0.9194501235508151,0.9075379756674057,0.9087613650279922,1.0,0.1,1.0,0.1,1.0
1.019878838792759,1.0608133259941943,1.0358165594919326,1.0321278928610864,1.0406032075813467,1.0488692463247047,1.0198151782704847,1.0405503082129448,1.0325162537388162,1.0321287265354997,1.0627749611388877,1.0,0.1,1.0,0.1,1.0
1.0884771186358029,1.028537475892546,1.009179648971999,0.9810969585124795,1.0331947135174109,1.0255674977628293,1.0292764032976534,0.964212870961674,0.9872771354652893,1.0025423893653815,0.9478832998201128,1.0,0.1,1.0,0.1,1.0
0.9702313369898614,0.9653011167826426,0.9551113536813216,0.9920027610862808,1.028845801488726,0.9830127430617929,0.9919686698754648,0.9456155702541089,0.9197973252418659,0.9447602092796792,0.9341917173189862,1.0,0.1,1.0,0.1,1.0
1.0437773551729952,1.0660040140081584,1.0877129933572947,1.0607068177023746,1.0669914607070674,1.018781654587445,1.0175175026941823,1.0365727225590855,1.0193722162614773,1.03246963768597,1.0263536378001072,1.0,0.1,1.0,0.1,1.0
1.0731788118238652,1.0371776878429122,1.0503485511128852,1.0431442269411717,1.0434557426284143,1.1379393474244206,1.1910660329779992,1.1950355631542673,1.221854377418114,1.2042943629604412,1.1839977627760283,1.0,0.1,1.0,0.1,1.0
0.898744828697492,0.8837229608446396,0.9106324639766032,0.9296176351911755,0.9166259263014593,0.9481037481837707,0.953927835210349,1.0107509686313239,1.0401741284554604,1.0409496053267544,1.0431043766258705,1.0,0.1,1.0,0.1,1.0
0.8592068787480525,0.87945493323172,0.9029455997679525,0.9004714736098404,0.914552057651568,0.9333965872332474,0.899981575560936,0.9567092018553709,0.965599057136006,0.9723711310867182,0.9447888093413064,1.0,0.1,1.0,0.1,1.0
0.9778394977750013,0.985579452941549,1.0630753922291938,1.051162728868776,1.050407448543759,1.043526762661537,0.9830132945882155,0.9965663903640406,1.0027995546388282,1.030164615390551,1.0324051277333979,1.0,0.1,1.0,0.1,1.0
0.9803597419512252,0.945552239131878,0.9925133077883463,1.0244610567459838,1.0209347068695003,1.045959310212367,1.06182232351809,1.1011486377613542,0.9977541398899006,0.993037641191917,0.9576205933368936,1.0,0.1,1.0,0.1,1.0
1.0336033727285359,0.9814981915617238,0.9618227434055037,0.9669385174799943,1.0013993227745788,1.0302890508940556,1.0718781864502138,1.0833311209507455,1.0648447237667307,1.0283087671252373,1.038161549491354,1.0,0.1,1.0,0.1,1.0
1.1358213054199313,1.1525822793037581,1.2115030166188854,1.173689255837107,1.1467681971766661,1.1162680147717752,1.083480768227562,1.073584943728926,1.105514332421937,1.078918859434095,1.090863125410421,1.0,0.1,1.0,0.1,1.0
0.9436225950273854,0.9450878035875779,0.9688480598648872,0.9500671173759763,0.9726120988314985,0.9989209484825904,0.9688800030668486,0.9978603491197858,0.9990241718337718,1.0442707041913524,1.051366333181368,1.0,0.1,1.0,0.1,1.0
1.0486544627268923,1.0479691726813696,1.0580734967424432,1.037252826047933,1.0027355134067932,0.9984937834253985,0.9962056359972583,1.0282951800141173,1.0314503941979842,1.0330975034282963,1.019003053550857,1.0,0.1,1.0,0.1,1.0
1.0124635525948462,1.0826660661172944,1.0927863972449454,1.051962164276286,1.0014964329410585,1.0449662458858482,1.0561368198549803,0.9766091496651794,0.9568224848791105,0.9442009344724249,0.9277056792543346,1.0,0.1,1.0,0.1,1.0
1.0833695925971987,1.06043171803375,1.101143393209331,1.0638750385627205,1.0554448302484463,1.0414730934874252,0.9877349311772038,1.0346080023926199,1.0851071968513313,1.0472831466609176,1.0910131891874049,1.0,0.1,1.0,0.1,1.0
0.9203058944669038,0.9520632952295486,0.9204453268224142,0.9233726768803627,0.9398542984664126,1.0434142119500842,1.10472129802166,1.0907514244438696,1.1416212118147098,1.1440696691754069,1.119523190960713,1.0,0.1,1.0,0.1,1.0
0.8617720280433158,0.9115996721344598,0.9832723545433372,1.0372806019901313,1.065507367648587,1.0790267902273685,1.146166302484023,1.1248620841009151,1.119844993774821,1.123669553287331,1.138589731073463,1.0,0.1,1.0,0.1,1.0
1.0745963949755242,1.0188742627061245,1.0420280381902207,1.0272703748841838,1.0605913782828968,1.088310383647277,1.104937664256523,1.1114348064706463,1.053488574274467,1.033380967509534,1.1152306003406316,1.0,0.1,1.0,0.1,1.0
1.1225502044152849,1.0856081750349107,1.0528949807977541,1.0262949536832024,1.0197010795925516,1.0040907179159986,1.031406330681882,1.0375412680477911,1.0187090337412512,1.0411401718845201,1.1166495851860256,1.0,0.1,1.0,0.1,1.0
1.0619367434553362,1.0381844529486837,0.9983459518787828,0.9418608908187375,0.936532127294255,0.9401402024184399,0.9159024900368493,0.8309460647254308,0.7806760176621951,0.8189129411692239,0.8304078314567601,1.0,0.1,1.0,0.1,1.0
0.9690954317145785,0.9966090216582145,1.0354497284816684,1.0325188294226257,0.9848707908834434,1.009125349527348,1.0180011803103604,0.9827705985972345,0.9396193446618879,0.9810636669554317,0.9569236359260168,1.0,0.1,1.0,0.1,1.0
0.8923979350874127,0.9408351514360948,0.9380570917999094,0.9357091292381328,0.93679418763217,0.9786909953443994,0.9492805742452655,1.020588349863642,1.027554603357273,1.0788642070745973,0.9936163807472196,1.0,0.1,1.0,0.1,1.0
0.9907829486068133,1.005369749236834,1.007826178141361,1.0347124204607883,1.1114160815566314,1.0815745011449456,1.096736112726826,1.1587980893822407,1.1937114518844263,1.1646745741599756,1.1381436751166183,1.0,0.1,1.0,0.1,1.0
1.0770914361472788,1.0412698613600149,0.9936031091774733,0.9738686030804016,1.004329303513612,0.9672584594490118,0.9783431433483298,0.9307486793858122,0.8869586579802055,0.931920195255408,0.9208624518344914,1.0,0.1,1.0,0.1,1.0
1.0025728906995686,1.0432273290038037,1.0221634919857914,1.0192473606593087,0.9761470656052972,0.9413248540295269,0.9509348400645841,0.9702920877771005,0.9899882399677321,0.985833969151415,0.9752831515489376,1.0,0.1,1.0,0.1,1.0
1.0367040771290827,1.0139307790184329,0.982545617869339,1.0031192092457393,1.0064291843013358,0.9857663992498253,0.9710121542346516,0.9991798844629253,0.9917046757533486,1.0376473971255922,1.06279184792378,1.0,0.1,1.0,0.1,1.0
1.0121575399115756,1.0153123022264596,1.002897044016152,0.9699841851507489,0.954601060859835,0.9496951499483712,0.9070412137824798,0.8943751160510954,0.9050424539154555,0.9335263290643807,0.9238699885389865,1.0,0.1,1.0,0.1,1.0
1.0476846714057486,1.057093405103315,1.0926167841828212,1.0505827122663975,1.0851038150854577,1.065447877050281,1.0836190245806856,1.0701117072285125,1.0765694257135625,1.0961338528042925,1.1081576526426533,1.0,0.1,1.0,0.1,1.0
1.0343920147871113,1.0189825703729622,1.0104578962774127,0.9925648240693157,0.9855919286998087,0.9763112117058547,1.0023820879321308,1.0278797045001462,1.0446951245455562,1.054990323124177,1.0220718648379057,1.0,0.1,1.0,0.1,1.0
1.1112141946010172,1.1574209115060987,1.1164809555894089,1.1189877138517519,1.087176267549069,1.0903694305461322,1.1079349226687878,1.1224815753333741,1.041105988013779,0.9670276086562474,0.9847996708026718,1.0,0.1,1.0,0.1,1.0
1.029699625925566,1.0813335560916004,1.100296483126638,1.0867618648773825,1.075534619299744,1.1180192452504902,1.1138845619429942,1.1369707227727033,1.1282051664576334,1.0985733607193224,1.080324148863231,1.0,0.1,1.0,0.1,1.0
1.017935556735581,1.0380354915387604,1.0503421758826896,1.0153622868669179,1.0456611053452045,1.0861332489238988,1.0633873983059499,1.0735411396196946,1.041071949414162,1.0358381911771777,1.0464612189932905,1.0,0.1,1.0,0.1,1.0
1.0137270183720946,1.030357492293701,1.0025230513206547,0.9758208888662825,0.9797511749788989,0.9175388683057177,0.9236286356982245,0.9316707470904513,0.8785880911860242,0.8613741044191451,0.8569235286212508,1.0,0.1,1.0,0.1,1.0
0.964851604609409,0.9478177111052138,0.9193357708025011,0.9020063248182185,0.8583277731360962,0.9030053773123778,0.845435556248497,0.8908835158979747,0.8292865187141127,0.852639460496197,0.9038902547206198,1.0,0.1,1.0,0.1,1.0
1.0501509215576776,1.0339962836876684,1.0056202388669315,0.991031413873283,0.9741350043748419,0.9375388806312164,0.9832490171851461,0.9901580173729301,1.0100994699698838,1.0375856821404603,1.0190437882569392,1.0,0.1,1.0,0.1,1.0
1.0904114213323668,1.0950049173916094,1.0676829188812684,1.1065097966340154,1.0687298210170442,1.0352582228747755,1.0193282271282444,1.0346117102696621,1.0400369577742645,1.0483617163874008,1.079156536557148,1.0,0.1,1.0,0.1,1.0
1.0651760450380883,1.103193690651336,1.074032673978481,1.074159921384773,1.0614549044266826,1.1186864541317716,1.1148034152104083,1.143619964985356,1.1421016635086987,1.198697507122706,1.178989108206126,1.0,0.1,1.0,0.1,1.0
0.9503648580600706,0.9402133632919044,0.9107915473513806,0.9085956978975164,0.8938650698279248,0.8672085100446464,0.9389024107605121,0.9375756704749482,0.9190734333307654,0.9272942307943471,0.9082171765127887,1.0,0.1,1.0,0.1,1.0
0.8959788039599108,0.9243124335925909,0.9427745951089342,1.0027710214289718,1.0227937028422363,0.9858271411403202,0.9657566390282354,0.9148751597075826,0.9581261804467972,0.9770950586831794,0.953480941548364,1.0,0.1,1.0,0.1,1.0
0.9567883217270834,0.9451575670801826,0.9313653542529252,0.9145280165656795,0.8932858769108379,0.9484724370283382,0.9839825880779526,1.0385230293612042,1.103035955751814,1.0902363348484447,1.062788586983063,1.0,0.1,1.0,0.1,1.0
0.9404379844744268,0.942495993548477,0.9840142605230935,1.0009090065992312,0.9931070479563469,0.9782303717517026,1.0672958263709256,1.077418632206965,1.0840772040487479,1.0443154901746272,1.05543985515696,1.0,0.1,1.0,0.1,1.0
1.150716204717677,1.1210160321767753,1.1005179619408956,1.1484809664810625,1.2191385632848328,1.1812476534866594,1.1598170637828915,1.1117162645589893,1.1116692500907386,1.090586378955536,1.055002139880245,1.0,0.1,1.0,0.1,1.0
1.0071855003508263,0.9829351931991499,0.9856007492464987,0.9695806124431194,0.9487139101066456,0.9469901758450052,0.9862399371174466,0.9716115794042078,0.9374755707423482,0.876256504467794,0.8900891117729751,1.0,0.1,1.0,0.1,1.0
1.0627283055001677,1.06415127229059,0.998165626076317,1.0096496020962655,1.0245798740001242,1.029467235828609,1.0593941730148002,1.0818909634150282,1.0927799292710625,1.078958560922666,1.052052150625873,1.0,0.1,1.0,0.1,1.0
1.0674750331849652,1.084493543248108,1.0358920745483036,1.0386721357472288,1.0256548008810882,0.974875931437273,0.9123195346551014,0.916855188510438,0.9086525179182329,0.8574641634307348,0.8392475159463675,1.0,0.1,1.0,0.1,1.0
1.071248765872498,1.0625451562857577,1.054957107365286,1.0693304585486076,1.0295427060322824,0.9979207879240574,0.9716014177431537,1.0566972457955652,1.023922942281095,1.0375999434413423,1.0009200013460262,1.0,0.1,1.0,0.1,1.0
1.0695957012767974,1.091275469630127,1.0815144389128568,1.0332326934380813,1.0293863826832081,0.98501475080511,1.0046309651194356,0.9721385335719848,0.9497148875304818,0.9952129430484932,1.0138476365354805,1.0,0.1,1.0,0.1,1.0
0.9226856329779084,0.9237082369762274,0.8821051101772299,0.8556906238595459,0.8189241393834751,0.8694994713980186,0.8682263243028366,0.8599322322616297,0.8352396791311314,0.8134498805331536,0.8218386825035813,1.0,0.1,1.0,0.1,1.0
1.0295098915647345,1.0422855945624152,1.0380841278110753,1.0093331506094863,1.0139922566408908,1.0054666057777408,0.9754646177337293,0.9825692139475177,0.9763501234747157,0.936163050756831,1.0249329471896207,1.0,0.1,1.0,0.1,1.0
1.003609344760669,1.0340086143151554,1.0392000252910454,0.9981876323884857,1.0010538577292576,1.010588010231893,0.9856980641850167,0.9790738829033879,0.9974572530889709,1.0047178850135112,0.9785050903784953,1.0,0.1,1.0,0.1,1.0
0.9409047487622589,0.9641608767963745,0.9406964484423863,0.9803299356454703,0.9867934687984581,0.9709120475211337,0.9854390641303598,0.9507798096139541,0.9994592785918653,1.0419379979347674,1.0490608988423642,1.0,0.1,1.0,0.1,1.0
0.9666609405406333,0.9456211905394637,0.9646437812478302,1.0101425957464536,0.9783910664415598,0.977793574749958,0.9440436567233352,0.9302644957244152,0.9649328736797292,1.0122986739535973,0.9971216387713326,1.0,0.1,1.0,0.1,1.0
1.0545527032306248,1.071597815159564,1.0684753860478264,1.061394792634644,1.0774465367587815,1.0581291370019685,1.0833668677094912,1.0793190329616347,1.148364010098579,1.1232682550536939,1.0774901450258008,1.0,0.1,1.0,0.1,1.0
1.0367108478250382,1.059648059807156,0.9999002713880136,0.9931739102159592,1.0549380212609774,1.0388833373505528,1.0182422372176723,1.0407144939362383,1.0241093648700617,1.0543942317300266,1.0024684202198908,1.0,0.1,1.0,0.1,1.0
0.8889463087735457,0.9043294616192743,0.9171819954999472,0.8931078382011545,0.9037441980553058,0.9146221540035699,0.9276211993886011,0.9630036790349235,0.9485631468481397,0.9399150580120218,0.9577692554035411,1.0,0.1,1.0,0.1,1.0
1.0798157345775765,1.05593121317343,1.0025022968925419,1.054136389258566,1.088490281713719,1.1022188045484704,1.113468164945582,1.1067354153916713,1.1075466008633557,1.0718633667193287,1.049709319030061,1.0,0.1,1.0,0.1,1.0
1.110177376817269,1.0480303624018485,1.023690668777898,1.0126364018173857,0.9658819095254755,0.9461589835265285,0.9827098655577629,0.9784059547841482,1.0022666966021951,1.0270960127149613,1.0271709899631545,1.0,0.1,1.0,0.1,1.0
0.9909139664274297,0.955900891138992,0.9646335377196301,1.0343054655304214,1.0600379383884113,1.062321616055022,1.0884613471066518,1.1063980271203704,1.0872582736641672,1.0739214361438123,1.0967848671456537,1.0,0.1,1.0,0.1,1.0
1.0124084097442754,0.9930418713932735,0.9657127078630473,0.9313953763195544,0.9627639111791427,1.0268084617920217,1.0477311690854172,1.0382553752188501,1.0401578680954982,1.0584463079558413,1.0065496728729537,1.0,0.1,1.0,0.1,1.0
1.0667054934104259,1.0856979835734473,1.092744051614535,1.0906514024095542,1.0805735749210967,1.0665170517907092,1.0281628201189836,1.0327249723500866,1.0304158460320605,1.0439069648700674,1.0395332558826353,1.0,0.1,1.0,0.1,1.0
0.8960542027737168,0.8840319021057708,0.9122962600623219,0.9597471370405982,0.9883226382973905,1.0270040975316352,1.0426005210083773,1.0655419073541283,1.0542235070213712,1.0405662723699434,1.0296747347810624,1.0,0.1,1.0,0.1,1.0
1.0878635917150052,1.1016532373633563,1.0479378806206652,1.0073811185105146,1.022872656732514,1.056109084000411,1.082261623306616,1.0903330040616317,1.0805730350263263,1.0697252362283396,1.0195547059084378,1.0,0.1,1.0,0.1,1.0
1.013289121592025,0.9741878017523146,0.9904467127623047,0.9853717204171318,1.0243470657799936,1.0263293305000338,1.0349877781945003,1.0420730426413078,1.0366989515657081,1.022674699964461,1.0320330980648174,1.0,0.1,1.0,0.1,1.0
1.1027535674424227,1.086503167526513,1.0871249914196228,1.0780669501141686,1.0849505142094502,1.112056623317918,1.1154046457587146,1.1237803399383486,1.199683418601078,1.1658170891589181,1.1627300803779599,1.0,0.1,1.0,0.1,1.0
0.8777863645958031,0.8977745140361227,0.923394875659046,0.9394484619947454,0.8913302597677234,0.906604028943037,0.9327198369010312,0.9338234535178616,0.8827253359634756,0.9427196228170379,0.9137320391477252,1.0,0.1,1.0,0.1,1.0
0.8891953029977222,0.8703593780158855,0.876026596352562,0.9462771484554009,1.0105730750832602,1.02514866965445,1.041114536326,1.0436786246471905,1.064708737833494,1.1361212647948327,1.1239663136533802,1.0,0.1,1.0,0.1,1.0
1.0302451609134413,1.040118434886245,1.0711305865098613,1.077095779324052,1.0290375519262396,1.0223472872355879,1.025593648564131,1.0453943099618899,1.0626295323209358,1.0825444579284171,1.1873008780381904,1.0,0.1,1.0,0.1,1.0
0.9252774163306515,0.9142422908429723,0.9055746579509797,0.9249816935370666,0.9946699696319262,0.9665989505565488,1.0080961465057074,1.0011198576912153,0.9668113625232371,1.009109809388244,1.0406061796781756,1.0,0.1,1.0,0.1,1.0
0.9569918707798812,0.9668803207823246,0.9761548741640553,0.9474840267813346,0.9439625488071891,0.910369616728782,0.9130532731680051,0.9245678871220582,0.9010427455987694,0.9563190266010809,0.9226382727525545,1.0,0.1,1.0,0.1,1.0
1.0524446703815573,1.0736423011330227,1.0595077812120572,1.0822398901329655,1.0994413888774357,1.0796156962223207,1.110340686062338,1.063154315006816,1.0691007691763155,1.0828670741669388,1.0813449032534388,1.0,0.1,1.0,0.1,1.0
0.9404950051633997,0.9529270444520987,0.939058584348488,0.9414681006323342,0.989168163916847,1.0241432745529662,1.0520473902806076,1.0687386824679337,1.072285385974225,0.9875131217112288,1.0124009452089218,1.0,0.1,1.0,0.1,1.0
1.032072062167636,1.0036517151494533,1.025753591353474,1.063368160475923,1.0442844296875395,1.0424544289974411,1.0747332912542698,1.0383208161173856,1.015918654241062,1.0301769589643466,1.0312518407366562,1.0,0.1,1.0,0.1,1.0
1.0447919121603098,1.0495751137752778,1.0603332889606623,1.0543676999771698,1.0379727608160645,1.0180812103617773,1.058060353651828,1.0371940873500096,1.0649942910506018,1.0361507379870698,1.0263374917242591,1.0,0.1,1.0,0.1,1.0
1.0421437803179858,1.0700892814751808,1.1163919476308548,1.0786468782555092,1.06734374838646,1.0950271483778111,1.0558584789394438,1.1064627226573427,1.1445918017822903,1.1517627777307058,1.1478770758481955,1.0,0.1,1.0,0.1,1.0
1.1107074001303203,1.1622398681170842,1.1816682320806238,1.177583366823,1.235251690078377,1.2018889295523298,1.1783591282468058,1.1226659004885513,1.0809150272046835,1.052018967963101,1.008616515150619,1.0,0.1,1.0,0.1,1.0
0.9606530378195897,0.9741459683361222,0.9255197262351976,0.90507706646112,0.952109000620488,0.9646022701477291,0.956990256280986,0.9240525499247619,0.91876998338562,0.9422670311965335,0.9170021908311914,1.0,0.1,1.0,0.1,1.0
1.0030419927858647,1.0118807530106255,1.0084871788214225,1.051405449502818,1.0531358420653565,1.0562087875136958,1.0813269363772886,1.064446128118819,1.0171178788820874,0.9730011920170553,1.0322786703382394,1.0,0.1,1.0,0.1,1.0
1.0473846217921117,0.9836978474471579,1.019511154884573,1.0294874981187854,1.0246803209467545,0.9915835807487636,0.9652696386934897,0.9530054897718414,0.9739827253735213,0.9257983410679614,0.9402177622731193,1.0,0.1,1.0,0.1,1.0
0.8673753290516004,0.9090362687996302,0.9013557588087598,0.9291097612261897,0.9927399981498581,1.049235577776155,1.0631142288476605,1.0850110668775772,1.0676279912508795,1.1097539000563472,1.0750098194102629,1.0,0.1,1.0,0.1,1.0
1.0038951082715075,1.020682308158538,1.0979756521786332,1.0780354250594206,1.094703741596092,1.068398015818528,1.0119301336342899,1.0353203092634558,1.0411101522434159,1.0345155564314235,1.050179494694065,1.0,0.1,1.0,0.1,1.0
1.0563159330889584,1.038721093284381,1.0431114639460706,0.9791130691386071,1.0020022115344986,0.9798069910710915,1.0022808065242816,1.0270718938940522,1.0081522311308047,1.0559074129551411,1.042678795250605,1.0,0.1,1.0,0.1,1.0
1.0092198537250077,1.02527466621324,1.0225316484331288,1.0156759598464844,1.0121746676136565,1.0460596656622458,1.1010021175254963,1.1251382295879713,1.1043292040646715,1.0719250778242524,1.0635584646413576,1.0,0.1,1.0,0.1,1.0
0.9184602373381703,0.9091124333598677,0.9518276969459482,0.9467415665614918,0.9821332803566211,0.9982014032121028,0.9590731790762859,0.9964264700090502,1.0313184173193921,1.0545699034008826,1.0341490831762365,1.0,0.1,1.0,0.1,1.0
0.8540848071412003,0.8717287224372863,0.9202432894989447,0.8667043478070945,0.9628500843531501,0.9740988451136717,0.998011807960094,0.9937899483816033,1.0034157945011317,1.0151642028177896,0.9668558474920789,1.0,0.1,1.0,0.1,1.0
0.9425586984785845,0.9638555056497633,0.9796441995930132,0.9383886755020662,0.8759384810658243,0.8805714686649134,0.9054746663656031,0.9340742822527512,0.9785504409421009,1.0096072020953504,1.0165383575584397,1.0,0.1,1.0,0.1,1.0
0.8768151385977417,0.8679318220931522,0.8885111346634478,0.8461061781283615,0.8826488243941986,0.9016355719335218,0.8579776230628089,0.8346568665355751,0.8651181311870266,0.8571663445048011,0.8513802646600354,1.0,0.1,1.0,0.1,1.0
1.0051639353280837,1.0516013556547414,1.0278441068308677,1.0895064569012942,1.0669657683087026,1.032258028557427,1.0434181731227916,1.0751673336479803,1.0518467133931757,0.9697431847991355,1.0101148786519398,1.0,0.1,1.0,0.1,1.0
1.0134725288010797,0.994718194765158,0.9808217651025897,0.9941291868394035,1.0709481693351093,1.0844874752323956,1.1131233780168774,1.0653710201800863,1.095399937434895,1.0528452401922888,1.018862700263172,1.0,0.1,1.0,0.1,1.0
1.0613945282051984,1.0526121946950977,1.0741522649370443,1.0495548834431057,0.9964653117863873,1.013755484284505,0.9388716801891278,0.9351689805527642,0.91906156059138,0.9130589757785617,0.9624706494098525,1.0,0.1,1.0,0.1,1.0
1.0769608021104309,1.0914001668274476,1.0546019760448013,1.078603641372102,1.0693275983636843,1.0922342716482962,1.1212770259619431,1.099183869443842,1.0349651105734503,1.0140761205763782,0.9899781538959369,1.0,0.1,1.0,0.1,1.0
0.9124359739885284,0.894296848241101,0.8609422025725336,0.8766910482515599,0.8305272689545953,0.8351604308695809,0.8558517429238958,0.8738084976369226,0.8646403573227313,0.9132752941073835,0.9205970025743915,1.0,0.1,1.0,0.1,1.0
0.8623849620192163,0.9169466865477482,0.8808907079441717,0.8697724280442746,0.8831170227577042,0.8963151720572765,0.9554773312686917,0.9713989741369795,0.958105829709527,0.935401059544604,0.9266182543619195,1.0,0.1,1.0,0.1,1.0
1.0736078784570493,0.9981009237265636,1.0072941794591899,1.0292844529274532,1.0526528502666446,1.0586118902444706,1.0546079307925116,1.018376174300243,1.024652747226133,1.022258786027091,0.9982682093106534,1.0,0.1,1.0,0.1,1.0
1.007146516061046,0.9794647693078895,0.9646277811961806,0.9600916614021019,0.9845858081575148,0.9914745046456522,0.98373049910582,0.9036367916917216,0.9109721199647093,0.9119144942384378,0.8950539406007436,1.0,0.1,1.0,0.1,1.0
0.9843857115521367,0.9745011004663197,0.9959740506639931,1.0510229821685901,1.060902818566667,1.0156030778570027,0.9942618200023123,0.9979596712183574,1.0219215064318417,1.0430034999556177,0.9938546175008738,1.0,0.1,1.0,0.1,1.0
1.0269185739075124,0.9754095640078422,0.9603006683304971,0.9710581444711247,0.9809828991901751,1.02112125389397,0.9744135055007312,1.0163266761933252,1.0614714065290847,1.0675237374552942,1.0578212825610338,1.0,0.1,1.0,0.1,1.0
0.9153253316389103,0.9080680599859985,0.9429015771336495,0.9127292478278722,0.902452167745225,0.9503352227409214,0.9446524681336614,0.9979370927880218,1.010110380074581,1.0052867279777111,1.0872175931360308,1.0,0.1,1.0,0.1,1.0
0.9599064466359543,0.9433694977571118,0.9430550051389921,0.9757765848227078,0.9716138513485124,1.0340901183447824,0.9851285066193715,0.9494365740548577,1.0038495399260126,0.9794335423328535,0.915664238431116,1.0,0.1,1.0,0.1,1.0
1.0199993312775657,0.9923644849403215,0.9273256714991918,0.9778441979884978,0.9996624944155209,0.9788562899427526,0.9789940695763693,0.9700867104277178,0.9491564939163719,0.9029949779068039,0.8960904991684161,1.0,0.1,1.0,0.1,1.0
1.018186780040615,0.96548820871699,0.9542524658319798,0.9558899803758576,0.9993274158721057,0.9726508369344499,1.0357379209362303,1.0080103552306539,0.9594766524463528,0.9564329670238174,0.8695515118818213,1.0,0.1,1.0,0.1,1.0
1.0740764323207552,1.0578372315094249,1.0666988460680262,1.0765537110521366,1.0687505544770834,1.069709737808726,1.040344051202584,1.0683860146931534,1.0599152132929837,1.1427201923203152,1.1307241181410659,1.0,0.1,1.0,0.1,1.0
1.0539193873928234,1.0037438135701435,0.9446717650436398,0.9387689699834119,0.9629988656668688,0.9689949758529911,0.9646284089422908,0.9632988468994129,0.9448739139927081,0.9752932350943497,0.9846431350837643,1.0,0.1,1.0,0.1,1.0
1.0535213703576953,1.0664216884957765,1.0555448279612636,1.0281082472252383,0.998934377761021,1.0206492745030595,1.016484285866134,1.00415807741256,0.9748743353336417,1.0176717337609784,1.0078067176678522,1.0,0.1,1.0,0.1,1.0
1.126065012430587,1.1614957198521312,1.1114450429565588,1.0768864127759283,1.0526588386885076,1.0747963401529286,1.084263335972869,1.0366725391886333,1.0890338321376087,1.095654624102943,1.0440990735835969,1.0,0.1,1.0,0.1,1.0
0.8492456125719936,0.8391234035100831,0.8318966011824981,0.7692768671896274,0.804569120494251,0.7732006305883877,0.7535969033636817,0.7802771932745961,0.7794696343058003,0.7912903985479509,0.7663859168382136,1.0,0.1,1.0,0.1,1.0
0.9392698592651563,0.961489879664968,0.9631477256263083,0.9759998684271055,0.9726001605752326,0.9733564261243673,0.993576801037329,1.0349717619602292,0.992164733291283,1.0117128814390388,1.038990507882046,1.0,0.1,1.0,0.1,1.0
1.0152004196197228,0.9919063065563842,1.0417490548168282,1.0127644844163322,1.0420143642459283,1.0558660776879873,1.0751718802385255,1.02474502749687,1.022798294338222,1.0401352648923181,1.06823918903991,1.0,0.1,1.0,0.1,1.0
1.0788973998629927,1.0960930102514848,1.1125739542599324,1.0983546579303851,1.0787920428805617,1.0833832068485107,1.0399090781644909,1.0552210053014295,1.0579201538765706,1.0794502516983986,1.0830983070288869,1.0,0.1,1.0,0.1,1.0
0.963842572297043,0.9369071107185004,0.9435810317151112,0.956981783446846,1.0241648735970361,1.0418753467965796,1.004912628524103,1.0054828398039275,0.9578817347856845,0.9760972628513558,0.964277745735106,1.0,0.1,1.0,0.1,1.0
0.8862777496613042,0.8975144182190005,0.9075003926250919,0.9340080074727946,0.9286538772273452,0.9633692112346748,0.8962070895883972,0.8975483066420239,0.9256786260569931,0.9552495559789107,0.9829331943670655,1.0,0.1,1.0,0.1,1.0
1.0365405750718613,1.0338974404931576,1.0478018123712705,1.0851154069863853,1.126359723316442,1.1371082977303617,1.093844425527201,1.0742478704213592,1.0073170443409745,1.0111876513361102,0.9674546783320379,1.0,0.1,1.0,0.1,1.0
0.8861051050444723,0.8861015052037858,0.8579721283580103,0.8952425267413967,0.9063918790693912,0.9491533498227936,0.9643144804191259,0.9070898008914924,0.8887831048240046,0.9131250239571616,0.8707038712625044,1.0,0.1,1.0,0.1,1.0
0.9467857239154319,0.9788084383745859,0.9915859558570579,0.9918553370675414,1.0216795438436312,1.0658027215614347,1.062730745946381,1.054387971749908,1.030302205147598,1.0606951277263086,1.0880450160254487,1.0,0.1,1.0,0.1,1.0
1.0156129453620133,1.0295761625769755,1.0203562839964597,1.0679782167009917,1.0131014818324406,1.0318717778660185,0.9949359804588934,1.043612135210253,1.0431326213077392,1.0772766899914907,1.0443648165894794,1.0,0.1,1.0,0.1,1.0
1.004372383242958,1.00196439946857,1.0289497294453502,1.057504848196122,1.0577841056021524,1.0203261528104068,0.9712235619946447,0.9854550059195004,0.9593091489238139,0.9945349797981182,0.9347114771285985,1.0,0.1,1.0,0.1,1.0
0.946651298597636,0.9543355524471263,0.9326250911127231,1.0103841633462098,0.994213463346352,0.9557219259578061,0.9303220734619417,0.8991160290577843,0.9027730746803959,0.9482300500197354,0.9359246880174811,1.0,0.1,1.0,0.1,1.0
0.988878316568602,0.960169118411995,0.942278161852317,0.9446978681699013,0.9522380559419859,0.94712382319715,0.9781760326975969,0.9916762489907055,1.0422681005636347,1.0325387549836231,1.0390504074834694,1.0,0.1,1.0,0.1,1.0
0.9885215333423971,1.0456579558898689,1.0171996171261133,1.0264195989870273,0.9822964034688644,0.9609404802952923,0.9449649115515262,0.9834540860503462,0.9734567081617007,0.9650452627808108,0.9946362018133218,1.0,0.1,1.0,0.1,1.0
1.0490567440217615,1.0512833451535681,0.9919637838508538,0.9717064544013959,0.9563748217911745,0.9334485797776548,0.9402700891435001,0.9638251474356783,0.9234142751604518,0.9395558853219769,0.9701458740400873,1.0,0.1,1.0,0.1,1.0
0.862040467757,0.9353964641937978,0.9279222940664144,0.9176514744131004,0.8789758519963491,0.8734940398224793,0.868042801568548,0.8902285932583324,0.9088505133089799,0.9461306791242878,0.8956506411375917,1.0,0.1,1.0,0.1,1.0
0.9991356045607903,0.9727489736022911,1.0275264952733898,1.0607839146823421,1.1312789684806568,1.1051532366660843,1.1539324053709,1.166733639588211,1.1803354532517587,1.2079613919398615,1.1490979844836733,1.0,0.1,1.0,0.1,1.0
1.0999623580987419,1.1294022124186542,1.0786411585569036,1.0200464932713935,1.0436295172163723,1.0269175911050765,0.9889163747785507,0.9487872472755478,0.9762074761415359,1.0098606911629302,1.0367726495038248,1.0,0.1,1.0,0.1,1.0
1.0626374786731592,1.0507963247782452,1.0366321816096198,1.0343512666761503,1.0530802581881937,1.0682874025727305,1.0154413517827707,1.0004254444536864,1.0494864241161082,1.0659764579539164,1.023016530352447,1.0,0.1,1.0,0.1,1.0
0.9613924229865651,0.9209334093977677,0.8838545022379346,0.8994290592376672,0.9159916286241006,0.923177928191838,0.9578059093837858,0.9804176834107392,0.968698113838903,1.0075719293868288,0.9583004970517144,1.0,0.1,1.0,0.1,1.0
0.8959636299344952,0.8535054659103274,0.8923752323879861,0.835939963168301,0.8790578015049547,0.8916561118910051,0.9210784841765801,0.9101538676209688,0.9236323942346554,0.9351126145873633,0.8821266469005797,1.0,0.1,1.0,0.1,1.0
0.9905528132206873,1.0238493095791,1.001785077652002,1.0758353487950596,1.1351212577031489,1.1629446900187785,1.1722712615572894,1.1674243013084318,1.180198117590378,1.1673303840192735,1.139219812225674,1.0,0.1,1.0,0.1,1.0
1.1413086664615963,1.11112362687031,1.1004401024144659,1.1126783779622587,1.1007718340979329,1.08708078422024,1.0877857435971112,1.1045267726259147,1.0650636565687142,1.0310261673199799,1.0071506685238762,1.0,0.1,1.0,0.1,1.0
0.9933414589059064,1.0206600406605797,1.0499602687017042,1.0485480025425675,1.0925904581771402,1.089149008213019,1.1211833736904973,1.1301319446018159,1.098077420936318,1.0983213338440576,1.0745288143784029,1.0,0.1,1.0,0.1,1.0
0.8193619821980797,0.844600848613914,0.8721787288216025,0.8659124987185398,0.9356023182448043,0.9007258736198501,0.9233308993551848,0.9209031550182697,0.9293630909638476,0.9359545152607208,0.9120138611597662,1.0,0.1,1.0,0.1,1.0
1.0525023956259019,1.0460799490902861,1.018474933187231,1.0275944143218498,1.026717778062336,0.9884626725553911,0.9586939633578704,0.9819540766079893,0.9498456708306616,0.9429908228058693,0.9513607816513621,1.0,0.1,1.0,0.1,1.0
1.144944201352542,1.0949815258294329,1.06895655745387,1.0666327940243197,1.0555651315135335,1.0160330558868031,1.0265280331497082,1.015940645243022,1.0217533823435114,0.97488411060448,0.9502451867714461,1.0,0.1,1.0,0.1,1.0
1.0602488062323832,1.0544593765208141,1.0560301976749673,1.0045752004786959,1.0080429021312243,0.9523525008250464,0.9811628521424031,0.9599899148259808,0.9769674987104002,1.0158352837030564,1.0406305349905145,1.0,0.1,1.0,0.1,1.0
0.954118354891809,1.00283870171881,1.0342831012112896,1.0389762860115273,1.0009746417496392,1.010480075765147,1.0368521322328137,1.091871306431853,1.0292004194879598,1.1105209441810469,1.1320758771689807,1.0,0.1,1.0,0.1,1.0
0.8923793242616569,0.8491381227978061,0.8622785054792534,0.8661174281260285,0.9056787030425625,0.8884774175285942,0.9358775497363936,0.9568095468000897,0.9966596219012369,1.008165323383168,1.018810508637896,1.0,0.1,1.0,0.1,1.0
0.9805503552402749,0.9533449229526916,0.9256425789663164,0.9207969362634413,0.9267957926862209,0.9621737238063842,0.9657684573462618,0.9802677683837381,0.9456146126399196,0.9084993078086132,0.9423963920765065,1.0,0.1,1.0,0.1,1.0
0.9214787739419684,0.9664911711236771,0.9712275149358501,0.9760532681038459,0.9701046475169772,0.963519463934338,0.9317132750697796,0.9198337568568119,0.9850967023813672,1.0202802275079608,0.9985538035336299,1.0,0.1,1.0,0.1,1.0
0.9677920364459374,0.9791395750558324,1.0068429490433481,0.9801946183785694,1.0388488620181673,1.0206878658378948,1.0474506357937845,1.0520791052855707,1.0712463172001578,1.0545970694593785,1.0709870843636877,1.0,0.1,1.0,0.1,1.0
1.0840576632479166,1.045364151542695,1.0887114953660086,1.0421502291852203,0.9852090070874266,0.931999689203216,0.9445661926041826,0.9337135905942971,0.9134556089370701,0.9243291578959757,0.9189389839608241,1.0,0.1,1.0,0.1,1.0
1.1409945214581025,1.141147782544311,1.1360647334512557,1.1819559250761054,1.1530893871772019,1.1234484738972197,1.1245440817095322,1.1311119116213018,1.1271333578968097,1.114920395013139,1.1016134550294685,1.0,0.1,1.0,0.1,1.0
0.9824538607327359,0.9999937534070524,0.9896055618019555,0.998647938784691,1.0229565567827663,1.0502532496532533,0.9548548038651392,0.935047642598524,0.9741041969297409,0.9825329357218135,0.9699798797028693,1.0,0.1,1.0,0.1,1.0
0.9268071493720673,0.9098066078697402,0.9040280100964792,0.8817573576060039,0.887920021339579,0.8919761557430214,0.9057975780968859,0.9113115498925748,0.8689794932701317,0.884882352619385,0.8815287875192256,1.0,0.1,1.0,0.1,1.0
1.0795130187631155,1.1070984979015273,1.1178225474353525,1.0917205365697593,1.0346922652376151,1.0057388100547622,0.9870503795053758,1.0165848319626127,0.9805114820497305,0.9520859369223533,0.9596286507421857,1.0,0.1,1.0,0.1,1.0
1.032994049067393,0.9913788621831067,1.0310556265431603,1.022870070237704,1.0733132148102242,1.049722622730814,1.0832974041504417,1.0936986442060168,1.0834290910931592,1.0796312830023485,1.062131710827192,1.0,0.1,1.0,0.1,1.0
1.0238370513062462,0.9536438718147416,0.9789353904570086,0.9460603028206543,0.9371381133197254,0.9272198040940426,0.9284138733824864,0.9124718863860315,0.9212078368836241,0.9312578956667863,0.9261586328839513,1.0,0.1,1.0,0.1,1.0
1.133921834995695,1.1256051794535427,1.0870145932442719,1.0972639295225233,1.088875857833509,1.0829346018309596,1.1260356725519451,1.1143853262539474,1.1636865204050324,1.109432780826705,1.0427417325782191,1.0,0.1,1.0,0.1,1.0
0.9871728115310086,0.942315912553097,0.943789943006432,0.9536898515832468,0.9525029712967196,0.9808607053976865,1.02502869775296,1.0086002603752735,0.9854054807968924,1.001902585179977,1.0002761355313414,1.0,0.1,1.0,0.1,1.0
1.115655392477016,1.10152367237537,1.0454885419643292,1.0770144254174854,1.0601829734904147,1.065812743728891,1.0970267631409525,1.1163221110343917,1.0787392344501099,1.0672789147358184,1.094823084133628,1.0,0.1,1.0,0.1,1.0
0.8938574664639204,0.8940417267351053,0.9149417103268569,0.9159929848594661,0.9682618910884476,1.0512387755161146,1.090368276547349,1.054522277969003,0.9907174702153588,0.9861335860524648,0.9701701944263857,1.0,0.1,1.0,0.1,1.0
1.061149848543262,1.078261132484592,1.0963925305002862,1.1045294729082538,1.0883631594908227,1.052561869325223,1.0230367492722843,1.0614213290500605,1.087955400979734,1.0694003549204674,1.0499542506273642,1.0,0.1,1.0,0.1,1.0
1.129779409305404,1.1403548087618463,1.0689369412930791,1.043649301065443,1.045283618638762,1.0989934746935894,1.1023455476842818,1.1023957079660998,1.0777794793077473,1.155364436748961,1.199280573875355,1.0,0.1,1.0,0.1,1.0
0.9852246870512751,1.0364520319805677,1.0350096346958044,1.0100136678422607,1.0511792453421753,1.0737364001163336,1.0422372199537504,1.0034422861133137,1.043863806517105,1.0237120428006974,1.054773935382642,1.0,0.1,1.0,0.1,1.0
1.060097614448569,1.0485582945418475,1.024999835916407,1.0132088795698786,0.9778681669127254,1.0315013052425572,1.0465484085177725,1.0262481599143687,1.0436489187272424,1.0546828525058343,1.0939978992302763,1.0,0.1,1.0,0.1,1.0
0.9780754118469247,0.9504444321554086,0.96215371263901,0.9723602794294436,0.9372963540933902,0.9200178006909155,0.9371589052370997,0.914234900759316,0.9558315172530112,0.9664319402816085,0.9598587292509496,1.0,0.1,1.0,0.1,1.0
1.0317609401597525,1.0462074246924224,1.0212010949618535,0.9854413110751992,1.0070773992715665,1.0174189985296862,1.0151004969283806,1.0024418806940198,1.0203099824603918,1.033483256881808,1.0079190431541545,1.0,0.1,1.0,0.1,1.0
1.0549041197985196,0.9808293639938643,0.9651316210208449,0.9772058560530993,0.9961245897716524,0.9775439743169061,0.9816713011039636,0.9584433306761604,0.9843199893970096,0.9612228166550718,0.8980585671739222,1.0,0.1,1.0,0.1,1.0
0.9599945940665049,0.9292439683824215,0.9910009697237245,0.9830958686103105,1.0374657376462544,1.0665402663274643,1.060542171451114,1.0264428779415717,1.062748626797387,1.04669267698762,1.0685376305404028,1.0,0.1,1.0,0.1,1.0
1.0576197326431875,1.0886253033943487,1.067442946551655,1.0628347536405458,1.091859608537528,1.132921787746401,1.1694834073565445,1.124736577527841,1.1006375885148216,1.1088727983328224,1.1124397763317913,1.0,0.1,1.0,0.1,1.0
1.0213930947392147,1.0565664980793643,1.0405007599317417,1.0616047692689596,1.0440133344396616,1.0592658680710025,1.0597253763831427,1.0693746252851526,1.0797090870113641,1.06324742540239,1.0799706484786609,1.0,0.1,1.0,0.1,1.0
0.9064760557725318,0.9008130435387425,0.9407713058284176,0.9667356189468186,1.0112329261234407,1.0238604134784162,1.0433932029673878,1.085682519780556,1.0821858649354945,1.0953289661909849,1.0731119641699505,1.0,0.1,1.0,0.1,1.0
1.1400519786968055,1.159834042963381,1.109544131630702,1.1147165091326623,1.129503816446709,1.088016903193802,1.065328271203967,1.0533670197803784,1.0178567751638812,1.0633612934818304,1.1072400936943498,1.0,0.1,1.0,0.1,1.0
0.9671431233215936,1.0520688067069308,0.9758164750245137,0.9785707643384395,0.9669272989740171,1.018156294530108,1.0389109947681872,1.0321683528052294,1.014879683616201,1.0534656356690326,1.0832941270050394,1.0,0.1,1.0,0.1,1.0
0.9721193308579431,0.983410653488113,1.0184351994074652,1.0270171770827252,1.0254180116871277,1.0825667428413377,1.1356690861403356,1.0911365447069852,1.0411374280201091,1.0431112667407367,1.0611467158685748,1.0,0.1,1.0,0.1,1.0
1.1203655680298295,1.102150577867468,1.0645342409562528,1.0533042653081859,1.0890094582840804,1.1376337447606961,1.1126728800071068,1.0711755962401097,1.0972565584204388,1.0871181305095243,1.0789177460501294,1.0,0.1,1.0,0.1,1.0
1.118412823469448,1.137851482535402,1.1135611045598108,1.091304263603886,1.1126288831399525,1.1030082820728917,1.088937964621026,1.0487776676771845,1.1043394624375031,1.1347575906169456,1.1264878077164078,1.0,0.1,1.0,0.1,1.0
1.044947207997426,0.9703282671495083,0.9634294262784814,1.0202182958614692,0.9573612919358756,0.9707420274401063,0.9178590497825222,0.9562441077689915,0.9999347358091173,1.0151869495300367,1.0013691335356152,1.0,0.1,1.0,0.1,1.0
0.9312429114780632,0.9911664372352164,1.0206972775048564,1.0507451225925175,1.0394587331146012,1.031423176835188,1.0022749259350632,1.0021536030838034,1.0154898321285586,0.9603479822409858,0.9279261945618742,1.0,0.1,1.0,0.1,1.0
0.9799235999946438,0.9191398059762931,0.9423687965912086,0.9756610942700434,0.9710060965249846,0.974107697876457,0.9537527778625731,1.0098305180362637,1.0099904287884454,0.9677745719854829,0.9253898889321754,1.0,0.1,1.0,0.1,1.0
1.0310643485582849,1.0581904051883149,1.074934175695749,1.0515618582431625,1.0285913341355462,1.009701700875625,1.0317638891793421,1.027439818644299,1.034479035780314,0.9921866237151025,0.9752551307590642,1.0,0.1,1.0,0.1,1.0
0.9895163160689288,1.0747093312143385,1.1047132102694814,1.1258534150446502,1.0848425218356217,1.1229256923590702,1.1557042704919414,1.1123275654240399,1.1255876150135093,1.0738341868417867,1.032872299779847,1.0,0.1,1.0,0.1,1.0
1.0050902979348375,1.0461357651380845,1.0101684456467237,1.0728238673899644,1.0544971395379183,1.0631237459504892,1.0072907888986622,0.9755299478255626,1.0088180355583156,0.9908059417494863,0.9791968535901039,1.0,0.1,1.0,0.1,1.0
0.9150220816780951,0.9122815840612407,0.8862989206747658,0.9208691573915865,0.912987908339776,0.9406652552471517,0.8919292270675373,0.9215579128440049,0.9361955466134488,0.9552145633828227,0.9226607288509485,1.0,0.1,1.0,0.1,1.0
1.0891970112185068,1.098450220855569,1.0571154004219112,1.0311535768161109,0.9723600803853425,0.9978897413145658,0.9764309667128791,1.0118962901193675,0.9939056969832105,1.0324419283088337,0.9984377452166537,1.0,0.1,1.0,0.1,1.0
0.9429162699185158,0.9933127991312133,1.0369550021468203,1.0765127382900623,1.0676151178906808,1.130758864935624,1.0981215649545766,1.0949419267390592,1.0552045459105832,1.0482657133117177,1.01918504278616,1.0,0.1,1.0,0.1,1.0
1.1216055293373557,1.1154174878338885,0.9734397477413607,0.9936053275535957,1.0107452115702005,0.9984663395371327,0.9888402277878974,1.016957079000886,1.0590281383581557,1.0641405828814339,1.0426000555585222,1.0,0.1,1.0,0.1,1.0
1.1536834843926898,1.1525935670481526,1.095827003197598,1.0312090253894062,1.051163665393417,1.0614705038000412,1.0430704797755712,1.0369238916712087,1.0496093730585192,1.0159315570851293,0.9835280917277348,1.0,0.1,1.0,0.1,1.0
0.9940034809215237,1.0294867171824922,0.9953429149753718,0.9351281207743163,0.9696825901849739,0.9953687153719238,1.037604743424089,1.0536624297988049,1.0389365937068438,1.038555935316166,1.0356244087004336,1.0,0.1,1.0,0.1,1.0
0.9594666034109053,0.9521487195298873,0.9620890097931317,0.9452307759718198,0.9530336683289018,0.9142906350106181,0.9761285094634968,1.01432106660546,1.0137973320739249,1.0226306175112532,1.034476411935422,1.0,0.1,1.0,0.1,1.0
1.0895588789914787,1.0174171542500874,1.075985337361751,1.0670822800804125,1.1192991783254467,1.0804743891905495,1.094202505496808,1.0560515130344637,0.9924606285642993,1.0064315958602246,1.0077595934283015,1.0,0.1,1.0,0.1,1.0
0.9600682332122837,0.9238721729585349,0.9204689665295198,0.9801008680184644,0.9887683155728815,0.9891794564503733,1.027419686852639,1.0639812291648874,1.0918976364879482,1.076245937109683,1.0556962408189716,1.0,0.1,1.0,0.1,1.0
0.9070044207119303,0.9103739204218255,0.9492996051688852,0.9411585664192671,0.9893837899035788,0.9879273386574253,1.015263830021256,0.9814815422140282,0.9834951450775187,0.9562059196923725,0.9967072377992017,1.0,0.1,1.0,0.1,1.0
0.9872236460914603,0.9720064223321491,1.045933553280387,1.0648936254530357,1.0336778500762207,1.0613438720668265,1.043384832392482,1.0607197813989215,1.0555117524259119,1.046157748646113,1.0183740015576839,1.0,0.1,1.0,0.1,1.0
0.9571481886336506,0.9343054442720575,0.969909313371422,0.9155501319324683,0.9556234659269318,1.0542717907400094,1.048646127206002,1.038078231821709,1.004818279293164,0.9721047424113809,0.9990314006126993,1.0,0.1,1.0,0.1,1.0
1.0349542774500962,1.0292593782429613,1.0592642399983645,1.093128456269154,1.0443445097124209,1.0144170191789788,0.9873044447926643,0.9675647993046667,0.9570901213378646,0.9811737987766321,0.9122758555888347,1.0,0.1,1.0,0.1,1.0
0.9920248151278256,1.0312334918992299,1.067206820362109,1.134969232445674,1.132488416390765,1.055758557139054,1.0427127343339462,1.0485487851674886,1.0017609613793417,0.9726295492686227,1.0057182967012948,1.0,0.1,1.0,0.1,1.0
1.040597636359493,0.995933739639417,1.0075090363680788,0.9776914170725979,0.9538061308933398,0.931879927479132,0.926119664387431,0.909576590478865,0.90804158789253,0.9168539928408319,0.8964918525782088,1.0,0.1,1.0,0.1,1.0
1.0687319690503803,1.04982014751429,1.0123527320715024,1.0543185059048157,1.063129045738239,1.0581447200973801,1.0669897147058856,0.9899472404140709,1.0246239468647704,1.0017655947741717,0.9976540185973768,1.0,0.1,1.0,0.1,1.0
1.0070767876243039,0.9978842745284107,1.0221064128694402,1.0269969059730022,1.0250872787351635,1.0359807169064705,1.0109202555349124,1.0133254581447984,0.9348345476792974,0.9453036878712152,0.9573978667431688,1.0,0.1,1.0,0.1,1.0
1.010287704422112,1.0115541407384097,1.0109106381185213,1.0102570686516752,0.9931967008459104,0.9368312180030026,0.9060759528229768,0.9370736992567296,0.9519932772919834,0.9014617010319651,0.9055337773158652,1.0,0.1,1.0,0.1,1.0
1.0150131333949928,1.0686984349904305,1.0129923607967544,1.018043792931226,1.0467961751392405,1.023883877827845,1.0485078884389756,1.0295144175007105,1.0202738233903719,1.0356224320279357,1.0472113937647747,1.0,0.1,1.0,0.1,1.0
1.0346584776729797,1.0552784709924021,1.0310490552860028,1.0004610297867755,0.9625351799229731,0.9755704862316468,0.9544116258485393,1.0058042199188746,0.9947095485816803,0.9785225749403507,0.9452825171217789,1.0,0.1,1.0,0.1,1.0
0.9821115381781108,0.9264542477108012,0.9238420359948065,0.9466398788895931,0.8508045563104798,0.9113588072792107,0.9079549405494876,0.913942902792259,0.9280082878195512,0.8621787140469088,0.8791964918980261,1.0,0.1,1.0,0.1,1.0
0.9850260254197993,1.0158889815852334,1.0250918181167183,1.0139174034059117,1.0312270610786116,0.9980513194858001,0.9542795509057681,0.9804408538259606,0.9680032755547865,0.9883392102637375,1.0230729091988768,1.0,0.1,1.0,0.1,1.0
0.9764272657837125,0.9936130233979552,0.9678947995472558,0.9837518663511406,0.9690091583429616,0.9625208547269578,1.0340161954471105,1.0654778370889915,1.0429326657859785,1.0687031463050995,1.0334456639899954,1.0,0.1,1.0,0.1,1.0
0.9323152754685896,0.9329601510126976,0.8836540970144957,0.8794449118849021,0.8687991150745189,0.8613138818617357,0.8556233548440949,0.8150579329261239,0.8174100096266677,0.8321373273918914,0.7964079262177668,1.0,0.1,1.0,0.1,1.0
0.9884411118169426,0.9583603799887337,1.0040983579227032,0.9951893617987428,0.9791193277345346,0.9712920690830128,0.9557916005688994,0.9546545582259598,1.0109547363383713,1.007815968631231,1.0196969785745498,1.0,0.1,1.0,0.1,1.0
0.8952793123516342,0.9487190526228074,0.9523068916440732,0.9643069955087208,0.9826465680631766,0.9492605031121231,0.9265675952232582,0.9587289801272629,0.9441251903712253,0.9618216192092933,0.9482720922294599,1.0,0.1,1.0,0.1,1.0
0.9873664710940485,0.9947075012749887,0.9740915216692155,1.04835660261084,0.999673053651428,0.9541214571153264,0.9726513569841774,0.9040450387851734,0.9073531491096665,0.9800322424488248,0.9635271458136967,1.0,0.1,1.0,0.1,1.0
1.0437686704562064,1.0562828057606735,1.0530446460020506,1.0674707161605104,1.0367188202181736,1.0464073660271564,1.0219829930989275,0.980688750464558,1.027923226495696,1.0327754911290774,0.9683763472915231,1.0,0.1,1.0,0.1,1.0
0.874205270731132,0.8974933087389159,0.9032845926710675,0.8957269271194417,0.9048740138926128,0.9289770875217825,0.9256761494937406,0.9437534374827542,0.93713812062072,0.9234041583884174,0.9228823853833722,1.0,0.1,1.0,0.1,1.0
0.9507292416419673,0.9578187358685594,0.9810118404196291,0.9921599815914243,1.0003869546058404,1.0111292798964873,0.9891935064000129,0.9478810683201503,0.9241853285407551,0.8575906624787033,0.8653111524637166,1.0,0.1,1.0,0.1,1.0
0.941091004590196,0.9759447392985575,0.937705038898615,0.9571167526502579,0.9486295073739572,0.9133559203620658,0.9380232087035931,0.980828838925801,1.0000292152916554,1.009890613872101,1.0006853284068744,1.0,0.1,1.0,0.1,1.0
0.9144915682710419,0.946800064392184,0.9387701828406422,0.9887839912603705,0.9816408109036567,1.0088686924274324,1.0499821699608896,1.053042757083004,1.0519687035933067,1.0262884144898419,1.0018147095354508,1.0,0.1,1.0,0.1,1.0
1.0144173195856534,0.9797123635548096,1.014926158954518,0.9912654639474461,0.9785068836124726,0.971164701332504,1.0557006219369938,1.0342509100332333,1.0364108024370156,1.0671894776688213,1.0820690984475845,1.0,0.1,1.0,0.1,1.0
0.9887615456873483,0.9837074168160743,0.9737097664673497,0.9548488098339426,0.9677267913556098,0.9761609878216951,0.9938699872226759,0.9980009910664043,0.993328208817191,1.0181778669984243,0.9736601741198176,1.0,0.1,1.0,0.1,1.0
1.0273117235215519,1.0571881438122028,1.0358037169247258,1.0558791153410731,1.0313441210042609,1.0453893244887393,1.0077744105197717,0.9617027382319965,0.9488635229065967,0.9958246964739295,0.9763049087034618,1.0,0.1,1.0,0.1,1.0
0.977829324020128,0.9228251828509844,0.8876878305323942,0.9225091851783976,0.9020101665696373,0.9550579584361776,0.9523388655107149,0.959339866837624,1.0045618589810998,1.0514961397779066,1.051103465181003,1.0,0.1,1.0,0.1,1.0
1.1069772504218824,1.087361684675129,1.0619684966840424,1.048593898004525,1.047653275656776,1.0582425426961195,1.0055912567060878,1.001472177554094,0.9995337348055394,0.9761012203789313,0.936364299793057,1.0,0.1,1.0,0.1,1.0
0.9662397142505036,0.9744453878181706,0.962529135264784,0.9700024465566377,0.9651460607144678,0.9664262763771262,0.950316675595458,1.0011572344067925,0.9569367029728884,0.9519192961989443,0.9786415618855521,1.0,0.1,1.0,0.1,1.0
1.0999258767290725,1.0930464896707992,1.0739921028185717,1.0917610329813523,1.0972178339298395,1.0775262422897243,1.0408246466349587,1.0538260328679705,1.0064419919442047,1.0528439737193511,1.036761950723142,1.0,0.1,1.0,0.1,1.0
1.0312442863854678,1.0360865627424467,0.9736822116684202,0.9669137504032481,1.0142162091464697,1.0724130560016323,1.0190231803332093,1.0499023943793357,1.0120414183778754,0.9641972088268596,0.9560579777561836,1.0,0.1,1.0,0.1,1.0
0.9858119608214005,1.034693176325164,1.0651537200037378,1.0175042623772592,0.9851560037001887,1.0118791544125676,0.9958209840004246,1.0065750323892055,1.033287309562581,1.0203533093891985,1.0372242051291458,1.0,0.1,1.0,0.1,1.0
0.912055102504132,0.8985582061179952,0.9062277502502516,0.938673213603736,0.9263363347344927,0.9169524109562263,0.8901945756012501,0.9358624976169148,0.8953068202910494,0.8968087409777622,0.9490091626399191,1.0,0.1,1.0,0.1,1.0
0.9856073281948043,1.0179209297229752,0.9972421959286568,0.9987031820384996,1.033024836102656,1.0602248765472806,1.0287444915453832,0.9954569446493868,1.012616091758452,1.0245547281742593,1.0487617889003362,1.0,0.1,1.0,0.1,1.0
1.0585145281954527,1.0359244382569057,1.0212775924208963,1.0446443266220782,1.014715024271472,0.9977043559273298,0.991765751914307,0.9782707412376135,0.9777909138450492,1.024415988631029,1.0336702688879853,1.0,0.1,1.0,0.1,1.0
0.9198685848409321,0.9439797940370819,0.9444440361855856,0.9015015646098583,0.9212445710352459,0.9295043548870499,0.9761423979288765,0.9571779627856483,0.9675031622001836,0.9785293247240758,0.9747973938403607,1.0,0.1,1.0,0.1,1.0
1.0245023626679672,1.0648140283921155,1.0488867379175961,1.0997137091493883,1.1209196826071217,1.1150704494551797,1.1408396087697656,1.0930360502979544,1.0065480582113884,0.9670102526434224,0.9536546327916511,1.0,0.1,1.0,0.1,1.0
0.9406693993720369,0.9979073048551665,1.0010294659394134,1.0232479085153523,1.0099689204694484,1.0019623474121,1.0189373599324894,1.054108920931252,1.0026239801169077,1.017968953703917,0.9995896882451807,1.0,0.1,1.0,0.1,1.0
1.073407460181565,1.0605550753021762,1.0545998084294013,1.05098302102287,1.029788532971222,1.0078540987778954,1.0344738700278604,0.9836328515601513,0.9852528481622203,1.0269348247506873,1.026310671215318,1.0,0.1,1.0,0.1,1.0
0.936714712349183,0.9596320810954075,0.9389386976030814,0.9735117095418597,1.0372089462124074,1.0182353367020738,1.0756092104643635,1.0650925229260444,1.0283225751045584,1.0225913386868888,1.0618991271239222,1.0,0.1,1.0,0.1,1.0
0.7867835270118091,0.7533388404355016,0.787539252808666,0.7387989797586262,0.7881094243144965,0.8700392064028041,0.8564337455916448,0.8293421016319836,0.8610167217829281,0.87729269752858,0.9255764608205681,1.0,0.1,1.0,0.1,1.0
0.8508043957615478,0.9185528877695726,0.905867438690385,0.9114434962913225,0.8783105641491739,0.8944296243955289,0.9248982896670118,0.9453207248839824,0.976655754216404,0.9716249429012197,0.967291603384878,1.0,0.1,1.0,0.1,1.0
0.9037939302521333,0.9136301118323426,0.9286282304703153,0.8805559240657275,0.8878481313718337,0.8590685428913216,0.9027794151180785,0.8788697866183003,0.8903500291833973,0.8902357280590005,0.8925078281198877,1.0,0.1,1.0,0.1,1.0
1.0258855001456744,1.0188869527460385,0.9936758887533165,1.033520954735085,1.0500139856068307,0.9994798085665864,0.9918911263179374,0.9667556116763119,0.9811005025265495,0.9561842252894546,0.9119465294959463,1.0,0.1,1.0,0.1,1.0
0.8875567367352682,0.8298862591152552,0.843964789192922,0.8988643600957045,0.9321949222714924,0.8876922132084416,0.8647385760896009,0.8308624720367959,0.8537444395963226,0.884717509468657,0.8765630956022425,1.0,0.1,1.0,0.1,1.0
1.0594689318189827,1.1126193465811933,1.1254854711414806,1.114438455560375,1.1464218181563333,1.1230385439194546,1.0621244925128521,1.0948684702008595,1.091305182023948,1.073346576708078,1.0559788590526358,1.0,0.1,1.0,0.1,1.0
0.9363534786147194,0.908908448938227,0.8877987530003805,0.877563063013329,0.8587126312512171,0.8383142168238912,0.8645382499213431,0.8405901328167846,0.9157168589789441,0.9455842929199814,0.9717897195495434,1.0,0.1,1.0,0.1,1.0
1.0450738220280893,1.1038084379919422,1.1007617725692638,1.110778933717563,1.1416721808548238,1.125524694979777,1.1172678082393215,1.1124674454577295,1.0041055360718463,0.9791554015914896,0.9979614019890144,1.0,0.1,1.0,0.1,1.0
1.0212429132017384,0.9746503073685544,1.007512607080373,0.9794441420652245,0.9876050772093465,0.9604111045650138,0.8747761688150657,0.8656093753761985,0.9378248838292299,0.930865327573182,0.9522835508181514,1.0,0.1,1.0,0.1,1.0
1.1360750188782105,1.1186390602276977,1.0977041544429065,1.0762406951384902,1.0825284502023573,1.0919425461467156,1.1714395107128905,1.1401501595381875,1.080854908656158,1.0261296246473832,1.0700466683643017,1.0,0.1,1.0,0.1,1.0
1.0113739566499924,1.0108803128746926,1.0058029826000694,1.0408438677802228,0.9986644325476048,0.9440278051645492,0.9052676749225365,0.9064364010466728,0.9906155638177456,0.9929473843127606,0.9954722057592725,1.0,0.1,1.0,0.1,1.0
1.0999561223780636,1.1095525212958497,1.0918555665158165,1.0415201256121676,1.099691698098963,1.0867416650347779,1.0467173943826036,1.0657930619354745,1.0923666723031573,1.076858153041572,1.0625549160545076,1.0,0.1,1.0,0.1,1.0
0.9556503931449941,0.9530093618973078,0.9636873940257018,0.945710517982216,0.9572604305006884,0.9352916772936768,0.8852260939216593,0.939411474512706,0.9703427709308758,0.9085397137541706,0.9540878700550525,1.0,0.1,1.0,0.1,1.0
1.0866369140744976,1.116117035322006,1.052365796574986,1.0406207357927972,1.026626039378366,1.0395276969717742,1.0462114081236231,1.0605729087732902,1.025624144968488,0.9704655351943221,0.9804040132512077,1.0,0.1,1.0,0.1,1.0
0.874739771165805,0.903426354989987,0.9284617010404197,0.9608443889966196,0.9758815876646821,0.9823368674198906,1.0081473091773685,1.0047497966134258,1.0258654656129702,1.0067277494066382,1.043466430645136,1.0,0.1,1.0,0.1,1.0
0.892497087056721,0.9002614235373666,0.9306260589390214,0.9016912248065625,0.8526832965638271,0.8410062765390035,0.8841567533216402,0.8755344846259571,0.9145505617094738,0.9481420179827283,0.9851228698194097,1.0,0.1,1.0,0.1,1.0
0.9605334962062536,0.9581360102529657,0.9915525501723251,0.9896258048632834,0.9708942043112033,0.9760129766345951,1.014553513706212,1.0073070119140326,0.990439319762647,1.0197869527151568,1.0437700654135966,1.0,0.1,1.0,0.1,1.0
0.9384955927248964,0.9730697756391937,0.9952461839732649,1.0455793971745266,1.0010382170823025,0.9947657267246337,0.9861023376075122,0.9758933855591382,0.9845383611932581,0.9656876922956988,1.0180689285327518,1.0,0.1,1.0,0.1,1.0
0.9667210676941774,0.9985540408425908,1.0443815409527117,1.0687674254741315,1.0883103836327022,1.1360899301053782,1.1360138315993382,1.1396666707449532,1.0766935371571233,1.0889196248808477,1.0723605588591754,1.0,0.1,1.0,0.1,1.0
1.0960120648129714,1.1217009899702608,1.1241613582399619,1.088000736057671,1.1242174701759753,1.0941766480641388,1.1049944259420135,1.103721997849155,1.072453364563508,1.0207605313632508,1.0070716754654918,1.0,0.1,1.0,0.1,1.0
0.957699647406239,0.9793585344727631,0.8933015582799826,0.9123915406816616,0.9015444787644,0.9129054375478672,0.920698602104766,0.8881864279876249,0.9211411497446576,0.8989851756004421,0.8310732277958088,1.0,0.1,1.0,0.1,1.0
1.0320767440345202,1.0646933707020423,1.0719197390105826,1.0605631358871253,1.0365536467022316,0.9897240520680021,1.0524129602890406,1.0269063999916554,1.0459468189027181,1.0476022725863336,1.0836994135749984,1.0,0.1,1.0,0.1,1.0
0.9617873585234827,0.9347299801992683,0.8919494366527848,0.9328329410429839,0.9282105006592631,0.9929969152973339,1.0231912063369422,1.030895196525731,1.0137928488597148,1.0340201537016114,1.0170321185160103,1.0,0.1,1.0,0.1,1.0
0.9512800700066502,0.9814873695965182,0.8800264238028765,0.894586386613248,0.9215383929738037,0.9508981037645635,0.9341859295902422,0.9808207642151403,0.9765925343691985,0.9534773936621743,0.9470408303080609,1.0,0.1,1.0,0.1,1.0
0.9484887435400825,0.9391168060002709,0.976598678114112,0.9601415632212101,0.9468017603089378,0.9445430486124362,0.9707482576230856,0.9709338725028518,0.951978612734017,0.9186958914305956,0.9039896105174702,1.0,0.1,1.0,0.1,1.0
0.947265669273411,0.9784257878100322,0.9518277438645397,0.9647861724298823,0.9578551546311216,0.9647211501692554,0.9222959731063822,0.8868729672149303,0.9296212142781708,0.9470692079338666,0.968496050109057,1.0,0.1,1.0,0.1,1.0
0.9580365293908015,0.984168991898782,0.9740975972934356,1.0009337946923755,1.065646268139981,1.0099354042258855,1.0047879826211217,1.0095723447450868,1.0313472689449825,0.9688149418051305,0.9644942024216897,1.0,0.1,1.0,0.1,1.0
1.0356773342304597,1.0048188046093605,1.0016165955972487,0.9820571050335477,0.9456018552617326,0.9612501857086577,0.9966771528623066,1.0613985648166002,1.0634369054708863,1.0750063620407608,1.0687483840443477,1.0,0.1,1.0,0.1,1.0
0.989198125654065,0.8998501080148791,0.9850259946833537,0.9784026982476423,0.9573335005739639,0.9939473091566582,1.0125789894734638,0.9884829172584184,1.0266574044595276,1.0439307483835918,1.0296645764202579,1.0,0.1,1.0,0.1,1.0
0.9587891116686571,0.9644999694914533,0.9154997499618862,0.8687529056316653,0.9452607979127949,0.9308579484554794,0.9547076531707507,0.9294333154889763,0.9507313575947619,0.9521316204074215,0.977462393689628,1.0,0.1,1.0,0.1,1.0
1.167301440365477,1.1290343271232737,1.1211442725550396,1.125223499502998,1.0951449022338386,1.1672690856421155,1.1609053221687868,1.1246153752900157,1.1073955934525692,1.0565726493254404,1.0513127090368022,1.0,0.1,1.0,0.1,1.0
1.0245526156678917,1.0233731483479993,1.0216291608562638,1.0024265354917938,1.002979588275308,0.9736264408882532,1.0404415701591363,1.0345216284393095,0.9953423320909321,0.9691957894248922,0.9628326139256175,1.0,0.1,1.0,0.1,1.0
0.9343869914666607,0.9101078846303607,0.9185565749924589,0.948566691504241,0.9137673102284167,0.9041247365015517,0.953823281641244,0.960524246227592,0.9220566411747875,0.9472583261566833,0.9470759940494717,1.0,0.1,1.0,0.1,1.0
0.9487540065789624,0.9386044606764586,0.9061181216509178,0.8998732295469614,0.9240858834467562,0.9461266412000929,0.8840225124226283,0.8891128119420693,0.9019317028573471,0.9647898822895855,0.9915316186143707,1.0,0.1,1.0,0.1,1.0
0.9551356713264524,0.9811384119473526,1.0369069021742106,1.0375652610134642,1.0294028628604006,1.022327880891675,0.9828539575051952,0.9827656955315173,1.02331546191293,1.0053695338319775,0.9982879194279006,1.0,0.1,1.0,0.1,1.0
1.0111704096368097,0.9740699895789932,1.0610032686664506,1.0747969769797772,1.08142126497452,1.080454586295082,1.0897271472738523,1.0483454391919724,1.0095327275561896,1.0081003776686912,1.0891478894175997,1.0,0.1,1.0,0.1,1.0
1.0114354495209679,1.0519827507041017,1.0756625339071568,1.1063376423736118,1.0991343103326876,1.1169850207380911,1.120346113807184,1.081987724731425,1.1390859230908745,1.0958396341508183,1.156974613758453,1.0,0.1,1.0,0.1,1.0
0.8863583037566695,0.8923512713145026,0.8766101254076516,0.9035148383630883,0.9225452042061063,0.9151479329586191,0.9507836555807285,0.9138109963451461,0.9142260261382996,0.9251282024294941,1.0090917635248406,1.0,0.1,1.0,0.1,1.0
1.111631802078297,1.0948700248196483,1.0868687579813339,1.071035809627532,1.0980218024337332,1.061526261851372,1.052029467124743,1.0757864195526534,1.0602985021806577,1.0275042496972788,1.0671410718417202,1.0,0.1,1.0,0.1,1.0
0.9663416242413749,0.9898528980613699,0.9656676031721637,0.9448708376975355,0.9460151462582763,0.9365433048407563,0.8990831898397672,0.8664441728951473,0.8670755249141096,0.9053375282351273,0.887699682434895,1.0,0.1,1.0,0.1,1.0
1.05107651649931,0.992450786920787,1.0132793205313928,0.9943044915623132,0.9704328792547477,0.9303779936909288,0.9192762243648667,0.9114731152666288,0.9257341067827489,0.9606322847671884,0.9906162028237624,1.0,0.1,1.0,0.1,1.0
1.0385482005675395,1.0846185112126685,1.0247112074402502,1.0445621660276685,1.0516878787491217,0.980765625146726,0.969280383984768,1.0101224917781453,1.054682477112348,1.0405447252887055,1.0186862714840585,1.0,0.1,1.0,0.1,1.0
0.8539315895336005,0.8841936533372428,0.9141603188295897,0.9912608861917205,0.9994648301977301,0.9682685984664419,0.9285865481240207,0.9588629379736525,0.9408887632476238,0.9527967716136035,0.94090265492042,1.0,0.1,1.0,0.1,1.0
1.02429727837217,1.051470478584709,0.9734337640081328,0.9482263272039313,0.9626087220322473,1.0031655456533004,1.0689521312939732,1.0259121515085317,1.069726768348872,1.0480121679616534,1.0465932036269152,1.0,0.1,1.0,0.1,1.0
0.974361161033804,1.0193438338556098,1.0569952713714272,1.0465175480699227,1.0510475463257027,1.056758926437226,1.0528511952822075,1.0409266717837269,1.0384387107985273,1.00503480632223,1.0000413179065986,1.0,0.1,1.0,0.1,1.0
0.9305456760230598,0.9376461808608746,0.9307700289746433,0.9432189333607104,0.9450172466896726,0.950057010992775,0.9932822755829326,1.034224047424622,0.9910502977689675,0.9756686699813893,1.0161392297049858,1.0,0.1,1.0,0.1,1.0
1.0078964521588596,0.9964714749798655,0.9806222114630412,1.0450071237618501,1.060514807234436,1.0789535087113793,1.0631695334032296,1.0100183785178505,0.9877383785988251,1.0312843635030622,1.0530351121831227,1.0,0.1,1.0,0.1,1.0
1.021962608308669,1.0470379343064526,0.987688808532756,0.9775103983978081,0.91627155457758,0.9153611012968159,0.9045009303230291,0.9519091954761925,0.9799580985453961,0.97874893798912,0.9985934058667576,1.0,0.1,1.0,0.1,1.0
1.025325287911569,1.0248746415151273,1.075398005642467,1.03505993129912,1.0529697018064355,1.006088403673573,0.9573699836475487,1.0034681495723448,1.036569096381304,1.1050895483152168,1.0684884592035317,1.0,0.1,1.0,0.1,1.0
0.9607817254682458,0.9668296698872192,0.9524326770623082,0.9837033054370163,1.0133191941636455,1.0507993870907217,1.046490341247289,1.034371145961492,1.0850102606364462,1.0770244920190089,1.069445240526393,1.0,0.1,1.0,0.1,1.0
0.9375933866132699,0.9511725990593661,0.9635259724770912,0.9281393971809248,0.943778564670417,0.900272796782573,0.9457488846464119,0.9200083770016717,0.9013989819016179,0.962244628987727,0.9582412807624602,1.0,0.1,1.0,0.1,1.0
1.0956571550140992,1.0547288472655205,1.0501658791964252,1.009606763197791,1.00483081956598,0.9980560546361128,1.0197370042328424,0.9889410854113321,0.9891369267817418,1.0357250890443257,1.0695137946405961,1.0,0.1,1.0,0.1,1.0
1.0648950626048928,1.0473705202592762,1.1012121408424742,1.0873432588909944,1.0356074143503404,1.0245242998165638,1.0229478844704232,1.095318197339895,1.0802828842275571,1.0119102398394788,1.0345312947937364,1.0,0.1,1.0,0.1,1.0
1.0514482966660452,1.0620097324025413,1.0324429417334762,1.002816623277724,1.0050028868364147,1.024675556582227,0.9996841496112905,1.0481087429176559,0.9833492825726402,0.945338730973267,0.9357170327650137,1.0,0.1,1.0,0.1,1.0
0.9116475630788301,0.969270125169216,0.9683150926962539,0.9665976738108387,0.9823616966484551,0.9715837229125246,0.9344131210193046,0.9678654052105861,1.009151255495636,1.0274481891572147,0.985778342643878,1.0,0.1,1.0,0.1,1.0
1.028752180933652,1.0789244046913482,1.0389091093944929,1.0284246360499105,0.9905121294323088,1.0245116663284977,1.0070388947469298,1.052923407120228,1.069638667084987,1.0282997333898218,1.0163343780444147,1.0,0.1,1.0,0.1,1.0
1.0596155127157623,1.0684175082680374,1.0280109741328582,1.0277946886935174,1.0768235518779254,1.0926793622632398,1.0549403092561946,1.0692913662813472,1.042474947411865,1.0709545889764456,1.094848829514862,1.0,0.1,1.0,0.1,1.0
1.010482864813674,1.0139632035476807,1.0089245417016075,1.0125874538982929,1.0253519294697715,1.0018295472448924,0.9374769405401656,0.949906054520247,0.9871141469144045,1.0055652773269654,1.0026947164145383,1.0,0.1,1.0,0.1,1.0
0.9244893518988427,0.9642173805472933,0.9794951034382361,0.9762077068299626,1.0385777430882368,1.0525270911434053,1.0580902339449372,1.0701944728293085,1.043617139652962,1.030887011709538,1.041868932198241,1.0,0.1,1.0,0.1,1.0
1.001657335252533,1.0373109109952035,1.0107494647093913,1.0479077769392657,1.0061096833983103,1.0080725093507426,1.0247564719350812,1.0425965676794677,1.0453281859874277,1.0298186537078788,1.0637281078664236,1.0,0.1,1.0,0.1,1.0
1.0216459662533903,1.0163858706142506,0.9953412108257944,0.970459586195947,0.9676332260819066,0.9842709354988037,0.9836390007484146,0.9829938874701764,0.9516685133086267,0.9547605466446453,0.9430973278595604,1.0,0.1,1.0,0.1,1.0
1.0414665202037827,1.0576159657861337,1.1270528995964473,1.0794163703872517,1.0946418281461068,1.1252701653260706,1.1001069357067117,1.0963236556734457,1.0910689831159126,1.0191703492102626,1.0005718626052273,1.0,0.1,1.0,0.1,1.0
1.0069478260278426,0.9798294715782085,0.9902202910512867,1.0381463126231956,0.9672419118214451,0.966037327079454,0.9717735800030636,0.9575004335511543,0.9401341087693184,0.981217700968348,0.9751661850856652,1.0,0.1,1.0,0.1,1.0
0.9904304094289301,0.9483121307858782,0.9411731329903755,0.9531586688892304,0.9149230390490712,0.9447173092297905,0.9743388597284419,0.9533108521757436,0.9448919498446529,0.9712203867170907,1.0196183761113726,1.0,0.1,1.0,0.1,1.0
1.146388222045493,1.1556651931971897,1.07811504424108,1.065551944609911,1.0550894350718991,1.045122101245161,1.0243501710781615,0.9902633034643815,0.9994526725851773,1.019049822887004,1.0250494185191639,1.0,0.1,1.0,0.1,1.0
1.01530414482979,0.97668936423514,0.9551468071819791,0.9222516962385425,0.922563976823365,0.9409214252407048,0.9513541941899525,0.9652090721288817,1.0382892834070694,1.0407892824330447,1.0080462467607103,1.0,0.1,1.0,0.1,1.0
0.9452851858307038,0.9962650019000742,1.0052467572737145,0.9244955338321189,0.9631771830205517,0.9449258865680867,0.951054967131633,0.9398161031915296,0.9399506855223134,0.9443481143659723,0.8953675428097312,1.0,0.1,1.0,0.1,1.0
1.0199881402013204,0.9499104114961361,0.9340562749224715,0.9482617221383758,0.977434305103556,0.9660464595416249,0.939858143292168,0.9228809145622785,0.9002457325153213,0.8538066363903545,0.8732206640107655,1.0,0.1,1.0,0.1,1.0
0.9066836623494972,0.9139247093125668,0.9085505781619283,0.9483523183557846,0.9394951202915978,0.9333286399299131,0.9542948126238051,0.9926639362028161,0.9905764471373547,1.0610164285227242,1.0390799654405454,1.0,0.1,1.0,0.1,1.0
1.1037797963319582,1.0887221418250794,1.0968846880095267,1.0684383014756842,1.0574776028336599,1.042799023661919,1.0395307546424413,0.9871769239616345,0.9908933353471366,0.9590207442352698,0.9593420384040485,1.0,0.1,1.0,0.1,1.0
1.0657555142466302,1.0398218469811924,1.0095013087199953,1.0536966591055092,1.091754721066752,1.0489574796709198,1.0486728415560929,1.0010942311991313,0.982866229696748,0.994008804203068,0.9770073055213478,1.0,0.1,1.0,0.1,1.0
1.0540989252469437,1.0065644176664226,0.9720107992693837,0.949416073552054,0.9891923892570753,0.9445376613542753,0.9921086927098758,0.9986476357925401,1.0394754356187188,1.0583183308123032,1.0640618492401066,1.0,0.1,1.0,0.1,1.0
1.0132576628445917,1.0195930583187651,1.0634989193863194,1.0487921474690463,1.047816626616491,1.029180052234169,0.9838994226416441,1.0126337358824036,1.0063699809614777,0.9919061694659818,1.024979200906344,1.0,0.1,1.0,0.1,1.0
0.9798029848051734,1.0024707635765688,0.9938870556633663,1.0041898460710315,1.0656685023577528,1.0861763994607125,1.1080465240065418,1.0937327028587953,1.0806547602605212,1.0748691200422356,1.0921184721424564,1.0,0.1,1.0,0.1,1.0
1.001766196034643,0.9680512614407719,0.9579675723380862,0.9712391552711146,1.0130570432208286,1.026611584168417,1.0462252069964133,1.1393933367663902,1.1277313899316257,1.1488838513058826,1.122598687787391,1.0,0.1,1.0,0.1,1.0
1.0350912259711222,0.9809414052541814,0.9484980030240714,0.9579844170815466,0.9331966372339058,0.8690906908803149,0.882721594206317,0.897981709679599,0.9038120439918575,0.914381637926004,0.9860822212537168,1.0,0.1,1.0,0.1,1.0
0.9104991735092385,0.8894896067380433,0.898929186970143,0.8954462711580484,0.8949604830615282,0.8502805980976513,0.8710996040576007,0.9001716240659905,0.9190930045813497,0.8724183259034108,0.9223576934518971,1.0,0.1,1.0,0.1,1.0
1.059435758151178,1.0577233934455734,1.1106660070484875,1.1114859934274355,1.013204750757438,1.051153703830454,1.0414210619264088,1.0175150507713115,1.0722439522613396,1.035030066676486,1.0476489301854874,1.0,0.1,1.0,0.1,1.0
1.018498397160057,1.047174032827947,1.0177105849645363,0.984531674539135,0.9565552747378104,0.9497781150939315,0.9621375655351018,0.8837708337178803,0.8926796219172771,0.8966432618686616,0.937824200528875,1.0,0.1,1.0,0.1,1.0
0.9518574361605714,0.9960678624081887,0.9733829352888979,0.9898127472225403,0.9400561389984525,0.9406379365602805,1.0126561218701022,0.9822310801986118,0.9688502766644347,0.9962929059971581,0.9839461382124942,1.0,0.1,1.0,0.1,1.0
0.972708045036812,1.0105035333986776,1.0191838538105833,1.0329433057477961,1.017009050073526,0.9949823991277844,1.0180773576652384,1.0573562599202175,1.0310420072734794,1.0893880072801427,1.0861467586378042,1.0,0.1,1.0,0.1,1.0
0.9838615489172832,0.9190337487926371,0.9358132812707088,0.9366910191836163,0.9425923448077854,0.9381681696841199,0.9165317273592566,0.91057518457005,0.8800269266890128,0.9214606165576008,0.8900048559558443,1.0,0.1,1.0,0.1,1.0
1.0898002031701337,1.0906755740071286,1.0847423414338713,1.081260265727175,1.1403243177238214,1.145201979761861,1.1200348232050352,1.113005873165558,1.0938059392167447,1.0587099223317575,1.0941986444705136,1.0,0.1,1.0,0.1,1.0
0.9405724186365987,0.9743847910076202,1.001654358417047,1.0309842367635966,1.062376993705692,1.062944035947956,1.0794875601395724,1.1075409169656318,1.0658594631287723,1.1092597896892191,1.1112253629212088,1.0,0.1,1.0,0.1,1.0
0.8912552949364845,0.8461230001593153,0.8612113017366374,0.9546462273524651,0.9016117654232226,0.9200336561499856,0.8857423431078267,0.8589423987281279,0.9157533394039393,0.909437179450536,0.9296429455221467,1.0,0.1,1.0,0.1,1.0
1.1587422557577087,1.16047655118701,1.1614868786976522,1.1864991451358238,1.1861848904088834,1.191655021935458,1.1648504214193747,1.1065809144772019,1.046937640304981,1.079224903214129,1.1074939676038107,1.0,0.1,1.0,0.1,1.0
0.9960682280375919,0.9659220009782171,0.9729771620695529,0.954651290240397,0.9740304367366734,0.953109259761097,0.9393406589275257,0.981212829018116,0.9704677381893014,0.9509340944793621,0.9649272373588346,1.0,0.1,1.0,0.1,1.0
0.8671783100542985,0.9045349044058818,0.8594384457037487,0.8623430197887468,0.8836048861599245,0.9235034747339264,0.9568670920486607,0.9949032356394618,0.9744334831522092,0.9312313655411328,0.9511595685181554,1.0,0.1,1.0,0.1,1.0
0.8999917253790034,0.8741068305835095,0.9370008741816973,0.9361750927720676,0.889974241858607,0.9366384315199763,0.9184200342301151,0.9618189527396038,0.9711059059722911,0.9051330910274216,0.9926912837791665,1.0,0.1,1.0,0.1,1.0
0.9021856445781237,0.9505720322409352,0.9887427445971895,0.9523889713296227,0.9753720149761462,0.935435063617736,0.9492930558356734,0.9554671659955262,0.9606616716157875,0.9420219861808939,0.8880006527008609,1.0,0.1,1.0,0.1,1.0
0.9375479267183154,0.9475796846004528,1.0000769435558936,0.9685558490771238,1.0142626510721453,1.0110835732343186,1.0065863961135781,0.9880433129306283,1.0244499956024395,1.0195914466174851,0.9614031674661039,1.0,0.1,1.0,0.1,1.0
0.9570326582685212,0.9785489156619916,1.0198496185552117,1.0977404172183958,1.111845366162516,1.150074078270074,1.1647185417489272,1.0898035831507542,1.0634348974513357,1.0579473636329193,1.0794863331778772,1.0,0.1,1.0,0.1,1.0
0.9583808500642937,1.0493084029824484,1.0649894930788035,1.056887686383418,1.0093168894938849,1.0210062883274091,1.0479183198542934,1.072071137804317,1.0423547697029176,1.0721477198767493,1.0532064285939233,1.0,0.1,1.0,0.1,1.0
1.0595555780543255,1.045459666208782,1.030816467163554,0.9798849527034499,0.9556959921974317,0.9581959014658528,0.9853608293261735,0.9715900772509979,0.9148895409636725,0.9376048786756148,0.9421087485628935,1.0,0.1,1.0,0.1,1.0
0.9397093189002484,0.9348251998635096,0.9264197025822642,0.9358484347463171,0.9475128236258905,0.878691989409772,0.8652646950367594,0.8969055115236274,0.949296134158161,0.916103681262403,0.923403967685658,1.0,0.1,1.0,0.1,1.0
1.0101240908279534,0.998894828575347,1.0257651587531447,1.0288159569926838,1.0031704202230523,1.0030317365897141,0.9893210656792888,0.9834753687097851,0.9895119034045233,0.934428123252093,0.9699955061424161,1.0,0.1,1.0,0.1,1.0
0.9863869178172278,0.9895000668163121,0.9472998689961079,0.90677007983972,0.8838919214494637,0.8467091109605365,0.8930725703904696,0.9127193901412145,0.9491712901096213,0.972830069455213,0.976764690779879,1.0,0.1,1.0,0.1,1.0
0.9521692505299598,0.9608129787426994,0.9890600437221371,0.990333962919008,0.9880741635025567,0.9599638069315876,0.9562761030547056,0.8968523695573615,0.9309582297588185,0.9902717400266025,0.9320251573698869,1.0,0.1,1.0,0.1,1.0
1.0360305904917724,1.0598316003937662,1.0496167371527911,1.0148592137501122,0.9517845222257248,0.934994315548093,0.8923390682417429,0.93433489918211,0.9796581771915603,0.9366972404113214,0.9904246697303273,1.0,0.1,1.0,0.1,1.0
0.9377366873918453,0.9497342340648786,0.9885199885109469,0.998329451208325,1.016312121589428,0.99978274229064,1.0343234473088652,1.0301735041793019,1.0394379767370674,1.0401183352381145,1.056215258343319,1.0,0.1,1.0,0.1,1.0
0.983911028407963,0.9424901011881944,0.9589131073097376,0.9679823497842224,1.0062109695725892,1.0872565257393008,1.04621623368205,1.018847744407705,1.0342777343267822,1.0061888853543894,0.9736236870501349,1.0,0.1,1.0,0.1,1.0
1.1094664119714552,1.1121250233124356,1.1072648496672546,1.100498822190016,1.1253103901664212,1.1502784201490612,1.0701763712267205,1.010453541632533,1.0087805969478372,1.0239062597562913,1.0007870233027343,1.0,0.1,1.0,0.1,1.0
1.0714000725329222,1.1123120926905423,1.0407196663672935,1.0534460803015482,0.9562129878657342,0.9687728540097749,0.9481172447583961,0.9674405524945578,0.9663047229884443,0.9677863242195944,0.9432188913156758,1.0,0.1,1.0,0.1,1.0
1.000441159501854,0.9251079050686399,0.9336804707395416,0.9535593715137335,1.0609991187081753,1.0348102016936969,1.0380349973875378,1.0182530258887132,0.9343386186827305,0.9667323095136487,0.9532222827692819,1.0,0.1,1.0,0.1,1.0
1.0999923504852773,1.09708229701866,1.073437806083758,1.080458059876186,1.1646840416433928,1.1618486161970965,1.1451537673062595,1.1604915671804448,1.1531970362856474,1.1743102430092982,1.1668110859732335,1.0,0.1,1.0,0.1,1.0
0.8617207377665957,0.8871475934060009,0.9161568617361419,0.9469840880144479,0.9358278485113307,0.9154693360836745,0.9100762857462598,0.9581513515823792,0.9672081406220385,0.9539838286993689,0.9485036719199884,1.0,0.1,1.0,0.1,1.0
1.0475223283141804,1.0501877492374498,1.0984179352781458,1.0987285881170938,1.111320957635182,1.1210722799645767,1.132568363029898,1.112810724770084,1.1085069230076454,1.1073796079238025,1.1214547621096524,1.0,0.1,1.0,0.1,1.0
1.0230151502431104,1.0277354092010564,0.9918069685535946,1.0042476884450966,1.0396820969829021,1.0235127260096062,1.0423510636100215,1.0558419507617354,1.0257628651875041,0.9549147851269811,0.9580206536899534,1.0,0.1,1.0,0.1,1.0
1.0357848371545813,1.0484106292560453,1.063727324343331,1.091879411298055,1.109797911390876,1.0291707999477255,1.0651692317586505,1.077848449667157,1.0717737672957202,1.0465032197672013,1.0140749844437937,1.0,0.1,1.0,0.1,1.0
1.0346738441478658,1.0163497329483342,1.0155925503832262,1.0427672616465018,1.1000433754586938,1.116503023553109,1.0841943322779641,1.091511386559528,1.0785032557067809,1.0473953100530058,1.0672831927913977,1.0,0.1,1.0,0.1,1.0
0.9925928041052957,0.9505873826906204,0.9606812262415978,0.91502171942048,0.8881909966580975,0.874623950185914,0.9134807958406467,0.961522791485887,0.9346436773683349,0.9779272463887897,1.0154721576161065,1.0,0.1,1.0,0.1,1.0
1.0502799183570761,1.0095954390621178,1.0357403103123206,1.0648479763018854,1.1120597805436874,1.0976744331727506,1.0167321626683044,0.9906638670809443,0.9996620868351045,1.013094991541921,1.0140483314980195,1.0,0.1,1.0,0.1,1.0
1.0669712808018041,1.0441676385045684,0.9538550248072222,0.97287303336288,1.0023735745218085,1.0552839348984413,1.0477937137194135,1.0820076405493235,1.08775418146325,1.0802695980399086,1.0951133709626695,1.0,0.1,1.0,0.1,1.0
0.9909040548776702,0.9768660090861427,0.9830958504552324,1.0106238331219708,0.9893366045437716,0.9897011590334615,0.9670351460398708,0.9243800207870582,0.9815941047941763,0.9731886162455153,0.9589558697371046,1.0,0.1,1.0,0.1,1.0
0.9887077288591948,0.960017594902263,1.023208844086776,0.9940523891614625,1.0272102137783479,1.01312656334914,0.9547136053986469,0.9799331358304476,0.9248615581845469,0.9069490841013798,0.9775661244674921,1.0,0.1,1.0,0.1,1.0
0.98307297822009,0.9753653511639334,1.0777613669527921,1.0421562831715727,0.9984415309995917,1.0331980389401503,0.9976535657572083,0.9608069666632538,0.9731963005124812,0.8981921861842846,0.8821588402478583,1.0,0.1,1.0,0.1,1.0
0.8951875351702121,0.9195134428855786,0.9542715811087108,1.0079756984107273,0.9877888720220944,0.9874167135394735,0.9873639557573363,0.9801622774994443,1.0047422607548406,0.9969223457892972,0.8999408184876477,1.0,0.1,1.0,0.1,1.0
0.9869035000122321,0.9272825137345517,0.9421728196229764,0.9192266710198099,0.9410961012655834,0.9407174067636094,0.9409091128038886,0.9077165941199103,0.9231473718953354,0.8923865375080687,0.9173121578291359,1.0,0.1,1.0,0.1,1.0
0.9725584383983443,1.0164779278836011,1.0321743407153077,1.0371998177322121,0.996300536546111,0.9282708818886853,0.9230980957820751,0.927892838016653,0.9291871983349793,0.8944375432633047,0.9019723209594568,1.0,0.1,1.0,0.1,1.0
1.109688092336383,1.1389133259123674,1.1531192027133272,1.1536939771441512,1.1634715571663357,1.131608504356991,1.0734249210356015,1.0297342872960669,1.0374640412091536,1.0164375270049033,0.9617849282351615,1.0,0.1,1.0,0.1,1.0
0.9998669448191254,1.0191107095920255,1.026250701431861,1.030616328192481,1.0398949865392704,1.0705613839166708,1.0599797939584488,1.0356792214803405,1.0767927089322975,1.0579019766731572,1.0939136922673631,1.0,0.1,1.0,0.1,1.0
0.9898349833452996,0.9498458699312915,0.9351115582777655,0.9502573533016649,1.000004472425867,0.9274602812636683,0.9091883383026969,0.9470533983197428,0.9503376487850018,0.9695658173121702,0.9501184913051249,1.0,0.1,1.0,0.1,1.0
0.931960240459891,0.8963381420395178,0.9532680311543646,0.9397803885720525,0.8778081296195974,0.8660803837395086,0.8948765161287692,0.9162148925669009,0.9446157090559586,0.978074569315781,0.9427456269317921,1.0,0.1,1.0,0.1,1.0
0.9987639257251627,1.0025133598985456,1.007768790256299,1.0166180925109254,1.0349746706165455,1.0073061127876402,0.9890686942881689,0.9712236827398862,0.9621721946403969,0.9831157083028756,0.952072281493249,1.0,0.1,1.0,0.1,1.0
0.9707485197891373,0.979109075118023,0.9619493090087283,0.912763000448084,0.9098676425075991,0.9511045942478198,0.9065492000379658,0.9643206960366084,0.9072489333589883,0.918716570869003,0.9391243185438266,1.0,0.1,1.0,0.1,1.0
0.9705505124029414,0.9073318706611795,0.874214791597729,0.9461839186671085,0.9880390172605308,1.0106914045891982,1.0242470150036047,1.0038038308318042,0.9747570774533145,0.9375176080398132,0.9581045823176818,1.0,0.1,1.0,0.1,1.0
1.0206898300370741,1.0228898534015802,1.0538215110909015,0.9749887762651049,0.9876066799180206,0.9419843056976154,0.9821065398005782,0.9208812367363259,0.9662847266797558,0.9163006149597831,0.9792941993675081,1.0,0.1,1.0,0.1,1.0
1.0853402538168124,1.0375455299085774,1.0925952172887474,1.0659193357364958,1.091136101011564,1.0614472827261405,1.1088510837028942,1.1228001278607311,1.111532039852797,1.0863851550901278,1.0367290011237364,1.0,0.1,1.0,0.1,1.0
1.0420602762944062,0.9700128925313743,0.9668584760821499,0.9089371013248805,0.9410405046618584,1.010290134071562,1.0250430333482978,1.0563404090018622,1.031435360678702,0.9923405418568607,0.9812614978831581,1.0,0.1,1.0,0.1,1.0
1.0267018340115377,1.0444548912188283,1.0531321194519991,1.0235114027496177,1.000149000885596,1.0126151149513754,1.0734572713170496,0.9949687625039173,0.9831582491359497,0.9754715130429913,1.0335880815984322,1.0,0.1,1.0,0.1,1.0
0.9803690029020432,0.9566210560985159,1.0061716070888405,0.969469423927609,1.0104038732696827,1.091976000028481,1.0395481193045306,0.9896212114210134,1.0225906288788333,1.0010215030020326,0.9764777663645365,1.0,0.1,1.0,0.1,1.0
0.885035388555456,0.9003992497760049,0.9266458006913113,0.9413145436293883,0.9527500140710343,1.0117066395876317,1.0179953472578531,1.0105315995892232,1.0023653088518145,0.9602079046620438,0.9423522921442705,1.0,0.1,1.0,0.1,1.0
1.0548776045400234,1.0246985263640043,1.05232139352285,1.038245893315176,0.9877000916182137,1.0147303560022538,0.9875485985677843,1.039914488990387,1.0330384722550021,1.029029054127629,1.0026581413810682,1.0,0.1,1.0,0.1,1.0
1.0767452589354194,0.9967746013498068,1.033420683985895,1.0188446403841676,1.004338401483629,1.0086173417045807,1.022854295122994,1.0103718696013773,0.9881231060039644,1.0255547877234734,1.0641470833774056,1.0,0.1,1.0,0.1,1.0
1.0852772067714511,1.0975058349066817,1.0614986911771787,1.0628849288968427,1.0364372821549492,1.067677099472051,1.0732720254310613,1.0044813541719968,1.0169861482679414,1.0554749195116473,1.0015892167296732,1.0,0.1,1.0,0.1,1.0
1.1294226739065663,1.1070802904258576,1.0496577092053005,1.0628942890973363,1.0449826332855754,0.9912382414888163,1.0002505539660904,0.9794533999406233,1.0164361173915206,1.0390603669834737,1.0049391873806255,1.0,0.1,1.0,0.1,1.0
1.1262424343406716,1.1435369088127392,1.1412337691043712,1.159608481674897,1.1779729407089463,1.1880152908420014,1.14820947531593,1.1538009209944153,1.1752003450214503,1.1487334389793002,1.087665681463176,1.0,0.1,1.0,0.1,1.0
0.990819373468962,1.0134481877115562,1.0141307879496222,1.0211863599527975,1.038928834408174,0.9789955991880308,0.9435722522020512,0.9943780469093325,0.9988945542585653,1.0183032092493571,1.0331160209196535,1.0,0.1,1.0,0.1,1.0
1.036843214522637,1.038354806996534,1.0330223272341554,1.076542568779166,1.0771942035133715,1.019466002283172,0.9607055656213357,0.9427687865224824,0.9678587676357986,0.9948446633789877,1.0445016176812905,1.0,0.1,1.0,0.1,1.0
0.9163981781896459,0.9110332177649838,0.9536472950429773,0.9138614088167042,0.9565146180861824,0.950068883699393,0.9611593301571969,0.9963507530272597,0.9754128069436453,0.9484459569921531,0.9745203073426034,1.0,0.1,1.0,0.1,1.0
1.0630921536547504,1.086992191040608,1.1092004574120855,1.1012649139603399,1.126758461567448,1.120288628323285,1.0774079805336638,1.0678416913184667,1.0412709925498356,0.9568029087691297,0.9339624004818496,1.0,0.1,1.0,0.1,1.0
1.09341579352478,1.1273403123570922,1.11494385216825,1.0882722766896171,1.0310120632661857,1.0768971980958475,1.0963824731136746,1.1310963982571032,1.135611431640677,1.1084606378689963,1.0736578378141919,1.0,0.1,1.0,0.1,1.0
0.9966286154924403,0.9569117055846196,0.976513813140593,1.008439930113279,0.9714068830190059,0.9791299417741748,0.9122067732356796,0.9512917198962373,0.9823426513006833,0.9830807260118464,0.9856871629162566,1.0,0.1,1.0,0.1,1.0
0.9854542912759433,1.0266629790418127,1.0195153956069591,0.9644650472392498,0.9499445421326148,1.0006212785657511,0.9518848689902936,0.9354709310870566,0.9617874151483892,1.0054942447158353,0.9908327021187486,1.0,0.1,1.0,0.1,1.0
0.940749714630188,0.9472608048983081,0.9071903034170136,0.9267884730174677,0.9463832710948408,0.9204921087960345,0.9610044381381819,0.9657507703474082,0.9535805953073583,0.8996722264680417,0.9456491341811903,1.0,0.1,1.0,0.1,1.0
1.045143533053144,1.0300519912890533,1.0183666783590402,1.0219374468967664,1.0341907056781847,1.0834470984064055,1.0339628251020903,1.0940987126450432,1.0618551071246558,0.9925646892492714,0.9800661802841337,1.0,0.1,1.0,0.1,1.0
0.9625055104329544,1.0014736063485268,1.0038965331857865,1.0619081417804477,1.0699064493728248,1.07037959528171,1.0228679545833772,1.033132806693413,1.0270665199567621,0.9812106384548022,0.9955735419095246,1.0,0.1,1.0,0.1,1.0
0.875318696308133,0.8817140394462738,0.904311529306246,0.9135918338704377,0.9679926410924277,1.0172941071809993,1.0162907606607854,0.9633982659929542,1.0008182184599497,1.0038605169632058,0.9999413372912312,1.0,0.1,1.0,0.1,1.0
1.0034362054232289,0.9963744559003563,1.0007500399468336,1.0489840273130633,1.092704307977244,1.0943287867116607,1.1070528573173013,1.1213097173373276,1.1024851753363676,1.073461058791727,1.0575573423710367,1.0,0.1,1.0,0.1,1.0
1.0691903556561002,1.0638952163097228,1.1128218766586877,1.1124740870689718,1.1850356949148642,1.1725574066256645,1.126551573128447,1.1817616817358285,1.214817265621494,1.1697007975916622,1.0844320724531384,1.0,0.1,1.0,0.1,1.0
1.1414020154921773,1.0728986704761745,1.0609963753322431,1.0442314387772562,1.0225369754539282,1.072676652890025,1.0615067880614968,1.0398366920386766,0.9880955433070897,0.9745003707552597,0.9884232654247709,1.0,0.1,1.0,0.1,1.0
0.9400489240951756,0.9710847717892683,1.0068820714704083,0.9948584501556554,0.983653517160025,1.0439374528076053,1.0570345528386467,1.1407153204280733,1.1490363587066132,1.0900939652707438,1.0500010145240728,1.0,0.1,1.0,0.1,1.0
0.9128706445553264,0.9130736691863579,0.9059591448537749,0.930307079748305,0.8897562962004798,0.8696294790674385,0.8449965432682571,0.8016376877857933,0.8750514827615419,0.8946163427077758,0.9484716527447619,1.0,0.1,1.0,0.1,1.0
0.9445459898006632,0.905345330440836,0.9518035160153338,0.9733203543996193,1.001345413906123,1.0079619526712595,1.0414339573912852,1.0265073970674816,1.016600992170052,0.9963960744330133,1.016589064229286,1.0,0.1,1.0,0.1,1.0
1.0544273398953812,0.9916094551245264,1.002703506831624,1.0043901837342297,1.0446699615695587,1.0345095580207855,0.9810539901915827,1.0266678642359888,1.0209762013978696,1.0067263708715164,1.0466120656633082,1.0,0.1,1.0,0.1,1.0
0.9950335591479139,0.9802110224681845,1.0095725005431975,1.0082376588622537,0.9468612988130246,0.9467177337518449,0.9385493429368396,0.9551893228688664,0.9692113100376694,0.9826773812172376,0.9951127091272065,1.0,0.1,1.0,0.1,1.0
0.8826973770229358,0.8826305779784309,0.9109494229575646,0.9672275617649236,0.9202422094178612,0.9080697346091969,0.8944900675599066,0.8678144874374242,0.8793802031359333,0.8706136077754252,0.9051747739968458,1.0,0.1,1.0,0.1,1.0
1.1070422868335867,1.162978012727614,1.1413636180793694,1.0792335799997421,1.0144910279107133,1.034443387141499,1.0557817321242406,0.9772266287737266,0.9263531755831804,0.9259604760069352,0.930274975108884,1.0,0.1,1.0,0.1,1.0
1.0378348646490654,1.0116799555797844,1.0702349922597973,1.1156021017526203,1.0806253316713939,1.0562289947581545,1.0841619077217544,1.0780119173982168,1.067120585358151,1.1231921123198663,1.1012134263475588,1.0,0.1,1.0,0.1,1.0
0.9510148428888259,0.9662936303493578,0.9649199560217266,0.970688136424547,0.9796756409885257,1.0603654503078905,1.0612744741221,1.052095090423126,1.0376770797777872,1.0163379656501639,1.0215028645988635,1.0,0.1,1.0,0.1,1.0
1.1666749262143012,1.1910886882622331,1.1481909127132057,1.084780027014101,1.079450585395589,1.049195480786161,1.0439964351333535,1.0499935977813488,1.0404280772224384,1.030866424471909,1.00415148948515,1.0,0.1,1.0,0.1,1.0
0.9433248024311292,0.9273602033708592,0.9231791990963683,0.9050134298582871,0.8851940086601661,0.9222227797162375,0.9096935982597134,0.9185607528056566,0.8996966127772452,0.8909594512337601,0.8752104482284068,1.0,0.1,1.0,0.1,1.0
1.178113038499603,1.1691752008323015,1.1878599665049971,1.1783626101746123,1.1038205617557988,1.025550453233514,1.0675609221358748,1.0250636472520487,1.0308019075931412,1.0312929868364575,1.0043089430204488,1.0,0.1,1.0,0.1,1.0
0.9223549472352055,0.907160715554919,0.9223672063945866,0.9552744765727171,0.9860230178922145,0.9712953162769726,1.029505911600367,0.9816181776738793,1.022211207664462,1.0438932731574164,1.1031366129118314,1.0,0.1,1.0,0.1,1.0
1.00570671963669,1.0070514827170112,1.0542605882552254,1.0877157363054657,1.078708808234427,1.0874626322008076,1.0880209836433508,1.047810450436966,1.0525011686282533,1.0884563847053261,1.073809699466235,1.0,0.1,1.0,0.1,1.0
0.9259936295304363,0.9401722237292707,1.0045063697628636,1.0109194369993844,1.0037693500309168,0.9774285032045467,0.9747070685186403,1.017118085407157,1.0014934224316914,0.9801170113535753,1.0514339750576556,1.0,0.1,1.0,0.1,1.0
1.0521238852794546,1.0063337726491868,1.0038964658420355,1.030590915771075,1.0206188002669498,0.9688690269778826,0.9659636717017516,0.9768175755975931,0.9778027878208854,0.977039161220125,0.9929661496053617,1.0,0.1,1.0,0.1,1.0
1.001732175301975,1.0066965667671248,1.05701865394166,1.0060716994613708,0.9753055350648256,1.0180633875721914,1.0746466145011333,1.016393857676866,1.0249778546076258,1.0089830955760883,1.0478901700753922,1.0,0.1,1.0,0.1,1.0
1.0021269232583945,0.9805861583928153,1.0032792770275034,0.9868303918817123,0.9609973292726471,0.9231525130835437,0.9216929034608222,0.9782834245253559,0.9828540360439081,0.990689461507824,1.031905122528891,1.0,0.1,1.0,0.1,1.0
1.021041678828686,1.018501068026328,1.0243964554070348,1.0443490239713673,1.0265285129760355,0.9666954542437506,0.9707900716945199,0.9474268866768499,0.9620962360858134,0.9479859071472377,0.9384928578187794,1.0,0.1,1.0,0.1,1.0
1.0343693459837442,1.0286081211304765,1.028402646927842,1.0759496791778014,1.1052552026462314,1.118276364687968,1.1206800124474643,1.1396777215944525,1.1196623598205582,1.1556678724806841,1.1161262429799712,1.0,0.1,1.0,0.1,1.0
0.9082961524283486,0.9029757821425166,0.8933670434124094,0.9297887303541564,0.9818931793063871,0.9976517077795233,1.0142087328540659,1.009950914471522,0.9693433185559014,0.9997966983641985,1.0082089531669298,1.0,0.1,1.0,0.1,1.0
0.9710675975330446,0.9561261317007838,0.9715116383192675,0.9601243019652373,1.0037182324718867,1.0218490548200418,1.0107663809520362,1.0036300684099084,0.9772755234054782,1.0473386484432272,1.0427110125644048,1.0,0.1,1.0,0.1,1.0
1.0099022572502991,0.994513699927293,0.9395653549102825,0.98501090863589,0.9917969097083262,1.0495301444957787,1.0501124080467374,1.0113040860715927,1.0233577726374745,1.0053521899557174,0.9628403502464639,1.0,0.1,1.0,0.1,1.0
0.9304148347874057,0.8833070799494476,0.8767962950556022,0.8873923647931096,0.9388486951018519,0.9516822846751566,0.9203062703428789,0.8671406555808276,0.9002588766197076,0.9719739461305994,1.0240251078170288,1.0,0.1,1.0,0.1,1.0
0.9434373436238548,0.8944693753970683,0.8926894938453852,0.8817830472842357,0.9340784562995409,1.0067833986137997,1.021771967243031,1.026990105256259,0.9993132042609626,1.0461651342623042,1.0278672873916097,1.0,0.1,1.0,0.1,1.0
0.9662951905430096,0.931073494540687,0.9032334043630129,0.9013173074764479,0.9413092876464549,0.9711391589890641,1.0181656847278193,1.0239024548576645,1.0113704961208603,0.9757387398912812,1.0143108477433511,1.0,0.1,1.0,0.1,1.0
0.9537486327589378,0.9296808055487561,0.9362191928068576,0.9141185814370179,0.8984632228690662,0.9302595303410142,0.9089485893992441,0.9846703120618283,0.9416790581303324,0.9292834049752534,0.9591968515394199,1.0,0.1,1.0,0.1,1.0
1.0575396934687125,1.0640362001068069,0.9936970693613507,0.9394328892691626,0.9272051039808179,0.9167972309131414,0.9310993912815441,0.9549296028220583,0.9359663090337796,0.927779227416721,0.9349709197827787,1.0,0.1,1.0,0.1,1.0
1.0252112629978825,0.9814649750237521,0.963557678364994,0.9653980490671668,0.904381148239267,1.0114393304061113,0.9491776003140032,0.9407862634212327,0.9660896163522488,0.9742346556530663,0.985021595989998,1.0,0.1,1.0,0.1,1.0
0.9801966634708356,0.9956371004927914,1.0340168869467135,1.0836968459985763,1.113216697350356,1.1260783053572356,1.1727495827702301,1.1661770761729036,1.1509919270476456,1.1113257445106715,1.0948013674954635,1.0,0.1,1.0,0.1,1.0
0.9784932425533318,0.9527373804389401,0.9297253904297988,0.9534896649507624,0.9802427235103749,0.9293879833572627,0.9748991780452791,0.9606001767985857,0.940046536869022,0.9725783819208148,1.0202249340879719,1.0,0.1,1.0,0.1,1.0
0.9547053404181831,0.9834527027710244,0.9946630660433637,1.0523856418033701,1.0155705437003675,1.0013865486968194,0.980965498813437,1.0515625619080862,1.0605503373257672,1.0307389218655174,1.059812435695312,1.0,0.1,1.0,0.1,1.0
0.9546591816016595,1.0114624579651046,0.9450026097312244,0.9507139673809172,0.9773310875683555,0.9259059815031239,0.9407318472177829,0.9223426909974118,0.92531697123372,0.9016858798271083,0.9991803604724374,1.0,0.1,1.0,0.1,1.0
0.9857985563432604,1.0101520492783647,1.0205896662181384,1.0387997401985867,1.005604349111338,0.9960632941981337,1.0378225494816025,1.0861206154638046,1.0831691159472472,1.083126817576364,1.019482172861355,1.0,0.1,1.0,0.1,1.0
1.0182278124460484,0.9969490446903012,0.8967686011481564,0.9404450991863365,0.9311939934913664,1.0070191573382212,0.9536777835818945,1.0265069232846136,1.0693951438624656,1.1073374179105568,1.0737679621025573,1.0,0.1,1.0,0.1,1.0
1.041593068164411,1.0441695773398962,1.0404292230353356,0.9968490453321806,0.9955645003045667,0.978576567457382,1.0004139401404275,0.9465581613943745,0.9550485162175507,0.9435475617917033,0.9294392958419517,1.0,0.1,1.0,0.1,1.0
0.934045890640446,0.9232721929627097,0.9187054081250954,0.9090987175780255,0.8888295690884012,0.9727318011589017,0.9451521985786477,0.9347353149095889,0.9385058405609643,0.95223402579175,0.8612459125944185,1.0,0.1,1.0,0.1,1.0
1.1152024316273568,1.1061189330691044,1.0647813349328734,1.1060222772950827,1.0672583907191004,1.0643919092520693,1.0749570352693638,1.0784138317882523,1.0332729744575653,1.046588571611853,0.9870198434149023,1.0,0.1,1.0,0.1,1.0
1.0044208007429332,0.9926142513775138,1.0251263142713394,1.0048264587570597,0.9620061702104373,0.9637571072363162,0.9581890045785558,0.9714948197717348,1.012557613326201,1.0075964248149696,1.0131484048358954,1.0,0.1,1.0,0.1,1.0
0.9427065168833322,0.9872956464161906,1.007510518054228,1.0139987927797431,1.0557353012018313,1.0479546020310109,1.0471498831711676,1.074286022467212,1.0426374632403932,1.03168668995248,1.0428310443850304,1.0,0.1,1.0,0.1,1.0
1.1430589718549857,1.1497155216692045,1.1191181016711031,1.0918656832718951,1.1058993366640324,1.1393200331360385,1.1046867013921,1.156736090073783,1.120566107563219,1.071814498526846,1.047113853800687,1.0,0.1,1.0,0.1,1.0
0.9492071260689792,0.9281731909897648,0.9153769883795935,0.9648530933351844,0.9590234922385528,1.0010105311717095,0.9874782990007522,1.0082352725762154,1.0161815650044141,1.05054950613474,1.0449098089139899,1.0,0.1,1.0,0.1,1.0
0.9682946546876136,0.9424585298531576,0.9683922699356746,0.9841600361062817,1.0022231835939885,1.0041389902387818,0.9515112691066591,0.9622350696854204,0.9967247506551746,1.0452329009247874,1.0204268853051504,1.0,0.1,1.0,0.1,1.0
0.8478847162300132,0.8455182085860253,0.8819666134157104,0.8993834677033058,0.8426930138319693,0.8501814541073427,0.8266422546312928,0.8453440332207722,0.8532045943532515,0.8858227954131785,0.8583970490923596,1.0,0.1,1.0,0.1,1.0
1.0374246757955718,1.0304043758361061,1.0089674509927695,0.9853551028162447,0.9819276651068056,1.0034890481545298,1.0452794443050275,1.045496229432117,1.0647701551472888,1.068063030464263,1.1265572573712181,1.0,0.1,1.0,0.1,1.0
1.0229955049641664,1.0607864695801774,1.089078234978198,1.0176966580747466,1.0137926160473771,1.0746896052146955,1.1198872048080457,1.0614888945490826,1.0631424501955267,1.02655572013815,1.0268663555725814,1.0,0.1,1.0,0.1,1.0
0.9127116688475091,0.8991812387370982,0.9518275878167495,1.0002632742093367,0.9554395233538779,0.8969688245137053,0.9371895644811711,0.9253084348357038,0.9367271130442558,0.9240579370425711,0.8892702694242091,1.0,0.1,1.0,0.1,1.0
1.060484455810295,1.0949993053243459,1.1224326687576187,1.1177236249195917,1.1247135191608628,1.165484297879533,1.0854726687414735,1.0843014685551282,1.0965602334585307,1.0818342969520558,1.130075173686358,1.0,0.1,1.0,0.1,1.0
1.0524271868782464,0.9991421891907977,1.0208761761255207,1.0224167796664294,1.0336715735966568,1.0040677541087955,1.0410459354663202,1.0402820838659694,1.0421487768518598,1.0782549256788443,1.0271809637839993,1.0,0.1,1.0,0.1,1.0
1.029962000048373,1.0736561544576289,1.013322902949628,1.019610914998199,1.0892347803771416,1.1055642454687455,1.0516638207230904,1.0476351153017331,0.9956907462472941,1.0149326403867285,1.0679644187980382,1.0,0.1,1.0,0.1,1.0
1.0200472477717928,0.9416470622967194,0.9604300438197055,0.9203930823629325,0.8709376314418601,0.8757168566336345,0.8626439972028077,0.8816392993665834,0.9389721838057161,0.9273087736426389,0.9408133184144393,1.0,0.1,1.0,0.1,1.0
0.9573113933758437,0.910298071676497,0.9185169348190354,0.9061402313513457,0.9126620799460964,0.8723196751537958,0.8688107462192413,0.8771985737775073,0.8550576975270738,0.926647135585304,0.979409567783794,1.0,0.1,1.0,0.1,1.0
0.8673789003519602,0.8799851649849253,0.8639188532567335,0.8706556649599497,0.8110726994046749,0.7973367375015503,0.8602140246981071,0.8170842214214022,0.8024739460538337,0.8053889782302529,0.7560708466651651,1.0,0.1,1.0,0.1,1.0
0.8932821565214127,0.8886618493009427,0.9140728633670154,0.9480487111546929,0.9398096648289382,0.9664658365342633,0.9820543638413637,0.9159034070710607,0.9296865890063375,0.9874894595377959,1.034603634136006,1.0,0.1,1.0,0.1,1.0
0.9700769396394554,0.9291275741836553,0.9183401194586678,0.9496696473275831,0.9373315563968889,0.9098835366286295,0.9239850835822138,0.9100397704062846,0.9284471826794835,0.9337873361034694,0.9745679922809184,1.0,0.1,1.0,0.1,1.0
0.858545294887938,0.8770357852618168,0.9152425080924517,0.9056406102387288,0.9334873355959489,0.8903312817420835,0.9804592596865427,0.9799739454201324,1.0460004340284266,1.0024872072791509,0.990400059216128,1.0,0.1,1.0,0.1,1.0
0.9088110736806304,0.9354800493836376,0.9562237039523942,0.9340487482607258,0.9356427767438642,0.9259715917293574,0.935161377733743,0.9380971316559472,0.9355277868663894,0.8839101013982363,0.9078905032945094,1.0,0.1,1.0,0.1,1.0
1.0394819224689726,1.026845633801376,0.9860920558966897,0.9885144833968049,0.9825897401114624,1.0076422544649108,0.9372366124958854,0.9282404692024363,0.9364246930985082,0.9680819493315819,0.9522259451749897,1.0,0.1,1.0,0.1,1.0
0.9590392213832862,0.931298739770801,0.9151573548950456,0.9063069414420744,0.9050793652194684,0.9299626409839858,0.9231274400971501,1.0016461893085222,1.0435976289562476,1.0713770523250643,1.0597978895725262,1.0,0.1,1.0,0.1,1.0
1.0476746202514087,1.0257743189019874,1.0875778928640545,1.0861076318631113,0.9870453329106165,0.9796025152296632,0.999432468527109,1.01734545585316,1.1008916753495783,1.1358828615126364,1.1335602118824468,1.0,0.1,1.0,0.1,1.0
0.9861446055199727,0.9949739607503603,0.9791287175199803,0.9761448949473104,0.9430705016834413,0.971374429684569,0.9511751869256642,0.9254369118336189,0.976009832097923,0.9792783752888307,1.0102595091800193,1.0,0.1,1.0,0.1,1.0
0.9304179249850167,0.9352262743303293,0.9817013286984737,1.0077837402957148,0.9539119486486626,0.9637516634352923,0.961635726057006,1.0135766371868853,1.0335677976973252,1.0056781720358179,1.004850925486166,1.0,0.1,1.0,0.1,1.0
0.8250111920168965,0.8955514846775774,0.895407993223281,0.8692329469268474,0.8662741531818063,0.8364811079515876,0.8686168332459606,0.8546184474209708,0.8069912470957485,0.7841146638955093,0.7811800842861795,1.0,0.1,1.0,0.1,1.0
0.9947843669720022,0.9991322813122827,1.0707472971886967,1.0259720736047826,1.0504466283626268,1.0764434727933911,1.12584504768811,1.130643729465043,1.0741384508189888,1.0298571094168865,1.0618214685189604,1.0,0.1,1.0,0.1,1.0
0.9647126051668842,0.9921399667608538,0.9966916732592246,1.0050339776388102,1.0224451215943542,0.9989990128151258,1.0145031679977365,1.0195691933883901,1.0218605184744287,1.0079903647646082,0.9412869409192741,1.0,0.1,1.0,0.1,1.0
0.9667508422736759,0.9706287410799815,0.9853241410512535,1.0111769525882763,1.083538595468144,1.1300482774644263,1.1727168757372426,1.1553508356166016,1.1406899722531516,1.1569076706123886,1.0923618233895207,1.0,0.1,1.0,0.1,1.0
0.9967988776092869,0.9464089156482657,0.9747509972483069,0.9955457930180754,1.0137698847580496,1.0313028883985262,1.0222152963297249,1.0488602138992973,1.0324100962563805,1.0220161897818485,1.0055180019008187,1.0,0.1,1.0,0.1,1.0
0.9535319553904222,0.9468743712196936,0.9574140658266377,0.9721931884110597,0.9810606597102824,0.9738358324532349,1.0047784867850762,1.0638328206719707,1.0696731979682008,1.0931472584726907,1.0381151181679629,1.0,0.1,1.0,0.1,1.0
0.9806458428692123,1.0246180760353367,1.0424991800233965,1.0353273430459284,1.0154551114442227,1.0289861937233469,1.031696325636561,1.0178700192587753,0.9954654360963413,0.9625948077218556,0.951719125819678,1.0,0.1,1.0,0.1,1.0
0.9765850328732852,0.9701533381023236,0.903971998694925,0.9043408363341515,0.922613053914039,0.894381003659798,0.8292590620040543,0.8598798547396453,0.8712975966949607,0.8728230489241867,0.8303037690323257,1.0,0.1,1.0,0.1,1.0
0.9030507006996922,0.9553833770307991,0.9456147935307971,0.9784636920002164,0.9418413384862696,0.9816709480358684,0.9788393871078257,0.9295402284655869,0.9151600326443281,0.9189964322247635,0.8926315816030573,1.0,0.1,1.0,0.1,1.0
0.9735587585504052,0.962827957123728,0.961792712463772,0.9640731771624618,0.9737907578463081,0.9664956331934866,0.944450971960514,0.9823983424779557,0.9864752319728984,0.9748157615371048,0.9573007317177992,1.0,0.1,1.0,0.1,1.0
0.9894852710869387,1.04753592476033,1.0747963481582856,1.0750445882805981,1.0754674225204695,1.0742971071245173,1.0237253249421951,1.0262049937931512,1.0460953385202565,1.024694557591089,1.0369276243130952,1.0,0.1,1.0,0.1,1.0
0.9329294807579402,0.9182766967262238,0.9146529433776497,0.9346222347932769,0.9329221671470124,0.9717897693111894,0.9090700593543991,0.9162621756905052,0.8391609835157364,0.8844745483617468,0.9169836365869011,1.0,0.1,1.0,0.1,1.0
0.9324890015984824,0.9172870354309829,0.9242688258704066,0.931339536860904,0.9625075073113781,0.9268963687720339,0.968218957199503,1.002753199875509,1.0300145524804696,1.0788934222370314,1.0436607658114947,1.0,0.1,1.0,0.1,1.0
0.9606535446455748,0.9648240746471224,0.9753965247242873,1.0237607408221334,1.0280911151866647,1.0644216799580404,1.0442187942291112,1.0287008002672131,0.9849856192138222,0.9431082031169197,0.941318626405105,1.0,0.1,1.0,0.1,1.0
0.9387563264433872,0.9153378962447609,0.971638979578608,0.9713152153536262,0.9920705571903683,1.013388642782296,0.9992594672146308,0.9935289185815273,0.9839439497505189,1.0313014596211891,1.0035584383365845,1.0,0.1,1.0,0.1,1.0
0.9207826404864952,1.0211141080487103,0.965486062927676,0.944654978723581,0.9021715809949663,0.9082691233752094,0.9047689446673889,0.9606143960351168,0.9526327844671916,0.9547866214435892,1.0270801916769872,1.0,0.1,1.0,0.1,1.0
0.987265324192004,1.0011687148791537,0.9851115995004007,0.9928769037809121,1.0111445206433298,0.9955023226742085,1.0110324888920121,1.028028997524711,1.0565156251735688,1.0904560775945418,1.1093416146150314,1.0,0.1,1.0,0.1,1.0
1.0986371757458577,1.106108799980206,1.119966118315874,1.1573068214004256,1.1577736797394478,1.122058386435635,1.1490596301599048,1.1075787964215984,1.0617771226515775,1.0564058174973805,1.0716338594747161,1.0,0.1,1.0,0.1,1.0
1.011899663960725,1.0619664758177723,1.0280666877827893,1.019352250639946,0.9901376698237402,0.9477039757333581,0.9340357985766826,0.9046614901307273,0.9392024695830558,0.9438003274779121,0.9738634177558237,1.0,0.1,1.0,0.1,1.0
0.9181722695335408,0.9079822775271037,0.916437880973453,0.9493167400034975,0.9377620770554903,0.8782156273863825,0.8603687484548171,0.9133502898282982,0.9554693762376287,0.9713030460671526,0.9922989250028842,1.0,0.1,1.0,0.1,1.0
1.054544855714097,1.1258006195368788,1.1015822446471024,1.1057600205379887,1.0935124708595318,1.0611979828964435,1.0499366851158687,1.0262223464820386,0.981491584358555,0.9927835235100366,0.9718142607460377,1.0,0.1,1.0,0.1,1.0
0.8801244243564215,0.9497342254311525,0.9880930609280435,0.9404887780809579,0.9878849153672126,0.9605123771712875,1.0109957931242233,1.0188432283594893,1.0592471581989182,1.0282851696579014,1.0607315979729834,1.0,0.1,1.0,0.1,1.0
0.854594031638044,0.8619180645491262,0.8478429561457576,0.8578862623395777,0.9323364894855539,0.9325629932755188,1.0000336051732295,1.0026643576790393,1.0463437942897416,1.021089636566886,0.9924007261172306,1.0,0.1,1.0,0.1,1.0
0.98752906457445,0.9940792223339934,1.0193699555706068,0.9805574869689386,1.043068386737227,0.9801562036819669,0.9658581871467768,0.9569939429612083,0.925433688633717,0.8859068761625082,0.8800266619783976,1.0,0.1,1.0,0.1,1.0
1.0120753332031132,1.0009972430298957,1.0181364084517999,1.0682388800870655,1.0348720433412073,1.0432663030650053,1.0019110796491486,1.0148032608212025,1.0059940431586687,1.009862934312056,0.9599505294782249,1.0,0.1,1.0,0.1,1.0
1.0398187331219972,1.067900140476477,1.0911405559114704,1.118962481197081,1.1331574021892976,1.1217874930656022,1.079825480028676,1.0772299185453,1.0674046311917456,1.0641011612826083,1.0411055975879024,1.0,0.1,1.0,0.1,1.0
0.9900810798972156,0.950493858317231,0.9632960396540926,0.9684483518457279,0.9459689022535857,0.9559215214214608,0.9136800605821089,0.9647388212886081,0.9170668613199016,0.979736964066283,0.9898682784937382,1.0,0.1,1.0,0.1,1.0
1.1180862696258873,1.110971359530023,1.1410825443359043,1.1034765305997054,1.0758436912685874,1.0501084189943475,1.058708646720476,1.0439057049497822,1.0153949870496695,0.9913647416306441,0.9960783177886069,1.0,0.1,1.0,0.1,1.0
0.9676845796275685,0.9772280704839863,1.0009738120054534,1.0247292730358812,1.0103208483200858,1.0482698772075743,1.0644398731085636,1.0385459522603073,1.0729849788133992,1.0362330182470432,0.9762475363655474,1.0,0.1,1.0,0.1,1.0
1.0324940918770498,1.036429780858466,0.988263333432615,0.967037488875208,0.9686413978415428,0.9705294379365889,0.9855338592323338,1.0019342441714687,0.9866508294167899,1.030225690304391,1.0228073665784938,1.0,0.1,1.0,0.1,1.0
1.0012159546699968,0.9982108489983029,0.9765579706605456,0.9743398749710195,1.046497408891244,1.0481686145199054,1.0793216238376595,1.0930423610946411,1.033099063848923,1.0055638312293254,1.0227086797807219,1.0,0.1,1.0,0.1,1.0
1.0196001042489748,0.9703408010946273,0.9690703931900486,0.9598582805629287,0.9365243787446325,0.9132001163287764,0.8647107302528241,0.8785368679980899,0.9376527723380206,0.9280132138913623,0.9921921716116413,1.0,0.1,1.0,0.1,1.0
0.99802409514488,0.9834159697791958,0.9816341867937484,0.9913130283344879,0.9752814256814499,0.9430900870888854,0.983949990677315,0.9313718573426045,0.883380749997233,0.8915816203151871,0.8531881533224458,1.0,0.1,1.0,0.1,1.0
1.0198798181923399,0.9769429462700866,0.9869436643969192,0.9843840349282973,0.9908617663806746,1.0023124936034011,0.9464115530494264,0.9478897575764487,0.9470707961584174,0.945311381278283,0.9528401897012089,1.0,0.1,1.0,0.1,1.0
1.12176176024413,1.138737773830768,1.0972231703264255,1.0993359505770077,1.0824586298022452,1.0713870006653312,1.091618037157723,1.1257446980941341,1.1363588593977363,1.1266272522423848,1.0910081088224746,1.0,0.1,1.0,0.1,1.0
1.0364415264758144,1.0479055573471412,1.0410342776013588,1.0172648864170293,1.0379870180377893,1.0619454654405223,1.0503890434074143,0.9924188977480787,1.014065140963447,1.060803671190109,1.0773710858113594,1.0,0.1,1.0,0.1,1.0
0.9629513568556435,0.9820531954707622,1.050665133334944,1.0602443092251796,1.062845129207848,1.0212803249967926,1.0010445929743796,1.0368764318243586,1.0892823962388227,1.0900047173373495,1.0664360754082929,1.0,0.1,1.0,0.1,1.0
1.0376513811228907,1.0538258381061345,1.0462271564671448,1.0465892916217612,1.014818568776965,1.0115464963692198,1.009508493662611,1.016057415805522,1.0256003451676479,1.001232979447955,1.0105658976276495,1.0,0.1,1.0,0.1,1.0
1.0076389845636182,1.0483848615912754,1.0862097376138193,1.0695629803219735,1.0160427557313945,0.992243240884963,0.9685359855857636,0.9249684528489861,0.8796160174173339,0.8576768035306137,0.9026535408923918,1.0,0.1,1.0,0.1,1.0
1.0943641057523628,1.1238481682166015,1.0671402467989277,1.1337597536418889,1.0657310016528223,1.0799286640085954,1.053442124625465,1.055935374490725,1.084246984588499,1.0910227228068843,1.0453996714141387,1.0,0.1,1.0,0.1,1.0
0.9209058020233157,0.9278869664855217,0.9620023086877377,1.0226468964784896,1.0205067140887352,1.0282646323215894,1.028247748984013,1.018157283801667,1.0463983711342022,1.020004566983258,0.9871623499215666,1.0,0.1,1.0,0.1,1.0
0.9920482192365779,0.9938931322373963,0.9620095940843798,0.9638411350312716,0.9774157824353947,0.9387896942574522,0.9180052832620423,0.9285414276924057,0.9872989454201061,1.063137053058424,0.9804340020062126,1.0,0.1,1.0,0.1,1.0
0.8876721116592529,0.9577381921059871,0.9351886969049705,0.9224907160697996,0.9486902941348334,0.9747990038746444,1.019225214531821,1.0268294705393086,1.0517148685607687,1.0834622148672313,1.111525290853634,1.0,0.1,1.0,0.1,1.0
0.9924066743494657,1.0198806772601576,1.064040064351035,1.0673494424723675,1.0801348314294676,1.1379397758224072,1.0890436592893808,1.10905398796084,1.097374539200185,1.0966829538803864,1.1308142358830688,1.0,0.1,1.0,0.1,1.0
0.985451606627066,0.9462707028251124,0.9965169471030142,0.9553339349573897,0.9832925433057951,0.9542445636787334,0.992528209915835,1.0593669086887691,1.1359191732454819,1.1097102560393877,1.1034246950218927,1.0,0.1,1.0,0.1,1.0
0.8340695581366862,0.8301948167796145,0.8048945007032912,0.8484484114090156,0.8298764583905403,0.8270372184152714,0.863110796061109,0.9444114100135251,0.9338972931255822,0.8630351399866706,0.8294200251017607,1.0,0.1,1.0,0.1,1.0
1.0965452548930048,1.0649207911153804,1.0499505720865918,1.0822513854575786,1.0644529564525145,1.0838849107482893,1.0894263151717367,1.0935457543387646,1.1651531260604617,1.160235102800795,1.194661376016352,1.0,0.1,1.0,0.1,1.0
0.9492533244609058,0.9871534145133727,0.9775935881002308,0.9996266739704559,0.9718649578167141,0.9226714802086514,0.9561956761974162,0.9618100278851442,1.0184270920559915,1.0097905609631639,1.0289863131443804,1.0,0.1,1.0,0.1,1.0
1.1101275884026371,1.0927651313118076,1.1156540836172177,1.0997086008170947,1.111605727261776,1.0818632444473533,1.05877327496062,1.0739191544433657,1.1065179983499367,1.1525582858520662,1.104257323555304,1.0,0.1,1.0,0.1,1.0
1.0695401135871898,1.051953402685441,1.0242417080741242,1.0034997337883294,0.9645863736375313,0.9891048834906578,0.9262048248431856,0.9354203624830254,0.945788664182858,0.9002685370117617,0.8799453877056903,1.0,0.1,1.0,0.1,1.0
1.0171158372129192,1.0080106361868122,0.9683616792920666,0.9943754357652257,0.9353548269695001,0.975323775276693,1.0196490698667533,1.0042267877528748,0.9850774583772757,0.9981571908414825,0.9778758709976499,1.0,0.1,1.0,0.1,1.0
1.0042034515881666,1.0037868288661362,0.9909087707215009,1.0373026068061448,1.057666194113741,0.9804131401890831,1.0193266944632184,1.0320281069433204,1.044263323112122,1.1287276713366263,1.1194133823028338,1.0,0.1,1.0,0.1,1.0
0.9438319051083741,0.9384834721546493,0.8940154731797448,0.90289530129401,0.9211790066676518,0.9020415397845962,0.8980951744872149,0.9383408358096702,0.914797001122224,0.9818983943022994,0.9766381521633579,1.0,0.1,1.0,0.1,1.0
1.0624908864348979,1.10732851453498,1.0643318123056624,1.0512665433976587,1.0925011098491595,1.0868160079606013,1.0325884407885966,1.0677884435551326,1.026024316239827,1.0410528608234675,1.0280197083399354,1.0,0.1,1.0,0.1,1.0
0.8741399049750838,0.9325471546763114,0.9208150606061087,0.9406427297258764,0.9401050259265448,0.9517055134796177,0.8948841829408586,0.9050473974175869,0.9157921579394456,0.9770699529729265,0.9569158028371911,1.0,0.1,1.0,0.1,1.0
0.9707739400658296,1.009221977999092,0.9812969878511693,0.9799625116526949,0.9864642759205209,0.9339180568510732,0.9376870704370589,0.9136962723601942,0.9232760242549106,0.9052974434566745,0.8398435140984204,1.0,0.1,1.0,0.1,1.0
0.9090691865461898,0.8990409965832463,0.8936163409397732,0.9333190850945071,0.8955516587229321,0.8472336791766857,0.8364984063065388,0.8275087137362573,0.857233018229899,0.8506445503220186,0.8231588871123278,1.0,0.1,1.0,0.1,1.0
1.0496906199321276,1.0208893894342288,0.9534604824772359,0.9654025618438575,0.9490370565326067,0.9991914570632076,1.0411847051417755,1.0109990826280957,0.997096040764257,0.9578797744969558,0.9808195697781512,1.0,0.1,1.0,0.1,1.0
0.9715836361582111,0.9991427441320702,1.0419814689516362,1.0834306305139252,1.0067296107101817,0.9797426506811261,0.966766553606149,0.9758156575339796,0.9450269964942853,0.9498344347665345,0.896813931381401,1.0,0.1,1.0,0.1,1.0
1.0132710266662954,1.0438331149072668,0.9879498577252825,1.0586966067576256,1.0350887751068334,1.0656161156897064,1.0396869735131191,0.983954367889791,0.9699324665692983,0.9713429665119694,0.9731646542048993,1.0,0.1,1.0,0.1,1.0
0.8931279097865362,0.8758719233774204,0.8979268535508861,0.8966571910405485,0.8897433029482399,0.9169704741681175,0.9660537394785316,0.9257683512044264,0.9166421897185186,0.9276258430938161,0.9151644931998818,1.0,0.1,1.0,0.1,1.0
1.0525674044821287,1.0372167621636772,0.9667271539444265,1.0213780096433587,0.9942593881435134,0.9549167515168975,0.9393016249658941,0.9967891469348231,0.9621519792098301,0.9882932237895137,0.9785381437605355,1.0,0.1,1.0,0.1,1.0
0.9830133367719436,1.0229047994436367,0.9862465162997054,1.0229584420409934,1.041740835074855,0.9873144395231799,1.0321375699903106,0.9973891652362094,0.9915171886894604,0.9617830139022837,0.9577313914863717,1.0,0.1,1.0,0.1,1.0
1.0006778644984458,1.0093492153439116,1.0307330472350071,1.0293559806288872,1.0745196299544064,1.0662477343347252,1.0137584524457302,1.009026182522225,1.027986750940959,1.0330444877254474,1.0264997037951262,1.0,0.1,1.0,0.1,1.0
1.0175036625973366,1.100684360415338,1.0936224517157214,1.0943389731728164,1.0825470117123133,1.139243979262563,1.0628709084105579,1.0413715048150625,1.0439372438423757,1.0323029988467134,1.0569760530235661,1.0,0.1,1.0,0.1,1.0
0.9769683586126772,0.9556851633992881,0.9435564734769891,0.9109044277824748,0.8874833898967063,0.8708930446543663,0.8812511231456253,0.917707523664474,0.9298818837967702,0.9548538573430398,1.0039013333887223,1.0,0.1,1.0,0.1,1.0
1.0447051393969016,1.038363390968694,1.0603657918206337,1.0263238124072904,1.071845071668054,1.0676607146663715,1.0610179150666397,1.1097613331506866,1.117410194598355,1.126628412286134,1.114245787801696,1.0,0.1,1.0,0.1,1.0
0.9502688275430345,0.9657774220216468,0.9486443075686565,0.9754366437393803,0.9629302375269254,0.981184843777512,0.9782641776031119,0.9856079736584147,0.9656351529696212,0.9480674791917417,1.0120858198025615,1.0,0.1,1.0,0.1,1.0
0.9721018616019302,0.9716996575073323,0.9974896603197366,1.0436043005810203,1.0389844056662354,1.0639104778156256,1.0756280151246305,1.073914806758846,1.1113530309180426,1.0374419774624832,0.953492162005624,1.0,0.1,1.0,0.1,1.0
0.9699132974005137,0.9744637422876868,0.9824867039227643,0.9740488826873349,1.0211369950967646,1.0087421737792883,1.0688882660806334,0.9991773768501285,1.0161135809349775,1.0469589464184295,1.0414143645584684,1.0,0.1,1.0,0.1,1.0
0.9724654821601796,1.0202989499407282,1.0439172824066623,0.995421732610632,1.0232060857527567,1.0600495043347513,1.018075324755918,1.0401514119669948,1.0332391734768036,1.044524524989509,1.0981224876973095,1.0,0.1,1.0,0.1,1.0
1.0484049795018013,1.0251514965636908,1.0553739413930958,1.1050987850341882,1.1064887866002617,1.0972051243035585,1.097558098776381,1.0604869920275168,1.0738698420075163,1.0322046181867743,1.0140206456454612,1.0,0.1,1.0,0.1,1.0
1.0913740976832103,1.0609672215640082,1.0569547267973547,1.073892998689717,1.0844304918438554,1.0817299551979673,1.0656344292351696,1.0515454928623464,1.038518064972455,1.0125276203670839,0.9834423475003248,1.0,0.1,1.0,0.1,1.0
1.0775997478130048,1.0675657214920322,1.0833358937089175,1.0402868784124537,1.0712231520305218,1.115240965267514,1.1236319210450068,1.147237302673496,1.1063333591856188,1.0377512082114528,0.9895605383320172,1.0,0.1,1.0,0.1,1.0
1.0499419160460866,1.0714775056015258,1.0751338955901901,1.088307630612532,1.0845510677410743,1.062860348013243,1.069770185953987,1.016855111374416,0.9680739450638804,0.9874731941459133,1.0100198338536581,1.0,0.1,1.0,0.1,1.0
1.0964678797762883,1.0824281904609008,1.0381476982485032,1.02450692134631,1.0538664699249833,1.0541254056255,1.0210617829631885,1.0263684448090586,1.0765284301373672,1.1105017202310514,1.1023423875059397,1.0,0.1,1.0,0.1,1.0
0.9744597729485174,0.99029515582054,0.9700439743502791,0.9584589891653262,0.9348720922735672,0.9356531525312296,0.9441718614559069,0.9280448170373023,0.939353999745584,0.9377170051986499,0.9835539319553214,1.0,0.1,1.0,0.1,1.0
1.1676594667783287,1.1373540729558809,1.1439556127931574,1.1365616846774815,1.1103015448599938,1.0929064389257526,1.0552686797801205,1.0237511216850625,1.05278361836278,1.0816479541831276,1.1119351721011423,1.0,0.1,1.0,0.1,1.0
0.9669150587472587,0.9758612040615962,1.0209961893525372,1.037518398103474,1.0260164538330812,1.0456475942344943,1.0496243494820856,1.058164259144645,1.0310119245153313,1.0382725338712906,1.0081360089726075,1.0,0.1,1.0,0.1,1.0
0.9981248134994442,0.9914898145707086,0.9676117632140996,1.0171067494312578,1.01301289272092,0.9871760026579735,0.9745803349575761,1.0180316450400633,0.9683712934148467,0.9523164408797326,0.9856052828616773,1.0,0.1,1.0,0.1,1.0
0.9532011516639686,0.9715776201570485,1.016262176318966,1.041057987683283,1.0294981010783604,1.0245446691464903,1.0254165265869961,1.0088475255881333,1.0105284532064085,1.0052106832818275,1.0294924996874122,1.0,0.1,1.0,0.1,1.0
0.9655241175975174,0.9292738830330411,0.9144267918873078,0.9218194266376243,0.9540609338047259,0.9339650821417106,0.876594988734933,0.8506135465954713,0.8176817091326057,0.8526894080087704,0.8898531054934856,1.0,0.1,1.0,0.1,1.0
1.0265476280412928,1.0765372034886609,1.0378719857223204,1.0174995844587478,1.0083588903491199,1.0162342297246536,0.9646341002404717,0.9612727543526942,0.99436996863836,0.9836941220095594,1.0230237383516594,1.0,0.1,1.0,0.1,1.0
0.9728936840169695,0.9528209679700864,0.954881708331161,0.9244950722890743,0.9210814640280846,0.9352235087882803,0.976884721346556,1.0330027230044438,1.0143152714318393,1.0820726360044661,1.0606919316939,1.0,0.1,1.0,0.1,1.0
0.9775550444112817,0.9772307712417003,1.0027751330813142,1.0694532626357751,1.0241916730473748,0.9847927967785978,0.9633849598243083,1.0582422798860387,1.086784103340955,1.0868392550542545,1.040435314801819,1.0,0.1,1.0,0.1,1.0
1.1448655449619198,1.0792491057785645,1.0588210830954674,1.0776825325173607,1.0663654524157917,1.0442008885153773,1.0711795376172537,1.1314376383175124,1.125137083097809,1.0874955706178728,1.0938421225105723,1.0,0.1,1.0,0.1,1.0
1.0427027774489517,0.9998799987184395,1.0069612012302496,0.9809859987078275,0.9460645572382667,1.0178512385195062,0.9961792537703024,1.0663482934189463,1.0388966538650273,1.0433812989410423,1.0738511464085887,1.0,0.1,1.0,0.1,1.0
0.9250859134390087,0.8616558769420195,0.8926754306058478,0.9053771729052383,0.9558306711616918,0.9742265997706998,1.0162787429798497,1.0196146957979428,1.0015066039552736,1.005481671205088,0.9823145810578015,1.0,0.1,1.0,0.1,1.0
0.8977243284335769,0.9167625283038306,0.9217920419112204,0.9352941476941473,0.986284919969166,0.9788616993882426,1.006010163297171,0.9692638060276386,0.9589926121168377,0.9468317451513668,0.9782903796999709,1.0,0.1,1.0,0.1,1.0
1.0023153225496255,0.9966696005580372,1.0654820207919464,1.0985128927440424,1.0758763715928168,1.111536347585547,1.063659881139049,1.0631803698916336,1.020176550793281,1.0409457068970722,1.0884913382551344,1.0,0.1,1.0,0.1,1.0
1.0108203460799614,1.0304623184157045,1.0048376807673682,1.0383074807148864,1.0220841187517145,1.023062667190824,1.0259212208623754,1.0110703972025878,0.9554308342064882,1.002092317955096,1.0183651253831436,1.0,0.1,1.0,0.1,1.0
1.0225094499795941,0.9876567548925369,1.03026087742076,1.0273744621187992,1.0482241162604922,1.0602685539880334,1.084812791815555,1.0530212126687823,1.089782893707926,1.100843715476781,1.1026403342596884,1.0,0.1,1.0,0.1,1.0
0.9757026073535404,0.9804779650838875,1.0085355049054916,0.9631593078102916,1.0097605208093476,1.027095974189508,1.0298066919655442,0.9912700356131673,0.9655197826641144,0.9399472574189949,0.9845785573938965,1.0,0.1,1.0,0.1,1.0
0.9759578698850933,0.9277453151268094,0.9510170896318719,0.9376641163971147,0.9419560301379627,0.9914819786501513,1.0108059987586038,1.0040695189657314,0.9823344905681131,0.9080398538127048,0.9483249973869956,1.0,0.1,1.0,0.1,1.0
1.104612278150959,1.111543945689206,1.0218427121930944,0.9592429149549689,0.9777439358556013,0.9757383213644136,1.0170402308574846,1.0366396478017175,1.1050734311743098,1.0899731894037763,1.1450043207312588,1.0,0.1,1.0,0.1,1.0
0.981816657481981,0.968597317583607,0.9459347972561042,0.995173841331894,1.033769076767968,1.0837174793972206,1.0275305724173716,1.0591455222967667,1.0291180624927534,1.0365775046607828,1.057537657734508,1.0,0.1,1.0,0.1,1.0
1.0223045704341824,1.0520110197997543,1.0577557731363598,1.041952379558958,1.0903448947766483,1.0574097451260993,1.0736988448373563,0.9953431611697122,1.0426992142462899,1.046791985973146,1.040253251238115,1.0,0.1,1.0,0.1,1.0
1.058136362086537,0.9869063837429504,0.9808899442313455,0.9699997291542025,0.9503955244409736,0.9837904109204915,0.9632629101325321,1.0230294209719595,0.9987399330269477,1.0160623200079253,1.0217320982463558,1.0,0.1,1.0,0.1,1.0
0.9725749616041159,1.0034597544855093,1.006569316129667,0.9921658154304331,0.9546924845644102,0.9317534966841472,0.9505429843227914,0.9447286328120932,0.9723840624262773,0.9311715797426657,0.9271935244582736,1.0,0.1,1.0,0.1,1.0
0.9737367839988674,0.9732593708583336,0.8617319256034157,0.864334798967379,0.8129956324191403,0.8196637669491198,0.8439789054400678,0.8112145561120123,0.914707808802962,0.9389846884573929,0.9812139687322085,1.0,0.1,1.0,0.1,1.0
1.1993948855065124,1.206372602179326,1.2260962056551996,1.2356033016008254,1.2484467416200427,1.2250906345166108,1.1754696924904515,1.1351717265006127,1.090161152824752,1.0887158612084809,1.0621165065762839,1.0,0.1,1.0,0.1,1.0
0.9421974715194295,0.9425053819458903,0.9231141851009992,0.9211238570886056,0.8726269984564872,0.8884072053723777,0.8800616843550185,0.8197267757133719,0.8632609178298007,0.8362004405065087,0.9224779571816459,1.0,0.1,1.0,0.1,1.0
0.8680626568331348,0.821293132483161,0.8677467611211701,0.8381331482843016,0.876613060281346,0.857482638052126,0.9010343474037281,0.9222173017956166,0.9091968010534459,0.9397992066622537,0.9316790065424203,1.0,0.1,1.0,0.1,1.0
1.1552088644771898,1.1342507327615046,1.1065437116925465,1.1096174963103966,1.0811945135195025,1.0354534309063734,1.0189776811901012,1.0035289978501825,0.9759644629420796,0.9731627810245924,1.0285432133955514,1.0,0.1,1.0,0.1,1.0
0.876310721012121,0.8795394891712973,0.8583159463101833,0.8812412199696584,0.8396028981107263,0.8177639012466287,0.8367958169677254,0.8592444538883575,0.903388713865849,0.9074447268041171,0.9195524626020581,1.0,0.1,1.0,0.1,1.0
0.8578241232312732,0.8777355317130795,0.906830780416917,0.9359289740402112,0.948759643110383,0.9458677203797187,0.9503637358226157,0.9525390327191268,0.9669114349991846,0.968035169366276,0.9490318326087718,1.0,0.1,1.0,0.1,1.0
0.9826665187941059,1.0038403771994295,1.0563395347365916,1.0198852943845238,0.9961624140898238,0.9892544254401295,0.9315383206092865,0.9318195004830253,0.9472776424557201,0.9656433916683902,0.9765394087553709,1.0,0.1,1.0,0.1,1.0
0.8368454556574528,0.8642677233369331,0.8922410247432638,0.898709212687173,0.8588633172139957,0.8644857091563741,0.8816016625252682,0.8481916630349877,0.8836499206628347,0.8594268887876163,0.855834230080832,1.0,0.1,1.0,0.1,1.0
1.0159416824141416,1.0346690003646286,1.0299879850844935,0.990494640290105,0.9678835755289111,0.9891459722851762,1.0343935090181076,0.9731525790012191,0.9919262891554517,0.9605268249935943,0.9906182796790602,1.0,0.1,1.0,0.1,1.0
1.0557039488175086,1.0854705021921194,1.071453397445812,1.0873691095830165,1.0292493891719716,1.02355603457604,1.060401621071249,1.0156956034658335,1.0022780309584276,0.9611372168750428,0.9534407076913692,1.0,0.1,1.0,0.1,1.0
1.0431883650468707,1.0976590416959906,1.1227387123325043,1.1271524180526085,1.1104326751805933,1.0783501299320726,1.0450828393025888,0.9999010527714365,0.9670118754813103,1.0043114462510905,1.0315469235714976,1.0,0.1,1.0,0.1,1.0
0.893929455212696,0.9275711009528275,0.9203511549574951,0.9208463836978361,0.9333125693089859,0.9815946284494902,1.0070535991792249,0.9751388958731593,0.9519891865887856,0.9976170732508138,0.9538694027617208,1.0,0.1,1.0,0.1,1.0
