time_point_1,time_point_2,time_point_3,time_point_4,time_point_5,time_point_6,time_point_7,time_point_8,time_point_9,time_point_10,time_point_11,mu,sigma,theta,dt,T
0.6534699235537744,0.6302305555946894,0.7675245029477205,0.9421767270144287,1.185528453582028,1.0192193624855046,0.9831897693925824,0.7538931805682337,0.6168091315360702,0.6133364573987881,0.3487888271329048,0.5,0.5,1.0,0.1,1.0
-0.09226850794681238,-0.1227318084843855,-0.016434218617057683,-0.04486065273263703,-0.07320323174359138,-0.050446267357699255,-0.10480479838832554,-0.03125985327145765,-0.2877990900212615,-0.5120925716852394,-0.29430385737741543,0.5,0.5,1.0,0.1,1.0
0.8293979626262448,0.9710318045913884,1.0669014697844315,1.2068281631692654,1.1785624929570966,1.477702596450006,1.47810149490941,1.2768300172812261,1.2347461112257714,0.9978365473124982,0.9100440063811265,0.5,0.5,1.0,0.1,1.0
0.7210986522715818,0.825364139087855,0.7605779843437052,0.7471653899886334,0.9885612951706451,1.175128627104302,1.0744333527996528,1.230548379173561,1.2534984855939622,1.1951208553404458,1.076679325769947,0.5,0.5,1.0,0.1,1.0
0.040826725931370565,0.017438403445108067,0.1870001388312519,0.129221438633705,0.2053840980423176,0.2886782067279385,0.33652222372449625,0.5388987191922686,0.16776830714298036,0.14422681080429373,0.16370410172471572,0.5,0.5,1.0,0.1,1.0
0.8621856715470615,0.5312923684023649,0.4135634357403061,0.18362749684538265,0.11512421564872141,-0.013882504909708687,-0.14867972764445658,-0.17448308952926245,-0.13259139963547004,0.0014458518684426491,0.034561535656370476,0.5,0.5,1.0,0.1,1.0
0.783483208098799,0.8310745287366407,0.9345416309792116,0.8877291749466332,0.6291631686739788,0.5754908862096536,0.8295992544392778,0.812958026504173,0.7542411140050528,0.9183859632274812,0.8025553674283363,0.5,0.5,1.0,0.1,1.0
0.22343393115775342,0.14216269210124022,0.212537896146814,0.22924608525774579,0.09549637905321512,0.3505836935233686,0.45905995507145636,0.495242552054585,0.7688560178227195,0.9440945876562465,0.7724265012357201,0.5,0.5,1.0,0.1,1.0
0.9214495555871458,0.8001502880175435,0.7456995996507716,0.7710552222320575,0.6505233744763306,0.6909612007626326,0.5265730234454616,0.40893411130360896,0.1521627775057856,0.21428891443462433,0.1929818988899168,0.5,0.5,1.0,0.1,1.0
1.019031759792597,1.1055236451328223,0.9110339787287857,0.9617156004767693,0.8697682342619059,0.6773821414096244,0.9813343675803745,0.989170136349197,1.0948299738781089,1.1677010347723455,1.0904817026240303,0.5,0.5,1.0,0.1,1.0
0.3343692572236211,0.3341245938976503,0.4370367726491203,0.5869834555529072,0.42249413430021954,0.4198960626387695,0.6312803696016729,0.7875422711188104,0.8751237999086293,0.8417054182452713,1.1324848360823487,0.5,0.5,1.0,0.1,1.0
0.5381059784110194,0.5559919144871331,0.5681970040560602,0.5094217207811824,0.22992559852019412,0.5090083837715489,0.33389684486729504,0.2627477857764137,0.37870370116669794,0.454490674843389,0.3189898963256884,0.5,0.5,1.0,0.1,1.0
0.3877688919476363,0.45409120869653985,0.3638926249381461,0.570034750933562,0.8438807427351045,1.0842772132527139,1.156492275143578,1.081411378357353,0.7866431593992835,1.000547814992442,1.0604714624913936,0.5,0.5,1.0,0.1,1.0
0.5371522692765397,0.6213425884058047,0.6754008580845785,0.9020449023528323,0.9963808158763154,0.9795980289652148,0.9979532579268737,0.7687565249193009,0.8627132571891716,0.59983326942821,0.5909331346531492,0.5,0.5,1.0,0.1,1.0
0.4386892878184887,0.23896099205258078,0.4198438015360398,0.4226889416820414,0.4617998333064708,0.46792248026818983,0.2859432366136818,0.23823871945948993,0.4219732080854459,0.5203580266770994,0.7813745209382105,0.5,0.5,1.0,0.1,1.0
0.5596102700211678,0.5414047518105426,0.43823088812142086,0.46930710776671364,0.48131913931891324,0.6293609103868127,0.5920909380744628,0.5430194799944498,0.6221816253767447,0.8294789898565237,0.7335377263118033,0.5,0.5,1.0,0.1,1.0
0.7140389888206761,0.9126881850025146,0.7303452059265648,0.5795697785830696,0.769268418573528,0.7056693477953784,0.7655379495496752,0.8777259174925672,0.7048906993569851,0.7123134415164254,1.0247830170654548,0.5,0.5,1.0,0.1,1.0
0.9050228065152753,0.9772880847815927,1.0692222608396136,1.0424514226631538,0.7754778363475557,0.6693411211218442,0.8451841878750996,0.8458841540642361,0.6953718598990848,0.5024282875778805,0.6654001101658983,0.5,0.5,1.0,0.1,1.0
0.7060722277192347,0.5046362408753217,0.6315295374066988,0.5995027959547192,0.6771039416951329,0.4811603086439245,0.3502684923043325,0.32599968687396763,0.25971216567733724,0.2612576438548765,0.2650924721641754,0.5,0.5,1.0,0.1,1.0
0.42993403465353053,0.4363571771701057,0.6279855951997182,0.786164939375331,0.33121746757016035,0.22185598883992969,0.3789944415087394,0.6218672289929825,0.4695890346272872,0.5192179502731114,0.6042742651978047,0.5,0.5,1.0,0.1,1.0
-0.16121729133699345,0.1637143133931189,0.27454579324486544,0.579567819479224,0.5938287404034704,0.564826373184331,0.8909243792986432,0.9769365436064743,0.944647321847135,0.8757577443405172,0.6451430841917466,0.5,0.5,1.0,0.1,1.0
-0.07144235194077704,-0.2205071635814217,-0.2866272081510365,-0.3588538269257491,-0.4108061284219128,-0.2100845295499721,-0.22029032418409888,-0.05741280485960554,0.2993598819940045,0.3406183315999439,0.5024161798547944,0.5,0.5,1.0,0.1,1.0
0.5503341866125389,0.5135219288968301,0.4879867465725292,0.3806321160872426,0.44292365529826894,0.21911863239607,0.5238906909541213,0.5759527708788581,0.5980232183401665,0.726779391777393,0.6737015484059874,0.5,0.5,1.0,0.1,1.0
0.24508145834058614,0.2835950968660839,0.09147506224057486,0.1838167738046018,0.40338000854843925,0.4283522984596149,0.562018352009685,0.5197829219780118,0.3151278024995402,0.5589378112121295,0.39186563954210984,0.5,0.5,1.0,0.1,1.0
0.2685619164078004,0.21587796020714445,0.23655328442618329,0.04456279429201529,0.28115524186203505,0.3290051972565607,0.44442105255349934,0.44752025307863835,0.33626431544133384,0.17211343928395934,0.31505886010667267,0.5,0.5,1.0,0.1,1.0
0.31441468750511875,0.4799747294477693,0.3769791530777771,0.3857295047493211,0.45249097451765846,0.47029265157855965,0.36107236281151533,0.3145726588363326,0.2820789226608965,0.24403527496435337,0.36739523963120635,0.5,0.5,1.0,0.1,1.0
0.5767171742598394,0.3870295133094689,0.38798583897833194,0.43092614830409615,0.3787711225316138,0.6453434442999006,0.8382322012770684,0.4637980951779725,0.5144738765801682,0.5536150557733478,0.5142900154613963,0.5,0.5,1.0,0.1,1.0
1.0705198467878838,0.9000054458324656,0.8732681335816944,0.9458795501751671,1.052839899632779,0.8073282668579613,0.975435434717992,1.106908513404966,1.088403263688473,0.9833749233960399,1.1663488264168898,0.5,0.5,1.0,0.1,1.0
0.5719341952024845,0.5192561135208751,0.5067923041767356,0.5591280451793603,0.4611368693886053,0.41276889673151446,0.5653534245960316,0.5232517503684064,0.1870045445500959,0.31499722426816057,0.1278739986022137,0.5,0.5,1.0,0.1,1.0
0.3407069251844293,0.5262507316032734,0.6079831468080599,0.7342203104509161,0.9939849299227128,0.8721865635532519,0.8376345270656843,0.7505122342368713,0.7806407327539879,0.48028465798873055,0.3435357319353154,0.5,0.5,1.0,0.1,1.0
1.0685008825026605,1.0929728658975129,1.1149486912942215,1.1088302105602401,0.922351898890921,0.9622684365113596,0.843189245536459,0.5929268154538725,0.5299701777732001,0.6740845269342696,0.5381253725723917,0.5,0.5,1.0,0.1,1.0
0.29703915120389346,0.2908464096818603,0.4399952942300554,0.2811320418421107,0.10140264402207583,-0.022872935518806065,0.3065817428194041,0.11801165745120956,0.3260956613836209,0.6575928604238218,0.5738459432806131,0.5,0.5,1.0,0.1,1.0
0.1013919633742278,0.1394694469163831,0.10818392555206814,0.44492410713577357,0.7048365838508264,0.6274229118253344,0.7069442970929098,0.5984302979499518,0.7845066375087124,0.7820368924060932,0.7834506094286845,0.5,0.5,1.0,0.1,1.0
0.7380066474815387,0.6641656630498814,0.7490958748897962,0.64543954192297,0.5651846724047951,0.7107697860838751,0.584319356348686,0.7448609861046814,0.7337185706229729,0.7977094462134965,0.9216042766818048,0.5,0.5,1.0,0.1,1.0
0.48297655639456893,0.4725833689976436,0.42091895371849924,0.42366655817534876,0.2137537031780802,0.22963926274585464,0.34681649540776927,0.3935408116012862,0.3519203162731924,0.4282599270980072,0.5075409318799234,0.5,0.5,1.0,0.1,1.0
0.41281643530333595,0.6148650887955212,0.48599763057721596,0.47083835838315286,0.3268766316595567,0.4104021891808762,0.5255874672737632,0.5056826340298827,0.3495067301563549,0.2855509860456213,0.07936646991023491,0.5,0.5,1.0,0.1,1.0
0.7215391495936362,0.36275800128791413,0.46679896966056666,0.45041372980892613,0.45507432896939576,0.43953429211123424,0.24778219778626395,-0.005848624337756458,0.10694644218143304,0.11732341996912532,0.6761949667835196,0.5,0.5,1.0,0.1,1.0
0.6593071997590735,0.7059709806580079,0.7716720265461958,0.6753557620079339,0.7154739548395938,0.7401019974838717,0.5574423490106851,0.5208556269319176,0.35642397792587843,0.5224376745279861,0.6958566036504451,0.5,0.5,1.0,0.1,1.0
0.055993834415092494,0.26096731968924164,0.5903836131857945,0.39120650597361084,0.2853299829890475,0.13843389585326019,0.2671229539580774,0.31991403664358664,0.3380820442500099,0.5546562035013443,0.5554707528025958,0.5,0.5,1.0,0.1,1.0
0.4304331034035432,0.6609276867734926,0.8984726474245325,1.02233805299015,0.9403527532771468,0.7208196199056613,0.6208816823455032,0.43870626798368967,0.1664849388288583,0.34449109471162376,0.4272858683933046,0.5,0.5,1.0,0.1,1.0
0.9857897788596326,1.0294907617001694,0.9979214016719901,0.8363858898727958,0.7704391543356954,0.7538033897217313,0.8048497560506107,0.8169541386363731,0.8909373599487782,1.0474759486657257,0.9940311521464529,0.5,0.5,1.0,0.1,1.0
0.5149349254681405,0.41023370459091413,0.3635737057205792,0.4513236728741222,0.5794924228767698,0.7359497241387533,0.7212013894382133,0.8534213555785367,1.2838209723381706,1.0769420932873277,0.9993795057245951,0.5,0.5,1.0,0.1,1.0
0.1594382909609652,-0.19859142985523337,0.18460076851455878,0.06793430695404065,-0.12374038064922965,0.1375366565554345,0.2862927868777115,0.5654590032365445,0.9031310814739607,0.7749723126970566,0.5552946075950014,0.5,0.5,1.0,0.1,1.0
0.6895172311677166,0.4318921309562923,0.6489282789973739,0.3720723662276539,0.5555141767774547,0.6412527997766854,0.7065898477704474,0.6998001508576588,0.355350073262088,0.2668916167652533,0.15754603314415794,0.5,0.5,1.0,0.1,1.0
0.3380127923363179,0.26445075537012813,0.5518742150108604,0.5186747419565528,0.4846092679515721,0.5204585923151893,0.6444159701933299,0.46549597792390246,0.26336715660522564,0.13787460240251573,-0.1154427414407046,0.5,0.5,1.0,0.1,1.0
0.8814112156401279,1.1631844836080742,1.1625422912359364,1.1645642884827043,1.1460962839624182,0.8640133474393227,0.6778101907401457,0.4556366349877532,0.39628324759091704,0.3799610204124945,0.4768644475358451,0.5,0.5,1.0,0.1,1.0
0.9371686925912563,0.8478296610371054,0.8999700597879292,1.122110493971676,0.8011595407550856,0.9414561331588515,0.8351603302638311,0.8572972014279878,0.7686761771539807,0.6797814797282575,0.7519648620437847,0.5,0.5,1.0,0.1,1.0
0.4203318445265467,0.33558979038688136,0.32620250453763056,0.3139395525606001,0.2606780445692622,0.41560929590554985,0.3981251963427997,0.27026967872097385,0.164065194902082,0.11730860527986896,0.014542182019209787,0.5,0.5,1.0,0.1,1.0
1.1824776243934934,1.2772170278351633,1.27100911757012,1.259337272015992,1.300237412568021,1.365405225798232,1.4657607140692204,1.3488821775351145,1.402577090582281,0.990056064367777,0.909115055043981,0.5,0.5,1.0,0.1,1.0
0.06335929168715292,0.048975682985715654,0.2747270504263894,0.15319927316478768,-0.23878358017147952,-0.4143469167043702,-0.02695567872643695,-0.020126695388230045,-0.17792641322823927,-0.09865016327083954,-0.29629820178023925,0.5,0.5,1.0,0.1,1.0
0.9282475771586172,0.8641646938120721,1.3103633463213966,1.2003225369455264,1.2423746712335055,1.0269438197264695,1.2125289349175725,0.9980369815968163,1.0389151696277077,0.9663756151748475,0.9778938713730441,0.5,0.5,1.0,0.1,1.0
0.3772149011285178,0.5059784902835948,0.705459526777529,0.8737427857531844,0.6453741157664077,0.5977013893094735,0.8043889508907351,0.8598659087627634,1.1378033041291888,1.1543213678495807,1.0589503709171741,0.5,0.5,1.0,0.1,1.0
0.41075497407691985,0.2855240291476814,0.27376019674281243,0.31342734659396443,0.3256528694680998,0.31103685231585965,0.3532454717089596,0.24723347419286987,0.5163521445429231,0.5742751821578765,0.45375122054562783,0.5,0.5,1.0,0.1,1.0
1.0855060415008089,1.0374169598818905,1.300492711985096,1.3280184252402,1.2115996157690199,1.181430304331461,1.1634435577339872,1.0905052939110347,1.1311579931497322,1.0358209456713812,1.0574263251659566,0.5,0.5,1.0,0.1,1.0
0.41644453473398557,0.47171130780579607,0.6140712421580488,0.49352959436976784,0.7398536022393767,0.5636377552397095,0.4323639442420191,0.39108061543692835,0.5890383899769192,0.46104228019806115,0.45880011503548285,0.5,0.5,1.0,0.1,1.0
0.22262010458763265,0.06633732506240927,0.09481568981438326,0.166451577763054,0.503285681511458,0.5981785430454735,0.35068962710762575,0.19497868531178955,0.30294850228283476,0.05321085831357836,0.4895491406082395,0.5,0.5,1.0,0.1,1.0
-0.07653098012838128,0.17724742700732166,-0.008032470848597206,0.18331227183212,0.061301792488630796,-0.07306677634419637,-0.0017930124711097416,0.03216701368825292,0.22730612260019273,0.062113798976701384,0.17090505459260386,0.5,0.5,1.0,0.1,1.0
0.3446360423711754,0.4068049037927134,0.1357376010782989,0.2682865675118272,0.4469728522873095,0.3415306994768196,0.042893254155746796,0.0181557922950457,0.23272496622294706,0.6548772645474459,0.44350289845491964,0.5,0.5,1.0,0.1,1.0
0.3780520873217085,0.4381917615799385,0.5244074997150606,0.8579650241098365,0.8931179483739075,1.0266670213249576,1.1915011555449504,1.4044585356661308,1.3326371165599076,1.219905327351965,1.3110861684472823,0.5,0.5,1.0,0.1,1.0
0.49905323003940866,0.5643200418640462,0.26731690483127657,0.47252674582040755,0.7352998496586391,0.5374698202253623,0.38351937178396067,0.4471629430522528,0.37862094009099745,0.5115857983721305,0.5824267512601322,0.5,0.5,1.0,0.1,1.0
0.9224117472274852,0.6874608626396244,0.7528676244258734,1.0832258251593052,0.969849186135613,0.8723235103901792,0.7363107878511782,0.7149543391418312,0.7451754708724309,0.8368778679674129,0.7721659519095444,0.5,0.5,1.0,0.1,1.0
0.3257034003213162,0.10527545598889682,0.20696195036905202,0.2082121332518881,0.15537699884907333,0.016895336836946606,0.04899725796026704,0.09721608823909239,-0.017660550501849004,0.07987535482686126,0.23316310172634336,0.5,0.5,1.0,0.1,1.0
0.5151059799777213,0.5237782277056997,0.72601262979782,0.696635923418199,0.623722290368932,0.5086593588921398,0.4808253900630063,0.5048209135295787,0.5853781358979586,0.5646572827744605,0.6169961726226881,0.5,0.5,1.0,0.1,1.0
0.45235596188506383,0.4905310021235296,0.3718270572455531,0.3513979527397353,0.5043290660978977,0.4261689968946376,0.3064488216361162,0.4991632737842422,0.5089315976038592,0.2321171239468252,0.10253521672819152,0.5,0.5,1.0,0.1,1.0
0.25844355342330005,0.28585951165089346,-0.04167364338305285,0.032484134058354444,-0.23089435673019776,-0.14775272171129972,-0.1558897198393057,0.1871207697771381,0.19013009097177816,0.03879680337487343,0.1955346951437232,0.5,0.5,1.0,0.1,1.0
0.5288284116730122,0.6263255174532087,0.2728760426878158,0.4485376576963238,0.19150485782029059,0.30368470336602804,0.4130162904891359,0.2765468521019161,0.19721783395011114,0.17200007976494897,0.1641514095576994,0.5,0.5,1.0,0.1,1.0
0.7496541475795879,0.838920778969443,0.9273409330339949,0.8340845271329281,0.6566416887535678,0.5658755380374838,0.6259133082629306,0.6932319907113031,0.5786160876803852,0.772758725565353,0.6457326635427457,0.5,0.5,1.0,0.1,1.0
0.38444216135745096,0.6093975056232583,0.432360776316677,0.7209591844110412,0.7130345292216476,0.78334275502292,0.6033540530168431,0.7109211290853,0.9029779535715152,0.733610808173854,0.7771931289684856,0.5,0.5,1.0,0.1,1.0
0.42433298057845786,0.19659176684236143,0.1936190168786053,0.16506243573647836,0.11558637974681482,0.06104994350396167,-0.11156093449893359,-0.3542354025108945,-0.32570000521042625,-0.33954118073228734,-0.10060685797975083,0.5,0.5,1.0,0.1,1.0
0.699304121501003,0.5838835585618276,0.10727980322177916,-0.00935286963930948,-0.3119991524232271,-0.32120322386089384,-0.6008325042380436,-0.5777179962205679,-0.5119361863484512,-0.5966471152231492,-0.41035672216247376,0.5,0.5,1.0,0.1,1.0
0.10101575795123564,0.2401701477779063,0.06878409922028123,0.1931837598313179,-0.07889865547348471,-0.008164623865841377,0.10637122033079902,-0.08705489683243406,0.3496299868077015,0.24629613204773643,0.1671450350018026,0.5,0.5,1.0,0.1,1.0
-0.06308652280708733,-0.10787355662226952,0.2343606641040138,0.6917695685163383,0.6180965026953897,0.7339614926394593,0.7330864691987026,0.5949420763019938,0.42725645573459325,0.3900722801046429,0.5561947019727734,0.5,0.5,1.0,0.1,1.0
0.562916704479445,0.5826973793265032,0.6265637691742056,0.47652296813492273,0.5193509590240291,0.5190808548172303,0.7135019616334664,0.7169333167175931,0.4866374310567365,0.7173763657284382,0.7845816056693578,0.5,0.5,1.0,0.1,1.0
0.8297206633606309,0.7022088403356698,0.7393098688816083,0.7672671959355057,0.6870852123138268,0.30554107209071085,0.449827681379095,0.5095801933237248,0.40292999900295295,0.212089170931187,0.35072913107652937,0.5,0.5,1.0,0.1,1.0
0.5237777810930972,0.30588881183252636,0.20134806107461445,0.33654894786916206,0.26940507790990753,0.046445869632088355,0.3040702275556391,0.3645549508611642,0.4457334499854223,0.4269002417327684,0.4163303779411733,0.5,0.5,1.0,0.1,1.0
0.3138117114893998,0.4518234144419534,0.6480429463515234,0.38266991958002416,0.2693153313145978,0.26932464713114473,0.17577015376213315,0.15090060234733754,-0.06085667168421896,-0.25652783343458674,-0.22984233345094618,0.5,0.5,1.0,0.1,1.0
-0.17811494637538763,-0.08826116479715926,0.16918140956446276,0.08003649036987735,0.06706807646352884,0.08665090609003429,0.31998786398808965,0.3283888973543459,0.17342919044644367,0.3106328733063452,0.15735783909134365,0.5,0.5,1.0,0.1,1.0
0.578811795607558,0.667474506257857,0.6504433973168772,0.6287859190739228,0.6247861685815164,0.6335389482060115,0.6973829609910204,0.5970507573186695,0.3876367459308774,0.3474930415069309,0.3861700620127145,0.5,0.5,1.0,0.1,1.0
0.945896291846444,1.0179213822596196,1.087695094011033,0.9125005774619215,0.8482509814119671,0.7773837465577867,0.792502724651428,0.5938789971686205,0.6190646652414595,0.5125840867702599,0.5750624733700231,0.5,0.5,1.0,0.1,1.0
0.17556974739039305,0.16222694327917292,0.2888403575774719,0.31122905062980605,0.19200637905623033,0.04309390977818314,0.0010003045737073807,-0.3661499631392389,-0.21685657225682814,0.08601648292666031,0.05857358568835891,0.5,0.5,1.0,0.1,1.0
-0.18428721455598557,-0.1690347313031826,-0.1833981280000867,0.09819789379753957,0.19656186611506318,0.24642764652618881,0.2811847774133204,0.05891231863934296,0.07352650359879323,0.4857439185434863,0.527140610461634,0.5,0.5,1.0,0.1,1.0
0.3289230801527641,0.3154849227710723,0.19100485823251162,0.22690107494497042,0.08520464409612066,0.1697349223751128,0.2960240340771577,0.12732207803509202,0.15084695244921983,0.06204303548126294,0.0017189022094756395,0.5,0.5,1.0,0.1,1.0
0.292266467987903,0.4995443434920887,0.7452914953300188,0.8092428633031242,0.6497256675214202,0.5225562562629025,0.46631703181044026,0.6919067446331739,0.7819662034935637,0.8170410830296869,0.9653705971420266,0.5,0.5,1.0,0.1,1.0
0.40128730700266835,0.46457533375595794,0.686360424613378,0.5813595964624239,0.2138674029000886,0.22487162987659098,0.32584175827675504,0.331747428477701,0.2817538510181351,0.15124198851477383,-0.10367804312062101,0.5,0.5,1.0,0.1,1.0
0.6367813072292533,0.40502501998117135,0.36757586441324186,0.09028926748815597,0.3176832135943727,0.4033161473633615,0.23567153437358265,-0.058507060116168796,0.583673707783925,0.603954529453585,0.43173651084243747,0.5,0.5,1.0,0.1,1.0
0.5309668720008772,0.8285625640838582,0.9070996096324258,0.7110110428987976,0.7820261532318034,0.5665678874056655,0.6563745547295017,0.6108561480529192,0.3527642339643441,0.546602395319255,0.3861084196487076,0.5,0.5,1.0,0.1,1.0
0.8746847542452936,0.9781771362874636,0.867458283347721,0.9596917435942631,0.9196343664483373,0.8913027167839811,0.8561231345446061,0.9739946480519487,0.9418617600278804,0.44361700125505305,0.47285638613150366,0.5,0.5,1.0,0.1,1.0
0.283678625070612,0.46139791438399735,0.4573046187348417,0.31364796105933546,0.4870699824919287,0.5008299732118523,0.5680980546344999,0.3547180471598881,0.3530760715831573,0.11323968484921304,0.0024716618652864952,0.5,0.5,1.0,0.1,1.0
0.41603685718923517,0.3429247618612935,0.3031772830677885,0.3057453908816138,0.5002156584475479,0.3766213421299194,0.25275159490900945,0.3320766508008604,0.5412569511816048,0.6166490822572496,0.5782538701079877,0.5,0.5,1.0,0.1,1.0
-0.052336616077583185,-0.4531333654427996,-0.33890627381286176,-0.49053819982344715,-0.5928019221382712,-0.6012203641047639,-0.7013967344969885,-0.4735968506869088,-0.21913548137821956,-0.1252198224323311,-0.16089692743611372,0.5,0.5,1.0,0.1,1.0
1.0024666697888696,0.6881480606949861,0.6961053914621786,0.8972043050285281,0.8330608057383821,0.7565543312077455,0.8294641801408748,0.6878077746594043,0.4116565523244834,0.5301025834711306,0.46214276902351986,0.5,0.5,1.0,0.1,1.0
0.7257890825466284,0.7785854575064836,0.9816553135798991,0.7341041814235343,0.6893622963625198,0.6257215883018964,0.809016520226313,0.764943055284575,0.5951299266987063,0.4506951491741248,0.5787678443041658,0.5,0.5,1.0,0.1,1.0
1.3445060246524205,0.7728331492078293,0.7525960189725219,0.9973271770944906,1.1111021856775183,1.009567441476363,1.055178254593341,0.7678077193630156,0.7494235993780239,0.9104084887085914,0.9773838649142623,0.5,0.5,1.0,0.1,1.0
0.27411004921661675,0.23928337999402796,0.39611503567440126,0.3699911149344089,0.16952659571162604,0.16793010324529123,0.09477864450353235,0.349389493082506,0.25834390519746364,0.12001190873127243,0.13703587920176327,0.5,0.5,1.0,0.1,1.0
0.29811452409743844,0.3522961399412757,0.36939647388717184,0.5019820881433434,0.31797389994924785,-0.061308653838927085,-0.3651762572280815,-0.1488645160821049,-0.24533956181585642,-0.19217493403606223,-0.07086330474052999,0.5,0.5,1.0,0.1,1.0
0.2719251485030031,0.024501317601190564,0.06320986757512742,0.09998134212870377,0.15189192890676956,0.23258600446839572,0.10221197472924773,0.15040545797436258,0.42147854425886455,0.5125205757244782,0.68130934822716,0.5,0.5,1.0,0.1,1.0
0.2873221580955401,0.16732532984526635,0.46260505855131484,0.37435968002340647,0.31997354081285106,0.4495169064484864,0.23812947730200118,0.12528220986996266,0.15044175151077238,-0.11586997080201214,-0.1991661756902991,0.5,0.5,1.0,0.1,1.0
0.27240845877970177,0.34921561467801443,0.3472494836834749,0.37918033278195024,0.4044099991564396,0.37230395695513474,0.23210754393113198,0.10695420991496629,-0.014393934828242666,-0.08971273273248029,-0.16601849289747614,0.5,0.5,1.0,0.1,1.0
0.768331938361505,0.7984087296412079,0.7933352903118996,0.4729917588257126,0.5544111535225187,0.5323815052786318,0.38489381131273764,0.3406255237200121,0.6412490299949888,0.3762396694217019,0.43828730597262405,0.5,0.5,1.0,0.1,1.0
0.1790151433604495,0.15823806815323369,0.18746844076732821,0.06978270758025712,0.035069734484202794,0.04029727181275743,0.059649561747962404,0.024048569540462444,0.12364952865568055,0.5898420429852445,0.5237647607163123,0.5,0.5,1.0,0.1,1.0
0.6073690975574494,0.6281193692310514,0.43437261594279913,0.38221718314709363,0.49393272191635196,0.3118826289051698,0.549111536171077,0.4778725777784807,0.7431255095406506,0.5630743254061159,0.5412179634142883,0.5,0.5,1.0,0.1,1.0
0.6029702820857434,0.6201836518495553,0.4209183821656714,0.5855203871467392,0.5947790486254566,0.5992145977014876,0.5513626561675984,0.4074894020717851,0.5198276316715821,0.4611893334700719,0.5633480603557227,0.5,0.5,1.0,0.1,1.0
0.9620225516088267,0.9540914995436375,0.45474141761333753,0.5587612367998165,0.6860209695568943,0.8833948377082073,0.7309756002374194,0.6198414552081791,0.483673306552311,0.7408165032077167,0.8934313876254197,0.5,0.5,1.0,0.1,1.0
0.8644501455287877,0.8130183203440795,0.799905490084746,0.646136642679427,0.697797036137349,0.4529864155463537,0.5444018752136854,0.31766630139383856,0.4352574129154024,0.3674129088750148,0.5173910327781076,0.5,0.5,1.0,0.1,1.0
0.343945177833774,0.09575537416324398,0.34593958164449035,0.38233131831522643,0.18961889236956864,0.10276709345950226,0.3713015218717116,0.4369187350760501,0.4959333595173701,0.7181556934619353,0.5689543496040619,0.5,0.5,1.0,0.1,1.0
1.0528517998192901,1.082725645187283,1.0190124386582111,0.9442711967786385,0.8113559608742598,0.7182499486372727,0.42668060799226015,0.4934467626627801,0.5540735128806659,0.4491825953372583,0.46780532976940287,0.5,0.5,1.0,0.1,1.0
0.4192692433929156,0.22132878720141672,0.35794154065848505,0.3256739945660252,0.2421395742097014,0.40586161074154203,0.6941651576472831,0.7268494123054432,0.7029347483222178,0.4552489647456379,0.4652223330372256,0.5,0.5,1.0,0.1,1.0
0.6534135196445159,0.9469881039605301,1.0567158404841752,0.8825137635318077,0.7761332625925526,0.6403296368042593,0.14556380538330538,0.2855665214218942,0.4555729138545482,0.3627566821481566,0.359940860887099,0.5,0.5,1.0,0.1,1.0
-0.3273605006322811,-0.26849193293594475,0.09983114387189856,0.4746918401110341,0.3094703159631721,0.37000906859594684,0.2713025433947155,0.4612030147652979,0.43302628748550615,0.7279006425803725,0.5678300624992267,0.5,0.5,1.0,0.1,1.0
0.059742226680067075,0.14810647504077123,0.11520316445997997,0.5313910551326774,0.6014294878173864,0.6225801607437713,0.7422546918125895,0.9121780640379429,0.8592915560161181,1.0091515107157398,0.8213678591479789,0.5,0.5,1.0,0.1,1.0
0.4403957469386569,0.34986234790469006,0.22523991300153606,0.0924158475707145,0.13328482757325752,0.3112481722736027,0.44654073974316244,0.36728103297424913,0.38785108676828534,0.4650904308218914,0.31094162049266105,0.5,0.5,1.0,0.1,1.0
0.1387787045360296,0.17791769301925153,-0.044267718311754495,0.24031114750591553,0.015607958598881977,0.10602163773083277,0.4795861025456591,0.6554560351180285,0.6212745086476735,0.5391523410455004,0.520789008076727,0.5,0.5,1.0,0.1,1.0
0.15051122839631254,0.24585882650151586,0.6812492276646149,0.6401931521504112,0.5334902057955815,0.8671575130831853,0.8652323436801991,0.7557558259930361,0.8103828287942982,1.0131221412082152,0.9076273366540456,0.5,0.5,1.0,0.1,1.0
0.5606142498696169,0.48779177913552724,0.6027639864802459,0.5893320390027126,0.4232901911861647,0.3088934167371191,0.5077848730521901,0.2934298996805561,0.20186735253783214,0.2419672823806195,0.37416529514378294,0.5,0.5,1.0,0.1,1.0
0.3389323412085623,0.5101855635417973,0.4495746670052891,0.37110825662731517,0.43117132698959904,0.388347892273259,0.518261951754917,0.5795823008442,0.4738160184803575,0.35592430562702665,0.5493718811330502,0.5,0.5,1.0,0.1,1.0
0.9509189111841202,0.8301757491635189,0.6366869961757061,0.31041528354202097,0.18212324136607322,0.01266542442376875,0.23852575368292017,0.4648428104373322,0.43149862145325585,0.6075848641900191,1.0957488248080562,0.5,0.5,1.0,0.1,1.0
0.6745867457900407,0.7050937490052269,0.6058207531923535,0.4514155140259828,0.3811427653161128,0.5072411023290317,0.40083159847411265,0.48792582479622637,0.3715993819351946,0.3891106128296297,0.07647072157934309,0.5,0.5,1.0,0.1,1.0
1.198225662898599,1.1264300563292748,1.1819506891130003,1.4375807627777646,1.349810001013978,1.4223262112222506,1.4618624603932326,1.463122638409576,1.2853032437981884,1.3425217555449875,1.382526607280607,0.5,0.5,1.0,0.1,1.0
0.889884065777442,0.9651285459517335,0.7437206801613679,0.7818729480425399,0.6452262255505028,0.8406349400472379,0.5991560957277963,0.5778765025610071,0.5885483499852882,0.4484298862055237,0.6134716382733464,0.5,0.5,1.0,0.1,1.0
0.30483752642215983,0.3280825988540879,0.226459681842085,0.2191188223646045,-0.032769931062014285,0.0793239886563904,-0.27521018370947614,-0.17697348694754397,-0.14859998376802674,-0.04420449274373751,0.05120568235346511,0.5,0.5,1.0,0.1,1.0
0.007128717531337996,-0.05285485597662269,0.12764579436095289,0.3114716728992071,0.2438444523146466,0.3605870304181326,0.27974983865700165,0.30060191153064186,0.2491656729733181,0.41410011354562504,0.45185267949574554,0.5,0.5,1.0,0.1,1.0
0.12029004254051603,0.43315542131438495,0.41701671896641973,0.45961411903350574,0.5580251670603944,0.4489345676566596,0.5549897493430542,0.5086146978681254,0.24705331897490035,0.29624523218090504,0.05848370114505719,0.5,0.5,1.0,0.1,1.0
0.8864390562816155,0.8115983583463122,0.6231387196759588,0.4972393174409823,0.4675851282023063,0.7550134104948143,0.8136052423159863,0.5467478163251331,0.6598771899363186,0.613971145300739,0.2988921711838292,0.5,0.5,1.0,0.1,1.0
0.464892292778184,0.3193691492902709,0.2735022910170473,0.22503881564466527,0.2190006966269658,0.25331519018263887,0.05081635798117029,-0.24227576946132065,-0.2863388337638044,-0.4217843717776843,-0.4700469858686701,0.5,0.5,1.0,0.1,1.0
0.31368132821878514,0.2487441161769942,0.26990851038705427,0.40237706463757794,0.6335184937809502,0.4963292234510349,0.5540635116970036,0.6593374806340718,0.6376071054701995,0.5923277869981497,0.6831073549512539,0.5,0.5,1.0,0.1,1.0
0.4911648016512298,0.490298712697759,0.6522439573912291,0.7989037158462017,0.7162087792990561,0.7855992819698596,0.5663269315398809,0.461715289098932,0.4797704992104058,0.5902303884467575,0.631984866642856,0.5,0.5,1.0,0.1,1.0
0.33306316168798134,0.6196357447444247,0.5240935328327626,0.6091032157848077,0.697025442733957,0.6022787693779261,0.7118733660734406,0.6746665775266903,0.5069016854012061,0.6799537957229757,0.5631483875387908,0.5,0.5,1.0,0.1,1.0
0.9274868135705082,0.8225501133551152,0.7896382870639569,1.129918801196151,1.031393241218525,0.9075849102840805,1.0379967035592603,0.9101663794331454,0.7946883337170558,0.7170093383305994,0.7336473764202606,0.5,0.5,1.0,0.1,1.0
-0.1697991962029602,-0.1879802525422758,-0.10423128068114548,0.08977890670206995,0.109139886502062,0.2834376245269452,0.48997410747587933,0.6068887099942847,0.5961495380417797,0.3934795928230422,0.1449605065454146,0.5,0.5,1.0,0.1,1.0
0.4914157086768991,0.46426958344702635,0.428839095542196,0.4148987706857008,0.46877300752372314,0.48984858620565297,0.14036814410927184,0.36256034326437614,0.256589359449132,0.15382541444308948,0.31395683279512454,0.5,0.5,1.0,0.1,1.0
0.9580288932729912,0.6997648938241456,0.6257483597282293,0.6972149362989789,0.8224462593655659,0.5633053442490423,0.5029435769507904,0.4845240362539241,0.38379116642400335,0.3494290697837962,0.371413504549587,0.5,0.5,1.0,0.1,1.0
0.9440954054790515,0.9190350985254626,0.7354294950072962,0.6539243278620601,0.8188561281264098,0.8408055975555999,0.5514925607539578,0.2996153915570311,0.4169187472581688,0.2569163530113425,0.3103622029428629,0.5,0.5,1.0,0.1,1.0
-0.009758259837111555,-0.005340889361728718,0.10233309637880716,0.20528127952641254,0.05121034301053362,0.10993651845822262,-0.12457094484582854,0.13881455712291943,0.08665862134453438,-0.08623581784468029,0.1839325636952543,0.5,0.5,1.0,0.1,1.0
0.5301962976899142,0.44767197202623893,0.537359182877044,0.2567567714076975,0.17469708275059992,0.01707226347611082,0.23527275280834353,0.3791063326402024,0.4546028158093147,0.3478784038922925,0.35899417219485535,0.5,0.5,1.0,0.1,1.0
0.8486439765538998,0.8605761469964617,0.7853257546855698,1.062424809397696,1.0827357737693455,1.0123420930848137,0.912861373740744,0.860580058991541,0.5853847828435994,0.767125357499987,0.7914212558651239,0.5,0.5,1.0,0.1,1.0
0.9484672758800425,1.2202022043966871,1.2906155464603761,1.033848077420507,1.059857061150506,1.1374482165646829,1.015427772919983,1.318445458956471,1.3281498702326375,1.1332731412501285,1.0286707927797454,0.5,0.5,1.0,0.1,1.0
0.5932196110710892,0.3878601300713932,0.443953863170553,0.38896291629894664,0.356215459787151,0.27519655436223767,0.2424497656325893,0.00031593382687644667,0.1534576820606872,0.1738144694172468,-0.004585059107333089,0.5,0.5,1.0,0.1,1.0
1.2934103158608146,1.3352664609554656,1.3651068268465933,1.2516524796895403,1.3726673052181755,1.3617282945244096,1.4672587343307042,1.11949679938361,0.9242948410254352,1.066981359586805,1.2997064130553364,0.5,0.5,1.0,0.1,1.0
0.2800490546650128,0.09353102526719922,0.29320711114638254,0.39663025586755074,0.2979553767473439,0.4857105138947331,0.5808963683316081,0.560025209711778,0.6152355373797418,0.4713553221480785,0.47308745102037647,0.5,0.5,1.0,0.1,1.0
0.5637571445398031,0.7850339165391715,0.594688803594434,0.5274796706800073,0.9078786122109905,0.7047210692707944,0.6592032166722848,1.0008540724937511,1.009501064268912,0.8344037809609403,1.1460806242681996,0.5,0.5,1.0,0.1,1.0
0.8749133086115145,0.7643943385138201,0.6422414797553645,0.5590486001159456,0.5888974436053008,0.39545252379974594,0.2791508440182997,0.3275639248426194,0.4690110268142428,0.5526070914096199,0.6186182861757741,0.5,0.5,1.0,0.1,1.0
1.0551958627023283,1.2793377677163307,1.1737006865035657,1.0755292897988702,0.5564034666283875,0.4256308141863699,0.21471633966376136,0.004985212974876169,0.05404662821484342,0.16282571314158356,0.20642790526465798,0.5,0.5,1.0,0.1,1.0
1.2972208194497927,1.1554896737062208,1.0084961960755618,0.8958791680252879,0.8398807132427999,0.7517454197607517,0.8486806869712935,0.45743597785501167,0.324205920144015,0.28519630329566936,0.20414172596405172,0.5,0.5,1.0,0.1,1.0
0.5745631090117455,0.4682873859186393,0.5733026385906227,0.43214311263510274,0.5134030776741105,0.5079465694222512,0.5302159462590541,0.7523126677530997,0.6210769882807798,0.4500787369882481,0.4148633985032646,0.5,0.5,1.0,0.1,1.0
0.4676470165103309,0.6558618971985013,0.699389458916758,0.7976144827917145,0.9822530436072484,1.1190920700057068,0.9112807212699395,1.0186859393499903,0.906607363974211,0.70692559605285,0.7230471720747437,0.5,0.5,1.0,0.1,1.0
0.37893147805883015,0.10631559803476337,0.020426522443900863,0.19665194422837093,0.0561701682638856,0.015509203844256872,0.07078377520840369,0.19631349557644298,0.021008751186272212,-0.14837807921879553,0.15319410576966674,0.5,0.5,1.0,0.1,1.0
0.48467935663608014,0.6084262213549558,0.7698196013974481,0.5950980532944898,0.4038271691894676,0.741551797549449,0.706403934860682,0.5229770287537082,0.3245637339236307,0.08031825573360951,0.24506211391869082,0.5,0.5,1.0,0.1,1.0
0.04631199371128449,0.06409705684160129,0.06843696526053852,-0.09208663570779055,-0.08042257385881629,-0.24501932848666585,-0.12360431083216364,-0.002068324217509611,0.12523038615936313,0.1094106324108553,0.2816040253504911,0.5,0.5,1.0,0.1,1.0
0.10562726401435743,0.2013192595344185,0.4937484305490847,0.1349378911160502,0.15284896296312844,0.11520096788897263,0.09291996550770122,0.19848575988739764,0.4039931074722501,0.21427695307824052,0.2874548030911971,0.5,0.5,1.0,0.1,1.0
1.2440648676106254,1.1584232050784025,1.0392027334904528,0.8992630027634154,0.8780791086182643,0.6071558879535975,0.21648665118247068,0.26356214356682195,0.35891326112712557,0.403559629585086,0.6563126550700749,0.5,0.5,1.0,0.1,1.0
1.1238622748097542,1.073976940585072,0.9949910938432087,0.7830114251720652,0.9015894008509402,0.8982349937203515,0.8346718253242549,0.6722332881453333,0.6969916032361834,0.7388606566390733,0.5265534516300262,0.5,0.5,1.0,0.1,1.0
0.28717096829982564,0.20213206266345396,0.5986955053668159,0.603556097358175,0.39448937732549616,0.42465788076586963,0.7884208161995396,0.9021617633950691,0.6447043492451909,0.58734017532504,0.42912609582062167,0.5,0.5,1.0,0.1,1.0
0.8208436686362169,0.955896901103865,0.825425586848247,1.073872202467723,0.8937284108059707,0.8924933650463879,1.201288259403748,1.2866346858905244,1.0659121665457327,0.9399091104814281,0.9316589905438597,0.5,0.5,1.0,0.1,1.0
0.5176163003440601,0.4883560194155665,0.586824343873623,0.7096865741723809,0.5799294231598778,0.5766056351425359,0.5208783569229203,0.7415392236932963,0.5983631169783572,0.6450637053702636,0.43177677657764457,0.5,0.5,1.0,0.1,1.0
0.5885136978577219,0.7103363023290827,1.0575474293071172,1.1577927298343291,1.1191207722446856,1.2727801106092054,0.9167252192171005,0.7299273305415754,0.8472909130760805,0.6015386408484278,0.9296524277671028,0.5,0.5,1.0,0.1,1.0
0.3477356214904299,0.405174718158785,0.28889179386170843,0.37092114389477054,0.1459404576474715,0.18789199600119746,0.030545168276368967,0.25947864960198364,0.080129257587888,0.22363933599221514,0.22279031196291774,0.5,0.5,1.0,0.1,1.0
0.812813022757184,0.6134206878602008,0.8280504593033429,0.7078874413991397,0.7297782207502508,0.6806671641448455,0.5807358922837871,0.7359038172134975,0.5172889831622076,0.767149077851482,0.927857256500334,0.5,0.5,1.0,0.1,1.0
0.8937418829226638,0.6881920434009158,0.5528925892134584,0.9327961514071679,0.8119285768787543,0.771964754805838,0.7626941052236551,0.68417805962761,0.7856078704553745,0.8123209093171357,0.8462525764272915,0.5,0.5,1.0,0.1,1.0
-0.2782939708815261,-0.30466529826669986,-0.3207243583551427,-0.27597477937792514,-0.05821938810702332,-0.13258782233490563,-0.14454680468947484,-0.16625702823286526,0.3315169306521447,0.22632687605837942,-0.1989987771912362,0.5,0.5,1.0,0.1,1.0
0.11761251578522616,0.2659730158347177,0.28542610643166333,0.36021877460416335,0.50352831238364,0.3640413674773706,0.28733509303959437,0.2128302990796443,-0.004849930595147323,0.04122622353901258,-0.020869594141728315,0.5,0.5,1.0,0.1,1.0
0.557752885543116,0.2992760985750276,0.2523078512888958,0.2609947614647573,0.16477306052636476,-0.09154342985689962,0.051460082227440904,0.008711748713667561,0.3042053060073141,0.2986281581847384,0.07479980915682491,0.5,0.5,1.0,0.1,1.0
0.40060173631997315,0.5809879793311478,0.5906295275903245,0.7290761208197175,0.7244506163488437,0.79076614348209,0.8894222306781193,0.9628321579568043,0.9021485847663516,0.9284357205467895,1.268417940538236,0.5,0.5,1.0,0.1,1.0
0.4040197011117712,0.6758624941973855,0.6270487901940787,0.6762778027301504,0.6067298456779672,0.32720208849574395,0.4372992848333792,0.03462831709358172,0.2485263793183429,0.22220248207692786,0.306817953950193,0.5,0.5,1.0,0.1,1.0
0.23298252135486044,-0.013697379036953783,0.12097587209892813,0.228802368323841,0.30729074937539946,0.33925482441532717,0.38757361583554384,0.30236836455669563,0.5720151388525743,0.4950750531291248,0.49760536233826835,0.5,0.5,1.0,0.1,1.0
0.9628597776119185,1.1270628808436367,0.9090103977396272,0.9441598498959513,0.9612170297231097,0.7718666211705897,0.5916092815403728,0.60687115236881,0.6217547577065028,0.5273583460894575,0.3341900089628519,0.5,0.5,1.0,0.1,1.0
0.5049231833072858,0.3386188031164067,0.36094203366745603,0.1395789332772029,0.02064074707435179,0.14157366288762618,0.23445847861382527,0.24610241052510215,0.35171885751712834,0.08542850209847447,0.15728760601558775,0.5,0.5,1.0,0.1,1.0
0.19936298865932325,0.428659957690927,0.4461872488000035,0.39180418996993455,0.11790790075108731,0.04266179925985443,0.17990206880384274,0.10189332658206325,0.10650180276525499,0.05133621663278401,0.09956550991500021,0.5,0.5,1.0,0.1,1.0
0.011715768810261935,-0.07800479199819388,0.17343429212584563,0.3035472089376441,0.5106460951981381,0.763478101056892,0.5921076380628779,0.7378375752557428,0.8155938395918958,0.7314546989980056,0.485774259905754,0.5,0.5,1.0,0.1,1.0
0.6705253446713263,0.8315273043070136,0.5980431008625366,0.770829986781269,0.7365277697214142,0.77300073040167,0.6659492478545492,0.7390056109248875,0.8000359876368244,0.9363418561097094,0.8121666519881038,0.5,0.5,1.0,0.1,1.0
-0.17543583815195446,-0.1597648847867672,-0.0109690244270529,0.09259387161129953,0.20428752479540369,0.5703721624744842,0.6570049422904416,0.5893219864435566,0.4881150028505772,0.706117600834414,0.5285822929318652,0.5,0.5,1.0,0.1,1.0
1.2664132548541867,1.2960591699470774,1.1515741911242967,0.9875545942248116,0.7179958707526451,0.6381038027837329,0.4693237671063536,0.5965891234293095,0.3994194521504502,0.6482347796780072,0.6539291164179307,0.5,0.5,1.0,0.1,1.0
-0.057209045192503416,0.01613684347843243,-0.012200646429260886,0.07607387058511997,0.05086576478217496,-0.010957519887133976,-0.019540823724480204,-0.10229392163293197,-0.021132172872200764,0.16152249828968354,0.44704768582504684,0.5,0.5,1.0,0.1,1.0
1.3366211999308433,1.114167269963426,1.0800451686771968,1.0524424715615723,1.2488336857150613,0.8975983208946671,0.5945060182713549,0.5876128770392111,0.45273445025837733,0.3574845639900939,0.6044272662732706,0.5,0.5,1.0,0.1,1.0
0.8071582601153975,0.8048243890419411,0.5811293148597027,0.8063365153528306,0.9136067658060372,0.6359536873227987,0.6867840149605562,0.38758951081166815,0.3908058852599383,0.3731854838019977,0.03073108414104858,0.5,0.5,1.0,0.1,1.0
1.1585152517452262,0.8445723711412646,0.9248111009206949,0.6737340430506525,0.7814845393382068,0.5358291061027146,0.398129671231248,0.29835680665232095,0.5976821398180909,0.41624900011099,0.11797125335931802,0.5,0.5,1.0,0.1,1.0
0.2611152567286088,0.20276876478848999,0.36457859347245114,0.5320437300656937,0.5785011813393567,0.5967426314726811,0.10440590496333624,0.13537037603807475,0.043809327317588104,0.013349363836912556,0.034672075254900986,0.5,0.5,1.0,0.1,1.0
-0.43713108166309106,-0.25581418603930833,0.043527609544948526,-0.0016275426481100058,0.07746299585670563,0.19978017327743633,0.26362410771186207,0.09789799188806486,0.10536290457485849,0.2665383241808656,0.29197268877324717,0.5,0.5,1.0,0.1,1.0
1.0117681100292886,0.9365063065049892,1.1059207652644236,0.8142497502641086,0.9445730492722293,0.7868540381036081,0.7591606733960036,0.7137313408131151,0.8423054827960921,0.8254330064901911,0.7468876723742005,0.5,0.5,1.0,0.1,1.0
0.10836032980899195,0.2735161960666617,0.2934022044729974,0.4317514105265814,0.2353539594679485,0.02642322605913064,0.15043583685600298,0.26825923125065726,0.3771654019630467,0.2863879093541857,0.160837911990593,0.5,0.5,1.0,0.1,1.0
0.5049356789815567,0.619089861510196,0.8822386793261532,0.7071732558597571,0.5278502708788668,0.601621295513725,0.6957364495946363,0.5419939839261215,0.5950773354801339,0.4605900727667972,0.5518362108127475,0.5,0.5,1.0,0.1,1.0
0.8095934804248227,0.8707962371919303,0.7977325199695547,0.7015984860306332,0.9295323539600152,0.8703377770886219,0.7517873388290214,0.5631082889821118,0.5443017247321716,0.6661523949164967,0.6837383558998272,0.5,0.5,1.0,0.1,1.0
0.8096240300585347,0.8017633178700722,0.7656058111692984,0.5206588034081525,0.6822545561872124,0.6157398366409864,0.3826775248827321,0.36789768483262003,0.38805853574521637,0.3034565813206213,0.663144171097178,0.5,0.5,1.0,0.1,1.0
1.0601194450758988,1.3193577601730424,1.0647404526768638,1.013369744171048,0.9514037188958955,0.8347120827675533,0.8630258306708539,0.7775269939843242,0.4903538874342573,0.6393805155263581,0.4441176967970992,0.5,0.5,1.0,0.1,1.0
0.41615152237075154,0.33748909440447966,0.09246675211139932,0.0856774847905093,0.19725882696116423,0.0787588430456532,0.23286368743816271,0.3642852505037495,0.3168101733720669,0.4277810716588695,0.5502483217329983,0.5,0.5,1.0,0.1,1.0
0.5884794050172333,0.7285757664077727,0.696262631598727,0.6569833325333103,0.7127613887680033,0.8912888493138188,0.6342626606130408,0.6510660419107103,0.5251430007267147,0.35930274525618966,0.27773588829360074,0.5,0.5,1.0,0.1,1.0
0.4728611784919967,0.35906048500970744,0.4815488995591678,0.5548388847005044,0.5086228473607581,0.7340649111653801,0.6021064474363654,0.5859944077488665,0.5099241771614968,0.6761379646400595,0.8530956162758601,0.5,0.5,1.0,0.1,1.0
1.0794927868730702,1.1683653512111216,1.2091468563556251,1.262467873746751,0.9574757432805517,0.8138044880434372,0.929762805438243,0.7059423734079727,0.7588394047488923,0.6138146529182453,0.6493976135918496,0.5,0.5,1.0,0.1,1.0
0.49734866077407314,0.5501493282310538,0.7343147546326938,0.652947888044626,0.7275786472777802,0.9582580037062488,1.1734792350974876,1.0678643059356223,0.9978321198713846,0.9948957542209229,1.0512220753532597,0.5,0.5,1.0,0.1,1.0
0.41879394361110966,0.24785882998595166,0.12899211006515574,0.19748042937253363,-0.05866258416221004,-0.3204091729009655,-0.28198207030171135,-0.2589806340720343,-0.34596456615792126,-0.37396525362744726,-0.2270302777976988,0.5,0.5,1.0,0.1,1.0
1.1891386595619502,1.1794850764009697,1.4677303062710467,1.2459171475735547,1.2373318179378938,1.2313625088246964,0.9705864605925942,0.8657383993009563,0.6517032260351735,0.5918355938157849,0.5939065070442429,0.5,0.5,1.0,0.1,1.0
0.22221524896916664,0.1411410189053645,0.14628383833810266,-0.08387648801790776,0.10614089669951447,0.24582341528538687,0.43167693542628593,0.48419944759763667,0.5846376676119401,0.4641443529706882,0.6505945551723584,0.5,0.5,1.0,0.1,1.0
0.5437468333657908,0.5548085151445283,0.43414779784009283,0.4784110262590203,0.34447669037587747,0.38995867450635513,0.3633487913092639,0.29050723845614523,0.08456862841022386,-0.16650893910163037,-0.15267123500605811,0.5,0.5,1.0,0.1,1.0
0.5368462094777423,0.5405784452105732,0.5665688061530962,0.6731111284522446,0.7172038743777582,0.6058266539342456,0.4952720290777118,0.4048763338202398,0.4387856026130693,0.5841351585459204,0.8496409207106059,0.5,0.5,1.0,0.1,1.0
0.14296629405496042,0.2938542083052577,0.38634134029695993,0.39166790918674216,0.3780655539217778,0.36518264652631266,0.30754933829786407,0.07956397182814445,-0.05354128781770581,-0.1578546061451828,0.04374897559153522,0.5,0.5,1.0,0.1,1.0
0.6443581097970247,0.8965341099034324,0.5380682666371279,0.6080347762970274,0.7498746091593541,0.8808125125469002,0.7040588149205869,0.797328691110306,0.6638885037813927,0.561129313046951,0.6665536661511603,0.5,0.5,1.0,0.1,1.0
1.208065068680142,1.0861281705371622,1.1903303564469443,1.035619388119747,1.0038875544207875,1.0808319649219968,1.039742790312789,0.9905572859618677,1.1708377936550192,0.9805516636941244,0.8209631855024535,0.5,0.5,1.0,0.1,1.0
0.2805935144892423,0.4345719191454138,0.3321059231928816,0.14587763583696173,0.19911308209613846,0.5450168294557751,0.6408602751560152,0.7161975847930361,0.7988846426106897,0.6904890503894601,1.0215976843808168,0.5,0.5,1.0,0.1,1.0
0.7437273727225397,0.6469413599504177,0.5738505727808183,0.7158620180297849,0.6251918165011777,0.5317873122695724,0.4895011686825046,0.4229423767387093,0.5532162640506673,0.4961698270535876,0.5193379611520882,0.5,0.5,1.0,0.1,1.0
0.07842697797540506,0.03385334104464821,0.21811663916735433,0.3487348896072644,0.36359493876867655,0.36584296428763413,0.5126888480386473,0.44324549310396505,0.6439591567491174,0.6560947098532679,0.4039738793636969,0.5,0.5,1.0,0.1,1.0
0.3377247889992053,0.41013044874127613,0.5709159251325564,0.5639517730507307,0.3983059760437194,0.47010009541202497,0.7281549018672082,0.7801855617600426,0.8064464806004232,0.9939539416405555,0.9762065661017267,0.5,0.5,1.0,0.1,1.0
0.38094098680213007,0.5314885825514212,0.46849551568121545,0.3075197680706655,0.5286874727216502,0.36254247481875324,0.2963036041004379,0.40510580567322996,0.39727125461522417,0.40690291835136183,0.22453682345162468,0.5,0.5,1.0,0.1,1.0
0.5576788587842815,0.6396760680555451,0.28763964400554776,0.33227819025618105,0.5960804316195117,0.497983904170686,0.5641314255901109,0.3329786860735723,0.2476252675866381,0.14100481740195847,0.17805779198432511,0.5,0.5,1.0,0.1,1.0
1.175135855692464,0.9980215645434278,1.050210292579526,0.9631184842736736,0.8404516680660675,0.6281697583912447,0.9162077417059252,0.7673245341129105,0.5191958865245028,0.4385081779418141,0.38734970005534985,0.5,0.5,1.0,0.1,1.0
1.1092323136216233,1.2620140637553847,1.2459683805649857,1.2840212732852678,1.19137332951711,1.0423665582883859,1.019168548395328,0.9931591851194438,0.7362825655235612,0.6453710214635285,0.6886526526449661,0.5,0.5,1.0,0.1,1.0
0.7389650766963503,0.5233164222685168,0.5082313692424452,0.43747229250938474,0.5883860123936657,0.6012314305936757,0.6398008184439262,0.4242116571707918,0.26224744994030286,0.3224958412351343,0.369204559783932,0.5,0.5,1.0,0.1,1.0
0.7376901346495801,0.8162901778092574,0.7767147788247113,0.532434616670287,0.3859840288387131,0.6957875082942011,0.7821442307191984,0.6310417128062311,0.3274119630284703,0.5018822230340186,0.6377012152609707,0.5,0.5,1.0,0.1,1.0
0.5988374021720616,0.5202920110799494,0.4261166970065257,0.5343116930481556,0.9166962182557401,0.9037579514050433,0.6909360132213916,0.7333924858936147,0.6903427087080632,0.6706092650703065,0.5769798747810387,0.5,0.5,1.0,0.1,1.0
0.17026433978007652,0.36505729966627304,-0.007695109680050993,0.17884423945856268,0.2660063167813685,0.08643419144417466,0.21572219367315637,0.2739591233001648,0.44072439758724713,0.6877601693589483,0.6105959501627078,0.5,0.5,1.0,0.1,1.0
0.7545315461935581,0.6852935481859116,0.5238029393415984,0.4493233996256894,0.3917922907050997,0.26526564611029047,0.39176845061211074,0.15501626708516103,0.11522850838849191,0.24250421931995475,0.14814063407354724,0.5,0.5,1.0,0.1,1.0
-0.0002434613872459771,-0.0917390679996222,-0.22438928726881835,-0.11036506703658287,0.043856963229951806,0.18996251126416813,0.23724155888985693,0.35350285882652854,0.2947104219163044,0.21653934189692942,0.20829235004824673,0.5,0.5,1.0,0.1,1.0
0.22250291415137097,0.41674036294667305,0.5839300407851173,0.8164876588252913,0.9298265792250995,0.838736473413443,0.705855445960602,0.33442364099221705,0.6008454416931813,0.6601069815929694,0.6914997803695675,0.5,0.5,1.0,0.1,1.0
0.7352734259040348,0.9710663776049809,1.01526437623325,0.8297751965106324,0.8426866848330797,0.7313579138708053,0.4339674145696388,0.52044403875943,0.5893163193194001,0.7828320288636231,0.7321934984687464,0.5,0.5,1.0,0.1,1.0
-0.15363257072522862,-0.11253346086574742,-0.13476629791324496,-0.06809562463370701,0.052938003789747896,0.11692439090828652,0.04859481255611241,-0.08018826016820853,-0.32433307549117596,-0.4659931807055544,-0.7389980805546009,0.5,0.5,1.0,0.1,1.0
0.7382094245623174,0.6416872529264361,0.7409934772495577,0.9022755335604535,0.7826728238255686,0.35698191420903,0.316883182322482,0.39263512475403806,0.6434064223941187,0.7780168753628562,0.8264734620997036,0.5,0.5,1.0,0.1,1.0
0.46322985238009295,0.5035869274124689,0.4315592515440596,0.5536317917196021,0.44108061062692433,0.4488744120946755,0.5716116125844458,0.6686207496596787,0.6400430728110444,0.6539423253121097,0.6614219798924109,0.5,0.5,1.0,0.1,1.0
0.398729788721613,0.25943789363128555,-0.03193745129234343,0.0029251504967101084,-0.13611061304882455,-0.2841897265682502,-0.45157231188576136,-0.3583804024023475,-0.22285389933592212,0.001580940084421334,-0.1380572239354773,0.5,0.5,1.0,0.1,1.0
0.8586563232466691,0.7586439063585994,0.6562972413912315,0.3206731095836252,0.18175166943711818,0.14939254798720464,0.18021262132649368,0.0008166389301915988,0.12172612792496552,-0.05298219404662291,-0.15049612682151683,0.5,0.5,1.0,0.1,1.0
0.18072065255137731,0.16636215908223992,0.473356389256411,0.376610842667905,0.5941290929529516,0.6047349217629507,0.5255336360365127,0.5727888314942428,0.6405568211962067,0.9848595736149,1.0277915058784532,0.5,0.5,1.0,0.1,1.0
1.0276289067148399,0.7658246219764762,0.9152818676145258,0.9506625875157041,0.6571082130026797,0.7732545169309617,0.9456827476636583,1.0207484984675594,0.8681427675121386,0.5375937195979688,0.564359416068558,0.5,0.5,1.0,0.1,1.0
1.2808896448932083,1.1916876408593642,1.0936657060403374,0.9343233440110821,1.209258033244888,1.3267853296595438,1.4654458013929792,1.4580778261773042,1.1595695584512478,1.054479737024718,1.0668783673493583,0.5,0.5,1.0,0.1,1.0
0.7334745229687484,0.7340429797057143,0.9544509395354197,0.8478374625854512,0.7582916589898125,1.0126428803087282,1.0624641071298309,0.9557577143376687,0.8309855126461504,1.0262500367410912,1.0092741472295172,0.5,0.5,1.0,0.1,1.0
0.681556131546582,0.7886995761336788,0.7371798994183124,0.7523935246714024,0.8901681763311661,1.0187466013907498,0.9718169279850162,0.9544248556326822,0.7003900434590942,0.7111054888777225,0.663491484797832,0.5,0.5,1.0,0.1,1.0
0.3720233054715324,0.6935848030614653,0.4833559749920159,0.21796440937300116,0.42300414159419786,0.22424711308881692,0.2272511144072925,0.25137266728534186,0.28744017236192493,0.09481135665676729,-0.06221149402293624,0.5,0.5,1.0,0.1,1.0
0.254285197366781,0.30093626311664873,0.5670226458684284,0.6629242541822646,0.5008754732087914,0.41271311803429955,0.3322896064315276,0.23669916342335548,0.37320355054216314,0.5902168580403148,0.48838821480378036,0.5,0.5,1.0,0.1,1.0
0.293090745980566,0.2939250672287948,-0.09247178126573136,-0.12482464061619664,-0.08621858142230437,-0.0923615558308609,-0.06405226018671684,0.11410992751181817,-0.20105319643396471,-0.1119967131651753,0.35909439914656627,0.5,0.5,1.0,0.1,1.0
0.8283476045455003,0.6378239509804404,0.9628577678234569,0.8336246308931239,0.9100740495013377,0.8120303377874599,0.91581629850365,0.3996210503911037,0.4227536515644086,0.6633387332187133,0.5344072672346801,0.5,0.5,1.0,0.1,1.0
0.7004882017125337,0.8150637587530201,0.4000812728214877,0.5081572409755091,0.26666518702510666,0.7019631513359339,0.6173983444185742,0.29443870065160255,0.3749972783572546,0.3687796015556657,0.4375111400430826,0.5,0.5,1.0,0.1,1.0
0.5504086155696004,0.7174535624738547,0.5537853955601434,0.6330273997890385,0.23968750439198078,0.208909860550538,0.027789961652141842,-0.0789605521794226,-0.22529952073149154,0.2191954860299442,0.22114500061301354,0.5,0.5,1.0,0.1,1.0
0.32059397594039857,-0.03919134089605919,-0.08866127727043044,-0.03654830232091186,0.18504134839216566,0.43376533929928884,0.4159455364333101,0.608595481072321,0.42354360200518215,0.7118783284251329,0.7350673899885766,0.5,0.5,1.0,0.1,1.0
0.33025757164154124,0.28128000779122186,0.27981511159011363,0.21060273402536817,0.25702106519495255,0.3532228129461099,0.4834130472984593,0.5330986064696319,0.6337527872126405,0.48958046780011966,0.47950135198166044,0.5,0.5,1.0,0.1,1.0
-0.5643838080780617,-0.22665244204431298,-0.15744568700839423,-0.1892085871309744,0.22442730706252798,0.16989972607310497,0.27340632295034123,0.3084667973146935,0.4324390737040285,0.3875725817808794,0.5470279552278172,0.5,0.5,1.0,0.1,1.0
0.4760891027161952,0.4687597190441267,0.49604462152074713,0.6161790834020502,0.6340194448863038,0.6618449050394652,0.6885214300579859,0.5459694217339041,0.7547645368586067,0.7617623905632559,0.8177021948383703,0.5,0.5,1.0,0.1,1.0
0.3202469132001924,0.43321947907742897,0.558677885512346,0.599244986743821,0.36934816274439297,0.29169580419956237,0.4644465397594997,0.5247209326777544,0.6263231803963057,0.6702297407883269,0.6207518624517928,0.5,0.5,1.0,0.1,1.0
0.8549888916623501,0.7926207534923663,0.7323734067709201,0.8382930288698567,0.8330336515730089,0.771636460109771,0.6263592311416722,0.478257055337028,0.3295218275298427,0.6640150193747503,0.4752660964991074,0.5,0.5,1.0,0.1,1.0
0.17196069018157234,-0.08482744035768897,-3.1790871766690376e-5,0.18720023197175864,0.23579763041391782,0.1606346313229293,0.07936375847579963,0.25407531730297506,0.5087934545046822,0.8006405689855527,0.5942087755682147,0.5,0.5,1.0,0.1,1.0
0.2920420730211301,0.19997522500580228,0.549158314186392,0.5104871130536023,0.5179923655118437,0.5848192862104357,0.18954636888445803,0.15953009183009437,0.015905962680125896,0.0017763674731836043,0.30079473007877267,0.5,0.5,1.0,0.1,1.0
0.21043716694062287,0.3183499178924774,0.14672039042518334,0.21353146902736925,0.25419241491101235,0.4429543972022034,0.3230938311378273,0.3853802618354168,0.33581659818103277,0.239236368389663,0.18536678816883256,0.5,0.5,1.0,0.1,1.0
0.9214936375368755,0.7307069653210805,0.6323562070821988,0.48822779125827065,0.6102858842429825,0.7092959072740042,0.519372733705737,0.5311593139667244,0.28685383148863375,0.42369457594305926,0.3537927102783651,0.5,0.5,1.0,0.1,1.0
0.9911225368789882,1.0484980740695231,1.0528971339409487,0.9041085851469989,0.5985968651557558,0.6379889933523125,0.748234227435943,0.4115644927306842,0.27530592587916014,0.3129845938437982,0.6242784564264774,0.5,0.5,1.0,0.1,1.0
0.4549056011818056,0.14144461338947845,0.03303115670596793,0.06788770705011,-0.09167525706691537,-0.09630365586819233,0.17196903267620864,0.11600326090131782,0.20000929978489598,0.2726189006327146,0.13717860596145928,0.5,0.5,1.0,0.1,1.0
0.5768619150734197,0.8956602107150533,0.7883188231906253,0.9644637808754738,0.9217113075037598,0.572955322426729,0.29697320814126454,0.4686553163011119,0.6708740584648657,0.4427629413120099,0.40117530034481197,0.5,0.5,1.0,0.1,1.0
1.1446501741234587,1.130812470561356,0.9316162672636286,0.9366827254687435,1.012664991174892,0.7815211126527336,0.698531951710434,0.5110405624217607,0.4594479601730113,0.4974513888614957,0.5404056181554961,0.5,0.5,1.0,0.1,1.0
0.573745441651517,0.38401843955313636,0.41105141106694437,0.31387521631624515,0.07937674015651575,0.12448730412181065,0.022463416538954423,0.23729169797215885,-0.03650732220991776,-0.2260056666935425,-0.2701844290681793,0.5,0.5,1.0,0.1,1.0
0.6450940676653033,0.8312114788936988,1.0044377984000012,0.8119085432809698,0.9292494828806852,0.6265731929977002,0.7883996070850481,0.5501726051750373,0.605788874932186,0.7795731625126239,0.8498653864712127,0.5,0.5,1.0,0.1,1.0
0.3073588321575875,0.2275725696442777,0.18299041803252664,0.05667959913505008,-0.06661662717752559,0.21707241744353367,0.15467399128531265,-0.10274463881533491,-0.055030040569694114,-0.06276996995836967,-0.07849028854716689,0.5,0.5,1.0,0.1,1.0
0.37639655391363036,0.3813533477880329,0.2437477258273953,0.1715404614682891,0.15719858995360866,0.07854731014055139,-0.0016254071012617027,0.24983840025551707,0.12526015475251936,0.1512244173713661,0.2244738663297743,0.5,0.5,1.0,0.1,1.0
0.1390865366256856,0.09802500513044236,0.4459367419179633,0.5016468258499787,0.5658880797443924,0.7592040530436888,0.6383025648366772,0.6113308128334884,0.3947491555535987,0.3598861795995344,0.3096793932106816,0.5,0.5,1.0,0.1,1.0
0.7645577614170406,0.7461522659175768,0.8241968536798621,1.0906902860191592,0.9498884754866366,0.7727004487248732,0.6658818293045139,0.6954659984396243,0.518274331056888,0.5511385549981843,0.4644381783176707,0.5,0.5,1.0,0.1,1.0
0.5652630555631211,0.33693642392980355,0.3448138354146939,0.30284523935164215,0.47586265443470865,0.6314818229895292,0.6257373959944623,0.8138800985473938,0.7759051904390901,0.8445379333896057,0.8407728833520557,0.5,0.5,1.0,0.1,1.0
0.6868270471415976,0.804377624800933,0.6149764835652682,0.7304544868162499,0.7709872208601285,0.6190943811279449,0.8696837586988775,0.6855724936713523,1.0790556015805437,0.9222785291989835,1.326163879397766,0.5,0.5,1.0,0.1,1.0
-0.03323976150680551,0.47135748096946034,0.17617420699871916,0.23037590763046786,0.03402442557240759,0.3474981696747784,0.290006934912987,0.18578429949051165,0.3323231643840766,0.4727847478382573,0.4839162845553511,0.5,0.5,1.0,0.1,1.0
0.4797603842912013,0.7892469492590775,0.8262032299061725,0.7587524505318631,0.589876519654304,0.6418670421210853,0.3751986748231429,0.43212026808617776,0.6965812281965621,0.5264241833114598,0.5535284626425416,0.5,0.5,1.0,0.1,1.0
0.334421352727444,0.2340769376872699,-0.015030986991801887,-0.012744763818511605,0.12212227145380927,0.444159690991211,0.1981278048148884,0.20208036172717625,-0.019935613921375384,0.09171087497943858,0.19702645840579236,0.5,0.5,1.0,0.1,1.0
0.48344753050821865,0.2974454518849693,0.12633559968689517,0.25919018711584974,0.35391765895483673,0.31007919501014075,0.7094138567943831,0.639726376731112,1.1587544253334272,1.1934105256587242,0.9912169625687985,0.5,0.5,1.0,0.1,1.0
0.08063291887602665,0.009702479931898877,0.3543829650561343,0.37623243862065553,0.3348824365959506,0.13637127854511114,-0.13258858828844525,0.04464160944818417,0.21548626177283592,0.2020254427645773,0.31876132787910905,0.5,0.5,1.0,0.1,1.0
0.6842558996587563,0.6789165957586033,0.6225918070830427,0.6251580510821554,0.8001329981795461,0.625201939738775,0.43309456677396474,0.5388192089190373,0.5563310026921509,0.5246392102185287,0.7183599213151476,0.5,0.5,1.0,0.1,1.0
-0.00638316768174696,0.1409945060760099,0.035908636570567865,0.29032101942899613,0.5295652742403513,0.5736883936175651,0.7284931845117267,0.9245822947762166,1.1455396656777066,1.276989048000588,0.8344070509920075,0.5,0.5,1.0,0.1,1.0
0.3601908007682046,0.43192792694191984,0.26784076045475264,0.5705495992225498,0.6583992236620022,0.5402762432666488,0.7051212625526727,0.5872667622873731,0.8840993880941992,0.7563416326353465,0.7450135508022097,0.5,0.5,1.0,0.1,1.0
0.13801399189157473,0.12056461763122948,0.35266921957002173,-0.017696973990281584,0.15559321027323914,0.13960416434854525,0.10091354134957893,0.26907908061901886,0.443819114133333,0.4343802396027745,0.4057059378408793,0.5,0.5,1.0,0.1,1.0
0.5939284874377895,0.5371422300476503,0.35087810666406904,0.26839110967084223,0.021818686184973846,0.2927773087354695,0.32528218485076604,0.2422626375533474,0.2435838484288569,0.35823809211361496,0.4319073527305572,0.5,0.5,1.0,0.1,1.0
1.1770924554078626,1.1200399225617406,1.0886114737123427,0.9773891552231984,0.9665940394718626,0.7027004171567198,0.8448681526429455,0.8942310681236656,0.9748652558622098,1.1203333958988542,1.115313247935287,0.5,0.5,1.0,0.1,1.0
0.36480849037007457,0.3449126801230817,0.06329237098474888,0.3362762611262434,0.419666848462097,0.5411382432241524,0.6629388656674782,0.557531576025046,0.359172123747715,0.29215916448715895,0.399685960652183,0.5,0.5,1.0,0.1,1.0
0.915551161386218,0.9750421993281364,0.7810660825940918,0.6616341172979487,0.4533620999136777,0.1813929217982514,0.2069368540804176,-0.021729943060249057,0.1353046678731234,0.44067226881221533,0.5320821945748944,0.5,0.5,1.0,0.1,1.0
0.7543244471102574,0.6603922662621242,0.5987467198781857,0.676729256607336,0.5655535144341799,0.5762718969238602,0.962063338140622,0.6753171359545542,0.6995055939018261,0.6474092482849015,0.697671712812116,0.5,0.5,1.0,0.1,1.0
0.48864969684883747,0.82194158194648,0.7992720479530334,0.8351168799966252,0.9827327998159487,0.8322458778777616,0.9768981927899715,1.109548121829222,1.1168327543530128,1.3083622021301764,1.4229096453250563,0.5,0.5,1.0,0.1,1.0
0.5575859001693255,0.41422486724276386,0.2357352801707154,0.10125216479254628,0.2365547620944339,0.1446145161139792,0.31518445363198955,0.11495149657457598,-0.036013655517903254,0.12121451618120754,0.20178431100970215,0.5,0.5,1.0,0.1,1.0
0.21107719219240487,0.5278594460783831,0.4401270979948631,0.4600843820196311,0.4606273912634753,0.837893293449502,0.9252183093495923,0.8256861389494297,0.8223305701987684,0.7288332346888176,0.6299769782476312,0.5,0.5,1.0,0.1,1.0
0.9848011544565399,0.7566197342907965,0.5488531968391821,0.1665692602847088,0.18959622123847175,0.2560389386287293,0.30574079954806777,0.35548511062007915,0.4493554716213999,0.45441854900100875,0.5240407385410865,0.5,0.5,1.0,0.1,1.0
0.6194168233916537,0.5268612704793807,0.5623078105092235,0.5407530608337255,0.6097162262977317,0.46400026113856396,0.4941824161295247,0.9445301793151522,0.7272296897643896,0.4605540124949358,0.7779013480644337,0.5,0.5,1.0,0.1,1.0
-0.08967490778282342,-0.13211124142036917,-0.020997832171027173,-0.1420992259174577,-0.10748175958389425,0.10111607526189878,0.18097398037289925,0.1688651819586496,0.3353483768817329,0.47115129153159824,0.3656528921428528,0.5,0.5,1.0,0.1,1.0
0.5163902346186979,0.3484280414319443,0.45764072072370454,0.41109130189931936,0.3586610833884464,0.4501659257197222,0.4553333539125776,0.6825589062658668,0.6758132349645707,0.5341151397872814,0.3659517587812849,0.5,0.5,1.0,0.1,1.0
0.5723268075633579,0.7339232332174637,0.6681987652469444,0.6047485163621148,0.5562025865068125,0.6535105652263802,0.23854519410478964,0.4510458082884734,0.3655355189595393,0.65929943121277,0.7004984139149784,0.5,0.5,1.0,0.1,1.0
0.43083831218815055,0.6657568245040868,0.5100549867960746,0.5668758476206335,0.4597578902689017,0.38968329912196514,0.44694958621237235,0.4172372703240996,0.3058910301338803,0.19075343320304763,0.37853170686194815,0.5,0.5,1.0,0.1,1.0
0.2195993911590031,0.08574435994391577,0.14774373738176336,0.13046949768431987,0.05675094965465162,0.001867714790644695,0.08563027839556471,0.1713332568400667,-0.055767511214799365,-0.10793373932780331,-0.06455176318651126,0.5,0.5,1.0,0.1,1.0
0.06683207501725832,-0.09685945003046936,-0.1632053639389819,-0.38658359597492725,-0.36073757514728866,0.0738170096858145,0.021807665902203274,-0.30258436834957386,0.01939195994723475,-0.0857149026648485,-0.02658859360744915,0.5,0.5,1.0,0.1,1.0
-0.10425704720143357,0.07957096189477196,-0.025140071563198765,-0.048881150663943426,-0.20606732541969922,-0.3406797910322531,-0.20597165816380855,-0.2974055191708969,-0.2912238349414756,-0.13640833765889254,-0.05948988890198072,0.5,0.5,1.0,0.1,1.0
0.4145687314768656,0.47799082848488245,0.461651868401083,0.40215104949071484,0.6986706492080026,0.9538603275380562,0.959642572948891,0.9879247106968745,0.90586802311598,1.0904314882642097,0.9003720099443548,0.5,0.5,1.0,0.1,1.0
0.28174445449292274,0.5535311321119314,0.18586036284140617,0.02442072179631588,-0.020381063611678255,0.21925855203937394,0.31134273286049596,0.25717512055173963,0.3764077586368597,0.5229818943738747,0.7073370587197422,0.5,0.5,1.0,0.1,1.0
0.5700003463859248,0.4855761488347904,0.7377962586623664,0.92238799308299,1.1734101093024334,1.2827075115406843,1.0134512132950004,1.0178332139939146,1.220933156401356,1.182332880624352,1.178696163162129,0.5,0.5,1.0,0.1,1.0
0.3280481417236916,0.34810264961514387,0.23556319334960743,-0.03704955645056579,0.011248127564297088,0.2677635446112953,0.04465271837055648,-0.08514878695509576,0.3868174864972015,0.40245843054104985,0.4406991854035047,0.5,0.5,1.0,0.1,1.0
0.8819129520487297,0.7031892866639853,0.7069794839723926,0.8096321827670894,0.7031317788535265,0.6839203580189793,0.8197499621703,0.7486395500868106,0.7163541866937182,0.6006292021635428,0.5285017678576898,0.5,0.5,1.0,0.1,1.0
0.48190862618555524,0.4395723512452539,0.5336416534770086,0.4127821227157262,0.6742342996398077,1.1245034218360324,1.3372555461718154,1.1938034905902524,1.2809587284344066,1.1623244549528613,1.0762961118449235,0.5,0.5,1.0,0.1,1.0
0.58333777989826,0.4905118527645139,0.5858229022247126,0.5655239549309771,0.7294735864618989,0.506660455702134,0.16300456069949598,-0.055696525053140405,-0.15247529018950737,0.08141063993551369,0.09423149116917481,0.5,0.5,1.0,0.1,1.0
0.31491672885748884,0.500853823726945,0.4956999683043907,0.7547362002352732,0.845867914434866,0.9127523281895965,0.7910155806109278,0.6252933025403712,0.48582222211121273,0.2929160146030889,0.6262351795926206,0.5,0.5,1.0,0.1,1.0
0.27063829982415566,-0.04483070164902758,0.2238891637160424,0.4353206821588618,0.18773602674622053,0.4883372428148516,0.43230132538125365,0.39920251737888823,0.5840680633311282,0.6377734825017894,0.9294787422487429,0.5,0.5,1.0,0.1,1.0
-0.1329864847269218,-0.001008819130832006,0.09775247558534517,0.18816021751229414,0.33031320616132487,0.3479586958049783,0.25610826213013754,0.389035356472257,0.570849943741025,0.587710755969059,0.22107989096000574,0.5,0.5,1.0,0.1,1.0
1.2765039698182634,1.3247017423782266,1.2757922096056593,1.0977536538781831,1.1348242738678274,1.1157779419854188,1.062047313635133,0.9842464709025494,1.012489943103862,0.9120200257651304,0.8784104193631354,0.5,0.5,1.0,0.1,1.0
0.21488000828572246,0.09663706671558656,0.2823027070181072,-0.16135771963272982,0.08896611515729726,0.18519295768639868,0.5602283518403954,0.5902794474639463,0.6574613903574168,0.9512729650360078,0.7723648415337208,0.5,0.5,1.0,0.1,1.0
0.5031450407233785,0.1019699873990102,-0.06054866355801075,0.13670077862684507,0.4482361830440107,0.5621261334207105,0.5839631722810473,0.47970182857292215,0.49168061545400876,0.5004712693046819,0.5086967524813989,0.5,0.5,1.0,0.1,1.0
0.7952515534396553,0.6726605647581305,0.6151470468624559,0.37484474187632194,0.3043939394415388,0.4172306533248844,0.35213402139132954,0.20711647673671496,0.04790564517122417,0.14874842244836145,0.3021192419316432,0.5,0.5,1.0,0.1,1.0
0.8102516610988312,0.9032378178638424,0.7125969630836303,0.5200201978773592,0.4802755085229486,0.7451737795681079,0.44359421012122335,0.33144910324574195,0.3896723191555786,0.18653640208388006,0.4149041874447781,0.5,0.5,1.0,0.1,1.0
-0.24390355818920045,-0.14724968667287752,0.026054018850592178,-0.046864559451993554,-0.013511796645664112,0.007166360100353639,-0.006522552169451384,-0.15252060719086655,-0.08185096237750383,-0.00892132990181558,0.2019637528956975,0.5,0.5,1.0,0.1,1.0
0.3057750630633278,0.4381216038597263,0.20350071845911302,0.42423608308525623,0.5722682259135656,0.688444841848527,0.9893514491639512,0.9467540159957433,0.9307013196901346,0.8987708574571452,0.7236017605729907,0.5,0.5,1.0,0.1,1.0
0.7809917000110321,1.0269820488532835,1.0803274129096014,0.8644739133661611,0.7138237423170681,0.6209299294422752,0.641721432565383,0.4764264433217461,0.4115991825407991,0.5132137955443712,0.37419483959923394,0.5,0.5,1.0,0.1,1.0
-0.18587019052604145,-0.5376478248643856,-0.2642219210742584,-0.49049536150111545,-0.1943672936667209,-0.09912701945963985,0.012052365649524992,-0.04416475193364163,0.28897990990677314,0.40338823964073417,0.5609257965311095,0.5,0.5,1.0,0.1,1.0
1.6140522205203442,1.437521453231581,1.3586455274790907,1.3059523462804055,1.236510302746574,1.4141711282681748,1.0091162460626495,1.3218969844666573,1.1097289860824802,0.9626388357984339,0.764870134899334,0.5,0.5,1.0,0.1,1.0
0.6333037776146601,0.9810545719751084,0.8834698767289916,0.9756992175882346,0.9413894373544647,0.8496983925467402,0.7151796785398845,0.6753894878243047,0.5928884489602284,0.47848278279720236,0.4570509668213636,0.5,0.5,1.0,0.1,1.0
1.0411406219532842,0.9416649697253228,0.9274656202108371,0.7489625754803562,0.7384897696196,0.9228803614596959,1.0658699179692044,0.8752862271151033,0.8133592008033448,1.0324626002646333,1.088673794755159,0.5,0.5,1.0,0.1,1.0
0.6969342599291458,0.4880903554896987,0.6692094176291958,0.5062375365800418,0.231986207970596,0.4094122104404543,0.4536412201493254,0.642110208098096,0.7202021035105476,0.7813401933369768,0.3897481288653331,0.5,0.5,1.0,0.1,1.0
-0.20077966942137015,-0.20161845607727155,-0.11272931421232711,-0.09950910047934472,-0.27049112095222816,-0.2115583042225868,0.05037533009881853,0.03411542716202868,0.05180458296306178,-0.014165861428129173,0.05153946439422218,0.5,0.5,1.0,0.1,1.0
0.8621723733471138,0.8264767462521814,0.7426730650687083,0.5251447671984681,0.3327105086678892,0.3110562337864708,0.515843935477986,0.43923091798932073,0.6637252857220548,0.7859087562063906,0.9079792428062108,0.5,0.5,1.0,0.1,1.0
0.910308857085418,0.6998441365850461,0.7780825459812739,0.6639522481220663,0.7246125402407221,0.4292810815297763,0.24611111358451213,0.47119059626917614,0.19699188390344274,-0.08966708222137867,0.36837564614761936,0.5,0.5,1.0,0.1,1.0
0.8693672527322962,0.793571701486288,0.7175172177997469,0.7740989154531025,0.7478096033234756,0.5243860638604942,0.5518996278937532,0.5290514040006609,0.6361465690561572,0.4128772847014806,0.5787445475509789,0.5,0.5,1.0,0.1,1.0
0.40888253844374883,0.46465901492643824,0.198100976638454,0.011256238671813745,0.3281132188001324,0.7491083662239305,0.4679784904936627,0.5227186052090536,0.47142857476154115,0.1800631919495312,0.1557808815556954,0.5,0.5,1.0,0.1,1.0
0.8868840933644492,0.8528273669381286,0.9250374852137309,0.8431478441836702,0.8324903277593746,0.7484243099132,0.49890000365744047,0.7022407297099835,0.7277967025452748,0.9753401893068842,0.9936592319039507,0.5,0.5,1.0,0.1,1.0
0.40186888028508283,0.2817773116920982,0.34468761758975136,0.33234779468805903,0.19711458350110098,0.3471011180781531,0.41471934552529754,0.299896300359286,0.6072995004351796,0.635143921245221,0.6917397703976239,0.5,0.5,1.0,0.1,1.0
0.6781003884057466,0.5089635871205427,0.5621409133325094,0.606265785792157,0.44459897035328977,0.7917142778083577,0.8753870807836077,0.8002216202044445,0.8549406353460208,1.1160540991783527,0.9854604198034851,0.5,0.5,1.0,0.1,1.0
-0.05150150069632546,-0.09691230319841264,0.2551641387592747,0.31949840399467094,0.2687171248293975,0.6111075230866837,0.7766175269498115,1.1109938537406003,1.368703326361861,1.2646664426206904,1.1518643734143414,0.5,0.5,1.0,0.1,1.0
0.025025602751753633,0.18270879168612175,0.09398970286011445,0.2205287735673856,0.5894037547396467,0.6014845664373091,0.9317175708911127,0.7590095002116191,0.9311448753238732,1.148571673704357,1.2562517562252669,0.5,0.5,1.0,0.1,1.0
-0.19460930290186876,0.041223311536287804,0.07969217943640226,-0.2433274203041502,-0.08126080677740402,-0.04488348920920285,-0.11175785837174784,0.2323659982013583,0.01525613634854145,0.051611049947994946,0.18818037961513895,0.5,0.5,1.0,0.1,1.0
0.9278450406015132,0.7522620283124588,0.6268814469810913,0.5416488142938892,0.7107566221673545,0.6825524622113054,0.9544297451582116,0.8079524853154169,0.6433901303958527,0.722044819532924,0.8310605279619065,0.5,0.5,1.0,0.1,1.0
0.6286236999764736,0.8050885673132006,0.6846247554163783,0.6560306535569049,0.5216461789019577,0.582331470154045,0.5789600065228968,0.6078102288961524,0.4511910399325153,0.3257474037802909,0.36280215988177006,0.5,0.5,1.0,0.1,1.0
0.32660284860005756,0.1361700593449083,0.4573307192174769,0.562726605231977,0.5429119567283743,0.32553972354692273,0.2534836999622315,0.26631944980375816,0.17565905574537594,0.16205462273016155,0.34786526903817006,0.5,0.5,1.0,0.1,1.0
0.6401192264636486,0.8594420199717854,1.0326217162593423,0.9716323048574668,1.0687375209286953,0.8786858331748126,0.9416792559633371,1.2092826679093325,1.2169591234465553,1.1722485190135243,1.2652107032931084,0.5,0.5,1.0,0.1,1.0
0.6465257441492956,0.8536284439439752,0.7111724840765515,0.8835449364573618,1.0179489326514428,1.0874044913740788,0.7842248313689475,0.6922764165408378,0.7925987515096791,0.9859138877274867,1.030828350329303,0.5,0.5,1.0,0.1,1.0
0.6565231867198625,0.6839197128681508,0.7717292624761803,0.841584832528795,0.837117871138227,0.747976250790958,0.6880420802059153,0.5125271579861845,0.29882342613737256,0.35656340376591594,0.16824365591617135,0.5,0.5,1.0,0.1,1.0
0.08145776215096003,-0.05678668991657347,-0.0007402859906283598,-0.1488758369808462,-0.2938125695820516,-0.01325119401619479,0.2051095748460104,0.2496143898443106,0.36850004847828444,0.6511078639864578,0.8047337482264907,0.5,0.5,1.0,0.1,1.0
0.8313555311651956,0.8466609463720501,0.8341435329791999,0.7029931076303954,0.6398170892730797,0.494832886624603,0.1828244557930102,0.17341934509194024,0.33276975302683176,0.22580056559816697,0.32231643995860537,0.5,0.5,1.0,0.1,1.0
0.44425201115766694,0.45371975577358276,0.6877761084465666,0.06203064575984507,0.05389887512830618,-0.0826275193545264,-0.045224873770143684,0.11750713802334134,0.252215007034689,0.397573218634801,0.5429909820689514,0.5,0.5,1.0,0.1,1.0
0.32811174619179845,0.25759689489909277,0.4194374570947177,0.292758999234617,0.001402834254046692,0.13291754591247967,0.11534773482964836,0.20048822498100333,0.09045995051287378,0.02692424400264043,-0.0888520484022967,0.5,0.5,1.0,0.1,1.0
0.4639932063895617,0.4779981693324796,0.2950879355207239,0.45237339320727543,0.4846419069472734,0.7597460671295446,0.876760476269236,1.0046963011194145,1.0207094047155516,1.038019535283421,1.0610320778694968,0.5,0.5,1.0,0.1,1.0
0.6157022661227107,0.5166335834108591,0.516909071981042,0.47736790335296314,0.6588964982006043,0.5745355201273374,0.7619390301826258,0.7097426401746336,0.7501341805138242,0.6513807083446683,0.5375468598294568,0.5,0.5,1.0,0.1,1.0
0.451096402114769,0.5648345996765893,0.5544024189294143,0.546147536723645,0.8803250740236361,0.8350609805625115,0.850000855923366,0.9593985502554451,1.1421648010284562,1.169608244955557,0.9618933273200349,0.5,0.5,1.0,0.1,1.0
0.8935331861292357,0.884423794669291,0.7456717455960082,0.6836381100088474,0.6609850650280109,0.34968737367111363,0.38795909482185403,0.2741605703368144,0.15471711997523585,0.29232894363488243,0.2173353774106095,0.5,0.5,1.0,0.1,1.0
0.33968220797550275,0.3145651132600433,0.40996001425182305,0.7274493627533158,0.8363367969633289,1.0924228076381166,1.2191520132092861,0.6158875979560466,0.3423200506605133,0.6592794168473111,0.5611838682600335,0.5,0.5,1.0,0.1,1.0
0.21328269716531933,0.4198347285228645,0.619887783310992,0.9667463160949952,0.4783634881524722,0.568364392762639,0.23725473776150602,0.36224449757660543,0.38438646023467216,0.43146786833189177,0.39943656113175185,0.5,0.5,1.0,0.1,1.0
0.4969650051262979,0.28827199008170956,0.10354395068228722,-0.049625946993411885,0.009702058583373507,-0.04651195805448102,-0.14430035311964953,-0.3696857730203945,-0.501394160476264,-0.3171439892954251,-0.2752729428633937,0.5,0.5,1.0,0.1,1.0
0.47214003888709877,0.7136324801192198,0.6178382263472759,0.43088564560755327,0.4738919858945984,0.44884079518890846,0.4969695864997644,0.527267175069595,0.5016593900783419,0.47742308342213113,0.5876407084129581,0.5,0.5,1.0,0.1,1.0
0.4494096096345607,0.5954239697064249,0.3922299023522513,0.30806934390887103,0.22108762066256799,0.4153923199051551,0.4859616892502682,0.6160296860512355,0.48872319020526483,0.5213813561274823,0.3613262611738091,0.5,0.5,1.0,0.1,1.0
0.0059969567769075915,0.35437776706860225,0.5020841343045953,0.36059970822748966,0.33149920504165337,0.3333496689931514,0.35432298565531317,0.589623386271408,0.675743517049618,0.6945126654841718,0.5791548179020736,0.5,0.5,1.0,0.1,1.0
0.793582349872936,0.770973017296716,0.7738918288190142,0.8411502092803644,0.6392114937398672,0.6320081972765148,0.4161670851090459,0.4505181241177157,0.5477064293860103,0.18936705224107742,0.24468830796905564,0.5,0.5,1.0,0.1,1.0
0.34084444864103547,0.47512079599109824,0.6113971752215266,0.6825067030556564,0.696481375964188,0.6144608556254754,0.787441444394389,0.6604213536188593,0.6720565222023227,0.6367386119582066,0.45239033358165337,0.5,0.5,1.0,0.1,1.0
0.13422726981253427,-0.11224985999708023,-0.02377019844135112,0.12441520567928277,0.21374782232660508,0.2966020048025472,0.23113767304794774,0.35456783085285504,0.19164368067386406,0.09738328125225801,0.11458083783207684,0.5,0.5,1.0,0.1,1.0
1.422935436750126,1.2971428231541866,1.0283609535452702,0.8911969692272261,0.9428979435673644,0.7390978452014704,0.5600526597021316,0.5942519466400265,0.6083129985067389,0.525345534040571,0.6031004046587213,0.5,0.5,1.0,0.1,1.0
0.829089880329207,0.6733636994041144,0.8361604114612355,0.9450053408412744,0.9682628351058867,0.9192570068032849,1.032008070943149,1.0666207702005446,0.9147209485924321,0.8421977093515167,0.8070592207670912,0.5,0.5,1.0,0.1,1.0
0.1782714693129337,0.37477752778805146,0.5381075546467085,0.4464733086045646,0.41441592057289256,0.41163415007921467,0.3115806192528608,0.5167627799538754,0.7793846044050761,0.515676143467851,0.5141764217721154,0.5,0.5,1.0,0.1,1.0
0.3190341209005501,0.29972053652073893,0.28254145626076277,0.28266037724285986,-0.0016521584721962967,-0.0821953981198862,0.07600865666438969,0.031034561647950737,0.2036671752514556,0.22838413209191266,0.4662673814746727,0.5,0.5,1.0,0.1,1.0
0.5328628400848442,0.44439843965634235,0.5348202942349589,0.5005795692256666,0.8305077227771827,0.9698261002605519,1.0349254612116248,0.8750463713808132,0.8256761096160905,0.40430584203136255,0.5965873197119618,0.5,0.5,1.0,0.1,1.0
0.39204778266262136,0.4070731370511164,0.16717696389524977,0.22374154016847642,0.21254954976327864,0.5428842140171565,0.41755626149985636,0.3508909517241683,0.10573203546451504,0.35822155857225485,0.5149927511144394,0.5,0.5,1.0,0.1,1.0
0.37903301263424666,0.46472764205181644,0.39986912245917094,0.4407656770119982,0.28709729383251126,0.2861554481814943,0.4404753703818483,0.604139456015418,0.5134526065188487,0.38983919415009877,0.6376948293622978,0.5,0.5,1.0,0.1,1.0
0.033999301527788524,0.17150821790316442,0.4326117936768725,0.8123067541340181,0.6499538818802593,0.6782815335524793,0.5999413018223418,0.7833003625252757,0.9190789023424012,0.8555960996705165,0.5756128418872732,0.5,0.5,1.0,0.1,1.0
-0.049788702076279744,0.02667899019986637,0.17438304484034362,0.17906407159105675,0.17931552082773788,0.26930251208853145,0.2902636139925652,0.47160175395677906,0.42575190448010725,0.7172640144686915,0.5931094439475517,0.5,0.5,1.0,0.1,1.0
0.5132743455539013,0.6278698030331274,0.5824899689678867,0.3179650388730109,0.27229746338688976,0.4507355228613437,0.4091867834109669,0.21238632391653,0.030841034266695072,0.22377161233526513,0.1411399074446561,0.5,0.5,1.0,0.1,1.0
0.2318401334999336,0.08584262687913041,0.25926450391496764,0.2519459423814039,0.08866966520377018,0.1684645821386857,0.2817121819645107,0.08403756668458584,0.25848340950909804,0.2646686718628817,0.5025400820809341,0.5,0.5,1.0,0.1,1.0
0.35973337716657255,0.4528837015376719,0.4559751791098762,0.6137764756590453,0.6751469158831448,0.540555294931852,0.612169141764509,0.38076626545248793,0.6069463778458792,0.7094876508395768,0.6213681173759882,0.5,0.5,1.0,0.1,1.0
1.4617290222361545,1.376966647825055,1.1913827819992315,0.6460429827703891,0.6714235868244648,0.6915276326636962,0.694957393910496,0.6734140207652989,0.7447507835679159,0.7590713447764346,1.1111414299077538,0.5,0.5,1.0,0.1,1.0
1.2388749595543713,1.1521238171263193,0.7445473650055658,0.6742491878573523,0.7419968224754023,0.4980017038434345,0.7142372112987293,0.6411201117678456,0.6436825961233846,0.588213111660002,0.3664520066156658,0.5,0.5,1.0,0.1,1.0
0.2108119025780668,0.1365470376988399,0.1967308071412417,0.4498014802652821,0.3696256202231758,0.3106481653298815,0.4048230178723583,0.453120953967644,0.5140633043567943,0.4613360000533496,0.6208914698126088,0.5,0.5,1.0,0.1,1.0
0.11288047832238265,0.29107675299450764,0.43600090341310427,0.6906278702673626,0.6819003181504757,0.6499179793448592,0.734077125170087,0.7342749677902707,0.5761826093978721,0.8689789744380894,0.8353251547942003,0.5,0.5,1.0,0.1,1.0
0.26310967580168787,0.31026553402782253,0.6777294683397388,0.39442817546453657,0.5807750376412002,0.7003059621503054,0.6792997047163248,0.7009942279582437,0.7232077768309965,0.768332292838189,0.42568842965871984,0.5,0.5,1.0,0.1,1.0
0.6203153372098476,0.4544086149084213,0.5382211674430087,0.6316740038168907,0.7377644576987675,0.6255598121311738,0.3106879422064766,0.5389380320863045,0.5355109169844717,0.151800740336002,-0.11407186437792174,0.5,0.5,1.0,0.1,1.0
0.5404385241312444,0.6214645546185095,0.5847123450975913,0.5421675959434367,0.4575505703785061,0.39071946979903627,0.37835924184756453,0.5717339082459264,0.4960265508804556,0.5394627721864295,0.5350867963942709,0.5,0.5,1.0,0.1,1.0
0.5071980915998089,0.4674422153175082,0.3333886811730967,0.37687484688969203,0.21359539011185955,-0.21671597534089682,-0.21936579819080668,-0.07039007259572444,-0.05619287821996674,-0.11026557951239989,-0.2265500051726809,0.5,0.5,1.0,0.1,1.0
1.2388461602778058,1.1663521727378956,1.2699830327224912,1.0410632974125018,0.7457401335139751,0.605919100721559,0.6680088707345432,0.6454283874689051,0.7006800057158762,0.608763658152746,0.5666669523578916,0.5,0.5,1.0,0.1,1.0
0.32587621427907093,0.559056160235164,0.6497462122440733,0.7280837918739389,0.6776997702132502,0.6949282587130831,0.5349429806172854,0.6185016564997895,0.7133503651799376,0.5000613856971343,0.4657922251175785,0.5,0.5,1.0,0.1,1.0
0.047015479651415615,0.20415799286630276,0.32694985295196577,0.4307743692346552,0.2945330220749433,0.38022561964230717,0.17938902724132133,0.042102662930303875,0.13689553353591635,0.15227172105774228,0.08962217931241834,0.5,0.5,1.0,0.1,1.0
1.3025961654818812,1.0612432418932545,1.1162989511710628,0.6306618303140741,0.5825172917866365,0.6065822580363368,0.48998151906585735,0.6110584640567015,0.34830127261339294,0.3452665454949657,0.6130199560830467,0.5,0.5,1.0,0.1,1.0
0.5502709706508133,0.5358469490127781,0.4973515337328836,0.5766089125482609,0.3949516626135178,0.2014109428196163,0.4209898221752721,0.44776669192227925,0.702470515968347,0.7340156876269099,0.8421098244075689,0.5,0.5,1.0,0.1,1.0
1.344471998880085,1.1266699944450052,1.2372093557346473,1.2720044010903424,1.2115082737243934,0.9917479441343982,1.0506183487748126,0.9680804154950319,0.8194103674642562,0.7733777310255913,0.8043904385067886,0.5,0.5,1.0,0.1,1.0
0.6396432936880451,0.3855881842167388,0.2567144711803289,0.21988365070345084,-0.08746269833603659,-0.02847124250815431,-0.08784838583920204,-0.03510115616014751,0.2467387111327033,0.08779330254066794,0.02155719511544675,0.5,0.5,1.0,0.1,1.0
0.3838518420883588,0.3390765702685645,0.28736562166804236,0.15358897062773222,0.5678943368181173,0.5663201170581005,0.47118806590318274,0.40485631334512,0.634999168611393,0.9087749610965719,0.8602009798009996,0.5,0.5,1.0,0.1,1.0
0.4554169357212603,0.45917277955390684,0.41755950255501373,0.49432837538050434,0.5881000830865353,0.5758011744703817,0.813918522655481,0.5987224545308922,0.6441760832721884,0.8045904049367287,0.8961226419449045,0.5,0.5,1.0,0.1,1.0
0.31068996209830707,0.30585199024052995,0.2881081124646555,0.35936947402642266,0.2856834287799134,0.10370001966364559,0.04563067023331109,0.04765515589373478,-0.4224066502011351,-0.32958175311647564,-0.18479205033464086,0.5,0.5,1.0,0.1,1.0
-0.13364502522436097,0.06715445818280678,0.15887112489963437,0.32688392634545294,0.06762826715791903,0.18449373814783157,0.5721008940707628,0.3791461459611603,0.3596675165410548,0.5420010818603774,0.46045660065382327,0.5,0.5,1.0,0.1,1.0
0.3754695963311062,0.06553660992767785,0.00024041851908931933,0.29938847397432505,0.37714308498054017,0.4919515247778139,0.4112050758451861,0.2600699749919922,0.5640981620058272,0.32688243477061096,0.4165654960749602,0.5,0.5,1.0,0.1,1.0
0.6914444047392138,0.6137755748977751,0.7319390855327927,0.9178361306774582,0.4812665639218884,0.3891122685273122,0.3419065346182064,0.45768833854991425,0.2722896551137792,0.3046276418026175,0.5818290497276104,0.5,0.5,1.0,0.1,1.0
0.1182328909687891,0.15661171695262363,-0.026765250375050148,0.5864503909248785,0.4632014512853307,0.2686859765522256,0.47312768797194826,0.7632598824200842,0.8657512971517554,0.8453504089148994,1.0492118356555857,0.5,0.5,1.0,0.1,1.0
1.003422308380855,0.9371420893417154,0.7162082850693584,0.6672948171635487,0.6950895859296958,0.6867798595830642,0.6309826261353629,0.5798993214936403,0.7312093710143126,0.5298897993517638,0.42578179324710735,0.5,0.5,1.0,0.1,1.0
0.3295411629424299,0.09278233030301464,0.103774787351901,0.14323360213163464,0.4484580413396141,0.257997855542924,0.4112677672962709,0.3193810285425782,0.21923880542634339,0.2659118607399049,0.2572381745497152,0.5,0.5,1.0,0.1,1.0
0.5781302563865405,0.3326168056626605,0.20033107607551873,0.12162716498593253,0.06527167859861702,-0.04079152325807195,-0.10442115806425302,-0.0972785325953327,-0.17669671702260653,-0.37758026674829276,-0.31927381155700785,0.5,0.5,1.0,0.1,1.0
-0.07606949534481978,-0.07479102913512031,-0.23800467470185277,-0.10630981259628934,0.09726987850273544,0.2404065992856499,0.4459448367994196,0.3448552325333351,0.12261157252153568,0.031007496335659468,0.06716055311618188,0.5,0.5,1.0,0.1,1.0
0.4873375029476305,0.33768663016653655,0.4207932977603031,0.3912887513427482,0.29580065801491384,0.32010161371779955,0.05744877980260926,-0.18636554474633377,-0.20780792099660916,-0.12316759342217962,-0.1604055908120455,0.5,0.5,1.0,0.1,1.0
0.5629946735340733,0.2789285643558825,0.36241061076930436,0.2153527933881965,0.41997038114536855,0.3171588127634479,0.053677990546981136,-0.07117592315050424,0.09068984971084633,0.045246664580129964,-0.03937477326149108,0.5,0.5,1.0,0.1,1.0
0.35513489836313067,0.04777337940755538,0.011462242480762747,0.20943580586357466,-0.1997204908280319,-0.14221723648892903,-0.027262197667201817,0.005755793225123266,0.1849552761007433,0.5082506996314707,0.1316506233186252,0.5,0.5,1.0,0.1,1.0
0.7966313129206154,0.7385895956171469,0.732874718775472,0.7208798074692797,0.4781913866409303,0.3418417601416149,0.5620693582702522,0.6665046304109861,0.6402965435488014,0.610744602514019,0.6674160250240244,0.5,0.5,1.0,0.1,1.0
0.4570185028957996,0.3998528047969622,0.31826784526172364,0.31084982660067156,0.15530568174365864,0.3199970049550812,0.3236618714965851,0.25939918956793523,0.2355419919043255,0.29135995409576376,0.1747086726962999,0.5,0.5,1.0,0.1,1.0
0.5300529927187332,0.8209514052246482,1.014960133668042,0.7996963108515607,0.94237174724244,0.8985113323547737,0.8876652537800939,0.5977349514461562,0.5466663106915349,0.4270118640856857,0.43446101754473376,0.5,0.5,1.0,0.1,1.0
0.4821024919774536,0.3201082639754559,0.46619386330818124,0.6221966019614189,0.838640994042686,0.8112185777546783,0.6156043005952401,0.5981922871037064,0.42847103597951397,0.4657660227292093,0.5621874824808751,0.5,0.5,1.0,0.1,1.0
0.7179043189194099,0.5413704237163934,0.8493600988862724,0.83731177915808,0.8128534948372704,0.6305717463467595,0.7193036609201859,0.7636889544526853,0.5382758549638404,0.3110941474249721,0.3691575315015352,0.5,0.5,1.0,0.1,1.0
0.7719335688983543,0.5252528534248734,0.7934352812163517,0.8006775705733461,0.909978389646258,1.010669998372683,0.7652757163424406,0.6257205749310685,0.8119855850059565,0.7558960144991469,0.6496238980890161,0.5,0.5,1.0,0.1,1.0
0.8697128098836547,0.5490117501911479,0.38419674856304364,0.45355080866606245,0.41284004052770734,0.4406210076985765,0.4190270624447897,0.1180207044411003,-0.094309876326236,0.018962600982368287,-0.0012509331878506336,0.5,0.5,1.0,0.1,1.0
1.2294838303342552,1.0244602740070485,1.2740321926685316,1.4054432592204327,1.2350332208571397,1.3666562518617489,1.09838179568563,1.423652429075044,1.1591266386262329,1.1566167052651586,1.249730246175074,0.5,0.5,1.0,0.1,1.0
-0.06403443710349808,-0.043235302055131465,0.044267793727462944,0.1620621254173591,0.3032379024127581,0.3474021575528962,0.4423042121809167,0.3217871954900271,0.3940059784333659,0.43294803433591117,0.7282713163202896,0.5,0.5,1.0,0.1,1.0
0.6740696300080334,0.9612965887953817,0.6378788232528331,0.7127380633196607,0.9021732345326771,0.907314528791754,0.9975363483291579,1.10770162302922,0.8930115268154404,0.5819102792132205,0.3102235421304059,0.5,0.5,1.0,0.1,1.0
0.4192727435985168,0.49803362508351207,0.4194640263675714,0.6522865708384202,0.5471163855742547,0.4259788802035739,0.398861585948426,0.5578863985069153,0.4447453901748841,0.4111270416678663,0.350317877251994,0.5,0.5,1.0,0.1,1.0
0.11327682390204483,0.5027477069827002,0.4605253277610015,0.3695618785672617,0.14956882124432241,0.057663439795990035,-0.0980321919050014,0.19090779353413465,0.17439370803168786,0.3826134858731058,0.11782122674793427,0.5,0.5,1.0,0.1,1.0
0.8021952428007934,0.9473459966138265,0.7693989773783891,0.8048281798179587,1.0188597885112207,0.6821041742064557,0.835488764227768,0.9600680034899586,0.7013920455642294,1.0301303717521155,0.8420599723378361,0.5,0.5,1.0,0.1,1.0
0.536143837018004,0.39785168211037614,0.5952368176176598,0.5990380952821426,0.40807654467195853,0.2306683456963006,0.27971301576830704,0.15035792792940103,0.16594004504158993,0.26130413460696233,0.24954252569038335,0.5,0.5,1.0,0.1,1.0
0.5363672329863095,0.6487227963074379,0.6161144162521084,0.6073351342200293,0.5821343067073689,0.4255136787846807,0.59431891376728,0.6002977326443876,0.5203371982403241,0.5093149743796346,0.6276003198236392,0.5,0.5,1.0,0.1,1.0
0.6935649697013742,0.6511301873374755,0.5835554157316536,0.6437005648797132,0.609592878794662,0.5675414767880311,0.5491831930227195,0.6990727499997201,0.5590436662346779,0.738775625649596,0.6675778812980682,0.5,0.5,1.0,0.1,1.0
0.49906417281293936,0.4596783563415513,0.44519737444095775,0.4413949050336133,0.13104723683698433,0.14705401274548785,0.34434037689340063,0.39420487264760173,0.1510105395525358,0.2092790275917471,0.3791098938966766,0.5,0.5,1.0,0.1,1.0
0.2112149782314334,0.01593732651949567,-0.15235935153263058,-0.16301541085258553,-0.22107406816257205,-0.1253346283611331,0.1266737193250727,0.3487708767232638,0.3479205753507916,0.2187495884731283,0.07620102900397457,0.5,0.5,1.0,0.1,1.0
0.49597710036927956,0.5996309992645217,0.7542875240395042,0.7251720251343784,0.8141132858239133,0.7919759398127607,0.6412337196109681,0.4267856536764401,0.5476511714306538,0.5055631480126073,0.4667818110445504,0.5,0.5,1.0,0.1,1.0
0.1736303396981589,0.1964527400060842,0.11686926703405294,0.44016198495728404,0.4483987830981717,0.35471607162438157,0.33625088218702304,0.4899203612466638,0.2447151169291489,0.7155161903028819,0.6404295488993513,0.5,0.5,1.0,0.1,1.0
1.0201968724118256,1.0123488534944238,0.9661902169642229,0.9098618957664744,0.9488915908629985,0.5230773333336551,0.6006147053181279,0.8829921324344292,0.972879159142989,1.0448634178397875,0.8617119622333265,0.5,0.5,1.0,0.1,1.0
-0.1683297655298431,-0.297132450864129,-0.12855110696187041,-0.12101225068851217,-0.37129001248305243,-0.1655878315563559,0.15290442342725136,0.04696908562346372,0.12433404741371129,0.2517173982778203,0.257183698862289,0.5,0.5,1.0,0.1,1.0
0.8544401809290021,0.9633579228629344,0.8816335554512633,0.7928565952028463,0.7727635996159773,0.9040245479147346,0.7763586251545825,0.8394700615381371,0.8825412512492378,0.9419184304466721,0.8343745282814934,0.5,0.5,1.0,0.1,1.0
0.18787778060320665,0.3895938209298159,0.3688432008769015,0.3911585733594292,0.5303861252317301,0.30997984002763634,0.3693555173190604,0.3521980867995941,0.49331105163718136,0.4860484247107995,0.6168486156319136,0.5,0.5,1.0,0.1,1.0
0.09782150584040672,0.43125826691397706,0.1931619472574061,0.2870377196273908,0.6829064372608757,0.7265109905629021,0.6349347182375555,0.42803502508437274,0.43262864018531416,0.3877840776515286,0.9522493878931472,0.5,0.5,1.0,0.1,1.0
0.3153169636169289,0.5424150088053836,0.7340231206178511,1.0126552263507131,1.0288660187412806,0.9382627287894317,0.8767942573309396,0.7415248899414628,0.6969570792310189,0.7478666696061169,0.735954601005342,0.5,0.5,1.0,0.1,1.0
1.0120514183138076,1.0089673009294196,0.5926209662690956,0.5987962269142213,0.343507674082577,0.5373788620761747,0.5797550732058352,0.29394237961645536,0.24676448926679362,0.11992281584621015,0.15746041246146292,0.5,0.5,1.0,0.1,1.0
0.6227488529294696,0.4687136716906284,0.49042296522125856,0.3155147350408205,0.2558560773826375,0.2505851056505483,0.3153640871700829,0.193269751124912,0.35500797085254243,0.2830395110085158,0.17145371930169603,0.5,0.5,1.0,0.1,1.0
0.5525784775194144,0.7854356445282249,0.8344490495957404,0.8168382656687604,0.7295669043539226,0.632050657213004,0.6719700651619454,0.870081420249432,1.0546694613049115,0.9549394641001293,1.1598363124998219,0.5,0.5,1.0,0.1,1.0
0.6737877203856171,0.637760134564597,0.4056995768855193,0.5603847596474829,0.5263757951563334,0.6151860999747846,0.9700701466045616,0.8731555706394794,0.6884287658792909,0.5809218719292624,0.5269774302652285,0.5,0.5,1.0,0.1,1.0
1.0833594474326853,1.111158949301538,0.9132380335898487,0.9690263112270614,1.0533638118978843,1.3338889766841844,1.0631485983911957,0.8512062867804701,0.8200054595353415,0.685656463551186,0.6602637561568162,0.5,0.5,1.0,0.1,1.0
0.6311544914489872,0.7449323290960386,0.9028776134021608,0.658597407904748,0.8273083931144151,0.7428738768194003,0.7062437025568873,0.5357328598961337,0.546683674139903,0.564517981808055,0.39133251366845995,0.5,0.5,1.0,0.1,1.0
0.39690740923710816,0.28270279989335667,0.3486991359752186,0.10534131507512096,0.2785133874772824,0.21641952594830088,0.10527843889878732,0.3525703175987621,0.3414054545628563,0.24571614152623922,0.20614691749418923,0.5,0.5,1.0,0.1,1.0
0.7368463461429728,0.9442112385627042,0.6835668801818862,0.1514514042552798,0.2552956736510969,0.4005486292284867,0.6143128183303578,0.8604241468383255,0.8933701880949874,0.8046351966093152,0.6883577782245188,0.5,0.5,1.0,0.1,1.0
0.6176522802565625,0.7241149793408305,0.5280029692906529,0.7738878053847555,0.7143965759000104,0.3763992542015127,0.26622201322052397,0.37289377095394527,0.33451290034706693,0.0946477460293767,0.07796755874754296,0.5,0.5,1.0,0.1,1.0
0.46171624968714853,0.2907061609832452,0.16147022848874132,0.43442470917153714,0.6700461180365282,0.7019296446404338,0.6555359821420607,0.38563573843889776,0.28629231827798396,0.11969525770211145,0.2593866276628814,0.5,0.5,1.0,0.1,1.0
0.42176040311001595,0.48202982269189937,0.7503980103759598,0.8204650162817619,0.7846737947327675,0.8307398791135322,1.1375743695183096,0.6510240723836028,0.4231897553226682,0.5477956065447274,0.3908004342992738,0.5,0.5,1.0,0.1,1.0
1.4025020002009232,1.5013334868513697,1.5076009941116817,1.6358437722957992,1.9012677879378181,1.7859355046983818,1.660688766546604,1.5741371942754865,1.5811611400822885,1.4333639941642047,1.4537709365536486,0.5,0.5,1.0,0.1,1.0
0.8749914874765723,0.7330490170670846,0.8990256947567046,0.8025532005616355,0.84199006925233,0.731623183767537,0.8270019613486019,1.11658050511026,0.9127142378411479,0.7780143301508062,0.7343282100834867,0.5,0.5,1.0,0.1,1.0
0.4070831265416205,0.680350849757118,0.6789438761873519,0.8962315461710527,0.9960952104431314,0.9317168005474503,0.9542363464127716,0.9490752306208314,0.7530007549258333,0.870445381596268,0.7372968180255491,0.5,0.5,1.0,0.1,1.0
0.40745799529545634,0.12809710695008913,0.29373228584143984,0.17384604543570642,0.038831769430395624,0.3935777393578007,0.4858197284505784,0.37376536918451086,0.26254754320904067,0.4552016481390986,0.2635947975974024,0.5,0.5,1.0,0.1,1.0
0.11701013977634342,0.2978924684490948,0.40467919072205705,0.3012713294185403,0.18071757804857255,0.09631222650453872,0.3767370751391751,0.27702313168671766,0.26752440887049855,0.014302763063632207,0.056559795886688996,0.5,0.5,1.0,0.1,1.0
0.4470131233735262,0.5779892702830839,0.46669907788402226,0.3181740661874112,0.430091907147527,0.4341443313195758,0.4549354074739001,0.6225320741267342,0.634759856621607,0.3904916426188584,0.320184297670975,0.5,0.5,1.0,0.1,1.0
0.24023468730272757,0.2810563507714045,0.15810073660981194,0.37180917694144827,0.310368200904941,0.5034175823100925,0.24026731943910706,0.2578258020698927,0.5951886986658155,0.47253026129017617,0.39601090619505463,0.5,0.5,1.0,0.1,1.0
0.729831330446492,0.8750706033685892,0.7498442951556129,0.774785867246008,0.867364638248259,0.9493011104883097,0.8404586802558857,0.7795313907057444,0.9977045128280232,1.153057103106113,0.8456671928063233,0.5,0.5,1.0,0.1,1.0
0.5049376373382548,0.6858546729639078,0.688201899708408,0.7081892182690038,0.86577015169507,0.5825759385794107,0.570775941030637,0.412522478073169,0.31410863938468525,0.431936647619429,0.44849256142760374,0.5,0.5,1.0,0.1,1.0
0.39019057571143007,0.3504827376055498,0.6682068663475687,0.7679004453941598,0.7465967470604574,0.9863322737423909,0.9247365580306035,1.3085361512258786,1.4296863626904868,1.2970918341478739,1.293019243083184,0.5,0.5,1.0,0.1,1.0
0.5191565365257973,0.2868050990319143,0.3592389366351808,0.46828786058624766,0.35441984423493145,0.41447609345066083,0.3692363252883011,0.09717581508373735,0.20129291298330654,-0.12727595776768763,-0.0879327218751181,0.5,0.5,1.0,0.1,1.0
0.2955484374654772,0.26562606589227594,0.364940546905996,0.59849542540058,0.6412128213814764,0.5996934927171373,0.6428819698193571,0.524767935641175,0.5056357251553782,0.6678671424700344,0.6209769106544164,0.5,0.5,1.0,0.1,1.0
0.3201829904992408,0.09168437274569752,0.3788650528436077,0.28355932867232986,0.38436011463874975,0.2987290565193488,0.20615016898330168,0.13985780512280874,0.642629754121799,0.5663705362815908,0.3525221607822388,0.5,0.5,1.0,0.1,1.0
-0.01250809348388562,0.11461733034878879,0.15655668824821783,0.38640922373978903,0.5636849280987306,0.3899952250225651,0.5093877807816152,0.6906297821183214,0.33941193517511775,0.539320533491059,0.7380977177933337,0.5,0.5,1.0,0.1,1.0
1.5887253264004437,1.4884679383353985,1.6822472400791153,1.5656287604129733,1.246359069540621,1.3547852290635891,1.4332247138298946,1.4969180816042642,1.0912348328616999,1.068881010422234,1.2406275618546532,0.5,0.5,1.0,0.1,1.0
0.01507704098421624,0.13543506570463054,0.41506635538248204,0.3612469840637225,0.2821775393004742,0.13853199353704237,0.20948251197686107,0.22822067325235293,0.153735368359054,0.24637871147866922,0.35967613190584735,0.5,0.5,1.0,0.1,1.0
0.9294686145412018,1.1359242396540228,1.1787740121475068,1.042149380875876,1.1014400145551864,1.1289834551937474,1.1648532225867843,0.6763352987427607,0.7534643576912212,0.8182025714447497,0.8444338723411892,0.5,0.5,1.0,0.1,1.0
0.5330337812610021,0.6664501129612374,0.6705739553450387,1.021753936028543,1.0708071516228002,1.095964375693843,1.1702416096377717,1.2022954085600681,1.2227893250592539,0.7878904974490081,0.5258181904936277,0.5,0.5,1.0,0.1,1.0
0.8892446568135556,0.9842222327463332,0.9568446783811183,0.8214820745713175,0.8705736557763352,0.6917189710555898,0.8540976074981046,0.9175118250624261,0.789810893259105,0.6335909865975934,0.678201010002388,0.5,0.5,1.0,0.1,1.0
-0.048116429993418905,-0.08881422818420072,0.09858296138684018,0.1192267458198181,0.07214230786187263,0.15888860805897081,-0.05881266290800552,0.0359746539610541,-0.2997379327069042,-0.19653369959997458,-0.19139763007682944,0.5,0.5,1.0,0.1,1.0
0.9314917528356317,0.7162962493138549,0.4868084048313085,0.7431219892905421,0.8610668273970303,0.891279333408585,0.9853694938510302,0.9161030923905364,0.6732834391248235,0.8245829163168353,0.9125104312976291,0.5,0.5,1.0,0.1,1.0
0.18054148722095367,0.46219205554567067,0.604025981386904,0.4294377647950849,0.39339650097866047,0.2779177697311114,0.3552380919344765,0.2342443775622908,0.10834330492166605,-0.06486840656641413,0.2341581412812772,0.5,0.5,1.0,0.1,1.0
0.6819157569649406,0.35133430066312976,0.17656575110411252,-0.01874944624952704,0.14071778223667425,0.14971943568103277,0.34581949541947143,0.3465177035936333,0.358216949283838,0.30438922070289587,-0.003957296958594869,0.5,0.5,1.0,0.1,1.0
0.6013772616539608,0.4886593743104142,0.5436969241104748,0.5558506761861998,0.5842576028454298,0.6141493915889876,0.6673769426252565,0.9150009159605494,0.8628644213393282,0.8178603160617562,0.5636735475005699,0.5,0.5,1.0,0.1,1.0
0.7468308680024156,0.6005794621560565,0.44490499210300827,0.4097753861453045,0.20889339352563568,0.23705438544702362,0.2078162773241465,0.05384239933286497,0.40234563223699693,0.34505795988020227,0.24152436155262247,0.5,0.5,1.0,0.1,1.0
-0.0791703608098598,-0.22291505508021509,-0.1469704228960934,-0.11458292707157837,-0.07571681218439719,0.08633093760209322,0.09956086394364563,-0.16284412685412325,0.10621731105855034,0.11948442316777962,0.07538261833862459,0.5,0.5,1.0,0.1,1.0
0.30204808990990045,0.4507755984621423,0.45400425217560686,0.2639640251793335,0.257471959032341,-0.10226265182358779,-0.11604028171518216,0.10237857524621977,-0.045869973591748686,-0.21803336070193072,-0.1465813708584522,0.5,0.5,1.0,0.1,1.0
1.1950017137444784,1.1084086972859746,0.7109552355719275,1.205008399820381,1.2028503391818448,1.0094479071078928,0.9164650998616861,0.7758394900165492,0.7265864466379934,0.8038186066066263,0.512048325949003,0.5,0.5,1.0,0.1,1.0
-0.053945037171877035,-0.021946264837062676,-0.15999776768817614,-0.18092137474180964,0.059934778016147994,0.16124725916320393,-0.05409052089519653,-0.19136853478519572,-0.029647354922395355,0.04618821549071888,0.09450172467874862,0.5,0.5,1.0,0.1,1.0
0.39266890014848727,0.43741255912875643,0.3876122586055939,0.33633945155119316,0.2097463280358435,0.41639114220079,0.6122723902813869,0.5673709086581773,0.31453010630825445,0.5395377373613517,0.4956847080070415,0.5,0.5,1.0,0.1,1.0
0.817755672939979,1.0488998967165954,0.7319085610778673,0.6615905423110954,0.468016479786727,0.6901836011552513,0.8490119517639769,0.655315259692598,0.4069779424240878,0.3342890210782482,0.24250357734225358,0.5,0.5,1.0,0.1,1.0
0.21617351060590273,0.1854010908906511,0.42296789611645935,0.34336483173949234,0.2845537215015776,0.30718161978033875,0.3190692241281896,0.6646515462074878,0.873422259453756,0.9466693716723712,1.402016486010238,0.5,0.5,1.0,0.1,1.0
0.749218957345726,0.8200365838380702,0.6586285927250698,0.3982049372535611,0.8080997025211916,0.778021054062877,0.399848741573588,0.5711995420126559,0.4865851837577518,0.47337220354513343,0.40237422353222696,0.5,0.5,1.0,0.1,1.0
1.1336764621574997,1.0019196570807256,0.7792517749962008,0.824892622811385,0.9400399880502744,1.069046896935958,0.643766174720815,0.34516365757552947,0.06850997344729154,-0.1291042765133217,0.1907047154925639,0.5,0.5,1.0,0.1,1.0
0.6068593885144642,0.2366307884970585,0.22652166468950907,0.39365764397870284,0.4922303153199725,0.6223354221141818,0.7302843488944533,0.8946477471980487,0.9068318874688781,0.8567780376583691,0.8430903788010006,0.5,0.5,1.0,0.1,1.0
0.9778387785312018,0.4886311475768066,0.5956164268409901,0.5584485234086574,0.23804629165554647,0.2692470476681881,0.17566982285038918,0.06325004539152795,0.3091201065387483,0.26178698110400406,0.31505436662134384,0.5,0.5,1.0,0.1,1.0
0.8982679855251942,0.8657710954008934,0.9578450688378598,0.9910554891383858,0.8996626633167661,1.1523099120707023,1.0844142214976975,1.3857740563973127,1.3616328329605434,0.9675415586961307,1.193409197847006,0.5,0.5,1.0,0.1,1.0
0.19924917416342003,0.3123201195031413,0.49727734051049655,0.2775208971167852,0.29415265377967953,0.214889078224053,0.5305987047729585,0.3801089822575392,0.4030099225102446,0.28990124489009816,0.3444292869895025,0.5,0.5,1.0,0.1,1.0
0.7489676522678688,0.6095899192569907,0.7989600586851483,0.7120268330087932,0.9173540050787854,0.9921325674735688,0.9659776454767387,0.8500305941153263,0.8007087474940069,0.5219799812048628,0.6814696199569655,0.5,0.5,1.0,0.1,1.0
-0.10279714327941615,0.012822096086717798,-0.07867103371028618,0.1004588089415702,0.07438449294864753,0.04047061600499609,0.22617748204323465,0.14170271517770433,0.40110141053425785,0.37037993144174314,0.4127253917293332,0.5,0.5,1.0,0.1,1.0
0.14955784552372553,0.239327410037042,0.3427110233324845,0.39224922797236894,0.36246408925172824,0.47253334232470257,0.34212500685662317,0.411686328990202,0.46039334969521983,0.45999196590716923,0.46951072675510397,0.5,0.5,1.0,0.1,1.0
0.517576717012829,0.45230016126792516,0.45918198219136724,0.6115517977235678,0.4403336223931836,0.22375892532018415,0.31959256096113514,0.34725247717229496,0.38653499497785493,0.33972368235048733,0.3240149844798908,0.5,0.5,1.0,0.1,1.0
0.15485122739729665,0.592278358200983,0.48025719822680757,0.3636522661663221,0.4693425405956988,0.44052097779127475,0.530024468282663,0.6405766042726782,0.744720154680448,1.0335356213410198,0.8803590868389309,0.5,0.5,1.0,0.1,1.0
0.14367749341574265,0.003958538728565275,-0.0986726757976682,-0.030607405563940475,0.36136811210679,0.4545888527124678,0.4595623350109899,0.42163622537135936,0.5262008714995576,0.532136303921426,0.5448888779601782,0.5,0.5,1.0,0.1,1.0
0.43229135007733843,0.22897515979092173,0.00888651053049469,-0.1006051971229054,-0.38874075567036276,-0.3045521900890961,-0.2671237922516425,-0.2180903489793318,0.06646753318465737,-0.0196032437781688,-0.04728175324462352,0.5,0.5,1.0,0.1,1.0
0.658068412479101,0.5682836865737291,0.7729942102142242,1.0034666332973095,1.5256440906321898,1.5030395340242533,1.14886612314085,1.4328694638524564,1.7247484745762622,1.6241800359412022,1.7607048805014527,0.5,0.5,1.0,0.1,1.0
1.0111993168484608,0.8780682577373717,0.8434433204181537,0.8993784636554117,0.6454251275358145,0.7937287854974693,0.33730561105047707,0.6103303645728635,0.7591265471374806,0.6489039010994819,0.7728046404269098,0.5,0.5,1.0,0.1,1.0
0.8110363201344242,0.9608152225532847,0.9342319330518487,0.596097885854639,0.5444226508708129,0.6330534753008898,0.6415410409838174,0.5317802759802781,0.5460987804798533,0.4646166454930041,0.3100989115777645,0.5,0.5,1.0,0.1,1.0
0.7282038318159821,0.6967473114056871,0.3119395620238423,0.3186440851519953,0.4183628761730329,0.0560206092840122,0.12721259313512476,0.2973293289528275,0.17839634120021414,0.2663893523492591,0.35771183741406687,0.5,0.5,1.0,0.1,1.0
0.09923352310306272,0.10350550714730472,-0.13605949769080605,-0.2318297550065339,-0.20808572790246518,0.1469293917819265,0.19243525766514652,0.21459841708858843,-0.025422251112571737,0.23374253369419376,0.2863197198321694,0.5,0.5,1.0,0.1,1.0
0.7522718887203157,0.28876665091716397,0.2861105845231538,0.46185171985953755,0.19791363924058641,0.24661492275627123,0.3942045619060422,0.25554937965660485,0.09923101050209843,0.21866340969657988,0.10870219368923059,0.5,0.5,1.0,0.1,1.0
0.8768939454236453,0.8712021974373567,0.9590937450779456,0.6003698461847558,0.42026495361718574,0.3799001606433975,0.42854661105009434,0.4821646889499759,0.5921794519324348,0.5147333118613306,-0.09420344192706909,0.5,0.5,1.0,0.1,1.0
0.597302054680811,0.6454544424187078,0.4979661491291603,0.5738218941546956,0.592650192733497,0.5407198984840995,0.4678394215797655,0.46082324568916644,0.4645097436469203,0.21033683801051273,0.39821869364935647,0.5,0.5,1.0,0.1,1.0
0.7650198519218905,0.8498285530044573,0.9636229705805306,0.8587829341869867,0.8146269354351282,0.6405515294019766,0.5953280471953838,0.6095213639584004,0.5855382151504792,0.5854713296534009,0.6901573337293122,0.5,0.5,1.0,0.1,1.0
0.48253891392846615,0.5803727635749172,0.8198564211664299,1.2254796551917608,1.0175152080617456,1.136548549417669,1.140300390012195,1.3342241316696928,1.183979305744263,1.167703153952153,1.1789795967455252,0.5,0.5,1.0,0.1,1.0
0.7431224845745905,0.7966952568189687,0.5802182162295773,0.47088632329152535,0.45663390722830477,0.40749362416932566,0.2786634770053984,0.5997465213504061,0.713524925164049,0.6214081256313259,0.6178015058180222,0.5,0.5,1.0,0.1,1.0
0.3777155487414151,0.5357351433268254,0.4884321606644222,0.3696153543443001,0.5421558026795651,0.8148138495336523,1.0375584873193455,0.918168484923727,0.8820949122048585,0.5540405818020562,0.9202170574589181,0.5,0.5,1.0,0.1,1.0
0.660469208232097,0.8436196007387763,0.7910088458342102,0.8599218177230009,0.6060427450542896,0.4197461738011369,0.6932719206443436,0.774545722638378,0.6624729014647337,0.9036317709059081,0.904643513793391,0.5,0.5,1.0,0.1,1.0
0.7778604678262596,0.781644056064275,0.5592308654557001,0.36155713994274175,0.5079087516606112,0.7272484705236553,0.6327765526377158,0.7642899278722249,0.3197830287139056,0.1987107330533138,0.22439607170440876,0.5,0.5,1.0,0.1,1.0
0.08400289786407547,0.14022720065143543,0.26508921299908317,0.17690972014895368,0.3941457528141067,0.2102689499469574,0.22149180596863496,0.4670739290500044,0.5430996822751321,0.6206738179797225,0.5729369010501535,0.5,0.5,1.0,0.1,1.0
0.5985986969671381,0.6183966730254858,0.522393547922451,0.5468036099610576,0.46959371091229496,0.5057319481334469,0.48646628437447703,0.5763286172422547,0.6044933622412301,0.8871658512380467,0.7347016785432874,0.5,0.5,1.0,0.1,1.0
0.7973673768832359,0.8937386210619116,0.9168941259309815,0.8662741562005268,0.8784012444946565,0.7619334889292044,0.8023908114018223,0.8488123578700291,0.7409060682527993,0.8135454118942615,0.8741243455865838,0.5,0.5,1.0,0.1,1.0
1.007037740457506,0.9567852782590882,0.9516407385463047,0.991425864096731,0.832963649745178,1.041886738246833,0.8309546457753637,1.0060832284570824,0.9482826680867549,0.5636310454195453,0.6543641283229579,0.5,0.5,1.0,0.1,1.0
0.6970212775343523,0.7273629484403197,0.7195861240474151,0.807504019496093,0.5587860261814546,0.4187842088553453,0.39362850764431456,0.19086442030070566,0.34508614863723186,0.5565750249573622,0.4907741304121878,0.5,0.5,1.0,0.1,1.0
-0.025514759076424157,-0.018855412385494187,-0.01929449169574962,0.055296670510558296,0.2390189777995011,0.16489777406129247,0.42851270421055565,0.5367312176123303,0.3557216942176349,0.7705039920129244,0.5525704972963124,0.5,0.5,1.0,0.1,1.0
-0.11545684645399597,-0.2314812058884638,-0.3264218311467679,-0.42328664096780255,-0.35609993652960176,-0.2928611787696113,-0.1588553089182356,-0.35154645686224056,-0.3302308583630874,-0.18864282987583772,-0.15253746376302685,0.5,0.5,1.0,0.1,1.0
1.0193778018932529,1.081824075445446,1.0442266648771457,0.8477212106632761,0.7200915273578861,0.8633239276950001,0.6217189303031238,0.5069874315259879,0.8390263714310646,0.8757453287135419,0.969457138077451,0.5,0.5,1.0,0.1,1.0
0.34566358339725894,0.1444430032322606,0.4351114204745952,0.5466484061876026,0.38997641655429094,0.1632947328437653,0.32809445887177846,0.3166950685498876,0.4000824215261553,0.1839171584525409,0.4075315885822109,0.5,0.5,1.0,0.1,1.0
0.9937802442077444,1.1353361452848358,1.112103451958956,0.9989779854605367,0.935696096973571,0.6499435897726747,0.66553048076558,0.6018384936405472,0.6709764906810534,0.6872044497411167,0.5813394814047361,0.5,0.5,1.0,0.1,1.0
0.15771513699922307,0.1774617247999103,0.3647793878972384,0.46434694865245757,0.4722414613997005,0.07230148645833051,0.14876397189675672,0.2009982778170755,0.44045210626992104,0.6257502593469835,0.5609711316421386,0.5,0.5,1.0,0.1,1.0
0.4275646997292736,0.6017987257419467,0.49498434072087005,0.8213369648296094,0.5062964905315457,0.48213398888593223,0.7059647815382867,0.5230660560898546,0.7043457698352258,0.6281839375712854,0.8275413809997882,0.5,0.5,1.0,0.1,1.0
0.7555380669188076,0.7842970521955782,0.8963343016937436,0.6231294523046493,0.48788145527917304,0.6348363853635285,0.7669545250460821,0.5744867741199549,0.314238724850628,0.1285443048429059,-0.04168013334758655,0.5,0.5,1.0,0.1,1.0
0.1416645035909884,0.0472325043680637,0.23786638902950097,0.31333421022409774,0.5176546246682077,0.40584350553270276,0.27275573967910616,0.3555644063070978,0.03239686178489842,0.05141266915468594,-0.055470364973158826,0.5,0.5,1.0,0.1,1.0
0.01883460896423048,0.06426872711717695,-0.09038854723161364,-0.29431553130598287,-0.016910044613322822,-0.22829592740800522,-0.22385756092735043,-0.012106812095743297,0.029685480245248516,-0.029061368703039853,0.21090006957053817,0.5,0.5,1.0,0.1,1.0
1.1488941086249878,1.3366562288223025,1.1502752609671274,1.1960450929786273,1.1943872887061413,1.2819456673966703,1.273484876618142,1.2085579733601433,1.1540990286950736,1.2173405495096106,0.9904532181865728,0.5,0.5,1.0,0.1,1.0
1.0053541363209675,0.7475786218163448,0.7737894939493328,0.8419157133663058,0.857993946856235,0.6765489371582932,0.5524993833114573,0.4211129310703604,0.45195518327476025,0.5195817681049897,0.47810355054206616,0.5,0.5,1.0,0.1,1.0
0.1433664127803749,0.4941523312460876,0.2458683443813495,0.0315314003062131,0.04754730608605368,0.24320603020687417,0.0628977462097415,0.35807451809970936,0.7063200790463813,0.9305089033457563,0.8406363815943636,0.5,0.5,1.0,0.1,1.0
1.1707325899510939,1.2366116182627143,1.4451457715669065,1.3014396364601017,1.238263417587726,1.1686134777699346,1.1484552648142117,1.1986074120715329,1.1763350214496837,1.2084751146289563,1.0333076640258974,0.5,0.5,1.0,0.1,1.0
0.2631648467066767,0.5312258797822178,0.30470636049150124,0.46255282534448633,0.4660955954143689,0.7722194941255395,0.7332499155412577,1.0035667332775247,0.5390652728115837,0.5250462900674364,0.49554103256288634,0.5,0.5,1.0,0.1,1.0
0.49117071152979896,0.5459418896325715,0.20798603477793498,0.0506152572792718,0.28973014121819646,0.5177945939921687,0.5595616844680231,0.7154420100434614,0.5655073435741309,0.5740615548100398,0.646460465478047,0.5,0.5,1.0,0.1,1.0
0.5799489977152859,0.6540686574021247,0.6976836944141642,0.8306298572151003,0.7813421191792875,0.8055503970534068,0.7130903405730519,0.5298247000670852,0.7591931814695405,1.0256167303144332,0.9212519542976881,0.5,0.5,1.0,0.1,1.0
0.34909137532897183,0.6599740689011335,0.6510138732200148,0.6304636295722532,0.5733201406977905,0.5391729384342333,0.7004238787066136,0.749858875547014,0.9913311250426963,0.8702341765185617,0.9657503921075918,0.5,0.5,1.0,0.1,1.0
0.23752511708451637,0.2920849258375981,0.12028556151190489,0.3266132912160418,0.3855501346136429,0.09060149705039883,0.2549047879083114,0.11696883709669864,0.1101698765774333,0.3658411118590922,0.3329710735455561,0.5,0.5,1.0,0.1,1.0
0.7998552799828981,0.7193236808651827,0.8817797751579852,0.6267456710755245,0.6519247455487601,0.8778514995022715,0.8827206379575683,0.9831928638307439,0.8030726992500262,0.6313937268298114,0.8305183659324653,0.5,0.5,1.0,0.1,1.0
0.43578571663096183,0.39536118809233906,0.528516806029393,0.47707764530504715,0.577957084755587,0.5417092610413484,0.5218173062869981,0.5512476894183416,0.3782327386553355,0.16924781576179398,0.42098287985946947,0.5,0.5,1.0,0.1,1.0
1.0353005205556918,1.2400713537092114,1.0787343123974984,1.1624265520066928,1.0117203007752942,0.9271965381119455,0.9353715137854383,0.9538489305937188,0.8874122468395998,0.5470090176618393,0.620412949231294,0.5,0.5,1.0,0.1,1.0
0.33222712650743613,0.6168404391002027,0.6890007139694605,0.689414407698692,0.607513961396934,0.43149925592076155,0.5710951113264634,0.45000708325756866,0.08514410389125993,0.04661841621356254,-0.2223240145218675,0.5,0.5,1.0,0.1,1.0
0.7214551137549462,0.5819227970727618,0.7411167880045408,0.7573311571300683,0.7700723802145548,0.6896514418877399,0.6259856555281397,0.6019576119662399,0.7922885216100478,0.8621849632833514,0.7850865374576156,0.5,0.5,1.0,0.1,1.0
0.21106582363551005,0.08315612339513725,0.22041732619101623,0.15208356224943353,0.14843458477275545,0.3248689637017042,0.7116076606054889,0.7608351001494382,0.46798486543720436,0.477150577509595,0.583332495372048,0.5,0.5,1.0,0.1,1.0
0.8240045373613732,0.9575265469428422,0.9711719575222051,1.0621634398534088,1.1535124961748369,0.9732373369793703,0.7646595948684366,0.5079806023050139,0.6072142433307391,0.6648880305257003,0.677448031105928,0.5,0.5,1.0,0.1,1.0
0.7086050011278847,0.48186118917553156,0.7064929133130841,0.47827992081587595,0.5509772450641153,0.3666853759105554,0.02055687605153733,-0.11361201786873694,-0.13094022615744907,0.34480117789259407,0.6596632814454808,0.5,0.5,1.0,0.1,1.0
0.48707312168550027,0.3482182694341291,0.5017893721170679,0.6273993570139536,0.650033397958051,0.46172572256797306,0.6207723630830116,0.5187388921174788,0.4576563134757496,0.3728728020589908,0.2453181451448163,0.5,0.5,1.0,0.1,1.0
0.7586193101043668,0.8441496014766819,0.6684315000643345,0.73330221001662,0.7419995957510791,0.882235653659931,0.5563644006014762,0.48699785702489085,0.4416299953689139,0.540286873612687,0.3204025189825894,0.5,0.5,1.0,0.1,1.0
1.063270068442476,0.7858535114338587,0.9092948961330434,0.8720792147426711,0.8210241622420175,1.1097319788139461,0.914371574632412,0.8538485530525133,0.8130548026504172,0.8868092217721235,0.9600979114606331,0.5,0.5,1.0,0.1,1.0
0.4615690596551885,0.476992363143407,0.5449136359928823,0.3988671744040348,0.5107482829812307,0.602024819244519,0.8970389025246677,0.8240717799146074,1.0122594805589038,0.7390340602778757,0.7576044351375016,0.5,0.5,1.0,0.1,1.0
1.012026517183424,0.869718429686477,0.8734637873733087,0.44026599273098943,0.241636294534819,0.3777400576960855,0.5063396821291043,0.7620363547764054,0.9847908539301957,0.9954968393113875,0.7202997440040891,0.5,0.5,1.0,0.1,1.0
-0.029713467174160867,0.2055704129337,0.31004927995642395,0.24364321513302523,0.5282732647653128,0.4985010584996663,0.7527893603628125,0.7212296142372249,0.4973978832618653,0.45117225801750593,0.42167333131749973,0.5,0.5,1.0,0.1,1.0
1.3203417590674829,1.353190660884072,0.9017159010112111,0.9182446280024654,0.9945933339873119,1.1049409410551914,1.0450679545764363,1.1472605114327163,0.8648608676971277,0.860096656648254,1.1113252211616749,0.5,0.5,1.0,0.1,1.0
0.6364004159028657,0.8115894462916686,0.9569983173728669,0.712674292969944,0.6768498084886573,0.6077228942867925,0.760455786158984,0.641453317062116,0.5224517100830218,0.15496768520136928,-0.05878139997299214,0.5,0.5,1.0,0.1,1.0
0.6861725107577735,0.9396159546359127,0.9786451272423946,0.927965353121659,0.6387274914991277,0.3709683702823421,0.40969894127475914,0.36529430518770345,0.2567150868627236,0.2585327151045472,0.5567650316609507,0.5,0.5,1.0,0.1,1.0
0.4466509408029871,0.6140585009663027,0.6338864157752224,0.42694169121259284,0.293181790761632,0.693920609934361,0.8523336084511488,0.6554072467965212,0.6589847357752723,0.7313138463856991,0.7152199831007511,0.5,0.5,1.0,0.1,1.0
0.3699371447616461,0.4579998443667124,0.5878259099012684,0.6996333520529824,0.6223448139558506,0.6567715589528268,0.5764336869002661,0.5436311707963473,0.825145954402694,0.7879862630702785,0.896859285360268,0.5,0.5,1.0,0.1,1.0
0.2342551674559001,0.1817081637712683,0.219473368910879,0.09063774299044863,0.09622331989087127,0.10105775300238655,0.04956761042279781,0.04087940216059452,-0.006581201436995532,0.07845646355813307,0.2722108978898083,0.5,0.5,1.0,0.1,1.0
0.7655035724957459,0.8875942938912929,0.7551653062976671,0.6873637738347433,0.5487787684490728,0.3030934646018939,0.13841476797434188,0.08094964818110731,0.27959422647114285,0.29147740626923624,0.3437573629961202,0.5,0.5,1.0,0.1,1.0
0.7933294650263477,0.8880228207458447,1.0828848010397287,0.9676052919385015,0.8432019989273809,0.7203768955529468,0.7586021927336757,0.630128630816035,0.705419797572583,0.3955285784368492,0.357409171414984,0.5,0.5,1.0,0.1,1.0
0.9153250618258963,0.9933646463969145,1.1219583730913016,1.1150184036322082,1.0773434426681057,0.9472268161910091,0.8683903225584799,0.9034610741737213,0.7153626347827295,0.6081044471508643,0.513893319681216,0.5,0.5,1.0,0.1,1.0
-0.13394434541730904,-0.12779005685241712,-0.06183553119977918,0.09865094737501806,0.16878907913057503,0.24336791669621155,0.10849855684174398,0.09590200687248557,-0.22937141110512876,-0.006419754789981802,-0.3351127530003763,0.5,0.5,1.0,0.1,1.0
0.24262577692670495,0.13765782486447983,0.08748673400343297,-0.08394450941036347,0.17211286097386178,0.12897124867689064,0.09791018660866065,0.24420757547352517,0.0529731647954306,-0.11356604324042646,-0.23986336508840983,0.5,0.5,1.0,0.1,1.0
0.8951485634941777,0.5328507294653456,0.4421102033249493,0.37945550347267826,0.35759986869709287,0.11138028868294975,0.10046633485355333,0.27442969024046326,0.5054309599521285,0.5854649362315492,0.5925268110898968,0.5,0.5,1.0,0.1,1.0
-0.2108413207268411,0.05529860887191984,0.320381948711806,0.40285966199749546,0.7086211325066387,1.051644190118696,1.074426548629958,0.716433949762727,0.5712444296621814,0.435215538274565,0.5356663757091988,0.5,0.5,1.0,0.1,1.0
0.2658273497493466,0.3993133815977369,0.344205499954714,0.16618218063437726,0.0025252027178023773,0.02007612353802664,0.1910083040806137,-0.09754111061777662,-0.14691826601078675,0.14627884597426627,0.16827065691315973,0.5,0.5,1.0,0.1,1.0
0.2265660352052196,0.01947030570946398,-0.0653217815168465,-0.17047303383570656,-0.23567193372720235,-0.19252438851263098,0.06383209946029693,-0.08872519963059497,0.050270793947601394,-0.11289114332241812,-0.0625573182986933,0.5,0.5,1.0,0.1,1.0
0.35156903351749663,0.2076605396926956,0.33218031978866225,0.35805107358240373,0.5588788379190837,0.3264863397651655,0.46778302353755086,0.26241363173159704,-0.10694170829804445,-0.05515316304958648,0.1085243861846526,0.5,0.5,1.0,0.1,1.0
0.6205206734150467,0.6177143379985857,0.6794397220975216,0.49183925899175596,0.3651317119553939,0.24304298771850613,0.2823868788611605,-0.02103779223234753,0.0491531373096345,0.5900462556923809,0.8077618953750701,0.5,0.5,1.0,0.1,1.0
0.11619312683712818,0.12269263221785462,0.2710715757208577,0.29187735499373757,0.32050529749349477,0.297021293585306,0.19938313332617666,0.10673006068713312,0.10224367607307093,0.22831726695837357,0.11229715563503162,0.5,0.5,1.0,0.1,1.0
0.26693226712067736,0.2796088205676171,0.23136633366257808,0.2792420835047379,0.11710357925753559,0.011149159332471875,0.06270307052123705,-0.11935327452018221,-0.23881918879714478,-0.018310804548789583,-0.11013595973744753,0.5,0.5,1.0,0.1,1.0
0.22565476531230053,0.4798835703491764,0.388953499622007,0.3826439794382061,0.37650537299196596,0.48519556653991275,0.6404011146449504,0.48962527789460764,0.6727325409988161,0.5093757099300806,0.06512470864790271,0.5,0.5,1.0,0.1,1.0
-0.022590422371070926,0.13464981083794952,-0.0017561288812170395,0.06559842164909077,0.09362082348318938,0.28052575167021504,0.3916692925400129,0.48519940918821114,0.5971291679251445,0.690973115171193,0.6822129559779813,0.5,0.5,1.0,0.1,1.0
0.17801244983227346,-0.0477093911076569,-0.1939177079351002,-0.020478007696188086,0.015032155233663507,0.5011049221661723,0.5229527828861766,0.517203271903716,0.6235310872540699,0.5242164494250126,0.5817847263426775,0.5,0.5,1.0,0.1,1.0
0.581348634939662,0.417085425933295,0.6238398447792077,0.5624387929263819,0.4106721859842739,0.3252765743036511,0.2965009040563714,0.300135520364325,0.06270139507437944,0.19069942476358054,0.09853995719288842,0.5,0.5,1.0,0.1,1.0
0.41799617271245215,0.2844049792952833,0.36957690487785344,0.30705192295845785,0.439202185397213,0.6132659006534185,0.576813777956951,0.2743554895941345,0.3867471061735124,0.35436438207928284,-0.07600198277101261,0.5,0.5,1.0,0.1,1.0
0.08353925975144394,0.01946524390413834,0.1907539117584342,0.718934515913412,0.6229808145032332,0.6747386002078978,0.7344575538490535,0.8818145924236545,0.7494633956140351,0.35780874787265615,0.5147733831905783,0.5,0.5,1.0,0.1,1.0
0.5949343300699163,0.7198131689604823,0.9165187624562698,0.9330039023868837,1.0026145610922053,0.9101918131430042,0.9142012173316185,0.7938605513049162,0.6997657074939514,0.9713812164451443,0.932421608417891,0.5,0.5,1.0,0.1,1.0
0.5431123792734928,0.8017237313898746,1.025655690786728,0.7703967997170742,0.9159268072852847,0.8742553640090158,0.6183059433564356,0.8378193009378799,0.8833521200745539,0.7372303076048923,0.5381977481733111,0.5,0.5,1.0,0.1,1.0
0.14322153522871184,0.32471695819289564,0.1382057150478291,0.031203753083396207,-0.1371273869213459,-0.05136256743127014,-0.06425653060372537,-0.08509022447145304,0.3029169299465527,0.20975855487434525,0.15045278059262046,0.5,0.5,1.0,0.1,1.0
0.037903383007424594,0.17629027167228048,0.17155575396121747,0.08157392527408176,-0.08653462512540845,0.238777801121896,0.2491175708591712,0.46155019909760203,0.8444199975600172,0.955341648586937,0.9612281560386281,0.5,0.5,1.0,0.1,1.0
0.5751570784904827,0.7409943422892793,0.7798805600227666,0.8821045701279572,0.6968094440836006,0.4609447262581021,0.45295244694692827,0.2671250862575465,0.39531059186945483,0.43456466990054793,0.5160472387626536,0.5,0.5,1.0,0.1,1.0
0.46125893363224035,0.39222557653886186,0.25022184043281714,0.05100102634043013,0.19842841768719843,0.2892597619471745,0.35634692720405126,0.20403755708352045,0.4496403277541752,0.5797918011035266,0.5567503451183726,0.5,0.5,1.0,0.1,1.0
0.21957652168090463,0.25745562616484113,0.37442114139961336,0.5137497929990509,0.44697356336965904,0.5477046746365486,0.44849586460494334,0.6923392766764103,0.6313099040078751,0.7470316171186241,0.7931714917390695,0.5,0.5,1.0,0.1,1.0
0.292329842500297,0.5522302480843948,0.5156469436511637,0.4719751372924114,0.5992757219284615,0.42424273746483965,0.2602754082091957,0.1710292000070914,0.07124337304558198,0.19765047965373717,0.22442011060208075,0.5,0.5,1.0,0.1,1.0
1.2340865256623557,1.1507481475886177,1.4295754842811756,1.2143059739753175,0.9343046772856571,0.6888861225439901,0.5283540190530172,0.5431822642602838,0.5589114387945846,0.37814797796920513,0.4254392052435181,0.5,0.5,1.0,0.1,1.0
0.5776982215778077,0.6413531680628527,0.77444942331171,0.7450588582874011,0.578431050649327,0.39906149196735785,0.5828934733005608,0.7624325277107264,0.7502879393633528,0.46866291585757647,0.2783452377698723,0.5,0.5,1.0,0.1,1.0
0.843433833193895,1.0011872099983927,0.8330841593221828,0.8109658784736139,0.733781869638061,0.3852928515348951,0.1756600303688627,0.22401744315452304,0.003631766403848463,0.20193823739920191,0.3423945121715769,0.5,0.5,1.0,0.1,1.0
0.05675751003135024,-0.07841143875591633,0.13462083562104024,0.22437290422456627,0.4081564070795054,0.36688042738210663,0.30056692923109435,0.14312818356523613,0.12421601340090381,0.041620197659059985,0.46869744619882825,0.5,0.5,1.0,0.1,1.0
0.7873491090714819,0.7956678677386252,0.4862548678955759,0.5055721957254029,0.4001272761474155,0.3187609706953807,0.15257527461171885,0.3373842824405241,0.31164179251293933,0.455865740028237,0.34004417735648096,0.5,0.5,1.0,0.1,1.0
0.6342194333312853,0.9005210472590726,0.7440899665394655,0.5839973586465312,0.35143217654772013,0.41323053712453167,0.4282388217626656,0.612437019940035,0.4989080482171763,0.14915651099559968,0.32528017648930785,0.5,0.5,1.0,0.1,1.0
0.3922723924217387,0.33311024761537056,0.40670873549129527,0.48735323868406016,0.40401285313241536,0.4072678947637062,0.04388775712104076,-0.1536905494530595,-0.015008748306034922,-0.08853512700734784,-0.12557284033928823,0.5,0.5,1.0,0.1,1.0
0.8308936879157016,0.9215608505903274,0.7734035265569651,0.7459002494294288,0.681190862528673,0.5003426363702019,0.5378586654331581,0.7728871436648954,0.7252131471426116,0.8195939950543362,0.7626099163893638,0.5,0.5,1.0,0.1,1.0
0.12431216778522182,-0.04575201178149296,0.27631180542307054,0.08153060445315563,0.3508689765871029,0.09611620043454888,0.24278653494297814,0.14653978170593374,-0.10494646720235909,-0.24106313172683164,-0.21326327099228215,0.5,0.5,1.0,0.1,1.0
0.10939295697514373,0.12101679429265567,0.019160200929859955,0.06512518447954688,0.20297568102617586,0.08163538400696257,-0.040549600577855865,0.10909460367984403,0.2104178899481992,0.3058376662538991,0.5576578696461967,0.5,0.5,1.0,0.1,1.0
0.5155841281146595,0.49675635756698894,0.36465721432637255,0.4989005463224785,0.3688985188930099,0.3889413574488048,0.30184959444853643,0.3465310636743071,0.5580867028143137,0.539489532767364,0.4753003542417649,0.5,0.5,1.0,0.1,1.0
0.609294283918327,0.7998823096592926,0.55982416513307,0.3865228415110683,0.5582676977582932,0.7204023028114741,0.4845428232112804,0.42649683663402155,0.46010166330564783,0.8385771243391287,0.6212334689760393,0.5,0.5,1.0,0.1,1.0
0.400036474640696,0.3645765577546022,0.5943944451089569,0.6092890011296485,0.6711665489553966,0.7401524337856902,0.44673352371762226,0.4588939558079141,0.5751455734601774,0.6252645073640296,0.6127707727012375,0.5,0.5,1.0,0.1,1.0
0.6648338719583694,0.7162945477696165,0.7026564946827545,0.6656002157287979,0.4738888227527287,0.5430517792711775,0.7649419092552008,0.6937842419695781,0.760095458573629,1.105002092716468,1.009905393755696,0.5,0.5,1.0,0.1,1.0
0.7578719564254942,0.861924956027557,0.9754408188235449,0.9145640062616672,0.9227262952717394,0.8797301125567705,0.8692390511076789,0.7360312130526436,0.9210332362328042,0.7087211654418227,0.6517846452461543,0.5,0.5,1.0,0.1,1.0
0.9122825699907312,0.7646035001771472,0.9601758204832715,0.8363046990451783,0.7382520903526285,0.644255637818332,0.4330166082826665,0.12485098738219341,0.11044857977757844,0.23444374944537483,0.3207108009525167,0.5,0.5,1.0,0.1,1.0
0.8672461590454462,0.7194364937570746,0.7046843101570198,0.7731888135960933,0.7308857585242766,0.6407527979090696,0.7687305645304002,0.6542056077740902,0.06738668072225873,0.15582557442200984,0.09958826702730487,0.5,0.5,1.0,0.1,1.0
0.788939355094715,1.0353629023290885,0.8971358312754425,0.9796346151597347,0.8235554908332046,0.5799145483417962,0.6117847240174236,0.7162444863587955,0.7525371986984528,0.7322944099694563,0.4917770330670595,0.5,0.5,1.0,0.1,1.0
0.6578099072667655,0.4058607074166516,0.43468755365127315,0.6639800681719982,0.9564576759946126,0.5984135263474601,0.49352800557010124,0.836819721278671,0.847811792424803,0.8262259628311975,0.8503591413441343,0.5,0.5,1.0,0.1,1.0
0.4835143219791729,0.24784618832725508,0.1471824007000802,0.21600927546231052,0.22478170564674224,0.2240020478052718,0.22199717990361634,0.2432443645865079,0.23366137478811835,0.19622672997024027,0.5651032083522903,0.5,0.5,1.0,0.1,1.0
0.5925418501004981,0.4366312892932238,0.4170652753463574,0.34619744719741985,0.5099540841011176,0.39137432566085034,0.33097936159776675,0.17227429408026496,-0.0032248986426532678,0.2549135102624801,0.18030745865367057,0.5,0.5,1.0,0.1,1.0
1.3635337102528278,1.6250243217608893,1.6669094298473002,1.5106622303166712,1.378481723437436,1.3349875532241735,1.3179340871388399,1.3408810194212195,1.2471937945732037,1.0411839645079504,1.0701539542294733,0.5,0.5,1.0,0.1,1.0
0.2549289048593231,0.20978678648598875,0.18006959219058216,0.3763840285295398,0.363313704054269,0.06584462483622816,-0.16578569658508832,-0.24310903929466401,0.34796677792595165,0.415583831352563,0.3042206991161984,0.5,0.5,1.0,0.1,1.0
0.18247781877708086,-0.21915334924943544,-0.2285909514730694,-0.21424999351845092,-0.14767873789515995,0.02603705946617313,0.03962387273533716,0.21475811252514596,0.2980485672596865,0.6920057372031944,0.5931389003993276,0.5,0.5,1.0,0.1,1.0
1.2348218859386089,1.2610869328261969,1.0431076220229545,1.1049565675253117,1.3186803226891537,1.3691934031051591,1.2238921136080365,1.2501360966777602,1.2660849977806534,1.1992977979818762,0.9591429681427163,0.5,0.5,1.0,0.1,1.0
0.7585680635289098,0.803209913269628,0.7778077423844737,1.0282133093172705,0.8625417672927245,0.6054354452054075,0.48110063370546147,0.38469424212001757,0.6178621462852653,0.5453553783282282,0.6204854676124196,0.5,0.5,1.0,0.1,1.0
0.7060664769990475,0.5599204609086588,0.747651242006224,0.7442771056377333,0.5394726939462683,0.6422801482498753,0.8261297037317041,1.0009171470560243,0.9796470078801698,0.7757713687098723,0.6870275550748777,0.5,0.5,1.0,0.1,1.0
0.9274356789161786,0.8277486347932526,0.66749107562851,0.7689636742628008,0.7452291659203882,0.574038351363755,0.37289474867954364,0.7329523904117696,0.8026005189891892,0.8767480436393644,1.1307640245290445,0.5,0.5,1.0,0.1,1.0
0.551031288692939,0.6968687123821814,0.7286591739561863,0.7828996003115838,0.8642504305386128,0.723624037946928,0.7489908317617844,0.7853381212864413,0.5888961353540386,0.22239698973154226,0.017367073139149092,0.5,0.5,1.0,0.1,1.0
0.916034361552418,0.9086961790743548,0.7471886456501491,0.8074093686370841,0.5422970769294538,0.5391751159643049,0.5693596952382379,0.7888349333109816,0.9314425308710873,0.9199929112673747,0.7534210509931908,0.5,0.5,1.0,0.1,1.0
0.9074674127221481,0.9526517137660414,1.0421875107682355,0.967454005151722,0.7481101972885207,0.7481992979510591,1.078371811799722,0.9336641717985609,0.7406363815586195,0.7424738213859239,0.6662474007454182,0.5,0.5,1.0,0.1,1.0
0.2911664746399496,0.0181398196319405,0.175356020038822,0.205127073055686,0.24641849129256502,0.4913936908915761,0.3987366084943913,0.3043502209733556,0.35028137666619685,0.375128322240063,0.08070722656409596,0.5,0.5,1.0,0.1,1.0
0.23047997531345843,0.0930851668591095,0.03865072143106674,0.15569256857167302,0.234774399809752,0.30830042626122195,0.11214777220847466,0.20165190614747125,0.11598107214232653,0.2561800413055203,0.4712454220074366,0.5,0.5,1.0,0.1,1.0
0.4432818224486516,0.5863955237924405,0.3144695484995554,0.28082437069671723,0.17475629968494177,-0.013235872832105505,0.028179715626643197,0.01270677987641694,-0.0876623096388768,-0.19493809239479576,-0.14988794811445952,0.5,0.5,1.0,0.1,1.0
0.3702373373381953,0.2279162263534,0.3802238344564679,0.3220263393868671,0.30231132097112434,0.5356772094811763,0.4663661636040237,0.2521266645781851,0.08302581914311022,0.12148996287441431,0.017092965800750454,0.5,0.5,1.0,0.1,1.0
0.4154440611493228,0.3565214878057659,0.36451113258465684,0.483049827689364,0.6578666834525804,0.6414114398445057,0.6415823434762367,0.7985842935131368,0.5148496735881698,0.4897308643538405,0.5000739914703161,0.5,0.5,1.0,0.1,1.0
0.7956611322069872,0.662488607510576,0.6017770214917338,0.7620578443411122,0.4863969604925712,0.4539141515584422,0.6830891121357816,0.6806570900219735,0.6318700955029954,0.5351708842453844,0.24463173051735854,0.5,0.5,1.0,0.1,1.0
0.2853329695899725,-0.07137886170738639,0.09431025697285315,0.41195843219346295,0.5381441654065268,0.5348202989703889,0.47113777646266985,0.30786818539209293,0.5674816657482198,0.27626520152429346,0.1052149062429264,0.5,0.5,1.0,0.1,1.0
0.21348904621626902,0.18628629737205293,0.38382497998650267,0.46108345181112775,0.530176614346116,0.3812457201722279,0.2736276342090933,0.2624902540374709,0.38096601210736303,0.3020791161313952,0.7224715374191042,0.5,0.5,1.0,0.1,1.0
0.3798776286246136,0.4257110084785993,0.39097655376938767,0.3390727973578064,0.3344947367976693,0.13124671895448123,0.31208010388192053,0.5763964027770538,0.7128989581633408,0.6324442642680578,0.7128919965116179,0.5,0.5,1.0,0.1,1.0
0.6226363069219748,0.49835553789949605,0.44935270166362,0.502858605705398,0.47899775713179277,0.5094664859358449,0.5289937397029696,0.7133405127061566,0.8298545183508403,0.6132992110732804,0.42842444669443597,0.5,0.5,1.0,0.1,1.0
1.1595184939095988,0.8586159788767449,0.6295723007709094,0.7936055742003507,0.8521205176754431,1.015989489264239,0.8817859951450961,0.856460360527387,0.7954674946315813,0.8312812972280913,0.7662616122400342,0.5,0.5,1.0,0.1,1.0
0.620212894798472,0.5020248678791729,0.447486131497245,0.4756053965633612,0.35985594251310155,0.3260707590100107,0.36377046906053656,0.35738547357293293,0.1851323726120196,0.25444888650049446,0.1460745661804262,0.5,0.5,1.0,0.1,1.0
0.10791390404389253,0.16631512209962546,0.11824058917073299,0.085344158411456,0.3791566184613991,0.5720707796530562,0.6233573116210068,0.5903756874619381,0.6919788735716235,0.505554541413113,0.4961746695681887,0.5,0.5,1.0,0.1,1.0
0.9383006323673335,0.6401261044332088,0.7630231955792863,0.6319470205451666,0.5585591908899272,0.6899581070920072,0.3855810680334103,0.6784308133995597,0.8273152705802603,1.3365766485086,1.2133585059240048,0.5,0.5,1.0,0.1,1.0
0.7338358046610074,0.5894767625042067,0.6444994234783004,0.6898247818651413,0.966549045191829,0.8533719135318263,0.8070773502944865,0.8130219344442173,0.8114256153742427,0.9428412566634692,0.8052647426189158,0.5,0.5,1.0,0.1,1.0
0.2046454047617692,0.09025661437758378,0.14302770091015504,0.08983810818095699,0.49169810654980756,0.46288358688003967,0.21829741016930035,0.2785919999757072,0.20711059981520302,0.20942335807679344,0.31108402550455894,0.5,0.5,1.0,0.1,1.0
0.0318836313098455,0.06030348712518019,-0.004259492749805999,0.041622354635585404,-0.08553022271253999,-0.139793318835833,0.02807434075976757,-0.06462800533659324,-0.21627899474179552,0.011886541526210992,0.1718677489656267,0.5,0.5,1.0,0.1,1.0
0.5735588289312181,0.34230706839932046,0.36697708461527484,0.32681630583496485,0.5418205349954861,0.3753058212220374,0.506926911916967,0.579336223171273,0.46786750338856403,0.4307603692956997,0.38931325586502485,0.5,0.5,1.0,0.1,1.0
0.9644648022618022,0.7901390137131301,0.8088881468032033,0.984733064987437,0.9894093008714263,0.8895152654892797,0.9006981453776735,0.7560525896411753,0.4447446582924021,0.3708406565485399,0.49578729918356285,0.5,0.5,1.0,0.1,1.0
0.8955774835441007,0.9345453783318252,1.0645828200940226,0.7237468507766884,0.8323553740679408,0.8872702119268346,0.8927445728478088,0.8910215179085065,0.9298625969386065,0.727880102836987,0.6601853802819595,0.5,0.5,1.0,0.1,1.0
0.06831403554214356,0.2920149515808886,0.08778798245044367,0.15725656785134476,0.18779954690642753,0.10598564749314648,0.24473096975153733,0.2551543437452692,0.20590059045477357,0.09572812266013156,0.1909284177280378,0.5,0.5,1.0,0.1,1.0
0.8591065229619903,0.6827784643577055,0.9130108646017201,0.9506622173740021,0.6965368030608989,0.6053921022406233,0.6307358817761832,0.6214626702444023,0.44417123563318905,0.7158566582463197,0.7394881609587984,0.5,0.5,1.0,0.1,1.0
1.1271730874860226,0.8934000495383466,1.1005315802936373,0.899213983493768,0.9290772415738878,0.5453359420251687,0.3973382840170736,0.45411312732269865,0.36755713470343,0.48652349712562015,0.5585488428554936,0.5,0.5,1.0,0.1,1.0
0.8683592068363568,1.0242902097088358,0.9972482539164131,0.7218460397315163,0.7049275072748415,0.7588512152272793,0.8797691272221013,0.7811532885721204,0.6929045633074494,0.6047512513077354,0.7324559323693838,0.5,0.5,1.0,0.1,1.0
1.328387291965975,1.3009628322790465,1.2585879468247416,1.21367806211495,0.8820171478386576,0.7168006768901212,0.1324201997128882,0.12283101816999943,0.2761237203001526,0.363645343688712,0.4897852724157242,0.5,0.5,1.0,0.1,1.0
0.13626503500349463,0.13762431337499684,0.05232132677194795,0.20020091831248854,0.08465635507459815,0.27501574160700865,0.10115753436712635,0.07612003376866193,0.21883163655488633,0.38390164283513817,0.35167829793803895,0.5,0.5,1.0,0.1,1.0
0.42021595275616763,0.6695983314824419,0.5152680678298206,0.7494915365590459,0.7980095280148649,0.6124838352045221,0.22138175201855087,0.2218221495216022,0.3627998440879503,0.2935018382082065,0.47540540171327406,0.5,0.5,1.0,0.1,1.0
0.7151905304165863,0.6498013596884797,0.7799799449551897,0.8555344705748683,0.9148011922238423,0.7212470443069372,0.8855233079040146,0.5519332918521083,0.7623631201926844,0.7355848820346359,0.7231910437974692,0.5,0.5,1.0,0.1,1.0
0.5947328459338825,0.5054575799535799,0.5240044297539506,0.6004470057309415,0.5526603510721233,0.5945204793395936,0.46731512914064127,0.22406483473200545,0.43083752677099413,0.6150479719033586,0.6951121674186926,0.5,0.5,1.0,0.1,1.0
0.971284904426661,1.1973942548646317,1.1848370606310992,1.2203882699821758,1.2783994792166073,0.9545055987428668,0.7485255501318937,0.8297529446429791,0.6889846086394351,0.6035011268227717,0.6740305031292279,0.5,0.5,1.0,0.1,1.0
0.3045676411202194,0.224197211671135,0.5998508468051564,0.3617280148391887,0.48086707314886745,0.24706416212276008,0.37747218968432256,0.3817348849358626,0.2359476950280508,0.36917781360618235,0.3203687505662028,0.5,0.5,1.0,0.1,1.0
0.20243821291325967,-0.04616950151499269,0.18430532812672185,0.12521709360870803,0.2554239185181584,0.34362076431674665,0.201361875004885,0.2128354567637924,0.4401235492523749,0.5690497654505667,0.31629797327409903,0.5,0.5,1.0,0.1,1.0
0.5641550170145724,0.5325326469171839,0.5119729794749559,0.5363752699165316,0.7206080750491354,0.827886264824313,0.9675590872772691,0.674070530896392,0.5962037805366001,0.6894024973952912,0.5614968926901972,0.5,0.5,1.0,0.1,1.0
0.6939803807015826,0.9181431594035926,0.43758006674949196,0.6878671015884713,0.7646381284954573,0.7984411923087947,0.845818445197134,1.1589900337502521,1.2647910480378899,1.1374293678585785,0.9158965556592915,0.5,0.5,1.0,0.1,1.0
0.25977623441324493,0.20963994958934706,0.14431831014410654,0.1707824479277567,0.12136892516262243,-0.040350244585954265,-0.0821961617959041,-0.14513799367820293,0.17027024096925691,0.14754635047723055,0.1939770875128908,0.5,0.5,1.0,0.1,1.0
0.5193399650595677,0.4024964546823977,0.5535387370918532,0.6167724218204467,0.6609387974967442,0.7812077876185192,0.7571415266408583,0.613611164308662,0.6008402324941728,1.0639478486480605,1.0981772324532832,0.5,0.5,1.0,0.1,1.0
0.16722558067703613,0.5208883909271044,0.33127548076437546,0.10965481952607936,0.14814062690711377,0.38366993464044374,0.20146102791504977,0.18113170183994,0.19458922286690125,0.2013302906378608,0.3457075179762916,0.5,0.5,1.0,0.1,1.0
0.8547305778812675,0.6509977467344545,0.5018083316345683,0.5959701347834642,0.5782510589069964,0.6751293971576341,0.7552226792365455,0.6399132776433013,0.568171281306639,0.3111818558676227,0.3144028955778056,0.5,0.5,1.0,0.1,1.0
1.1836173190290251,1.0741667936270658,1.1286950497977737,1.0953452124095873,1.0668423486783625,1.0759283965342923,1.0341694186415256,0.9901548885084943,1.0398860269580423,1.0492423373945063,0.861812369498588,0.5,0.5,1.0,0.1,1.0
0.7096170708772958,0.5892619931317732,0.1573136210043138,0.4139951316611419,0.347036819581357,0.21164379949732395,0.17115955526102972,0.031154368669824073,0.20454544997951485,0.11902736276073095,-0.03931583922524767,0.5,0.5,1.0,0.1,1.0
0.797408510371374,0.7498270587329909,0.6750533815812629,0.4774304516276663,0.44885565627879653,0.41712139827753886,0.15551504997566162,0.0003852490946391063,0.12116821419201776,0.22979381467126953,0.12360941015705901,0.5,0.5,1.0,0.1,1.0
0.5243957133743953,0.6465065011356116,0.48396728887664653,0.626064210065749,0.7150256991560733,0.706750548365798,0.7191422625055531,0.6665666362927374,0.7590442231869825,0.8237883236468282,0.6746659289967907,0.5,0.5,1.0,0.1,1.0
0.4116619290349986,0.21775038741532443,0.014305807033410778,0.02274574924263354,-0.2959153373619602,-0.12406594023206281,0.17914792688105108,-0.08111455796284761,0.3164302108444095,0.4133414118880886,0.3216054024308077,0.5,0.5,1.0,0.1,1.0
1.9448584469334063,2.039400188295812,1.8762921615657215,1.9685297694373292,1.8528864739807223,1.9583073485207203,1.5876576667977433,1.4587384573117326,1.3158304518238442,1.466893601497278,1.3838074270528955,0.5,0.5,1.0,0.1,1.0
0.35225782207758294,0.3627831674792606,0.20162521267096362,0.0035633377137291866,0.12768105362027163,-0.08838877800257733,-0.33463260507450465,-0.4642213232618233,-0.41012679147019027,-0.28256373355950726,-0.24836455369305546,0.5,0.5,1.0,0.1,1.0
0.06592144846003242,0.10512540115511089,0.4142367250524924,0.13549970447331294,0.2284907882478988,0.3500242192853362,0.3046465004087632,0.4207455108213994,0.6493979071255025,0.650510088140863,0.5680206419828833,0.5,0.5,1.0,0.1,1.0
0.6839681698880066,0.6994054681874016,0.5567432927322475,0.5576803453563606,0.5814682165827068,0.6128425626088922,0.7177586820062302,0.8963949508586893,0.9129473990181717,0.9637277264694541,1.0379800188915693,0.5,0.5,1.0,0.1,1.0
1.0257594288747132,0.9217043095453343,0.8994388717958031,0.8503832567293539,1.1130513387624092,1.0959727448203784,0.8222068758563337,0.7274803939759726,0.6848013513115925,0.37466915179130916,0.5615967336201217,0.5,0.5,1.0,0.1,1.0
0.3995252716419607,0.33394088836689734,0.4345470866800013,0.36668638745368975,0.38480757403160626,0.4947125341642608,0.3806564535926697,0.24931440429292237,0.12411419182275943,0.24436548637901526,0.025173090131070552,0.5,0.5,1.0,0.1,1.0
0.4900080169019903,0.25616795674592896,0.24777424887690408,0.2188256648506498,0.13504065022346282,0.1744968482504556,0.17473498796394127,0.296979297270943,0.2788999032467163,0.22221803213993147,0.2908807347888301,0.5,0.5,1.0,0.1,1.0
1.1164597665882665,1.0717684526378424,1.0854775047174285,1.077827277806314,0.8122897688729038,0.7264834910547134,0.6550828523234011,0.40342476331454824,0.6157867944432309,0.3321631110840367,0.3144027617492501,0.5,0.5,1.0,0.1,1.0
-0.10193079530146422,-0.17379887655251455,-0.1652399503072966,0.0002931880001431769,-0.011649537791415962,0.3474050169386836,0.38631479504099137,0.4847890303867395,0.4194230030861361,0.2280950896283762,0.1428145963122735,0.5,0.5,1.0,0.1,1.0
0.6744075846675617,0.671869455511263,0.6883203897098022,0.44252412432730326,0.6232912196025647,0.6974505893416044,0.47099514845166257,0.35263956162868515,0.4754573809957046,0.65861952479855,0.4792015728659494,0.5,0.5,1.0,0.1,1.0
0.2850004983031075,0.03119489302622258,0.4106808835738006,0.3295787805969664,0.22008603430379817,0.4063715074155325,0.47139048062504346,0.5480018412330961,0.5320828288305867,0.6666573361797868,0.9314284991587074,0.5,0.5,1.0,0.1,1.0
0.5320212638811085,0.5973964221341995,0.5182258288899954,0.5855159614208835,0.30217575064470126,0.5130476821561325,0.6156188809507969,0.5989078569361399,0.5678117269631157,0.5229805562817156,0.616403564004387,0.5,0.5,1.0,0.1,1.0
0.12838053933540602,0.030287908706656458,0.310211502351958,0.3409350728007231,0.23593273489228242,0.0318690628258346,0.40106950772808625,0.4554578270438456,0.5254980216604789,0.2865506261123063,0.31404500689063214,0.5,0.5,1.0,0.1,1.0
0.3218179990302552,0.29068074445496855,0.16525633466652553,0.5969999210128248,0.6728110662046318,0.5295442207224188,0.4947572654146501,0.45601533894862845,0.6236392037929213,0.7195429816258501,0.8022769000892782,0.5,0.5,1.0,0.1,1.0
0.9146207169232262,0.8574129263859427,0.8543807830894868,0.504085425008156,0.2319705413656537,0.14095342000364997,0.21699501645056396,0.4207697458331682,0.45888738503694065,0.6316700799087466,0.9707675088216274,0.5,0.5,1.0,0.1,1.0
0.11907182184040441,0.2837913541707256,0.2057164040323963,0.20069821622360678,-0.02356090545130818,0.2796384010704769,0.5214740057498954,0.6443247052811307,0.6454289851081914,0.5380216638171303,0.6871516452959472,0.5,0.5,1.0,0.1,1.0
0.2240269195084019,0.2954675631264513,0.4687103360232182,0.7015164707935466,0.5880968813190288,0.4468945309150185,0.41452110338527426,0.5741050483633586,0.37953652846258035,0.3524587373047877,0.2301207037907509,0.5,0.5,1.0,0.1,1.0
0.9438308783011484,0.8685016106609093,1.2658113483831428,1.1050407498992816,1.1459448758528141,1.2420131030554094,0.9624428782683324,1.1784132433407037,1.0763635108207938,0.9408150229938953,0.9126233303704243,0.5,0.5,1.0,0.1,1.0
0.9572398930873837,1.1004336273797832,0.9424381443320513,0.9803972325276445,0.8033920246368145,0.7495882516609964,0.6499365599311722,0.5579437909434908,0.24338599667718758,0.2604505074207864,0.11011721928041893,0.5,0.5,1.0,0.1,1.0
0.9286097226453554,1.117972124795959,1.0320663246791135,0.973311728586601,0.8246782367671344,0.6941029190162893,0.7310185294548535,0.4147429827498869,0.23347457389801607,0.5318920823930265,0.603783010858341,0.5,0.5,1.0,0.1,1.0
-0.7860051358346765,-0.7119016532070112,-0.7706688440479216,-0.6151391729444262,-0.45457969450474733,-0.25186954355167324,-0.20231235392027594,-0.26278425221872403,-0.2499034421845627,-0.34813501430244453,-0.229911511058405,0.5,0.5,1.0,0.1,1.0
0.7888203865912946,1.0956105513459937,0.734811195078771,0.7167825960827902,0.9104128843842925,0.7253588786504824,0.5806815389158555,0.8145710654886043,0.8343042982880039,0.9130757280988373,0.8324605928336413,0.5,0.5,1.0,0.1,1.0
-0.4062853577205257,-0.05987022108595941,0.13057674761474272,0.27275942497500283,0.41629006398627616,0.33847711307310435,0.06394237907452299,0.030248871098581112,0.06838525547002813,0.2510245882849565,0.17494411895881068,0.5,0.5,1.0,0.1,1.0
0.9196841141150435,0.6404167845022068,0.8096567994279197,0.71218204719528,0.3564801341176932,0.43751702278184473,0.5271021305608545,0.7702669880301518,0.5058228178677332,0.13392393158219368,0.3639267550407841,0.5,0.5,1.0,0.1,1.0
0.5181394258127572,0.5780201554842022,0.5521354400472757,0.1908719258759488,0.06736318643544525,-0.03665626019574156,0.2200863767061404,0.4450328562447126,0.5147769447248973,0.6028488367989244,0.6639926831793839,0.5,0.5,1.0,0.1,1.0
-0.18656971050232965,-0.15120038174059458,-0.10338221876985534,-0.017324556935217332,0.206959437093292,0.14405168087607712,0.14845226944823298,-0.08386696637890681,-0.1216268325709775,-0.1491292744917329,0.07702679919911855,0.5,0.5,1.0,0.1,1.0
0.7704463948695869,0.3427227440361128,0.4550732049434152,0.26742455254380526,0.21422562935545597,0.16672501995669894,0.12817787789133805,0.3086530277086418,0.21485312638924237,0.424771682459749,0.2990824588894199,0.5,0.5,1.0,0.1,1.0
0.8189661510888004,0.7424953171727804,0.8372915629382045,0.9489973942615394,0.9205375280283474,0.798661256499879,0.9872657583555737,0.8526153187309927,1.0810278938282694,0.9300854018570529,0.8026227500648746,0.5,0.5,1.0,0.1,1.0
0.40416720354347985,0.7067668249217147,0.8181414493091032,0.7385796150446255,0.8139682414892593,0.9244913775681105,0.8014731698714085,0.8065554875370522,0.8172647448862271,0.9648092087907904,0.8855497080651643,0.5,0.5,1.0,0.1,1.0
-0.08788973186816969,-0.18777816548118825,0.28800039976194874,0.11754905678123517,0.15388640359110803,0.10776994242714824,-0.07426327172386038,-0.059879271373848145,-0.11693982438521835,0.011270463277235632,0.2970111961825097,0.5,0.5,1.0,0.1,1.0
0.21642917857809185,0.336945604795058,0.3502992136720794,0.2465513033221155,0.061859947691742107,0.30733134129960726,0.5787666696078256,0.6360214258875467,0.6268907575786623,0.5150826129376217,0.48771542793689265,0.5,0.5,1.0,0.1,1.0
-0.09183379275013019,-0.18901945755877947,-0.17713178577956104,-0.05537795559203561,-0.21310198233183456,-0.36061782574770934,-0.0987232835376135,-0.42512747805826945,-0.3266945731252011,-0.6045608585585273,-0.5249387199570393,0.5,0.5,1.0,0.1,1.0
0.06751319841081138,-0.019183242897630792,-0.2614363068848161,-0.15175767810957994,0.00538975030007649,0.17338071882354592,0.42555736440061853,0.3063142287582025,0.18973555814787854,0.3307362830076231,0.22645610146701342,0.5,0.5,1.0,0.1,1.0
0.8341481620200845,0.9554428578394017,0.7809833567210858,0.7995403111097229,0.8647955752303429,0.9889101807975615,0.9651930165622117,1.011630814080043,0.9866593740201727,0.8796195179583189,0.8403650097467626,0.5,0.5,1.0,0.1,1.0
0.1914795005825754,0.24978434022619278,0.3701069377803104,0.4384248168659364,0.582292175407795,0.559169055744048,0.654753247859247,0.6791623221443832,0.5085571067871261,0.48342285658044204,0.4004341432947397,0.5,0.5,1.0,0.1,1.0
0.9934466657499299,0.8342242862904657,0.9695342907842959,1.1200583581640595,1.2169874469487367,1.1592896163536754,1.3018899428943422,1.2760201705835794,1.1060946340798146,0.9682560081856182,1.0242009720616885,0.5,0.5,1.0,0.1,1.0
0.5503817089863379,0.5736704171599813,0.6456025518019026,0.6468054489761236,0.6386535687294159,0.7391720710280235,0.8028061948914009,0.6983431790745271,0.7032154307644032,0.9099697482793454,0.809047433978605,0.5,0.5,1.0,0.1,1.0
0.3670258234370842,0.6017471579835544,0.6336461639108284,0.7153709104637979,0.8956682144304839,0.8960009768661406,1.036484236165933,1.0919322637650373,0.9574701395911202,0.7805494343516708,0.7846210456854986,0.5,0.5,1.0,0.1,1.0
0.7032292620057509,0.6745166083013389,0.512598718517917,0.5073329867973275,0.5904006484883869,0.6490961220415138,0.8396962297272393,0.5754104871247738,0.5173939958841854,0.5682984171092071,0.5313415113184187,0.5,0.5,1.0,0.1,1.0
0.497519493397572,0.44145686717337407,0.5453437676736421,0.2834051955396423,0.3228020174446584,0.46830079585505185,0.3148223111329969,0.49624549527011297,0.7212625046933663,0.6930441413215318,0.7721860643750386,0.5,0.5,1.0,0.1,1.0
1.2602316624539678,1.1186039128681735,0.9072739685768734,0.7066166631756392,0.9997491141089248,0.9202375977938048,0.8619124834191384,1.1986485540375809,1.0072272833050702,1.2517006356901494,1.3615262209949934,0.5,0.5,1.0,0.1,1.0
1.3886447368665975,1.2304362343205641,1.2804138265559437,1.032614994326887,0.9114665534334083,0.8806328814080875,0.8897680589592253,0.9157815540202895,1.124637755346769,1.1515896637181753,0.9423074296117154,0.5,0.5,1.0,0.1,1.0
0.6965721391583061,0.5716528349484168,0.6725258711428966,0.4934793488380581,0.2490595418898717,0.34571806790162146,0.14050342849913977,0.024704897402976433,0.06928242526586809,0.12011053445569471,0.2211550564993766,0.5,0.5,1.0,0.1,1.0
0.3663983796156584,0.21925899114704836,0.23354801356438806,0.6633360490790862,0.7801041857724007,0.8066110542004116,0.9081347915971789,0.4137146324793536,0.4359227032136253,0.7643295067557627,0.7605053793867348,0.5,0.5,1.0,0.1,1.0
0.4535534651249662,0.48739207272576385,0.726871043553202,0.6603218394741837,0.72610980914999,0.9187956827076191,1.1783617035537177,1.2207838040218162,1.2622897738627885,1.3205606445379763,1.0682685987233353,0.5,0.5,1.0,0.1,1.0
1.0338299912318105,1.13379627638454,1.2006332560105797,0.9731732649512979,1.039271103787561,0.7885406865867444,0.8156963370992766,1.0356263688045557,0.9359974545087085,0.7283111119912713,0.6068004658204016,0.5,0.5,1.0,0.1,1.0
0.6927793184707496,0.2925013290776191,0.11487132979523793,0.1320091071758933,0.2731638740553239,0.28536753576541,0.4408841934379792,0.14625634425840967,-0.20681337547866116,-0.17823847295980216,-0.23630652593878115,0.5,0.5,1.0,0.1,1.0
-0.01235702058623288,0.20015491626915316,0.11921567900185337,0.14773008043269212,0.00719800445305846,0.12240238192424424,0.17269094097050308,0.2196685253099122,0.5095364408271491,0.33576561032131896,0.46473185739663153,0.5,0.5,1.0,0.1,1.0
0.4239511999803851,0.767166546345044,0.8773975684627104,0.6420639876457582,0.5033866098169835,0.6007446441355642,0.46534294333328696,0.5853190785877747,0.669089140401561,0.9992857040827641,0.7556878524482039,0.5,0.5,1.0,0.1,1.0
0.21697118783701008,0.22351879129880267,0.22703920721974186,0.30218999179665873,0.40342196925958396,0.6299378704923418,0.5475305474972337,0.7806582162123423,0.6665788499678171,0.7796113935798602,0.5358930881792938,0.5,0.5,1.0,0.1,1.0
0.06113306888131719,-0.2015919380744962,-0.18343746713772915,-0.07494065165472151,0.1291940689662716,0.2138280610724555,0.33364885014643697,0.26016442357718095,0.24389544403019753,0.5448071109375662,0.5888021992309653,0.5,0.5,1.0,0.1,1.0
-0.07143121349874076,0.22985353817712437,0.39096160385644874,0.363645339117944,0.6114883566483855,0.6842139142410354,0.8806872551403323,0.7471013430680896,0.3901991161047978,0.48581079250094106,0.49325047839816294,0.5,0.5,1.0,0.1,1.0
0.28917112075620716,0.11208472882768628,-0.23887536203748078,-0.14252855005450946,-0.1908592800649302,-0.19217206051123306,0.12660312376147975,0.050613053073583075,0.04369424831299694,0.29543278098064746,0.4681804101313236,0.5,0.5,1.0,0.1,1.0
0.4136470881347952,0.28535777103361537,0.3342356437336834,0.5268577052756536,0.412822207823237,0.42783731956627047,0.39277093504650257,0.1594527371624444,0.12133093256048104,0.3025219933123817,0.31569002319884654,0.5,0.5,1.0,0.1,1.0
0.07513307701405748,0.21137824216176482,0.5256747981784781,0.19320584057986956,0.38318441568210493,0.38303317266720227,0.27344809617533444,0.41495312078927316,0.43973301668395026,0.628614566995938,0.7069214780590962,0.5,0.5,1.0,0.1,1.0
0.5575455714108692,0.6238260555959092,0.39102217312257304,0.6072154511340598,0.5136309324165161,0.8071870726526492,0.8409840182914466,0.9842685487167862,0.8824499490570098,1.0281905953026647,1.0585194966961065,0.5,0.5,1.0,0.1,1.0
0.8379778873155225,0.5409567826082962,0.5426633995572042,0.24012900840582047,0.12953792061859415,-0.03145447595459219,-0.3633511702662997,-0.3121489838213557,-0.270407098321549,-0.4731818912386053,-0.26944488390397725,0.5,0.5,1.0,0.1,1.0
0.32041987338750144,0.35773968651570826,0.1338206427624558,0.18999880996518395,0.15066944072750943,0.3298544843292589,0.4295508917016091,0.08331906953319762,0.024370861450861078,0.048395755478297005,0.2468257474166874,0.5,0.5,1.0,0.1,1.0
0.3684927168113881,0.27069912024399023,-0.005668272484352754,-0.13294236680743848,0.4050126299787474,0.4430099918830074,0.7020497334693081,0.7692081791652918,0.8988961454239696,0.8544583584195946,0.7439861251444104,0.5,0.5,1.0,0.1,1.0
0.1985500164517156,0.6072396190172437,0.7249695872579618,0.5354532339046918,0.8859936227725318,0.6770041399395326,0.6704251138977618,0.5728845996479712,0.7693212186810593,0.6611882188269229,0.49956465356484214,0.5,0.5,1.0,0.1,1.0
0.7453598011830616,0.8529605954907055,0.7886233790067905,0.2494451171784794,0.028595400019615858,0.06256039434245257,0.07582144072481856,0.22026103201415503,0.2771602870418245,0.2855629264305663,0.24812773281257355,0.5,0.5,1.0,0.1,1.0
-0.4477967750266117,-0.31337278327666646,-0.37923868538824207,-0.5487763083298024,-0.6115997818230107,-0.4390895201355297,-0.2120104842952007,-0.17844570717477648,-0.07938078772156462,-0.04426492257773397,-0.12846072345350856,0.5,0.5,1.0,0.1,1.0
0.6666984987441015,0.7387692942141961,0.928013227106906,0.9387893256219288,0.6524288327705782,0.40221610543903086,0.682788683179911,0.5013778890960295,0.6151702246140551,0.7184611303898962,0.4613066704292009,0.5,0.5,1.0,0.1,1.0
0.9826159887262195,0.907966200022393,1.1969374397218246,1.4055996911398134,1.097996595286447,1.154482477235908,0.8099924614599456,0.9457050044917967,0.9709009210202144,0.9797289616445305,0.9477104980845702,0.5,0.5,1.0,0.1,1.0
1.1649655797296763,0.99270681428388,1.0820310163836933,0.8624758980646581,0.6915974677765719,0.7139386492364457,0.8364308014673494,0.42076838648118653,0.32394284598803536,0.27886484309453113,0.253101681683254,0.5,0.5,1.0,0.1,1.0
-0.42204243546155107,-0.37079651235882993,-0.37554675590737496,-0.17666400197796023,0.11120792914894498,0.15148171944970465,0.0872345927918106,0.2545601511407687,0.1844767347842268,0.09696297175082284,0.05899790725603947,0.5,0.5,1.0,0.1,1.0
0.6441644204882956,0.7244275909974321,0.8949779368477492,0.7835540383699537,0.7772371907030347,0.8618116397448916,0.9170920711183403,0.9501906071218248,0.6331671691813358,0.34939350350114545,0.47922359785990476,0.5,0.5,1.0,0.1,1.0
0.19415086542936572,0.1645723063485252,0.19862737061286134,0.10632662887509485,0.11638146197786374,0.1570850178805423,0.1359601179324761,0.06292742214937766,0.22943925481687533,0.07777658175958191,0.08352455895096754,0.5,0.5,1.0,0.1,1.0
0.7281625251381327,0.7311991552184406,0.6531456119801908,0.6134697670637141,0.3230683814749039,0.2556711193337776,0.4049347537797308,0.2772731518362659,0.4987826713228809,0.5857630101463939,0.5291114301042257,0.5,0.5,1.0,0.1,1.0
0.1862179798603985,0.1772654637922085,0.19659178794314908,-0.06076074649954766,0.04983522827746199,-0.21834189392336587,-0.09385940212278734,-0.299792195433664,0.008605763579333875,-0.0794932339413007,-0.07690653018995693,0.5,0.5,1.0,0.1,1.0
0.19020829114276624,0.2122301466246932,0.5475993436240718,0.4851848971970796,0.49025118876255896,0.3715053815110572,0.9195906450675145,0.7829867110191094,1.1730477008562044,1.2288876495742356,1.1311597278753711,0.5,0.5,1.0,0.1,1.0
0.4652654812210194,0.25847587625700513,0.40889088623648984,0.45646491332780725,0.362143343598746,0.36399761767791405,0.4172558320327536,0.3926874923622223,0.3512844029289016,0.3543347832363884,0.19450745265924327,0.5,0.5,1.0,0.1,1.0
0.6202770523003756,0.4858829883946786,0.6332436878995295,0.7086718066123782,0.8855747307136218,0.8388902125219047,0.9768541875320288,0.6873611804313682,0.5715675023987603,0.5233013576446041,0.38562909090460573,0.5,0.5,1.0,0.1,1.0
0.9082884281790664,1.1302253089392522,0.9459759969195931,0.9483485229079373,1.0270027721066182,0.8447333281800342,0.8701872316156488,0.7183805952995284,0.7402822723049163,0.5432871216731262,0.5393786726395259,0.5,0.5,1.0,0.1,1.0
0.23603069887220676,0.33815651555096926,0.21980657825439437,0.17492472194314404,0.540563243732553,0.38953961399695336,0.30110241462641263,0.3286761279480932,0.26248065428842127,0.32552710990471906,0.2327706824446767,0.5,0.5,1.0,0.1,1.0
0.3168166806927664,0.19366195673789707,0.149277708092168,0.1808988742274836,0.35146068810866693,0.40319679465305275,0.39701445973961796,0.22897240356390702,0.038032432164745805,0.12192922698084882,0.2529235319832547,0.5,0.5,1.0,0.1,1.0
0.7242077457831564,0.5955670988357556,0.4518919347407079,0.5861446814210887,0.4287046359724136,0.41783250086508783,0.34124866863621495,0.47228820977220953,0.5350220061471999,0.6796222036140551,0.87723603793072,0.5,0.5,1.0,0.1,1.0
-0.38056430081746084,-0.1906236018179111,0.3165380702698074,0.5091309504418023,0.5278525518495019,0.5150126431419801,0.541712569827044,0.8555523026841434,1.0006491442723615,1.3080470185930713,1.2712359802552142,0.5,0.5,1.0,0.1,1.0
0.04055605386726729,-0.0158359010322843,0.12047495536860167,0.22507747897722183,0.060210202911871485,0.37976882646788224,0.4139167299282925,0.5195601883590724,-0.0037947654989229918,0.07402392636923728,0.011247936758515806,0.5,0.5,1.0,0.1,1.0
0.2289770782027903,0.2881502829126273,0.2947124513047402,0.5583113373254542,0.5450983795132476,0.2502936284880774,0.27426033331746763,0.295624331804581,0.31002116619587183,0.4427554351611148,0.4175830244388487,0.5,0.5,1.0,0.1,1.0
0.9893666059372693,0.9718400039197171,1.065321132885482,1.0866312208430917,1.09492104268491,1.2039594684635326,1.2172007249847607,1.354095759991456,1.2720760071186392,1.0352302237951223,1.0223358819345902,0.5,0.5,1.0,0.1,1.0
0.42544117927863034,0.11237851806757965,0.241966480344477,0.0022492487434694897,0.10060697669698443,0.23580892070211654,0.4725602142975782,0.3756365520698202,0.40646332316766826,0.6453870616708509,0.5885886847813422,0.5,0.5,1.0,0.1,1.0
0.33740022775763456,0.03949424148803665,0.09893553628962569,-0.20024467979356733,0.02611772436403559,0.01760791159289253,-0.16243828597211638,0.08497027048198386,0.09768120287749725,0.06669726495207438,0.024409654949310827,0.5,0.5,1.0,0.1,1.0
0.5521586266141547,0.6011296822059435,0.515774567133335,0.34613819852757544,0.6525666419969902,0.9123045491799082,0.9377294470306848,0.8648014434731446,0.8298861319202931,0.6870716791488353,0.8670448606961785,0.5,0.5,1.0,0.1,1.0
0.31858358369920153,0.31050432055319094,0.4615869886865497,0.49792485832081573,0.4828137611000626,0.73474092346997,0.7206432597302025,0.4944316325222361,0.5481403280843584,0.522620908426388,0.7293957356143903,0.5,0.5,1.0,0.1,1.0
0.33464278919591806,0.5702911679536175,0.37296285082811775,0.28936590033558574,0.14453833419944584,0.33269691847127114,0.5021152389118254,0.5668481503067742,0.20795776502708407,-0.029171401203493957,-0.00943189462154892,0.5,0.5,1.0,0.1,1.0
0.2002258997173727,0.12700582380584036,0.00783409787889422,-0.18541640179173863,-0.3121873871316982,-0.31764740105866174,-0.12943986482036035,-0.12434260653574614,0.051810311628894795,0.21477346551013887,0.5217429899819643,0.5,0.5,1.0,0.1,1.0
0.4672618490402345,0.2263749458142062,0.3067294032702458,-0.02574337722184422,0.0438029877344987,0.1249260870956937,0.0789785212882257,0.24496819358379096,0.3787270137477412,0.5306349305099102,0.7255346198183381,0.5,0.5,1.0,0.1,1.0
0.5572399956268235,0.7009080655457864,0.8469338654671206,0.8759591213765239,0.6134323512960277,0.5164842674032262,0.8379558325277289,0.8751597889538443,0.5586444148084859,0.6743730614232245,0.6462270068380227,0.5,0.5,1.0,0.1,1.0
-0.07604892299442573,0.16444133808992206,0.014983300680431688,0.10641084495771731,-0.01452015513266633,-0.1367881258201548,0.03486886813507989,0.08196425707210261,0.31934286512172355,0.22753207283231236,0.09382778828202112,0.5,0.5,1.0,0.1,1.0
0.6351781067990618,0.5396378203175396,0.5846082482759649,0.7369806975410771,0.6999648762925696,0.6415773336478887,0.6620772312462688,0.871647886330668,0.9530612834326364,0.9653723540820436,0.7741815528213855,0.5,0.5,1.0,0.1,1.0
0.9362169143089162,1.0985302387255786,0.7926609587661917,0.9406120382386359,0.7944352500534326,0.7958366506496863,0.9051655719761675,1.2572870173383182,1.2134154013492087,1.2520874056600244,1.593170490140302,0.5,0.5,1.0,0.1,1.0
0.3767172425856914,0.2738436751030031,0.1936341473173087,0.17708946064556963,0.1955429832809578,0.12641777498897744,0.27970144120440243,0.17258229106556003,0.3600187830591331,0.4803814588696461,0.6189190414058364,0.5,0.5,1.0,0.1,1.0
0.1698295565655025,0.39384203208430324,0.438146511647041,0.44696339415128217,0.6454094544058935,0.7827489957776932,0.762147265260187,0.6533155774785371,0.6442077960733352,0.6605046704184834,0.546229830204579,0.5,0.5,1.0,0.1,1.0
0.8171435886845855,0.5872266731466502,0.5916174745892172,0.45366714425587756,0.12776390449370423,0.0911557969783193,0.028899599888159752,-0.07373727937832075,-0.03759412674105689,-0.060103066156453167,0.2839409881326907,0.5,0.5,1.0,0.1,1.0
0.15935682135809418,0.03314563566820489,-0.07420025115844694,-0.12749433244384106,-0.22036200940622808,-0.19514716457022716,-0.18259935488347281,0.07029242062287887,0.0033843100925598224,-0.028294856936207598,0.020358132618072157,0.5,0.5,1.0,0.1,1.0
0.8188882075315579,0.8074667580542966,0.7099296060182232,0.8504426146433495,0.8851574318437306,0.7595883337446596,0.43518118581209386,0.34364039014510495,0.5066540787668067,0.566693437399974,0.2563039126587257,0.5,0.5,1.0,0.1,1.0
0.6112218410050289,0.6611680026393916,0.6365883576484724,0.3908621055051366,0.4410640582213567,0.3868962584449294,0.5051775531027379,0.6168913781470824,0.48579199410816276,0.612761733617746,0.5215834636797202,0.5,0.5,1.0,0.1,1.0
0.38246983243299776,0.3441488589268278,0.20151555600286677,0.2052993915002828,0.1771715326875296,0.44664448972945947,0.1390088732767626,0.33078804237325443,0.5388189140107498,0.2353151726394478,0.3503156060893921,0.5,0.5,1.0,0.1,1.0
0.3164343894239251,0.27148208317369943,0.42300139442546414,0.6260292920183931,0.5163304864872592,0.46385924763086744,0.47605702638800135,0.4348146360786387,0.5876771775021961,0.6262574299269948,0.31256526641797105,0.5,0.5,1.0,0.1,1.0
0.28442812989667104,0.21651116561793143,0.28762583277273607,0.16470466917012758,0.4237396038569864,0.5678571705441449,0.5676209915066198,0.4181775406102274,0.5061537342975299,0.45760883980424716,0.5089102365244254,0.5,0.5,1.0,0.1,1.0
0.5136294591115321,0.6530953107332227,0.15258525000923018,0.15948289836929028,-0.02022080751643343,-0.16291436292607303,-0.054734263427228584,-0.03129165814613897,0.13175861673785477,-0.02765849397426562,-0.32470676340652915,0.5,0.5,1.0,0.1,1.0
-0.06405047734068438,0.12320211639360151,0.16296675396957672,-0.0348293488639185,0.1156922793973009,0.13893314848521343,0.008309952253120423,0.16442812884548702,0.3401514350436735,0.5085392339797805,0.5969911255265189,0.5,0.5,1.0,0.1,1.0
0.017944786640392823,-0.046220147768234784,0.29154358604781866,0.3167598744099258,0.25102234315018845,0.6709993884124988,0.6941016652432888,0.8090450645218966,0.5331020520067921,0.7487544437256795,0.7880612835252213,0.5,0.5,1.0,0.1,1.0
1.398038387210764,1.0333477395650295,1.1081508096382457,1.1305854208961603,0.8701359041704269,0.7339936932444575,0.640541777849514,0.5796379045623284,0.1720286303041288,0.3637769191342244,0.5050191949669346,0.5,0.5,1.0,0.1,1.0
0.9698717154706311,0.7322661640105054,0.8678428629445808,0.7734515745533794,0.7109980381005788,0.4126910987294026,0.47139971253237295,0.49156586388077245,0.6577631923438442,0.7607409808285026,0.44113022322626416,0.5,0.5,1.0,0.1,1.0
0.5772231817906093,0.24736976531626875,-0.01814692228452558,0.09370317493579106,0.15839086644912861,0.29599518913103173,0.271612906449578,0.41659048996760983,0.40523722377876453,0.4658656871958878,0.5214772562146579,0.5,0.5,1.0,0.1,1.0
1.1187420035487357,1.0834935926641058,1.0882813947358865,1.1816585630962368,0.9345957670773863,0.8994488936614071,0.8400403879480882,0.9671111373742786,0.8642450947180756,0.9712184535332528,0.967102063568116,0.5,0.5,1.0,0.1,1.0
0.682333606604506,0.6818815033083038,0.7361049392524291,0.8516869609675332,0.8897020149097566,1.0617124419920434,0.8000000040571574,0.6075104410387901,0.49691568464577196,0.6524211043611264,0.27965532466226234,0.5,0.5,1.0,0.1,1.0
0.5458040449266153,0.2965535233033651,0.5200223319705324,0.39282954017133703,0.5544847212351822,0.591500660513314,0.6290653944585787,0.7740333372695877,0.9316519046803444,1.0787047820056783,0.8280848415471794,0.5,0.5,1.0,0.1,1.0
0.6631519486360147,0.7242618405854486,0.7274897679979875,0.8673817483422999,1.077263983941314,0.9181847188105399,0.7665502335479575,0.927310257839978,0.8780837996362831,0.8133203795026966,0.7779272871808721,0.5,0.5,1.0,0.1,1.0
0.6625350396407602,0.8503104564822999,0.7652937446091598,0.8102929476072349,0.6576589203055027,0.6197995467878622,0.6422331197968851,0.7325065079494334,0.4277206944527934,0.32394671379047907,0.42152911067082816,0.5,0.5,1.0,0.1,1.0
0.8950198959289102,1.0738162539785263,0.8326562052319618,0.8382746694789915,0.9698033393608056,1.0093293630309883,0.8530111099648451,0.8381218678920732,0.8866380830102538,0.847798209161144,0.9261544217489277,0.5,0.5,1.0,0.1,1.0
0.12331382305025543,0.16435467901158815,-0.07291884022780673,-0.09153907702017502,-0.060215172164836434,0.0609759325316101,0.08770857505917054,0.15041890030680588,0.3426088261732809,0.519676345633108,0.38931767167444065,0.5,0.5,1.0,0.1,1.0
0.9688821633939989,0.9381459833376348,0.794955699249001,0.7314434956001629,0.470796328588469,0.355361061019408,0.23384973039356066,0.5029616867305022,0.6138904242067962,0.7357284799085893,0.460170236160773,0.5,0.5,1.0,0.1,1.0
0.12509623849304213,0.33601234597292906,0.4818994798090459,0.723968908057895,0.8071778495617493,0.9944708735322803,1.0794895942170688,0.8511410499315302,0.6539214806053726,0.7268575823208953,0.9673504703224669,0.5,0.5,1.0,0.1,1.0
0.4828039294266539,0.4291542612370496,0.09798838727448,0.2079298233811877,0.13689712115561112,0.19897866999309302,0.12838773933562508,0.28764593112686115,0.23794276495760924,0.367286248623094,0.27403170780535085,0.5,0.5,1.0,0.1,1.0
0.7639780275162679,0.733688605341906,0.6859595839616309,0.7489473359384958,0.4742681278941213,0.6497022915158381,0.3938987935290234,0.6980115765330082,0.4364628780396458,0.2301446679333799,0.44554608188024986,0.5,0.5,1.0,0.1,1.0
1.0305587082723855,0.9822177142268673,0.9924402820792241,0.6993133095880408,0.8212012432790339,0.6203565091614749,0.37992344626892305,0.4337376447707261,0.29885816315779784,0.5166826540922645,0.5474256058972974,0.5,0.5,1.0,0.1,1.0
0.5450235100431755,0.4342044003425056,0.5159231173263197,0.4562118690865106,0.4518589475888669,0.27676828772169404,0.08062958128347822,0.09815512618286093,0.16271338639016747,0.08671985772622592,0.1474602350689083,0.5,0.5,1.0,0.1,1.0
0.9250710720692082,1.017065931883685,0.984154168881728,1.1883397470437886,1.2452225790890783,0.9875564095756563,1.1425156723418763,1.0186312624739995,1.1507417753568796,1.1877664755794541,1.2703567084922194,0.5,0.5,1.0,0.1,1.0
0.4593983212875075,0.46283129683235386,0.6076980524974706,0.3369433521342284,0.42754604918706657,0.23826647760531733,0.20360372440771402,0.17110780748742352,0.24651952069200214,0.26248899014967236,-0.07989597532140902,0.5,0.5,1.0,0.1,1.0
0.11782847738577454,0.10592933560927198,0.4332924837104716,0.5013499684694197,0.30472539964266665,0.5578997774866369,0.5088026162157578,0.6987807988697149,0.5871080776983754,0.5498498699727588,0.7321827364077551,0.5,0.5,1.0,0.1,1.0
0.6584751573183846,0.456322890382818,0.44480097695749327,0.5318399703777392,0.4564955548794369,0.3991400350427268,0.3084259809260007,0.3421121703625376,0.4484603185475918,0.31597540941300917,0.24027188277941933,0.5,0.5,1.0,0.1,1.0
-0.08980899356650615,-0.11948249539688219,-0.18723705414871408,-0.11098760650849755,-0.08767245403459359,-0.12217955038452966,0.22663844411397616,0.14855379796002777,0.3391219204477749,0.2840952633871082,0.22223254804198792,0.5,0.5,1.0,0.1,1.0
0.45640533918690607,0.3614511603208964,0.5090025405212261,0.8025539120229661,0.8420575508469371,0.6632952927949249,0.5838787679075119,0.7447455374809901,0.8465727058334229,0.9980929372705426,1.0707203686288198,0.5,0.5,1.0,0.1,1.0
0.21195083414724006,0.1727796886292357,0.08092075392906128,-0.031217705639319818,0.004165515848826056,-0.02724098524061623,-0.1965459511589548,-0.03283793284615161,-0.0055034989129951195,-0.0853916930310665,-0.057583585450059,0.5,0.5,1.0,0.1,1.0
0.6287944967840657,0.8102958919313792,0.6578688804446904,0.6948541174361904,0.5941845995354965,0.5626880627411235,0.6566793604956926,0.7052074005371909,0.6077282483612247,0.5202828191489994,0.4740139413598767,0.5,0.5,1.0,0.1,1.0
0.1328024033794278,0.2177505313879494,0.2741630474280173,0.512681888756662,0.5497179693047118,0.5842586369483413,0.3745465459894888,0.43793248433812776,0.4197857503618132,0.5222091465473502,0.5345357889068549,0.5,0.5,1.0,0.1,1.0
0.8792100846980447,0.8222025541868693,0.8459427802370296,1.0288090816328255,0.7573151250859907,0.6424864047177173,0.7435063367784994,0.5240020841518813,0.21456894295032503,0.3759228769986712,0.29711653462852594,0.5,0.5,1.0,0.1,1.0
0.7383176553049912,0.8615750354707619,0.9817292410993306,0.9610608342535004,1.0005101366025153,1.0700920154290272,1.2758845970447297,1.0880100502028855,1.153183941084025,1.025863840830432,1.0249870535726087,0.5,0.5,1.0,0.1,1.0
0.022392089736976453,-0.04727778397662505,-0.06498011498009434,0.23370987509725627,0.1890443986024321,0.01438102187389878,-0.271645977403512,-0.02163094270736632,0.1270859267590862,0.00991407573609937,0.057384144191944465,0.5,0.5,1.0,0.1,1.0
0.7016467298213459,0.5042053263321047,0.35082335725465486,0.49956295952799923,0.5813617266503452,0.5934758311973511,0.7605564307077011,0.6945570272975724,0.5564509819674937,0.5970472331477141,0.3471370497781273,0.5,0.5,1.0,0.1,1.0
0.26509244176818003,0.05869648187144408,0.10379716969958686,0.33506468373092274,0.4433076984825555,0.7147764258353279,0.6900813273571245,0.6395349356906146,0.6332698872307769,0.5765792432950877,0.6476863618837028,0.5,0.5,1.0,0.1,1.0
0.5413648849491454,0.5826791421475553,0.48072660348192864,0.26972685909985206,-0.030950015920515828,-0.1572916581538886,-0.15257102879047704,0.008704760144437856,0.0849695395440429,0.24267496837793373,0.0018795815289695539,0.5,0.5,1.0,0.1,1.0
0.49574690192852017,0.3863745571790812,0.6505706200862036,0.8228292271667746,0.49990172378119824,0.5715210590632092,0.6168704153805437,0.3888425561435823,0.2810969834813466,0.26892533788554634,0.24755846033235437,0.5,0.5,1.0,0.1,1.0
-0.24165894388902512,0.18819891588131338,0.07706520830102312,0.045012270528891896,0.3625361942927103,0.04685394447312918,0.17112132780907335,0.15538348414289493,0.14416029064617947,0.20446648121565786,0.06642517024331121,0.5,0.5,1.0,0.1,1.0
0.4913892529013404,0.43716592027395546,0.841168154186536,0.70858499373394,0.6182624256799113,0.9138053610400858,1.2268178625537742,1.1607131790215905,0.9352236623978973,1.119978349787738,0.7891621652385585,0.5,0.5,1.0,0.1,1.0
0.1171487887504701,0.06302035055576162,0.19345328390942507,0.06834420010446365,-0.04182504361548897,-0.03566049032382845,-0.17976523610978506,-0.15540593328502358,-0.13807639647771924,-0.03402321113811596,-0.04507999526393802,0.5,0.5,1.0,0.1,1.0
0.5262646126028578,0.34201966602768774,0.6144924465602342,0.8712559812562715,0.4712017092817279,0.4540536316357515,0.3029107628545875,-0.17601009570865433,-0.03972037461963923,-0.004167663625838036,0.13615146825623214,0.5,0.5,1.0,0.1,1.0
0.9976317696723199,0.8523257927967635,0.7680373033343874,0.8633953910360721,0.6875539502235674,0.6558063014318609,0.6968860575732511,0.45447256444559947,0.47681313216628296,0.3220444145436653,0.418498753795229,0.5,0.5,1.0,0.1,1.0
0.6425619108075543,0.7634532676439283,0.6574305297293375,0.6047390357323459,0.7109209624585027,0.87886524730472,0.9450519365625087,0.9255220081561677,0.9776048789982721,0.7150824098770916,0.7227835326048533,0.5,0.5,1.0,0.1,1.0
0.3843261444739827,0.5569921858459712,0.6827220522561785,0.8103240172897792,0.7418594897757445,0.61384290579034,0.8771705425752372,0.9837317436696154,1.2758765087043669,1.1612690947289246,1.0504778624067541,0.5,0.5,1.0,0.1,1.0
0.3488705761324344,0.19865393681100316,0.12179195787279533,0.19112647888749554,0.29194421710331286,0.05206572160212425,0.1810234939827765,0.27855157266671227,0.4885450087058113,0.444100369197744,0.6272229829346253,0.5,0.5,1.0,0.1,1.0
-0.05141486053314428,-0.033133706959484394,-0.1322976905864557,-0.09269197868806882,-0.12732952387148821,0.09811010533802897,0.22556274251011965,0.4038743108410102,0.6578997552468671,0.5777567425601027,0.992902680686078,0.5,0.5,1.0,0.1,1.0
1.0666521077639384,0.9469880869678099,0.7952124321713071,0.8272966135635756,0.9436560914120422,1.175595476061165,1.2163526048015376,1.0522617280130178,1.3316749581695952,1.2693625089112144,1.3002449707211723,0.5,0.5,1.0,0.1,1.0
0.4869876019423911,0.7620518596391458,0.7536563050718422,0.7618558350765092,0.8410895664304955,1.0507316016066752,1.2176320601858373,1.0623358845142836,0.9271590989795367,1.0012622119410812,0.7999817755863845,0.5,0.5,1.0,0.1,1.0
0.4268828182319106,0.3104681630113103,0.415184252410474,0.6072003494784122,0.554323827257934,0.8022022101179533,0.9657883805009522,0.9097517139050159,0.7244052791497487,0.7556831280875452,0.8520574302012367,0.5,0.5,1.0,0.1,1.0
0.5676051108756199,0.5315339589462732,0.5458949236782914,0.6668282263095979,0.7330117619192602,0.6953720481919368,0.5995567276006495,0.46722605527939753,0.3956152790234724,0.4559223138900685,0.3666077408615278,0.5,0.5,1.0,0.1,1.0
0.2091994270357718,0.16180542469163806,0.3829284179673502,0.3188263977514159,0.3471811108926343,0.07003105017615874,0.3065853917088115,0.33606329761618836,0.3247775662199778,0.32008147476821197,0.23299349186971302,0.5,0.5,1.0,0.1,1.0
0.014829495570693905,-0.15024884574276182,0.018741651187191677,-0.054480889953841385,0.23675708791466393,0.1814499381625656,0.2159534171216845,0.16408711560452033,-0.13728784370416966,-0.20207081464446136,0.03720865360963632,0.5,0.5,1.0,0.1,1.0
0.26463292538228106,0.1878929054855834,0.351802684383801,0.3877075474771263,0.6466848314915381,0.7501082007564912,0.7116314078868649,0.4829144075863273,0.7709537260274524,0.7384638532795295,0.8452383786670901,0.5,0.5,1.0,0.1,1.0
-0.2440476835489528,-0.4052059976341056,-0.3033632884851562,-0.4977183699769887,-0.46954547838449756,-0.41755165467770916,-0.3599817326839134,-0.39080787117513804,-0.1637848819962778,-0.22395773834517935,0.028209015582791985,0.5,0.5,1.0,0.1,1.0
0.6998233997542086,0.4559684323590213,0.39545270543282346,0.4083829103021822,0.37608076788564837,0.329290343199396,0.5920221490315745,0.5534549665170093,0.6974943348160929,0.7452738584875731,0.6404944220282762,0.5,0.5,1.0,0.1,1.0
0.5580366497594046,0.34899727111539547,0.2998313661717166,0.28151835168851186,0.31575333304125397,0.21819960277199585,0.05302584915021352,0.3026564136909129,0.4251267123125907,0.1488481182286402,0.27947283614534746,0.5,0.5,1.0,0.1,1.0
0.6914453096074593,0.3152115788954146,0.3562875748500655,0.4512871559152744,0.6576526996062728,0.6124397006752638,0.7314484515824163,0.5426074474071398,0.30813269141506605,0.022933814089852733,0.3279122870814701,0.5,0.5,1.0,0.1,1.0
0.0004927001963440839,-0.09782492075630045,-0.13870766105102966,-0.013965765202343959,0.03807433511010359,0.4098119655347586,0.4377120497726755,0.3865885253398259,0.44670979648477194,0.37253463114101,0.26958430236969455,0.5,0.5,1.0,0.1,1.0
0.3201356146752222,0.5535873595466209,0.6667528705672879,0.5595383225937868,0.5573160589804887,0.7189650447511319,0.97147811132285,0.8536473000888232,0.8840438179604966,0.8203511126816183,0.8216396413530477,0.5,0.5,1.0,0.1,1.0
0.592543269439748,0.48750078872414604,0.3081254588549447,0.3452042835510887,0.2880372456762512,0.2288678533862054,0.24855212296824297,0.1345327722237895,0.20506107401892945,0.13531793601237613,-9.817598739303435e-5,0.5,0.5,1.0,0.1,1.0
0.59625424465576,0.46923726522771236,0.5238954888587367,0.41868628538613994,0.34684191226607763,0.32806440048268615,0.18180134432776254,0.5764213502300048,0.8515658094656353,0.9378664229828874,0.789735999137927,0.5,0.5,1.0,0.1,1.0
0.401064308929445,0.3596950901773535,0.38904752161205425,0.3367905236700922,0.3504470904062671,0.5293617779101265,0.5863274638847263,0.325415221424534,0.43480729827583514,0.0709018861923395,0.04692236975582531,0.5,0.5,1.0,0.1,1.0
0.872062139292741,1.1331033112506574,1.1221583802637232,1.1866704321734853,1.2992759520907111,1.4825888808159635,1.6673560487904042,1.547241028961073,1.3442864957616645,1.0898012758647766,1.2965815658438793,0.5,0.5,1.0,0.1,1.0
0.10403311990147185,0.1464235345822445,0.1659681016897367,0.008992808936733598,0.07198680126479816,-0.0066748767600103565,0.058800391800900007,0.17906326075480306,0.1050163015785127,0.1073671430968911,0.0893641858716212,0.5,0.5,1.0,0.1,1.0
0.5438888231116796,0.4752142294061733,0.35131205759301426,0.4557477978631894,0.3310764457797696,0.30762614941621813,0.22987564017443102,0.28400185718856136,0.09998151540457484,0.28600859943244533,-0.18455291606660845,0.5,0.5,1.0,0.1,1.0
0.25537098089513127,0.06514262881596786,0.1069982277379298,0.22420158487908504,0.3937130267993123,0.6090202711721847,0.6006781421506776,0.6491528350706554,0.7281864712067779,0.8491604147681421,1.0082599617896737,0.5,0.5,1.0,0.1,1.0
0.298376162429412,0.13321878523212194,0.4559739150792489,0.5916450457763798,0.41268694812617746,0.5056244030410173,0.5028668122794925,0.44738321001310283,0.6690584652564768,0.7270951492679543,0.5209849247752153,0.5,0.5,1.0,0.1,1.0
0.5828445836386736,0.5162714207330968,0.4325104646012979,0.35772144854190263,0.323936553208488,0.2733913323467694,0.4581083931411232,0.40722860610456946,0.36255715431643765,0.14554363150473706,0.08453503294595481,0.5,0.5,1.0,0.1,1.0
1.2749064513139272,1.3685599564095834,1.2219487624445615,1.2972991286635587,1.208418991169825,1.3278530579960404,1.5532418035783704,1.2940096180834166,1.150682951231729,0.9564841309185581,0.6216621397545875,0.5,0.5,1.0,0.1,1.0
0.38156843046030525,0.3940130050021443,0.31304348177440516,0.21285209931300125,0.33126662432555054,0.580378112009281,0.9084128281390227,0.9070805899381711,0.7956247433006824,0.8507602110747418,0.6687528560044924,0.5,0.5,1.0,0.1,1.0
0.761231266423547,0.9545716212977483,0.6879059951965603,0.8456300093074409,0.6444161780885784,0.5890908884770656,0.8032287254791566,1.0191612489828379,1.0516098153894369,1.126978076415508,0.8618492298280075,0.5,0.5,1.0,0.1,1.0
0.7295789070847761,0.8300704151950515,1.1011119712536848,0.9622048886230344,0.8730691558106852,0.8279986172329313,0.8273776668940973,0.8145496485606295,1.0074818129549112,0.9981819421599609,0.853646869534806,0.5,0.5,1.0,0.1,1.0
1.0520889479195992,0.964081856332118,1.2198897266014948,1.1538498842960918,1.1186387858127613,0.8464338154829756,0.6087127095917921,0.3833205247065249,0.2420480866328966,0.20880723580917554,0.29633382796051466,0.5,0.5,1.0,0.1,1.0
0.3261861894491429,0.43542563154189334,0.5899590992918435,0.15814695399030765,0.09728659844476334,-0.16209362207135805,-0.02992399179365189,0.19692393613531442,0.5111530782177421,0.5506112616398054,0.4151358180382055,0.5,0.5,1.0,0.1,1.0
0.25413397976412644,0.1918394132836658,0.2646740338973098,0.5780450782035437,0.5979662602207236,0.4654529129165783,0.733488362043005,0.7436531814935099,0.680659431133117,0.480953259528026,0.3110140497806467,0.5,0.5,1.0,0.1,1.0
0.10898934618005128,0.005278497597105386,-0.1123135692671033,0.10224170094731548,-0.03083924696961085,0.3375534958674689,0.03916744624658319,-0.06138709941057449,-0.3251448506159114,-0.23077308495203264,-0.10994506661231368,0.5,0.5,1.0,0.1,1.0
0.35567667842855166,0.4438495696506036,0.5954418623375297,0.2058203165200404,-0.07808989250144674,0.1394336586660348,0.03372867083665712,0.1567138571182829,0.2396309960096826,0.3793701355302084,0.5072227449598189,0.5,0.5,1.0,0.1,1.0
0.5819927541030487,0.6292662469489904,0.3682167739980211,0.13579421982860265,0.2192105950438705,0.5009050135388811,0.7055136718415802,0.5244283827455329,0.5277874221832982,0.8228775744675347,0.8945566789307599,0.5,0.5,1.0,0.1,1.0
0.34814321685565985,0.331867778257523,0.40466453157301197,0.5527225655386581,0.5739872859235589,0.541281739222644,0.17711891279819625,0.24912508918497805,0.39425287450934104,0.35942014913208165,0.22831665248653715,0.5,0.5,1.0,0.1,1.0
0.7167027095244658,0.9034508493641739,0.9064510859219829,0.8521230205243229,1.1992446817007123,1.0376802361982183,0.31073664194456074,0.5829613577111054,0.5066705585750064,0.3781843701326626,0.15683973046796226,0.5,0.5,1.0,0.1,1.0
0.6587596504035877,0.5131890715239447,0.40547345285492475,0.6899814807762481,0.6119859296232858,0.6046094416993125,0.6726945443884506,0.8660748326674013,0.9802463262590169,1.202616665871961,1.0403978184193527,0.5,0.5,1.0,0.1,1.0
0.7665580732865184,0.7766944541051167,0.8397406681197837,0.8445693759306796,0.855931137603806,0.5651833360979539,0.7158628612670043,0.6327317992258517,0.8520562147240063,0.8768239290336132,0.6530907617462519,0.5,0.5,1.0,0.1,1.0
0.1379502872481638,0.09837137645588914,0.37546231208170655,0.5417092975278719,0.5097914695803408,0.4620075189532714,0.5386614675171362,0.31703769929569003,0.368163904332381,0.6161641294274538,0.4822313196080198,0.5,0.5,1.0,0.1,1.0
0.9229734381390464,0.9285734338144588,0.7528236292894435,0.8740032043968158,0.9158511751913792,1.1066276439176894,1.1027860797999234,0.9478129521938177,0.7677531134745594,0.5750407196587078,0.29262260751013675,0.5,0.5,1.0,0.1,1.0
0.6455309875139952,0.5448621310841659,0.6454418115208231,0.7255134069280627,0.7958395795339732,0.8351438903525272,1.0364428211942107,0.9339033784435116,0.7322356004705927,0.9040474999168606,0.8114496223858895,0.5,0.5,1.0,0.1,1.0
-0.12376770148005728,-0.17238126883909538,0.1996510830063352,0.08867825905426277,0.10449308091851942,0.1869042201355831,0.154648564055521,0.026609699855949326,-0.06309415279711336,-0.02591036710244396,-0.10410124430452813,0.5,0.5,1.0,0.1,1.0
0.29515138148067577,0.09607163730883533,0.1353413601784075,-0.1415519102805068,-0.2628025691063529,-0.15980634806406466,-0.06779343872734264,-0.08776093850927036,-0.05822866241088776,0.205955289104996,0.14277101358734262,0.5,0.5,1.0,0.1,1.0
1.142582509620947,1.0331194892435727,0.8218100374208106,0.6276873854666478,0.68945697095146,0.40276371837955666,0.5732213660452972,0.3400939596853175,0.5093067572400927,0.4793033220382559,0.6947638372978867,0.5,0.5,1.0,0.1,1.0
0.6809153463079751,0.7227675481515349,0.673708606645366,0.822402229713647,0.48484986980268435,0.6458596211141241,0.716879248591996,0.9259970568295134,0.8306473742456388,0.898532180560633,1.1545050159618406,0.5,0.5,1.0,0.1,1.0
0.4465146189252893,0.7147725123261985,0.5120693164552652,0.3465968929956402,0.15667334005475075,0.14830821056211194,0.2820458734399931,0.32569712513313775,0.07802383967014487,0.3797904933085201,0.4194291483476461,0.5,0.5,1.0,0.1,1.0
0.5425884223504395,0.5798339554740223,0.8275020080637834,0.7618863867861675,0.791727143462441,0.8723153743841483,0.8362877795624348,0.9975162672099451,0.8636349876550837,0.9189155531331068,0.8901006046974084,0.5,0.5,1.0,0.1,1.0
0.4561797679164301,0.3802963832447522,0.4083481182301909,0.8308495469731112,0.6481969586050585,0.3146015509027564,0.7251100487716454,0.14275196293287495,0.2879335173873073,0.03162922331919199,-0.16069267972449863,0.5,0.5,1.0,0.1,1.0
0.8605915128035855,0.9005603842003455,1.238682078962996,1.2557962475705482,1.4694589740008448,1.4557464020746484,1.4949726330489443,1.406166335174125,1.3980204724137781,1.453925186862965,1.3260018251715768,0.5,0.5,1.0,0.1,1.0
0.8995960270517884,1.0327214021887772,0.9465245060243674,1.111796543146157,1.189479474023105,1.275203531504308,1.4310089293609685,1.2026157930950134,1.0411181674583092,1.3341580817233725,1.3660627185805647,0.5,0.5,1.0,0.1,1.0
1.4540171640061976,1.5643094820635826,1.7361233609777218,1.8566315076929887,1.8928175708789703,1.621990203182012,1.8672061385835947,2.048050755560153,1.8694370610659596,1.7334268550024758,1.4068313018139718,0.5,0.5,1.0,0.1,1.0
0.4196200868803868,0.7120784584378813,0.6919888498027861,0.6158468723389141,0.6352645800598464,0.5446183099403857,0.36670329752336706,0.21518265737032427,0.37125593376185384,0.5681836246005301,0.36487049537682925,0.5,0.5,1.0,0.1,1.0
-0.16561896686922012,0.3185746891283512,0.2922424564936862,0.6337998788894592,0.8927485965300603,0.9638084174257078,0.7336471414935557,0.4136136826012245,0.5801400900218978,0.6843148350850201,0.8539751907480584,0.5,0.5,1.0,0.1,1.0
0.9069070896852722,0.8195176210106577,0.6461127725994956,0.6240483142032978,0.6906997044897432,0.5612516192216057,0.5219933475690111,0.5470783819063622,0.6750311185635569,0.5710014131062213,0.5618494663681801,0.5,0.5,1.0,0.1,1.0
0.1721815868555756,0.33425128185809916,0.5797872850798851,0.434286272259828,0.6393067218784342,0.6281166798509393,0.6040865136877847,0.310959531787579,0.46054676906673664,0.27847593043905755,0.0014595625472819118,0.5,0.5,1.0,0.1,1.0
1.1919645210153134,1.0141021936226715,0.8749817050663735,0.8771441394367214,0.8563905322602551,0.9722377223974166,1.1067967658043871,0.7742773837951209,0.43258736933037706,0.44284072303499916,0.5211536710751474,0.5,0.5,1.0,0.1,1.0
0.37581639540350015,0.0975845210218792,0.13566518222524757,0.20661455395578737,0.4529686125507173,0.42942071232675044,0.31152772925169375,0.24375948770551403,0.38744054225249147,0.4776073320220244,0.5258293213540236,0.5,0.5,1.0,0.1,1.0
0.822960034784466,0.600060696592116,0.5126194295352281,0.6362315060198013,0.8477884371519483,0.6552825256494661,0.4651839274690429,0.667689894562544,0.41772178973333657,0.5897952151281334,0.5054327136037186,0.5,0.5,1.0,0.1,1.0
0.8998819052837669,0.9795970609575448,0.749752208023525,0.7153262874543529,0.35890981181106707,0.4655929633533612,0.17590859532102388,-0.0580775446460976,-0.02096250296731657,0.09828975188916557,0.09162134506167086,0.5,0.5,1.0,0.1,1.0
0.5582838530653541,0.8765863311612974,0.9231238135492559,0.8277915919712467,0.8680887924794294,0.7820158954096136,0.6911064114958239,0.7693998680433694,0.7037833734782176,0.7628228640552522,0.7346049377758027,0.5,0.5,1.0,0.1,1.0
-0.017609538905048676,0.1694186945618391,0.5700921226649622,0.35880773517079206,0.47417130634090904,0.5340339670510573,0.4009276148863676,0.3012683118679458,0.5557869320864697,0.5137489278434042,0.265559984643125,0.5,0.5,1.0,0.1,1.0
0.9990943886086511,0.7740607527812083,0.6125805083469089,0.5158132188543683,0.5320512027536417,0.45691405769652754,0.3761009664663317,0.2755931485451403,0.128669430676271,0.3133348193023933,0.24546071102133485,0.5,0.5,1.0,0.1,1.0
0.11305792849962432,0.35442187198113584,0.24095516150517188,0.0953366616610902,0.36762588123583895,0.6119473428660939,0.5979609931831139,0.5911578619935036,0.7264023552933484,0.4871819924871872,0.5139367833697344,0.5,0.5,1.0,0.1,1.0
0.8645553400049205,0.30501425874000454,0.4678758026593179,0.762017655114244,0.7704661552002051,0.7153507933515602,0.8593460036966972,0.7440938131781372,0.5375232906016917,0.6053143773438947,0.4427475349103497,0.5,0.5,1.0,0.1,1.0
0.5897718509545118,0.6827597139082361,0.3412978912126584,0.5079700045977021,0.6481996223815037,0.810142895397411,0.8646796084390486,0.5311523107707251,0.7201768817715575,0.3336420177077109,0.5475583403418673,0.5,0.5,1.0,0.1,1.0
0.7565431484251285,0.7617598214422474,0.7427293670025386,0.554483798549515,0.4923340867006693,0.4841410501281482,0.6480678175655188,0.651057982461633,0.7061047131322564,0.6490384362460092,0.5392687923636633,0.5,0.5,1.0,0.1,1.0
1.043131015848643,1.111901395322226,1.475148026282236,1.474969690125762,1.3936427056434906,1.2402464541785962,0.9588690611743842,0.9881743961142068,1.1000869072808535,0.9178160168923784,0.7590051238167044,0.5,0.5,1.0,0.1,1.0
0.40624894795164196,0.15484658754798453,0.1211998499314254,0.18994591398179436,0.06472452288313887,-0.1590147300546439,-0.05436112734020246,-0.05730030552001672,-0.11194346091839563,-0.254200786069001,-0.1015882243144362,0.5,0.5,1.0,0.1,1.0
0.900448286128068,0.7270527824275553,0.723340971907659,0.617580956161974,0.623424044480706,0.7280370322482084,0.8469498578379655,0.8655039760277204,0.8065663785123319,0.7173703437760091,0.8478650456014465,0.5,0.5,1.0,0.1,1.0
0.4199710841718927,0.33202993111915596,0.34801275713917,0.2498180235446627,0.09965092397106573,-0.05227174659282824,0.19317313431977529,-0.060148087387759785,0.003667094516193632,0.1873697632380427,0.2955294049541315,0.5,0.5,1.0,0.1,1.0
0.48763665215109875,0.563256664592896,0.33640850135847283,0.19530018131845794,0.3503492497222546,0.5227896413411421,0.4117722972627592,0.21423295249637966,0.4606506293402931,0.44868459856817083,0.2922087508380714,0.5,0.5,1.0,0.1,1.0
0.6850761685485202,0.5585059415065993,0.34184243833083583,0.42893140428228416,0.5555442835576914,0.5023244079293846,0.6666083055682414,0.8068849510961186,0.6557266105960263,0.5285977892117362,0.51063340732053,0.5,0.5,1.0,0.1,1.0
0.4002599039963279,0.5643107770935025,0.6160814095325937,0.604606129687004,0.5701852619415028,0.3188609360186039,0.35896486813595707,0.3661399852768123,0.2378878894699397,0.06492436420398531,0.10118728793696329,0.5,0.5,1.0,0.1,1.0
0.29601907438288927,0.49845930993081966,0.23398108324920386,0.008074314549956385,0.06613731441245249,-0.09488416742728811,-0.06627040083100799,0.046667932068142286,0.000598769138585073,0.12918064776605503,0.04388319564875193,0.5,0.5,1.0,0.1,1.0
0.37198602872818226,0.5036616501113368,0.7704367712389594,0.7393292733939397,0.5420462293547085,0.604021148945706,0.6401485544972569,0.4715404565826843,0.12722303757112235,0.023102697269933525,-0.001595331275920292,0.5,0.5,1.0,0.1,1.0
-0.09490047703842931,-0.10429567065013344,0.01596351822469417,-0.05690682901077565,0.03343271577723984,0.07463238019246818,-0.04579137487743537,-0.09801788722770818,0.14227067555497458,0.2864222193445315,0.2596075558741736,0.5,0.5,1.0,0.1,1.0
0.30293356868748533,0.3209264215247325,0.20504175511433403,0.026311047925344444,0.27045516191889496,0.01250756127402014,0.06270308478933558,0.1685626988293539,0.2752847464245265,0.16893952055720057,0.46815453318228456,0.5,0.5,1.0,0.1,1.0
0.8726987548193116,0.8397565788886843,0.7167972500696282,0.7254964737546228,0.7241420429998633,0.8196739986509789,1.1807804701757372,1.3163707782953946,1.0711596172018367,1.0791308839820246,1.2279004131120774,0.5,0.5,1.0,0.1,1.0
0.4461477668883023,0.6048861467572575,0.695438297569619,0.5666788994728382,0.723033824242084,0.9064663301760766,0.8477402342278217,0.8338452874311834,0.6902279727880835,0.36141588977371025,0.3534537527544885,0.5,0.5,1.0,0.1,1.0
0.6234999682369504,0.6595247063344433,0.5684620614414563,0.6388016470044873,0.20171377583303696,0.4084818109955402,0.45666763969881635,0.2777369120859894,0.1810000007567551,0.12377705821300662,0.07806348257399588,0.5,0.5,1.0,0.1,1.0
1.071587872257271,0.8859968059210238,1.155830905097117,1.067817248737281,1.1585080440065967,0.8277911354501384,0.7575900840491048,0.9430955979180558,0.8305979450990335,0.7365007552898886,0.6009398289058345,0.5,0.5,1.0,0.1,1.0
0.5917268219335248,0.46206888639261184,0.4701051384330772,0.4127334812705805,0.5625788315447354,0.26860027091999794,0.3142578071952109,0.6548150689742219,0.6636534487517376,0.6639959001666907,0.7103163489686989,0.5,0.5,1.0,0.1,1.0
0.013363367559063425,-0.14538269767575604,-0.1195264333298149,-0.08783061482962896,-0.17306074626418338,-0.034065008015329634,-0.2271675751194754,-0.295205228185334,-0.5422711256124264,-0.1989271231417209,-0.020111717366908186,0.5,0.5,1.0,0.1,1.0
0.6909176206326657,0.667843500146648,0.4653463793739605,0.4794162906919379,0.525496344255088,0.43545418087303217,0.4540261919774614,0.6295841713186924,0.6654081917898436,0.4798803180278342,0.5844557225614154,0.5,0.5,1.0,0.1,1.0
0.08915811039571954,0.4100821848218439,0.18651833589139594,0.4359568545000422,0.5939762979045782,0.29203264446775196,0.2684604857691865,0.33418359550381516,0.11409515114183202,0.25581619364470676,0.31335636026332897,0.5,0.5,1.0,0.1,1.0
0.5129194494448265,0.427013586420058,0.6807132589167392,0.7868203799821653,0.6696425206151375,0.6048113404306014,0.6613306064462203,0.6260871173371798,0.627993671042997,0.5404084643944022,0.34113081339574697,0.5,0.5,1.0,0.1,1.0
0.6993650588741563,0.8105305676032627,0.927036929066102,0.8102626983392038,0.5961214864996189,0.5028733503215738,0.2564492405825346,0.41339953254376094,0.274606582517987,0.4072320277725859,0.5891778896883366,0.5,0.5,1.0,0.1,1.0
0.6568611758609629,0.7777576436056202,0.5974393836299196,0.7997588928923623,0.7118850582031353,0.9521293101451448,1.1039619048247615,1.2301925975597894,1.6040401670831856,1.614475149008703,1.2454575245212147,0.5,0.5,1.0,0.1,1.0
0.5390372771775839,0.5015601160490105,0.4669829559129145,0.6925440416990462,0.8461997832472876,0.7061084599530528,0.7229844645094466,0.6488763998314421,0.662316497683207,0.5124378445503862,0.5930690987278779,0.5,0.5,1.0,0.1,1.0
0.9861281978435241,1.0137721049802237,1.2988834463605967,1.28560702151005,1.3188095028738773,1.308506964194295,1.4391098676018126,1.5026915924589972,1.1559603289784661,1.2752481909074238,1.3065476575529478,0.5,0.5,1.0,0.1,1.0
0.7073844853616951,0.2789626683436466,0.33748880049036845,0.5889230749904075,0.35913773349344014,0.585329877658313,0.464123013070782,0.46104748633024045,0.4421236868419532,0.6014933363702017,0.5418253266433597,0.5,0.5,1.0,0.1,1.0
0.611879809539814,0.7061702471737249,0.8924229324023925,0.9203650818175023,0.7730004834802346,0.6609750484675441,0.8575354385314862,0.8058938825948335,0.751159941532429,0.6498200260679495,0.8037683619147615,0.5,0.5,1.0,0.1,1.0
0.7539894091651794,0.9720779923000754,0.8681259694665926,0.9351370749403091,1.124913681096989,1.1522282474612902,1.0636318862521819,0.6470255163714929,0.6223905536661793,0.6363579647044101,0.5199477713919053,0.5,0.5,1.0,0.1,1.0
1.1022339483598667,0.8971647042701671,1.132185282764282,1.0976318163637337,1.013459867328336,0.7265296906269694,0.8586494277186842,0.7910660865348081,0.8052921447105336,0.8289694083550714,0.9059076569779604,0.5,0.5,1.0,0.1,1.0
0.8021326164536514,0.9006246914654823,1.1211734567699505,1.1805152018059688,1.005966604739862,0.9797250652357137,0.8259893205319325,0.8542555846703616,0.7353914479450058,0.9140938335954347,1.0267892995312118,0.5,0.5,1.0,0.1,1.0
0.6203568905098009,0.5008805553380591,0.27909524351098725,0.21456450942528887,0.1866368464750328,0.3150700224171419,0.18000980624764285,0.4697879885866405,0.4068431038936281,0.3232410672867043,0.3224376470545674,0.5,0.5,1.0,0.1,1.0
0.24046147682115462,0.3102053867610127,0.4582459533357466,0.6879159374003749,0.7153010344721906,0.44029245040456794,0.6241046011806758,0.5926530814172745,0.5351328114604401,0.45587432571322556,0.2732954306526214,0.5,0.5,1.0,0.1,1.0
0.055944965441385525,0.08866599633083738,0.028042890187179564,0.1288494619634281,0.22952736008128166,0.31692904853744597,0.5564308772018812,0.6742781532026791,0.5455241544276267,0.4463285207767794,0.6734624902362181,0.5,0.5,1.0,0.1,1.0
0.32270174549633984,0.3883825633411005,0.5427568974651937,0.3786326151247259,0.22525733554559468,0.32543186958074166,0.08440575643545117,0.0011792042435133793,-0.1856631066533599,0.04315183203913624,0.2218124795565456,0.5,0.5,1.0,0.1,1.0
0.28366502323847126,0.3948896926035661,0.492630048687658,0.6232061073715779,0.6871789357012231,0.4736038268530554,0.527139592209542,0.4722105782603265,0.4493301746374825,0.312901546767408,0.42626443255828206,0.5,0.5,1.0,0.1,1.0
0.23709431113607102,0.24032714382720485,0.030493463110196933,0.2713622796613234,0.4764201092500389,0.6937186760579902,0.6277805665617567,0.622244639394525,0.46075673847867493,0.310597096177494,0.47260212502012716,0.5,0.5,1.0,0.1,1.0
0.7501953626701314,0.6425539670148185,0.6255458941126395,0.6684484968095614,0.6580237126205445,0.6592830934839394,0.9522499286924135,0.7427232633115867,0.9897203001720227,0.9898716730931204,0.7011895342312168,0.5,0.5,1.0,0.1,1.0
-0.22059996876024418,-0.3292645326083663,-0.2809893966373019,-0.13538994320289138,0.019355880283682778,-0.005119406522158684,-0.08228294928990053,-0.19194909862031817,0.10528062959171415,0.1037547063911136,0.034478879150468975,0.5,0.5,1.0,0.1,1.0
0.23093372198761533,0.37355758669067846,0.37436300387173965,0.42112053397197374,0.21192631131346507,0.09500754540901821,0.11159998669338182,-0.1514364958512292,-0.48436428535066356,-0.5480184453890611,-0.3933420846040193,0.5,0.5,1.0,0.1,1.0
0.6186007202164511,0.9367930195435822,0.905236962897438,0.5468142960321588,0.6043366861400359,0.48954343207802625,0.5157469521712055,0.29465506972181255,0.24410172523225315,0.6164547520310487,0.4795994238651226,0.5,0.5,1.0,0.1,1.0
0.8633431310190902,0.9165842213693669,0.4025152499780209,0.19835345783733271,0.12494564558708987,0.004088435803611595,-0.0030721302509022705,0.08786384317790895,0.05552239345220772,0.24205760585047717,0.4020462338027805,0.5,0.5,1.0,0.1,1.0
0.5677334138918192,0.16527340810500324,0.28464623782208426,0.4896891071642416,0.5424619096782645,0.5791079070122267,0.4267214697015547,0.313263365034184,0.4251586432938187,0.3165090657739433,0.3160496800708511,0.5,0.5,1.0,0.1,1.0
0.20813426519906011,0.02251817331192657,-0.14493512775024897,-0.1277407305228436,-0.3438372466882722,-0.11881997105458544,0.35182262457883706,0.19357216396358587,0.25382674219571966,-0.17016275623680227,-0.18989704562680682,0.5,0.5,1.0,0.1,1.0
0.7411686335167662,0.7081160961684998,0.8990423143417907,1.0342808185121757,1.2426658743510606,1.0452155341900138,1.078542407434775,0.985060707676145,1.0424541917219698,1.0319777286816003,1.1236288615355403,0.5,0.5,1.0,0.1,1.0
0.45375148763074136,0.5213633443764925,0.49763550977279464,0.29666755174239523,0.5164930509521635,0.7182043781816223,0.9029511443153869,1.012359498170187,0.9003792351226292,0.5611520095057944,0.5914100506835607,0.5,0.5,1.0,0.1,1.0
0.614620158001473,0.5207018084040288,0.345681987524412,0.32475531342874775,0.36713774620854267,0.16292172540468325,0.5086061868840521,0.46175588828175196,0.28796983407022414,0.14658827551674578,0.03739349413016599,0.5,0.5,1.0,0.1,1.0
0.7324511249741948,0.9626300293985164,0.8765728443605675,0.9738109120136638,0.5095593550491722,0.4753104174068127,0.6779929069617304,0.7875401360569003,0.6712728108534746,0.8654961559633101,0.9501695625774959,0.5,0.5,1.0,0.1,1.0
0.9494283738767676,0.9725057003675356,0.9421127452071846,0.7861441781942085,0.876939351470434,0.5997397251683207,0.590855915556233,0.486251471857591,0.6866130843959892,0.6603480271344411,0.5206505031885051,0.5,0.5,1.0,0.1,1.0
0.9401574837979452,1.079060039235582,1.152846479223151,1.3795151140958042,1.2605302547673358,1.110276240133629,0.9692104766786264,0.7842109846645939,0.4628562046171966,0.5199765743603755,0.3790801331464747,0.5,0.5,1.0,0.1,1.0
0.959415590550238,1.186706356946658,1.278515008161204,1.304880182745554,1.3816186899707834,1.1903224066267066,1.0713761127172958,0.8573008123822223,0.6636533399324603,0.7557280348742966,0.722816598776391,0.5,0.5,1.0,0.1,1.0
-0.0057346891338381795,0.12002908682028857,0.004713820405223446,0.2369692573567797,0.2209508897204322,0.23206601670227456,0.4229263085522418,0.34377186958276806,0.384871868955791,0.7388931155316398,0.5905243122990184,0.5,0.5,1.0,0.1,1.0
0.3027031319312663,0.0030703895053288965,0.02002698432046452,0.10819520437007615,0.2824274103608212,0.15414941858870665,0.18688675841599006,0.4286894613651681,0.34554044471762957,0.4804693187115393,0.49928474405726553,0.5,0.5,1.0,0.1,1.0
0.9132441581529476,0.807787667515887,0.6413403969186536,0.4927206866632294,0.3885535180245211,0.35665069736596644,0.20431851889519023,0.49694096748759264,0.7629668070411868,0.7233414999284669,0.7120573660128839,0.5,0.5,1.0,0.1,1.0
-0.007982643365832764,0.09148010589766184,0.3116302145601543,0.3465949317617638,0.37720351627950743,0.37450719125654897,0.43257383514389175,0.8128666894302199,0.8009953072797049,0.8058340148876463,0.7036760028220589,0.5,0.5,1.0,0.1,1.0
0.11572871093656069,0.021214375557466247,-0.15729870340613245,-0.03219439403474704,-0.12397364497383533,0.15022191686339753,0.14296977807605754,0.22302612207882316,0.10344111748398283,0.23426611410211462,0.23166980061071055,0.5,0.5,1.0,0.1,1.0
0.8325859804537519,0.8868418825482712,0.8308538242607889,0.7638380526401851,0.501516475094214,0.5333032873173698,0.39561640255259367,0.45910898534057276,0.4899286985083485,0.32213760228223143,0.386799119329542,0.5,0.5,1.0,0.1,1.0
0.4885037961219546,0.5807676334563425,0.8070209083976235,0.8441772623861342,0.6197827991639728,0.8973217762922687,0.8764246257850062,1.0905450179049532,0.7723765647290346,0.6814798619619832,0.6341987442251203,0.5,0.5,1.0,0.1,1.0
-0.11495179266116054,-0.1990544078170155,0.0354711501997001,0.09657299929200133,0.2626247020907474,0.233813202639727,0.17285968308860122,-0.0072016730888030955,-0.1917571003278082,-0.15130204995405971,-0.06179837130191719,0.5,0.5,1.0,0.1,1.0
0.32357973373801274,0.5246312263789408,0.389261694311389,0.17150106837045256,0.15859942878594074,0.34090925827246116,0.10959606622369356,-0.25005307504641777,-0.24283974291870505,0.025864432160457057,0.2564526040546524,0.5,0.5,1.0,0.1,1.0
1.2939901003909084,1.1991752456668254,0.8825975982480467,1.0479259715461215,0.7820451984530391,0.9765057696288402,1.2634245066850915,0.9286301683337149,1.023555511229141,1.1106613807155066,1.1015712516808582,0.5,0.5,1.0,0.1,1.0
0.7961014523540171,0.6768042116189397,0.5869624625007375,0.46050765732329424,0.1844399869461127,0.22400809479206152,0.36784803929418536,0.6195926923230672,0.7290995581748319,0.9615503440524988,1.0885358304011752,0.5,0.5,1.0,0.1,1.0
0.8769659212785128,1.0142081397571288,0.9763331341548834,0.9459265051620833,0.7311306671745254,0.691742217024801,0.8720518538167734,0.8869831812721465,1.2825361621874964,1.1751010481892794,0.9742318704060837,0.5,0.5,1.0,0.1,1.0
0.508370620952622,0.5856156758533332,0.37847151803137014,0.41904352684872737,0.2954673488847477,0.28800316653045277,0.14258616481660658,0.19570298798434185,-0.02077350656111343,0.057386330942002794,-0.1467613864503342,0.5,0.5,1.0,0.1,1.0
1.1899203534448557,1.1154369874186156,0.9281331741100529,0.8365167989283022,0.7284661191967382,0.6377055335713844,0.7099933737042863,0.5130977813492602,0.589794025858399,0.6941220489372144,0.7669199716815134,0.5,0.5,1.0,0.1,1.0
0.5095655395666374,0.6491445508473851,0.7351480229244117,0.622829435316836,0.6321744184291107,0.6963498342980874,1.0808407262046842,1.197759446758535,1.2330460739062519,1.2479752693573583,1.113396457019263,0.5,0.5,1.0,0.1,1.0
0.19080965241510933,-0.08474057488320874,-0.2261705570363614,-0.20172104949465766,-0.35371340848459704,-0.22252909674747548,-0.3557499567535419,-0.3222287412017023,-0.4314225137306352,-0.21210323745063886,-0.03045744107975508,0.5,0.5,1.0,0.1,1.0
-0.3236506670891868,-0.3416101498787475,-0.32554716953028273,-0.06325745681916156,0.030614269471104467,0.24059518722795753,0.36561092505721515,0.5697729755059386,0.5195099576768739,0.29955998386773686,0.1830056207226194,0.5,0.5,1.0,0.1,1.0
-0.02409797748635982,0.06677461753528897,-0.02542406470620262,0.29109007843970314,0.23325369331991158,0.40666494950665116,0.2943706337162405,0.4389501863846028,0.7471272717453241,1.0245862333979556,1.2950153829807327,0.5,0.5,1.0,0.1,1.0
0.8100394022241639,0.6960810632503626,0.4100514308466415,0.35502469007661774,0.3287634664705472,0.4192938598825651,0.29653389463164326,0.23874981891117486,0.36755628386121786,0.4625804315012412,0.42778159221486906,0.5,0.5,1.0,0.1,1.0
0.6911387344455107,0.6183683089590127,0.8771207796515956,0.7515040565349771,0.9011514556875673,0.9153019413314101,1.1809703056746166,1.1532723135990297,0.5754452273139488,0.5582178795139475,0.4398686071136888,0.5,0.5,1.0,0.1,1.0
0.9659486840285562,1.0482399849722999,0.8067884188239696,0.8495765077908315,0.8779636224475817,0.9774633084443066,0.9606281133431318,1.0384773280961421,0.9819104058327173,0.8760847790430369,0.828431411453013,0.5,0.5,1.0,0.1,1.0
1.0226126580899804,1.0219848792303696,0.4717886303715235,0.7238862246988644,0.6726192801730458,0.28915269422040263,0.3352910022741509,0.3386527034004795,0.43149172834552874,0.3853816317171507,0.3809641313963311,0.5,0.5,1.0,0.1,1.0
0.49342553151606994,0.3619698954332596,0.4653628673907124,0.42213880825113465,0.661127138687772,0.8438210674085496,0.8695238279652416,0.6914727354566041,0.8288560319239049,0.9303124463560482,0.8325703289430287,0.5,0.5,1.0,0.1,1.0
0.9447441905210772,0.613340756391838,0.4027458552329333,0.4050469345707777,0.4668334521092028,0.7915215876642203,0.8590057172996844,0.8592855433751931,0.9418904430920154,0.6883677341366723,0.8773016057420061,0.5,0.5,1.0,0.1,1.0
0.5347510561757879,0.6664076902129517,0.5697203063119409,0.48568101154778576,0.07754390383580634,-0.009651073921267489,0.17057926862691428,0.21343130653982992,0.4096694316221464,0.27895547920250363,0.29586607661424597,0.5,0.5,1.0,0.1,1.0
0.1783904051830576,0.10714956447520503,0.1514165036384816,0.03384586716217128,0.26311282734483293,0.20877036160313853,0.4822301649391853,0.7053932379487673,0.7906669572846737,0.9120425512513521,0.7494655089098593,0.5,0.5,1.0,0.1,1.0
1.8762347291221368,1.9749060024428697,1.9818799249440509,1.7018158878536693,1.7543034104421327,1.6230905537853348,1.6267229045722287,1.3885990890592907,1.482914607947977,1.2586172337749133,1.4260631964383688,0.5,0.5,1.0,0.1,1.0
0.5070343713847643,0.5269389288493571,0.736472118127048,0.4322271470167346,0.20403524810701984,0.304648966900684,0.23435103938572321,0.24736189523653318,0.11229643425461783,0.30090837539312953,0.30702356147535637,0.5,0.5,1.0,0.1,1.0
0.4939415868514256,0.7236632171537923,0.6807703314783371,0.9201108022384752,0.6335693247305877,0.36351052555031516,0.4077318928513469,0.49185251795771234,0.6632206515571132,0.5614711449485483,0.4308089377865003,0.5,0.5,1.0,0.1,1.0
0.9837307481132386,0.7396913026685621,0.8812146254120448,0.7634084334642991,0.9101073943452556,0.7803736279999727,0.6555067177095188,0.7705422448991764,0.993529833271338,0.7929417689164313,0.6414099877283372,0.5,0.5,1.0,0.1,1.0
0.383009971852015,0.22459628463875814,0.3053671852890268,0.636621677347349,0.5966250225960857,0.5014079742815988,0.5006191893486197,0.7729580625601575,0.9162503364186936,0.9510751098476529,0.7567517837890954,0.5,0.5,1.0,0.1,1.0
0.053581464134483926,0.010271668890876454,0.024520353424381885,0.3299596135317963,-0.05542063149800647,0.05394759773174732,0.3573989324460207,0.21916970608049688,0.3048289782548558,0.21304206812554916,0.10969790607636412,0.5,0.5,1.0,0.1,1.0
0.2346818778138724,0.2657419380055579,0.2337241511292052,0.21432783373443054,0.47690929598773557,0.6747362352465075,0.6796104391049075,0.6701652604081239,0.6226422145227195,0.743021958259017,0.6995842070451459,0.5,0.5,1.0,0.1,1.0
0.2451166406389683,0.19204784364597283,0.2592398627735751,0.29388281261032567,0.22466724421678966,0.4590523605925027,0.37136167578655993,0.2693642813511212,0.32842136569029967,0.38605286419960555,0.6255071435882777,0.5,0.5,1.0,0.1,1.0
0.2077090111513742,0.08407870281538898,0.11240233585512992,0.04554103520823202,0.06335825330114928,0.17250547288916895,0.4668452719222965,0.288129633000528,0.16428743976312105,0.24134486528342003,0.6856226647866357,0.5,0.5,1.0,0.1,1.0
0.4641291362925366,0.3671866076400374,0.1901734255854497,0.2728100641317026,0.3811960903237486,0.4550191506751366,0.7491354900821862,0.7458029247816753,0.6755371388082926,0.711557008849085,0.7772096921428968,0.5,0.5,1.0,0.1,1.0
0.32439563192620263,0.33737404291421774,0.3884482423477344,0.6034282517500154,0.7477219720244211,0.7844738956755197,0.7919860970053495,0.5254195102272055,0.556930573237679,0.6450167320007254,0.8271371556848488,0.5,0.5,1.0,0.1,1.0
0.4767757815607146,0.4196873754616616,0.5096405351050852,0.841682547640385,0.6162523787513926,0.6724820401758382,0.6666282355428373,0.4575218978691683,0.7016355217432595,0.6706648769486026,0.5313501182028566,0.5,0.5,1.0,0.1,1.0
0.07222503224417663,0.27220512524935825,0.25193695027201596,0.47835275748707484,0.430697002489019,0.387301886809948,0.4368489904843653,0.7673625467950262,0.9490511061686685,0.983424807942946,0.866681858538093,0.5,0.5,1.0,0.1,1.0
-0.003991677779149869,-0.23639920962238767,-0.023875598116728347,0.24666247225050478,0.02537579029961426,0.13455995654105934,0.24150293123979466,0.2969083151642062,0.14902974247173856,-0.00885408896870954,0.11776798898507991,0.5,0.5,1.0,0.1,1.0
0.7777321546353263,0.5603079736957238,0.7859335004142094,0.8561626842634465,0.7455741507128937,0.7085943930840327,0.46698160655677623,0.5557280369856988,0.5724954582301695,0.6501681698062518,0.6248808112569606,0.5,0.5,1.0,0.1,1.0
0.23994334809386836,0.41579368186138976,0.42314127879152347,0.4229686350120551,0.29073175958804753,0.503975266562877,0.42332690625548497,0.8252605720389365,0.7748434335043246,0.8042582742434606,0.6437624095582847,0.5,0.5,1.0,0.1,1.0
0.7331809367978397,0.605080166364826,0.7182628915178421,0.571359159261512,0.6077324825294401,0.6559834045529985,0.4898673048667778,0.8194420172389234,0.8467096112029245,0.6617270043260335,0.8252794509949788,0.5,0.5,1.0,0.1,1.0
0.601247035807378,0.607053096851934,0.3235482307416678,0.38827596685424404,0.11491925937482772,0.04502396859808465,0.2025937979024909,0.3197191282321151,0.4260857073753026,0.694338052399086,0.5702516914780625,0.5,0.5,1.0,0.1,1.0
0.4401358098763998,0.6869242816743697,0.4639186977886949,0.2392758998789001,0.29215067424255053,0.15166499217125,0.08650665896726956,0.18366947946521578,0.23501850935366472,-0.04032066099814191,0.016371305413426657,0.5,0.5,1.0,0.1,1.0
0.05359595390446092,-0.2697768401993399,-0.1903837770806813,-0.1229872842205529,0.06639578080320696,0.07681651855373617,-0.140459064482231,-0.4050923710625712,-0.057957283025548034,0.07498477016515527,0.3193237768632861,0.5,0.5,1.0,0.1,1.0
0.7228871796478982,0.8095089376746238,0.8241596055343146,0.9701170313570041,0.8418895187325174,0.718223298904811,0.6732842158475147,0.6933510246863555,0.6490034827835689,0.7176296734036656,0.8030036714342964,0.5,0.5,1.0,0.1,1.0
-0.04500402008264026,-0.2284128727273992,-0.18069723702490637,-0.3626826706933747,-0.40195743258810124,-0.45653757886170543,-0.48057301653102036,-0.08295394309676313,0.21291310213842304,0.1706008843136092,0.4148592214021163,0.5,0.5,1.0,0.1,1.0
0.6184391405238315,0.36509366773457463,0.08369610661039278,-0.18251893314042378,-0.33372073298543375,-0.015107868830301907,-0.03661746986958975,-0.1525226910701557,-0.06818022552600955,0.0345445492702748,-0.03148067013022125,0.5,0.5,1.0,0.1,1.0
1.0660272052274795,0.9867091856222148,0.9626453810555607,0.7731126011348346,0.9335951542748164,0.7406217503131242,0.819752163862421,0.7904600622062982,0.7580929264173897,0.7151230113579511,0.6364862241563569,0.5,0.5,1.0,0.1,1.0
0.5555445835397321,0.560642666283958,0.7403488792155399,0.746971106334521,0.9462652371356348,0.9357593950283547,0.8307926021208533,0.8261184905287124,0.9253935556874493,0.8100742797506809,0.8405574628299115,0.5,0.5,1.0,0.1,1.0
0.35029485154719003,0.42332009997386855,0.6481035783001788,0.8323796041441439,0.5703622672807475,0.5833383356121773,0.9142932029867805,1.042658297126155,1.0680814919536314,0.9239810203049961,0.6236621800216522,0.5,0.5,1.0,0.1,1.0
0.8347805066669947,0.8036162373400806,0.7194849059053379,0.7794532811748602,0.7716518355688413,0.9215547426807901,0.771976567890167,0.42486708706081067,0.49256245619072464,0.36796056265491617,0.3706591581317348,0.5,0.5,1.0,0.1,1.0
1.1915950608014125,1.1087425802059245,1.4021875177660608,1.3560647662349437,1.2221691171926627,1.2774163676369157,1.1389869997138415,1.0984943386766104,1.0291891915943419,1.027963543493716,0.95741925732442,0.5,0.5,1.0,0.1,1.0
1.031274221068508,0.9945387369240273,0.7013753732355341,0.7906346024791513,0.7666828563311741,0.9252011031367007,1.1525239587310492,1.1555900936254555,1.1764757039314189,1.4395515271674513,1.3811891230702587,0.5,0.5,1.0,0.1,1.0
0.5423693621534721,0.576054900215366,0.5298302062343729,0.3598650602505641,0.32664857705999883,0.33024335720349995,0.7542470513644087,0.6659362266856531,0.3645962104561652,0.029193378472335607,-0.06110209110701337,0.5,0.5,1.0,0.1,1.0
-0.026216284990970336,0.24486575017819795,0.240165390660517,0.27850624702388166,0.1410515990253837,0.4145116067569234,0.28347094802190803,0.3428927309422018,0.14372080274267623,0.07590428637122257,-0.05400221966520133,0.5,0.5,1.0,0.1,1.0
0.4232664441642142,0.5257426375715203,0.4634215209067161,0.36625943184911425,0.6214293517126193,0.5090185748868055,0.500629589372337,0.43641409688403204,0.9247025687981314,0.6228206558160563,0.36885508348120793,0.5,0.5,1.0,0.1,1.0
0.04103989131939577,0.29763717983124477,0.18527346779191586,0.04295617964171031,0.17771639085431598,0.20287385357645102,0.36673922731814157,0.35852159508057885,0.16243714541166898,0.08225559313163748,0.14121580010351334,0.5,0.5,1.0,0.1,1.0
0.39012556102602475,0.28793147961757976,0.5251902050632463,0.3855780169215185,0.7651049760178483,0.679218518999759,0.8679801007426368,0.7880431427997723,1.0942760543619352,1.0741991641771111,1.1282393194088272,0.5,0.5,1.0,0.1,1.0
0.33872710334751677,0.3204395644051226,0.34891728463497995,0.4499499899603146,0.4185899754299924,0.6316789170710689,0.7884301730408518,0.5961717153528481,0.7312469520938152,0.7681637498952385,0.680749771742744,0.5,0.5,1.0,0.1,1.0
0.20523025437549486,-0.14282571481863,0.23408604586296966,0.4292054001815995,0.5130082790777262,0.5694721241041091,0.8899814781958147,0.577698366968536,0.6534728615458525,0.5291585685139627,0.40669540110345276,0.5,0.5,1.0,0.1,1.0
0.3018819894688983,0.37908594453877914,0.41438693350090805,0.3682416673515185,0.3028368004715656,0.29868938969154757,0.5361233571254264,0.4802189771277061,0.6610404912674027,0.7043333536679217,0.85029221739997,0.5,0.5,1.0,0.1,1.0
0.06329690771397847,0.17143747119865227,0.08740359499208254,0.16974980674471785,0.4301390310783484,0.16786033636173575,0.06897119338041677,0.22006131426976727,0.06445298149094739,0.04037816550763351,0.3070221809810162,0.5,0.5,1.0,0.1,1.0
0.3587277249428767,0.556678190709951,0.7120399296681312,0.7158558632246531,0.88535586615896,0.8295942848983043,0.9224658283774709,0.7518853971901852,0.570674307227508,0.2926768602218276,0.2044852870099152,0.5,0.5,1.0,0.1,1.0
0.6223893595717263,0.4639386110646099,0.7010914911680854,0.4225652066406387,0.40347418736811513,0.38539408629943195,0.3769769775321351,0.28977463904735246,0.3976417735267245,0.4605837836164086,0.558406967767896,0.5,0.5,1.0,0.1,1.0
0.7692555081057642,0.8140574157732412,0.7986166423778762,0.5974150011335698,0.4211984852195596,0.2966413151522353,0.3249439713159996,0.29488872712901193,0.4466513979278902,0.570841656980854,0.4345680987676731,0.5,0.5,1.0,0.1,1.0
0.07642103916890061,0.18569462765639805,0.04465128476488578,0.24286611041118444,0.3651000001894589,0.2642050228874263,0.49284266380444575,0.579850175506506,0.641376438368851,0.6458740742330518,0.4790612521288,0.5,0.5,1.0,0.1,1.0
0.7015036841965427,0.44122354866775515,0.4452109071677011,0.6171000746824212,0.7699711379318487,0.8015666405128143,0.8618133427588566,1.064120022116922,1.0614411432899695,1.0695986610967398,1.0280720973480064,0.5,0.5,1.0,0.1,1.0
0.0810632176034052,0.15650172110997024,0.009308471151898673,-0.008311930366663778,0.4407176049026349,0.4471631612164491,0.4721934379474429,0.5355004812878138,0.48298566571098683,0.4560263449771994,0.45881446593661024,0.5,0.5,1.0,0.1,1.0
0.20699133807869338,0.36423322032473676,0.535020888664476,0.2580801139644389,0.3005817087438597,0.5000417788614078,0.22086478818729233,0.0012279567184733664,0.14546072388577436,0.21142913604948427,0.04681605670342495,0.5,0.5,1.0,0.1,1.0
0.13960455019816076,0.20182255392700807,0.2230104660993083,0.17456625613935584,0.3447307691526555,0.4872514221876467,0.2085756959043618,0.3789974960542721,0.5922824032806489,0.49147970570839067,0.4022725916675335,0.5,0.5,1.0,0.1,1.0
-0.17006629530742517,0.04302788805488479,0.40184050254814585,0.3217105227208827,0.32666024980965114,0.20005992926695404,-0.01024097328102,0.20287348972565217,0.32589141681641165,0.4127057113026659,0.3864191888756056,0.5,0.5,1.0,0.1,1.0
0.6395009646771869,0.5398570199500933,0.47860178725679087,0.6019758639308935,0.6045799340537924,0.5942441401727873,0.47376792902597986,0.5663798903481142,0.3988277370845579,0.665178707172053,0.7803631432736442,0.5,0.5,1.0,0.1,1.0
-0.14329373139305776,0.1341642472938776,0.001776835679073413,0.26421859626044625,0.4552583376779088,0.6606445006603822,0.6807542695442267,1.067319311820985,1.0410646298920212,1.1967776767182214,1.341452759997891,0.5,0.5,1.0,0.1,1.0
0.4283070851780611,0.22079231719972806,0.06266735690769423,0.08154700679314153,-0.014922184884261336,-0.12309994648145545,0.063898512099019,-0.012753504837323404,0.1864920613231812,0.1182542532547978,0.06306745919543677,0.5,0.5,1.0,0.1,1.0
0.9429151197598947,0.894661266179144,0.7403469015761416,0.8300927027278937,0.7842843645174379,0.8343010199229316,0.6111462392725312,0.5553050055808612,0.69626079077758,0.8744287869510061,0.8036165082964802,0.5,0.5,1.0,0.1,1.0
0.9098324018029977,1.0035744675756626,0.8361059412054301,0.519882218010423,0.3849240519665756,0.27780269995540074,0.2184399894190312,0.47369773979011176,0.6634275142333645,0.6471514703782208,0.5639155612964413,0.5,0.5,1.0,0.1,1.0
0.3190579923466064,0.5847945679389981,0.44746878086878916,0.8403903068019705,1.116516033628969,1.1249296830079472,1.0098372459601772,0.9438063219994168,0.7089131797678387,0.6300263424867348,0.9675680272849962,0.5,0.5,1.0,0.1,1.0
0.310112413898074,0.3618000928608633,0.28598303028827077,0.16107486531699938,0.26816024877721034,0.6261917275538846,0.5051750109981881,0.544033251788171,0.4114585820062972,0.1589102080294632,0.1476544566281176,0.5,0.5,1.0,0.1,1.0
0.4104050331808085,0.25687796546402863,0.4745180663897157,0.26879990037142554,0.3350910057284645,0.04722128248075402,0.1283998401502437,0.41175338718034193,0.35185027937764785,0.4248069704720525,0.29774658675572796,0.5,0.5,1.0,0.1,1.0
0.4618303680438329,0.4647802956186126,0.5194311034313666,0.6628155543326093,0.722753324546011,0.5967281932238416,0.44996279466284245,0.37391262812802345,0.4784224881414436,0.2030909262852134,0.2456940336812667,0.5,0.5,1.0,0.1,1.0
0.7015419638722437,0.5527965888780895,0.6744019050124157,0.6278325969219036,0.39489796284563217,0.4934674623186592,0.345555377351365,0.46909229295417093,0.582902337800355,0.44014701077462115,0.26143376636385435,0.5,0.5,1.0,0.1,1.0
0.4637179214852329,0.6376334591860686,0.6120046901766428,0.6688097867794338,0.8634342022886692,0.7430149392106588,0.37433565922332485,0.5263471489871072,0.5936083912786191,0.5997648401764964,0.43639293738398033,0.5,0.5,1.0,0.1,1.0
0.004126306800151686,0.11600375911130346,-0.09914465166635489,-0.10083090773210195,0.08827712963616034,0.3893704530226454,0.5632522396181546,0.4213261662628628,0.41643204441446524,0.40523234790177004,0.5685827246505195,0.5,0.5,1.0,0.1,1.0
1.1438929725144225,1.1583480090868004,1.0554616655897096,1.070432878611012,0.9296569490304061,0.8020191913952726,0.8240156914019232,0.7275287457488651,0.7589322661142037,0.9937115708950975,1.1949825886412848,0.5,0.5,1.0,0.1,1.0
0.5500186862421134,0.4620574443177497,0.44135053188933604,0.6637282004601454,0.8222656793165259,0.836373812929011,0.9045267278246113,0.8925778416489438,0.8134205574227082,0.7404414447822804,0.9845021879350957,0.5,0.5,1.0,0.1,1.0
0.133107891469462,0.2856847812247809,0.3694589234678932,0.37718041619961884,0.43052150269621653,0.6310216627942011,0.4942793643789469,0.6151871684170565,0.5712828323176915,0.31042660612094414,0.35889001371283386,0.5,0.5,1.0,0.1,1.0
-0.0552089158560734,0.05557451245582445,-0.025295871138099918,-0.004140445114314072,0.3310785873534478,0.34095357115784086,0.34897998900361743,0.3686928708007961,0.28169600514363247,0.2128376274153616,0.2955473151545397,0.5,0.5,1.0,0.1,1.0
0.14821534050606897,0.12973272380290132,0.21385110073221444,0.5697531330226276,0.3997126289105705,0.3147505336046481,0.37354120460522167,0.19850716148795644,0.4660471459835623,0.8312348853011178,0.8956343595432911,0.5,0.5,1.0,0.1,1.0
0.501308597261545,0.36437986110732834,0.5002442670541125,0.48406073071453215,0.630973638773799,0.5332840482257845,0.48507236448648794,0.40264156073229906,0.5480144640827618,0.403781279429845,0.3281145308239296,0.5,0.5,1.0,0.1,1.0
0.6412821362889471,0.6247421412803404,0.46087338530175204,0.4621303143537471,0.566473279532881,0.6323849324676133,0.49555972735992276,0.628172372278962,0.4124696072696782,0.30603107933798646,0.3087882509910182,0.5,0.5,1.0,0.1,1.0
0.43323162035559853,0.4718631794732098,0.5190021027930566,0.4098793885388375,0.6278597408620177,0.6279134969332342,0.2733323906775094,0.3839745665433801,0.2422086354856233,0.22013576064189305,0.20412709053551398,0.5,0.5,1.0,0.1,1.0
0.25925377199078936,0.4033641946622518,0.7370965028668606,0.8412783732827157,0.9501476044397708,0.7392288927880731,0.6657814362463929,0.7026915837291965,0.45052521769355247,0.551741790428363,0.6116106465063796,0.5,0.5,1.0,0.1,1.0
0.49464727688872184,0.962717637941901,0.6677285368998107,0.6205911863230352,0.7869889995898873,0.8246631391077528,0.7532107913095739,0.8720109531287897,1.0776346351750952,1.2364295559009162,1.1577014244089967,0.5,0.5,1.0,0.1,1.0
0.9199814711010574,0.707749163854083,0.6881893010596224,0.5721459827614283,0.3230155262652229,0.3157074484063224,0.4750900598183151,0.7909093486051046,1.0822084123694933,1.0226130732820946,1.1486101052545445,0.5,0.5,1.0,0.1,1.0
0.2813580906772547,0.22446333693994433,0.14436472325854866,0.14431382085681912,0.015649360607768198,-0.13342837519476916,-0.2026705078922537,-0.13719657201447105,0.0965883644656431,0.16029703051333602,-0.05531949312306986,0.5,0.5,1.0,0.1,1.0
0.5292096805274855,0.29148264381776323,0.2215126686824037,0.2902062728339775,0.44052938188188884,0.31701574626772133,0.2510422460940762,0.4093259041710997,0.479739761167835,0.6113566965347341,0.38096325085773275,0.5,0.5,1.0,0.1,1.0
0.5254287523392125,0.5024464421589558,0.6538957796136269,0.5328695686028504,0.6826112628022724,0.7094427552433002,0.566006518724073,0.4487555579151568,0.5324813691463024,0.50704366156088,0.3236789827763117,0.5,0.5,1.0,0.1,1.0
0.11648074718029461,0.482275149234748,0.5449665645842956,0.2712547876998877,0.4707277891481997,0.5278216381331442,0.3997487744463155,0.5092407869344767,0.5892150582584311,0.47050787185854154,0.562299532829984,0.5,0.5,1.0,0.1,1.0
0.9071523034564203,0.6989503759239383,0.6365341871503689,0.3645873680386651,0.6989879461435309,0.5083216560405878,0.6866553978992056,0.5598294932506345,0.306089669495089,0.3224501291084624,0.3908175786679589,0.5,0.5,1.0,0.1,1.0
-0.12190992631827999,0.3745107666181971,0.34069655018416045,0.30542038188676107,0.16960504971458834,0.19325999179876022,0.2687327469398907,0.1870580441872356,0.22096327080112343,0.06006870481013471,0.48426238766687085,0.5,0.5,1.0,0.1,1.0
0.15753865905236736,0.11941328708895045,0.27444415567099395,0.02450201847147393,0.1946384060674629,0.04816567513573361,0.18052212071500584,0.3329767721304227,0.14051091929426976,0.3063442539234748,0.19250078134126494,0.5,0.5,1.0,0.1,1.0
0.8579578853850087,0.853239578946475,1.0362364441400391,0.8919549855448268,0.9696446171056066,1.2088705286988164,0.9642235195732813,1.0986006114543883,1.122759572830693,0.8371240757764244,0.6794333017158207,0.5,0.5,1.0,0.1,1.0
0.4437852595362165,0.46322952967496517,0.38296150929956224,0.3039014172594806,0.2906630020040215,0.3614808512686101,0.2770181940604917,0.2303899256116605,0.048338187801465704,-0.0046640682024539915,0.00029011119394786733,0.5,0.5,1.0,0.1,1.0
0.9098333890855353,1.057321878483499,1.091188062123158,1.1025306664462122,1.0715284898755455,0.8417699274992553,0.7673655255286412,0.46740884449376224,0.45644699936382443,0.22451959027308213,0.2361169094757877,0.5,0.5,1.0,0.1,1.0
0.6968221974034361,0.7086824416835288,0.5155593579700148,0.7327523959359291,0.6999345844043263,0.4970302249153602,0.5370929834925199,0.6073873289577313,0.5869099125028867,0.6056644255564092,0.890189548401855,0.5,0.5,1.0,0.1,1.0
0.5490482229087947,0.5884199579903698,0.8419234034145018,0.6893636704582549,0.5741494987864774,0.5535134654563152,0.8898131978678584,1.0993158872910795,1.0765961712973078,1.0915389033900373,1.0270498661406493,0.5,0.5,1.0,0.1,1.0
0.07277339575934834,0.28828010109191,0.19615822214272619,0.2841399876967021,0.2598233220278784,0.06912975019432338,-0.07845631432369532,0.013572900381908538,0.01860467548190229,0.015560772650145376,0.08938527301033505,0.5,0.5,1.0,0.1,1.0
-0.03869316316829885,0.08579358512975213,0.2860822089950451,0.3555139935074818,0.2997492062917716,0.5603916121128272,0.5777806198700682,0.5702311227998722,0.5330588246802187,0.3786135458890195,0.39100750668255746,0.5,0.5,1.0,0.1,1.0
0.8093356742574674,1.1477328498953248,1.1504365300960144,1.1425766895867695,1.2110247932648301,0.8325229354739301,0.8598966600960869,0.7888334323993408,0.5943295463814398,0.3845134480011434,0.28699750778121913,0.5,0.5,1.0,0.1,1.0
0.36338789693194823,0.461251876836951,0.564492615572222,0.7451453105653638,0.6720789716773624,0.349404455871921,0.16861419090063967,0.10062875765279194,0.36882472967366653,0.4466128977018376,0.4197369149751565,0.5,0.5,1.0,0.1,1.0
0.343079342849091,0.16810688834993334,0.13348034138954085,0.06971004356078041,0.17899520208721664,0.053389960155932975,-0.04756527860258633,0.0895138632909174,-0.13874376303551056,0.3895053267183551,0.42460649387292826,0.5,0.5,1.0,0.1,1.0
0.3202127792829839,0.05368757912554273,0.0790410488213596,0.1713764526349943,0.3848252371698937,0.44717221732888135,0.5431025023650305,0.6393904559138925,0.7563492515729576,0.6694063017720053,0.8409393378543861,0.5,0.5,1.0,0.1,1.0
-0.010345976456638692,0.2559504970364493,0.43078339546336253,0.66179409096313,0.5576272308628675,0.6878738912370468,0.6761700071562836,0.6506627276105584,0.719736667457909,0.5784923185300803,0.4819974426538448,0.5,0.5,1.0,0.1,1.0
0.5911595531157271,0.6025546287506891,0.6451368102948347,0.9179127548662869,1.3412883403870048,1.1393519081994534,1.0665996660905068,0.8552473816874712,0.6895601218422007,0.6499207515748777,0.6029546009135553,0.5,0.5,1.0,0.1,1.0
0.7184961417368816,0.6026057676545298,0.513774963833653,0.4359657546949825,0.5857906989917295,0.38692644891610484,0.36389570136588945,0.23520737243288192,0.22967186276064994,0.02636706719248358,0.197652221203249,0.5,0.5,1.0,0.1,1.0
0.5745870124852336,0.7852217443730296,0.7790419593784849,0.697574233934923,0.9516537256090447,0.6609526582907868,0.5312837373275974,0.4125471156043002,0.3343000918220591,0.4725861995496609,0.7309147503271332,0.5,0.5,1.0,0.1,1.0
1.2191105305170984,1.2355904432845106,1.1609431315069787,1.0365242821203107,1.053737774341386,1.0016047265488932,0.9708909784427471,1.1010104013926083,0.7014131255666386,0.5806807508894414,0.6241722319295897,0.5,0.5,1.0,0.1,1.0
0.9042384959693759,0.9780659588686014,0.7112393516465813,0.38245784797363025,0.4088711459986285,0.6978815847950146,0.5925287569263853,0.5696450490136511,0.5736690877003767,0.7025261958142588,0.9557456500708756,0.5,0.5,1.0,0.1,1.0
0.6166976784223827,0.3703254591136594,0.24503761369599703,0.2763775293992261,0.329119052285147,0.40395868517753813,0.47097722295692696,0.2601998589854622,0.2529032165209625,0.2510070706709327,0.3822497288722909,0.5,0.5,1.0,0.1,1.0
0.7753676933472589,0.7820664582610162,0.5692139338272411,0.6593208740162612,0.7251715353264305,0.636208144780814,0.5910345043188112,0.5854279842289012,0.5521570878027504,0.49915761388249746,0.35334563053126966,0.5,0.5,1.0,0.1,1.0
0.5240611987056524,0.6210800536300347,0.6959175863375583,0.6128790151853281,0.6060906211450733,0.7674781716737122,0.5825683286488609,0.7328781775485506,0.5558455795590477,0.5391654874436465,0.25861613281020274,0.5,0.5,1.0,0.1,1.0
-0.34463760191021986,-0.3224703642738094,-0.25271885419354967,-0.10331625740223682,0.07074236861502639,-0.10726689487418559,0.02411332691643879,-0.10710789538942377,0.12988190904436192,0.11688884320107643,0.03977308940357893,0.5,0.5,1.0,0.1,1.0
0.41166891627878716,0.2987116474080451,0.18445607220519905,0.6422087205819859,0.42948988014865885,0.36316629452211424,0.6049832250776588,0.48930263480152303,0.5218154656606567,0.48668367811811086,0.48996012145405143,0.5,0.5,1.0,0.1,1.0
0.5172406403520429,0.516610837662618,0.28340655769627077,0.41104953192480653,0.43627795658322366,0.5460100855416583,0.5375868996971217,0.9788812662354833,0.7402103870051999,0.783772218257214,1.0014126363842466,0.5,0.5,1.0,0.1,1.0
0.49226629057963056,0.5222220966969935,0.4836026012120829,0.44234662179566564,0.4424854464136022,0.14631031418845902,-0.09802329593785356,-0.03749517349802728,0.05552322762781664,0.032651290848675615,-0.05892942565479076,0.5,0.5,1.0,0.1,1.0
