time_point_1,time_point_2,time_point_3,time_point_4,time_point_5,time_point_6,time_point_7,time_point_8,time_point_9,time_point_10,time_point_11,mu,sigma,theta,dt,T
1.524618189636454,1.5104533215158402,1.84489580061323,1.4705604801285619,1.860698393282131,1.6662975693454292,1.3285086514068758,0.8592964547098303,0.7572240162769501,1.0794587370719217,0.9578287955350684,0.5,1.0,1.0,0.1,1.0
1.2597190069479376,0.8778913915444004,1.072868208613915,0.6614170440165528,0.1826302664649545,-0.11483072650529763,0.3016262733151347,0.1711886604082826,0.6338840218814482,0.771267109359403,0.6836106311433832,0.5,1.0,1.0,0.1,1.0
1.0065473415321926,1.1838991281563198,0.8130746760167882,0.8293997786462298,1.3718656398640627,1.4243593605992537,0.9177529337202661,0.8488082303101414,0.5248644874396432,0.7063540400944784,0.8446931429815088,0.5,1.0,1.0,0.1,1.0
0.6739550963713606,0.9733349298152691,1.1901792236744684,1.0566715365674906,0.4193452361136778,0.5693173435415968,0.1757801713192903,0.12535456614362891,0.518448968387243,0.5067851684566587,0.9001492375408693,0.5,1.0,1.0,0.1,1.0
0.22385928509520606,-0.06965074943485183,-0.13199848105138234,0.48583485343083666,0.5769877530049649,0.6588259444515314,0.8355512076349878,0.0667040084610413,0.09296729921353793,0.03246925889871083,-0.06841287209488198,0.5,1.0,1.0,0.1,1.0
0.8698121143440792,0.8103356631190475,0.6748690413326963,0.2729589832636699,0.007648511246601819,0.7145797413989304,0.6176957623775534,0.7896044506334241,0.5708313606490552,0.8681063497908512,0.9725794838598381,0.5,1.0,1.0,0.1,1.0
0.6353890626976996,0.8271887135182071,0.7743476004790559,0.833580064181346,0.8879742466843706,0.9650135754334769,1.0765981525586126,1.1365908319957594,0.5640578188692925,0.6169719165432004,0.7248707379206981,0.5,1.0,1.0,0.1,1.0
-0.2655435794188378,0.0508761203208247,0.7030645845499194,1.20665031388361,1.1126848640295148,0.6124004259992243,1.252647738325411,1.5477357621412833,1.4158958978634006,1.1269331375200484,0.9138158538630862,0.5,1.0,1.0,0.1,1.0
0.7593302217487649,1.020058866425961,1.2493063176701462,0.8076900859411336,0.32649217383556983,-0.2841290095638211,-0.36004653026824635,-0.713022875110068,-1.088870654765498,-0.8488007579043713,-1.0703150929748055,0.5,1.0,1.0,0.1,1.0
-0.5228184509897527,-0.8582394362870425,-1.5000217698331264,-1.4278209264555837,-1.444096223108614,-1.0151301357336289,-0.8775160937353012,-1.0979577987301563,-0.45579100823746016,-0.05092379454254958,0.39052209464290566,0.5,1.0,1.0,0.1,1.0
0.19666155205344,0.2998371631965973,0.45733429639452894,0.7695025035519057,0.7749017549541264,0.7467171720739211,0.5162514499820209,0.5652559649561852,0.6314491348378126,-0.280268937061144,-0.2384245618530994,0.5,1.0,1.0,0.1,1.0
-0.21830309156950573,0.19493534364810425,0.45639869435278224,0.6543233925989962,0.6572122339898646,0.8615392603610326,0.7634093479984528,0.8425114713866679,0.7282388480672121,0.9899534622555548,0.8897825975444021,0.5,1.0,1.0,0.1,1.0
0.49106386597314283,1.1969883217044512,1.5058712695594392,0.7898017268020474,0.2617935029824648,0.641655127473777,1.0756347592666051,0.9674816276729513,1.2133985648184205,1.4333627276879353,1.4534814164532732,0.5,1.0,1.0,0.1,1.0
-1.3710615823013097,-1.185229606287789,-1.0105896228175932,-0.7614721022158712,-0.3138810627388678,-0.40023184254615385,-0.3390948669956815,-0.6984872028625726,-0.32064240538527616,-0.6751795142041397,-0.3884818003370498,0.5,1.0,1.0,0.1,1.0
-0.26283049334025455,-0.5580062263178114,-0.5544266780215057,-0.5154255944656554,-0.504754810281339,-0.2989047810941692,-0.2384571013449206,0.11801404669731072,0.11240964506948836,0.3020623707810407,0.6250776131948674,0.5,1.0,1.0,0.1,1.0
-0.3701771454362883,-0.25874606994469146,-0.48443177207784305,-0.18027701474197577,0.04750423689020662,0.13087873308956002,-0.51662207008711,-0.7771656602135412,-0.6325589518653169,-1.1213024976574313,-0.8767648429952203,0.5,1.0,1.0,0.1,1.0
-0.19597817104853918,-0.4923540427139751,-0.19519226525326078,0.1562595357222105,0.19536248244480606,0.4391128931925163,0.4202409782417818,0.5483322384849112,0.38604850684088743,0.3463901042696506,0.3382902923568568,0.5,1.0,1.0,0.1,1.0
0.08980505576548045,0.32324822166741396,-0.12554061166604097,-0.21547675147614737,0.3636450742332578,0.6105594490701938,0.6351024502035713,0.4677597214449142,0.26425045543956516,0.09625310461439446,0.3447757461356144,0.5,1.0,1.0,0.1,1.0
0.8000375540480366,0.6997423179140222,0.6098512377371692,0.732883401679409,0.6227216870253379,0.9416291853541341,1.1784964684470085,0.9794169452927334,0.3680840899794273,0.3051883546754614,0.11613362773573396,0.5,1.0,1.0,0.1,1.0
0.6314686463816721,0.6032846873276361,0.2552828915645741,-0.2342547584984896,-0.4976675969385188,-0.09509086873947703,-0.08110124922211903,-0.4658128997010543,-0.5723778484898517,-0.30502567344776577,-0.3331705407156573,0.5,1.0,1.0,0.1,1.0
1.5996411412630922,1.9665798474533154,1.7219598144842219,1.7925388378536882,1.8354411347709343,1.5198547925878276,1.2079598564455538,0.907227906093018,0.30402460671938736,0.1460207092420364,-0.18577178019633975,0.5,1.0,1.0,0.1,1.0
0.3959154876813826,0.6900032027607998,0.6695599594533976,0.8443333300725455,0.004819492209225951,0.1531460459468078,0.3164511833498911,0.6697407474441289,0.9062555862335198,0.6799039307389637,1.0555338130884908,0.5,1.0,1.0,0.1,1.0
0.6572475987957408,0.9944134012477561,1.3103870187317024,0.9827518929330756,0.8142707670712696,0.8839991567567822,0.7380011510915262,0.3179682653464787,0.5337425389127374,0.8132982713475045,1.0096324192154937,0.5,1.0,1.0,0.1,1.0
1.0507661019624324,0.6106556737436455,0.30595316440969444,0.7861339871404804,0.5644030663784813,0.6018336142190371,0.699786142742627,0.7769945845894515,0.5406195353997948,0.8494236391883282,0.5597321939231628,0.5,1.0,1.0,0.1,1.0
0.9521017297856733,0.6296405266598157,0.8329735515928621,0.8386341654789088,0.7527340517420091,0.8503655328942452,0.7352919209647246,0.7841669003954432,0.5401228559468418,0.26908238653569216,0.15235412765935064,0.5,1.0,1.0,0.1,1.0
0.3238167704684968,0.10056555181884869,0.24193692446823814,0.21643211281679636,0.6645127114595604,0.4611221617004987,0.5010933794990774,0.1663157088092247,0.004654831053370528,0.6084492453538812,0.3992460404970328,0.5,1.0,1.0,0.1,1.0
0.8880197224887758,0.9244329551734154,1.0421024364663922,0.7813304307773,0.9029079359969915,0.27954628050255326,0.1855837219750014,0.34738013356531405,0.6671449979549093,0.5902908304690682,0.6030511180425386,0.5,1.0,1.0,0.1,1.0
0.25425112703461356,0.5868845294138422,1.0281703329536225,0.9423081040002513,0.791915879466455,0.8183305874229642,1.0312850146864987,0.8553179368712659,0.9167841699088545,1.0378170300368699,0.35676412115593814,0.5,1.0,1.0,0.1,1.0
0.44044931572363494,0.3476522544092433,0.41704422315268397,0.5483927168340651,0.4795193320888964,0.04809060758464323,-0.15807193855367874,-0.09468413718118296,0.4689080282080569,0.8061009012560574,0.5355102281278746,0.5,1.0,1.0,0.1,1.0
0.8500331266176047,0.24981167674744575,0.08680044776442689,-0.24110083891604311,0.2669252730393032,0.5443144505539912,0.33806412708786365,0.26296045076825025,0.166192115602877,-0.4580169132415639,-1.00967897830578,0.5,1.0,1.0,0.1,1.0
-0.3135531167424967,-0.24909127534671793,-0.255472210931827,-0.47731547296350285,-0.2138548583427185,-0.6056815547177615,-0.24453369064949126,-0.172905080139124,-0.6114370371263579,-0.3700687916456225,-0.13658663894098752,0.5,1.0,1.0,0.1,1.0
0.5350812410623241,0.7702733889357344,0.915728186775207,0.7314007825889853,0.6516588072033308,1.259870614749003,1.181916606850599,1.101830535940363,0.9428920195492451,1.0843792764405413,1.1292381408939136,0.5,1.0,1.0,0.1,1.0
-0.0765007700652637,-0.5181417476050508,-0.3418054189215527,-0.33701669677589674,-0.12515698862502356,1.091025855111837,1.4956341160373006,1.525874676563271,1.4510149352715305,0.8048493533990816,0.9676595067971046,0.5,1.0,1.0,0.1,1.0
1.6358632827555355,1.6255698176914384,1.4680175797613664,1.4569324090311722,1.577213042565733,1.7174134841315147,1.9171219813470983,1.277940471623127,1.6083951031492603,1.7813450212131279,1.681821677756393,0.5,1.0,1.0,0.1,1.0
0.938870256557851,0.8780358130390938,0.8709629867937836,0.7485304891149104,0.38516457862592346,0.051729957760573764,-0.15717298599986676,-0.46253613392751025,-0.26087029150895846,0.07624022942705824,-0.09067892168686717,0.5,1.0,1.0,0.1,1.0
-0.27887622373349885,0.41309707690602426,-0.16041119863954656,-0.13721006228023352,-0.039715180784703784,-0.6470113305708258,-0.33530579417171186,-0.5362315722596442,0.08885642873002902,0.23977936816712625,0.09890099603194707,0.5,1.0,1.0,0.1,1.0
2.13830633492028,1.8469301022798357,1.9876611696009188,1.8771726441188523,1.556117907718436,1.8845390935392585,1.3227790443859115,1.0728321309565958,1.1478057773372607,0.6975368795255981,0.9563925073205541,0.5,1.0,1.0,0.1,1.0
0.26007366856287434,-0.21630521800347663,-0.38147181801462243,-0.30637448885671786,-0.16174938927174914,-0.3700043928051765,-0.8248372882792911,-0.8147763511409546,-0.48320148944321095,-0.8546213451771909,-0.8563630534633937,0.5,1.0,1.0,0.1,1.0
-0.8089936408830458,-0.4312453224087738,-0.63499383057924,-0.8033122639594128,-0.5940794024958935,-0.058330983340726006,0.06075420942390364,0.08246346695267079,-0.05615214545465773,-0.013298375643742373,-0.05174159746719828,0.5,1.0,1.0,0.1,1.0
1.0852567743414636,1.2196935671923759,1.3284425715048962,1.7893170910238223,1.8212060602362945,1.6085324232661193,1.5757493241781846,2.047409566433756,1.6820661592050217,1.3710671166648134,1.2171509350899998,0.5,1.0,1.0,0.1,1.0
1.2354724413722247,1.1322110377233725,1.413491804985322,1.2016727348162979,1.0604811012078081,0.8519483951714315,1.169751746339452,1.4776288534749815,0.9562342674016067,1.3664427161521897,1.5560021653917233,0.5,1.0,1.0,0.1,1.0
1.2226285253748341,1.2006362599413147,1.6905425275522135,1.6440876225658623,1.18634403496017,1.2975829305529405,1.9917595813641358,2.280213935842938,1.6977618506289047,1.6947687314082474,1.4944312577988696,0.5,1.0,1.0,0.1,1.0
0.8378828127427946,0.6120243943386674,0.8074716018143391,1.1650295344264239,0.9538263643724676,1.7531836884612075,1.6106465593896584,1.9966256284550818,2.052646397394909,2.1706096170633833,2.2520237143977155,0.5,1.0,1.0,0.1,1.0
0.6588678426099276,0.44064715235177093,0.8330121764818175,0.4667242845699399,0.7375773028306103,1.0980326025797773,0.4211498320112951,0.6791599587414595,0.35979859845754,0.08719483944284973,0.6724646103781087,0.5,1.0,1.0,0.1,1.0
0.9838483128001777,0.8367485106602125,1.0615610314560184,0.41501439112299965,0.5773774744621364,0.7125743558566838,0.9922609926644338,1.1487360684657044,0.915722997560179,0.927802861682298,0.9920688086380903,0.5,1.0,1.0,0.1,1.0
0.6223078285555714,0.6736860723953288,0.9435734187061058,0.8541074391755092,0.6675868024963949,0.502911064286651,0.40267275056366514,0.033561672282394484,0.353999729369308,0.10358230318609618,0.38132560599236337,0.5,1.0,1.0,0.1,1.0
1.1185805227529448,1.033460104192457,1.4631659657544716,2.20363254071885,2.3734396190665814,2.109646733842891,1.9463236037342901,1.7565801737658002,1.7298115118764354,1.9727665457409618,1.8116724783749054,0.5,1.0,1.0,0.1,1.0
-0.5239537418755497,0.22651818110482547,0.14199076592415316,0.34149476937704226,0.2192185310148614,-0.08235395202321283,-0.08899970954774097,0.5126617273201782,0.10793088768435599,0.32920600559314045,0.27833722199609584,0.5,1.0,1.0,0.1,1.0
1.1906364413725719,1.0054446471753293,1.0251218570027023,1.3403666806081986,1.5650378764446993,1.7963482193826914,1.9990329059716978,1.6309030141786427,1.517509550159711,1.511208251952717,1.3108050074445707,0.5,1.0,1.0,0.1,1.0
0.4115927457191071,0.7174886567491263,0.5746231010387197,0.8191759921957031,1.4980411633687845,1.3224125416797683,1.4562167232017025,1.289684714139145,0.5736209856547825,0.7727178703307498,0.6628326615738572,0.5,1.0,1.0,0.1,1.0
-0.1585891028558636,-0.45822947376174256,-0.40250309122786015,-0.35042351188858745,-0.17703019116000784,-0.3168224839053862,-0.14316766981437573,-0.6199926087710294,-0.4164401024392709,-0.5594189842501275,-0.2222747480509502,0.5,1.0,1.0,0.1,1.0
-0.38358478040090926,-0.4743956132646641,-0.3096161933684667,-0.10318677615689581,0.4507324806445552,0.8657089663649136,0.426206896294703,0.16798130233724878,0.0766080617462498,0.03738761740468921,0.019433820434385768,0.5,1.0,1.0,0.1,1.0
0.36828026568031186,0.46615635959868706,0.5680734592509629,0.4542598017928793,0.2847185106588142,0.43344728518587133,0.42914224208752,0.17485546863663565,0.3773545255951454,0.05604476426699512,-0.15141257571164404,0.5,1.0,1.0,0.1,1.0
0.6836765303520884,0.6565955604450193,0.8518756313759748,0.8651100944172266,-0.17141851860449264,0.02231634009571934,0.08955346597786686,-0.22889750694432728,-0.11275294297079709,-0.18235810840189506,0.4738286288024858,0.5,1.0,1.0,0.1,1.0
0.0956309026952705,0.103791152250882,0.2914000353959537,0.31115191997838676,0.4006831946988978,0.9437384174351866,0.565997969267056,0.10201822550552592,0.660802817580554,0.5960040428867227,0.6520595930334514,0.5,1.0,1.0,0.1,1.0
-0.08970071019545862,-0.2638446277089935,0.06570344026056157,0.02086407437779024,0.3128560160301239,0.5042132005198584,0.3567073155403212,0.5962247354360887,0.9173810389818411,0.8301047870855672,0.7675436671644582,0.5,1.0,1.0,0.1,1.0
0.3685906461298242,0.09240715146023193,0.11487609350230893,0.11547360095497422,0.6561555395521498,0.5409812772956331,0.7703047714286089,0.5904124071050502,0.5977541479551993,0.5246971342443795,0.9975990496972656,0.5,1.0,1.0,0.1,1.0
0.9296411503124431,0.9847108247838962,1.0440606295629997,0.9145373415019613,1.1306869425010182,1.4888607370839404,1.7045094981298576,1.5687288647992175,1.785958171292306,1.7113624039156845,1.6303715794730453,0.5,1.0,1.0,0.1,1.0
0.6353347376253532,0.4714329319772794,0.14851167443408542,0.30366604298551525,0.3601637896605266,0.808187294854946,0.9288078342598951,0.9771532810357664,0.2735377104834855,-0.2580388425583473,0.0370123304796571,0.5,1.0,1.0,0.1,1.0
0.7718799283638661,0.5931133469939628,0.633381380279679,0.7557715962991963,0.5609114990637167,0.8525139488604501,0.5416281613371914,0.7527052263688498,0.5050369945272601,0.12800327165134545,-0.27693162172707586,0.5,1.0,1.0,0.1,1.0
0.14531014594488603,-0.030159941538810825,-0.0871422239733879,0.22547559348153726,0.17228918234881624,-0.41945082178416515,0.3884481959403631,0.8123659211426222,0.5994393364554278,0.942565499397613,0.5927626232853518,0.5,1.0,1.0,0.1,1.0
-0.15120234749607975,0.19714587071363104,0.5162280912985466,0.48491252396598056,0.40296612304069107,0.2558260023891975,0.5767342398778661,0.775201378269555,1.3171338172436693,1.33036502808186,1.0435386269182536,0.5,1.0,1.0,0.1,1.0
1.1648524610644362,1.3650035567736634,1.321394830660703,1.1584892824409534,0.9835036139250107,1.1949258281334476,1.178430163446596,0.8469903798706861,0.976174551496306,1.3526551051610927,1.3300864793677207,0.5,1.0,1.0,0.1,1.0
0.9631949787803956,0.9499692511590648,0.3495197977829321,0.6822858056160609,0.938354021259085,0.5585783638658833,0.3504341359517269,0.8870673993879253,0.8866527529161671,0.9949983033769516,0.754458495462262,0.5,1.0,1.0,0.1,1.0
0.6020148108386101,0.5609861849422948,0.5842958150894362,0.360861509942204,0.5589068477053822,0.4657910694541178,0.19283823606211736,0.7238829678346361,0.994495323834752,0.8559856069473808,1.294124128473546,0.5,1.0,1.0,0.1,1.0
-0.7785562212935893,-1.3207705249716124,-2.0424600518646976,-1.143245945479883,-1.1330964263440042,-0.3830113705274176,-0.4296883992216121,-0.582584257236272,-0.9592049612624562,-0.914583653423308,-1.0044838150056614,0.5,1.0,1.0,0.1,1.0
1.0827366604181343,1.7526562011196973,0.708066876869968,0.5327593745119272,0.9610935828762188,1.1740079672526407,1.2990598271985145,1.3959266506833627,1.117170460390592,1.1064824868993086,1.5219497808299616,0.5,1.0,1.0,0.1,1.0
0.6824423834919233,0.30202611139031194,-0.13983270606532772,-0.49993071972472725,-0.7006386015974109,-0.22546209284061575,-0.2735766555647341,-0.811601030038614,-0.35946530954430783,-0.5073451415286832,-0.3201286859902644,0.5,1.0,1.0,0.1,1.0
0.6275902537499781,0.25562273615890324,0.19840781732679652,0.7983807028939681,0.8928600809305789,0.22837289614762923,0.16699162354683156,1.5953535789114857,1.665620247441075,1.3901253773930151,1.3687468072123623,0.5,1.0,1.0,0.1,1.0
-0.26878490186022885,-0.24038843665242113,0.357380038661676,0.16826561923963348,-0.21109338998626292,-0.8356923225106441,-0.42099074844534035,-0.7558753729656222,-0.4066069616459044,-0.6634314640584569,-0.28538227123580817,0.5,1.0,1.0,0.1,1.0
0.6509615761858102,0.45023082603714704,0.8788502588144109,1.2659236808125236,1.3478391686277917,1.9501981441553498,1.6554661874073915,1.3049270669533402,1.3537076281459703,1.2001996730147733,0.42284500231364786,0.5,1.0,1.0,0.1,1.0
-0.07685374697644003,0.3341739772840179,0.2041335730580566,0.22165511761283818,0.4997983841664214,0.3243097913886527,0.6807479366103957,0.8895589620583014,0.44034293925815526,0.31867916534889285,0.16105233981600148,0.5,1.0,1.0,0.1,1.0
1.1749243345401834,1.1459696895748706,1.2639151284411307,1.1665961907616045,1.2480835932348913,1.210181185258331,0.6645664503373485,0.6220578224679806,1.105944281983404,0.9388644163283402,0.8148244575817642,0.5,1.0,1.0,0.1,1.0
0.3291054785599004,0.6413977728815918,0.4263121785819505,0.7064987683972601,0.32923588441618196,0.18793770884375252,-0.17469331506839905,0.30275731180440635,0.338133565244667,0.5331180853749481,0.6918740805983629,0.5,1.0,1.0,0.1,1.0
2.5509076145112024,2.6039404185013906,2.216081623041812,2.332877272681918,2.4444426201105593,1.9878940235824012,1.4201513117043738,0.8372717507539245,0.8868746876595688,0.8719588471629686,0.7258354571743117,0.5,1.0,1.0,0.1,1.0
0.9819367048966917,0.741546431805961,1.1055172342873043,0.695905538640418,0.534081106217674,0.9156467161228747,0.3177735572025071,0.4283335406798816,0.33128852517037194,0.2319224300487107,0.10353122792998376,0.5,1.0,1.0,0.1,1.0
-0.28787962954613866,0.07330898977677613,0.3450815248018345,0.10471508764049126,0.34365991011254093,0.11748863951928146,-0.17140690876349257,-0.08780139835117635,-0.10983749953537564,0.19012251728117252,0.07712692528313592,0.5,1.0,1.0,0.1,1.0
0.2733368163181027,0.34491378319046717,0.0011572204603294,0.01602655270444333,0.2301211822202223,0.2784991295992925,0.19768791753857512,0.6493911090599296,0.3144948571214064,0.373752709259421,0.4554085100508132,0.5,1.0,1.0,0.1,1.0
-0.9150321072881586,-1.1389025765954324,-0.7689413062561334,-0.7563716739488775,0.13304020647545445,0.006663196011376493,0.28126147198879053,0.3841539470346859,0.5802721324825084,0.34897196512379897,0.4443952236251555,0.5,1.0,1.0,0.1,1.0
0.76567340413922,0.8697417575808124,0.7165544889625305,0.8575866195103967,0.7475207920587663,0.95209835640802,0.6306703625323659,0.3838889219247089,0.7175369978361084,0.6475319173195978,0.814241798733296,0.5,1.0,1.0,0.1,1.0
0.5022642768532146,1.1066692879626299,0.35262926965535524,0.26606549221124853,0.9318879082491558,0.8668181950033603,1.0885667045591756,0.9168728759852259,1.4971627914162977,1.1759544286983483,1.4571830465959534,0.5,1.0,1.0,0.1,1.0
-0.11549504643369397,-0.22648110374227132,-0.32909615066480435,-0.3280475070100579,-0.10756941330698888,0.3696807578258524,0.21230140431686098,-0.0330966420377615,0.12113993306038147,0.055217590052801316,-0.6328314305901352,0.5,1.0,1.0,0.1,1.0
0.32775353550847086,-0.4392586156130587,-0.28066298641728743,0.007650647392698634,0.05561873790149993,0.2854381641624055,0.40274581227414147,0.5527913762817291,0.43164190790977486,0.4408797249198274,0.7362693001164864,0.5,1.0,1.0,0.1,1.0
0.25222123865085017,0.1939776560624169,0.12607718445070248,0.15901675614305574,0.5500837764372017,0.7099717142575424,0.7227727409432185,0.7109945640683476,0.1130934833736077,-0.2579298011039236,0.14144873554276016,0.5,1.0,1.0,0.1,1.0
0.6694576106753455,1.0186891799760065,0.8072500787862309,0.3150478182333819,0.4475483800337972,0.07254220821354912,0.935726474806909,0.711213896728467,0.3045298061903615,0.2477824712345923,0.14678764509457856,0.5,1.0,1.0,0.1,1.0
1.412616580402406,1.079205841530952,1.3636458513221195,1.1661206823836585,0.3990175200169378,0.8348034528704396,0.7836512483944948,1.3699329351810239,1.436499622323339,0.8890251296009326,0.924037413775136,0.5,1.0,1.0,0.1,1.0
-1.2142013671306358,-0.8937651771719664,-0.9553726064635927,-0.5381338026353848,-0.11245529911586177,-0.4073894201974244,-1.2421070655672781,-1.3860320613470383,-1.319111764358644,-0.7447433719635748,-0.5908658448413839,0.5,1.0,1.0,0.1,1.0
0.44359274471847393,-0.025717054960200825,0.26253541978603634,0.15889473336697554,0.5263178024328284,0.7756323750862117,0.7191222581899328,0.40308577211188085,0.10546464196387356,0.6375203395517459,0.48550914092257214,0.5,1.0,1.0,0.1,1.0
0.5158045455730859,0.5478953906036211,1.0260927549730798,0.4462141807590684,0.26499007313816025,0.06785133110564065,0.15370216432252828,-0.36923245454770875,-0.8970436543181047,-0.4785085351695367,-0.7863837140707097,0.5,1.0,1.0,0.1,1.0
1.1155345220732025,0.8325517600132865,0.8361986263984568,0.9779013254983991,1.0013823646301612,0.46352164240379146,0.5920567046379542,0.7960039782687607,0.23937386556395446,0.3286246908299212,0.2522622019020704,0.5,1.0,1.0,0.1,1.0
1.5552186953728508,0.5766683641668909,0.600927002885511,1.03174773367556,0.819634893348896,-0.0003211728745914355,0.15483614308978133,0.03471710698642386,0.3658496206648206,0.5027445007587816,0.4807953316783266,0.5,1.0,1.0,0.1,1.0
1.2410707741193765,1.2605195942553695,1.3458627786498816,1.4793324119953464,1.2796764160019183,1.4673904191632205,1.2205864425124018,0.7956350125057252,1.0756075443888706,0.757598519790696,0.6972588385099238,0.5,1.0,1.0,0.1,1.0
0.3905453308151454,0.5996822474411049,0.7700408602964537,0.47415659921435666,0.5897473873079246,0.49600350963112994,0.30670846268115676,0.5583520226148987,0.46559662643831584,0.6213781172576602,0.7134383784561494,0.5,1.0,1.0,0.1,1.0
0.46298187997563917,0.3077672812335457,-0.37000268283858084,-0.22725839989597843,-0.009788773856730743,0.4019629078707262,0.7041195870099706,0.8591619177668869,1.1010475608876173,0.544147426880859,0.5708678178918394,0.5,1.0,1.0,0.1,1.0
-0.28291170116231884,-0.5541460618740114,-0.20078537345673564,-0.22655401705104772,0.33714891630655386,0.6223438001153557,0.5212896670143327,0.257435244896607,0.17644599306477107,0.18418404080519635,0.023287591957924014,0.5,1.0,1.0,0.1,1.0
0.8181227340377722,0.6668026903285034,1.08695959358835,1.4603871917092657,1.0112481297308618,0.6387600781071123,1.0188455695373737,1.084159606433225,0.8099777363345817,0.595754538569428,0.6927934969546132,0.5,1.0,1.0,0.1,1.0
0.32340591843340843,0.43532541603566743,0.3760577094224432,0.6659843866055454,0.9664028975107779,0.5155447453863754,0.2199729466682287,0.7094018173482463,0.7053607534130832,0.2051828975811636,0.0896039424018357,0.5,1.0,1.0,0.1,1.0
0.3993627781077629,0.7285271861923481,0.9194792574109981,1.1157194460399804,0.9028654536482176,0.8511379160227937,0.7053029641844974,1.1040209117908646,0.7376723766678509,0.7514783859286581,0.7180838371578239,0.5,1.0,1.0,0.1,1.0
1.2186740317208038,1.369815581957124,1.2209228935412826,0.7301027521297796,0.7809701195954846,0.3633081218308377,-0.1475109355584367,-0.11429590337031745,-0.17468518943850928,-0.7900879980924514,-0.8820428937940318,0.5,1.0,1.0,0.1,1.0
0.730006014303733,1.041380430220051,1.1555480787441923,1.2972431838942389,1.4206653377077685,1.3938502941213937,1.6791287576066654,0.8428602875623936,1.3409198076682647,1.3447511490809827,1.4303844078572538,0.5,1.0,1.0,0.1,1.0
0.06402086435129296,0.18066208250625712,0.1342950648540029,0.5767711746116709,0.2665354008703669,-0.09214599531516321,0.09065871016677257,0.5359645349456678,0.21373036128100525,0.21712745084486115,0.45647339611709825,0.5,1.0,1.0,0.1,1.0
0.9479252858476288,0.9165394595649774,1.2433288291984306,1.4323578175590377,0.8354881977152043,0.608417267502173,0.875810631364643,0.8379650004399067,1.274854324344838,1.4104607025240716,1.725640508786306,0.5,1.0,1.0,0.1,1.0
0.04863551721333135,0.27710061999348534,0.31084537878608,0.28201999865400423,0.2909180017670974,0.22158831931118167,0.040889599982661895,0.1885392420842545,0.06357548212116987,0.17773340080097932,0.28204156076719417,0.5,1.0,1.0,0.1,1.0
-0.514180622179124,-0.5714103384922142,-0.7087825979663809,-0.6694307847378693,-0.4662703713343719,-0.5486307044044075,-0.597287220323478,-0.4199380317033371,-0.2113227611658608,-0.4977805269393972,-0.5255524949875837,0.5,1.0,1.0,0.1,1.0
1.216971903494192,0.605406198280466,0.9364481018991627,0.5215802689378446,0.6555610855071052,0.5464842930501064,0.4095927600152774,0.5401455982239226,0.6442621939668366,0.37596878446596566,1.0264362200347885,0.5,1.0,1.0,0.1,1.0
1.6190534979633304,1.1961565613281757,1.02330987305036,1.0411494136487613,1.3242865953063525,1.181529351138951,1.0586906417303206,1.110075428421804,1.1750776974474002,0.9687539743985578,0.8961432011657243,0.5,1.0,1.0,0.1,1.0
0.15806809026180502,0.40395244419679477,0.565036842838004,0.5528397737405901,0.12676405632061605,0.23615433454598844,0.5396862877409514,1.2184789910290346,1.1857557717656244,0.9442820724794235,0.61607620700925,0.5,1.0,1.0,0.1,1.0
-0.430387333025982,0.14440499223426123,0.669488679562062,0.4874430749662857,1.0473596755350452,1.0985643730131682,1.438322315439894,1.582902519599271,0.8510749991709835,0.8951046444843307,0.9975438403275646,0.5,1.0,1.0,0.1,1.0
0.2695671916115416,0.48472790471239324,0.3628959111914091,-0.03347161041758023,0.5670026305352476,0.9191979254821009,1.139876574438916,1.1711538491925164,1.3215031578938932,1.501359051028226,1.6462654141682533,0.5,1.0,1.0,0.1,1.0
1.07348186520361,1.4982585029493167,1.6206800388487883,0.8344380859005711,1.1811855097362671,0.8129096936894545,0.4544164193299548,0.34555341969260633,-0.4961155146890184,-0.19334952812111036,-0.2643270308085594,0.5,1.0,1.0,0.1,1.0
1.56564681819656,1.5137081942203392,1.3892180863661696,1.1574686657846542,1.1852163294132214,1.024988176903584,0.5717949636817994,0.1829012233147732,0.3814465378558115,-0.004992878565382386,-0.08625368252157672,0.5,1.0,1.0,0.1,1.0
0.7120892245646463,1.0621500005585838,0.9758395275928308,1.3357769991210608,0.6642718531100843,0.8061403862203778,0.5421139178398713,0.22959403882163792,0.647189321470633,0.37360649687633357,0.5061508982363746,0.5,1.0,1.0,0.1,1.0
1.962768297460469,1.8659741219393682,1.2774891939638437,1.301884937970153,0.8689275778483156,0.8913193816768119,0.625407912795121,0.18856553475056903,-0.25215612002025406,0.3369492075631651,0.4957014588163496,0.5,1.0,1.0,0.1,1.0
0.11362516942454592,0.12940686163283108,0.3472654687207924,0.11821729573084389,0.22098483367202895,0.07715180049201129,0.5861585565358209,0.9029046647947521,1.392932369600098,1.285424848360538,1.207227068894482,0.5,1.0,1.0,0.1,1.0
-0.006461331283220784,0.24686320607675538,0.6145305203859582,0.24097289339326455,0.499680342292118,0.4684955652870755,0.5806352629696745,0.944163478539699,1.3215183413933391,1.348362102876748,1.4306715920478725,0.5,1.0,1.0,0.1,1.0
-0.08980294662994673,-0.3343679816821883,-0.0630671375789543,-0.11157361245289277,-0.12964837155798736,0.11863571601416968,0.09814970202690981,0.28534975025189213,0.11541061799261648,0.439239477296914,0.4642611134561227,0.5,1.0,1.0,0.1,1.0
-0.7274986891230065,-0.48688464049388813,-0.30908422903384253,-0.020960764576694768,0.020804885668134328,0.20060162327163794,0.6747420561502928,-0.05805625677117088,-0.04134629556458935,-0.16006373696258797,-0.4077233863400172,0.5,1.0,1.0,0.1,1.0
0.658979502474526,0.5130719802011721,0.8736270753251734,0.6964487056940798,0.8937320734316906,0.7761173350050514,0.8498302035689878,0.8244532454764977,1.062721153092705,1.0670699984464969,1.072215394554344,0.5,1.0,1.0,0.1,1.0
1.2596499376016053,1.2243719204210255,0.6621336474728137,0.7891021618825068,1.0071507659971048,0.7536261389688195,0.7167661518924798,0.32257688775469545,0.47501786302594856,0.7656728481020583,0.9799705760594505,0.5,1.0,1.0,0.1,1.0
1.507154302829319,1.952454975403943,2.251934962610969,1.4027291860507383,1.1164421934579092,0.902972935560186,0.9240697853734983,1.1975304980894639,0.5893479854926302,0.680488809706271,0.7057604549378811,0.5,1.0,1.0,0.1,1.0
-1.1443090642869371,-0.6074355247054157,-0.17149504175430208,-0.3232312361469198,-0.745552874958239,-0.6478333380647013,-0.27411190187579926,-0.006319493795819059,-0.1406289967181061,-0.3908917995908021,0.009566506687469611,0.5,1.0,1.0,0.1,1.0
0.8866117139780295,0.7964307142220625,0.4961847760340849,0.536880239275559,0.6812386086225565,0.4713058541151962,-0.037801906474182856,-0.01193574739575505,0.3853840412434102,0.24201337630876746,-0.20869184417761355,0.5,1.0,1.0,0.1,1.0
-0.3238112915076449,-0.19896297024334253,0.027542623369792463,0.24229380319447136,0.5230662174416069,0.7771165948258694,0.8801430502424991,0.37600174940188136,1.3209807000758742,1.4902493617897916,1.459321016520847,0.5,1.0,1.0,0.1,1.0
-0.4181177858060663,-0.003131079522717739,-0.3647893828479368,-0.08365983040604635,-0.32107488378093096,0.3068018661316557,0.3143255693845203,0.20925044484662314,-0.06530251173277629,0.14845175021229728,0.5162254501637473,0.5,1.0,1.0,0.1,1.0
0.2625081317532335,0.028415792555884223,-0.2765121559344146,-0.0089626496246821,-0.33699569711988325,-0.12475700446471116,0.0529135626801784,-0.2980556528545186,-0.43572965871427727,-0.4346781614884411,-0.1988264783589541,0.5,1.0,1.0,0.1,1.0
-0.5127109503961381,-0.14160372464405246,-0.5182664815915484,-0.45015422852357034,-0.3260795442950257,-0.08635814490229773,-0.5529886851193161,-0.41824629774579136,-0.14529728804880288,0.07817497200689846,0.20171297934079876,0.5,1.0,1.0,0.1,1.0
1.222537650981918,0.8704453587890879,1.4288423734765776,1.2387420332929497,0.561333760808017,0.7273743250515127,1.0310470513507788,0.5475647880987579,0.48627988762778573,0.8700835759692113,0.7180475662636311,0.5,1.0,1.0,0.1,1.0
1.017044747019809,0.8377159442068136,0.9905173035901738,1.3484206084838313,1.3010547067899805,1.5091675980864392,1.3059042252868793,1.7492715597571618,2.054913258367699,1.433824693477454,1.3116768144627464,0.5,1.0,1.0,0.1,1.0
1.1500257693869864,1.5547453046983688,1.6530277023619466,1.3638313943404392,1.1323689558320855,1.3055661677656882,1.4457271058898546,0.8419563232765627,0.9192919919351057,1.6954245668103143,1.465776619169155,0.5,1.0,1.0,0.1,1.0
0.7696764371612778,0.8131132344222568,0.8383225088866617,0.5545831477761597,-0.16247818624053934,-0.28472564739214,0.027498767981227717,0.0501677296020399,-0.4700404964565136,-0.22696362114477592,-0.2005521286810768,0.5,1.0,1.0,0.1,1.0
-0.03853680231560183,-0.2947142655499973,-0.4142933931448779,-0.4696040327039911,-0.10816629650153559,0.1249480906738146,0.3276874003917265,0.25488188806580975,0.20001774592561244,0.5962589937503181,1.1067170162013973,0.5,1.0,1.0,0.1,1.0
0.08233690841318794,-0.3933576594889251,-0.35776464036033956,-0.14018064169202724,0.0511127253855493,0.1482615941832155,0.21571573995663462,0.5416161995475404,0.697312388570769,0.48927079670252893,0.2586494369694058,0.5,1.0,1.0,0.1,1.0
0.6556658611122681,0.48943926195148457,1.1193426635830388,0.8049145231320757,0.647617456226684,1.1063720076560837,1.4158996957030008,1.5733351746303232,1.5988889683805771,1.186286216587016,0.9788465590485487,0.5,1.0,1.0,0.1,1.0
0.9772538765861984,0.8443680825635723,0.5614840944815158,0.34316996508127895,0.11447402261519377,0.3372036772370747,0.5237132767572092,0.7350129148483009,0.9424850069858755,0.8925370044513186,0.6730483340759271,0.5,1.0,1.0,0.1,1.0
-0.27037081499763543,0.4028720132686846,0.5698965739315246,0.3087350915321567,0.6288922420913037,0.7109880845189813,0.5481353390473478,0.8951214870116316,0.902015179726723,0.9040498553709636,0.5937982184688666,0.5,1.0,1.0,0.1,1.0
0.01567835916810753,0.09426418266806257,-0.3985677785520223,-0.1767885527520173,0.13297250632468222,-0.000992443168884527,-0.18429038551726296,-0.1492838405079067,0.2601374169514836,0.6080459071713292,0.08685276722330004,0.5,1.0,1.0,0.1,1.0
0.22660200953465032,0.3483639293091063,0.14892809670937876,-0.050103334328607585,-0.2429533571674969,0.18805184631927174,0.06774578623483915,-0.48607770349753543,-0.20370685022053228,0.17221504671831134,0.43286258622548623,0.5,1.0,1.0,0.1,1.0
1.6952910362400533,1.5609070659576074,1.3793966822694375,1.5306869417747224,1.0012915011222365,0.19149013939760606,0.6071775746154473,0.5978684379487214,0.7585383398041421,0.9790563650609583,0.20680484375100017,0.5,1.0,1.0,0.1,1.0
0.11925365680071777,0.5738909917829075,0.966750391722635,0.47093509161574487,0.8039078929736225,1.251872585249344,1.0538699786262644,0.849895870736511,1.2967591068036255,1.4887732436760053,0.6932522883560206,0.5,1.0,1.0,0.1,1.0
0.8745366728644389,1.0524895092999744,1.0479860829954097,1.1819302329161747,1.397837435051273,1.5886729722689594,1.7472728045069692,1.250858626470479,1.2855365483578713,1.1371219146719531,1.374675358589328,0.5,1.0,1.0,0.1,1.0
-0.6383837846306619,-0.40929130062560903,-0.6981693858745175,-0.5787793206689756,-0.61351065943168,-1.0560766043965846,-0.9480033880424261,-0.3742146304249768,0.15229110362080922,-0.14657440343998013,-0.2604301160531596,0.5,1.0,1.0,0.1,1.0
-0.2406872717305195,-0.25814245287632925,-0.0048393392222899345,-0.17672081992612915,-0.2805786201881212,0.18595067290855152,0.3008788157143395,1.4830672754747118,2.064920250010485,1.8932051772997254,1.8953265352405597,0.5,1.0,1.0,0.1,1.0
0.4130122779911588,0.8496580495281278,0.5992197984037493,0.3730548485686379,0.2521841544982382,0.05010054397604813,0.40920324195923663,0.6106950052264809,0.27779674453507347,0.3603949873573522,0.1555051442165872,0.5,1.0,1.0,0.1,1.0
1.1493968942866903,0.8061666986053393,0.7710676463128705,0.036929302990694524,-0.14793823067061934,-0.042240532763365715,-0.14954587368661731,-0.7034858892254464,-0.5111957890041305,-0.7680451286332357,-0.0550036117261018,0.5,1.0,1.0,0.1,1.0
0.66763914557435,0.6870390151447048,0.5650137204751633,0.8213437958484713,0.8265160421261134,0.6064814845728764,0.05137681420443785,-0.2911803415069453,0.32083505055116246,-0.14234778280834642,0.34667484471461296,0.5,1.0,1.0,0.1,1.0
1.4352665494594234,1.3747034526211104,1.2806177997148507,1.8264267661569882,1.1190938283402112,0.6712747795307364,0.7802935377688276,0.7643098587110017,1.0730862197763107,1.0569985121046939,1.3142780894796282,0.5,1.0,1.0,0.1,1.0
0.9190437803487679,0.6908305039216691,0.43894248244874146,0.5013026044894023,0.9111156473512649,1.0483882632705712,0.5550177701754513,0.5669825818510229,0.32956390539125857,0.32536560680783333,0.674204883934405,0.5,1.0,1.0,0.1,1.0
0.775642019716577,1.276384606905605,1.0012795155422625,0.45382553622583993,0.17980741979840742,0.42828752217869087,0.6046640259662065,0.6174194357980298,0.8269827252739334,0.7583469978118758,1.3368887615041025,0.5,1.0,1.0,0.1,1.0
-0.6551982303685016,-0.5038911581938652,-0.33964623026666646,-0.3607824972759119,-0.4933645752834058,-0.5869203120073619,-0.4980633208846961,-0.22636197373034436,0.1648191659209723,0.15707353364337823,-0.26217297475098755,0.5,1.0,1.0,0.1,1.0
0.390680806765278,0.29283240884888806,0.07636938909860291,0.151204588258863,0.5158468721598336,0.8608428399861143,1.2284057609857764,1.4943175967890228,1.465710859260047,1.5493766788477983,1.2861394658303809,0.5,1.0,1.0,0.1,1.0
0.21518271275776188,0.03957186662814846,0.05735821308181317,-0.061752246645818576,0.026349224806846643,-0.17239288601616437,-0.4177311641298113,-0.2309557090868801,0.29971534895684737,0.5419453752962705,0.6122239790633343,0.5,1.0,1.0,0.1,1.0
0.614273649117995,0.7710348454420466,1.34917749699221,1.448503665248471,1.0348132459506483,0.5837502862446595,0.6275663353388522,0.6120279665965564,0.9980168090902113,1.2438752873996912,1.4012454345891743,0.5,1.0,1.0,0.1,1.0
-0.2753937022488375,-0.31316702485491243,-0.15222017411666838,-0.12174260477159585,-0.12983777988764378,0.225767561115359,-0.10528636388477058,0.47256506106259627,0.153475003410741,0.17907936422575993,0.14488582791795485,0.5,1.0,1.0,0.1,1.0
0.822041570497556,0.6954817529069202,0.675094236875357,1.0704953340295662,0.5171724662085628,0.3081052799444357,0.46543821591705065,0.3205473298181011,0.7356337967215977,0.764121138134449,0.26364730547001164,0.5,1.0,1.0,0.1,1.0
0.049242769258643494,0.06375670302603408,0.1315426566384996,0.41518187247586497,0.6751319597840273,0.21413439678221252,-0.11587332618426682,0.4388431977561537,0.9898562314944177,0.8690939294535037,1.3947678685011016,0.5,1.0,1.0,0.1,1.0
1.0074003506521405,1.2044692542770208,1.2477774470876282,1.5853987638659226,2.031249228194845,2.0172583690952535,1.547555812203842,1.2523420388918183,1.4265434917456958,1.2756354777784176,0.8448841583540685,0.5,1.0,1.0,0.1,1.0
0.6682450347018413,0.5702261456667013,0.03834134640297504,-0.10066464873427639,-0.09704094245447753,-0.16982695922250454,-0.1792772398562446,0.40910760922425415,0.19274993677559615,0.017523671631349047,0.01475955211122744,0.5,1.0,1.0,0.1,1.0
0.25970707649185326,-0.1829263513547864,0.21925505938657033,0.41620053300593707,0.36783988337876217,0.9709506915267203,0.26008363299246606,0.001356674520787915,-0.021141265441273822,-0.3718018351193708,-0.4203345396766013,0.5,1.0,1.0,0.1,1.0
0.5154545277818596,0.9135611213831925,1.052013151487757,0.7503812190407174,0.5985935571440463,0.7400315394494118,0.6092189674573838,1.2206045418068214,1.0667351679106087,1.005969436562459,0.9931443125473027,0.5,1.0,1.0,0.1,1.0
0.3665235030068513,0.538006081743688,0.42343644011250003,0.18887342213403727,0.08251804551031192,0.28212766857607957,0.4070953981791845,0.2702463646628151,0.29513400978020693,0.4592708015754564,0.5126864756409121,0.5,1.0,1.0,0.1,1.0
1.279254432894813,1.1584980431685734,0.9951663022037213,1.0700378601284275,0.8934458462648852,0.7944541820637696,0.3517453895049318,0.18468500681516414,0.32652043274177406,0.3596957645137773,0.34609113434104805,0.5,1.0,1.0,0.1,1.0
0.5276461705568525,0.9359614634670028,1.2026109375848129,1.3085327342782298,1.218211457437086,1.5344752293968682,1.217059009434575,1.2697870546554677,1.4313941862705506,1.66286376416499,1.5012258507600245,0.5,1.0,1.0,0.1,1.0
0.5625123393840611,0.8591565289219116,0.9151607246557606,0.7972941471992745,0.48359926157181354,0.06954317473147026,-0.14373943567402203,0.038869391685013216,0.5755857938723203,0.5020805112199802,1.116803553555826,0.5,1.0,1.0,0.1,1.0
0.4255031304296818,0.37422791980782893,0.6601623855188156,0.7819332408392936,0.8099066110511297,0.7392330115482783,0.6399814431961034,0.6439156650729788,1.1727319075770635,0.6345400086392643,0.8390093599375386,0.5,1.0,1.0,0.1,1.0
-0.2756883125655494,-0.6122032156227508,-0.31503691380120663,-0.1954216157509286,-0.06353947088580597,0.2899029078062679,-0.2237285746969776,-0.5153548260942432,-0.7021747934004514,-0.5903635861048946,-0.30299141541103225,0.5,1.0,1.0,0.1,1.0
1.2156758049435945,0.42191929951236007,-0.2512780816723052,-0.03224975835645222,-0.051153679848282355,0.09869778331855455,0.21239915421122663,-0.28312610201409744,0.2939495346743074,0.3045368915922428,0.18649565152205136,0.5,1.0,1.0,0.1,1.0
0.2664625907512844,-0.08486758564092622,-0.23935675192091244,0.5070887814009895,0.4687904319906785,0.19491060495148693,0.052492599686144475,0.4218021990547815,0.22752463121766667,0.17806539297684987,-0.07585227076706805,0.5,1.0,1.0,0.1,1.0
0.8797458690223644,0.1747196453573281,-0.0010938088659084022,0.07003455051447424,0.5715587119192469,0.8024774869519977,0.6025677741549107,0.20785009962763373,0.25780910500831294,0.10154448566530389,0.42024461439320243,0.5,1.0,1.0,0.1,1.0
0.5881872094322773,0.4469844859408462,-0.1065387141222674,0.4264891324131953,0.43959972136495395,0.27914449596020663,0.7266674168399041,0.23459849837923175,0.442892836970285,0.452902577718189,0.20919911512277384,0.5,1.0,1.0,0.1,1.0
0.5084851042423031,-0.13292903118545996,0.3106519941860794,-0.08550225651696114,0.13539760546076438,0.36439717622482276,0.208813671127441,0.257162057609221,0.5819048658203099,0.3661548687067232,0.6675390647942069,0.5,1.0,1.0,0.1,1.0
0.9180951099642053,1.131472119849726,1.4800904658804495,1.8612574917943374,1.9202459383682835,1.896531534646387,1.594452197112224,1.484487202038681,1.3486464427738714,1.0199391600851713,0.5178571217483265,0.5,1.0,1.0,0.1,1.0
1.4661479848731525,1.9444024488398135,1.2619474157036905,1.6962016180977906,1.9967122210613546,2.313186959517847,2.6960598754256564,2.6037873732863432,2.5012338321872147,1.9723317033155903,1.4925421323075867,0.5,1.0,1.0,0.1,1.0
0.36469381791412475,0.4914297453479439,0.7090917825160805,1.3700321202556978,0.9140643952960075,0.40799112683131455,0.4469982585027991,0.6926659471578489,1.0893673025991033,1.3698833917061477,1.7230510308214384,0.5,1.0,1.0,0.1,1.0
0.5933067073094667,0.9519459867276374,0.7119850133785068,0.972029731391204,0.5532594285635974,0.37895470775297047,0.4054861475623312,0.19252468531949124,-0.15228934325729981,-0.3777704751787224,0.1710083280594386,0.5,1.0,1.0,0.1,1.0
-0.31159692117518467,-0.44454121124651225,-0.652392578592812,-0.2412506095937328,-0.1347201137248777,-0.042860509658291385,0.22506179510308574,0.5450528608073446,0.9533010291986719,1.1686515923794072,1.096628352857732,0.5,1.0,1.0,0.1,1.0
0.7610967938096403,0.47600016735074446,0.4567030667446931,0.6781024039925363,0.8061998885819408,1.9813355839425237,2.3251600137845205,2.09579323283231,1.6542267740697036,1.6703969021003615,1.8822058125630436,0.5,1.0,1.0,0.1,1.0
-0.4244186852808566,-0.014056566021901973,-0.6385617622782249,-0.2547790291011439,-0.6625873073636084,-0.9467654467774759,-0.7327525473407316,-0.37832200487725476,-0.12116074551654138,-0.35009496187319994,-0.9673113940586899,0.5,1.0,1.0,0.1,1.0
1.679366177997201,1.674089662060197,1.3923840266316572,1.607158963125937,1.7774590719229963,1.691720227414787,1.572760173055435,1.5225647960204913,1.5993334358544238,0.8350556947645144,0.9479619159445043,0.5,1.0,1.0,0.1,1.0
0.9810044915903672,0.8693373440738992,0.59956162534441,0.2993352375301868,-0.06800044243693526,-0.40295316022923133,-0.6729270775933913,-0.3511844064113585,-0.037987849295300136,-0.311565600554689,0.18808090319158605,0.5,1.0,1.0,0.1,1.0
-1.117942585649678,-0.7711804263519533,-0.4126971322344509,-0.22770660364308748,-0.47084030343916194,0.015933022112461892,-0.0673089298754197,0.1368146150074787,-0.08501700292619632,-0.27206501123080357,0.023322468534492463,0.5,1.0,1.0,0.1,1.0
0.5130522977406666,0.771628831941328,0.9621847769708061,1.687258752174543,1.4833503325593802,1.4638650054510394,1.491590085246441,1.2495214080737518,1.104716438007847,1.2364068858390267,1.3371624118048402,0.5,1.0,1.0,0.1,1.0
0.19838254161012514,0.5894902848226857,0.8691320590061118,0.31250674048851823,0.9880436430990808,1.336854307625592,1.6139120652865786,1.6830102262655824,1.1696497486364734,1.1146769537963537,1.280382566377999,0.5,1.0,1.0,0.1,1.0
1.9534860076410654,1.9714787222260777,1.67441712128707,1.7918457268247112,1.658449851061004,1.7077780285218311,2.2793861060172786,2.044285174297449,2.1556737756788507,2.4706337366310245,2.4107705601616565,0.5,1.0,1.0,0.1,1.0
-0.2202321368452971,-0.03336621686327999,0.07493868886539223,0.4772934400472263,0.403807717357026,1.0643120866987126,0.6978223498442537,0.7761482197680419,0.6073842366869735,0.9561023350751832,1.0925510412070893,0.5,1.0,1.0,0.1,1.0
0.04457955707198089,-0.050513676242313454,0.046420429372579584,-0.32093833287646534,-0.31599456156716305,-0.8111406465828584,-0.3623097843461511,-0.8693843343866761,-0.40754161367442043,-0.8362310009552757,-0.9368544825561121,0.5,1.0,1.0,0.1,1.0
1.1379148625781967,0.5247382170676709,0.5672637820555482,0.7305637256492165,0.19294360701046265,0.3134171050276081,0.5178578519680813,0.2947629718442742,-0.0157271884371869,0.009542261151073067,-0.5420098305526985,0.5,1.0,1.0,0.1,1.0
0.31820266272851555,-0.06728816765734985,-0.2843097977434127,-0.32626505505959,0.3536410951209465,0.6663264767454473,0.5421469803611507,0.8596124813116308,0.7548432881354834,0.4515854327699607,0.12178819972454896,0.5,1.0,1.0,0.1,1.0
0.6561152035498065,0.6606709478027517,0.6759309850012729,1.1694353895700642,1.0470015007092388,0.38643095600662813,0.37535969678413816,0.663864286457446,0.771574080177443,0.8195759674530205,0.38784428467155396,0.5,1.0,1.0,0.1,1.0
2.0181969980791723,2.43694580867472,2.0316773068749465,1.707764800452801,1.5673771840487651,1.3572042323042428,1.2008723887520776,0.7277883310154984,0.03466459746973838,-0.02478201350707787,-0.054768395779811525,0.5,1.0,1.0,0.1,1.0
0.48083500543357915,0.9608082051561997,1.2094158758288405,0.8903683872164049,0.9353925132143891,0.5669749610128778,0.3785530848122013,0.5411637510788679,0.37868290743125477,0.8791021974684663,0.6894246936070093,0.5,1.0,1.0,0.1,1.0
-0.13554609787332622,-0.23691507374543133,0.526579573208028,0.8113528990789127,0.7564737565968593,0.3307508511336032,-0.28121957837262057,-0.47376706259950385,-0.3272875786211933,0.19321736941447812,-0.0712379745376048,0.5,1.0,1.0,0.1,1.0
-0.080311037240697,-0.10895034929099842,-0.48341550559271806,-0.711484592797482,-0.04053290249938102,0.18514202011063324,-0.009496721503593819,-0.6826613861452671,-0.4231893781756867,-0.027192862539857088,-0.065669403671443,0.5,1.0,1.0,0.1,1.0
0.8043252254258633,0.932396946346971,0.7289114821695717,0.6538885120917093,0.665737132351138,1.0591088984841253,1.1351538522961886,1.199588768537707,1.3904445169938344,1.380210573861495,1.6030281498245333,0.5,1.0,1.0,0.1,1.0
0.010191315979751914,-0.3106109469900547,-0.9659159309586172,-0.4604291659963003,-0.5162346093529299,-0.4600694191041169,-0.8311920747876642,-0.9723316690159101,-1.3422948866744036,-1.032363092198928,-1.5518958797834217,0.5,1.0,1.0,0.1,1.0
1.511295422272391,1.3355212454130094,1.4666656472078483,1.3725366619997998,0.9186390428489186,0.3406683821605161,-0.18461509161817596,-0.26697963579161205,-0.09859733439549047,0.15996336837547095,-0.03359729051948143,0.5,1.0,1.0,0.1,1.0
0.40379770193236597,0.3024152493118888,0.4309113416648609,0.10062867254514685,-0.19331870372785825,-0.44176866309463614,-0.6530494164120608,-1.2592582321213266,-1.056300534810519,-0.9484751792967328,-1.2778998598542815,0.5,1.0,1.0,0.1,1.0
-0.20297875663673115,0.08188269352626884,0.13006057624261103,0.23335328576574113,0.07290741105201781,0.5181521031568582,0.4298969999815471,0.44211170561767676,0.6771775253619494,0.22707144436353183,0.2996047645123737,0.5,1.0,1.0,0.1,1.0
-0.8245404413701277,-0.5483486133489265,-0.7435205323976665,-0.8811513494577682,-0.3625878667011639,-0.4200853893430134,0.015055125575219486,0.6055217804194961,1.0016345864121394,1.3569442505682823,1.3108555911042927,0.5,1.0,1.0,0.1,1.0
0.6962713657015661,0.7603023239908698,0.57711200492788,0.9137362750004367,1.2165628311693306,1.0439817122231918,1.375725181840967,1.7792231114165602,1.5291863282706055,1.0840389833803445,1.6192271336492747,0.5,1.0,1.0,0.1,1.0
-0.09415651010505642,0.09328088809472398,-0.15781217881189405,0.15749995955483675,0.21957167459368107,-0.05315224650446068,-0.4336847608622405,-0.3144754814685928,-0.3237497973865552,-0.06334007141108108,-0.08156704366564436,0.5,1.0,1.0,0.1,1.0
0.40777840518964603,0.4534512164640517,1.1771864573402286,0.5724451375982045,0.15394067648210585,-0.09115988063435657,0.19024286618158223,0.4699314656874492,0.23834815050563657,0.4576148940820093,0.4216426518557371,0.5,1.0,1.0,0.1,1.0
0.5124415274477238,0.7356869629009892,1.1495854875099212,1.6465587807557047,1.6311806588366227,1.4609710565073786,0.5336277200442787,0.25191244956538944,-0.21515171427025676,0.01439509512601933,0.05914782080988382,0.5,1.0,1.0,0.1,1.0
1.2347309694799926,1.3059729565336455,1.58291017598611,1.2898552071158285,1.5267756449829082,1.384462949626504,1.4826699992967778,1.2039771859687962,1.2772176811514644,0.7143112208470385,1.0092090149837172,0.5,1.0,1.0,0.1,1.0
1.403663656187056,1.0991838189924101,0.8415953681864516,0.9094404606018183,0.8748860306336951,0.6426438389073379,0.8794578425635993,0.9384863592255513,0.7995922470921804,0.31516207605220076,-0.27897551220740263,0.5,1.0,1.0,0.1,1.0
1.0907661145446101,1.143083388358707,1.0457643485030197,0.4952824670015726,0.1896194272466727,-0.11366815013395123,-0.12068546822588067,-0.1483527009471357,0.10010649965629873,0.2905314413511122,0.3551829953645964,0.5,1.0,1.0,0.1,1.0
1.1329172267994072,0.9679718513290274,1.1884618092475796,1.022853751353372,0.8210280028801483,0.7429515812858835,0.5498037143973394,0.6396746058849164,0.1454756507695915,0.2530998225852134,0.28232942779874315,0.5,1.0,1.0,0.1,1.0
1.4397185816071618,1.221944130260471,1.5079901522459553,1.5371227570108885,1.3197472441088303,1.3551072114612701,0.9738738993812545,1.165430905152952,0.8956829276504434,1.670505425810133,1.523186198118194,0.5,1.0,1.0,0.1,1.0
1.062565238657984,0.3353433560213107,0.602585673075981,0.5266664736961507,0.3798247167685802,0.3795087425900659,0.8268879520736445,0.7875987956118851,0.9871629129654838,1.0563606958126361,1.0529090463122142,0.5,1.0,1.0,0.1,1.0
0.43518691023231665,0.1700350965828371,0.6338664595406652,0.7716115590194946,0.5131060562987972,0.21786805369392054,0.0574491598694129,0.03497550330755883,0.7519518767962494,0.9850711949371634,1.099775237860961,0.5,1.0,1.0,0.1,1.0
1.3112473618110498,1.0254364455753096,1.2178245579833016,1.1123098131762268,0.7466460593617514,0.6420015364814762,0.13801094192297775,0.5251223626096548,0.4706079208041012,0.7473722774774838,0.6766450289549609,0.5,1.0,1.0,0.1,1.0
1.2916690786696465,1.1311377319466351,1.1028433286460035,0.9444713535286182,0.5603241743073194,0.5191593783750366,0.08094681048780605,0.4757022414255736,-0.012289702163396421,0.13563774741529794,0.25932863902626463,0.5,1.0,1.0,0.1,1.0
0.7538595608915434,0.47876465124736267,-0.09881719017759394,0.4299474212514584,0.4904170946947742,0.47127939626086995,0.19933159379694665,0.5352025278141048,0.39852235895576976,0.6585964337693463,0.4119702589916534,0.5,1.0,1.0,0.1,1.0
0.0036110382012984835,-0.028308438139612424,-0.18642916074364838,0.08434476700949668,0.2974423185185645,0.13967218261225658,-0.15748850531439768,-0.5225087607938143,-0.7447263429741902,0.0030624871067091997,0.6208103502684157,0.5,1.0,1.0,0.1,1.0
0.2402740337499114,0.5936691776977454,0.20084536279223464,0.3616775673526574,0.6273997848515651,1.0124769370237492,0.6682133902009231,0.33451175333223016,0.28802433611185785,0.5936183983922129,1.02067262432628,0.5,1.0,1.0,0.1,1.0
0.686662738404275,0.8620131837738971,1.3016307839325771,0.8733825951068706,0.7581022830939335,1.4028854709403122,1.3402066471357619,1.4863706494695144,1.3722572238230486,1.452955595249336,1.4692488568905175,0.5,1.0,1.0,0.1,1.0
-0.1398947202981496,-0.05313743551435379,-0.14511800006430609,-0.3303337091647076,-0.28512633032393303,0.1535146164786878,0.10665900242148295,0.035682786978334394,0.14957319508221387,-0.09762939834617954,0.07394774971177098,0.5,1.0,1.0,0.1,1.0
-0.49007935254336005,-0.45921778560854065,-0.17185110722092317,-0.02111038850033392,-0.14602045489776821,-0.14588789147829895,-0.08863818710224775,-0.5505467345201536,-0.37961781701249725,-0.23064593623461732,-0.5934057535323105,0.5,1.0,1.0,0.1,1.0
0.4847592660120753,0.8154782594988164,0.9807722618036867,1.726150505036088,2.2839943033421397,2.058845230279002,1.7331757423694087,1.8869191691219676,2.3980811633211703,2.8946164597382817,3.4815710916215603,0.5,1.0,1.0,0.1,1.0
1.7397262533191462,2.2143939333743523,2.213939322180717,2.1084217370040976,1.9507986760985145,1.988066195999133,1.9295895271457957,2.236399976428578,2.2298138041542677,1.4592669701079612,1.288216178753832,0.5,1.0,1.0,0.1,1.0
-0.06675800493719411,0.4748513969498363,0.21098672374959293,0.4754289043944444,0.7653594565148485,1.1145768664216567,1.458051663747794,1.4952141738139466,1.310052778364051,0.8996858646325789,1.5269325850601403,0.5,1.0,1.0,0.1,1.0
0.5490228486225832,0.6574644818801305,0.5236663448518885,1.0629950076957706,1.746534822951997,1.4742647214502582,1.259711872296039,0.9464363850324761,1.1703518758310971,1.1361847010841322,0.8642047093924448,0.5,1.0,1.0,0.1,1.0
0.8510821432934228,0.5893288119067938,0.6951621505055908,0.5247590602597828,0.20480197720711885,0.03729317764419143,0.29695104213526025,-0.2917598667237653,-0.18879337817406525,0.27883083711162204,0.2314134155588598,0.5,1.0,1.0,0.1,1.0
1.1915640487414971,1.0950119215748033,0.9401495451847578,0.9847123079546308,1.5572964870407275,0.8473316007672796,1.173353686266241,1.1601311780104273,1.37424330075467,1.0680481588501798,1.0310149800247987,0.5,1.0,1.0,0.1,1.0
-0.3111152141593317,-0.07474363962949729,-0.2513519344574169,-0.6561816867128444,-1.0528565746044258,-0.6342102624723545,-0.09883529094056182,-0.2751941236836319,-0.351793492181201,0.3727973206049487,0.9545383794078113,0.5,1.0,1.0,0.1,1.0
1.4303500668940923,0.6941278441820533,0.4828632983948725,0.9139510543144655,1.0909401320716692,0.8117888383546624,0.3823985648469345,0.5741446268490196,0.23528015821894804,-0.04884288678771026,0.02617727491649384,0.5,1.0,1.0,0.1,1.0
-0.5223392788721747,-0.6295708989540458,-0.31939721415518646,-0.0765969506280364,0.7769326735952642,0.23094000330712428,0.19698628087206654,0.2811804018933963,0.3223399022699751,0.5533809954889949,0.3112214932933828,0.5,1.0,1.0,0.1,1.0
-0.07164265592117458,0.04046679960439494,0.0680716845747866,0.16807225147743962,0.5136697476698913,0.8345650449605932,0.8762471764156067,0.7248811999990765,0.49323216679033455,0.1911847422649346,0.40455434290383246,0.5,1.0,1.0,0.1,1.0
0.5122795894306191,0.458105118784237,0.7987540199528471,0.6870562095526409,0.9433331460140069,0.9643500859295382,1.1673985419751893,1.851950088579367,1.75051727627001,1.5052747371153354,0.834124965817692,0.5,1.0,1.0,0.1,1.0
1.0294045491527832,1.063671945905459,1.2299490836118232,0.7323605178470136,0.16109268846529634,0.24156451503926007,0.15814036986848437,0.16476481884480376,0.3526452720296064,0.5132049818347844,1.130461689106093,0.5,1.0,1.0,0.1,1.0
0.5351326364624265,0.7747635584238372,0.867700362235444,1.3037221196841242,1.6468429016679857,1.4134477817109388,1.3015724812756975,1.4658919485142696,1.3228265789232576,1.0697341756730119,0.99809297126872,0.5,1.0,1.0,0.1,1.0
0.6954211315462329,0.9463446881346873,0.740084264181164,0.3026770025942751,0.26671489431468837,0.22325909013021433,0.29903025207707506,0.18402337342571948,0.06226592431029443,0.47009846070407857,0.018995766934877534,0.5,1.0,1.0,0.1,1.0
-0.46798078850532143,-0.8574739547643698,-0.5527494165215612,-0.39510840517541945,0.13811522450161218,0.29156542333568847,0.053603561749276385,0.2082145763070255,-0.09666508083200792,-0.03979722323040731,-0.15344744429312412,0.5,1.0,1.0,0.1,1.0
1.4910616774915149,1.648081946450946,1.216458433079624,1.5061662445897763,0.9712234597927933,1.5017742330502024,1.545906686815433,2.0296480228308464,2.3187078427140273,1.999443052388604,2.0062997982040476,0.5,1.0,1.0,0.1,1.0
0.6439671043861138,1.0902848050522889,0.9371003338120389,0.5447486870045442,0.38497375535232115,0.6125517704455855,0.6624009240605373,0.5745398540805782,0.9064591701275293,0.5531881506934508,0.9894406990852953,0.5,1.0,1.0,0.1,1.0
2.960808757054687,2.984864926454126,2.6297545018280237,2.064005654449004,1.7192516664387083,2.0578355398846533,1.9197506422678736,1.6501872261636346,1.3666774159776638,1.3172870144142024,1.1754790526895986,0.5,1.0,1.0,0.1,1.0
-0.35004799873325343,0.12309453419188893,0.027527130590359022,-0.09747710441233721,-0.36859113870775767,-0.5773901781146111,-0.5073856208665909,-0.4068109805274248,-0.5133695269626125,-0.4879958807839857,-0.20900055979177462,0.5,1.0,1.0,0.1,1.0
0.2101866267423731,0.3126836906542294,0.0239275414725848,0.3833392114378811,-0.1484224841381468,0.4063336098620962,0.28851911227664745,1.0663597808564345,1.1178822633744254,0.5818096835639498,-0.024520398541289956,0.5,1.0,1.0,0.1,1.0
0.809710198457159,0.40040887648632445,0.7593348210141948,0.5781145219846835,0.4838687286218191,-0.017532733975574977,0.14234355357560619,0.4405256989279689,0.6459728363090893,0.38232824137678517,0.2717267155912708,0.5,1.0,1.0,0.1,1.0
0.811603970718483,0.5900977192608592,0.9179112646758383,0.7917816348619658,0.9194809918973175,0.575320715974942,0.5792372791070611,0.4680454181172037,0.2625646528005424,-0.03931742221625251,-0.3324708333296499,0.5,1.0,1.0,0.1,1.0
0.6536318984688101,0.8783117685740449,0.7533523079461374,1.323711770221534,0.9164985720031862,0.8055200055721184,0.6425169345842272,0.33441207359831815,-0.43028975838494704,-0.06999396235426841,-0.6163745013211308,0.5,1.0,1.0,0.1,1.0
0.6236102064357788,0.3859040648737992,-0.21123889667688145,-0.35715108510166604,0.25663137560547356,0.09637009884094758,0.25497875756274624,0.34047502216426184,0.13221591406892053,-0.22400194279026364,-0.04147275333358953,0.5,1.0,1.0,0.1,1.0
0.4053649934753801,0.7951722696695954,0.6092175544247664,0.3978064166921186,0.5782452426733855,0.4687612690430979,0.0700041224227998,0.7665883147086965,0.9180611645995176,0.4699319963078397,0.2655399487919124,0.5,1.0,1.0,0.1,1.0
-0.2518471838239859,-0.08184910851592034,-0.21265863461464335,-0.18646710941635775,0.42369779131323676,-0.13615459219903592,-0.3516670816313033,-0.1518045591194974,0.3776423893408887,0.20388247035929422,0.6116820854174063,0.5,1.0,1.0,0.1,1.0
0.760317891592866,0.4863698522020362,0.21826340014376816,0.5086358352824492,0.9084586993596908,0.36522053551494604,0.21142643125402005,0.25046253329533186,0.3042030682458759,-0.4897368651571144,-0.007606510429728763,0.5,1.0,1.0,0.1,1.0
1.6629761920766464,1.737261762116234,1.3967702106719417,1.5138898927774578,1.8312919489381,1.0833206872497279,0.40606271025722096,0.8746151184531972,1.4755600026609397,1.3874004139484841,0.938056713725841,0.5,1.0,1.0,0.1,1.0
0.3827699446121716,-0.032830066997962426,-0.069021046261451,0.11624815222460268,-0.4995131201627337,-0.6461833026354931,-0.527627782475049,-0.3222627623396041,-0.17159310909585732,-0.019069205710261883,0.43531030193654097,0.5,1.0,1.0,0.1,1.0
0.664526096370084,0.30316644646776464,0.8661808066964523,0.32746155515250275,0.08181528540081473,0.5480973792545508,0.8532028775743427,0.9377279018444419,0.6928673052977188,1.3156026600713404,1.2639263345517537,0.5,1.0,1.0,0.1,1.0
0.8981154580508214,0.0966513503973222,0.27176748391217,0.4128186843253598,0.9088592251208453,0.7644077223778596,0.8892283715460436,1.246835281993972,0.9920108514007605,0.8970629108539818,0.5274799324517021,0.5,1.0,1.0,0.1,1.0
0.815232517769427,1.0161483704970378,1.4210832050806568,1.2059282689767632,0.955048414621823,0.704424477280299,1.2059974554697568,1.4353993049423748,1.5581507723779322,1.5681729382693224,1.8868707105194185,0.5,1.0,1.0,0.1,1.0
0.7568213910599454,0.17893258956172065,0.33432622547621854,0.31781221433625534,0.2318291305738308,0.6040399289610743,0.9679620049934341,0.9604155089605616,1.0585327327108445,1.5965614290788637,1.4320163494122697,0.5,1.0,1.0,0.1,1.0
0.28211334526206705,0.2625845863226436,0.7639704701606309,0.7308581480928875,0.7782842886871076,0.7658824692984207,0.5960932535313287,0.9177302552455706,1.74770242637902,1.6369648235206713,1.6234440586394547,0.5,1.0,1.0,0.1,1.0
0.36729063513160415,-0.05923207210093834,-0.2610627068661915,0.16773171837363757,0.07035959966121585,-0.26835028448865483,-0.08757752894556622,-0.22516567546667843,-0.30694888792317065,-0.11075745350576365,0.11747890943895649,0.5,1.0,1.0,0.1,1.0
1.7670514507481334,1.6661594948104979,1.0050229169607698,0.48706161034095397,0.5449461556746016,0.5050792420352337,0.6733273501975758,0.6042971508710966,0.5180197589039297,0.9520617598424512,1.2845396166043472,0.5,1.0,1.0,0.1,1.0
0.12391612115266032,-0.19190120581079884,-0.22175566006857186,-0.10941804706556155,-0.026773337465319035,-0.15884330279896186,-0.19517170986006588,-0.3889989676724996,-0.016262054294032047,-0.029980473732271522,0.5265211995400796,0.5,1.0,1.0,0.1,1.0
1.18032162505038,0.9031856767109295,0.518469868268036,0.3806354602831087,0.724197983348257,0.642039929937235,0.720624637215467,0.6850399348699358,0.9719749565976241,0.9487167536131983,0.7726002566018563,0.5,1.0,1.0,0.1,1.0
-0.24660754665809498,-0.22382325203145684,0.10583345491814178,0.31201541295314067,-0.07211620255163143,0.2851318431723603,-0.12808122261011318,-0.5433543403208548,-0.6285755889946033,-0.3492127166140555,-0.5744855758684118,0.5,1.0,1.0,0.1,1.0
-0.40204523995515024,-0.46363731161819,-0.2973635166753238,-0.3886259662500988,-0.3853263892454932,-0.08401649924631119,0.4186854356463714,0.27720313432201543,0.46737088569153656,0.5452137539019817,0.4647566216783448,0.5,1.0,1.0,0.1,1.0
0.5573046980641547,-0.15685563622238885,0.024414006610076644,-0.002484407740774866,0.007064010293283178,0.058202652811924924,0.19400399099904092,0.14421652950864283,0.441225496081006,0.904255616784183,0.8275381251223429,0.5,1.0,1.0,0.1,1.0
1.7352336962506558,0.8360989484469674,1.1432381805585774,1.1441218925118533,0.7405603054867267,0.3962564274781757,0.4884422338830679,0.47625574146171634,0.2849311700078785,0.4706563151919674,0.16554918400106128,0.5,1.0,1.0,0.1,1.0
1.1877858781354724,0.8247244737157011,0.7683713536550646,0.7100541165834628,0.9613345248194771,0.5228557275484085,0.7976535072514503,0.7030901157557509,0.24091193494235558,-0.24545853700770087,-0.10402708650075856,0.5,1.0,1.0,0.1,1.0
-0.17048859121084967,-0.03539388229343926,-0.5244407398563644,-1.0097188769244125,-0.8821763425093708,-0.7151343552747493,-0.28992727793714435,-0.3187145806964632,-0.11840649370104947,-0.5423583503017918,-0.14990177509865366,0.5,1.0,1.0,0.1,1.0
0.3479892053279746,0.17160081221237578,0.6928619565872753,0.7205438517060427,0.9062801975909571,0.6779215727241761,0.7870940807133452,0.9832543966801712,1.112545526415493,0.7906233899286312,0.6822078085909147,0.5,1.0,1.0,0.1,1.0
1.405193642405629,1.7117005749203678,1.900301009571763,1.809096840154298,1.2393253019230661,1.3829599902155971,1.7230054710363742,1.5520432628571945,1.7642615877420869,1.6925203583171669,1.4820295665756757,0.5,1.0,1.0,0.1,1.0
-0.2506294297498209,-0.5189328025084691,0.03721813398231688,-0.14041633623408828,0.14317220915464807,0.4194672233451835,0.8482423630953893,0.6926639823304767,0.7230560935325423,0.6152455040611153,0.6486115532565194,0.5,1.0,1.0,0.1,1.0
0.07863696872676736,-0.2881042649300325,-0.5095082516994779,-0.9602417832492154,-0.8042428945481397,-1.0256019765516535,-1.1272957213533235,-0.6270600539101505,-0.5701631070200228,-0.5158979846269278,-0.5592501492774149,0.5,1.0,1.0,0.1,1.0
1.0311857920620073,1.2225347945415717,0.8408447126364845,0.7719092804893135,0.5982212160210623,0.06155216194241575,0.3272552169459859,0.259966629111165,0.7632513319496084,0.9526158011651662,0.9055611277187651,0.5,1.0,1.0,0.1,1.0
0.48937475808813513,1.1049906063038202,1.0419676271538327,1.0234501614862657,1.038927351791256,0.8778223459537107,0.6238470207661486,0.48505157098989715,0.3644677717001595,0.6266863124694692,0.7030710682405483,0.5,1.0,1.0,0.1,1.0
0.9883295239785689,0.681917159677456,0.8373892721757119,0.8060204106577847,1.2924212233245278,1.5998935061759407,1.4206253208695565,1.454961358129514,1.136956212096665,0.5248505908604376,0.9973099153291027,0.5,1.0,1.0,0.1,1.0
-0.10533422181650405,-0.2238235193473949,-0.48564458149206385,-0.31297413610495584,-0.003223661203046485,0.4025594204083788,0.5280181911685552,0.5181347641117925,0.9792375887058249,0.3384057832737768,-0.022515477636373737,0.5,1.0,1.0,0.1,1.0
0.04852145317828414,0.7367299704449658,0.5566259116834702,0.8823289939774845,0.646994789623901,0.7844545955532629,0.8181035342378166,1.2335088898191513,1.1931951042800986,0.8811594337139294,1.2387931286957836,0.5,1.0,1.0,0.1,1.0
0.8968166313838983,0.8726061087646152,1.3159163784837058,1.5760278650450275,1.1598479128091395,1.3720053494601305,1.3106294656527206,1.1801227207036338,1.374704793737304,1.4959174757591898,1.2596126315722487,0.5,1.0,1.0,0.1,1.0
0.7502624350470835,0.5238479133918763,0.3359702763992176,0.3131570713714093,0.831305267487276,0.18662404243067576,0.35100829825807234,0.6408557467032925,0.7356503883197236,0.5665771137800825,0.2882927204892064,0.5,1.0,1.0,0.1,1.0
1.0290303728382169,0.9272969476543392,1.0224591944933483,1.3278899005875098,1.2930575884015643,1.0088651493969292,0.8787399300914981,1.331894094537193,0.9237015254894658,0.5894328793831367,0.4996052417891658,0.5,1.0,1.0,0.1,1.0
0.17355195953514466,0.6538660077293702,0.8337557828475751,0.8396377383460344,0.5453596376099068,0.19233577370373744,-0.17361953073103803,-0.6231682678944739,-0.610931508486724,-0.838836580389434,-0.17975463575030604,0.5,1.0,1.0,0.1,1.0
0.8963530179920424,1.0317040345169923,0.9565115237491754,0.8282432449154783,0.04936679839311231,0.032370897083938206,-0.16200414154305626,-0.33297371947909604,-0.276593680455701,-0.10328486658808725,-0.06445125766226936,0.5,1.0,1.0,0.1,1.0
2.3081207466921527,2.213207743050068,2.138213054451127,2.6178743583529207,2.996976402627685,2.4786125355282644,1.5065088663155959,1.1734777077159995,0.8199091924741267,0.6995723605064456,0.32611122847668544,0.5,1.0,1.0,0.1,1.0
-0.21708822802951272,-0.46426743995975217,-0.1720169652543402,0.196788329901895,0.41835500906739187,-0.22638181732095802,-0.18921191645765734,0.13115219374619888,0.27370507300834823,0.631888624337879,0.46694589381039975,0.5,1.0,1.0,0.1,1.0
0.7571066366199132,0.7431079184549318,0.9510272201746657,0.6093994616207843,1.1216158488338033,0.8607299652640248,0.3453587290696901,0.40897656550651207,0.7534596658962462,1.2109829186116103,1.5390154663638933,0.5,1.0,1.0,0.1,1.0
0.38931479374992645,-0.5009339466866951,0.06985624611459312,-0.18299972192160413,0.350878484234868,-0.07404577029118586,-0.6071636987028928,-0.9222124499054642,-1.0722058757462545,-0.8616578758525645,-0.8784102298748586,0.5,1.0,1.0,0.1,1.0
1.194032805686822,1.2228916966238816,1.2603410196468832,1.51658898134409,1.4061416490828171,2.0845785028216044,2.263611258218764,1.8001253692076795,1.6849594897728266,1.4088138215213535,1.2335399439137367,0.5,1.0,1.0,0.1,1.0
-0.41386018390994833,-0.8466097054778422,-0.20311866324405237,-0.617605904953467,-0.8225224132080594,-0.6530620640452076,-0.29527582787228823,-0.5139831226170831,-0.5256720719422164,-0.14793234491709212,-0.013306410223451415,0.5,1.0,1.0,0.1,1.0
1.5562868569585,1.14231539058598,1.1027702304816496,0.903634395997005,0.6714032420209806,0.817920428406948,0.9523521444365166,0.5098124086074872,0.21496976643237525,-0.05528114129721068,-0.18034416378023946,0.5,1.0,1.0,0.1,1.0
0.09196063070879709,0.040934178127512974,0.163118170748729,-0.207755119531476,-0.18814631924079578,-0.0936058772043655,-0.08063995788951529,-0.026371293886017652,-0.0801772209661362,-0.275279596513171,0.3869855894075843,0.5,1.0,1.0,0.1,1.0
1.0976232720324028,0.789579489319145,0.5153079907966553,0.6758566629658714,0.39266079156263795,0.0200746012173168,0.2682381963951693,-0.1278346739540029,0.0014837730705365149,-0.2691484172958283,-0.5244264092716517,0.5,1.0,1.0,0.1,1.0
0.007310697498622884,0.3975741130114291,0.37819775311495435,0.3879834739417164,0.11771867140635556,-0.15917433678986043,-0.608957585617108,-0.9603097631414439,-0.7937559483244825,-0.808025830912889,-0.8137982400816821,0.5,1.0,1.0,0.1,1.0
-0.4493540690360003,-0.37643428083886193,0.0714668411207755,0.15100976316955428,0.3119756686875113,0.06720394891061154,0.8051104265792193,0.7753379978907974,1.3707737150325454,1.5644464764460368,1.7576235516754841,0.5,1.0,1.0,0.1,1.0
0.10553436068291909,-0.16428749791527553,-0.09869587668353708,-0.33014371474851606,-0.41375981209440216,-0.5149360782726563,-0.5053501168399595,-0.22698105465160795,0.2118696679811568,0.42763992879452273,0.47619851123942464,0.5,1.0,1.0,0.1,1.0
-0.507425237827292,-0.7418040438240305,-0.6578953397095029,-0.5031941750540475,-0.3918048573838423,-0.6908196848573848,-0.6860854328049202,-0.5435788519533757,-0.919742728444309,-1.1349325765959297,-1.0594533802611945,0.5,1.0,1.0,0.1,1.0
0.1999173440670393,0.14724431176831482,-0.08403859773066935,0.1400872665413919,0.01263938041478277,0.16414414854082815,0.08019975601326608,0.03290051059610087,-0.14051947445451218,-0.08560752823191492,-0.29747698634928305,0.5,1.0,1.0,0.1,1.0
0.29913272126874124,-0.0028322570525426416,-0.11079157194302183,-0.04952100327230646,-0.6334592811599036,-0.6007982054713155,-0.19225567664252496,0.42942429036064955,-0.08926025420069711,0.03407019583491036,0.19498481930285666,0.5,1.0,1.0,0.1,1.0
0.5591464517433752,1.0494103101809427,0.6269498601158853,0.40653849917369944,-0.14676239504708244,-0.009782884631992575,0.4822129979267488,1.2710379568367762,1.2319955481610068,1.374285702878621,1.3607378779652852,0.5,1.0,1.0,0.1,1.0
0.5581255911014072,0.8506767577413736,1.1731117831744573,0.6763593101188938,-0.04782469211960072,0.04957328199934669,-0.19301568999023244,0.3802303791335437,0.1385818547051828,-0.46485328151888194,-1.0360285636116737,0.5,1.0,1.0,0.1,1.0
1.3183031636618054,0.8628761534840222,0.9683993128770877,0.5603052661412771,0.9032040275612712,0.5295127498922045,0.7131991647515075,0.6787658829370004,0.6394737287455399,0.2904029937367451,0.5970085521621912,0.5,1.0,1.0,0.1,1.0
0.754435875745857,0.7315353393325102,0.3786616846190586,0.49668504953879106,0.8009094361167555,0.7742567772551024,1.1509577471596792,1.329018165635368,0.5309998276377149,0.6514402503621741,0.6097345737021239,0.5,1.0,1.0,0.1,1.0
0.8018857936881107,0.5765926321043059,0.5238001805905822,0.4314090378966607,0.4763650421846701,0.05027619080870982,0.04662099160733189,0.36640891391739216,0.6045184950139624,0.632105359188083,0.3643529980098391,0.5,1.0,1.0,0.1,1.0
0.44073102611469794,0.5937781644090665,0.39354734205619657,0.6747617032462654,0.8773906179078472,1.051353193159287,1.5968488368297629,2.071515271645762,1.624570367202135,1.6465703503392932,1.805168785296484,0.5,1.0,1.0,0.1,1.0
-0.07174810237237768,0.13536499608711788,0.4842162067653717,0.7963135911970529,1.2161130279964802,1.3812606694550467,1.1682942126285027,0.4956249383044562,0.7939395486652765,0.6172629050475831,1.0118176796484928,0.5,1.0,1.0,0.1,1.0
1.622404982806475,1.7866080209443118,2.2049402201632113,2.4231396855159097,2.5312020818677863,2.0946392970075474,1.9811860048028602,2.078666332561949,1.9615027543839292,2.097411394658267,1.61623006424436,0.5,1.0,1.0,0.1,1.0
1.1505923181979127,0.8016016023558546,0.7797118780803023,0.49386974006729323,0.7585318115629393,0.5267509068943734,0.7384736985001131,-0.10379879215585786,-0.7817124706376071,-0.4343132479489916,-0.34198044913849157,0.5,1.0,1.0,0.1,1.0
0.7170928089959604,0.9650813886440852,1.2164511698594145,1.2010586414109388,1.2369608626223396,0.9019547785228599,0.4602057700627621,0.24907928710098276,-0.21319115293796592,0.036306507436682955,-0.03988227715443328,0.5,1.0,1.0,0.1,1.0
0.7185434513105496,1.0730446479773992,0.9332637738878582,0.8626221242391278,1.488853425015455,1.3080682857712402,1.3338087861657497,1.6813329085298951,1.783943077472612,1.6187400162902137,1.4183567818143965,0.5,1.0,1.0,0.1,1.0
1.020725282392508,0.6182879373638956,0.6591584989781109,0.393107628049568,0.5047558164621171,0.6681201393825233,0.6721205285298588,0.39522708448210675,0.4898630634018627,0.72596041783596,0.859123253000013,0.5,1.0,1.0,0.1,1.0
0.6828946684739018,0.8535745179664419,0.47169635061447657,0.4169695327861203,0.8767961035657423,1.0746417046132704,1.1851033732379217,1.1143264185534247,0.8257435197163806,0.9484264880420243,1.425155043687633,0.5,1.0,1.0,0.1,1.0
0.3902349676803721,0.01057581546183678,0.09239522362677406,-0.275225329937435,0.05534922864039765,-0.08469741229829189,0.4444598570552957,0.32424828786797255,0.263356321160658,-0.023631564847652553,0.468088461789482,0.5,1.0,1.0,0.1,1.0
-0.13472880124672423,-0.16772984484127385,0.26459428601562934,0.233362421646942,0.31623187856113344,0.48779729284589796,0.27550210930591423,0.2009299703092809,0.8994793730965742,0.5618722961034339,0.22299049680884203,0.5,1.0,1.0,0.1,1.0
2.0297965172960253,1.1374114412967,0.9918508102418313,1.3677398532862255,1.0762645297519535,1.3843690675401836,1.509898685526338,1.3364876012249647,0.9750263637025803,0.734765923617433,1.101527018322178,0.5,1.0,1.0,0.1,1.0
0.7071459092247377,0.15336107636686358,0.4514987710352874,0.44780252813175847,0.936655483872796,0.47279997853518785,1.135277059856149,1.3110552458114197,1.5636738530804295,1.3908809995133076,1.0403397727085186,0.5,1.0,1.0,0.1,1.0
1.941967174876198,2.2111420429007733,1.5994083302734854,1.6931610820216716,1.095506851860884,0.6308270320875016,0.4590029102534978,0.5860209608169747,0.19255517289710394,0.39537532159593414,0.3576991279976145,0.5,1.0,1.0,0.1,1.0
1.647311761496841,1.5576864892947908,1.4601960904941047,1.6083296647538712,1.2713371445790007,1.0444377322489489,0.649437865828312,0.3926944419855242,0.28257760927180403,0.8483818758902255,0.9367958741439487,0.5,1.0,1.0,0.1,1.0
1.0966548605394384,1.1206356488484013,0.9297124177293135,0.673751529066253,0.8255120222233162,0.3921286285821735,0.08314145039537596,0.3531143770404551,0.308472653277018,-0.11041723652644025,-0.38294777763920174,0.5,1.0,1.0,0.1,1.0
0.806392867817055,0.9636946146021022,0.5263556332614066,0.6950820822438187,0.21977959704412342,0.48628429474614854,0.2685131100022229,0.10951527855164206,-0.021739679008874246,-0.32295244767962694,0.08701347939074872,0.5,1.0,1.0,0.1,1.0
0.7411518872726013,1.2651150674359908,0.9780505983333725,1.2107425448304203,0.9767164971303792,0.3141377270947613,0.8356567954558225,0.9084838589909131,0.9092269284066812,1.027653970813288,1.2069636151098162,0.5,1.0,1.0,0.1,1.0
1.0811863641247363,1.6030815295799026,1.144325865909896,1.1089420455508703,1.857165004749903,2.273910359772321,1.8117777630197782,1.4131160669201954,1.0884617576396565,1.1228484000929468,1.6442754002207638,0.5,1.0,1.0,0.1,1.0
0.35141084053071114,0.3130870288717572,-0.32786685225723605,-0.020538849019293037,-0.5474686763661099,-0.4971671478933728,0.030461131897468574,0.19189331199276854,-0.2819395186715185,-0.018939829909081662,-0.24638438716536162,0.5,1.0,1.0,0.1,1.0
0.004626369568776384,0.16574034636396134,-0.5810168060758694,-1.2780381212445058,-1.7354659474807126,-1.8600746325895763,-1.9118487141732723,-1.6082902523084843,-1.342496441291388,-0.9974105965669651,-0.8697326435527694,0.5,1.0,1.0,0.1,1.0
0.26349866053003546,0.1721565879914346,0.07212108325683589,-0.1353253667422032,-0.21233662824574365,-0.03968311377438244,0.14146449804745276,-0.41860861729439125,-0.8236865661181464,-0.7865837343901336,-0.694185681809653,0.5,1.0,1.0,0.1,1.0
0.09181131637735285,-0.2557384263809907,0.16873778611256451,0.324910999196905,0.5526770122409291,0.5170254237967988,0.16761385346165647,0.16835613168694583,-0.5644541088886208,-0.6806903064609947,-1.1118257062254626,0.5,1.0,1.0,0.1,1.0
0.008753665450973377,0.060558377838326106,-0.21314019661333017,-0.10368565522192269,0.01933494503043387,-0.2439674100042561,0.01403226039136829,-0.6545452148151322,-0.8471738168869405,-0.5479581141840163,-0.6303647950988851,0.5,1.0,1.0,0.1,1.0
-1.1505134479650445,-1.2612689222987035,-1.1100572523481564,-0.4460299240034604,-0.4420680260060343,-0.5824059229052605,-0.23942859123777954,0.13732006123611418,0.5056089658870845,0.3995449086282033,0.9029653114304332,0.5,1.0,1.0,0.1,1.0
1.9628803558889187,1.2706477644597198,0.9874573943456979,0.8074558253156227,0.4519156378656995,0.8118301104417189,0.5529971643974005,0.28288766635076795,0.2552539734108621,0.5323477337568171,0.1758251374464469,0.5,1.0,1.0,0.1,1.0
0.2948798662579259,0.6203433839686016,0.8805005309982027,0.8952053191799042,1.596264144083487,1.545934781835858,1.411039367428076,1.391715334925487,1.6666979385129557,1.5151955087187674,1.5144997689658144,0.5,1.0,1.0,0.1,1.0
0.06448960330778349,0.4145598286880433,0.2846233095517421,0.32440728243708417,0.33237569033528913,0.22908518116703577,-0.10851684469404566,-0.1399238826562526,0.37596632941813524,0.4361657235759462,0.5231346196293793,0.5,1.0,1.0,0.1,1.0
-0.0015537069706541766,0.10471209209884788,0.02892781937799932,-0.0631144102403026,0.6493596266412058,0.44139859205206805,0.28358250499866644,0.0964577872852598,-0.20801742722246522,0.33170786307103606,0.2580486998111042,0.5,1.0,1.0,0.1,1.0
0.5867020157989256,0.5849161829782454,0.7753213029685414,0.88609084607603,1.2404449274554779,1.2364803112501908,1.2786364250508957,1.4970491344630528,1.2042876950371983,0.9575952400868638,1.1894151668350088,0.5,1.0,1.0,0.1,1.0
0.5063236316619798,0.3415485650760932,0.6583465542421971,0.7942924903171075,0.2988771398989669,-0.16189655234235162,-0.23124354482115655,-0.25627571861285803,-0.07016501301054429,0.028447548576473997,0.5078590163605909,0.5,1.0,1.0,0.1,1.0
0.38817704101107037,0.4757247399366381,0.9189705548100595,0.9640714108325482,0.8516277531541603,1.5756907140187617,0.9701300012858456,0.8413711277654222,0.5439475567787352,0.5262203015195052,0.7968870165460249,0.5,1.0,1.0,0.1,1.0
0.2699604932639792,0.4044107521780968,0.1164654025942316,0.1624750866412407,0.3432240188981833,0.8543474481877991,1.1746875493605031,0.7390489142853156,1.0304230024345709,1.051552247760697,0.5043818402818033,0.5,1.0,1.0,0.1,1.0
0.9841049924796926,1.3112832181391563,0.948841549964567,1.2743634239711579,1.4032736044705705,1.1621579606129502,1.078797152593689,1.5444624967674012,1.6904295247765404,1.6970245807372422,1.7088664619563112,0.5,1.0,1.0,0.1,1.0
0.9215770096360386,0.6036144592587739,1.4167246482100246,1.108417824160941,1.4350367697207025,1.480192898331211,1.1693316018691062,0.8073709992457243,0.2547154178383849,0.1797276978378804,0.05009074182143117,0.5,1.0,1.0,0.1,1.0
0.35415757095951567,0.43496222976000054,0.9405129723342535,0.9362458668802944,1.072170111223873,1.2153750335794415,1.1407937341327807,0.7902241229298359,1.0255467455480045,1.2447595541953893,1.266713289756154,0.5,1.0,1.0,0.1,1.0
1.2175408627632793,1.101766582483803,0.6653706103626286,0.582489341890107,0.5698473931724312,-0.002766970854109596,0.17621567991238576,0.6914074417787943,0.3712565250316148,0.020196792189935697,-0.055114015566588015,0.5,1.0,1.0,0.1,1.0
0.49965947056691395,0.1583722358044914,0.22834982162247086,0.5811077624523542,0.7028813733496851,0.7394595587232368,0.64491518747034,0.40763610922756344,0.7761535319205921,0.9992400607164962,0.7452484772144433,0.5,1.0,1.0,0.1,1.0
-0.15936581515358197,-0.28111893863504833,0.2742731420318959,0.5083056232634078,0.5213373487789357,0.47080883916561106,0.13434376629975603,0.3228013812689386,0.3434597311554247,0.08516977980879781,0.5012048857686994,0.5,1.0,1.0,0.1,1.0
0.7498836680758242,0.7365222447662475,0.6940027428166405,0.820748822276861,0.4178037235911395,0.3850123502607058,0.37509476709624007,0.012729678247728748,0.21819384115483936,-0.05963386410775198,0.06518447334924214,0.5,1.0,1.0,0.1,1.0
1.199395683928814,1.3375750811175557,1.073477955096552,0.7683516643254981,1.0658921397754682,0.9831234875119631,0.5826561885530279,0.655194088891818,0.7291725024922284,0.31570252338030846,-0.30543197570731007,0.5,1.0,1.0,0.1,1.0
0.18558687476259675,0.48748059137611,0.3095090604265325,0.22686614349330092,-0.6198299933294564,-0.7175999776808788,-0.3271091983622673,-0.40657089859253503,-0.14395708916561772,-0.27534006161726243,-0.45100487081699625,0.5,1.0,1.0,0.1,1.0
-0.180373905393563,0.0927891607599577,0.508003927395325,0.5891769980912296,0.7982965510174911,0.6777218773017906,0.33084823631253135,0.5332351141925282,0.1073226621846769,0.09133928969975821,0.2648901921236534,0.5,1.0,1.0,0.1,1.0
1.0295931801621148,0.872855844462349,0.8134738717293685,0.6844798083366039,0.8377307671588785,0.9467008795327541,0.894920345071312,0.5470515054956415,0.4716254636857788,0.9385260255224054,1.0127319584496388,0.5,1.0,1.0,0.1,1.0
0.5967918849175378,0.6028795930235274,0.5070082641674889,0.7806413236641876,0.7072145558661607,0.6890727457859686,0.8484625104680281,0.928930876807326,1.2843668420563703,0.8168607622666748,1.2479179144224273,0.5,1.0,1.0,0.1,1.0
0.04299171703883323,0.33614478634325173,0.41153335393165924,0.8272947451978923,0.6564566387017758,0.6771873095280256,0.8753996794669776,1.1802043691799713,1.2810235240557661,1.0577689607305505,1.046967665173593,0.5,1.0,1.0,0.1,1.0
0.6599576139265836,0.49097221648985506,0.18589334679404917,0.7063660780338736,0.11247231980373218,-0.189994651370804,0.2916230234331705,0.14542580417623918,-0.10729744796566631,-0.11386453278363708,-0.20904914816566134,0.5,1.0,1.0,0.1,1.0
1.500702973557758,0.832914533504702,0.8485575458066998,0.9625748089264183,0.46744273015575794,-0.0806023080280292,0.17316472059099602,0.28751066225678956,0.44183635313014946,0.387554816005016,0.7560175710015333,0.5,1.0,1.0,0.1,1.0
0.5569430678447432,0.4642798292372609,0.4113215158900901,0.9610258070063984,0.8011100772077588,1.0823937541573057,1.2618756699349967,1.266221416355808,1.4051539644824684,1.2472929527445658,1.2891726667272987,0.5,1.0,1.0,0.1,1.0
0.2129729039587306,0.6432789046859125,0.8547448603005465,0.7036827387367512,0.5047539768444816,0.2721940878286759,-0.2364563923236067,-0.460719968892903,-0.6975264178433487,-0.4283476370363385,0.25722575481507104,0.5,1.0,1.0,0.1,1.0
0.789557947037512,0.44989431214375747,0.24956318939612504,1.0225030542026672,1.1323291751468165,0.9961298894626056,0.42993778543734484,0.5805865112237949,0.6824037106423118,0.6622961892930294,1.0627684483486795,0.5,1.0,1.0,0.1,1.0
-0.05232954815684324,0.06107846565064511,0.19075118471626443,0.37601239855025403,0.4446179866748607,0.4636195196257544,0.23998951101743887,0.7317156262257098,1.047770056496886,1.0656940720649875,0.9898952437448187,0.5,1.0,1.0,0.1,1.0
0.9258198927518511,0.7281072069747885,0.923464719556294,1.0279868385817086,0.4137236570075814,0.9027325988125924,0.791314719659728,0.8245143087888005,0.8877389104203086,0.3287542827260167,0.11011856233216763,0.5,1.0,1.0,0.1,1.0
-0.04560596850059102,0.13668935229486787,0.7906903031970934,0.9838350578850587,0.6211546642206298,0.3044474686772294,0.4956547394356813,0.35689876553227806,0.9333762315872591,0.47263447384783785,0.4159092186380344,0.5,1.0,1.0,0.1,1.0
0.34638945815932615,0.22278561273014674,0.09580971763394891,0.05878292367174234,0.285533432967134,-0.3310173630211483,-1.021899067241087,-1.1217433733204,-1.0412451897379518,-1.165735865459601,-0.9788056522468692,0.5,1.0,1.0,0.1,1.0
-0.8427128037778855,-0.44699142971946637,-0.5156543423777961,-0.031941944369395125,0.3152117354478059,0.3398351378289127,0.6240189058711976,0.7845003068759228,0.3258381973683813,0.8820142947768889,0.9718114571577752,0.5,1.0,1.0,0.1,1.0
0.21021859936803294,0.4552406436571246,0.34878554826957425,0.11798748517569727,0.27993062414266895,0.414185889700463,-0.10045257812838992,0.12915905269631295,0.10362623272617211,0.7076644432346596,0.9535304951235266,0.5,1.0,1.0,0.1,1.0
-0.1536884940860742,-0.4596824838806345,-0.38315787508953525,-0.49948135759306284,-0.05935515235813632,-0.2952043447362741,-0.5156320226740478,0.05239232522220094,0.1158844608866453,-0.28872307688857207,-0.33771349830070674,0.5,1.0,1.0,0.1,1.0
0.5175338558863372,0.9040024906134778,0.9757629446200482,1.0148655162120794,0.6517022250060986,0.45064462684291473,-0.1645765320590813,0.06349498911177684,0.3196624415413644,0.5435442158644791,1.0207377182726014,0.5,1.0,1.0,0.1,1.0
-0.6688041564728804,-0.2307864221506007,0.14311972709421433,-0.19439512490563393,-0.6300941740663899,-0.3095809906764526,-0.028468600530185517,-0.409509692222927,-0.5085331340192794,-0.9479755374502701,-1.07414217550672,0.5,1.0,1.0,0.1,1.0
-0.9664236641389764,-0.45520720511901225,-0.30292590458326085,-0.6003418440413695,-0.046763800448973714,0.02769256635208212,-0.1523470589771095,0.11058939983709921,-0.3126011519570754,-1.0512086053893168,-0.914873495986507,0.5,1.0,1.0,0.1,1.0
-0.3699652619478267,-0.5552533018823397,-0.859080127245704,-0.8787985411625994,-0.8914564088296898,-1.1821362951976857,-0.5486300031818772,-0.5939356498175392,-0.47935877103701047,-0.8190985652197593,-0.7711500610678005,0.5,1.0,1.0,0.1,1.0
1.560379065040915,2.2799088606726983,3.033337817022706,2.805021804444553,2.875083038144042,2.894810330452513,2.4066287764030663,2.2273603603943264,2.701302530852742,2.0437835768615082,2.042978714663848,0.5,1.0,1.0,0.1,1.0
0.5333060681540592,0.9156823613004863,1.4644435963219549,1.4296013895790953,0.5801530921861724,0.11503369332687441,-0.04705956909518075,-0.09418258086953768,-0.002432749946055829,0.42230734646480517,0.1154891003254288,0.5,1.0,1.0,0.1,1.0
0.08378665329377842,0.04789394550534892,-0.1899092741768658,-0.004767601182925407,0.11049930086274176,0.2940569044744874,-0.0839814318644862,0.4244154001134271,0.3257837799197366,0.5196431166687598,0.24283666737889387,0.5,1.0,1.0,0.1,1.0
-0.6319627770199762,-0.5547488354586122,-0.6179477967719033,-0.004266190261887792,-0.19758061702494,-0.5845787082499074,-0.8002627276885197,-0.7447862695995091,-0.40027271075709797,-0.88911132918689,-0.7208787338567442,0.5,1.0,1.0,0.1,1.0
0.13895055982401638,0.36737123917855996,-0.1163666562676095,0.17582588516613978,0.4748341281482339,0.5687966594905364,0.30723566878282527,0.28777872337932686,0.08241378815464984,-0.41170796908595786,-0.4750270201719753,0.5,1.0,1.0,0.1,1.0
0.8031648054221318,1.015668719100535,1.1795110672974451,1.6054736578751512,1.577140028346578,1.6246290697250632,0.6311467068127448,0.34545629929761773,0.43968577162778993,0.1845554085195686,0.4134534489744983,0.5,1.0,1.0,0.1,1.0
0.4085856516862076,0.23547766837307346,-0.024145075235545488,-0.11084925700890659,-0.2753823817461182,-0.36024275888967683,-0.48426136943318876,-0.5102656502114669,-0.8505727024473753,-0.5820537308518358,-0.04670714308230539,0.5,1.0,1.0,0.1,1.0
-0.050331176648830404,0.1480684579938396,-0.002715563512102892,0.9836643851819427,0.7231323778244315,0.9896763472650141,1.367202861965144,1.1933256210861507,1.0787015465674248,1.6452649993114037,1.3587469791254234,0.5,1.0,1.0,0.1,1.0
0.4110785698222694,0.5176541010838799,0.42688666407560977,0.37590966152138083,0.6414668750763217,0.4036201532381237,0.4178654481882117,0.2656794961482259,0.02586574931834812,0.05286972356483008,0.425577176028058,0.5,1.0,1.0,0.1,1.0
0.6078795342133425,0.7177617609735126,0.8918146749628404,0.807080759291533,1.2318878604093313,1.1999534294772234,1.0563816400268888,1.159335080550694,1.1645331099423653,1.3005161911293739,1.5023781196705221,0.5,1.0,1.0,0.1,1.0
0.32744485983602306,0.7391559412084423,0.3232028707997228,0.5403505475267709,0.7578363925390175,0.4784928325237853,0.7289603876192653,0.31621386146894,0.06518693505656059,-0.06354277132310879,-0.0480605200279625,0.5,1.0,1.0,0.1,1.0
1.0935348664406714,1.1723756272445154,1.6514891473164863,1.7705046207005617,1.1934613084627925,1.1224949252547598,0.8660559570348347,0.6715575614806382,1.2666858282842857,1.0993224912674264,0.8400148005640402,0.5,1.0,1.0,0.1,1.0
0.3877566848646979,0.554737815563932,0.6404082455211231,0.5634973017008544,1.559968502980473,1.61023287864518,1.642677037492363,1.5864041405796003,1.2531455440389414,1.0712044429290997,0.794683999107262,0.5,1.0,1.0,0.1,1.0
0.745044990848155,0.6145574505682075,0.9760137059641139,1.1548555911180343,0.8513241672932308,0.7324884732343931,0.9690685590410506,1.3807994380104667,1.2100337002023918,0.6825511395289473,-0.0786047339487368,0.5,1.0,1.0,0.1,1.0
1.2764700504402369,0.8546692075711868,0.9912100896246894,1.0964310428561168,0.9876815000653262,0.8932392748161795,1.0545375418570448,0.9726067315186366,1.6066539086969964,1.8125538571291249,1.2991541007776988,0.5,1.0,1.0,0.1,1.0
0.7085282239912242,0.8102147224847337,1.6038823388104624,1.591105143085298,1.7919166996401792,1.8218973042818905,1.042267877559667,0.9266484010196983,1.0432913831322226,1.057644449795537,0.873686205696685,0.5,1.0,1.0,0.1,1.0
-0.34260959055524953,-0.2545396578908709,-0.4993950017563048,-0.5822567733917658,-0.31984339969039577,-0.3027321120086862,-0.3594806901577237,0.05708979475043352,-0.023017931059662378,-0.3222695511317209,-0.31821984886813287,0.5,1.0,1.0,0.1,1.0
1.1335329774705398,1.0835806002322192,1.5463193731739948,1.1477422277064573,1.4740002740941986,2.011679938817882,1.8662259634932545,1.343748574269537,1.4630851260407571,1.3468203858116814,1.4786146049535123,0.5,1.0,1.0,0.1,1.0
0.5224855596105175,-0.15172764412300455,-0.020631009081928303,0.23362395053777202,-0.29100130126170726,-0.7720222373163006,-0.8634458265284092,-1.0398586429394177,-0.5132302833368731,-0.7635194693599574,-0.5434142098822323,0.5,1.0,1.0,0.1,1.0
1.0951435123848725,0.8876677531663021,0.5188134264705242,0.5282546642162269,-0.10906740224970857,-0.1442520511177871,0.20570693524876288,-0.2743347216053039,0.003685405837152378,0.35942510740260986,-0.22942259648565166,0.5,1.0,1.0,0.1,1.0
1.7619497271769042,1.6572753312665223,1.7211287670115984,1.404515362447144,1.129450590179144,0.6638081060541812,1.2627974176559793,1.6460707120460412,1.6386416346849995,1.4590331850558411,1.4107072179531497,0.5,1.0,1.0,0.1,1.0
0.13652593032854804,-0.1709331310044804,-0.26541966989582383,-0.5394043020581003,-0.21096714632324978,-0.347345751438461,0.09739920544090452,0.11977404316800816,-0.04086008199208624,0.1607156862327604,0.5213200696848836,0.5,1.0,1.0,0.1,1.0
-0.19223209830605148,-0.2700395434470777,0.43309631825030614,0.6686144105644016,0.39947669124424773,0.0709231178450539,-0.16899237294597352,-0.04756042574487569,0.6053376637127734,0.26007126238087536,1.013914850886754,0.5,1.0,1.0,0.1,1.0
0.000933689882527798,0.26322094637751436,0.5051310684127945,0.5035037242713796,0.3050665355504882,0.5063030239469404,0.40196648872104224,0.6714172111169783,0.3765704361545208,0.7291026744636978,0.19584792353807634,0.5,1.0,1.0,0.1,1.0
-1.2709450226382193,-1.172232347532722,-1.7255359982871679,-0.8333309658538919,-0.7992900414457849,-0.3401609886953459,-0.2992639146901704,-0.3904578771003005,-0.26294332346628174,-0.11250385380968378,-0.1537499921541242,0.5,1.0,1.0,0.1,1.0
2.033579654253384,1.9820008635000521,1.9337796333812793,1.664582803472383,1.1107760366670285,0.9845124114704518,1.1073063029757364,0.9061512785311916,0.3973998697826689,0.08451401390424307,0.16034822518324568,0.5,1.0,1.0,0.1,1.0
-0.012022369205206206,-0.2515892066143852,-0.5685138673795596,-0.369946725302991,0.29863093840978483,0.7989825345519983,0.7791007947492726,0.4190909046533125,0.8337110008285878,0.769825008496422,0.3594237055843036,0.5,1.0,1.0,0.1,1.0
0.9156215297766312,0.5748054898357977,0.30252757095985805,-0.3519235210385847,-0.655140353004602,-0.5092817607379382,-0.4031791040211601,0.09704107339343743,0.29830320016628975,0.4686724012739432,-0.0077090256443809735,0.5,1.0,1.0,0.1,1.0
1.6356484212525753,1.6799693667480842,1.6267322965019038,1.111325411440232,1.0532928465424556,1.1004014622554275,1.2124258122339473,0.8772881660382666,0.5449461275363872,-0.19091354278156503,-0.4577522603507793,0.5,1.0,1.0,0.1,1.0
0.7774854792109406,0.97341315891862,1.3515340441299908,1.2573119452362327,0.8000663262340997,0.743127591552738,0.6639841892945225,0.22380269018192145,0.45994804190451744,0.9522863484845927,0.8783380705941402,0.5,1.0,1.0,0.1,1.0
0.7951996760179121,0.6050126927179542,0.43031184796653454,0.1534597570404207,-0.4428373418544376,-0.3566968752235647,0.19109335579701214,0.7297921269959587,0.6064330251509651,1.098878738348741,0.1380551582269689,0.5,1.0,1.0,0.1,1.0
-0.30465475185452556,0.21701784401600088,0.3483322408303958,0.6227726303976531,0.9990654905321623,0.9876412016305317,0.8873539820989216,0.7876607257069071,0.6898104907690457,0.8241122817681658,0.895956253648852,0.5,1.0,1.0,0.1,1.0
0.8403504203963691,1.5721445841211652,1.1389416796038152,1.4414825618224802,0.46350307804260926,0.07069873102280383,-0.08286973492623174,0.509068028154999,0.2891881347582568,0.47171120221790164,0.392916045856849,0.5,1.0,1.0,0.1,1.0
-0.4264831647919538,-0.31466144530980245,-0.7864871894179463,-1.0075939878844098,-1.1644093045766546,-0.8358175104179489,-0.593573386024159,-0.5546870314698965,-0.2193141708608069,-0.529940299066014,-0.6296375543818324,0.5,1.0,1.0,0.1,1.0
0.3034635268643639,-0.042659899010873525,0.3365363205379046,0.17090546005178217,0.35321578684187643,0.07423861649538005,0.22533002969066257,0.11912317335754505,-0.36552709362616065,-0.7969928721121956,-0.6189031015396337,0.5,1.0,1.0,0.1,1.0
0.7644072045590531,0.6772034697939162,0.3828849725380702,0.7999790445154347,0.7847073744984556,0.7547115364889196,0.6702987855203043,0.7365592934714706,1.3635262091788647,1.415993973570931,1.210978005182812,0.5,1.0,1.0,0.1,1.0
0.9532518950183202,1.5699775004399559,0.6806665836835241,0.5803853398951022,0.002259132690659138,0.04552257657686547,-0.26505996039616797,-0.7679262170614791,-0.39812602529645286,-0.18332495822408595,0.024720869580780333,0.5,1.0,1.0,0.1,1.0
0.6191088918371572,1.0290574160529857,0.8161348188333772,1.1142281210274123,1.2726178880736572,1.2787938791877524,1.39494423291308,1.123104651164249,0.9910240438472321,1.7538056686388928,1.229564940054742,0.5,1.0,1.0,0.1,1.0
1.0354864603421459,1.4149278196636634,1.4107050949097497,1.234486554122674,1.223185756811597,0.9320055326080704,1.0374674033862143,0.50018920437193,0.1976134239614209,0.2968649190786883,0.6195347293798124,0.5,1.0,1.0,0.1,1.0
1.4360845948943721,1.5667663663570652,1.38713484350051,1.0263316714023616,1.059569078549646,0.8361200314199566,0.7387912379792192,0.11678722440016875,0.21285411544890528,0.39135369066005793,0.5207026616332312,0.5,1.0,1.0,0.1,1.0
0.6949290234974114,0.6148257018510218,0.8804861220424969,0.5573082086753293,0.6987693653195486,-0.14276428760412696,0.0643616148709403,-0.3544515366305968,-0.24873018483439174,-0.20806894838032503,-0.1076311121131392,0.5,1.0,1.0,0.1,1.0
0.2978097045654369,0.24801110028261986,0.0019806500863042698,-0.6362697618038651,-1.0963629544963625,-0.704933683698485,-0.9437259670250943,-1.470159515957731,-1.2358832155583093,-0.9788324656045571,-0.9350387932826167,0.5,1.0,1.0,0.1,1.0
0.2630898270323038,0.15105644541236504,0.03138486689972064,-0.3490063122604381,-0.14571961980703674,-0.1880077718703993,0.1907720858672282,-0.02507861550572879,-0.09271207891595534,0.5327288683809843,0.9169049148451112,0.5,1.0,1.0,0.1,1.0
-1.0956203225367374,-0.8123734097345852,-1.1232659770153486,-1.4491876004376403,-1.5423971892414226,-1.382962704108859,-0.9574079381255183,-0.8845790455032356,-0.6114182648542346,-0.06473280556229127,0.01937979047783838,0.5,1.0,1.0,0.1,1.0
0.7234441076239001,0.6785129180435969,0.1708713530851519,0.15151487424428572,0.36675577803293913,0.5823714453402292,0.4292583263859972,0.34225360689174406,0.01682539213497175,-0.1741257592968723,-0.06983333791865626,0.5,1.0,1.0,0.1,1.0
-0.3310364271051102,0.25625976642393145,0.33545905144227034,0.34722344989091525,0.9649245830684213,1.1432111541834018,1.6138183830397939,1.1664047884810356,0.6600241848957349,0.24067020002718448,0.41006199450281144,0.5,1.0,1.0,0.1,1.0
0.7278116612313835,0.8484131587249747,0.6603328494587198,0.7205844753086047,0.9304521644060972,1.3813221650967407,1.2306895457006746,1.3622949566241505,1.3060017848863876,0.8980013499648063,0.4709046875879049,0.5,1.0,1.0,0.1,1.0
2.3774093013321194,1.6400420332857601,1.7562255167618455,1.995782593567168,1.3590688546428233,1.3161450737895968,1.641250832402227,1.3707018733329448,1.293287423940773,1.1475136956026324,1.495438243157278,0.5,1.0,1.0,0.1,1.0
0.3619825140437993,0.6517059243777044,0.938760795577803,0.873431785809309,0.9621462591811475,0.011544267493839522,-0.259510335390075,-0.012973364463415182,0.08780140112374335,0.48457849867969877,0.1511406593329051,0.5,1.0,1.0,0.1,1.0
-0.7314024776139297,-0.32889310071077704,-0.22951432385983694,-0.7639094146089639,-0.368986527734821,0.17287443635487554,0.12478335355310465,0.241997695886055,0.5848816651532305,0.46965353079746175,0.2343415578532708,0.5,1.0,1.0,0.1,1.0
-0.6485378919070893,-0.3888984103892327,-0.18463716174115297,0.2989665606926222,0.7412323802817247,0.722907529204218,0.677221415718512,0.32193521410117953,-0.11271561875208658,0.16722097170039826,0.1551081843459044,0.5,1.0,1.0,0.1,1.0
0.0582811413655875,0.03122274134771079,0.2769947020103699,0.4773075093655893,0.3946869243998793,0.5755925324789514,1.0348409628138389,1.185355155751141,0.9396324053419141,0.9616014869505938,0.4173539661628645,0.5,1.0,1.0,0.1,1.0
1.1069642933437875,1.2794692260640974,1.4985263377167786,1.328832558843508,1.4441966008435734,1.2578662780025478,1.8509661584411705,1.892328180475038,1.8296245795172015,1.8836592847461415,2.1164593726672534,0.5,1.0,1.0,0.1,1.0
0.097765954758797,0.028968332262325924,0.3374345786304289,0.5525093497154385,0.33581498108952496,0.39714439232599674,0.6980791989984714,0.8791817315062439,0.5672959278123094,0.47760658011591056,0.3911497144413416,0.5,1.0,1.0,0.1,1.0
1.0555057939006254,0.8393419349459565,1.133011517124602,0.9477014825378738,0.7995975236683688,0.61582007463088,0.47888450706310554,0.16256407074831142,0.029769323559736632,0.8103164373642482,0.3727693687280444,0.5,1.0,1.0,0.1,1.0
1.2851058228826502,1.9123738521317948,2.248110379108546,2.235636459558302,2.5620570679856662,2.604601988276384,2.3042080339646347,1.8819312753085669,1.7158552003733214,1.1810518241683483,0.6580056234843951,0.5,1.0,1.0,0.1,1.0
-0.17839299889176008,0.041648651634068154,0.034697088403032046,0.21339980751913126,0.5667252260525841,0.8255727471441368,0.23003416072095473,-0.21525928955048512,-0.6224616506682892,-0.5896707270624315,-0.07109948794677778,0.5,1.0,1.0,0.1,1.0
0.3632456967406403,0.47268551566745615,0.13478596680444233,-0.3975179508120763,-0.41136754718977286,-0.32997434441300255,-0.2125819350881037,0.006584237530192383,0.0049113841319515655,-0.12600592776703418,-0.3053108003430011,0.5,1.0,1.0,0.1,1.0
0.5615101428548921,0.11782027226408381,-0.08979680740884916,-0.010315657490520626,0.11469184233519028,-0.20397035500177255,0.10412539936504311,0.12968602404109889,0.3873233081773908,0.19404132628392476,0.06106838393285846,0.5,1.0,1.0,0.1,1.0
0.1571329592138303,0.6219782025506407,0.45688041179615024,0.7378577148524776,0.917386981066277,0.49551919426984276,0.2718889875413466,0.25727627972587563,-0.20354579514232002,-0.6758731887499358,-0.8720088358804412,0.5,1.0,1.0,0.1,1.0
1.3909221444522097,1.144995228549997,1.7394920244391412,1.3039867574613075,1.2347345494030746,1.2758926302949438,1.3033553623089738,1.1110122468056862,0.5387565592499721,0.9651897713722543,1.0848277912789512,0.5,1.0,1.0,0.1,1.0
1.2924229403964527,1.4072611098584817,0.8342238590410146,0.4187399656672911,0.6035188991377476,0.34498169576635623,0.3651847336626574,0.5117405880158352,1.0653523534464455,0.721910164171671,0.8720377836732713,0.5,1.0,1.0,0.1,1.0
0.6263055105243159,0.26985633378540064,0.3008493424942729,0.3815823691575887,0.4448550940193986,0.4700029787024337,0.8455973810073174,1.0545744296140016,0.7362149656439447,0.9341669757366764,1.412057500365083,0.5,1.0,1.0,0.1,1.0
0.32126415621467447,0.4259793277986379,0.26449416385295194,0.2457259621435014,-0.05612324335027674,0.11557697586242709,0.15784615004378164,0.181597901223877,-0.03376076608706405,0.3077077241402291,0.358158505237494,0.5,1.0,1.0,0.1,1.0
-0.04140548422504548,0.1834733103915733,0.7200360410791719,0.967921527068625,1.3598604600720154,0.6779132233109122,1.40271799622071,1.4004161337742733,0.9530038544844976,0.9578732680026197,0.6083763448221016,0.5,1.0,1.0,0.1,1.0
0.3377885652418642,-0.19425300329606865,-0.895528002844894,-0.529250961167981,-0.39252863978219654,-0.36313279932649006,-1.1781058406260563,-0.48075451911255473,-0.4171499569288492,-0.5089221058445348,0.06416563295384009,0.5,1.0,1.0,0.1,1.0
0.43550702182634715,0.6220070772200839,0.8044981080701453,0.5775197828639408,0.6807811885951048,1.0553745032095407,0.963537911482218,1.0178744303570797,0.9122683413730963,1.1464802716276665,0.8837525792150307,0.5,1.0,1.0,0.1,1.0
-0.6185562969870958,-0.5611480308584558,-0.5455101276106477,0.4260563741075853,0.27681077229718876,-0.054562169408062355,-0.255955957271805,-0.323875030773676,-0.004807145715445216,-0.0395311321277485,0.29974754342655757,0.5,1.0,1.0,0.1,1.0
0.5516782255051434,0.6117973165825707,0.14133984089730067,0.1792588892075688,0.2881322047563846,0.14119548104932478,-0.21508899440598303,-0.6249927151767339,-1.1851642112434848,-0.8122746135700636,-0.6705258559384288,0.5,1.0,1.0,0.1,1.0
1.2423405451907144,1.2148761357859161,1.4876741558231785,1.139793732507263,1.0831216110841035,1.108799627368397,1.265030502423047,1.2310337959603617,1.3910685689778877,1.1729755610917496,0.9080711660671521,0.5,1.0,1.0,0.1,1.0
-0.24783474416819798,-0.3846207792098284,-0.9640692877751225,-0.9665447481758092,-1.506391430379828,-1.2926045835837576,-1.3213473196939594,-0.9532017580976333,-0.3171391066239167,-0.31337504949243367,-0.5809613125249752,0.5,1.0,1.0,0.1,1.0
0.6565593325069125,0.7582009216474009,0.05610130523388401,0.0743204665062401,-0.13183537903315595,-0.15267346244573565,-0.37268340578252585,0.2677167355687809,0.26925417014534564,0.36288191416729776,0.7568448606257641,0.5,1.0,1.0,0.1,1.0
0.7824176085964714,0.9767777835918504,1.256443025416148,0.700897073763222,0.6522054493063705,0.3227805122760783,0.04352581988476956,-0.2005152022106964,-0.37447835889994335,0.12655848007953652,0.28343363864619914,0.5,1.0,1.0,0.1,1.0
1.863249358469818,2.231201840636875,2.0822569888079543,2.0228354850257038,2.0821203163624715,1.7892179974011342,1.9028432376244877,2.1225495722793237,1.6065668153292942,1.8946145118446573,1.8526485806580362,0.5,1.0,1.0,0.1,1.0
1.854970794693688,1.7764152986244988,1.5188699722824799,0.8154648813667894,0.7503352992520184,1.0605368325926787,1.3077093986168904,1.6935238418408851,1.6545731994867143,1.7524251301715563,1.6385946580131652,0.5,1.0,1.0,0.1,1.0
1.0576732536807436,1.0523785124758074,0.6234840409484458,0.7267291236362989,0.593360544319957,0.9010113212609303,0.635049407291447,0.8758266516849799,0.6413924779271487,0.9642850308810107,0.9485096006524623,0.5,1.0,1.0,0.1,1.0
0.9706528356082794,0.7344979696418563,0.7098163844654324,0.6293971327108363,0.46208016949935937,0.5791272724601292,0.15841914701358617,-0.05811194324379687,-0.14628144960624326,0.37016333239200316,0.44224299198616235,0.5,1.0,1.0,0.1,1.0
0.9167694826287375,0.9089310585238758,0.708122745323077,0.832642543931847,0.998671341706191,1.5450356326570227,1.8725115329840518,1.5824460974299983,1.331063802379164,1.5622263246565633,1.6127197744916586,0.5,1.0,1.0,0.1,1.0
0.17476412289352009,-0.37064086239178784,-0.8406923302567546,-1.3290361304277303,-1.040933703013411,-1.2424482383403286,-0.8744640799692183,-0.746182432139263,-0.8033085564147475,-0.8744893588390306,-1.1261580641362452,0.5,1.0,1.0,0.1,1.0
1.0450500484629408,1.0921371079213824,1.1114232585630912,1.224802655456554,1.538361078681028,1.3258862829356353,1.6058252165814229,1.107709115151097,1.5458849623021624,1.558450509256688,1.7994424480947786,0.5,1.0,1.0,0.1,1.0
0.11001388551978704,0.2550975527543019,0.059763796172515066,0.2666099541644125,0.25878599932806456,0.018838834077537336,0.13056615781656344,0.290555021951954,0.45535644379217843,0.2813907839804247,0.2811128247851251,0.5,1.0,1.0,0.1,1.0
1.1746991217966047,0.8889460360197121,0.6182162690856959,0.8353522887691041,1.3634802027737205,1.2166322105758445,1.1881833555374595,0.9976158512166955,1.1476960930102278,1.0954377962291129,0.7759544183513205,0.5,1.0,1.0,0.1,1.0
0.38425157792804304,-0.12375270634037516,-0.3849869999024883,-0.29403664772206034,-0.278614548135743,-0.9032984362072962,-0.7200255643017307,-0.7731020758655844,-1.1254278069125843,-0.7542182063707293,-0.4061122584935505,0.5,1.0,1.0,0.1,1.0
0.6190554099076498,0.6948018577156578,0.6776975040019214,0.9707971535037101,0.7917498327636762,0.6576284500921745,1.3225682946789672,1.5024090247276918,1.6568388147377995,1.404275947532431,0.934094572931059,0.5,1.0,1.0,0.1,1.0
1.5302986054040504,1.4235338413583867,0.8787112226614808,0.2749462609194159,0.40196714916723614,0.8892765055587982,0.40171622967583775,0.42825720743013285,0.28189702270160494,0.6099549387636185,0.3638128181715517,0.5,1.0,1.0,0.1,1.0
-0.3732215115253456,-0.1850889831465759,0.15087731658243572,0.2592500910243186,0.22661494287214523,-0.2700377690170223,0.026321279656083246,0.15990480147271446,-0.2415058461807707,-0.27541286498482914,-0.5820172530029963,0.5,1.0,1.0,0.1,1.0
0.1312454938030981,-0.26879674387439145,0.3285176909151598,0.06888183596198405,-0.10937932719365098,-0.49701633756235275,-0.5603889578819543,-0.9095219865041433,-1.178175430536661,-1.601676575488871,-1.0692096352555625,0.5,1.0,1.0,0.1,1.0
0.38455787755338594,0.1329111515321249,0.3520612626313908,0.18980827658251345,0.16244115539207687,0.09584854247491835,0.19177257033518963,0.9370956118513067,0.6657290120523287,0.49947800079127236,0.31074904134511755,0.5,1.0,1.0,0.1,1.0
1.0501124688507117,0.47683825983153716,0.3887227817939376,0.1941726334183505,-0.6890315596621751,-0.8622934718069908,-0.7043038051799688,-0.44747853945020477,-0.011591469614690875,0.1797611681212651,0.5493798585194052,0.5,1.0,1.0,0.1,1.0
1.3839760159906558,1.2329055521672196,0.8534986650970442,0.817550480735846,0.9259759606358287,0.5396989250439849,0.7803576840931958,1.0628337266037908,0.9979295321193364,1.0896688660719327,1.548720804248838,0.5,1.0,1.0,0.1,1.0
0.23238805364594967,0.02949618927111125,0.24857984131824973,0.4277922469014928,0.27516179649322403,0.4125177991989645,-0.3473747983822123,0.2806191255764564,0.6532257699567326,0.7375643274700683,0.5654156618196521,0.5,1.0,1.0,0.1,1.0
-0.8998717591986376,-0.37066982163425816,-0.43050732138583603,-0.21410240317290846,0.24161109662473187,0.41026570331273615,0.4397341891784723,0.4255247021890865,0.24305545044206103,-0.26401739645301403,-0.3380219976986023,0.5,1.0,1.0,0.1,1.0
-0.8658619436212537,-1.1497367203138151,-1.3748692886469205,-1.428949392477958,-0.7417829013038675,-1.2460373142492418,-1.4996913467389734,-0.6550843514553187,-0.04686002511652071,0.24743641586272752,0.2468535484205805,0.5,1.0,1.0,0.1,1.0
0.47889304023291696,0.8769926756794679,0.7983664369446553,0.7688075685775738,0.738747773897504,0.5488336476902989,0.7387522319447547,0.729791935603501,1.1248078050463777,1.306409593347944,1.3378151611671663,0.5,1.0,1.0,0.1,1.0
0.8949419554381387,1.029651240691659,0.5566348658480834,0.49195662576996246,0.5520814783289268,0.3435458593913249,0.2883124499293596,0.5011273687316425,0.3951986398861528,0.8026242156532082,0.8270089383854664,0.5,1.0,1.0,0.1,1.0
0.5208422331310008,0.5549375542683248,0.14064322682626118,0.13161696568486636,0.6984048348032997,0.8362794211242848,1.0026697006838883,1.5366395923054568,1.2770535865604087,1.0475286397751271,1.0528625761616637,0.5,1.0,1.0,0.1,1.0
0.7831388612209289,0.8634989217633566,1.0244865307122186,0.49746030076246545,0.5250793296113949,0.5075669526159805,0.8140008744917266,1.1590845221781552,1.2426896322973968,0.521916792487541,0.08172982475648222,0.5,1.0,1.0,0.1,1.0
0.15795841130354127,0.2414133842546584,-0.09409928375963494,0.0078108460859715595,0.6315757838034841,1.2170552962244963,1.4007043121824503,1.7106787032541455,1.6016509617307568,1.5465161261206084,1.1178983573741523,0.5,1.0,1.0,0.1,1.0
0.5220254733813351,0.0570306540050976,-0.30776396786228366,0.5773230431676428,0.5191932770911396,0.9580444441253686,1.3501676543741914,0.7586516206557141,0.9118261151000324,0.5633843040082527,-0.1312495144059822,0.5,1.0,1.0,0.1,1.0
1.5262283809385042,0.6354142714098411,0.38881516898703655,0.6486168054264693,0.8635118471405082,1.0068543140051034,0.8111953527918586,0.3183791281505241,0.4150113393938292,0.19635902007064657,-0.1199823806304719,0.5,1.0,1.0,0.1,1.0
-1.4483573515132888,-1.3303923803653332,-0.72770163851866,-0.7611256983942009,-0.77200915325213,-1.111081970397252,-1.0434271799576824,-1.6716378176374311,-1.461108343584221,-1.576857564609409,-0.9949185401513978,0.5,1.0,1.0,0.1,1.0
1.1829983209275898,1.1777182180168757,0.9848001528311701,0.43451655791863564,0.535032093847806,0.430865445466612,0.186352075283702,0.20375173618032194,0.5340227488482523,0.7840736834948938,0.14157885792430558,0.5,1.0,1.0,0.1,1.0
1.233940231167897,1.0520541451879653,1.1516918876340443,1.1461158583153022,1.333679082730342,1.2420831407116117,1.1003768087776533,0.8547653663368928,0.6339926853554787,0.7354180491097266,0.7239076897014662,0.5,1.0,1.0,0.1,1.0
0.18425515780595095,0.08924949218535824,0.04319919185707273,-0.29257369439438224,-0.05492818559956436,0.23334034428274542,0.544144459944949,0.4839019875609102,0.11233734844853582,0.21458397112160765,0.36443856559603194,0.5,1.0,1.0,0.1,1.0
1.6119462939391809,1.6275971279434613,1.5022857610626483,0.7860927420021541,0.3490332718838292,0.21920167359267118,-0.30918477897416063,-0.25347040856451375,0.12561221122982802,0.3615607159205675,0.42229330056212644,0.5,1.0,1.0,0.1,1.0
1.4675498813765417,0.5423056778256562,0.4303328273867286,0.3301370056592704,0.5824894662758027,0.23348930887872005,0.2158440371285221,0.768001691602278,0.5469338494107686,0.7138459678786103,0.29410926930875375,0.5,1.0,1.0,0.1,1.0
0.44157070515600244,0.576697798887419,0.06473595082508876,0.06691391454965345,0.44396715463314607,0.328447634998953,0.14111706329091953,0.11994723371313587,0.6573481794142482,0.4031203723302542,-0.02384560121568957,0.5,1.0,1.0,0.1,1.0
0.7220773070253083,1.1370106742822688,0.9781537412567558,1.2627852771285768,1.0635104125366035,0.5234593759642017,0.44669565976027825,0.6045511579955143,0.9167579163290831,0.9586047254732091,0.8352805026735519,0.5,1.0,1.0,0.1,1.0
0.22049380299907195,0.2212145230142546,0.595194422027008,0.6216682323101531,0.4256570437177133,0.2255203778999556,0.6928792018622472,0.6638655006208698,0.2004376336864035,0.0019940260554195954,-0.0839714128619419,0.5,1.0,1.0,0.1,1.0
-0.8997222586832121,-0.2904450455327769,-0.4341656058161416,-0.249459220249094,-0.12254953938462894,0.010115250133750898,0.283758124034752,0.23756625681634905,-0.2561913896513641,-0.2218427517678241,0.1953873727744788,0.5,1.0,1.0,0.1,1.0
-0.3473458360177558,-0.6209022544498302,0.023304122214391376,0.2427483201245489,0.16513788082258468,-0.03254203952845705,-0.3600935979758384,-0.47089181109728784,-0.22592338020148012,-0.033845230013056116,-0.007566724013852503,0.5,1.0,1.0,0.1,1.0
0.08257757853938863,0.5907359874371771,0.30429430332913404,0.7000117526026076,0.4738129525917467,0.5503063387369725,0.5287861383693444,0.6260514456448285,0.2625708568448636,0.24783247384274407,0.6208245685786324,0.5,1.0,1.0,0.1,1.0
-0.20254954590067797,-0.4931369164020032,-0.1280992337337955,0.08207678691217181,0.42027616778633675,0.5282132042603873,0.7134078602312903,0.7149332462002008,0.29195016425056153,0.17491811019349382,0.4165690918782754,0.5,1.0,1.0,0.1,1.0
-0.14876987144757228,-0.3548877834761615,0.29979748677396395,0.04581647250226084,0.14434124311869462,0.4016759758989269,-0.2473343651563904,0.37718053339692703,0.7926114459140532,0.5067018992456362,0.47908096258138205,0.5,1.0,1.0,0.1,1.0
0.8365908308694883,0.7584233288001067,0.5858269000320816,0.883133412606097,0.4759681167736304,0.13433181887501056,0.09039058143790342,0.252193549628484,0.6373490089029314,0.9330038466519404,0.9599701957591875,0.5,1.0,1.0,0.1,1.0
-0.7894294444808908,-0.4861377179818686,-0.8865883222594513,-1.0393297440353892,-0.4319239028048536,-0.33722673323117097,-0.30102941861260474,-0.09671442853509205,0.033178883546620484,0.5879499752311349,0.35508330249068554,0.5,1.0,1.0,0.1,1.0
0.17172611815409922,-0.12462137327792572,0.16180598428047574,0.8879055687229002,0.6930483901481342,0.5097730118019032,0.7282636666739023,1.0931105855536218,0.7405304267586463,0.05595814857194681,0.15672133185092268,0.5,1.0,1.0,0.1,1.0
1.1042593552822213,1.1460908178421432,1.0640367528962722,1.4953178071729423,1.1240100541649236,0.9734477457879933,0.5374167867380479,0.9897916198022239,1.6722797212305063,1.7394430305565889,1.183366038167198,0.5,1.0,1.0,0.1,1.0
0.2957075885965039,0.05652193249339682,0.19016405651595158,-0.027651189252465402,0.05720478609430465,0.4194064304911146,0.7294209062577979,0.9454762919052612,1.2816011151943092,1.1009417231391532,0.5457494391220687,0.5,1.0,1.0,0.1,1.0
-0.20910735364577593,-0.7327912622992788,-0.30702661522832886,-0.08009800090088373,0.29640423003299626,0.055846753412481354,-0.3825418546822087,-0.004932526223479672,-0.1005997373987487,-0.9810676605221447,-1.0886821061042915,0.5,1.0,1.0,0.1,1.0
0.6599948769427949,0.5796421960588876,0.7961307959743322,0.7472965720512081,0.7508416903843766,0.7901570891910258,0.7389606896277845,0.45147218920561977,0.32948488440441576,0.47946952165448214,0.4907798850262086,0.5,1.0,1.0,0.1,1.0
0.1081366445444031,-0.31555598008545604,-0.3287713003729408,-0.138892858201056,0.021455064058455875,-0.3648739034758629,-0.28204940596082617,-0.3912092209951775,-0.22292557103510185,-0.13032377271111306,0.4846098422269647,0.5,1.0,1.0,0.1,1.0
0.8845538983755187,1.3788102122225112,1.5475270878200438,1.6916899594943535,1.9135147159268848,1.0454298727586253,1.5098100707301019,1.5108607698054113,1.6314110324317375,1.207342962618217,1.448830597243643,0.5,1.0,1.0,0.1,1.0
-0.5180659189155298,-0.7557342397234852,-0.4350583005003984,-0.2692563687900632,0.28258727213878043,0.21346389922213777,0.2676718139352578,0.16442342128550758,0.11140397982828774,0.7829089280860587,0.2318913699706483,0.5,1.0,1.0,0.1,1.0
0.21261858500938524,0.41123350945959486,0.7721990606488149,0.6905922114220597,0.05990879508724811,0.4668127638166177,0.5947947345711971,0.3004057370674325,0.15061995538179135,-0.6795353806638496,-0.30871744803663254,0.5,1.0,1.0,0.1,1.0
-0.7245900012927673,-1.1152843688509022,-0.40604840511795515,-0.577841939822374,-0.5551162727650472,-0.1410023176734722,0.35865374734834227,0.05506421080497553,0.20170833552139678,1.049267797668094,0.13047359650837942,0.5,1.0,1.0,0.1,1.0
1.0918553050992066,1.1045338540376277,1.2187917208429822,0.9817244063535684,0.6530261351396486,0.021537636299590712,0.12170156452012187,0.5520882677292633,1.1034581470584324,0.7401804785120307,0.6147955261026122,0.5,1.0,1.0,0.1,1.0
0.08565376543349397,0.23609745133625096,0.1798086064170505,-0.3135454427949773,-0.27175444473949023,-0.16453930477717907,0.49636626149393415,0.5471402759714167,1.0583290799218041,1.2177945566115134,1.4578644295362495,0.5,1.0,1.0,0.1,1.0
0.459550917128897,0.7672969848890687,0.7633229598329111,1.3112240968637088,1.142050896024723,0.7703110587476464,1.0081310358568507,1.0194083254445163,1.2515009087472149,1.624310733450527,1.5120303691815316,0.5,1.0,1.0,0.1,1.0
1.2582282375835434,1.306958150190196,0.9979977476487557,1.288493493272555,0.8447920130844598,0.44291521437138787,0.4422538042898667,0.7408499186677306,0.9439734681232087,0.8856041467577046,1.1579412326432366,0.5,1.0,1.0,0.1,1.0
0.8666378477957489,0.9608518216108795,0.8143688820413529,0.4153485862801492,0.47850420646644,0.1318368077997233,-0.2591431007116608,0.4665259343434297,0.5254295049785428,1.071939331017577,1.2929622296929901,0.5,1.0,1.0,0.1,1.0
-0.2383988555419727,-0.42708067933303445,-0.5586112204225705,-1.0464740994212,-0.5668535527560077,-0.4543253455306127,-0.5626127807989042,-0.7471114283594873,-0.7673384758239093,-0.7984740666187239,-0.5434967492643105,0.5,1.0,1.0,0.1,1.0
-1.405898246591556,-1.3712844973778295,-0.5935373537028488,-0.3668403238566026,0.2339727942097387,0.14036876070911347,0.3126341716513916,-0.07948430324106448,0.060951728826951636,0.24024448330054413,0.6975676232469007,0.5,1.0,1.0,0.1,1.0
0.3057398426500506,0.2934969537906374,0.33467335403429077,0.2881399269171827,0.3367104879437107,0.060616053906224376,0.003159940718116802,0.42078658757976195,0.8131924083809174,1.0713863531632617,0.7733597068278832,0.5,1.0,1.0,0.1,1.0
0.5638510480990263,0.5269973424160359,0.7171036717279962,0.4887537501893582,0.23225520954883677,0.8181722608189277,0.27666660802943177,0.08969671201915191,0.0677564705426029,0.7093237837969477,0.6407956450199775,0.5,1.0,1.0,0.1,1.0
0.4813643391055839,0.6524703692771395,0.6100399162980653,0.6724628422628507,1.1096963791120553,1.4433855967176454,1.238143321197805,0.898489607464179,0.8443015382953146,1.1902069443267465,1.0668173348748637,0.5,1.0,1.0,0.1,1.0
0.5287268924136207,0.5196140890217456,0.4483865123023354,0.6414483990729365,0.17335288595428333,0.3027065468480054,0.05698215483678731,0.06238892180500995,0.03459016952952498,-0.17549954779856608,-0.18434826365342916,0.5,1.0,1.0,0.1,1.0
0.8970210320290986,0.9208507576383176,1.3585516435324045,1.940351651790348,1.7979390119683547,2.3189204281150633,1.8913543559250479,1.701592477267472,1.859929042453135,1.72034559241716,1.1934803305612236,0.5,1.0,1.0,0.1,1.0
0.8336880643258971,1.2637563350459882,0.8301646960958348,1.0048067383254142,0.5944575671312449,0.09459432336205653,-0.10977462967462939,0.14782652876813435,0.4458762395767041,-0.4438606850249821,-0.9012326619544142,0.5,1.0,1.0,0.1,1.0
0.47307135686214385,0.8111066313299201,0.4570788742190209,0.9252536962317772,0.7462373183001256,0.7582330615363014,0.7117637802571304,0.3732087606328081,0.4007536887052789,-0.01692337434164215,-0.2853930502982881,0.5,1.0,1.0,0.1,1.0
1.659688200908239,2.2798054867568522,2.739138817677062,2.2268733241226935,1.9621936144708123,1.9268213496452726,1.5697734742774672,1.0585896296234962,1.4465807406441984,1.1351015409124008,1.2129773034586893,0.5,1.0,1.0,0.1,1.0
0.8409158894885982,0.8970491444017675,0.7380030051965428,1.1066402214410909,0.9450086992666891,1.3696000309244307,0.5316369911501384,0.43586604863346184,-0.021523477103394195,0.4495456764389879,0.5263171406636667,0.5,1.0,1.0,0.1,1.0
-0.42771089740007945,-0.30701612837502484,-0.36646321834663176,0.19286326796116232,-0.06285484005569611,0.17004541226885223,-0.4367527480902389,-0.18292813403187266,0.03994875481874963,-0.02184919672358729,0.24707016173420615,0.5,1.0,1.0,0.1,1.0
1.1444613258555782,0.9675878785329877,0.5518717978438967,0.33839988761120066,0.19044912726960486,0.8588915799366024,0.14263972058443375,0.6220109133385843,1.272502871647169,1.805856194576216,1.7786133518720753,0.5,1.0,1.0,0.1,1.0
1.2537506900876223,1.5032854691945485,0.5565590689862175,0.4721440099923505,0.8659453205488298,0.4187062752171294,0.208913360691981,-0.3259510410050962,-0.16574094859328486,-0.005475130466902484,0.5367909271402687,0.5,1.0,1.0,0.1,1.0
1.2477197284267234,1.0525823181982716,1.3628120034540787,1.4172190098199806,1.3354619037033624,1.1733822127242173,0.7553687182128157,0.938469705872881,1.0400393448693672,1.0510497141099062,0.7206181552638158,0.5,1.0,1.0,0.1,1.0
1.1704828187434126,1.5845949504596615,0.9238009208129186,0.7024913040433395,0.6690078210474756,0.4239649937385027,0.7499847234910815,0.6010033307571195,0.758850494943009,0.2649230540070051,0.190477377716175,0.5,1.0,1.0,0.1,1.0
1.4245207569093155,1.2498063200596456,1.0414817019702165,0.8929692037460137,0.6656536153587035,0.595065756912078,0.6038884820920679,-0.11622874971521158,-0.08195788216739133,0.07455370401159592,-0.12338651192465253,0.5,1.0,1.0,0.1,1.0
0.309500940687227,0.1993993282408758,0.6470618596529265,0.6243331009233932,1.1873081629289435,1.340723277683629,1.276265499247667,1.2465672264550958,1.1057112744249376,1.017929394060612,0.8193371696801245,0.5,1.0,1.0,0.1,1.0
0.9267066496215272,0.699088874991049,1.5400557254899616,1.1201967815892286,1.1264527337874146,1.357137059033402,1.3603257316699802,1.3656022139497543,1.4506317315012958,1.0550794907197283,0.916834534452817,0.5,1.0,1.0,0.1,1.0
0.22179810541945083,0.07549843886370439,0.3503810985454709,0.7108604315423364,1.3258493049031348,1.3592816602544016,1.6027331502462607,1.4713841991045642,1.6459474512444174,1.2725530073883407,1.4802681846719303,0.5,1.0,1.0,0.1,1.0
0.842057511245579,0.8485636569573166,0.3248728438890484,0.3696706590169972,0.29084520427097105,0.62275267811539,0.4598086936252229,0.7463496242295641,0.376593651027013,0.6023640824058556,0.7249080805952847,0.5,1.0,1.0,0.1,1.0
-0.44785150677019253,-0.32065627862322854,-0.5337895897320686,-0.7584133661372314,-0.3397278333560466,-0.11336751139963552,0.4460046109971586,0.1411589092082592,-0.054826704494497086,0.22721402907959928,0.4283537873522171,0.5,1.0,1.0,0.1,1.0
1.7256346991506863,1.7033022477849502,1.2088530083982696,1.3245152146640944,1.0186350612117754,0.7292518438585714,1.3369038458922884,1.3139600183380182,1.228276546947662,1.1904201243923913,0.8452427683224608,0.5,1.0,1.0,0.1,1.0
0.9252589872727083,1.2618197760389356,0.7906544359027488,0.9324498733952448,0.4382124735447541,0.021307194091460813,-0.5010548926963055,-0.5380759630492387,-0.4674170401974195,-0.3192964104682105,-0.03564906710120355,0.5,1.0,1.0,0.1,1.0
1.2025699225855822,1.125737806842086,0.340174396547159,0.8353251807428848,0.6587792163755659,0.3879474680051271,-0.22206610397681953,-0.07144247629548992,0.6788824641231327,0.16990620892504843,0.2506063720289067,0.5,1.0,1.0,0.1,1.0
-0.08237689474492654,0.08831159558240212,-0.38089747243765726,-0.13614447332143984,-0.07288867859129929,-0.1680278910885296,0.12375463307459594,-0.32844688338847194,0.353193636596839,0.4544372966042867,0.39163323825712093,0.5,1.0,1.0,0.1,1.0
0.6666405929762306,0.35912606238136313,0.15641478286643318,0.4228850402215727,0.3473076574246653,0.8394103667322594,0.1793796718486006,0.4973766665402082,0.5135716797025717,0.446908426362888,0.959016008373853,0.5,1.0,1.0,0.1,1.0
0.40962994413006465,0.31706184461064185,0.13429136308172934,0.8692436713195381,0.6519529548639235,0.7448040270472317,0.7240088787830652,1.337754182223867,0.6810535771341981,0.6924634423777288,0.8664567475515734,0.5,1.0,1.0,0.1,1.0
0.5607540113443528,0.9688393164199933,0.7190050501518204,0.878808331572354,0.5639003889554266,0.330529780524095,0.8652741629059348,1.1733280052285135,1.0011179565041823,0.717945935990186,0.26484959811954456,0.5,1.0,1.0,0.1,1.0
0.9158626546244885,1.0262839861054915,1.1954141759150372,0.6068638479122157,0.5501451236647886,0.6886105324388938,1.0184402980525922,0.7640603187535883,0.2672878926019344,-0.22595378100017915,-0.8004046519044749,0.5,1.0,1.0,0.1,1.0
0.37304108350161524,0.4329620273591415,0.32390564088502266,-0.11606845600718091,-0.4811118065257007,-0.47796144152825704,-0.2951241960262172,-0.05148589832229683,0.27712113296514596,0.5911711047636283,0.9529882089750953,0.5,1.0,1.0,0.1,1.0
0.016401053358289324,0.5084110657697201,0.4720319930456063,0.33909018688812265,-0.574331513362226,-0.47367696545569354,-0.30029340670816385,-0.4641276575753561,-0.37409688701960486,-0.4482914338215971,-0.5222635928155179,0.5,1.0,1.0,0.1,1.0
0.12016635461684606,0.1454628519719415,0.6854722828387858,0.8114100679279755,0.5644206016631964,0.7139797099697351,0.9313501842335667,0.7988789700071584,0.6593259718929321,0.3601266633172358,0.26385134383602127,0.5,1.0,1.0,0.1,1.0
-0.23936452834594338,-0.26907297860584745,-0.1345198482780769,-0.3862753015297289,-0.5452957164198249,-0.8058162451916397,-1.2821811236576757,-0.317690848959706,-0.3537104103177825,-0.6716866304535445,-0.7780711216126097,0.5,1.0,1.0,0.1,1.0
1.151181798666282,0.8421141616491598,0.2429837923021111,0.5687728119305946,0.47994881833107156,0.23935901853771277,-0.3229943655831714,-0.2691444966286403,0.24042212350273334,0.20584272932189476,-0.2799664819169275,0.5,1.0,1.0,0.1,1.0
-0.670898237348914,-0.6196170263400247,-0.3660549980163156,-0.5366768312911544,-0.0262171387295439,-0.017605247676473028,-0.02721322738878959,0.26812748156717137,0.6803964737848687,1.3118773114266404,0.6490533335278814,0.5,1.0,1.0,0.1,1.0
-0.37428939617559226,-0.1737574624919691,0.4835579475302117,0.7850209602833811,0.47179885550972483,0.882562270187486,0.7963895432952182,1.0348322568958768,1.009262824148652,0.5522333531680135,0.6856383289881791,0.5,1.0,1.0,0.1,1.0
0.0052332433966158385,0.7313591563860129,0.37191331169258035,0.8263363881598159,0.6365160524011054,0.47232200047699124,0.8423849325515499,1.5168582705736076,1.0451341865928911,0.8337227481677156,0.8952973389437727,0.5,1.0,1.0,0.1,1.0
0.17874182616403742,-0.1220298714593849,0.5970025905386377,1.0491345080555767,0.9760199842289531,1.1365038757828554,1.3267898839569958,1.0435816476938395,1.1850461246088464,0.2998407539563759,0.01709062133406858,0.5,1.0,1.0,0.1,1.0
1.078437969086204,0.7405363201376387,0.7022369486594893,1.0252842555073909,1.400541527978688,1.3132167484474173,1.194203587005104,1.0500343327527053,0.9018806697085289,1.2888841427870927,0.6439622380385299,0.5,1.0,1.0,0.1,1.0
1.224460204711321,1.085230105317105,0.7232007367096218,0.7841811674191952,1.2397720714280624,1.3977372648804192,0.8596192834742518,0.6798522529661832,0.7820594644081542,0.7347861125738222,0.3024413907368081,0.5,1.0,1.0,0.1,1.0
2.288043728812915,2.3485361074065607,1.8985595813456713,1.7708195822413937,1.7462191632540254,2.016074601025272,1.9261325616024696,1.8733103631385837,1.839357076743438,1.1686350884504981,1.543738475248581,0.5,1.0,1.0,0.1,1.0
1.4110414239408466,1.6598854689206588,1.4867252471437447,1.5904397768286125,1.8134682219094491,1.4629614137785654,1.4063222075706432,1.2291413372364142,0.41922039081483553,0.13609373134509295,0.6359037572159044,0.5,1.0,1.0,0.1,1.0
-0.02920546414629143,0.7609210920233467,1.2790383774844214,1.2408956968750284,0.6008054025558117,0.6681236031243243,0.6734360152233203,0.0647102047860364,0.10630711891168058,0.48651172960841227,0.6161104722633728,0.5,1.0,1.0,0.1,1.0
0.619559088638395,0.3076601141426257,0.5930357370006446,0.5949654095648741,0.024882927930303,-0.30730558467149083,-0.6795800222311232,-1.0086085269529537,-0.6381360169382925,-0.42982974808001667,-0.29405777672821254,0.5,1.0,1.0,0.1,1.0
1.5356929900312601,1.7222095527281163,1.4015728097464772,1.3483783446334714,1.0563797517913605,0.8983144100891692,0.8093181837064041,0.5676451725841601,0.6089747428238924,0.5987961369527204,0.3110613297367441,0.5,1.0,1.0,0.1,1.0
0.7177614894330302,0.7236678595931502,0.6512719900720935,0.5768264590797414,0.12814678491436204,0.12443709308516632,-0.13255619862139134,0.44999352964877826,0.40280487047492,0.12314588193569859,-0.17778675865496357,0.5,1.0,1.0,0.1,1.0
0.882609779520682,0.7867823205857207,1.09029325058949,1.0058778783959312,0.44035544937392956,0.9932480691036649,0.9826560024165173,1.0134175983141207,0.5217279432108212,0.6956851311647976,0.3381320562241127,0.5,1.0,1.0,0.1,1.0
-0.3153643427102826,0.057041954547054796,0.19139598183190282,0.4884284920311804,0.8893899742880638,1.535487755543472,2.1103497874157453,2.0141922813517734,1.715295242944591,1.3260876718294305,1.6355018256700704,0.5,1.0,1.0,0.1,1.0
0.6005428933761606,0.1571961634887999,0.18258517771691912,0.29784071319574507,0.1765319068923574,0.22864781255222189,-0.15139210456235253,-0.5317412628996355,-0.7886217247627256,-1.2735371312336148,-0.9411601181643721,0.5,1.0,1.0,0.1,1.0
1.3445361548354056,1.365097568822306,1.109221024242547,0.7028383380949215,0.9035716973709905,0.8985501933185641,0.975528225028516,0.6228004121616904,0.6846163145187802,0.8239333795599119,1.1694941421677991,0.5,1.0,1.0,0.1,1.0
0.1272427725576375,-0.16192566617789306,-0.0671452748680031,0.2958901739154754,-0.4238378705037067,-0.7007367184776739,-1.3666655593314112,-1.2992761783868167,-1.6742729700193029,-1.3994674830382092,-1.5440720804766206,0.5,1.0,1.0,0.1,1.0
1.0460126508171919,0.6078384056082899,0.47324247464059965,1.2395461213189236,1.4549220299437158,1.759918133834447,1.9230224046736932,1.93823335051219,1.5719747720329664,0.8114663968364663,0.7975553815525475,0.5,1.0,1.0,0.1,1.0
0.6426582295787702,0.8734148167843675,0.805660732308128,1.274372741139522,0.9347177245114751,1.0128327469408211,0.7832974431018103,1.113451022962522,1.1730460669319764,0.857810058550564,0.693351911226294,0.5,1.0,1.0,0.1,1.0
0.3924598206300796,0.19378097567269872,-0.04131759033015342,0.3525482600825557,0.5057570154354403,0.5337708383166435,-0.27360447054396375,-0.4161549524893982,0.10186500873980636,0.2187897822539276,-0.15494961000278945,0.5,1.0,1.0,0.1,1.0
1.259056772502504,1.1372885637413919,0.8558962437147417,1.177188512704197,0.5509706592705065,0.7296727306556767,0.9912651662674095,0.8836142304215171,0.5643471606266561,1.0596254529613447,1.034475971218308,0.5,1.0,1.0,0.1,1.0
2.026105577394278,1.5664133276812051,1.4621428125639937,2.0404532313391535,1.8376259163363458,2.3192523682456785,1.8041143869956693,2.1554484365154236,1.6861809178543035,0.8880948341274131,0.9117630560008049,0.5,1.0,1.0,0.1,1.0
0.6655302327651155,0.5128101109469215,0.8193184869437335,0.7847357322653001,0.43368040447687956,0.6386531690976983,0.8434882288240597,0.6925124578755336,0.7279202820850749,1.088586894439758,0.7265346597362281,0.5,1.0,1.0,0.1,1.0
1.594517659510071,1.1546207151477232,0.9958784721258586,1.0553377242006252,0.789876086422138,0.4128862652559841,0.05071047451391192,-0.06094208383775762,-0.29459120003047884,-0.4417569142630051,-0.4359915336472822,0.5,1.0,1.0,0.1,1.0
-0.8461951786670009,-1.0743853592284562,-1.0001792791465587,-0.9959314552347172,-0.9898724342150795,-1.6068517242088687,-0.8944617088122505,-0.8829347573646069,-0.6102491470623761,-0.7072422858160825,-0.73339955739376,0.5,1.0,1.0,0.1,1.0
-0.07833357855284946,-0.3285552454869638,0.019828670323624398,0.2003265328133564,0.11474656401127499,0.43059160304931643,1.1133026160625834,1.0116999357094396,1.0078409729832674,0.5575086285534946,1.0721272104619481,0.5,1.0,1.0,0.1,1.0
0.8725838070073905,0.8721196799408963,0.7181183645629141,0.766915575286795,0.7899951301028081,0.7393278179136604,0.5384179171835456,0.43604262304016206,0.40856480895768693,0.5257526139983482,0.47898319067645667,0.5,1.0,1.0,0.1,1.0
-0.0384962541154839,0.004862740462348471,0.7768998977133327,0.5311380136948903,0.3463652596318926,0.5417930508311989,0.25454443436906177,0.08332505686058675,0.5914811400412912,0.4099996825397644,0.21541590804381988,0.5,1.0,1.0,0.1,1.0
0.98813169605774,0.823355331336193,0.8302844529815465,0.551536672476725,0.7096769723675784,1.398279466043813,1.097290966256955,1.055817284001696,1.2624683663037555,0.7328759013401158,0.2583075691180467,0.5,1.0,1.0,0.1,1.0
-0.8502776885124976,-0.6075416551752572,-0.6777294792217168,-0.950356375004054,-0.5496799549601192,-0.9619521806446469,-0.6652700712185122,-0.6211018288417581,-0.4288278798882148,-1.363988401203189,-0.9552140980597887,0.5,1.0,1.0,0.1,1.0
0.3564537814894694,1.000717729548957,0.3936800210868733,0.3028645574513379,0.31921012261097903,-0.33265641958987674,0.23302951520422105,0.3961496069292459,0.6125841493331297,0.14745111734249366,0.2548753034039343,0.5,1.0,1.0,0.1,1.0
1.5733084409791032,1.4296593923986547,1.544563064609287,0.8589275964216443,0.45452895925585646,0.5786404820652451,0.37837107922151825,0.3998688494321544,0.9027667776352148,0.7496879731882251,0.876692459540619,0.5,1.0,1.0,0.1,1.0
1.0806182560217164,1.161794799353567,1.099520549770152,0.4769979776452453,0.5340739490882757,0.11221122935609135,0.30585617966563305,0.5109527009657551,0.5109620799929814,0.6327796480143044,0.8991415165669092,0.5,1.0,1.0,0.1,1.0
0.9721575692262933,0.697240903285313,-0.0013854955554084558,-0.025451853170893747,-0.08158879188176565,0.2853363533420166,0.7334950213619681,0.6413448456002131,0.3265146292396931,0.585303757477371,0.328094830740075,0.5,1.0,1.0,0.1,1.0
0.7400261684058099,0.5088609238889199,0.022720272313062673,0.23099999296932378,0.5485502927148352,0.6254776604652834,0.3283751207291151,0.25456698264219013,0.4998191249929135,0.686595480295173,1.5546881778318937,0.5,1.0,1.0,0.1,1.0
0.5631823186714662,0.8527617380348547,1.0861616583772706,1.144895865283871,0.9082018171662791,1.2435023023047553,1.28386471939374,1.1424422526137712,0.8500951038196656,0.8279872687805104,0.8501485708964895,0.5,1.0,1.0,0.1,1.0
0.8594396754778831,0.8429560469423112,1.1668262323204952,1.0583904103179493,0.8052710856675276,0.9562394558627092,0.6604054487641331,0.7351180354651319,0.4431856911168153,0.3703530586069317,1.158008497884291,0.5,1.0,1.0,0.1,1.0
0.6613012578461686,1.208733902239736,1.6121480869532139,1.5663963351002,1.4425703113638915,1.1948660266550974,0.971788185953671,1.6548593879950462,1.3882828641416416,1.2692765637736052,1.3656301597050864,0.5,1.0,1.0,0.1,1.0
-0.5274768527201681,0.06446207637092272,0.1541674405002762,0.5710615750242028,0.10649980593899849,0.12807888024136582,-0.17717648361671384,-0.2189997226204443,-0.2971496210400818,-0.27077613192154,0.3117591034254728,0.5,1.0,1.0,0.1,1.0
1.0463851081434943,0.4916214943288528,0.4740019312950049,0.3829453314098401,0.538491329280588,0.17421173608150337,0.44220201683412613,-0.1918135219375781,-0.27559661162199306,-0.4010139136285974,-0.3988474458306842,0.5,1.0,1.0,0.1,1.0
-0.2540518750091987,0.10725088177586542,0.42956185045256895,0.15583657991034555,0.14286449800051565,-0.022576546992071844,0.07032843943136324,-0.27577558698849736,-0.5304864731597666,-1.149923860750204,-0.7786527718989612,0.5,1.0,1.0,0.1,1.0
0.10642871019697557,0.2701066896215135,0.3745103885021978,0.03919420255310263,0.039843233996413124,0.17712418246494843,0.3814579152120925,0.24436348597289664,0.5788809649020095,0.5042684577203425,0.15589741815395775,0.5,1.0,1.0,0.1,1.0
-0.44944772422039597,-0.13819211423759376,-0.38978970979744787,-0.3880156713238307,-0.5844671360630602,-0.33910467209001127,0.3188855010519071,0.4431294838665001,0.09209755775956574,0.2250958962570756,0.10431734909218113,0.5,1.0,1.0,0.1,1.0
1.0080446680503226,0.7492360545966124,0.7518809299279021,0.8101063223576274,1.008024642050013,0.7847029040355302,0.4423667767568603,0.5518240617426151,0.44051898971064735,0.2549529636934079,0.09513173983607498,0.5,1.0,1.0,0.1,1.0
0.9420065547665254,0.6488879791451923,0.33687193050452585,0.5132731630230835,0.4949797172009023,0.6818298652626527,0.7420348114024534,0.6138881240240192,0.693167417387842,0.6353522878075071,0.6665678262557723,0.5,1.0,1.0,0.1,1.0
0.6819531563654041,0.5682619613902968,0.4559561018317363,0.4337944956083736,0.32605968547078407,0.5456003633204471,0.09440389002737631,0.5185918066735998,0.3662585160994384,0.8288845645742378,0.7215243105612614,0.5,1.0,1.0,0.1,1.0
0.6165699784451318,0.19893540890286793,0.3237999443550944,-0.15464382107219593,-0.07276562423513738,0.5909177266231403,0.9998036162221491,1.3904936434995108,1.1747142021329045,0.7882105033821059,0.5483038015457753,0.5,1.0,1.0,0.1,1.0
-0.644681619276577,-0.5219718493104251,-0.11400177099971787,-0.3950061047859726,0.4206274099606873,0.33889126293966954,0.5516218888304953,0.5784402146073444,0.9253847473429472,0.9853864353582885,1.319125206899952,0.5,1.0,1.0,0.1,1.0
0.19155512141821548,0.4342646502628422,0.6583560209390247,0.7932899717815389,0.990342638660624,0.7098519805325327,0.4109070223540021,0.2667561774454421,0.8149731016660315,1.0012842756569051,0.725829021880254,0.5,1.0,1.0,0.1,1.0
0.05126705484365589,0.3107384652181261,0.49683811000533373,0.6714832150344408,0.6714887875172391,0.6364430241728841,0.07076685306289354,0.9587479894411177,0.8987530526369407,0.5757263251158382,0.9220463517034329,0.5,1.0,1.0,0.1,1.0
0.14179803590763676,0.24682105468985008,-0.024038787672623796,0.45800676372742866,0.7619947369738058,0.3654337060613951,0.689061549155632,0.9659555190366156,0.5883377364917302,0.9090468677612531,0.8311893415315686,0.5,1.0,1.0,0.1,1.0
0.06871743224297189,0.001846608048130402,0.056488211692251156,0.0663294413658044,-0.31668175320890274,-0.7327573554500545,-0.3347951121072562,-0.4806092981323481,-0.3196505010935617,-0.42500326897836793,0.007426717719371478,0.5,1.0,1.0,0.1,1.0
0.1911876618234256,0.2108329533576892,0.20563648159727593,-0.07376277175435311,-0.3008534813013517,-0.06336483478729935,-0.1805703522786566,0.08321355811054604,0.3783590142680398,0.5808621557953944,0.5147022551270996,0.5,1.0,1.0,0.1,1.0
2.120658601902763,2.1647165043894114,1.8121688432369827,2.621606482213755,2.552539974664446,2.073864104390286,1.1584633732496932,1.5522045356859366,1.573281424171604,1.3311014044989733,1.907342056191712,0.5,1.0,1.0,0.1,1.0
1.0511666676259888,0.9145018421579214,0.950411232373352,1.4410307982677342,1.4586651234324253,1.443175597117042,1.2191128199154695,1.1750994258866827,1.2287918970183456,1.009557847526555,1.0691195866769372,0.5,1.0,1.0,0.1,1.0
0.6806432865034722,0.7762227909509101,0.6195243329772824,1.329743113424837,1.1366398922204364,0.9627216054685998,1.2796066670241384,1.5733159135213217,1.4935145295292613,1.179711565515931,1.1880228612002863,0.5,1.0,1.0,0.1,1.0
-0.11217629966436479,-0.599257931817426,-0.22567944578514004,-0.026606232444487038,0.09808219427396177,0.03827604940961056,0.6537794608362559,0.828683982634723,0.5233502638936635,0.7320254329889687,0.36505439169596354,0.5,1.0,1.0,0.1,1.0
0.3040464425639705,0.40792258786675295,0.9346955767958011,1.1035761832521274,1.511069866214359,1.3014823458813631,1.012872464127162,0.6976219815544247,0.5135406984506815,0.35521908088476994,0.3242801940422131,0.5,1.0,1.0,0.1,1.0
-0.24382284346450706,0.45039735687785165,0.7702730271058083,0.6830143036427752,0.45547708518119756,0.560367088021439,0.8875938726120978,0.9298444006486611,1.410860277048947,1.58314431165467,1.1463886860199777,0.5,1.0,1.0,0.1,1.0
1.2486947715059662,1.3416909151563106,1.202850213011075,0.9187744927872761,0.5780249387966439,0.18186874739977338,-0.164046570341444,-0.27808725245084465,-0.45779440429524315,0.1300023124250277,0.4789836335396247,0.5,1.0,1.0,0.1,1.0
0.19111636625282305,0.22781198135035996,0.8067786748706158,0.8246403295238822,0.8117010587414022,0.8054957435124482,0.6875797673142353,0.5110473805605587,0.46217315742217596,0.6083167402112941,0.6635837041020431,0.5,1.0,1.0,0.1,1.0
1.4979757333115902,1.1353977171787881,1.0667968127773402,0.715131911545281,0.49873149571365927,0.5533570532603651,0.38278525289375537,-0.39166822608333335,-0.0934044561312648,-0.18112723515845902,-0.17509889368015683,0.5,1.0,1.0,0.1,1.0
-0.26392322281937686,-0.7723562779980715,-0.713224576059253,-0.4985558180086015,0.14664267261907937,0.6087645630121522,0.46143871388522506,0.44130586259401805,0.2012138407315467,-0.10588104803215587,-0.23523191619766814,0.5,1.0,1.0,0.1,1.0
0.43113946367696554,0.10027782066300955,0.6846587245892496,0.6667217603031462,0.7236169664900125,0.5755759527219549,0.5412059231429983,0.3737693764065245,0.6697107022016635,0.9395855603127559,0.7449350785937723,0.5,1.0,1.0,0.1,1.0
0.5210109500205992,0.9240864856309803,1.4055663148731599,1.6702793729783751,1.3499088853516195,0.8861236455083874,0.2977693584763328,0.0549010372351143,-0.02812117060668584,0.4565273385518018,0.5391362241567936,0.5,1.0,1.0,0.1,1.0
0.4071813352538277,0.13127815547349603,0.10657796851640977,-0.35932425277818925,-0.5590445892033069,-0.013261578662784212,0.3476868374160325,0.784482055630078,1.1809791637750484,1.1249973080389797,1.8699190981305671,0.5,1.0,1.0,0.1,1.0
1.7323533952576702,1.5795097107157503,1.6631201597071332,1.5426391553966174,2.0075559773520926,1.6844183445634604,1.6012079048239247,1.3493606279518076,1.2716458652608666,1.409956051059785,1.4321900922132007,0.5,1.0,1.0,0.1,1.0
0.6259886931001468,-0.00824042016314197,0.026215544352666785,-0.05261174570990389,0.4793669390927934,0.7506413912906887,0.6431850408258091,1.184502242464697,0.9126462835956898,0.9025281196120876,0.8083930115919447,0.5,1.0,1.0,0.1,1.0
1.0519688228281248,0.6167590905731986,1.0046187344919544,1.2631904921125678,1.55932529159713,1.9061061199466574,1.9900287323270314,1.8117330501834659,1.4449969988734606,1.9494576870080906,2.2426435304668457,0.5,1.0,1.0,0.1,1.0
0.27650346292299893,0.44576927526624166,0.6317008410131548,0.5677040757066562,0.5430023124899203,0.5532005410816366,0.9199275040790533,0.8266942050771028,0.42882779352806905,0.38190940537674617,0.3795102025525785,0.5,1.0,1.0,0.1,1.0
0.6012223163194584,0.4357928120891253,0.4307002923482724,0.4560507869677832,0.6824814652475534,1.011676683844638,1.0742677981018502,1.0723124302427804,0.5067079183564502,0.45632929956897084,0.9044237936314856,0.5,1.0,1.0,0.1,1.0
1.780013686773107,1.8404425632580874,1.6888614131059696,1.3741225891015854,0.9468471539844815,0.6681448793897626,0.7586555362139884,0.6245477755054747,0.5832076446497002,0.7119197226956306,0.6688284397853665,0.5,1.0,1.0,0.1,1.0
1.0326445225881506,0.5526107106935743,0.17181387492830674,0.2563640213956574,0.5474981212215101,0.7468204753361914,1.0710274448936712,1.2317818080397538,0.6808040284426669,0.6284116824942517,0.44356100964984746,0.5,1.0,1.0,0.1,1.0
0.658156549178051,0.684086429202097,0.39360166610352004,-0.12400485884260415,0.4853113377103121,0.7731972991092706,0.8065329597705063,0.9680283256338332,0.7158286749829414,0.34325171737341814,0.3020395394596986,0.5,1.0,1.0,0.1,1.0
-0.6766934014119543,-0.7941295635255753,-1.4938568791201319,-1.5556749146659687,-1.9425512424022608,-1.9507474239338083,-1.5422997953447755,-1.5470920765881206,-1.2194560177527713,-1.6757407966840718,-1.7475813645098413,0.5,1.0,1.0,0.1,1.0
-0.11335682947835793,0.48817201322859793,0.6911140393478156,0.6056564829078306,0.9221842919840155,0.8721806799733492,1.272992921473162,1.4218233735603634,0.7047854719282186,0.15971208463586795,-0.34527382007366597,0.5,1.0,1.0,0.1,1.0
0.7563685959724288,0.8531894169812198,0.6484037703656316,0.7157212194831875,1.4762508819770217,1.332108508281803,1.395562965306667,1.2214184670984274,1.2354329327626294,1.0624673504373792,1.6644628662824732,0.5,1.0,1.0,0.1,1.0
0.883541900277844,1.139108425046032,1.0669994915218937,1.1218187853037664,1.392915937421329,1.3253511712383197,1.147149452688564,1.5583727625780195,1.5103390984359302,1.8048418915751765,1.9555136515097584,0.5,1.0,1.0,0.1,1.0
0.004993319479088018,0.38927055352611983,0.6652152440166637,0.4764019989827498,0.7430221167564706,0.331973680594245,0.29464313857572905,0.49007317553148033,0.416355074264059,0.37183560388669096,0.045976673884118247,0.5,1.0,1.0,0.1,1.0
1.444853240094498,1.4208470569164282,1.0276287525751424,1.2273624833607275,0.8269175218786262,0.9124856177476992,0.6837667843399095,0.44364268395557294,0.20770493643941382,-0.13461597501212608,0.11790368046041338,0.5,1.0,1.0,0.1,1.0
0.4650086388315021,0.650452083248956,0.30640152126798664,0.4322804511885614,-0.024541050420190724,-0.09146508844452125,0.7850339040474961,0.6327376978043088,0.7126137984728338,0.5899105696330806,0.9107279726012745,0.5,1.0,1.0,0.1,1.0
0.3635280742195946,0.4270868711948608,0.32747997974452436,0.010867575428284149,-0.08630260116321752,-0.5609638453536931,-0.8899417613625844,-0.20769133059143974,-0.02949884254337748,-0.12108490410544076,-0.18242864488345223,0.5,1.0,1.0,0.1,1.0
0.9669414859682558,1.1817741756494229,0.856093347005326,1.2532005419024133,1.093712571652136,1.009619336880739,0.24220873369224805,0.26041989880368854,0.46887144963707944,0.2896969432438996,0.2083151785889702,0.5,1.0,1.0,0.1,1.0
0.5624634405052139,0.7445037995047412,0.9469791776921834,0.7472630454622071,0.6458091019680788,0.08315757755697661,-0.07216487298424548,-0.3165438970259763,0.03188688310281801,0.7481466001317223,0.26265792538406596,0.5,1.0,1.0,0.1,1.0
-0.8199260007351393,-1.1561385867467286,-0.7271970206762953,-0.6050023004865805,-0.3279359211076243,-0.41423828175519667,-0.055920019875315086,-0.2876201775398848,-0.3408671367778883,-0.7846404447284179,-0.5848347692214465,0.5,1.0,1.0,0.1,1.0
0.6686166621358619,0.459144004292634,0.5989025357392329,0.903884584611273,0.6949453346256065,1.6295743616184324,1.2013382523111165,1.1400840395265315,1.2889177002069185,1.254939457048477,0.9266613876342122,0.5,1.0,1.0,0.1,1.0
0.2552125873798103,0.09210020767263485,0.17050136106899344,0.7949576620185332,0.955932184839966,0.5701575834481181,0.494993771902575,0.24356604145930638,0.5047916216844811,0.49978486457108096,0.7718856835520206,0.5,1.0,1.0,0.1,1.0
1.6022451280853256,1.6125577964874254,1.2359834146787494,0.8663319932280864,0.6616661439162628,0.18252242829648024,0.803514565870827,0.8516478390352126,0.7719282311073785,0.9772016808181663,0.6388622144819496,0.5,1.0,1.0,0.1,1.0
1.434672685377646,1.4214065531382654,1.4248869618854305,1.7317064810463587,1.4884754394342827,1.8091221911024502,1.9480923538695993,2.354013856251368,2.371863032638256,1.697902362997347,1.3043687585306065,0.5,1.0,1.0,0.1,1.0
0.7323757553975023,0.7841128951326264,0.9522634517229407,0.6909876460005185,0.6329591099391955,0.8552600606669808,0.5963454229608762,0.4646291308516631,0.5787614662814453,1.0099387667493978,1.1633887621945396,0.5,1.0,1.0,0.1,1.0
0.9225328652573411,1.0000045557741868,1.3476599707114736,1.425923572052481,1.641817972027415,1.296127644234873,1.6831104339972063,0.9557763746371986,0.9736814358660546,0.5448027805140104,0.7549218185693841,0.5,1.0,1.0,0.1,1.0
0.4212738399139489,0.07813327474434067,-0.7384474566069231,-1.1676808052000944,-0.8567902182375977,-0.8528164567201454,-1.4730614936484472,-1.6606789727681444,-1.3865141372776726,-0.6289985334650879,-1.02673805139418,0.5,1.0,1.0,0.1,1.0
0.1557369438906201,-0.22921304352082486,0.3859434310735975,0.5191709990555328,0.8322168576675889,0.8877447275463131,1.5073826023188268,1.171518712842808,0.9460185586838274,0.7550464568483657,0.4223154930934798,0.5,1.0,1.0,0.1,1.0
0.09128448986352786,0.08948117139813233,0.13499976515136844,0.7732666171155708,0.6040893498412082,0.13142023437509776,-0.175532739249402,-0.10883114126468696,-0.44268894554002347,-0.4026615640839783,0.22812690487128978,0.5,1.0,1.0,0.1,1.0
-0.05400671115283498,-0.11571556615668616,0.1208794280388985,-0.0722555760374381,-0.3514586603274814,-0.30921230003023237,-0.9238294699666902,-0.8955673717742342,-0.43474052058739243,-0.7509154988309608,-0.49974383876058304,0.5,1.0,1.0,0.1,1.0
0.8789486398256025,0.9650531115583987,0.8774550632245015,1.1528422074332643,1.0623138416464848,0.8393550836972725,0.49351893780977735,0.5688940729882332,0.29952658030703627,0.20862427880174472,-0.09726379118273065,0.5,1.0,1.0,0.1,1.0
1.4369357227878286,1.6199735453257085,1.6966789108836309,1.8026638125856356,1.938955670517832,2.3426835121484944,1.9612043768543657,1.2389989963714623,1.1436506092083047,0.960727182757772,0.6645257151962596,0.5,1.0,1.0,0.1,1.0
-0.5947944987246347,-0.9030993029936194,-0.33402950331422865,0.1005210334648497,-0.18419749607821365,-0.9055637704857789,-0.7355011765497232,-0.8532575055128861,-0.46930267323157254,-0.37794804257449294,-0.35718610854454524,0.5,1.0,1.0,0.1,1.0
0.47182875699904375,-0.011686132158328089,0.049297719178696235,0.19978779480417694,0.3573749446992265,0.5114174300971664,0.627970958566576,0.543379223929536,0.5904314754058816,0.5037421937499716,0.5073271294784484,0.5,1.0,1.0,0.1,1.0
-0.8094666293888129,0.24317548124345179,0.35330973905502905,0.38229431526759944,0.3128269672438585,0.2751976560303624,0.7430744732694325,0.47874857207549526,0.4316699167065615,0.2031178978211203,0.26185762752734476,0.5,1.0,1.0,0.1,1.0
0.2252940819144585,0.9810271165524314,0.8930002409203875,0.9977001939174868,0.8482939023432554,0.7046235889095435,0.6644250053839814,0.7543184751294044,0.8224775940856301,0.3854892372734129,0.32873067705560965,0.5,1.0,1.0,0.1,1.0
1.0166254042831622,1.154760605183052,1.0218260511469868,0.9557390930890703,1.0495651143575637,1.202273498529785,0.7399090881060992,0.48241030784912,-0.04908677700549069,0.1373408646102659,0.5449900465045849,0.5,1.0,1.0,0.1,1.0
0.49264972324867706,0.3915988000948088,0.3147599320022546,0.650361884158707,0.7269336879289675,1.5095510513955914,1.3250637925994162,1.6674325721418544,1.4803443114616424,1.2105080736180123,1.1593565018840304,0.5,1.0,1.0,0.1,1.0
0.8834736577597264,0.6647762913433358,0.7685736257765065,1.0116336482130928,0.7364748301522227,0.6523485213607035,0.8383713056350796,0.3073220637777504,0.19090231810288308,0.7859980319847275,0.6574357233056668,0.5,1.0,1.0,0.1,1.0
0.9773054590405658,0.6715149249663404,0.42296236216992505,0.23163215907613324,0.4365002448453695,0.8046349030870399,1.0372023439800118,0.916701018430429,1.2634980488517746,1.0500027329337869,1.1646967841541291,0.5,1.0,1.0,0.1,1.0
0.1557073475663751,0.1910592677989009,0.08253848255681406,0.15686184056898816,-0.008012037787391763,0.03495509975753239,-0.09211796789327015,-0.5488157525422878,-0.6318425968925995,-0.6986060960503331,-0.6671588362890049,0.5,1.0,1.0,0.1,1.0
0.8106014235897888,1.0673776577120984,1.1325265919133987,1.0197833545895958,0.8643193906756782,1.1334057147448255,1.0682325638012082,0.9154298875295933,1.1757967175112856,0.8987378525358352,1.04007134267718,0.5,1.0,1.0,0.1,1.0
0.7110043351992824,0.2665579568971081,0.4687069916683001,0.6253406841988227,0.234617077034306,0.21308678322090088,-0.12233489342701948,0.19110572185850927,0.1647452630782271,0.19276373791780232,0.753973646397315,0.5,1.0,1.0,0.1,1.0
1.0993686225870158,1.5229133419645964,1.737159841700231,1.8680466006472323,2.087729153391822,2.3756353995890485,2.2627827424761713,2.17596618362906,2.254251166136066,2.1832020987073317,1.4458746071548065,0.5,1.0,1.0,0.1,1.0
0.8539562687062228,0.49998655761939137,0.758364344101558,1.2019082849297158,1.7065230085927525,2.0428422827093047,2.074919604022975,2.0269407669059025,2.216434992434781,1.9399521409719418,1.5830150565699446,0.5,1.0,1.0,0.1,1.0
0.8695000710594886,1.1313059713114078,1.1012846166295223,1.2209899740588712,1.2144743265993685,0.7803512821279064,1.2537708365593394,0.5865793524852153,0.7363610792227077,0.16903072545353848,0.25221353717756545,0.5,1.0,1.0,0.1,1.0
0.8045325403952079,0.1850424420309994,-0.4497643832590508,-0.6218261040696051,-0.4553464278262588,-0.2535687460936433,-0.056972761120900606,0.4490948021704396,-0.14973040347972355,-0.1870205116756926,-0.1905189860037252,0.5,1.0,1.0,0.1,1.0
1.0065334015137766,1.1989039678504407,1.248627816643991,1.400168420989333,1.7870858581655462,1.5330017956024409,1.9374393381792834,2.060861639029854,2.258352411770324,2.565721335772265,2.3206903598561546,0.5,1.0,1.0,0.1,1.0
1.0767178917974587,0.835166798719519,1.0233478899968125,0.6492810684383661,0.7832226521565644,1.1649514445606832,1.2236187198750939,0.5934998549136692,-0.21887785749914346,-0.3936528950720986,-0.35398020217981807,0.5,1.0,1.0,0.1,1.0
1.3355043940811222,1.4025149541758084,1.0968248001068484,1.022873366345232,1.2827052416979985,1.182381971845338,0.9927722733248232,0.8702525328345827,1.3367665920875353,1.0883466020127175,0.4162927410739379,0.5,1.0,1.0,0.1,1.0
-0.16479193457758695,-0.5693761441421601,-0.8185194388934163,-0.6898486071816984,-0.7608410852236137,-0.012686430494697865,-0.3319491353228784,-0.28182666008212715,-0.06315533727258674,0.6600420116462707,0.36863027977970564,0.5,1.0,1.0,0.1,1.0
0.6015873429479869,0.43638173763480276,0.5213797549336067,0.4569057803251454,0.689777182308734,0.6929512249481367,0.8717296364038795,0.7346671675937335,0.4766679687434641,0.7799436569184393,0.7022191374567671,0.5,1.0,1.0,0.1,1.0
-0.09975840051725791,0.14390609270471216,0.039922709057211986,0.042362609840588525,0.16035819914414795,0.26004612183988635,0.5747873128614567,0.21265237373329682,0.2586711591135061,0.19497404275813277,0.5424239150819696,0.5,1.0,1.0,0.1,1.0
-0.6176058382820123,-0.9541698175245334,-0.8268298484766343,-0.8435905384732414,-0.9009701138981892,-0.890212987050513,-0.5066723988844338,-0.9083455471515892,-0.47796121090614835,-0.07489794019103857,0.53025397161582,0.5,1.0,1.0,0.1,1.0
1.1361970332582165,0.7145963456458801,0.8735204321474151,0.7218979368019967,0.5077383174779693,0.2676389308212835,0.3568227849183474,0.4589975020621385,0.4727930111557405,0.7635632149959033,0.7338357943641364,0.5,1.0,1.0,0.1,1.0
0.6459265480109441,0.5892844456898316,0.6357334906034771,0.7213203547959242,0.8706679139678539,0.3777447392996167,0.4888550465746567,0.05147551837724562,-0.10176118888634958,-0.22378489441877353,0.219502725083778,0.5,1.0,1.0,0.1,1.0
-1.1038381848951822,-1.4811372227178852,-1.1779242508786605,-0.42383380724302033,-0.693620447985764,-0.3504637737512778,-0.35464672143653264,-0.35077975840625675,0.005442192495307252,-0.22067758397580475,-0.5611384393400872,0.5,1.0,1.0,0.1,1.0
0.6526593449897778,1.0210043096243262,0.6644941773151316,0.8579512098827001,1.127720432712575,1.188932033421705,0.8928406801588228,0.6474806752559089,0.3503617637841011,-0.22978063411951066,-0.04184212198360568,0.5,1.0,1.0,0.1,1.0
0.08924475522791223,0.01795769052157596,-0.10743295710854835,-0.17367405157590252,0.24725872122139814,0.22885771882965905,-0.14581569465407862,0.03101084831961602,-0.014520302373874083,-0.22825329919793327,-0.4299045114001564,0.5,1.0,1.0,0.1,1.0
0.14286633680099797,0.15996533793906068,0.011781286105842642,-0.33298125419406943,-0.35360038746954187,-0.48425350862840033,0.1907719391304124,0.4369570487547284,0.21058993830817624,0.14360960570144488,0.5208058538448948,0.5,1.0,1.0,0.1,1.0
0.8070868725507214,1.08106185330355,0.7496831280747576,0.49270644773150746,-0.13351608867128356,-0.5444562476638556,-0.2237082163332623,-0.1137729248617494,0.5029314952922719,0.33829623385199803,-0.026308182619879883,0.5,1.0,1.0,0.1,1.0
0.6606652657934908,1.2490868361899832,0.956845363843647,1.1741059177523585,1.542199866677916,1.338328052766887,0.7882511293964808,0.46084252703054907,0.350991152485642,0.4363412032316593,0.7015460490394958,0.5,1.0,1.0,0.1,1.0
0.1087344911672519,-0.07756815312785961,0.04522167071222139,0.14109052886623774,0.28341327614126943,0.4721626104178501,0.6545071066153915,0.8223312213082589,0.4905159323098402,0.43032405202799073,0.31728339987924475,0.5,1.0,1.0,0.1,1.0
0.5156852253844187,0.6445085901870403,0.5786308979794803,-0.1123660982556901,-0.5779026731590048,-0.9358666965345424,-0.934657496093267,-0.7837451186653248,-0.9227482132807159,-0.9960695035038739,-0.805407316424168,0.5,1.0,1.0,0.1,1.0
1.2241115052735554,1.345206903437954,1.0543680155431374,1.6095444594326436,1.4969987089212988,1.3874445245955287,1.2169947295471306,1.2939791366753248,1.5080579640001899,1.0762447403141344,0.8325953023438042,0.5,1.0,1.0,0.1,1.0
-0.051578568977624056,-0.12304231933617946,0.17084555551092742,0.09036983734489432,-0.2571901861785625,-0.5534631354076398,-0.60076235829663,-0.2104613880189884,-0.19757306820826503,-0.28562827561257065,0.005425745624024481,0.5,1.0,1.0,0.1,1.0
0.826972848685531,0.8241445291607139,0.8168247967820376,0.32350514960446186,-0.050042646144438985,0.22075449347790166,0.7046426058981259,0.7694916151491622,0.5861042087529391,0.2756645860909919,-0.1486445169403549,0.5,1.0,1.0,0.1,1.0
0.2510320635806633,0.7233447427596609,1.0640917927763351,1.0729126098354664,1.195319496138309,1.2705862731988888,1.0013963723556685,1.203738103719199,1.5746037729381408,1.6856294855454674,1.3622656207679458,0.5,1.0,1.0,0.1,1.0
1.3762381071312808,1.388996044370137,1.2563091947141822,0.9925982268450906,1.1919582271776152,1.1590171885990073,1.4322845933404569,1.171093359531283,1.347998471371577,1.209205763284678,1.1614040963953045,0.5,1.0,1.0,0.1,1.0
0.6117062023731796,0.6758324813722583,0.6671464130382665,0.7760645074295422,1.0488797595383863,1.1264540496383342,1.0140471251792396,0.4346536128295284,0.3357782953109083,-0.16156394436786514,-0.2581718564384889,0.5,1.0,1.0,0.1,1.0
0.8233947077772432,0.8347063928637558,0.47858489331326304,0.7625533989269795,0.936441042777402,0.9587389163089163,0.734181292554055,0.8046178678849107,1.0620872414154034,0.6637960714627642,0.8127281471220331,0.5,1.0,1.0,0.1,1.0
-0.02513136609253812,0.3021253916805483,-0.10408461244125733,-0.1378206019058545,-0.23069181758795465,-0.15217614981649988,0.7641748459943736,0.5954997410722255,0.8838071752805919,0.9654409191110318,0.7939920902697966,0.5,1.0,1.0,0.1,1.0
-0.2862567726406832,-0.43681332369622755,-0.16349397268217325,0.16233167582643088,0.6094848186077277,0.08647739910873253,0.3135437603442768,0.10190198937761538,-0.2816713227353952,-0.22051027541674265,-0.4132770691181324,0.5,1.0,1.0,0.1,1.0
1.0549425367842669,1.4899119568727177,2.1522879585666477,2.0129401706681342,1.5275215803136226,1.1707313115514018,1.321804001527103,1.7689481337012498,1.844512850344758,1.527555378395065,1.276602872590527,0.5,1.0,1.0,0.1,1.0
1.0091471134371626,1.5459385011018822,1.6195282268666453,1.5712094954203024,0.7694457136199416,0.6247944891020192,0.6251291530753526,0.8082937599678492,0.9857267998622824,1.2701535530028734,1.1309620193450343,0.5,1.0,1.0,0.1,1.0
-1.4735920430198504,-0.8249682153561719,-0.8130518137309158,-0.25384526534571245,-0.000773630633885164,0.2633282443751314,-0.0396596145995613,0.4011666321445346,0.07824345604924854,0.03736774591356179,0.003233763322606026,0.5,1.0,1.0,0.1,1.0
0.8129055902865926,0.20640697118513973,-0.16692683527518293,-0.15569277228152578,0.24879243834614195,0.33761402372306754,0.3538964123952029,0.1014614830606762,0.30588687481969723,0.7550204616552698,0.33752793785904944,0.5,1.0,1.0,0.1,1.0
0.5651070404278461,0.54195131414543,0.39800092318577374,0.727296279435445,0.7914851009227138,1.2039299388527427,0.9433136909792419,1.0147128600033566,0.5623161210954191,0.9398970724256677,0.9968005997022692,0.5,1.0,1.0,0.1,1.0
1.3841440501138265,1.291469674810314,1.0219073054906844,0.3427683395797214,-0.09429608677073054,0.8173275063292088,0.5082858579400558,0.860808084628252,0.5271470355075312,0.22292034609213052,0.14916159218091438,0.5,1.0,1.0,0.1,1.0
-0.4255539736934712,0.20819706482133732,0.29686833552347586,0.6747245388551375,0.7446853082946254,0.3983185359011562,0.12614954049470667,0.4514184264037349,-0.08655668929594273,0.18735401796589296,0.1066245889208203,0.5,1.0,1.0,0.1,1.0
-0.5804646085726625,-0.7700041470324313,-0.6973911302801811,-0.4059581623605696,-0.0899140768121037,-0.17302287180895393,0.1807277800333957,0.31598844249134905,-0.236105689099936,-0.6081809037771964,-0.5327022464334639,0.5,1.0,1.0,0.1,1.0
0.30944298181723884,0.7339330118516187,0.6312275335423191,0.7567116916721416,0.4177842817881643,0.7159940856813383,0.5356693379454736,0.48550024673018943,0.5337206346034641,-0.28171029005683323,0.23769776433454037,0.5,1.0,1.0,0.1,1.0
-0.28706573702090826,0.4295124122928654,0.5470104409634274,0.36473128724044845,0.7814892835195173,0.821867043451404,0.8478682501608137,0.5156307041711758,0.19693776159849985,0.2706543500516093,0.3969988866001209,0.5,1.0,1.0,0.1,1.0
1.5483837518104795,1.5367969959691623,2.1212901282027543,2.242999256575876,2.481797538212071,2.1006393341422416,2.316004583446669,2.7336791671110863,2.787686070541885,2.4572123904421668,2.5045589602631866,0.5,1.0,1.0,0.1,1.0
1.192207474623988,1.4245151707799741,1.3497816344220424,0.7196653960145072,0.47462995112154216,0.7756810327782879,0.850412824426815,1.0955325233251156,1.3411294932554991,1.1849588422859734,0.6231721353505492,0.5,1.0,1.0,0.1,1.0
-1.2774751809467475,-0.7333996533245479,-0.6639027973473366,-0.8041110539527452,-0.15922588490738943,-0.4145169834751476,-0.47582046267276895,0.1047500476217294,-0.3308094149963704,-0.7532871222696427,-0.5044520241211761,0.5,1.0,1.0,0.1,1.0
-0.16786598557550766,-0.1860135328121305,0.18520742241721908,0.22573021497573958,0.19267537182006395,0.4117116921445102,0.20779502551503304,0.30484793181000813,0.0868158436640096,0.3513532288816241,0.5297578732655999,0.5,1.0,1.0,0.1,1.0
1.3461371847922312,1.3706255330896058,1.2998169852899666,1.095643082767692,0.9476624774499516,1.1267999888847406,1.3555527860362115,1.3886991118673289,1.5365376334392955,1.0859291066864956,1.1411727107617842,0.5,1.0,1.0,0.1,1.0
0.3639907935154268,0.13934349899735662,0.16148319033043695,0.4174508880982466,0.28469689973995005,0.5361456344001578,-0.043666185487517106,-0.13899694442407898,-0.2595340930436313,0.06197611961231647,0.4014554990098154,0.5,1.0,1.0,0.1,1.0
0.5221056434446126,0.6164791254945583,0.3373487986383764,0.5977828785704742,0.5968048402652018,0.35460122141079,0.05378678881304427,0.05307840425961449,-0.026290282259678027,0.005178462968601132,0.5623652529664591,0.5,1.0,1.0,0.1,1.0
1.6711888095985132,1.6843329932673723,1.4570440725959446,1.9020652745708508,2.4466839473593205,2.006065736751307,1.9113848836324951,1.608411575616565,1.9508383801094573,1.3570876778468925,0.9155032750884387,0.5,1.0,1.0,0.1,1.0
0.06127876005624631,-0.20984527554604027,-0.4808894942921132,-0.09030440539889967,0.24799493214001922,-0.1863939429436845,-0.3449041457272092,-0.3802702310849699,-0.24721773568550684,0.02441476540446952,0.29410206133593986,0.5,1.0,1.0,0.1,1.0
-0.5213833572186568,-0.7448338203601708,-0.5061266141980193,-0.984296517541924,-0.8442124581207198,-1.064580271961264,-0.7086662027845511,-0.6820080275072915,-0.8763750964107193,-0.6019223357545241,-0.7693061707142963,0.5,1.0,1.0,0.1,1.0
-0.02813605047283062,-0.3100796459430658,-0.41992999026030103,-0.28356462896343715,-0.6582620598395926,-0.6809802528540512,-0.3648460891396951,0.36583420370614966,0.44709242850079384,0.7756919310920372,1.1128449126459092,0.5,1.0,1.0,0.1,1.0
1.0868125048192812,1.7846580843650908,1.8281636422415328,1.423548090531983,1.7095763893374025,1.5305440237721954,1.775443079347001,1.492952487463295,1.4115519482658958,0.9380224983492673,0.5842845932173419,0.5,1.0,1.0,0.1,1.0
-0.09343265113516103,-0.2960833126998886,-0.5678368724347413,-0.26139248373233565,-0.07275525911867846,-0.14725727092964538,-0.16319831253256437,0.27607756505564385,0.6937176497331694,0.5144920362499696,0.8645241268684087,0.5,1.0,1.0,0.1,1.0
0.8398077714463184,0.5076003020861081,0.9035365220382422,1.2408120009556907,1.286223241488161,1.3644472997548018,0.915390412203277,1.6436012491522198,1.8922239925910758,2.4713067126977415,2.353296583709036,0.5,1.0,1.0,0.1,1.0
0.906280996343305,1.0133432047230886,0.8593552042272404,0.8569231615456437,0.6991858276425267,0.8484645588814886,0.889879010847436,0.9980181071198397,1.1805774018846091,1.3009944927775023,1.3271407783902534,0.5,1.0,1.0,0.1,1.0
0.45899083399401364,0.6310992713373977,0.6858781608264553,0.28981635546635254,0.519996259295173,0.36471936691104034,0.30847753880305906,0.31750425093037277,0.8811249991074587,1.069138732096159,0.9151717028653779,0.5,1.0,1.0,0.1,1.0
0.4447772125457295,0.059867696170312346,-0.02782750325567636,-0.022919834359564357,0.45129296419334747,0.6118202495971252,-0.09893890368522973,0.25419111277465983,0.7071990759764054,1.3973875012014276,0.6784880740598102,0.5,1.0,1.0,0.1,1.0
-0.5589364939516243,-0.9733374063874247,-0.816077656267682,-0.9128843010765373,-0.8554584606771558,-0.8045644661814024,-0.7478635773557705,-0.8905687763181364,-0.45920957904130977,-0.16173213675503884,0.5542193049105123,0.5,1.0,1.0,0.1,1.0
-0.863950044342782,-0.9845403557731496,-0.9235585494459385,-0.6060073767294298,-0.7995050828861643,-0.4909839503880055,-0.5655313852581079,-0.5744974565690305,-0.7547277614533767,-0.36253713948928673,-0.3850104158406244,0.5,1.0,1.0,0.1,1.0
0.40939148051009217,0.6383532277121755,0.7569132161597136,0.9698035398265858,1.3161173748254997,0.6183780575939772,0.6672611430113103,0.2683025730771278,0.29656667807150106,-0.04511600811163008,0.07532143270839725,0.5,1.0,1.0,0.1,1.0
-0.0857928256946633,0.6722452120425,0.7050536173127893,0.8110018721847494,0.7471788272689208,1.0871064454865769,0.8830370891602706,1.4950656893457874,1.0170631934185779,0.8164844566219653,0.7418279515113605,0.5,1.0,1.0,0.1,1.0
0.5686756878710023,0.3122754805382859,0.039956902290735286,-0.25933496037434456,0.3051294488015618,0.13334665223659184,0.10506521165779073,-0.08807704414785988,-0.3253794837754553,-0.6481842057199403,-0.06552083518187646,0.5,1.0,1.0,0.1,1.0
-0.3967205523695584,0.1267983345214969,0.4107647933682299,0.01933361875829337,0.8658231322379313,0.43294552626492266,0.1055022661555815,-0.3791945575579322,-0.28446577493691716,-0.11376569508430404,0.1927593393181913,0.5,1.0,1.0,0.1,1.0
0.41256291463968164,0.7192368387523504,1.1480689490979725,1.8054983480807558,1.9433486339544364,2.0992822187355307,2.069516131946588,2.068017170401514,2.305007817194018,1.962901064627528,1.9648918542495017,0.5,1.0,1.0,0.1,1.0
0.8401322677928993,0.09960650411716532,0.26362386664494086,0.34711854977324524,0.32378560511631055,0.5905094750863559,0.4472491202349136,0.5302592011953422,0.5750193432815685,0.708270204277439,1.0117898531500407,0.5,1.0,1.0,0.1,1.0
1.1590744837404099,1.0506428674719261,0.9043656685471563,1.0553993303444285,0.8299002436572912,0.3871099899952074,0.3498846959498653,0.5787793763394949,0.6713344524713919,-0.0022283685859471047,-0.09474831553685711,0.5,1.0,1.0,0.1,1.0
-0.6326474039468841,-0.6743887888320228,-0.37976695364560087,0.18495353396921066,-0.11662862136723695,-0.1183756666861084,0.1905005003141878,0.09041253809726221,-0.12401347957813011,0.18611546393761563,0.22801880450183606,0.5,1.0,1.0,0.1,1.0
0.5375365210916494,0.5324720742110003,1.0311165906304907,0.7989687718130227,0.9695828039378167,1.2878745052222853,1.4605177627196473,1.8469081743187845,1.762096722863127,1.4911570813993242,1.1862580072693858,0.5,1.0,1.0,0.1,1.0
0.1016329515515775,-0.5948003091551883,-0.5670633440449958,-0.737131225557341,-0.49725647371996806,-0.803713784995576,-0.7303214820740611,-0.9916304500282566,-0.4908949947778671,-0.8069995661254137,-0.51499922121527,0.5,1.0,1.0,0.1,1.0
-0.08573774927156437,0.12015471325894109,0.8996794849776335,1.0244680383847755,0.6166381190658105,0.928026394989663,1.190856981153472,1.2772264120605787,1.527106051004572,1.1615069380227705,1.0524695236160837,0.5,1.0,1.0,0.1,1.0
0.05556356189566572,0.8365793252653548,0.2829742147377633,0.09814229439470942,-0.06706990234213839,-0.051927926031850084,-0.17507197731876628,-0.2546317652945054,-0.23587660066944266,-0.6882495583175909,-0.6954877927512948,0.5,1.0,1.0,0.1,1.0
0.18047262025703348,0.04155013921441594,0.19090376435230605,0.2306528181434371,0.46597419597309647,0.2546021358867686,0.019073067146815892,0.2634180676337377,-0.1187586219807078,-0.24488222854031677,-0.11985536237769796,0.5,1.0,1.0,0.1,1.0
0.4069754795674209,0.052765106827933006,-0.077215917495948,-0.12911201845914982,-0.24134309090685957,-0.13533373627348047,0.05342886922590197,0.5034123267623842,0.24762794515827835,0.929953136342187,0.891841660590679,0.5,1.0,1.0,0.1,1.0
0.34914202822411167,-0.016375230513585748,0.30690476444393217,0.8537125910607675,0.4362598842522718,0.9600281317852382,1.034619389858702,1.0778865961063353,0.9273050828284722,1.102599778646051,0.95927120523025,0.5,1.0,1.0,0.1,1.0
0.5539067289668949,0.14439192926720734,-0.6489516600309733,-0.8883238867131711,-1.1114024206329274,-0.845790797916632,-0.7263397533993224,-0.6354627849912441,-0.9469377790298434,-1.1600234796616775,-0.8501471155741568,0.5,1.0,1.0,0.1,1.0
0.3721430805073481,0.04978987962037679,0.6245393485386505,0.6514688151786592,0.18441551158463998,0.4731339935139873,0.734896408330308,0.5231391885212608,0.5935183654624892,0.7945329552373366,0.9554881535358242,0.5,1.0,1.0,0.1,1.0
-0.18462990876704743,-0.12044262332665553,0.01988435354046072,0.2691033123162303,0.44668200510931233,0.8176188795019459,1.1680501223434576,0.9711156726683619,0.4477825015659565,0.2262673336063301,0.4579981690684552,0.5,1.0,1.0,0.1,1.0
-0.23919177354008014,-0.7423413961660443,-0.8397630308619851,-0.17230716121866163,0.14352958923279957,0.5248728315996423,0.4965878766417295,0.7872191980800648,1.3414000553399057,1.466607885599924,1.627956054265818,0.5,1.0,1.0,0.1,1.0
-0.1751750045497706,-0.13666592349064743,-0.06348719820265446,0.3909897030149865,0.5172644492985357,1.0973853302345615,1.5018227665746227,1.8638805717041622,1.4512288212796898,1.5585570298460814,1.5796816600290626,0.5,1.0,1.0,0.1,1.0
0.7597222113029705,0.9645561885456856,0.8175558580941937,1.2801298716965415,1.0491939270440156,0.9422255035325916,1.32951637828706,1.7138449118625114,2.142733529011527,1.7332351281717537,0.9410996169122696,0.5,1.0,1.0,0.1,1.0
1.0187843629987683,1.4374316820953175,0.7691449261038086,0.349502301024917,0.33818355029236513,0.4845303004686924,0.4310927019856325,-0.00816524453206735,0.4606222185197967,0.37394169324414994,-0.13653014338489594,0.5,1.0,1.0,0.1,1.0
0.9456287853602862,1.0684080865472816,1.3569768972385983,0.8253516071211029,0.35581227806037924,0.2675338133610702,0.07136910557032866,-0.031555216756656373,-0.012855884547312874,-0.2774095023138512,-0.18050276446887167,0.5,1.0,1.0,0.1,1.0
0.21814447833948844,0.6461728288669939,0.2140791281656289,-0.08742465510489547,0.12909559997088235,0.23542082014835192,-0.30365345116009557,-0.6070235332270135,-0.9624465910425023,-0.9721756373578987,-1.0737010607413573,0.5,1.0,1.0,0.1,1.0
0.23894962853460155,0.3947850114789063,0.17407099830812076,0.34930432024967173,0.14132920221403855,-0.07807321020513536,0.36457807271221376,0.36512161234327084,0.5156415269307095,0.47982291880795874,0.39026731637302114,0.5,1.0,1.0,0.1,1.0
0.010417100352984314,0.310028068191751,0.24537150385110912,0.005081415258644972,0.20851569009846782,0.12118142950244622,0.017289745672497858,-0.46526314311109507,-0.22623338071907048,0.5200124293313473,0.6114692252778372,0.5,1.0,1.0,0.1,1.0
0.7257098603374806,0.46853273247550253,0.7667150884583138,0.6367816754499391,0.7503298943529848,0.8335625487172084,0.5267084953549308,0.9961498675044228,0.8346877800124428,0.6929407083392862,1.3193359543023644,0.5,1.0,1.0,0.1,1.0
0.9163526240506635,0.8288888697885901,1.5719445449036176,1.10216542924281,1.3554974732477665,1.2707382913603986,1.3544313032446196,1.3158343368026626,1.484549787127839,0.8556599079567407,1.0212339848636187,0.5,1.0,1.0,0.1,1.0
0.6085960492399894,0.5616549608673788,0.11214501290018303,-0.03615012991924654,-0.39783559933347507,-0.23938593690169302,-0.04625092719626195,-0.5055784987165072,-0.6927747752933444,-0.35292106456750616,-0.4098072927727,0.5,1.0,1.0,0.1,1.0
0.7375304314596185,0.8080811572685406,-0.2166983228821382,0.5481781289892991,0.7683625028346228,1.3467559140463365,2.062142449148384,1.6700125454087706,1.171310024293427,1.3235075908370955,1.487247913523513,0.5,1.0,1.0,0.1,1.0
-0.38191665471339625,-0.3378358321581571,-0.2366977856512013,-0.4225587449738749,-0.8485405110839608,-0.10805622715468255,0.12547905083430094,0.7260062192205793,0.8796422492862465,1.5633380072944605,1.7705175978018008,0.5,1.0,1.0,0.1,1.0
0.7419830982893334,1.0453425244955503,0.6223375022271249,0.7491734214124651,0.7382628208531467,1.0409496365424085,0.27767546395612985,0.2227578834592461,0.2193370852747623,0.2533740989874954,-0.10536130499483648,0.5,1.0,1.0,0.1,1.0
0.6706164625413851,0.7742150373733141,0.637285177826815,0.39216348481791036,0.16079641085940372,0.11843677039571683,-0.19801388998039007,-0.14372249892767525,-0.301974501019107,-0.39007254978538736,-0.028371057245593356,0.5,1.0,1.0,0.1,1.0
0.5641374813062463,-0.22222763435971382,-0.5086959075602948,-0.20784371068239374,-0.563023082793944,-0.7790148442244559,-0.6555909735357922,-0.43967252603677215,-0.7726296745655294,-0.15774689399940217,0.04013727356614806,0.5,1.0,1.0,0.1,1.0
0.979494852605384,0.56492107269824,0.3755262159351388,0.5783290258570779,0.6081507945225918,1.1293757561932498,1.6070179551292998,1.701419816685925,1.2376657608591817,1.0289272825157256,0.5756078216669465,0.5,1.0,1.0,0.1,1.0
0.7220046858980509,0.41210602771883864,0.300565218776426,0.4586273767994765,0.786787194449613,0.8053206613669451,0.7983273893806615,0.7987633939983214,0.6502928361280168,0.13702513216201467,0.47964480398968734,0.5,1.0,1.0,0.1,1.0
0.5305420520169483,0.4425116640852188,0.09261361673031154,0.3402130181300723,0.08920498108008673,-0.17668552839981516,-0.030691709857341112,-0.26792394180567547,-0.43878757277170377,-0.5115142980354582,-0.21837613501686345,0.5,1.0,1.0,0.1,1.0
1.911791941716169,1.5355042288192084,1.570813311103758,1.5548943108086655,0.8573593002697817,1.6529384783826782,1.6426196864441747,1.3669164036062789,1.2996013143460332,1.1767130575183162,1.5851737805836248,0.5,1.0,1.0,0.1,1.0
-0.2208113241488355,-1.012506103722084,-1.2285147035721171,-1.6099362294068795,-1.4829049061216117,-1.3622302669360566,-1.1759739474049744,-0.4028028366854597,-0.652302928607964,0.008496655169305645,0.041510058064184216,0.5,1.0,1.0,0.1,1.0
1.1394407903349109,1.38915635124475,1.5183888165334698,1.0554060437395507,1.0134733322526517,0.8413567469091433,1.0214135578354517,0.9954620055596715,1.4594635699229412,1.4309000753957837,1.597260845534354,0.5,1.0,1.0,0.1,1.0
-0.8673764814098455,-0.5982853126289995,-0.8106162546766835,-0.0981814140527062,-0.06420751547716519,-0.24501776842094045,0.20547215729735518,0.14860285445434057,-0.15402429531937384,-0.5671663593611117,-0.0972262826624532,0.5,1.0,1.0,0.1,1.0
0.16668512801695096,0.5855993427415974,0.2530829712470055,-0.07561919728112532,-0.1383410701288305,0.07364036479989691,-0.20302602630269675,0.0313350251237178,-0.18558776598093643,0.6032992163866411,0.6118900843404782,0.5,1.0,1.0,0.1,1.0
1.8044818147773836,1.9035873965670116,1.7801941032779007,1.4717543246360412,1.5027260093716093,1.5409577415359028,1.2368896037375907,1.1633561938560264,0.8064854387745146,0.6604704981407015,0.6025731107150512,0.5,1.0,1.0,0.1,1.0
-0.5228005180369457,-0.4073154939127907,0.03837052918037248,-0.011182892111280707,0.14902414160476546,-0.036033976350531155,-0.10974421298129239,-0.38746077004384205,-0.5193279801349479,0.01298409456000138,0.35161871205867407,0.5,1.0,1.0,0.1,1.0
0.48211876577744484,0.164720824313356,0.16016817836923322,0.2511553609013455,0.3389252640093985,0.21356568130298118,-0.2096800172907735,-0.38923548891147974,-0.6236357104187826,-0.06592649385448107,-0.03213837394465499,0.5,1.0,1.0,0.1,1.0
0.3592532735944599,0.1158160379439131,0.21436487864244846,-0.7840893153565553,-0.6194269771784559,-0.3424720430108969,-0.03513020078603149,0.2664622705556955,0.24808330363861358,0.2726577560571795,-0.47383318662423046,0.5,1.0,1.0,0.1,1.0
0.16103319732037336,0.7298733791994891,0.5143757067149429,0.5117661199581021,0.10578100551025005,0.3867011589282029,0.2361954602498437,0.5170828003496739,0.30185722878818555,0.43786286098963945,0.6694410580229939,0.5,1.0,1.0,0.1,1.0
0.48513140653855735,0.2533272141424955,0.9992673333837422,1.1855320827230982,1.6566104319850503,1.520289952127357,1.5833444957808758,1.3927545632010432,1.2685906360948027,0.6997137330932933,0.28338534470239707,0.5,1.0,1.0,0.1,1.0
-0.2650671861140665,-0.22469874380511023,0.29830956790905494,0.40983841995200765,-0.09796490774707417,0.2225785293995072,0.4622037040214868,0.38947666014234616,0.3226149877411968,-0.258050453471759,-0.47390575880337144,0.5,1.0,1.0,0.1,1.0
-0.07156646342776754,-0.023103081578187308,-0.4636370636149445,-0.2705053574398578,0.12466359944551719,-0.17530175007698096,0.32021401973953767,0.3840027697448065,0.9579329477725496,0.04174490657505725,-0.5104173977669768,0.5,1.0,1.0,0.1,1.0
1.3971532171900618,1.4906581084086208,1.1378649733095918,1.3309434802513285,0.9509455590465469,0.6329338168159024,0.8542150743400297,1.101085789381861,0.9855790414189116,0.4361366958030246,1.2480506044407154,0.5,1.0,1.0,0.1,1.0
-1.0062308411601797,-0.6853315392341451,-0.09963770255219762,-0.5578209765835489,-0.9923982400322001,-0.934130174943225,-0.33182114905076715,-0.012855513510438482,0.06542752047962168,-0.030973937481899583,0.712239954148405,0.5,1.0,1.0,0.1,1.0
1.0882536989387377,1.5507951074940267,1.4405486510041916,1.1710438183124932,1.2575621974893287,1.2440011466686727,1.1572685981934896,1.1041617011087104,1.3077918834244944,1.542161314211856,1.4442210096105093,0.5,1.0,1.0,0.1,1.0
1.4487729553220106,0.5896572078119723,0.13745175951857908,-0.2592379383731178,0.023061386543239554,0.47664465788685806,1.1038061933526315,0.9448998151482648,0.9400810941660808,0.8287576408474245,0.672584709830511,0.5,1.0,1.0,0.1,1.0
0.4133905293114368,0.781605998193793,0.8366297959743837,1.1074446970283256,1.4785716090387426,1.5774333776172638,1.733481953455845,1.582979476868502,1.148396834677767,1.5180767469944534,1.0968157917609638,0.5,1.0,1.0,0.1,1.0
1.3614435393194813,1.10703985248046,0.40060651245555123,0.6569544862516696,0.5091748789702732,0.7410402175059466,0.5958391367936242,0.6608970933675276,1.0241601426348215,0.7953958443205337,0.7483742712276218,0.5,1.0,1.0,0.1,1.0
0.6014524671276672,1.3553449353856837,1.725032339592588,1.7090001409354647,1.7692204083763547,1.7139666853433184,1.7414685090402808,1.7565202950248824,1.7120060859464685,1.1400036631615198,0.6099725297786385,0.5,1.0,1.0,0.1,1.0
-0.21276978058844767,-0.17363862544206704,-0.39569224671560665,-0.10725777389352942,-0.07040475941631341,0.3002545754222654,0.6362102867666195,0.43685535605841186,-0.19789043559376862,-0.13793927133970632,-0.10312764291446506,0.5,1.0,1.0,0.1,1.0
1.1961858340182234,0.5510143223061397,0.6567260247375529,0.7202401533168128,0.6359183779266563,0.17730464789249323,-0.14979405050928227,-0.008836274318674675,0.05870166656231755,0.07727135342998617,-0.09002764628451257,0.5,1.0,1.0,0.1,1.0
2.2851537228917227,2.1132073118784076,1.7063000633707892,1.1785557451207684,0.9889973119840039,1.2537506702262464,0.6488188051238212,0.5527196327119357,0.7713767319638867,0.5826236679248546,0.8197969920357038,0.5,1.0,1.0,0.1,1.0
0.10560884556228535,-0.06248610413862102,0.0521161484268814,0.43479028134195374,0.2366128762469481,0.33114815136288706,-0.08176094773455855,0.2845679425544175,0.28948694918992973,0.43792151017973696,0.6388359677476485,0.5,1.0,1.0,0.1,1.0
0.45716887243737847,0.38055262910494986,0.6777200827342087,0.5445734769677628,-0.07895489413565515,0.013760742156955233,-0.13508110095489836,0.17940578321104417,1.1983943364720047,1.0382021542632087,1.1496650652253098,0.5,1.0,1.0,0.1,1.0
-0.08858002090767783,-0.3972536948814144,-0.4588016497755995,-0.4934155193488906,-0.47091701061392655,-0.6933053053597626,-0.3585682943516506,-0.37534541549419415,-0.5016314700761189,-0.5597620619091417,-0.46810841368106854,0.5,1.0,1.0,0.1,1.0
0.1666804684624857,-0.41684668924418944,-0.3032017850670754,-0.21880795042915568,0.009805057329921957,0.16991915403017044,0.829334327649256,1.3348468499381534,0.779590309189393,0.5432639154090894,0.7478324409162704,0.5,1.0,1.0,0.1,1.0
-0.2970030893070754,-0.228717658123943,-0.2003186917188836,-0.1845341885417287,-0.22229974963667437,0.10404737808541148,0.5340047627964306,0.23399203082935927,0.8597358314973014,1.0187965009056228,0.5514176086788353,0.5,1.0,1.0,0.1,1.0
0.197811838269515,0.3421615618135686,0.3449057742013043,0.31746855379596073,-0.2832960232698819,-0.5575752267384027,-0.6817819538994578,-0.6953122669427269,-0.07168116660719004,-0.1203164241923543,-0.1621035795821759,0.5,1.0,1.0,0.1,1.0
1.2962331244562617,1.105199918859776,1.193613720075698,1.2051298034929345,1.193310880012976,1.1794287840240245,0.8240084604444617,0.19851566594646342,0.37486503735692867,0.998297558876069,0.6955441255328961,0.5,1.0,1.0,0.1,1.0
-0.14029904511412078,-0.05765484325543241,0.24673160463937743,0.7124447040861663,1.1659003606089346,1.5206841440916898,1.1341578925139055,0.8491303020370143,1.0351513123508393,0.9513892652351256,0.7760073527515329,0.5,1.0,1.0,0.1,1.0
0.6968676641697948,0.2877898009934045,-0.07169928636670375,0.10365702828156916,-0.37762577290547783,-0.4827895657889287,-0.7104043639615081,-0.9766885851675067,-1.8463916979541233,-1.17537347617984,-0.47849373373675275,0.5,1.0,1.0,0.1,1.0
2.1178441876650744,1.9058840679816804,1.7618211835532804,1.8585323049302853,1.3270365360398122,1.525317401909539,1.8299882256040634,1.8334562989173828,2.216037086405462,2.1662171030809585,2.012799404801559,0.5,1.0,1.0,0.1,1.0
1.2018283216032517,1.1839813148751335,0.3256846826838522,0.4738941884691882,0.7774932779353885,-0.08734843506238021,-0.13733769260914133,-0.32204718026200957,-0.40814924983990775,-0.1023492377868713,-0.21464677059619477,0.5,1.0,1.0,0.1,1.0
0.0011503889501664137,0.40174773904760885,0.1093873981495142,0.45926385559187133,0.6644667143977282,0.5869748322887893,-0.12825648368293663,-0.4918628452856207,0.09149141081015688,0.24119451945893772,-0.00030977446230628924,0.5,1.0,1.0,0.1,1.0
-0.10752807367152642,-0.24285661077294796,0.22607857315534996,0.16070052364399695,0.22051924146923432,0.03713318257696277,0.35548765805581134,-0.6542150135305858,-0.6793801377266093,-1.0323049865417875,-1.519374811886684,0.5,1.0,1.0,0.1,1.0
-1.606432876592309,-1.6951738610067548,-1.5175877614373823,-1.0479399323725502,-1.234100966550534,-0.9147179357701843,-0.7832265794473579,-0.02418575550312796,-0.11218967779525318,-0.19005311766410815,-0.2709428978061667,0.5,1.0,1.0,0.1,1.0
0.12030502215661376,0.011901118009251754,-0.10000758134511531,0.5533609753527069,1.105502713008543,0.898095577546,1.1986500910803457,1.170885661195073,1.327298230157742,0.7708642127251817,0.8212119108760542,0.5,1.0,1.0,0.1,1.0
0.4442061369365943,0.23415961888746603,0.09153322540153738,-0.07981607154298473,-0.04827227853221212,0.521686780658653,0.5598966488755004,0.4077713408000251,0.7585600334755529,1.325433468316003,1.149231265788934,0.5,1.0,1.0,0.1,1.0
0.07184947910425495,0.022631235509665407,-0.333946999452372,-0.26967531246467336,-0.5818422791346305,-0.11164511533445737,0.18310280309485896,-0.04198174681147854,0.42695084956029167,0.7083699158865409,0.7718056977588084,0.5,1.0,1.0,0.1,1.0
-0.04277963610504203,0.4312195434383224,-0.11631602605455305,-0.11610173935703083,-0.3999321707964134,-0.2271458680663782,-0.1694204955058981,0.21853254774811515,0.3651338441435735,0.762476325395036,0.5974107644960298,0.5,1.0,1.0,0.1,1.0
0.7510779577334482,1.3950025897165685,1.2359003920225142,1.186568580852681,1.4445024584606216,1.2051446531800003,1.0686016590824585,1.1794599839784592,0.7398057219064814,0.7315591195554931,0.22131195387340308,0.5,1.0,1.0,0.1,1.0
1.4911671807026456,1.0708465475534752,0.8508019007502975,0.3909114469509363,-0.025985305661267777,-0.12587405514069352,0.15946359358493584,0.486057227246367,1.0903120755891473,0.6683954932599304,1.0474713656487533,0.5,1.0,1.0,0.1,1.0
0.40349309644753406,0.3579807903985319,0.20098840847388574,-0.06949263070345976,0.03249816794449755,0.31976656522840663,0.12908733009229814,-0.05636990080173698,-0.1630074656485064,-0.4135615441625444,-0.24067446856370606,0.5,1.0,1.0,0.1,1.0
1.2382543129415458,0.6297194020642694,0.9349011679919623,1.053687009092226,0.3742160985891433,0.6186019936564671,0.3789086253065343,0.14314679121837093,0.1530058581165727,0.00434526362975271,0.07732054896077502,0.5,1.0,1.0,0.1,1.0
0.19531828620110828,0.34137474572892024,0.8332197220339626,0.4881412731247268,0.11711625520627728,-0.06938754465399738,-0.26848025473407766,0.4761625645619516,0.4091411059898176,0.24516667620306581,0.8352964119346223,0.5,1.0,1.0,0.1,1.0
0.39112959482152554,0.7249250897435617,0.4323976645892819,0.6795142391467324,0.4637297797698282,0.01114677722174423,-0.3109232083780684,-0.27379009575508817,-0.20131437225875573,0.12555244933724086,-0.28691974537631515,0.5,1.0,1.0,0.1,1.0
1.0387635761063458,0.7244491673306479,1.0904615055494593,0.7610708506985844,1.3116636388114529,1.3732978856972902,0.8400155377296922,1.0234358410488982,0.8735529832063509,0.8118772485389143,0.3718112243377848,0.5,1.0,1.0,0.1,1.0
0.32196938468469594,-0.13370230462337074,0.3283658680482593,0.2583517215723563,0.39121021898732916,0.45258529708036455,0.3959747777230266,0.3980917761047794,0.507033761838545,0.4719907391614523,0.6769767311770437,0.5,1.0,1.0,0.1,1.0
1.350507667700348,1.2114883346779988,1.141185197335328,0.5766261825377325,0.7124877799392338,0.7914593770467735,-0.10449853275853793,-0.10880003958336304,-0.11014290436910837,0.5574159106802656,0.4963126330022576,0.5,1.0,1.0,0.1,1.0
0.21618904843831085,0.6763273557530872,0.8059927568590515,0.17890559201686984,-0.3801878880212364,0.0007950809356243038,-0.5294291369636795,-0.3888454343095425,-0.2451357821083309,-0.47735973803285103,-0.028037854873116275,0.5,1.0,1.0,0.1,1.0
-0.16301237843973515,0.2488641362766505,0.1154993725332609,-0.8765137675581425,-0.6835901812221225,-0.37333168261605887,-0.24385674019438652,-0.4364855725198066,-0.6189031479624318,-0.4501966871635297,-0.5108884550465479,0.5,1.0,1.0,0.1,1.0
1.0974844174024398,0.9078787216630553,1.0601613733133097,1.325880840725339,0.9544632147688146,1.2954589915263073,1.1546204328219387,1.374913766270688,0.8919489301533872,0.9599089703084898,0.655179215642674,0.5,1.0,1.0,0.1,1.0
-0.008644703030355833,0.433279156135584,0.2979466601307714,0.67825315425592,0.31962556010113774,0.09835837315559648,0.10884983225551517,0.45708879842036293,0.10074575903338195,0.12852865439859018,0.09782809058238444,0.5,1.0,1.0,0.1,1.0
1.3107316876907422,1.5859507754348423,1.639736075722484,1.1010985700947047,1.2123304854493382,0.7975134290637117,0.7282574169927503,1.1428951421880003,1.0485122241896252,1.083457705014731,1.1070029784482593,0.5,1.0,1.0,0.1,1.0
-0.20723523978598987,-0.17469911208098862,-0.07514497280977482,0.05754336698943757,-0.5235974380687679,-0.2915934023704354,0.25463203460711736,0.18442851061901006,-0.0028567504343729733,-0.21285990242845465,-0.10491958702195053,0.5,1.0,1.0,0.1,1.0
-0.07209467894385808,0.31977424798200266,0.1981037282895678,0.640059433576834,1.0256392118379083,1.0092865678014709,1.2236905243575682,0.8960346719370808,0.9766773267126265,1.0910904904157712,1.3991572950335742,0.5,1.0,1.0,0.1,1.0
-0.6076221618952152,-0.5600640884216195,-0.6614425540618178,-0.1323661437735809,-0.03231094424607232,0.0954166795794145,0.5230276952718604,0.37829142747527317,-0.004735272579786343,0.35103873147359665,0.2638784530603994,0.5,1.0,1.0,0.1,1.0
1.1664164565774133,1.1118026851964267,1.1574175630720998,0.9554416926943086,1.0710608574856202,0.6865187022991668,0.22860555714806852,-0.1858177171928147,-0.5692357074822466,-0.20631443208587852,0.13157107396134823,0.5,1.0,1.0,0.1,1.0
-0.5745411146512461,-0.19147412641089695,0.3743671315050086,0.028877160433609605,0.3056973263993781,0.21609980461041156,0.7057927983295527,0.5328518297187441,0.5771597745733924,0.4142132435481688,0.4815287976702741,0.5,1.0,1.0,0.1,1.0
0.1711080859086468,0.15759747320071044,0.09000957018007695,-0.3522963146071388,-0.32046532914752296,0.05837723770824951,0.636978942345443,0.9504327499704506,0.8134112292454633,0.661120642165786,0.6634999038321713,0.5,1.0,1.0,0.1,1.0
0.18560069088242612,0.6370349964762733,0.8823995212360809,0.826461704521979,0.6123334622374346,1.1964868496501389,0.9010113707660826,1.327087236912843,0.8196624636688407,1.1886986885134947,0.7149694905782019,0.5,1.0,1.0,0.1,1.0
1.5832933811057415,2.0783882143593964,1.7609000673813755,1.3787924470974386,1.134048732763784,1.636992193075863,1.9394571021743698,1.4676006268063504,2.0234969889792653,1.8531244192790974,1.7548587302430387,0.5,1.0,1.0,0.1,1.0
0.3596703445996913,0.5194568311690375,1.1275393615524267,1.2172342719970126,1.6414412847205229,1.4614902111018044,1.4826714914851833,1.2183298003253071,1.432797309756004,1.3580213451909027,1.2381440863063338,0.5,1.0,1.0,0.1,1.0
1.4814170098637056,1.0003473528104272,1.1129658728512688,1.0236873895145526,0.9099486478586223,0.42402255603808814,0.4287832360487934,-0.03598741141777306,0.024205267661611934,0.9916632864043422,0.8784669690191599,0.5,1.0,1.0,0.1,1.0
1.278436506108164,1.2482861153391624,1.1983545254820676,1.0028029889572356,0.8959822261441105,0.8813455420061427,1.343937699017662,1.296188730317893,1.173301454819987,1.1773487665466091,1.4474236503505824,0.5,1.0,1.0,0.1,1.0
-0.2456266457434322,-0.5061371754131672,-0.5397702430793476,-0.8576315283237803,-0.6158990241766892,-0.16193511511061476,0.03590731064640362,-0.037058115078902096,0.9770026479681936,0.6507555478024916,0.9764924570527934,0.5,1.0,1.0,0.1,1.0
0.1746401713689551,0.7193781644123116,0.7715617634751268,1.1452644750497496,0.735939705838387,0.6385750102937674,0.5172023415537108,1.2335620724714202,0.8251430246174618,0.2519878971768802,0.4387851558444409,0.5,1.0,1.0,0.1,1.0
0.7756821707972907,0.8163211568247674,0.7379523020768195,1.5334637643913027,1.8105719549039696,1.9458776123220396,1.7299066390539486,1.7455955181097282,1.8658609440293448,1.7937816409196568,1.5108795435802644,0.5,1.0,1.0,0.1,1.0
-0.33636734060029344,-0.08392570255022927,-0.20795893541405072,0.1569933850092639,-0.4857267879136155,0.3512743609511512,0.770276991601959,1.093581334443753,0.3835862808947955,0.6714930760561594,0.7017860676544903,0.5,1.0,1.0,0.1,1.0
-0.6610350897996102,-0.7213121428648468,-0.7481529063478763,-0.8143674270657666,-0.5357855891173161,-0.5110572496762619,-0.05816621230129987,0.19854519136566232,0.11692868829028742,0.293000732497676,0.04560370341650921,0.5,1.0,1.0,0.1,1.0
0.026238882185415383,-0.46183880511573105,0.019378812383267163,-0.03338474447268777,-0.07122181359552865,0.289377193568804,0.8320965240935678,1.0230430502012018,1.5616452787571808,1.6049214374944925,1.483915441626257,0.5,1.0,1.0,0.1,1.0
-0.3031983720374924,-0.4047492694814723,0.28986582988402726,0.9546088477893322,1.0433761482792328,1.4558000338422439,1.5929355320169758,1.32093471459905,0.9357050054177007,0.8111859772286402,0.644386956840478,0.5,1.0,1.0,0.1,1.0
0.9020493266402805,0.7829239764988177,1.4317726677885396,1.6867533764981548,1.6456704098433805,0.9101726907602363,0.9508327224721655,1.0594542315227453,0.951344764339196,0.8276631713323617,0.8262969274531259,0.5,1.0,1.0,0.1,1.0
0.7945417998619081,0.697850832409889,0.6050820146657909,0.3864417263592451,0.9545583649092652,1.2209889569302486,0.9629886887209814,0.6762370874554029,0.9149642678152344,1.2474373392479667,1.7078921276648837,0.5,1.0,1.0,0.1,1.0
0.2953495375889422,0.4785266191402997,0.3315285544364782,-0.23644198623925938,-0.3143395520124184,-0.8653873083235339,-0.7225249404332661,-0.44550045391370685,-0.1731769707850803,0.14138222618484464,0.4346635412999822,0.5,1.0,1.0,0.1,1.0
0.804542598556364,0.6048639271548218,0.8259936783389717,0.45029127769585026,0.4245473446674775,0.31186175540057004,-0.19916847317590475,-0.09880744566585828,0.04156510872436857,0.02807168683479265,0.7443660798691066,0.5,1.0,1.0,0.1,1.0
0.8707090072280188,0.8558507246782114,0.4780922109170068,0.4184036813428654,0.5432829282928424,0.6453558236735065,0.8357182277373711,0.48124381251323717,0.19421880817083476,0.12740153300543067,0.049615977982641654,0.5,1.0,1.0,0.1,1.0
0.42500375366927745,0.48398867849068744,0.642771894754963,1.1262545078024009,1.1835569474182592,0.6869845841616435,0.6078538002982645,0.7640558978076093,0.7483699162946462,0.8747449896353341,0.5869544567034439,0.5,1.0,1.0,0.1,1.0
0.029279275055686785,0.26065612290030354,0.3996767812652688,0.3754410032741664,0.26310849437454814,0.7760591316306177,0.4016125385681505,0.43129204483767825,0.890733826911664,0.6473796398205935,-0.09953532725032921,0.5,1.0,1.0,0.1,1.0
0.37075295527399016,0.24788072324329188,0.7586631033245692,0.27676424799879307,0.5223965708255243,0.6172500119667624,0.8460737455295577,0.6904874756540342,0.5636522771234114,0.6704258925878589,0.3125961711268393,0.5,1.0,1.0,0.1,1.0
0.20157351170176221,0.39842637271646264,0.4815948936306041,1.0500281859899474,0.8209021110097223,0.7949601711294957,1.170463650691099,1.0377069860580599,0.933895307009603,1.3153381263984019,1.5650401712612798,0.5,1.0,1.0,0.1,1.0
1.1646966708140667,0.4804069263882009,0.11381049043535835,0.03209544264412463,-0.3328502433001239,-0.6915082686854228,-0.31867641721248896,-0.044417208480481696,-0.2280079708637714,-0.5751995255160296,-0.2203495189877349,0.5,1.0,1.0,0.1,1.0
-0.11647066539302632,-0.2059587384786728,-0.1765285435438998,-0.1403047201854174,0.00819391162072651,-0.35520324331493447,-0.6739791756089671,-1.0084991876608398,-0.351769883259722,-0.7926156524195147,-0.8103570826846354,0.5,1.0,1.0,0.1,1.0
-0.7233120047944551,-0.3298846114006448,-0.15924431487684063,0.34203290652346885,0.36003284499049054,0.4682668139927504,0.4850388610714405,0.9775291227900353,1.219015750599548,1.6685146095909946,1.474924205618075,0.5,1.0,1.0,0.1,1.0
2.1607066989577053,2.0062610032812667,1.823595568802595,1.4889099155630903,1.280004426042517,1.3740875642629653,1.337937887002209,1.1683541435505427,0.9365356168965533,0.8011908172393456,0.555745536286188,0.5,1.0,1.0,0.1,1.0
-0.024549342482823092,0.4486852891449202,0.14698762042840224,0.32032585823662785,0.5699330058161881,0.6004540760455441,1.0398551480976925,1.2837247009646744,0.9121919296995744,1.1705142298105236,1.10772317205061,0.5,1.0,1.0,0.1,1.0
0.4128037159645279,0.397059206149288,-0.08933026188638082,0.41861586899455216,0.27253572451496433,0.41748867719574384,0.021639091909026353,-0.030143871718514015,-0.4881747327994288,-0.7473435312354159,-0.5251963895761027,0.5,1.0,1.0,0.1,1.0
-0.6517389359746589,-0.9069919542469977,-0.8626372178028592,-0.43760657142598886,0.0323448685589664,-0.21913116139753797,-0.19980396845400092,0.07004229194375433,0.06619440316982858,-0.37306370285529283,-0.3808702764309889,0.5,1.0,1.0,0.1,1.0
1.0037166109105966,1.184077814753469,1.595242667604299,1.6875455824689953,1.791688189760874,1.9870947755412747,2.237204606408709,1.6413651985847384,1.5233585956210103,2.0411962257225222,1.4667750317230293,0.5,1.0,1.0,0.1,1.0
0.883502739622189,1.0222826657623296,1.4005133744563454,1.7028422507608212,2.072754697331327,2.0107803692133333,1.811699750641305,2.0709849292452174,1.8727899188502946,2.1099952944787734,1.6657224609643362,0.5,1.0,1.0,0.1,1.0
0.7707682089082019,0.7704959411387053,1.4247158308922945,1.2769330354802761,1.428795009787583,1.16717711977396,1.7276934574603016,1.4561212113043358,0.8949104767010763,0.7621973799496541,0.775875138171645,0.5,1.0,1.0,0.1,1.0
-0.17207991109879991,-0.21353577134775087,-0.18869610605594694,0.28984564275840796,0.28676983065339395,0.23244599196367155,0.08193698820995529,0.4213668837920498,0.3855303477294545,0.5740995350520516,1.4070163248481933,0.5,1.0,1.0,0.1,1.0
-0.02413324826596403,-0.558719790628261,0.05798032384755447,-0.43722422689819074,-0.10044320376503255,0.27779372414315584,0.06499817626889062,0.3992245369304217,-0.0017314011107350535,0.33019558241364355,-0.13093598478207674,0.5,1.0,1.0,0.1,1.0
0.2654425620333941,0.5091554428757487,0.5883087625152887,1.1254729543260389,0.8606646019628243,0.6881951802630948,0.28565237433967305,0.5303606340458624,0.9502307745275758,0.9626725231492372,0.6733366748409872,0.5,1.0,1.0,0.1,1.0
1.1663910028448123,0.8044045161712812,1.3368283097476832,1.0463366407505061,0.9817693762858619,0.9804248907082079,1.5050558988386697,0.8901208418539435,0.4995577568546818,0.5408860861180991,0.32520510967224536,0.5,1.0,1.0,0.1,1.0
0.18781980890927366,0.27804357849572986,0.13285417389558174,0.4071282553375005,0.20005629982352585,-0.09798359123070827,-0.24919543154094326,0.1261856934982883,0.0198203377868649,0.08645626563977779,-0.17976509752874417,0.5,1.0,1.0,0.1,1.0
2.0997127163580975,2.371050293577086,2.388613751306929,1.8379904990152593,1.6212592148074367,1.4434632487567463,0.4642501352120988,0.18252338503469956,0.17720297101837107,0.4661691673113766,0.5786524622717402,0.5,1.0,1.0,0.1,1.0
-0.2942179886290961,0.07104509229576889,0.20989917058140822,0.009693705041747436,-0.17716143198177775,0.1313542012131807,0.09036220242797503,-0.7590232637085922,-0.7989876283869126,-0.959010527211035,-0.7577881444568612,0.5,1.0,1.0,0.1,1.0
-0.7512149007529318,-0.7812228140941415,-1.0995465268788411,-1.230732973824993,-0.7188613726866201,-0.3823287053051181,0.12246141623336049,0.021309652134412882,0.4839496831503528,0.7900670355305874,0.266118614406291,0.5,1.0,1.0,0.1,1.0
0.5766307586002544,1.1436039178196984,1.39130222929818,1.1104071564553708,0.7791320315628061,0.505166212704094,0.4574688583146202,0.2521878949478138,0.2802130029702529,0.2548136700191525,0.4840930234606774,0.5,1.0,1.0,0.1,1.0
0.7958554606562013,0.5814197583949948,0.566437561143074,1.0223923469103267,1.2509443562377385,1.4587157174321521,1.7120002467383033,1.4290370171913631,0.9415227904441996,1.2255031707657533,1.3512243954075813,0.5,1.0,1.0,0.1,1.0
0.17966717577235078,0.021867545803748167,-0.46316993421500063,-0.9170245562113848,-0.895244398255938,-0.8070554724959634,-0.569914560771635,-0.6456050357577778,-0.9004130074477439,-0.8648425266642727,-1.4755085537552817,0.5,1.0,1.0,0.1,1.0
-0.20472966189381114,-0.283263452470214,-0.06358453620426602,0.2721075501837683,0.2951024129825201,-0.06298379217822642,-0.04744662254257726,-0.04449266510999533,0.36425538825859743,0.8479342627531306,1.4794667346209134,0.5,1.0,1.0,0.1,1.0
0.390163909144414,0.6821040138667527,-0.10859941198231748,0.4403765327771591,-0.10201029128170058,-0.1720160080567087,-0.25520913235387743,0.1372438755003641,0.2063198465588057,0.3338391900434672,0.36999197146559193,0.5,1.0,1.0,0.1,1.0
0.386988288694509,0.4872271138878797,0.22041932492990635,0.3755861175194957,0.3858582507399645,0.6081162310945427,0.7974444052569414,0.666763303405835,0.47299496270640584,0.5905130199265674,0.6459265962190555,0.5,1.0,1.0,0.1,1.0
1.1408557643798753,1.4615216698548044,1.2229419859138448,1.2287576279330157,1.7774641715763546,1.2750275490277254,1.2450439644652447,1.3099535734816434,0.404406462299605,0.6824342198284159,0.9227107277719928,0.5,1.0,1.0,0.1,1.0
1.3180257167805056,1.0481200880037052,0.8787057286306093,0.8333147673862692,0.7268860334932861,1.084589732630463,1.2561080147210306,2.0451349364780946,1.7024872957996586,0.9493004305016288,0.9507771457491752,0.5,1.0,1.0,0.1,1.0
-0.21080692436718448,-0.19095662083699155,-0.021757247622325906,0.42107267580399116,0.4476745052677503,0.23174990442677562,0.5070241234526942,0.27630770741774624,-0.02433336498583455,0.29706571748797855,0.5228803811678725,0.5,1.0,1.0,0.1,1.0
0.24603652178813615,0.3134525608926731,0.24136867223805786,0.25887358861156234,0.22439734309702536,-0.036965513079164736,0.11252958354373885,0.36747653067253927,-0.02542675263339811,-0.030350009905618695,-0.44646217610791283,0.5,1.0,1.0,0.1,1.0
0.9549214214139913,1.5374433783072166,1.7520969473527788,1.1759769977282266,0.6119905002778345,1.112891206351906,1.5538232233563556,1.2112737051697409,0.9928468980086631,1.2496596618477391,1.4084786720959914,0.5,1.0,1.0,0.1,1.0
0.17286964221687245,-0.3421383553918172,-0.5810566664449659,-0.49202437693537954,-0.9248225672040165,-0.30817575796093766,-0.44624922519949695,-0.5583823565711464,-0.614162997847172,-0.31440645251832866,0.3493790293865156,0.5,1.0,1.0,0.1,1.0
2.0153850485601854,1.6949998745467985,1.930868640844286,1.8286215155143275,1.477839988083138,1.7473297280693039,1.4947555676963986,1.7340562103597141,1.5166101710983386,1.7049565463676961,1.4899646835563394,0.5,1.0,1.0,0.1,1.0
0.11087103328618435,-0.025706400899947718,-0.113119844891172,0.43385274132787854,-0.034005211794587764,-0.26328054672631634,0.05695954507939216,0.019782028263192655,-0.0657892442532239,-0.25516668863965064,0.04377933286340499,0.5,1.0,1.0,0.1,1.0
0.5965089897053513,0.8383699551894039,1.1199135104997322,0.9654140845061282,0.5993061912527275,0.4366023866914682,0.27167488449975175,0.4212761048935253,0.918245081733041,1.4156135172115272,1.759995841179037,0.5,1.0,1.0,0.1,1.0
1.6717046616944153,2.3151170669557715,2.3584742577551765,1.4299865941413616,1.3457826285056158,1.222749978379761,1.4382242276829333,0.8570303953594672,0.48113290290058924,0.29545246438210987,0.5136190204654298,0.5,1.0,1.0,0.1,1.0
0.18344750803257526,0.17261040885759943,0.39650692214892486,0.4023466844442902,0.7790044902476179,0.9279617757634389,1.2001458596587016,0.7431127745862189,0.6696065251270235,0.1813508381695827,0.03034812241348009,0.5,1.0,1.0,0.1,1.0
0.3721450517743551,0.4847724570948746,0.7918399362500415,0.5813364429044828,0.36893454507790563,0.6223952901656482,0.5894672643393885,0.601200047286111,0.5600471226824549,0.7055018964092472,0.5668121138871787,0.5,1.0,1.0,0.1,1.0
1.0281990329971085,1.1705868331790628,1.3624022578940258,0.7921867379645003,1.2605223114259867,0.937364941481103,1.3041130593312644,1.367033582787703,1.3680286364896206,1.153827336009011,0.6470072665505204,0.5,1.0,1.0,0.1,1.0
0.5240856179714283,-0.026005446787179753,0.06604677443665902,-0.09828417504297274,-0.017779309451453222,-0.29143055347307567,-0.8470027120230659,-1.2425860600162228,-0.35543765546411976,-0.8668432334946321,-0.40039818598466453,0.5,1.0,1.0,0.1,1.0
1.4140189375851666,2.0539964008289457,2.1992728369982366,1.9343894857665929,2.012630058623948,2.398693787365816,2.8228160112728347,2.0202591702257475,1.894989658543149,1.6837021661866896,1.388894355208635,0.5,1.0,1.0,0.1,1.0
-1.1762609901194894,-1.245942345780194,-1.5995746720911803,-1.6175498258350527,-1.5710519980386592,-1.5482586672086336,-1.4933974442603517,-1.5044254054936341,-1.4728296890438421,-1.2355549515863933,-1.1721630306572954,0.5,1.0,1.0,0.1,1.0
0.49284566928911405,0.4401916758518928,0.3839797191394412,0.5225084774614099,0.42488487783810064,0.19632116379819756,0.16632327357382565,0.07009677918509852,0.12659155064308283,0.18610097677092013,0.020303399753891727,0.5,1.0,1.0,0.1,1.0
0.7501801624717038,0.7876905698355976,0.41207756812293705,0.22285519113841232,-0.09105224057237726,-0.03133973567639709,-0.272459194522475,-0.18739654069506598,0.18817390027165587,0.05430722368788804,0.06945040640925658,0.5,1.0,1.0,0.1,1.0
0.13229141531963204,0.03111398494181225,0.46142406357638516,0.594795402575096,0.38115767623304897,0.2856624317487677,0.693828122011427,0.8777662758301887,1.2470977189897718,0.7798181125901059,1.0003019032371676,0.5,1.0,1.0,0.1,1.0
0.33229009753378236,0.7086118375039347,0.8647723264430529,1.040685279779671,0.956801878636516,1.0218259137046575,0.4220542810961384,0.7284167082996904,1.3582130488119972,1.1014508455111514,1.2935006541194216,0.5,1.0,1.0,0.1,1.0
0.2573027541201124,0.30756757939604673,-0.1317730382788767,-0.4128172895939294,0.1460435423614343,-0.41892354710201113,-0.33530277747546816,-0.8993595492983422,-0.27412630440914737,0.040939654992801916,-0.13178866216497304,0.5,1.0,1.0,0.1,1.0
-0.2049808436180195,-0.18959932718344877,-0.4284477878106222,-0.09364373918958949,0.4486118856718511,0.40952449110761996,-0.06997946014776385,-0.4988650117071449,-0.6407367200168126,-0.13780221065459097,-0.12436217974828181,0.5,1.0,1.0,0.1,1.0
-0.45512174267631955,-0.8420423912655133,-0.6342242793937105,-0.5060805426443916,-0.46099663354393117,0.18261704452441507,-0.2410050405434578,-0.1638459288858688,0.16316969670057124,-0.14233839171302612,-0.06691817540407081,0.5,1.0,1.0,0.1,1.0
-0.7597004197344779,-0.9705710814356754,-0.7501692911697816,-0.4505099582263534,-0.347782693655317,0.21182469648444763,-0.1775949365005299,-0.40965389600693436,-0.6982699071537184,-0.5395894204207768,-0.6519693105960531,0.5,1.0,1.0,0.1,1.0
0.8846310498535911,1.553721524527663,1.6952531786986609,1.3850312691409736,1.1556892003177233,1.1532288615495545,1.2202335043851193,1.365164164900285,1.167680801021974,1.448729115417886,1.2093251245334293,0.5,1.0,1.0,0.1,1.0
0.11407329551454845,-0.24392559933777624,0.0336512624886659,0.2852416600668437,-0.20461563725931065,-0.10339017778588094,-0.21776577319295667,-0.16737372640394005,0.3580542838569849,-0.07808469836467502,-0.10301186639463356,0.5,1.0,1.0,0.1,1.0
0.342753876441218,0.6543951732310828,0.6914397742514362,1.0469745122660077,0.9694519205656985,0.5367214094282764,-0.22734244982986362,-0.5204686934991276,0.04481093370675526,0.09001956455121997,0.25493823265485216,0.5,1.0,1.0,0.1,1.0
-0.08266951790200322,0.21698842589774797,-0.17940190926778976,-0.023217368289401366,0.05777231534099546,-0.18968418598738357,0.10533530368720188,0.42968446829987716,0.027515763693907458,0.4174300381863676,0.11720749656853857,0.5,1.0,1.0,0.1,1.0
-0.09647981114215334,0.07606750522979742,0.07047243666967068,-0.252740790975044,-0.15115133060134175,-0.6098025117780281,-0.5223500086176633,-0.3227554017140873,0.2312431365155532,0.0009588675271474112,-0.09870549986603651,0.5,1.0,1.0,0.1,1.0
-0.4561683222252155,-0.26365035879548515,-0.30987368978787416,-0.268117002089349,-0.33631750978621755,-0.5107181071146542,-0.21261724997122897,-0.3651411375865868,-0.12466153145799741,-0.5765052148338897,-0.05901667711381264,0.5,1.0,1.0,0.1,1.0
-0.2909256431585342,0.07428498732916106,0.081874154214029,-8.554672789976014e-5,0.5687178545231864,0.5084347577795036,0.8674812265635508,1.3004942043362855,0.9392204429910601,0.7101710004978681,0.5516689348519878,0.5,1.0,1.0,0.1,1.0
0.34040848056471285,0.6347501765715244,1.0598130620569635,0.5609917456305766,0.8788789726031432,0.9517222550481648,1.920830377294616,1.7005801625526509,1.5537951460921124,0.9035350573915978,1.2351334447320914,0.5,1.0,1.0,0.1,1.0
-0.6070578935642647,-0.9870527395721469,-0.8109251472692419,-1.2902351506620362,-1.0393291633959962,-0.8860048366317188,-1.1209710186346957,-0.7334068679124373,-0.7231335533730698,-0.9433700923715461,-0.6529250539094864,0.5,1.0,1.0,0.1,1.0
0.30142329153361686,0.4797517462434981,0.22184948087420536,0.6315639411884167,0.5504298042519569,0.6707066132039232,0.17826872521605114,0.07346746624590555,0.4474795987282466,0.913736900206878,0.7554464726177825,0.5,1.0,1.0,0.1,1.0
-0.1352386214531175,-0.38452611818217547,-0.4907015543199625,0.22929402731991005,0.34526455150418944,0.03336836184905839,-0.14190593748130395,0.007366536468102147,0.02733422437202898,0.4827289760885302,0.17176508927270445,0.5,1.0,1.0,0.1,1.0
1.4684345568741939,1.1043105357839487,1.2825055231616385,0.5690809986675321,0.9330639575095081,1.0928805636180166,1.1662079480632337,0.7507903915292955,0.7063675531894092,1.119416498971927,1.1209513470950905,0.5,1.0,1.0,0.1,1.0
0.47610071157774314,1.0332618678196417,0.8617659125553143,0.7556480198634407,0.9118997510490499,1.145587711470064,1.5144614052865344,2.052083993163981,1.3468345600055838,1.5397536464477066,1.438149187677238,0.5,1.0,1.0,0.1,1.0
0.5782454552419257,0.9761899802435368,1.1300690793023311,1.068943414716946,0.7840293082714285,1.0218071715343622,1.1586140537684542,1.0103546921383029,0.9436122316603225,0.7460378361331714,0.7626563029821518,0.5,1.0,1.0,0.1,1.0
-0.06932173846957917,-0.008356263153716514,1.0173260232091699,0.9378155896184618,0.8045842935486138,0.6236289266481814,0.45216895860419803,0.2718600170416151,0.4306624554813158,0.7232417251602976,0.48776112028020957,0.5,1.0,1.0,0.1,1.0
-0.4337622697856997,-0.1122181807754119,0.23667767933108003,0.23839382446693375,-0.02154993862368615,-0.02632055917425568,0.48394645489070093,0.7351444239275514,0.3286524087413597,0.5137927213889759,-0.07889237205503918,0.5,1.0,1.0,0.1,1.0
-0.7677012788126203,-0.585141801338938,-0.15068017031767128,-0.28143899746353,0.010313347816144597,0.08469556147286846,0.11272242541618077,0.1332013075043607,0.46805696807526653,0.3373854624115452,0.4610596824562768,0.5,1.0,1.0,0.1,1.0
-0.01614764493213338,0.4165887732652209,0.24735192387235558,0.0640661590163756,0.37645281876502845,0.22918596216702494,0.02369495671301322,0.2752947803083878,0.035858353470015814,-0.03183944992744252,0.23903652915285456,0.5,1.0,1.0,0.1,1.0
0.08132211354120422,0.25099369880748756,-0.010823113117142236,0.13108956621896006,0.5205986236088733,0.8343211829955453,1.5696501610490579,1.1857173456093664,0.40405843251379425,0.3618210019646424,0.2374688524120668,0.5,1.0,1.0,0.1,1.0
-0.07776440185268314,-0.09817443869378656,0.02741096733774595,0.31650274808824347,0.4500328297587361,0.3548821961032941,0.608339746873871,0.20536973104684997,0.25330328702208543,0.2725788231953488,0.1851370105137943,0.5,1.0,1.0,0.1,1.0
1.2020285155163575,1.6290354067540946,1.5274966964252352,1.5121529899160162,1.4670913614553573,1.2742244490637185,0.8101608780610501,0.8646870854843937,1.2104789413292456,0.9023715878885276,1.219875522847091,0.5,1.0,1.0,0.1,1.0
0.1076118159481556,-0.028526287009253887,0.16546544911362515,0.30320117003568714,0.10044100791414484,0.1619034551699215,0.4953332186840861,0.3678383913467963,1.2218486632573382,0.9937640178663962,0.9827853346588555,0.5,1.0,1.0,0.1,1.0
0.3667724856786071,0.4803730975099683,0.30553456567388915,-0.11529490527880021,0.19519712962511981,0.21132428376574833,0.26434237869410493,-0.4249684416989989,0.10677946349193101,0.8475018271117893,0.9146516765902839,0.5,1.0,1.0,0.1,1.0
-0.2418372458854358,0.4915742975238388,0.27151712987123466,0.6819525206033548,0.3868575730534324,0.9292801605944241,0.46513497405404686,0.7821816645175241,0.6558025999875433,0.4766041485138626,0.27111520100668396,0.5,1.0,1.0,0.1,1.0
0.17959146832785433,0.45034508178092814,0.6165339851536374,0.5100148863952845,1.1513734146577481,1.1113571657348398,0.833875879311934,1.129125964736635,1.0834669513732598,0.9202668210260653,1.0040603408523336,0.5,1.0,1.0,0.1,1.0
0.024013498379265294,0.27895792912949746,0.9242176205424357,0.5997537533606198,0.2513656554922714,0.5571176373304405,0.7271987769519284,0.9434892149540512,1.1565653992667881,1.404091200565687,1.069343789243164,0.5,1.0,1.0,0.1,1.0
0.8025973013044,0.09596761466570625,0.25461076843442904,0.23004884368264175,0.8325576486384232,1.0195643686708462,1.032948495756907,1.0651271272926681,0.9747761031200863,1.1978655827315492,1.2109065229629918,0.5,1.0,1.0,0.1,1.0
0.4010779676445389,-0.02021483529018775,-0.20875397073333013,0.4124504852849573,0.219437494670349,0.6479218747284473,0.3557465059168656,0.7235807961985645,0.94400351866611,1.0829549715891362,1.1098880248785017,0.5,1.0,1.0,0.1,1.0
0.12629152511735162,-0.1005369136513265,0.17453784683747536,0.15395783365851803,-0.22525523121574995,-0.8186104575345191,0.1283141745308889,-0.09970087920225076,0.07414973735186453,0.4354708227288079,1.0276149753242798,0.5,1.0,1.0,0.1,1.0
1.2854479627482904,1.4220459621979162,1.1011480866095484,0.9558983288888268,1.1649997682448048,0.8382776409547987,0.7486189087810923,0.45782762611733563,0.2675207322549319,0.24149843572557553,0.21571247278304606,0.5,1.0,1.0,0.1,1.0
-0.025505517967647023,-0.22438574129000652,-0.2297625984936139,0.3983013615173022,0.1776661742227255,0.18888642023338692,-0.11437872485389328,0.01057550949446575,0.28483825086370673,0.4473688272044781,0.817658630538655,0.5,1.0,1.0,0.1,1.0
1.2828537750231759,1.382023426302501,1.6982383629610616,1.1800839638416967,1.3435008897251772,1.8957621908378015,1.7920525845559983,1.2629184296359894,0.8618534518150553,0.5070225139686955,0.5383249331323626,0.5,1.0,1.0,0.1,1.0
1.153855311152494,1.2170886086068422,1.0961540349885754,1.0555567432100903,0.9367888556727985,0.9336816317846536,0.751309914331789,0.5053003016390076,0.5879999365162114,1.3423937069829206,0.9798337209470092,0.5,1.0,1.0,0.1,1.0
0.7893019861665641,1.1035400489063556,0.9023553684829348,0.7718443491727496,0.6259799033935458,0.4347708672575579,0.3268498577052569,-0.11996444002059165,0.03960427434237017,0.1747562472531684,0.33570905521587224,0.5,1.0,1.0,0.1,1.0
1.3414517384194788,1.220582780521521,0.8994376870541341,0.881893706696913,0.8969707810774462,0.7625561467880858,0.7931985212178586,0.5700630475453785,0.9095732971800546,1.273780667571208,1.3285061278297348,0.5,1.0,1.0,0.1,1.0
1.4292702693079498,1.616580488945452,1.6240225153564372,1.3155911789831454,1.3752278874609691,1.092104836691598,1.024341994841263,0.8766268703270985,1.1762039351964018,1.501963739325779,1.5016661755194833,0.5,1.0,1.0,0.1,1.0
1.4524132766337172,1.6270064583134474,1.9528891006561993,1.8753461232107327,2.115060139364823,2.229735414444133,2.3256943900143203,2.148155271175063,2.071210106097916,1.4555600462164706,1.4018706500740776,0.5,1.0,1.0,0.1,1.0
-0.43317241436139853,-0.14087710743086485,0.09361440082707419,0.20687594486345062,-0.41942522491445994,-0.4453088830745333,0.09145625393211165,-0.05139845965032744,-0.4388722009840659,0.004832490562756031,0.40590886982171903,0.5,1.0,1.0,0.1,1.0
0.05004740177828345,0.17810534091294808,0.10340928212465501,0.20787030855908328,0.13918049025870555,1.1174114961585073,0.6180679293699753,0.5426318803034189,0.8614487785785194,1.3514278102335417,0.9273164303204999,0.5,1.0,1.0,0.1,1.0
0.7629975716182203,0.7945978255878204,0.555161004639964,0.1728836300642077,0.32514915141511297,0.020790053226817318,0.4516119039435199,0.3255802676200388,0.4787179776525689,0.4040706164756286,0.7147781906944598,0.5,1.0,1.0,0.1,1.0
0.3097704726755253,0.35002919535452864,-0.0413319792838161,0.19581752376825015,-0.0018795170427743924,-0.12134469542228192,0.5480127635760864,0.944777535557888,0.6329596455517288,0.4034217274055202,0.15655453070811454,0.5,1.0,1.0,0.1,1.0
-1.0529592370748422,-0.8550230834326007,-0.8780943232069117,-0.9096780193206986,-0.752167081891288,-0.6189169793339405,-1.013353293237095,-1.460152914681506,-1.7199555080592863,-1.7149469004233466,-1.448685538022314,0.5,1.0,1.0,0.1,1.0
0.4799901452268751,0.5507470930147982,0.5737353218112937,0.8523191722497986,0.6198280941025756,0.07179408144721411,0.1555253341873484,0.6340671582764592,0.49464181282445274,0.05219159382965016,-0.3136985010760539,0.5,1.0,1.0,0.1,1.0
1.0097826916288704,1.097089216237837,0.889259256225704,0.6061128639589273,0.22301080671527979,0.5481085959001568,0.2494253324379928,0.058366597817473276,0.13978466972337508,0.39589718288058273,0.29641180542472667,0.5,1.0,1.0,0.1,1.0
0.6320611291492224,0.6796626921589002,0.5875904253352813,0.46826384881549576,0.041611447789836054,-0.051111370390176644,-0.0555894998758894,-0.25552416524883637,-0.421503521707158,-0.4323757879554455,-0.1437294237546299,0.5,1.0,1.0,0.1,1.0
0.9065613770271841,1.5417493996189888,1.1988115916182343,1.4608816700511162,0.8257926939111715,1.1047515417339333,1.306199564597677,0.9675581099619126,0.7348112919926049,0.7673977145545313,0.6415246686584614,0.5,1.0,1.0,0.1,1.0
0.03981367947746265,0.0661733847528763,0.09596661957368317,0.3286044518148648,0.40357014180054485,0.045409052003968664,0.39276175492815185,-0.08677810817457504,0.4799450977350136,0.5011754381029316,0.28223112117159915,0.5,1.0,1.0,0.1,1.0
0.0046006396628745505,0.0829496024626816,0.15873256027810434,-0.20269839996172484,0.09245407220274765,0.23809898410511005,0.07895426227168567,0.35028691764993136,0.6376722602941467,0.8797484726830604,1.215741299711704,0.5,1.0,1.0,0.1,1.0
1.0104799292662643,0.5545706064040274,0.687354401111831,0.7123168932719504,0.60246540797735,0.24401732953967686,0.2095245072856844,0.33796825707580436,-0.0582831186425139,0.2421557851836578,0.2615670952250892,0.5,1.0,1.0,0.1,1.0
1.6483309275568716,2.0011795579247003,1.5467566281545553,1.3160613273356445,1.3176169405619653,0.7483870544307931,0.4519591417983574,0.4832904154162095,1.0744095386939756,0.6216811910914204,0.8584598856864697,0.5,1.0,1.0,0.1,1.0
0.7253098570050728,0.38461440821224746,-0.15634586613504436,0.14086903601581913,0.5307025600398649,0.5470173439306503,0.38446015149665136,0.3088516052731031,0.23352486195870245,-0.10707676829947071,-0.0355729089036161,0.5,1.0,1.0,0.1,1.0
1.8142723655196313,1.9722396643878681,1.9596607142817892,2.3120441919141577,2.2920013601759317,2.0628014427394237,2.035608649875851,1.755953393157165,2.0349781928106463,1.3769926172688758,1.2262859561887058,0.5,1.0,1.0,0.1,1.0
-0.14871134118033152,-0.3686210592486565,0.06172199157982883,0.4696705487085665,0.10271871727761006,-0.12674424028652487,-0.03779547424406213,-0.4155174827226471,-0.4058385025325233,-0.4478809495216176,-0.7739621374768189,0.5,1.0,1.0,0.1,1.0
0.23976893527946405,0.6116736777278006,0.7391910712559269,0.13280975520414173,0.2991246837817587,0.3325995397295887,0.3638011808800637,0.2270156838939134,-0.21919359914971343,-0.21480107720491293,-0.37803547195351483,0.5,1.0,1.0,0.1,1.0
1.7056813906595376,1.424295985737457,1.314283341816244,0.8299844994161247,0.9309365913865582,1.1532929796262676,0.6449691042842369,0.5056105135599112,0.7388808692476116,0.6376141359935645,1.0309151963067567,0.5,1.0,1.0,0.1,1.0
1.042508151604286,1.1597833268743332,1.2358600076399961,1.1212601918817118,1.2527019125151337,1.106590350021579,0.9005792666542151,0.9241444266868835,0.980843271918795,1.0762017606959673,0.82294544596515,0.5,1.0,1.0,0.1,1.0
1.1473719286158155,0.7866501090028966,0.7198636273816499,0.3884447852634777,0.697983877249964,0.36298357455466596,0.03978076876774728,0.30280654241762206,0.3779429729235033,-0.01598549480244499,-0.30797100066843686,0.5,1.0,1.0,0.1,1.0
0.0529403388715422,0.3802599067589813,0.6428691221973096,0.9357996341128216,0.8094218449255356,0.46988115814793396,0.9008280014209109,0.9544333479365278,1.0569244421761956,0.5651035535614752,0.5849028748050529,0.5,1.0,1.0,0.1,1.0
1.9547771310959428,1.9730766217909386,1.7809930380048062,1.3492007713029186,1.2788145892058826,1.0227949488854597,0.9599761306017223,1.1171907566694927,1.1412976970453435,0.8052085005248375,0.9186749754332105,0.5,1.0,1.0,0.1,1.0
-0.8717201884660672,-1.0018059635527772,-0.6885394706372827,-0.7176048403222957,-0.21415286873370304,0.08679640107485792,0.19704428370801985,0.2246699949109359,0.604260710826972,0.11635583791305493,-0.10208136139116597,0.5,1.0,1.0,0.1,1.0
1.4144094868756232,1.2248295774227524,1.1354184085140155,1.1032661159411588,0.97313662918138,1.3587948908908098,1.2957384638361835,1.3262625120650335,1.375983213352852,0.9889800989811262,0.7208434000362686,0.5,1.0,1.0,0.1,1.0
0.2752192488201615,0.46464147498386854,0.16708597274489578,0.8116209605217584,0.5425293186819737,0.5880116364699831,0.5534554913172739,0.17890210566685327,0.5991732180146592,1.0841776697483043,1.3689633912583443,0.5,1.0,1.0,0.1,1.0
1.4432913286422722,1.2293192771501746,1.0480091603032267,1.2283409463197588,0.37633532300743033,0.3909750069912731,-0.002140547643846469,-0.1438855027290156,-0.6750139098521984,-0.6406239821543922,-0.5043439193041755,0.5,1.0,1.0,0.1,1.0
1.135305795754781,1.4906083988648011,1.2599311556058095,1.3697923452334757,1.4394550227061351,1.2638111986444773,1.4903560495526302,1.5308517994917161,1.720980021165517,1.2721497342860217,1.0556045052208651,0.5,1.0,1.0,0.1,1.0
-0.06055844533725592,0.054276371621576815,-0.21838790655072046,-1.1045954523496144,-1.3610476296467282,-1.491675815962505,-1.5033204725410227,-1.0321420792302771,-0.7869677456117413,-0.7853361666160676,-0.8784148373037527,0.5,1.0,1.0,0.1,1.0
0.748092764823257,0.8399214136206483,0.6292943555348893,0.524135603302397,0.6046298673159181,0.8918843180101801,1.5266577238704397,1.3516838641715345,1.1966474188176224,1.0063894810278369,0.9622716101747879,0.5,1.0,1.0,0.1,1.0
0.29120308907601367,0.13786045806935127,0.17845166700563914,-0.10114904396670332,0.06434601596783844,0.4476498225455398,0.23950800404452272,-0.04283367409617095,0.03898066064676517,0.20012187834485665,0.4645339537405354,0.5,1.0,1.0,0.1,1.0
0.9773877414205753,1.0677634239293876,0.879566783219838,1.458871139342195,2.345887227450005,1.6327233437739679,1.538285611196242,1.7903293007880368,1.554478265680509,1.5906047983668656,2.028268019435771,0.5,1.0,1.0,0.1,1.0
1.333461646775347,1.6911945458233153,1.120228069585739,1.2185110689420338,1.5340629366557152,1.3056675216509719,1.193164052663081,0.8235063694839044,0.9951961456501438,1.0252374733875627,1.1741376356205064,0.5,1.0,1.0,0.1,1.0
0.36534281406952573,0.3930679811817959,0.23734111412725273,0.47083090908573966,0.49751048102708656,0.4396785809967126,0.8956897475679058,1.0455568340651178,0.7879452973701992,0.8188113974859015,0.42179392265609655,0.5,1.0,1.0,0.1,1.0
0.94495372048243,0.3367994584362194,0.266977241042442,0.46905456247473787,1.0100694106289423,1.1421264338222965,1.003632916130066,0.5307570982194456,0.278375894458605,0.5902081750262769,0.13255876935954147,0.5,1.0,1.0,0.1,1.0
0.023921493125584156,-0.10084927462336828,-0.09672801003760675,-0.12576688957404614,0.12295260003787706,0.2878798053922481,0.05150342173316541,0.33406533438897673,0.4634535472760466,0.6817049763525413,0.2596279825385559,0.5,1.0,1.0,0.1,1.0
1.7838055536956574,1.429548365669634,1.3253283248775054,1.2451054253291018,1.60393202023013,1.3087360690667613,1.2191762428796313,1.3569237847595947,1.1574891192446293,0.8218114860569787,0.6672500207725728,0.5,1.0,1.0,0.1,1.0
1.2734402688642097,1.4290035535043963,1.3717022612576228,1.1097674463449716,1.0836831137084972,1.3419666691090328,0.9896401742083565,1.6714423789343444,1.2828612331813223,1.662708076423124,1.495195635509325,0.5,1.0,1.0,0.1,1.0
0.10598234981794766,-0.005765510480536334,0.15553084078773458,0.6267174433287255,0.10765773296147496,0.40831158111780225,0.468156982880756,0.7615919655670621,0.8316671780455047,0.6784249080009638,0.6529268352920563,0.5,1.0,1.0,0.1,1.0
1.9538877966566757,1.4307340399802193,1.1780667798435913,1.4623380885088555,1.1936750009710657,0.9305142185183786,0.1825933373368448,0.39811680470669086,0.6085270556840484,0.6190056063439888,0.5118779144703481,0.5,1.0,1.0,0.1,1.0
-0.6778263318780903,-0.6780317890601024,-0.6386720098436023,-0.6699841229412595,-0.17008766836411926,0.7166677354098591,1.0528206941856182,1.0880136945214487,1.0063831283984528,1.2076882302260223,0.5739412968823391,0.5,1.0,1.0,0.1,1.0
0.34005828332375854,0.3204417903397896,0.12053304226072517,0.1583183291434143,0.7051545511504343,0.7047537433871446,0.11444260038827236,-0.3247603430032694,-0.4168345718938193,-0.35801069185689605,0.07763996391118166,0.5,1.0,1.0,0.1,1.0
1.2144849355677096,0.5020666459104901,0.2886458344038505,0.4983084674239262,0.07298290692245613,0.5789442661950934,0.17066700927630996,0.31913823598014696,0.34314002151196976,0.6130096796098339,0.7036872101898634,0.5,1.0,1.0,0.1,1.0
-0.7044738180110818,-0.44789432872227275,-0.508683512548706,-1.351123437632539,-0.960500841049294,-0.4730042134385959,-0.4488810191405644,-0.5876076110115342,-0.8461287409748895,-0.680051511546035,-0.40471695476005287,0.5,1.0,1.0,0.1,1.0
-0.3638728141728915,0.036731726951101384,0.0420935728772535,0.0180731644854652,-0.07621078964936207,0.06028864570899868,-0.08476365069815404,-0.12687553101871255,0.21397507981538394,0.6585583930251546,0.7500625912955843,0.5,1.0,1.0,0.1,1.0
1.4059480217587113,1.0005396265336508,0.8136538517444807,0.8818151530748719,0.573232955683221,0.850493615756385,0.4973062856327466,-0.12891643585187795,-0.48225941054943733,-0.49666740488992417,-0.658538309709056,0.5,1.0,1.0,0.1,1.0
1.151980341683821,0.47514092763457194,1.0128870859182362,1.090996316347702,1.4874366246738293,1.2055329187773904,1.196206244151951,1.376667013405419,1.0561155727349885,1.2401070977762487,1.552371583329236,0.5,1.0,1.0,0.1,1.0
-0.8096598536747606,-1.1057067855255016,-0.6166479232088548,-0.051332439964314025,0.5989884878560248,0.3495068274810191,0.3435846262225788,0.9479125335261589,0.6992586049821645,0.6223596876569283,0.841663715581608,0.5,1.0,1.0,0.1,1.0
-0.17481275589474635,-0.11213982066055779,-0.3278876070470177,-0.4024432446426881,0.0013565041621452223,0.23326412633484966,0.5271113043196716,0.22459816487116913,0.07225608531567543,0.16716827113045535,0.2402752752552111,0.5,1.0,1.0,0.1,1.0
0.5694344328391807,0.8771641266335037,0.9593998187440999,0.99277124732083,0.6776725280141609,0.5771791644227964,0.3582419849584807,0.4929921746638687,0.3739608127575723,0.3023489086678472,0.3999811964990809,0.5,1.0,1.0,0.1,1.0
0.4916078511064195,0.6934259587803813,0.5847555741086612,0.4023029950902694,0.18955584556296495,0.6935582769446682,1.390800839957305,1.567774827164143,1.3913095553749155,1.1934607992362571,1.04777307975011,0.5,1.0,1.0,0.1,1.0
-1.1508213778472347,-1.113466196055032,-1.3251558422270957,-1.5051781385834633,-1.6881736361601294,-1.3881387065025177,-1.0936770231405943,-1.1943210775565365,-0.658042425694709,-0.7882048526090687,-0.5794340167305648,0.5,1.0,1.0,0.1,1.0
0.1400201313491463,0.11329669302454806,-0.643664795857587,-0.5106432801401407,-0.9345998890838209,-0.4438529849456526,-0.640396412712852,-0.7216876916046346,-0.6361332372989584,-0.4176562657516198,-0.11784745586291132,0.5,1.0,1.0,0.1,1.0
0.7083844423642094,0.5975456049663819,0.6995561114557718,0.6429948026939951,0.762663803757778,0.7887142347426959,0.6549246607847025,0.05552476159131181,1.12876791054534,1.1551160287541757,1.5705044208955863,0.5,1.0,1.0,0.1,1.0
0.13874015401782178,-0.01663279584472535,-0.18363000274248206,0.4910814003196461,0.5786750427929912,0.7015352989179163,0.5185892408075412,-0.17676463218977423,0.09285594120766268,0.35143905045354573,0.7467063109591919,0.5,1.0,1.0,0.1,1.0
0.13384028787625676,-0.09385950169522023,0.24084696929172228,-0.15023033607471925,0.11032145211660495,-0.08078893511516094,-0.23538813913398174,-0.058847532715691514,-0.15298257622071612,-0.09109179575063765,0.023523869176783306,0.5,1.0,1.0,0.1,1.0
0.20779914388605802,0.12385631356869364,0.1774070558530615,0.012622502113983719,0.8239240974325445,0.9901233639358497,1.271486357180361,1.7244315346618269,1.560346834936035,1.7790720573096555,1.2585289183885182,0.5,1.0,1.0,0.1,1.0
-0.6167718730885294,-0.4041294602920479,-0.12438958777907749,-0.05051330483749977,-0.15128736183700617,-0.3470151619829539,0.3262229635607467,0.9332310168300342,1.1005118722483818,0.7658078608627834,0.47477395010800305,0.5,1.0,1.0,0.1,1.0
0.8182685950905219,0.9554346998507696,1.010299585655681,1.4188764864537378,1.0739069625661446,1.5430967250091032,1.7340893071800543,1.573711200242905,1.1661348517983965,1.1625104518036755,0.8255345902443394,0.5,1.0,1.0,0.1,1.0
0.038163714645321783,0.21470585684603977,0.13790740635835227,0.6144348329196616,0.36284349884962386,0.09898361915111303,-0.006993906285852641,0.324805820451487,0.3061658471004639,-0.16035319948825716,-0.14936221859726317,0.5,1.0,1.0,0.1,1.0
0.3141237213694888,0.5002213224686485,0.6501602859354182,0.5345956485577212,0.3790220316032652,0.31767153420164884,0.6692547105113928,0.5525529350618862,-0.392604448914172,-0.29869411225368936,0.48065706689628807,0.5,1.0,1.0,0.1,1.0
1.093581318968051,1.0182684605318022,1.4700814432038607,1.2040417674536275,1.2519297012880515,1.420546828351348,1.796262035789789,1.89922841516135,1.800002759558127,1.7942379193549536,1.9015265910445809,0.5,1.0,1.0,0.1,1.0
1.148060490772298,0.9900231246239797,0.8348482517183793,0.6847326340189431,0.4507702403552638,0.6691595022093303,0.15466452209159742,0.3215032750308707,-0.1645687295329048,0.43798277754515513,0.5646367440837434,0.5,1.0,1.0,0.1,1.0
0.2520895607236609,0.48186087177930714,0.21069655851706698,0.6124817776074979,1.001812252894086,1.221691892813527,1.2631035567161077,1.5501637810580224,0.8539999498709532,0.17498278891383368,0.8633105693977513,0.5,1.0,1.0,0.1,1.0
0.11541910161316639,0.07233449669333272,0.06231749086855723,0.2734231632841591,-0.04144872411707923,0.5992699838615774,0.4062133773603716,0.5855618328718848,1.2366086466300017,1.70813835027475,1.9720730265770872,0.5,1.0,1.0,0.1,1.0
-0.14542139137013094,-0.28995268949074926,-0.37272005378235407,-0.33009699263840214,-0.5195539251050607,-0.37253391719627366,-0.24471876517654118,0.6205004981301342,1.1994966416273618,1.1297030024262447,0.8474699605381564,0.5,1.0,1.0,0.1,1.0
-0.07003378136359216,-0.09765072848652699,-0.17218613637015523,-0.07334835328111414,-0.2531666106338747,-1.1716346027284548,-0.5566054286071129,-0.5937990414286295,-0.6148111862601933,-0.5525063736156598,-0.5912998076541669,0.5,1.0,1.0,0.1,1.0
1.7285681394254282,1.7023910607654449,2.018244424394865,1.7507781109594969,1.752469811164725,1.5759478413798063,1.3772567745807296,1.4584586626662415,1.6559978134117874,1.7429832308152173,1.699937022839385,0.5,1.0,1.0,0.1,1.0
-0.07549636275933011,0.46722791915688966,-0.21802164412546782,-0.030068718460983995,-0.12065967053995533,0.3315090669680928,-0.018083460076490032,-0.22856738422062728,0.26639781210367713,0.5456667600336138,0.31039113072896324,0.5,1.0,1.0,0.1,1.0
0.38928994423554175,-0.13417401804970897,-0.22061372815600888,0.3768370353225776,0.818692795833128,0.4159943451072807,0.6920531144944158,1.4481678781016976,1.6434822848192985,1.6832080996534096,1.9589577809552434,0.5,1.0,1.0,0.1,1.0
-0.4182561775379612,-0.24915021553121358,0.047301878972501515,0.00032553703653163957,0.15668618208944524,-0.47966467793803946,-0.5664783417078949,0.08830163940999503,-0.016694522509198034,-0.004917985618818489,0.07408027511538863,0.5,1.0,1.0,0.1,1.0
0.7789149435339288,0.8565641816510493,0.48475062875702196,0.29579822856277066,0.07491132542514711,0.7053056758403687,0.7937762280131642,1.2774477598930127,1.1175434839889398,1.1262396899430436,1.2338282996026182,0.5,1.0,1.0,0.1,1.0
0.29523785877820724,0.6288419709374736,0.5222129569794697,0.4815713844198575,0.3855016507442023,-0.011435314794232598,0.16999034440247707,0.729873577595776,0.9058433521947613,1.1526367217444813,1.5333766319916207,0.5,1.0,1.0,0.1,1.0
-0.7723656697401753,-0.987259257939032,-0.8159912816499836,-0.5259878246208669,-0.358215423374573,0.09008876557658146,0.6254172387896757,0.7334653290391724,1.1594803026040508,0.9135574417478097,0.39741514348797186,0.5,1.0,1.0,0.1,1.0
-0.5602234505590525,-0.48922517301748203,-0.16634663420212845,0.27182234959759444,0.3636699400926837,0.4567076846790592,0.6019929330416249,0.7749089372552682,1.0785752429505728,0.9433823312205539,1.0423206949601311,0.5,1.0,1.0,0.1,1.0
-0.21913365447039818,0.21388575674268395,-0.08610869266136711,0.13089822750079516,0.1333561745745349,-0.04496660537008884,-0.020886023860096595,0.2836140565170363,0.665279894606411,1.1522792599534797,0.9212409114654354,0.5,1.0,1.0,0.1,1.0
-0.18944094164542263,-0.09981754263743067,0.026805916561133285,0.05789215775546317,0.3255657228694554,0.44215368072270167,0.9670129114925363,1.281766937913267,1.8302400711067413,1.207932482327168,1.3801214234538872,0.5,1.0,1.0,0.1,1.0
1.3667380675207257,1.78065804773027,1.5960665068471815,1.880385934013209,2.301112950534802,2.546889589235835,2.5379806395071602,2.7604597403668416,2.472695048216191,2.3078931219726804,2.328206076342201,0.5,1.0,1.0,0.1,1.0
0.07722855899442668,-0.13528730660504965,-0.30988635457289504,0.2855978951351005,0.0580188881241826,0.08986891381930368,-0.04818174690561308,0.3701126756049138,0.8416724508822703,0.7195281287782695,0.11522650892966724,0.5,1.0,1.0,0.1,1.0
-0.6164573748357461,-0.8138002233779877,-0.5093718935767272,-0.5757459531977587,-0.3711413615659358,-0.5369309367843482,-0.5895236532301321,-0.950335006420276,-0.5350223582355147,-0.3423211124215647,-0.175635647775898,0.5,1.0,1.0,0.1,1.0
0.5511563935069423,0.5998314737543667,0.016055062976199963,0.3140154481384322,0.2030154075981852,0.35000938415872634,0.6827343215576169,0.4487341285617006,0.2527347596445191,0.257667135427226,0.34871100748342504,0.5,1.0,1.0,0.1,1.0
0.6506694172988913,1.2403441681912828,1.483019232393731,1.206257573670455,0.9915229247255705,0.8416447230345482,1.1208575521166333,1.1014242560973997,1.2523596236099634,1.0550382522173436,1.2996461754820456,0.5,1.0,1.0,0.1,1.0
0.4311768299577104,0.7041482297393116,0.5168602233932371,0.7574688111352711,0.8644985539369288,0.4291048391500747,0.30612109605765314,0.6460873823288391,0.732154419916366,0.7163614345455267,0.8779152469771,0.5,1.0,1.0,0.1,1.0
0.9045719716260179,0.6818019308356544,0.38730955831116737,0.4116958659046253,0.4154806893196687,0.26304965715372997,0.535981142661146,0.11872642267636319,0.06605303068286668,-0.1746290444595439,0.6859901600658054,0.5,1.0,1.0,0.1,1.0
1.1458393812356702,0.8275407789882706,0.4086088517429293,0.3853709552952905,-0.06539746912292471,-0.25811852173937727,0.14957603940629657,0.629269416454703,0.7847885657597219,1.0356101004332305,1.6660101864769385,0.5,1.0,1.0,0.1,1.0
0.4468105821301175,0.12332844610994842,0.013924960638313444,0.4888206946780177,0.40359861515076134,0.27998449440829165,0.14012984194863182,-0.27797356095358394,-0.3454392578593986,-0.45823257216396485,-0.3196874378727955,0.5,1.0,1.0,0.1,1.0
0.33121513474886216,-0.16218364644002248,-0.07568574945790929,-0.27618082076330086,-0.3907180125518993,-0.620416689728951,-0.6783368967802532,-0.6561145963032435,-0.6111833369508727,-0.30080509518169096,-0.3182330101942086,0.5,1.0,1.0,0.1,1.0
0.03910480113202257,0.05477820220427849,0.20912343046203372,0.6181819181626854,0.898222263407801,0.9393708864884831,1.344942825260134,1.0075065115485178,0.581999429846867,1.0975227045955835,1.8120676620591258,0.5,1.0,1.0,0.1,1.0
0.9336854045707897,1.1252174531681063,0.6972711006695473,0.7718295249475089,0.3139900243213062,0.7761602229430087,0.8259339412631698,0.44968574907836295,0.6011541626416673,0.6258732424195883,0.10665805385812532,0.5,1.0,1.0,0.1,1.0
0.22083925897981638,0.3751597869086655,0.15508360811521485,0.37225274209789405,0.13726294837921363,0.15034339129492674,0.3950875085979197,0.487297296790967,0.716229219662623,0.5870653532895937,0.3469792287677872,0.5,1.0,1.0,0.1,1.0
0.6006912620181447,0.9022421962503386,0.7307240488474875,1.276847267675536,0.9296822238156409,0.9148967268066877,1.2499449912776264,1.024451216161153,0.6772344393347782,0.4890468086588077,0.9410569601345614,0.5,1.0,1.0,0.1,1.0
0.6413839190452402,0.580632899008157,0.32441895360172557,0.7928458945938848,1.1232765559773918,1.1743091647143968,1.3658114520231444,0.7599200037014351,0.47233905795044984,0.264200924506085,0.7615594569705584,0.5,1.0,1.0,0.1,1.0
-0.17746690991448774,-0.6045235325458171,-0.2692833744760412,0.006470739969768324,0.17672681241600327,0.1610320057797947,0.10157324336777451,0.03822752305580027,0.12935244708758287,0.31603086953562654,-0.03284499756553083,0.5,1.0,1.0,0.1,1.0
0.08983844124009627,0.2933851996250869,0.48497666432411307,-0.1426328032753249,0.09252951768331512,0.02890203582739205,-0.08048033629927834,0.2372184404435164,0.13074315701607467,0.12886379861118633,-0.261512368976904,0.5,1.0,1.0,0.1,1.0
2.422976967083554,2.1959203489132464,1.8339946868376562,2.1182635456751275,1.7563801451088477,1.0837041194878325,1.0811033471786224,1.3486573479142563,1.5192232177350873,1.1325341105371673,0.9746919514305799,0.5,1.0,1.0,0.1,1.0
0.3187072742847738,0.2515399766382286,0.23781300975544575,0.5212350915496822,0.2911147856339257,-0.3913817155999549,-0.480082153399531,0.23155298579647976,0.7265027073224057,0.49951833183440203,0.7770466405169223,0.5,1.0,1.0,0.1,1.0
-0.29776538370677275,-0.34202979900130503,0.046142279546477094,0.16314167882802097,0.02647686307156094,-0.017577230555163068,-0.32358819033999,-0.18639071899603962,0.40880113505488985,0.9537010459360316,1.2017718588658755,0.5,1.0,1.0,0.1,1.0
-0.18492979080150362,0.39512731140950663,0.48759137465319957,0.02300844797025453,0.016296025384724175,-0.016164369072194026,0.0882507001499024,0.17311654712052243,0.1932742495636043,-0.10610561359306284,-0.1268889738611484,0.5,1.0,1.0,0.1,1.0
0.365165447365547,0.1903668655525165,0.7088764320305083,0.7255772664361652,0.776552405340845,0.8666136253747707,0.6602861390564954,0.6171875285278158,0.1441429954834269,0.7729427067386152,0.707249333929161,0.5,1.0,1.0,0.1,1.0
0.5667620066406509,0.7626488520742909,0.7974254263278225,0.43875490693603497,0.7235485829485435,0.9124541439998979,0.8759882936538718,1.186762719103398,1.2904545092245403,1.406412476241136,2.0333627921701125,0.5,1.0,1.0,0.1,1.0
0.7006135293300441,0.6480317964621953,0.8570193305112697,1.1156207827358398,1.247359155117903,1.1319363729042793,1.294655646750842,0.956465123023075,0.495440182715194,0.6876634747174066,0.9312932443830528,0.5,1.0,1.0,0.1,1.0
-0.21547277480545923,-0.4391651294893332,-0.1623014058802808,-0.3800359937132514,-0.788401680513929,-0.4139885022791311,0.00892325480902667,0.345334411946141,1.0443434423595463,0.678252671885243,0.6528223078620821,0.5,1.0,1.0,0.1,1.0
0.7299629111239965,0.6742945921224304,0.594767083485241,0.09483351754084979,0.05785264714892545,-0.05901594425468218,0.3721021553602425,0.1956890508550958,0.6527436868868448,0.3133624496636334,0.7516043910173145,0.5,1.0,1.0,0.1,1.0
0.33945973468396645,0.8394602524099408,0.6220467086996384,0.5545978882824569,1.1912668292871842,1.3438065727124577,1.1339196042041002,1.4817566222199274,1.7386240747544113,1.861200775348331,2.1654001243204384,0.5,1.0,1.0,0.1,1.0
1.2628316629403635,1.0745837265835863,0.8403702507817259,0.4877800881594015,0.6165796378566498,0.2914113166076313,0.7371126606971892,1.0928030188008644,1.470479914616758,1.7993252703441442,1.224998931155524,0.5,1.0,1.0,0.1,1.0
0.4270758508728567,0.23882160384179305,0.02262812860634489,-0.16693321509857506,-0.01985873664145757,-0.24256798448509162,0.20433513604720155,-0.38593292482471453,-0.07813380323797228,0.14090687775966554,0.2501708695703477,0.5,1.0,1.0,0.1,1.0
1.1749956748348471,0.9640906526728311,0.4719997389257846,0.7222892943803441,0.9629633176036101,0.26075947734656657,0.11310827574260468,-0.2834913852349322,-0.28113347468312316,-0.17205440613601544,-0.03043930037690948,0.5,1.0,1.0,0.1,1.0
1.696299186946835,1.4275439709846849,1.2149377479391263,1.470497909361509,0.785472662468202,1.0516007389990505,0.53990802079474,0.7459195691545166,0.9257625341017228,0.4315340977623463,0.5803396303666036,0.5,1.0,1.0,0.1,1.0
