time_point_1,time_point_2,time_point_3,time_point_4,time_point_5,time_point_6,time_point_7,time_point_8,time_point_9,time_point_10,time_point_11,mu,sigma,theta,dt,T
1.3494683703649586,1.3874772674835336,1.394385739098682,0.7413822516586809,0.303983375134502,0.6954909079122402,0.6662484741023093,0.8318392690061728,0.47306578653952913,0.14018389674124865,0.7159580222609903,1.5,1.0,1.0,0.1,1.0
1.680734423351852,1.7724203339105171,1.3889167306887675,1.4343135892353733,1.445342069990122,1.1860261084967152,1.1027051083788342,1.3490460266493545,1.2820689334900661,1.2601984140155906,1.3687642760516165,1.5,1.0,1.0,0.1,1.0
2.3969312087649888,2.3761557916982357,2.5354667645974724,2.3799524584020624,1.9221700754328417,1.7847738257243397,1.2155953893008413,1.5499727119103355,1.5626771249661835,1.4425738815626319,1.3890757853721396,1.5,1.0,1.0,0.1,1.0
1.912327197866156,1.7445425568634159,1.9925279564999403,2.3796467705944018,2.0674821204339735,2.450378151463699,2.476125932808242,2.8682297654358173,2.5090365438956974,2.2062195995574045,2.057123482725789,1.5,1.0,1.0,0.1,1.0
1.204174745129841,1.3518781467109844,0.8733626321817549,1.2339763354180486,1.0703530146194657,1.080448887226871,1.512405137983008,1.7852194364614884,1.4403189347152257,1.1058272125228343,0.9671687570607916,1.5,1.0,1.0,0.1,1.0
2.5471391989194143,1.956468391139042,2.1892763604127174,1.8907735678630204,2.0866226307510196,1.8933421406582533,1.8359033559963198,2.1598198307356915,1.868347175140007,1.6402180517756348,1.6983925678245724,1.5,1.0,1.0,0.1,1.0
1.1059333180110822,0.6043297536639213,0.9926427941939043,1.628786162207214,1.8179532278604815,2.0166271972259366,1.968860155718456,1.855549320587234,1.9778107401019858,2.2564464950216263,2.698442392092372,1.5,1.0,1.0,0.1,1.0
1.3579472725208734,1.0149340231779411,1.3944279198098246,1.595443287764,1.1539816716618483,1.6891225888385843,1.6590852062603936,1.2140777603833175,1.1878423202394184,0.9689718543267971,1.290094100151891,1.5,1.0,1.0,0.1,1.0
1.9048959965507846,2.1160180520515244,1.7384045797666703,1.9808236915774722,2.0080779058082783,1.8937305522301344,1.9267958595363177,1.7100527216803543,1.3076460628992659,1.0833062509344638,1.2382164244704021,1.5,1.0,1.0,0.1,1.0
1.7535918921409097,1.0636009811869371,0.9954118197627783,0.6567754347590213,0.9811705898339569,1.1493601516283356,1.7370078517417986,2.008106804505885,1.7849902266767996,1.7523926334753877,1.6800092991536775,1.5,1.0,1.0,0.1,1.0
1.7313702994739786,2.0165446080786715,1.8603944457672066,1.3067794745339603,1.3628280645623532,1.628959893221399,1.022099861098667,0.904476962749998,1.4413591674288349,1.0422790282252192,0.8279408487255011,1.5,1.0,1.0,0.1,1.0
1.2849629178528081,1.449514086543373,1.235917360329489,1.1887564329184768,1.3063873874820076,1.2147403389801588,0.6154006554712267,0.5491985539816578,0.9894995109787788,1.2111052844903258,1.3596815911100621,1.5,1.0,1.0,0.1,1.0
0.9304916523601913,1.042759252140096,1.217451391096278,0.9691516216837565,0.8839825740825369,0.5596503980457741,-0.13574204450398564,-0.22126411405329682,0.13454918017935583,0.29327891715948495,0.5968598720267962,1.5,1.0,1.0,0.1,1.0
0.7053716649583436,1.4448653440242871,1.6907061447530392,2.090205708997071,1.6676290417098723,2.5009546569685406,2.5262803025365783,2.599030963105145,2.6178359451465,2.708032468192767,2.9634383192672686,1.5,1.0,1.0,0.1,1.0
1.57180822757138,1.213493850907673,1.0599151239286355,0.7982356342851109,1.1669742397078608,0.9574035944694933,0.8364939077313776,0.7293046767985061,0.8241879923938784,1.1144778465746155,1.48345881498727,1.5,1.0,1.0,0.1,1.0
1.9335718900482686,1.8872448965117443,1.6510813126627681,1.8536944453334907,1.6511918994509434,1.1944104822784347,1.4686813554027267,1.7754049934472775,1.4612300144032226,1.6816876338064488,1.9361591367692377,1.5,1.0,1.0,0.1,1.0
2.2323290819262986,1.7647726100596266,0.8273281239832506,1.3238241827018469,1.4486634630844686,1.2641542435812567,1.8311460314243435,1.7034933297035997,1.3710381987460953,1.4464292179023903,1.8771877096254892,1.5,1.0,1.0,0.1,1.0
0.816099187314658,0.8250456266680333,0.9697942086725786,0.9667505584670002,1.2101012069634922,0.8896330429108481,0.8535281709527068,0.9184935927036062,1.3131097584718074,1.546088299633189,1.7052608675424579,1.5,1.0,1.0,0.1,1.0
2.118590072833515,2.4021456333341105,2.0235378879784665,1.645789936843368,1.3708194086245453,1.0820216812331085,0.9112570150689047,1.1984292795521172,1.2320907037419209,1.494936197465665,1.5612731127717812,1.5,1.0,1.0,0.1,1.0
-0.3380504440702698,-0.15133066283600713,-0.5510255475807382,0.2177675149005186,0.08892763947132948,-0.29337336197720665,0.6548493316500459,0.5868974056864346,0.47758273712410204,0.5269394663499688,0.5332276936810789,1.5,1.0,1.0,0.1,1.0
2.459551506274355,2.307696136347737,2.268324878178062,2.30767416254641,2.2437843773133297,2.8026366302271453,2.570203596047448,2.442011398504009,1.8192390625992372,1.448372572822284,1.1330786838271902,1.5,1.0,1.0,0.1,1.0
1.9121823400087858,2.058512422374367,1.9668088618147102,1.845687844260051,2.0217649319063797,2.599892138812023,2.5116978464426083,2.5297695639456985,2.584323578739284,2.4111356597719933,3.0623457978008473,1.5,1.0,1.0,0.1,1.0
1.347324540503396,1.6610982300284314,1.8991540548730064,1.934765056389964,1.8532333307933222,1.8592066049130338,1.7790566818959854,2.044520307123852,1.2396258568618213,1.234959922292415,1.5087849758344676,1.5,1.0,1.0,0.1,1.0
1.0685503824936806,1.1750912933061681,0.7256898900188498,0.31890526045461426,0.04225221269455731,0.365016902189395,0.03821911397256561,0.1509703024364827,0.18774791435326973,0.01827979987077427,0.24136921248738544,1.5,1.0,1.0,0.1,1.0
1.4512019913063496,1.5438517566642045,1.314076237186878,1.7891093782059848,1.8831546487424553,1.3342120824117214,1.46201736709293,0.9335841204720439,0.9623601458087011,1.161181171482339,1.4889824822966709,1.5,1.0,1.0,0.1,1.0
1.8713639002365163,1.5763538823928873,1.708095005260068,1.8114673500016476,1.8710806972367,2.144231258432147,1.953109735486004,1.780260816298758,1.6094879692993935,1.2821751127368566,1.031234383810502,1.5,1.0,1.0,0.1,1.0
3.131426954488367,2.6110976495896163,2.9700687076599754,3.0347818571490848,3.067463530076246,2.73346384853861,2.7410571010459757,3.147523378751326,3.587004379274317,3.8187945962603242,3.5636148798705585,1.5,1.0,1.0,0.1,1.0
0.4384717116429834,0.524438042359803,-0.03501826939109198,-0.12463705855640622,0.3565730835581935,0.5793767602542497,0.14332865291456054,0.3037878606637721,0.6652391834135649,0.1662888244229379,-0.19733965650725638,1.5,1.0,1.0,0.1,1.0
1.113422161074378,1.0751601108779039,1.0845221482751706,1.1337256449761821,1.4217397250988693,1.4788813767543194,0.9664193590423162,0.9571234901329114,0.7895957118239876,1.2284111630644567,1.7685228611696338,1.5,1.0,1.0,0.1,1.0
1.8377941126243023,2.4081373632058187,2.382888671432646,2.0238203067692586,1.8465764104539473,2.1376269856702628,1.79806905060716,1.9808405640149562,1.1746463088291912,0.8348240739786534,0.977009967658388,1.5,1.0,1.0,0.1,1.0
2.2951370746017914,2.2543696321921485,2.2079552953167703,2.2553998452517683,2.2337050389444775,1.9417051511040297,1.4521461344401745,1.6727774560323536,1.628657712647363,1.8664993834382964,1.7518843462421718,1.5,1.0,1.0,0.1,1.0
1.9858962693820517,2.3799314102008324,2.135389018123514,1.5765383658231058,2.000419847942366,2.380113286610763,2.198020369509904,2.004000263038919,2.62597292784442,1.891393918959765,2.143769666113677,1.5,1.0,1.0,0.1,1.0
1.803700430835885,1.6767379363330803,1.9114305403291891,1.6429181372644341,1.6979795467270844,1.4577268433533035,1.0322137239713807,1.26255615828565,1.3988305313188776,1.2533542061173146,1.7346991160498255,1.5,1.0,1.0,0.1,1.0
0.73157171170792,1.183650700686549,1.1309234458978483,0.7120027011426463,0.7899484213753031,1.1183878244752927,0.5054622199178626,0.5153279590685277,0.3835902733090371,0.6705689565480215,1.0029908577700581,1.5,1.0,1.0,0.1,1.0
1.3656129179051502,1.5595732856598472,1.5335523275144998,2.006637253997748,2.0387112804676053,1.9803572032837913,1.5382697231299984,1.8073363490241388,1.8979264446185238,1.7236691545679435,2.272470775722809,1.5,1.0,1.0,0.1,1.0
-0.7791950893865451,-0.24246640466557096,-0.3486226222563621,-0.19769870324400884,-0.0738412036897842,-0.23553004240326653,0.48553433029454396,0.6773715234233455,0.5645215251459663,0.9459243087408117,1.5202085245519759,1.5,1.0,1.0,0.1,1.0
0.782474838804094,0.41300398338684835,0.5610234152406548,0.6660972390024786,0.9232213968973442,0.7382914549631507,1.1327394684288974,0.8350309331676571,0.8665337931905771,1.0608464517868508,0.8679951556049009,1.5,1.0,1.0,0.1,1.0
1.6571950298173517,1.7669372711205755,1.328626260822828,0.6963367779430287,0.6204631946641198,0.4971103732542065,0.2800074226421035,0.23187239691856545,0.3719614944196797,0.06230979125399155,0.22534406627813414,1.5,1.0,1.0,0.1,1.0
1.1075390974993031,1.0672711955760166,1.2324403253791938,1.1792003396814992,1.3723026957425908,1.5659234742957122,1.7147910412085519,1.8239347708206837,2.289257946104365,2.366439157367807,1.9241729763645918,1.5,1.0,1.0,0.1,1.0
2.790977870502111,2.6692230502815675,2.4043834668624298,1.8887962029258887,1.6838905745357984,1.8346206230431346,2.2030491780279755,2.323591773187874,2.564019493821473,2.6536333767168117,2.526576618316047,1.5,1.0,1.0,0.1,1.0
1.0848113201461924,1.0363455376474262,0.8536864970454379,1.041861159862065,1.4790752170325288,1.4619051906417768,1.4380964161757024,1.0208012025523245,0.7768264197528632,0.4808419934082851,0.9136449461020368,1.5,1.0,1.0,0.1,1.0
1.8135353576776294,1.780089880035082,1.4356476396061004,1.2798620612453406,0.8967042038284063,1.1691821458028047,0.9473657307262124,0.22157728956460232,0.37348937376207886,0.6844087958231615,0.7824959967376454,1.5,1.0,1.0,0.1,1.0
1.7802673766159816,1.9859164001906264,1.9794600142169387,1.7886550113508275,0.924419164020693,1.058126389461864,1.376088664213679,1.2981440945859695,1.0361460580128736,0.7343239701982748,0.6421866587099745,1.5,1.0,1.0,0.1,1.0
1.5503638011531267,1.8386986479501997,1.9364903729115093,1.8376316406591426,1.641817585764589,2.015834551803921,1.8594315828286616,2.078637406635496,2.7606433524460843,2.9710850941329507,3.075198507568241,1.5,1.0,1.0,0.1,1.0
0.5429564551775405,0.62575042513577,0.5341915740125588,0.18959005831183423,-0.02267858364092823,0.165525082009785,0.37742515082082734,0.6651632755699621,0.248153745427365,0.005827186299845355,0.34442644508108344,1.5,1.0,1.0,0.1,1.0
1.3752272876752945,1.4195843504084535,1.0036048027788858,1.1914315650678111,1.619962254398913,1.4040073472839634,1.31343407645938,1.286535362577653,1.656542064482116,1.9231670469525204,2.645996121886852,1.5,1.0,1.0,0.1,1.0
1.2322597965398676,1.323039926334008,1.5602824386352743,1.7978120232117332,1.1544360272355967,0.9069153900077431,1.1719554993837198,1.486015711597419,2.056372300498558,1.546889220921343,1.1287810968732108,1.5,1.0,1.0,0.1,1.0
2.0375821227356767,2.206066916877314,1.8477352381100602,1.927676406313047,2.037871457980133,1.9923055279792876,1.7662421384189968,2.128381067795173,2.068451347139485,1.3236022718006373,0.9919501963849116,1.5,1.0,1.0,0.1,1.0
1.3867212524479096,1.2785125966955586,1.7350892274152763,1.5655241361916068,2.3053411773838235,2.385063474896474,2.7135404388584266,2.3042847220324987,2.0366554289133942,2.4829508748257947,1.9041299253574153,1.5,1.0,1.0,0.1,1.0
2.168157298056743,1.8252720987901427,1.4161806116689126,1.1167726882003197,1.9581801719844094,1.7877069841782756,2.000074348693727,2.0879411260739205,1.9994441237193985,2.24752855927378,2.361801970243937,1.5,1.0,1.0,0.1,1.0
2.1445115988297374,1.9756874273289997,1.9529603726870395,1.6175176322158913,1.4658536243434743,1.5097644126082939,1.58335661097414,1.5009602230331098,2.033390482332643,2.2892001593702647,2.496824599691146,1.5,1.0,1.0,0.1,1.0
1.4079187972052967,1.1169651734735098,1.2927032391320106,0.6600891199083068,-0.003082930798321004,-0.3864097143005584,-0.39325770726418163,0.2188571506129798,0.562199515552219,0.7411253954842071,1.0712511228742023,1.5,1.0,1.0,0.1,1.0
2.037619122904467,2.253566415011898,2.2455651622635258,2.126473161029218,2.5748417847261322,2.1259895766748844,2.1795138127654163,2.337772925704737,2.5202730182775093,2.5878613827354666,2.613099585968894,1.5,1.0,1.0,0.1,1.0
1.3258741691308222,1.4558212774699857,1.07695737240474,1.1697134451467486,1.3945484773990762,1.3145206665023008,1.2794723979184468,1.2371799193149624,0.7818837963187069,0.34530963924571445,0.9176640811445963,1.5,1.0,1.0,0.1,1.0
-0.018318442672138672,-0.21428369064330385,0.07104068584013991,0.6050031936702359,0.9725987903122346,0.8313404026254945,0.7254331452137938,0.7266757897192111,1.3067613684278987,1.215612355419388,1.0787926237912109,1.5,1.0,1.0,0.1,1.0
1.6437396664198334,1.3809894855146274,1.1518616286156804,1.2296986475771052,1.4330556075581549,1.9709791150864444,1.7920971281130553,1.2439791365915749,1.0875578883674233,1.783989226357841,2.159043534161149,1.5,1.0,1.0,0.1,1.0
1.6437245125489701,1.7400643263654245,2.087375966572294,1.9194497065608809,1.6372596483580601,1.564706049368297,1.6176918381152863,1.4115234120611433,1.4290116982370986,1.3467843197001763,1.1608186959158358,1.5,1.0,1.0,0.1,1.0
1.5343447705001665,1.4671450042214682,1.6681212238381862,1.6523905877105332,1.1941012969569686,1.430780687622298,1.2947071926452263,1.5016543527765487,1.6183482183482982,1.4936394947325846,1.1629685533991931,1.5,1.0,1.0,0.1,1.0
2.029322002302567,2.042344747624229,1.902721832785373,2.22593608043744,1.9708503881821127,1.8303083875961423,1.9305900786599957,2.2919934447230577,2.145481388771853,1.689801932560631,1.4173777232156377,1.5,1.0,1.0,0.1,1.0
3.66988507167585,3.48538685589127,3.4906083932477308,3.195845601216634,2.875363246962576,2.849250690403375,3.1006969622771487,3.0347243991907678,3.0832862936349343,2.682211677740577,2.431186001075323,1.5,1.0,1.0,0.1,1.0
1.799526153118561,1.501387926011662,2.122404319667762,1.6935300452232622,1.802673889556397,1.6777042822283197,1.7908332148180335,1.7160490997681555,1.3690376405126259,1.5101476725973575,0.8602877859927048,1.5,1.0,1.0,0.1,1.0
1.219124029248491,1.2950173576254036,1.9525508015452417,1.7730655089065663,2.2782193878888277,2.012070339285173,1.940814434198991,2.402988030585904,2.4921273145734855,2.3244919164447637,2.3404380303707693,1.5,1.0,1.0,0.1,1.0
1.3736836196011957,1.4003146284474028,1.0429776371018382,1.0597819641259991,1.386062204420395,1.226410986926686,1.5849728089247168,1.3345237683523716,1.0217315931190754,1.2452758851431578,1.2904313088865063,1.5,1.0,1.0,0.1,1.0
2.622819259897561,2.9149832825378446,3.0915827526627626,2.9114162802493726,2.821962471090902,2.2792313463838774,2.3587169210961973,2.5432052617249075,2.266099412005938,2.1459283292847884,2.1771281739599635,1.5,1.0,1.0,0.1,1.0
1.8172511397217537,2.2733520576185553,2.7258646362118455,1.8595937661125883,1.1569878512984433,1.2377632507838963,1.4843305960025703,1.6192576758552937,1.6357726801428074,1.3598999615370255,1.3007042729948346,1.5,1.0,1.0,0.1,1.0
1.723761815467651,2.1432932168229524,1.9221685554354286,2.1571341994078224,2.7197455318712205,2.0675222576912655,1.9247063464344296,2.1048997880872484,2.488747787716742,2.518224524897868,2.3412618587913876,1.5,1.0,1.0,0.1,1.0
0.6527997754379279,0.757129686639819,0.6424513742166609,1.133752435179629,1.5282869508209593,1.5319171412798294,1.8462445645439058,2.350261866882923,1.7721411077565496,2.2316537740707254,2.561388024488872,1.5,1.0,1.0,0.1,1.0
0.9704345166463282,1.043658310414797,1.14716404270616,1.5068853878738393,1.1048484978922595,1.1584686314739159,0.8921618964249329,0.5206777213142402,0.39809406872194186,0.9670915423597866,0.9388401172765777,1.5,1.0,1.0,0.1,1.0
1.1571442320421164,1.149075738127736,1.241329648566201,1.3363436751884972,1.4091471027001363,1.184024318120028,1.568340481078544,1.5402022771279393,1.2660962074381743,1.017662134533897,1.0242193825282369,1.5,1.0,1.0,0.1,1.0
1.3398106331296928,1.4842527314420644,1.2815016710398879,0.9178331724264568,1.7498977716819835,1.5801399053730858,1.8855126660322004,1.268361133410354,1.7086058277202152,1.8473674028549039,1.434587393729696,1.5,1.0,1.0,0.1,1.0
0.5326828970681418,0.4944052693493868,0.23741235563057284,0.24308382645092033,1.0782887700197175,1.172362354393188,1.5993113244316512,1.7756232329445798,1.57196041724551,1.2775043874123186,1.4936567781115226,1.5,1.0,1.0,0.1,1.0
1.8932689241732885,2.1978065101579785,1.9995469445504253,1.6067414039620556,1.0496179136596628,0.806166931149183,1.1412295588803165,0.6206043267685134,0.6634513208923779,1.4417280867120503,1.4698129072907988,1.5,1.0,1.0,0.1,1.0
1.8663816924046697,2.3054487398823373,2.2990761569604308,2.3056756309365762,2.1405197446524222,1.5717339023072565,1.27569991682537,0.6307143080360652,0.6519896904016271,0.37235496632536774,0.7881370644054297,1.5,1.0,1.0,0.1,1.0
3.8269892158256096,3.4743754523866,3.5714091641684105,3.5922273942388534,3.7099067456326607,4.119568008673041,3.7091604539662044,3.6802534035006675,3.667115842131819,4.045870635023578,3.768044463127426,1.5,1.0,1.0,0.1,1.0
-0.4003714343190899,0.1274600481409511,0.011708449573706536,0.1393359613299457,0.16203190567873885,0.5364383833607467,0.5387304903579317,1.0256075933493078,1.2565994377285068,1.7000958700644615,1.6945705692803077,1.5,1.0,1.0,0.1,1.0
0.3156598327221469,0.2853138754839508,0.6446414030801854,0.8367388760687726,0.6226122385422554,0.9026796904826315,1.0314253239791715,1.0253022561340535,0.9796607609639968,0.9874118787505378,1.1498884009729196,1.5,1.0,1.0,0.1,1.0
1.713073010853004,1.9760043366795694,1.6775682227768396,1.9470082522029744,2.242495658014454,2.351599368427998,1.9396644572521553,2.388496549738278,2.256718867472147,1.9150494965412381,2.204567983062754,1.5,1.0,1.0,0.1,1.0
1.7004350367654884,1.6312736111073367,1.367636695279319,1.6947516847242077,1.8895710117211442,1.8289111336205588,1.3812961300394409,1.3343130777267949,1.3340031938730312,1.4944980040462672,0.9689006000406911,1.5,1.0,1.0,0.1,1.0
1.8373449401477162,1.2335094304888605,0.9535935129644029,1.1462387229093487,1.1708282836909614,1.0669415455425952,0.8616932610616248,0.6462927775086775,0.49884066088146806,0.8605625440230283,0.78050115319411,1.5,1.0,1.0,0.1,1.0
0.5419304288875249,0.5535432090533969,0.1929760610714532,0.5723961189696292,0.8915703004101179,0.742755199873874,0.8815170772488622,1.0343215365108125,1.0032570757330992,1.8607654703041832,1.6306239282199049,1.5,1.0,1.0,0.1,1.0
2.8524772805006764,2.866883327115944,3.321744165277848,3.0526557170180766,2.753774066848425,2.7973833842361873,2.9169955549148936,3.2334170457234497,2.5110079690740235,2.552572740394656,2.2380599387502222,1.5,1.0,1.0,0.1,1.0
2.4798901728612033,2.2681217874624644,1.8629211228625078,1.8964674289686245,1.767390003478761,1.5694609899869623,1.3499064392036293,1.4846276925569581,1.5905977667779845,1.772137071628396,1.3202769826803449,1.5,1.0,1.0,0.1,1.0
1.7689623233343112,1.6881686662205733,1.6641481681597408,1.8489766452846934,1.8333970143305511,1.8592844049959216,2.175723567848884,1.434572551812876,1.2195530998107111,1.5479347353272481,1.6316320277373995,1.5,1.0,1.0,0.1,1.0
1.2282712224469103,1.2603907228050253,0.8940865205818744,1.1381460312519334,1.5180056779028153,1.7049358455486399,1.6190064584833475,1.1763459632982383,1.154566644206562,1.0231022728942891,0.8858777970925158,1.5,1.0,1.0,0.1,1.0
0.6166336596938609,0.6950204296826639,0.3822200729187908,0.35885034724226206,0.7376697729827886,0.965981721662541,1.0967624119283568,1.0896723890222526,1.4733855149091681,1.2489008586555468,0.751187337722464,1.5,1.0,1.0,0.1,1.0
1.5631545424314293,1.2485455508989451,1.2258331739311865,1.4643491587316606,1.2898779446634128,1.296708161465723,1.2156503919867039,0.26791552508838745,0.7058199335412649,0.8641694843068473,1.2818007562798033,1.5,1.0,1.0,0.1,1.0
1.9165741294755052,2.4010134527612292,2.5345267364932385,2.475964747990723,3.247198927340036,2.9012054360966366,3.0019697888029313,2.5400024407668043,1.754925334505969,1.8554729890251445,1.4399685914076203,1.5,1.0,1.0,0.1,1.0
1.351554473853463,0.9246827232265534,1.4747658350250812,1.3284107175532869,1.334298056647795,1.758902791803875,1.5260514588026233,1.4405848975243605,1.383003711280522,1.2257434529499136,1.4354856857667144,1.5,1.0,1.0,0.1,1.0
-0.19706758471731795,0.29688333114570564,-0.10240524586290262,-0.1314591424056551,0.005416767004113605,-0.03027539621247055,0.8751837870385208,0.6374440419961883,0.6100379138719031,0.2938180377638252,0.7380426849255566,1.5,1.0,1.0,0.1,1.0
2.047112015913342,2.1885545168122196,1.6032693992792293,1.7168081908209292,2.1555453552145964,1.9856543380678107,1.5478696271924353,1.2756045634679922,1.5201802196440626,1.9761150815783743,2.786067477353365,1.5,1.0,1.0,0.1,1.0
0.6085732468322194,0.9664215957376636,1.2641946611566646,1.3866861682559963,1.238570437684643,1.5892722042056366,1.7596424853585058,1.5281899806023682,1.7020839248295363,2.0950211453131287,2.24912414460604,1.5,1.0,1.0,0.1,1.0
1.6124558385741852,1.6179779164644486,1.3576398865389696,1.552202967127829,1.6900149081259674,2.077699465933779,1.821880732739829,1.1857342686015948,1.3657315464917468,1.540970928060584,1.4479659036393064,1.5,1.0,1.0,0.1,1.0
0.27757081718193954,-0.10112709000709247,0.5443161869364536,0.49118610163604204,0.8929732711353148,0.7132578238181249,1.1204013770715133,1.3081206860898709,1.102092705584042,1.45834436354841,1.4137841789660022,1.5,1.0,1.0,0.1,1.0
2.088453613589521,2.481784868682454,3.0300067501799157,3.079017799336353,3.1147330978011576,3.249811939130103,2.5382750381194708,2.0408458811763635,1.6881552329233809,1.4245363027386229,0.9515361987746932,1.5,1.0,1.0,0.1,1.0
1.0701262950422197,0.8843764782924325,0.6950582025252925,0.4495287977289706,0.2559932938119067,0.6289307401108661,0.7396916862648607,0.5901337198810215,0.5866132931917861,0.9715165561594692,1.0769234239869476,1.5,1.0,1.0,0.1,1.0
1.9241215109194847,2.571936166908925,2.324500719807054,2.020436156139301,1.9902651608315718,2.2248945516687213,2.3782550700611704,2.625394685064985,2.8356309214172013,2.460876987616078,2.767860046423667,1.5,1.0,1.0,0.1,1.0
1.2420284913412,1.5447647603078447,1.676979005244743,1.8596461976033838,1.5565944565327672,1.8992263960318132,1.4600546125211504,1.147634780808306,0.8746842778566328,1.169167052777418,1.1326349095736203,1.5,1.0,1.0,0.1,1.0
2.152385551514095,2.2642865790144184,2.5746990327395136,2.665408352036397,2.756091033879802,3.2835891723448443,2.650210444532192,2.6951354187458736,1.9852039694640982,1.771810988647872,1.6328126312495055,1.5,1.0,1.0,0.1,1.0
0.8032357325115292,0.5335564969273385,0.9717315973587646,0.7548214695866464,0.06966793162192153,0.2621137123505497,0.6090858257984879,1.1388416877141156,1.0663245801587247,0.48956630126661516,0.9697970066687484,1.5,1.0,1.0,0.1,1.0
0.6178942776341606,0.617232762773477,0.23702725475564085,0.34767499461614937,0.5160020374132037,0.834248525829841,1.0441323463335022,1.3429326182197805,1.394923528483344,1.0812445968660922,1.3569453351727874,1.5,1.0,1.0,0.1,1.0
1.663068679343651,2.3758473847179395,1.914381144898024,1.7344241562077052,1.6717126156178257,1.7179549588024998,1.522741625160158,0.39006730577392923,0.5329002252507398,1.1333844184583683,1.138265950924665,1.5,1.0,1.0,0.1,1.0
2.5527165317212157,2.4531363346151136,2.39496243195868,2.1088459012319354,1.8352600068260563,2.2744924676300804,2.2393463425710625,1.8918699876423317,1.528346647460733,0.7480489480215373,0.6254390788626911,1.5,1.0,1.0,0.1,1.0
0.8233172580409274,1.371789478458043,1.382331664861536,1.1781567166234153,1.326579923592069,1.4501500814955908,2.2700926249529614,2.0863616809194925,2.427647112794447,2.6722609267916546,2.8225942535235213,1.5,1.0,1.0,0.1,1.0
0.8997409903734723,0.5252052874811648,0.3989670696438946,0.3011268485320291,0.45777446612294265,0.5035063222986021,0.34100979473851034,0.20869568909345695,0.28672347832162043,0.7037886681320836,0.789950264218229,1.5,1.0,1.0,0.1,1.0
2.4067371704319487,2.3179797013311503,2.051166788575136,2.145290786820256,2.3476365917499207,2.385059170419982,2.280477779665297,2.3264521284044486,1.8896194939323656,2.4751016103930406,2.362990979771589,1.5,1.0,1.0,0.1,1.0
2.1328807905689007,2.1176767081841765,2.0452518212651856,1.775906324191426,1.8816857356517662,2.1305612071272946,2.0715928553973724,1.9841713285611928,1.9027229196432378,1.949951678010893,2.013774803598014,1.5,1.0,1.0,0.1,1.0
0.19651904288549432,0.2483472606515738,0.494372979130909,0.5774575764004467,1.0721830070327165,1.0575930989775304,1.3363312753714,0.9370767585431659,0.7393698183162672,0.3077053633240081,0.5094683575271542,1.5,1.0,1.0,0.1,1.0
1.397234323561428,1.727411956939023,1.942875629381927,1.4582647519788168,1.1691627569435346,0.7582397386835564,1.0244654744233161,1.140501389989289,0.9451917060592014,0.9949009137650212,1.395879846952337,1.5,1.0,1.0,0.1,1.0
0.19448827732990515,0.41725589047737993,0.5221864224193677,0.8890860584658914,1.4595872910329468,1.7920063169169107,1.5757122920767879,1.7261422634338444,1.69166470682198,2.0443636663136457,1.6020273123427238,1.5,1.0,1.0,0.1,1.0
1.7767607363200824,1.6317421854879588,1.6363729373210165,1.7003886462387412,1.650096404119307,1.4742276090607476,1.87882287716813,2.0435341353274943,1.9703126982750976,1.1895850842003801,0.9758786780758958,1.5,1.0,1.0,0.1,1.0
0.6338924673783741,0.5792035731191267,0.4898141081237153,0.8701918789749272,1.1129120086821616,1.5080895026825338,0.7821139504011718,0.7056844425531705,0.4285389029649141,0.43951536082313125,0.7349743822827036,1.5,1.0,1.0,0.1,1.0
2.173141312860532,2.127463344607715,2.3767485597529543,2.3548268687703393,1.7106035716838206,1.3508676236968065,1.0279633750986434,1.2627034170004099,1.2798350864138288,1.6759163912204516,2.008018755026992,1.5,1.0,1.0,0.1,1.0
2.6321245329849368,2.7512570736692763,2.365184003467938,2.8138687738056625,3.0102844085833684,3.2369546528119093,3.3156748308355732,3.352354000178202,2.9249865863665114,2.621797740980671,2.887393646101831,1.5,1.0,1.0,0.1,1.0
1.0996741367938005,1.1476318825089824,1.3808020351571844,1.5115512388851817,2.0057699098533273,2.179128861300407,1.7667293828545056,1.2923859285693031,1.3552699114060884,1.0108786565776282,1.0742128490305158,1.5,1.0,1.0,0.1,1.0
1.0840052327688885,1.8621889740716195,1.9807522818071315,2.180581843533524,1.827355792867208,1.0555591619986195,1.3438662431572173,1.9555447597400026,2.3857813438632918,2.6002592778286644,2.5999498031981148,1.5,1.0,1.0,0.1,1.0
1.7971865627593517,1.2954720577992689,0.7328829739994811,0.7375894482252643,1.446169388690649,1.3632644928769446,0.9111701318066505,1.1888562472505941,1.1165874239865894,1.3654310205363676,1.709234909163897,1.5,1.0,1.0,0.1,1.0
1.5417201169344088,1.8239286179298146,1.473863127489806,1.608333555541218,0.9007308312115623,1.2793486514081085,1.3141676373248061,1.0377815412672124,0.5905033109716905,0.8560517494382553,0.3741788701812162,1.5,1.0,1.0,0.1,1.0
2.4330799166260637,2.442731083352026,2.450678926816521,2.408022687870384,2.511935565800094,2.141913952778076,2.2683364303945255,2.459647876009137,2.0345211804936563,2.2027613137421915,2.240099644854239,1.5,1.0,1.0,0.1,1.0
1.0867564740892683,0.9954899220559419,1.548917384525244,1.646832274911556,1.5062972152248857,1.401142783007173,0.9928581851265592,1.0109502752966542,0.7522938725161188,0.6067247118320148,1.0659146010481595,1.5,1.0,1.0,0.1,1.0
2.003597124109658,2.0449775955491183,1.7370450286930053,1.740241670535519,1.502379424392042,1.697278688760154,1.6835812547020599,1.871194431410438,1.7553353752661898,1.67266707441914,1.8975178915373465,1.5,1.0,1.0,0.1,1.0
1.8831719841630186,1.835080835091277,1.6302573727056275,1.6633369740825927,1.8519430417005036,1.8066307071581114,2.0412737286658995,2.5354907919235345,2.3985036566672187,2.3839485963707037,2.3188495839044596,1.5,1.0,1.0,0.1,1.0
1.7218070518836002,1.8092775596059254,1.5577763229281558,2.1238619315904383,1.7374759208524653,1.7929284131368413,1.3453915035112956,1.6254529846237529,1.600010813924668,1.7569204739173137,1.303686829323321,1.5,1.0,1.0,0.1,1.0
1.6475344962219838,1.521445376440833,1.5794358635745134,1.9909884346931337,2.2694646765886946,2.285534311605041,2.619094817158195,2.54504267303273,2.597572406445711,2.0266876596705443,1.7211710614155769,1.5,1.0,1.0,0.1,1.0
2.9834145613343392,2.98503535808882,3.0073189186270497,2.303352957552568,2.1828015894204844,2.003792531448443,1.7989326780955759,1.4046301853707237,1.4675367016917016,1.6403106099525813,1.9993545283766276,1.5,1.0,1.0,0.1,1.0
1.0946765909186267,0.936773483705245,0.8950472691758045,1.2790591842531605,1.6638977365986816,1.5763088725226484,1.240717247457879,1.3214029982291675,1.339416191295084,1.7467422299496056,1.5776291645245497,1.5,1.0,1.0,0.1,1.0
1.2876597869765432,1.0603580823555994,0.6800370927717966,1.3647885921556215,1.6269843922901581,1.6242140514985886,1.3938800678398031,1.5644745709526395,1.0981051462876514,1.356476513870495,1.4194102024754611,1.5,1.0,1.0,0.1,1.0
0.47057400112304687,0.477561827512674,0.4158581083343769,1.3848713405748536,1.3172252498477877,1.482494468915875,0.8935479800437641,1.3596926228127093,1.3903142155253725,1.1814448454130944,1.0412814492248827,1.5,1.0,1.0,0.1,1.0
0.3764539988450485,0.7827980723971282,0.478687312001722,0.39911732978685943,0.4937760053768884,0.47059649109423896,1.0874379268456076,1.337872339859151,0.9438998237466272,1.356962110477504,1.2587359607717876,1.5,1.0,1.0,0.1,1.0
0.602880587715194,0.492387490679031,0.3231800462532606,0.2813155364688882,0.3648380689523592,0.9573401313570462,0.9445752796411618,0.9567490758129187,1.136049012087218,1.2350691159037435,0.8279646634273403,1.5,1.0,1.0,0.1,1.0
1.5956108313136006,1.855481746850059,1.767491173974366,1.550813288828432,1.966155338665145,1.439674428547315,1.4949972397365892,0.6930457283792317,1.1241637100674882,1.1861502104718384,1.0174352190804414,1.5,1.0,1.0,0.1,1.0
0.45222997671743626,1.0237351106041355,0.8424147598358465,1.328328288180014,1.6115519827092366,1.4755520220775993,1.4273866688987487,1.6036743397837026,1.7139516344507442,1.3806517195961001,1.567322962134457,1.5,1.0,1.0,0.1,1.0
2.1478832997734654,2.2516952980160574,2.4857100094214126,2.1533533307220742,1.9298101777097645,1.6515328419293283,1.585470228109128,0.8815083663470873,1.3356345836324648,1.4798178436542946,1.7999904161937685,1.5,1.0,1.0,0.1,1.0
1.3095038341358396,0.9623904205173236,1.0753599294914251,1.1109286580550581,0.8854765632137516,0.7087244424558762,0.5482272726586199,0.49370674516558355,0.5966546031031228,1.083560371529384,1.2178408377906418,1.5,1.0,1.0,0.1,1.0
2.5133864145164257,1.9756672705314,1.7732161808322262,1.9411251304473631,1.9702304742492889,2.4707000753360164,2.0328480628453254,1.8725961659546542,1.8801673464068729,1.8280175081588017,1.826239781196922,1.5,1.0,1.0,0.1,1.0
2.1095450944120753,1.8683086265923716,2.409733804632903,2.5785265002950513,2.6878800144789645,2.1886087526260827,2.2440784085505974,1.8680646385295978,1.597601738954382,1.3177900741360318,0.9049054050857785,1.5,1.0,1.0,0.1,1.0
1.097378133289228,1.4069235017297048,1.2027310337403048,0.8345805464053937,0.5492725957730284,0.10927089882150454,0.4545063217463482,0.5215519235263505,0.8952813201553415,1.2854130272397277,1.646979116905366,1.5,1.0,1.0,0.1,1.0
2.061231372953435,2.4772209821315907,2.699798851180259,2.404867218831325,2.283642829280863,2.9365424977063608,2.5119788122400473,3.1695171482289592,3.0823677957028797,2.5257766455228654,2.216484661445546,1.5,1.0,1.0,0.1,1.0
0.7458217348515847,0.6015668234087411,0.9044824607789538,1.5789694797114002,1.5530125908666372,1.2876993263806988,0.9821044280159371,0.8242999437506229,1.3049274558086106,1.5700709853733807,1.5868072326070812,1.5,1.0,1.0,0.1,1.0
1.537285768739626,1.6702557942822418,1.447521737280732,1.5968199553670013,1.482570257329594,1.2478885065626524,0.7884827187040673,0.48025598361738814,0.6507335213146733,0.9291170130107564,0.837386034490009,1.5,1.0,1.0,0.1,1.0
1.1370580060141662,1.078228398832924,1.1133903241830678,1.125150107251624,1.0616224058436559,0.7742157237917535,0.5421150953653624,0.5723751368339238,0.8655380448370352,1.1925538329200325,1.4400284712621665,1.5,1.0,1.0,0.1,1.0
1.6321772548216504,1.7705009363916184,1.075634289981896,1.0986147639343322,1.2951665704869804,1.306489620069231,1.7526155857279067,1.4330755640142412,0.859558308692187,0.88724300374967,1.4891517851833027,1.5,1.0,1.0,0.1,1.0
0.46046921855015205,0.2238715292439752,0.8425532867527109,1.2022761620479638,1.9179853318163729,1.9587703763673427,1.3094734815170368,1.5608864153775681,1.0958015418752527,1.0564993378899332,0.8344486891621083,1.5,1.0,1.0,0.1,1.0
1.381605637055256,1.530982970869659,1.26516187953028,1.2329036327284681,1.66363968359413,1.6061300806815992,1.3658904012828106,0.764224967550077,0.8436057324911728,0.9547319115242069,0.56682684772834,1.5,1.0,1.0,0.1,1.0
0.5642122004269446,0.38090232785571976,0.5254340065479495,0.5536745774661505,0.9640662616813991,1.4081204671657872,1.3900126374653727,1.3187052219793287,1.4308488825392902,1.3729736668168022,1.2212943762223407,1.5,1.0,1.0,0.1,1.0
2.4738030144497505,2.380218725410502,2.1238036520080184,1.593118349809163,1.5527139665431402,1.7849114169898668,1.8186980536463668,1.7475512411249092,1.7044807779011546,1.5207619326952047,1.7649081363852759,1.5,1.0,1.0,0.1,1.0
2.0963888852042363,1.834060329796888,1.7076105935000276,1.831146998377526,1.1883986873208856,2.044580937901198,1.5380316255663438,1.1880952877539548,0.9091500730290906,0.6538534465810297,0.8323394264821038,1.5,1.0,1.0,0.1,1.0
2.159305679405295,2.094900655919802,2.0056852395500147,2.128608093548243,1.954499513686817,1.686667568882548,1.3849379793481549,1.8247793760731374,1.7353522507612786,1.1596518608486748,0.9840595526052782,1.5,1.0,1.0,0.1,1.0
1.4380305862402918,0.8164162766907656,1.1059169021929283,0.8765970116547073,0.9271765061471143,0.9168601014168564,1.2469803023340074,2.0143116491940765,1.678651556018,1.9570035081775197,2.0799940556278105,1.5,1.0,1.0,0.1,1.0
2.243021841566309,1.8093191763460963,2.059033376440441,2.1822388142102396,1.9075403645900884,1.7407004309276013,1.553814694590404,0.9217443856307455,1.3313902247813059,0.520124540931033,0.5958827529695567,1.5,1.0,1.0,0.1,1.0
1.401548153546309,1.1752371417956151,0.9822186316612883,0.8282558784350831,1.228790968715456,1.4063865313634631,1.3838296190569188,1.316047690591649,1.6285132178841075,1.9253555750871243,1.823994927720104,1.5,1.0,1.0,0.1,1.0
1.1267092348511563,1.401803452506653,1.1295304726517048,0.975934005662801,0.7234231869826119,0.40172197263553144,0.7129971487635383,0.9666787428064525,1.1681382316814197,1.0072249992190558,1.1448698974372225,1.5,1.0,1.0,0.1,1.0
2.1957108873622326,2.452138173586378,2.479250335255869,2.541792861552284,2.536237148874633,2.724324853314556,2.645783561940031,2.553053156542479,2.939896332745326,2.6522827183241056,2.4660348462743866,1.5,1.0,1.0,0.1,1.0
1.6049271242312784,1.8655971653205388,1.794504492153682,1.901365468494395,1.5317059265325674,1.2290342927532125,1.4344020849527932,1.3186965271628825,0.49039396052502715,0.32180112481576556,0.5206501092678993,1.5,1.0,1.0,0.1,1.0
2.586995014375431,2.4212329933573895,2.3569863908652944,2.5913283758632786,3.129594188001069,3.1659926087892254,3.0641440198582375,2.88493903031683,3.300226932238546,3.486475754668845,3.168970562600679,1.5,1.0,1.0,0.1,1.0
2.024774133718641,2.2533839531247595,2.048684640385721,2.0691414265609374,2.276685970091513,2.382153498463335,2.4079297507354336,2.4114271304651034,2.1258672331897475,2.410591310121927,2.66670849095724,1.5,1.0,1.0,0.1,1.0
2.0044073455929508,2.033650975985097,2.3508082581485734,2.0568808964402234,2.423265306429355,2.193903125573796,2.4088459576521313,2.740484041944046,2.4227434415381275,2.7578404275926944,2.9281179135158366,1.5,1.0,1.0,0.1,1.0
3.345451406502709,3.053372238953331,3.081823758638453,3.0173933819133865,2.6313328439924035,2.0775993339354697,1.8409735270437988,1.967596613235974,1.9479426706549392,1.7584582760321128,2.05986512965458,1.5,1.0,1.0,0.1,1.0
1.5912767616186525,1.6669280793816326,1.8584121911140403,1.1401735573510774,1.1137272068063913,0.7885038320332849,0.2719148693250961,0.551953854059885,0.6663924374955388,0.9288333606727782,0.5782420339717849,1.5,1.0,1.0,0.1,1.0
1.7225062295439928,1.943528365726512,1.3707108253754559,0.733330376477825,0.9995860979625242,0.6859986215567531,0.4117619552712835,-0.06498629555329771,0.5047954099664038,0.5393407185788356,0.6925102480286905,1.5,1.0,1.0,0.1,1.0
1.9345139090337067,1.978803103869719,1.8268957125511667,1.3162929214425731,0.5116381086614339,0.6239587993484794,1.0061140716675727,0.8428312829876008,0.70808687717763,1.0031561013427326,1.0011764964834073,1.5,1.0,1.0,0.1,1.0
1.867482640351878,2.0916449723986084,2.2249938826899402,2.392255840066481,2.586944904463875,2.091331155077544,2.4410084594156953,2.7510074331721905,2.851159339049478,3.1967149485438755,3.595700158290434,1.5,1.0,1.0,0.1,1.0
2.4264128916880017,1.8059102768122997,1.8010095296639197,1.6192265081013484,1.259526765908764,1.149220007255616,1.1142832226662056,1.1442312767266145,0.944524024876635,1.2407355730907448,1.3794435162443015,1.5,1.0,1.0,0.1,1.0
0.6427621294636374,0.7179738894480603,0.22353617405491621,1.0562617910457286,0.9093966742347634,1.2073553248633784,0.9270424817697478,0.49459317024216165,1.1492463494544625,0.8737893170618406,1.212415287152349,1.5,1.0,1.0,0.1,1.0
1.7343922271579215,1.9305849576695913,1.5386482173742937,1.4260117891961284,1.6706721703281384,1.4297640151266862,1.6280968261505286,1.6854625243153838,1.4051530922068736,0.8382260820798336,0.9592393761195811,1.5,1.0,1.0,0.1,1.0
2.5290103886248265,2.9646989336955913,2.392909145325705,2.6428091862414633,2.153201244913115,2.331731838581654,2.438105998202193,2.478191774912272,2.8968055130440713,2.4222780442259673,2.01796602002698,1.5,1.0,1.0,0.1,1.0
1.0872740015284323,0.9261441915522302,1.2107893138540415,1.176473305613511,1.0174150076543813,1.0075450366495287,1.0043430434806637,1.2571995353134213,1.4050553923050693,1.8407609380126366,1.6404972060022083,1.5,1.0,1.0,0.1,1.0
1.3380979735979457,1.9282501562787453,1.8962919976584753,2.2528068929427163,1.7173861353985127,1.8796194008484384,1.8568123403714265,1.7139156657368508,2.233120265753364,2.5951903466638564,2.963156872097538,1.5,1.0,1.0,0.1,1.0
2.036005309353079,2.0278069806419707,2.106202444901725,1.9647078743338167,1.1815692111652327,0.9478507948694472,0.5323113645393417,0.9524030777680772,0.9304257356048048,1.106624930716434,1.2655880122985421,1.5,1.0,1.0,0.1,1.0
-0.35784270136859586,-0.007381787820615021,-0.231240232820179,-0.33664650017255504,0.18901518113484445,0.30109645373172944,0.3305562097486087,0.6056355559275968,1.158602235389904,0.42433200743829047,1.1038877614343174,1.5,1.0,1.0,0.1,1.0
2.1859524140720312,2.2439962843283165,2.2705769759825163,2.2844829531291504,2.212984877268229,2.556146669967297,2.673817151763475,2.5599285384976502,2.6937283268076473,3.0500480190338055,2.7536554180935218,1.5,1.0,1.0,0.1,1.0
2.5924066874095395,2.38482207401381,2.4420309228152695,1.9290470699068645,1.5063702260345488,1.3658507255274335,1.095504895540568,1.72300029568763,1.7887293110505207,1.3359462100699198,1.476546817891559,1.5,1.0,1.0,0.1,1.0
3.4274908853511534,3.907625952124564,3.611497722240656,3.1119779698480805,3.1750374319636476,2.7408642784498745,2.6825180639608406,2.6202843781939245,2.719084194528178,3.0208180201747754,2.2585701246269205,1.5,1.0,1.0,0.1,1.0
0.3502306300452209,0.8819256812738733,1.3233539436336823,0.7739215748326833,0.8983825682078306,0.6876107081070466,0.8261795669813142,0.6395262684548095,1.105627003079599,1.1010399351481475,1.3260152858065533,1.5,1.0,1.0,0.1,1.0
1.5156430828072975,1.9308822798781367,2.3018144033352064,2.1726482540999483,1.7564066749642744,1.7362156517270084,1.8243571934873983,1.7715912778288354,1.9157347371189408,1.7476548175758841,2.1079963003806825,1.5,1.0,1.0,0.1,1.0
1.2245648854350666,0.5577888954941683,0.5133091610495416,0.16973358599460542,0.6347791674772318,1.0594861965107396,1.317639547874379,1.3952727601610266,1.88761644351155,2.1544389287233217,1.7013809947261307,1.5,1.0,1.0,0.1,1.0
0.36230248744077354,0.08712408776588898,0.5378484271603237,0.7029586507591414,0.49993836936842445,0.5933305503039491,0.5555162157124567,0.9104775828049689,1.3854722203913608,1.6874510846036386,1.190445648064617,1.5,1.0,1.0,0.1,1.0
1.184076218449959,1.1998975941987278,1.0919276427264692,1.1901816880734575,1.2412963304667484,0.8384741815202567,0.4567581234459156,0.19179459903075435,0.4835579317309482,0.40501701359960157,0.5742278733352427,1.5,1.0,1.0,0.1,1.0
2.496281182931815,2.685278484918127,2.6218621420543347,3.0533649925719297,2.3431668676746242,1.97544767199502,2.0378837094313673,1.8155841482148065,2.2540205327738176,2.4236207524796107,2.462693793431371,1.5,1.0,1.0,0.1,1.0
1.2285574328510538,1.0545470034868467,1.300439791247248,1.7365472497907923,1.8172567839876905,2.0539146968182562,1.7641479461382132,1.2771083836195989,1.69199119257524,1.7460542879490597,1.9190560922772255,1.5,1.0,1.0,0.1,1.0
1.5703484658392124,1.5770047270621557,1.6805927015350375,1.5821531596560166,1.6229314811924864,1.4796660591112074,1.1062669963550533,1.237990379607016,1.5305248351760266,1.7812745905148473,2.2868919950469655,1.5,1.0,1.0,0.1,1.0
-0.34998565353638117,-0.3864327523746698,0.4144073063124594,0.4581437446897111,0.7454565366117021,0.60966235932519,0.888489725738004,0.6601368712935178,0.949162982801956,1.28823811774481,1.4870719477758059,1.5,1.0,1.0,0.1,1.0
1.5206388487765683,1.722492950344798,1.1314623584235632,1.670376915822306,1.7868485210291274,2.1002829790552093,2.447279943611482,1.8018415233149034,1.3176558277672137,0.7071088779200395,0.3527711799345985,1.5,1.0,1.0,0.1,1.0
1.2088197346330862,1.1744015256927849,1.5141957707470324,1.5260389193865207,2.0991720615667866,1.7600184583448577,1.4254835303686784,1.266200331058325,1.604484652463464,2.116063929433975,2.2089065130623013,1.5,1.0,1.0,0.1,1.0
1.1546251582556548,0.9963725753471623,1.5536397502900896,1.6982924405860902,1.8477434046935466,2.244443538498483,2.46769853380326,2.4440625372551077,2.6358631110781827,2.4038119599882837,2.6846090648070966,1.5,1.0,1.0,0.1,1.0
2.1289400150801323,2.1820918873579487,2.2730777439580905,2.1931198407852364,1.8951260811968722,1.8143724001207318,1.642191541703964,1.7737193052077125,2.030169322886914,1.864822868979857,1.8687617884947128,1.5,1.0,1.0,0.1,1.0
2.1731623093213566,2.3447224335908072,2.4046425006895906,2.61592058443246,2.578518307501714,2.6376570251928526,2.7115125701666956,2.218033513254018,2.301162167198285,1.8281274734633712,1.700711666099927,1.5,1.0,1.0,0.1,1.0
2.3140761015442584,1.7255217379892658,1.700164521244162,1.8342002199597585,1.930037378844828,1.3259553104771329,1.2604684907817738,1.586802808359022,1.2747596511830201,1.4976253861045519,1.9547433088282604,1.5,1.0,1.0,0.1,1.0
2.0452848285728775,1.6225984763105163,1.80676697261325,1.901378163256151,1.9517277003090392,2.17582122195354,1.843952591669808,1.6384532146104298,1.6910717317130468,1.993496545924091,1.9745258615000854,1.5,1.0,1.0,0.1,1.0
1.9853776867283446,2.3836335507075854,2.2480752932044723,2.1038000980592555,2.383552170928341,2.555989902665323,2.720017597872669,2.2639138766865248,2.472889713626019,1.9353037855798585,1.2695445127952794,1.5,1.0,1.0,0.1,1.0
1.946742331419203,1.9842543274879252,1.9226120163619225,1.595916614002444,1.3872431362562236,0.9692211383228868,0.6361073102071155,0.9957039012920849,1.6255041195047455,1.6259225745958557,2.1336967181912225,1.5,1.0,1.0,0.1,1.0
1.1067037941495903,1.2187866425238414,1.1306626001548796,1.47210578514816,1.7468612080170247,1.3617659688825954,1.2262877577117874,1.4529143738585792,1.3748506181471098,1.1499128512965284,1.2097699934986124,1.5,1.0,1.0,0.1,1.0
3.3001400808274757,3.459844164490701,3.2318665812766696,2.8915495820798616,3.089203912009042,2.7336650598303254,3.0647895217704306,2.7693156463192494,2.330854791687057,2.2680407915091885,2.109691180198568,1.5,1.0,1.0,0.1,1.0
1.4460217337744752,1.1509272585245258,0.8363045013756369,0.9175685450254153,0.9461903328307391,1.0604445575744625,1.3636172984747061,1.0680925613228403,1.2608559371523813,1.1762186478765182,0.6709917147481707,1.5,1.0,1.0,0.1,1.0
2.0602646041803556,1.675571411431244,1.5785136027987885,1.5055813279287809,1.5656266657605926,1.754234582793636,1.7814896011490329,1.6718584393065243,1.3351303927242628,1.4629460496978375,1.705310741500653,1.5,1.0,1.0,0.1,1.0
0.8629076195898784,1.3786845929042548,1.3779292326452328,1.0171341244231789,1.2619809023712747,0.7842886955007731,0.6487281563742491,0.9595378275570088,0.8395692189397493,0.676402727757087,0.9345165285956143,1.5,1.0,1.0,0.1,1.0
0.8683744388347744,1.1295687113301174,0.8298742226752109,1.0287866700697346,1.249779639528719,1.2446449302705214,1.6886046365430638,1.6580706705287456,2.195949254337599,1.8941044811166556,1.9534904638577062,1.5,1.0,1.0,0.1,1.0
2.776567153522742,2.849772181462308,2.649532907742636,2.509206521361156,2.5365130259298834,2.775821518919149,2.959661914803351,2.6629713211710726,2.8188827444616815,2.8837803688056947,2.135976127945842,1.5,1.0,1.0,0.1,1.0
1.95948415288721,2.0483023523698822,1.7125418690476664,2.164574289116071,1.977223432975951,1.8412845929563968,2.1654842940210246,2.594899013471657,3.141805458455363,3.02301002241662,2.584529428283436,1.5,1.0,1.0,0.1,1.0
1.1242104673877233,0.9307000525834985,0.8509205582621397,0.769384001235841,0.4694088136980087,0.8292472844080574,0.7819656147736114,0.9398776169178401,1.1085413868882257,1.878681787684176,2.0848868234794513,1.5,1.0,1.0,0.1,1.0
1.1269263733170634,1.1391118555519144,1.4441564448287292,1.9491224617027962,1.9233086821623326,2.111674027336466,1.953984613101188,1.7920907885149469,2.021452435249293,1.867680712483685,1.8943261952522614,1.5,1.0,1.0,0.1,1.0
2.153152800544067,2.050027016506986,2.0032325173660825,2.42798300311451,1.8465518718873173,1.7437686015522778,1.377502287692074,1.319740041478606,1.372233864527291,1.1810784611495542,1.2857115152010639,1.5,1.0,1.0,0.1,1.0
1.3388063002236859,1.4281596490059925,0.9992210215916346,1.3810076115114338,1.5043854160671173,1.2505195163701017,1.589642553091778,2.0210293343641474,2.019633101206007,2.0041788516837236,1.7552272969891412,1.5,1.0,1.0,0.1,1.0
1.3376435685306585,1.48142591047798,1.3558823250318945,0.7706085936114643,1.0351480232282597,1.3886525564275116,1.8006022097479504,1.121998321708848,1.124755842576033,1.1583862996549932,0.912975585551239,1.5,1.0,1.0,0.1,1.0
2.6406883538875014,2.3485191402667778,2.384010597973317,2.5353223181753526,1.95213741077047,1.800583221624505,1.5372073813192713,1.4407328717915164,1.3124489778878399,1.4276596758093472,1.4731834969298465,1.5,1.0,1.0,0.1,1.0
1.43560941500397,1.8525001326919985,0.9279878763747558,0.7468232304042115,0.9879336116564957,0.6215427765808395,1.1218466125728428,1.0575912851261657,1.058513570729072,0.8589281684412878,1.2693952955457664,1.5,1.0,1.0,0.1,1.0
1.3736680699212176,1.3872941875239264,1.4920490818392438,1.354818733172716,1.1764848431437676,0.6677176187490698,1.0122188517233885,1.063548598569651,0.8544428723282926,1.1605979330235154,1.4416886916373706,1.5,1.0,1.0,0.1,1.0
1.2672328351152966,1.5649037212138945,1.195470618111155,0.993497441766712,0.8980815441987502,0.5257133366913062,0.29732904490630135,0.4756000878303355,0.7293386837324742,0.4796160419557723,0.9082377701977302,1.5,1.0,1.0,0.1,1.0
0.4140706307195087,0.45208744903879716,0.4512304581784984,0.5244076277195604,0.9846367944497052,1.5054142206154717,1.4472900312008168,1.3997592296438433,1.0952398609834708,0.7716037403969567,0.5291316398243839,1.5,1.0,1.0,0.1,1.0
3.2044097975444537,3.33324895820756,2.9047713963350574,2.218581962850294,2.54731113656705,1.9694809294553115,1.81214761923252,1.73122762456425,1.3877602582689263,1.5005520484271921,1.716949659683877,1.5,1.0,1.0,0.1,1.0
1.1825136670021092,1.230228339411651,1.06311228568181,1.0170002208194628,1.3340884027721618,1.2277431239576182,1.4702533877708335,1.714103482202979,1.6407868466335491,2.1139119816355514,2.396550625425424,1.5,1.0,1.0,0.1,1.0
1.414257562591108,1.28767762223814,1.106581292429003,1.3888149499514673,1.3906120442422354,1.6272574602938468,1.8096797035264862,2.0915429969879993,1.700347334470672,1.4957526258505585,1.5064459668545715,1.5,1.0,1.0,0.1,1.0
1.5074765965956152,1.3296841173749048,1.1241596960549398,0.9251099217233988,0.8053130707759173,1.1717582195016112,0.9462616062091602,1.0814785637344597,0.7464358297695752,0.8750850416071737,0.9657084998620891,1.5,1.0,1.0,0.1,1.0
2.1759567782379916,2.094473640202221,2.5839187484170267,2.590423217590421,3.0987981835140745,2.9965404334948427,2.89033718432326,3.3163026297356044,2.629914316078316,3.4079919524791245,3.455022673994577,1.5,1.0,1.0,0.1,1.0
0.8329945170594707,0.9627461359699334,0.9565005158109219,0.9114443504383785,1.2594291708599963,0.8376648684649551,0.8082095120964751,1.2134239349815519,1.063184301728755,1.2796458518991072,1.3369107370858295,1.5,1.0,1.0,0.1,1.0
1.1409453081182535,1.7881021950855458,1.7260884329092043,1.697928900622476,1.6871865919324098,1.9197937323583019,1.8623022509063325,1.9120660582679627,2.20678059873683,2.739282921309602,1.9648265106414522,1.5,1.0,1.0,0.1,1.0
0.9187760753520057,0.5751705569176288,0.5727626074840587,0.428398389111186,0.4856531262745594,1.2060491098041104,1.3822147809938883,1.5109509621188448,1.624091656532045,1.5882460765509525,2.0138025419515135,1.5,1.0,1.0,0.1,1.0
0.4950956012044835,0.7282378728456034,1.2308190110300197,1.4500178408917042,1.3644356735170708,1.4686566279974882,1.405340150708795,1.6944964449039184,1.6569992097603627,1.9208340108974742,1.94312550107755,1.5,1.0,1.0,0.1,1.0
1.0926679948674642,1.1214289383963856,0.9962032524291555,0.5771756274672757,0.5508823220270189,0.23693232947405135,0.5058621933677904,0.4569219261310631,0.6424332586972692,0.5794017886016011,1.3146051915719976,1.5,1.0,1.0,0.1,1.0
1.893460032313065,1.2648552024259638,1.408952189678457,1.0301732745273673,1.078972915664426,0.97665122634564,1.4258706638340461,1.6198257299279468,1.4903049272060405,1.2419796378214825,1.6504778974995298,1.5,1.0,1.0,0.1,1.0
1.44670880784426,0.9368609449542837,1.0075686468896492,1.060204655131834,0.6880497217754087,0.4829061540234609,-0.0994377487706457,0.7419389046059103,1.2983220536278997,1.5613119824621329,1.7388642008284223,1.5,1.0,1.0,0.1,1.0
0.9624362797319262,0.5913295721618426,0.6267482544931464,0.06886408395555499,-0.11440273921921898,-0.38079813284408764,-0.15802687162311305,-0.020317515650235977,0.04720518910775642,0.43212051957823217,0.36648267468771867,1.5,1.0,1.0,0.1,1.0
1.98045224859899,2.373808512049975,2.320293664684863,2.1341398126354534,2.0429254164834143,1.6184352180756374,1.4776484512525996,1.3329873990176269,1.4097869314527194,1.2507492054311704,1.293319616748904,1.5,1.0,1.0,0.1,1.0
1.3804751979088452,1.279543991859894,1.433701417425904,1.4819319381016958,1.2265539420420861,1.1012518162064786,1.3546819225073978,1.3266349880399708,1.131032278049674,0.9940723320602823,1.5382225434348369,1.5,1.0,1.0,0.1,1.0
0.8449088816067543,0.7878042335844804,0.4161813952100742,0.12873829766753964,0.3178880070786377,0.532192577599533,0.5959987853229413,0.8729435304061863,0.9475926090881209,0.6499271988232778,0.8234241342531371,1.5,1.0,1.0,0.1,1.0
0.9762288689874853,0.5337313333832898,-0.2959093378999189,-0.3142332012309118,-0.11044652154862424,0.1518693090964762,-0.040626771968962805,-0.10301274593591836,0.15400607656089588,-0.05265291266483674,0.0941613907785413,1.5,1.0,1.0,0.1,1.0
1.7242897941820865,2.019167724854594,1.8131266687721297,1.3377040380646636,1.0020087449897348,1.3166496364656541,1.8997915961488991,1.4711089336346794,1.2826290610682316,1.222500719670669,1.0797124516689414,1.5,1.0,1.0,0.1,1.0
0.7755361275933916,0.8716282578219787,1.3814057394286545,1.5625398689585903,1.8195726197411393,1.463915033956013,1.6503143573133547,1.5125384043030525,1.2024966036353368,1.3744682304217368,0.9910770935337525,1.5,1.0,1.0,0.1,1.0
1.9376963412112074,1.4624357121116585,1.2896695638501694,1.3211873255480915,1.0629271355976946,0.9551959282924669,1.0764645015020546,1.3272732009010302,1.637780899416795,1.5713821773375007,1.8987706232974841,1.5,1.0,1.0,0.1,1.0
2.014308667714262,1.8958613964353692,1.8287488620900505,2.0509548965157824,1.8474305309196764,1.6837881902377858,1.750735274760754,1.3553527855892753,1.5891037837466984,1.3463567976106967,1.5028961397843523,1.5,1.0,1.0,0.1,1.0
1.5614408917033116,1.5819159373344056,1.0353122900448586,1.3196443425899853,1.2150014967692393,1.0443818593294492,1.3531419001767555,1.6362870919353645,1.5240553862780502,1.9586656691135547,1.6935506001229839,1.5,1.0,1.0,0.1,1.0
2.3368509097850754,2.3213851158475776,2.172432297322885,2.1635823283692694,2.150322653867988,2.109744661132383,1.6693361551829677,1.2132599741940227,1.6602339594273854,1.7990811460380978,1.657357849052894,1.5,1.0,1.0,0.1,1.0
1.8190123561828109,1.5854849697237707,1.8000115158519763,1.882462065590396,2.3581650375870087,1.934124768157821,2.245593542589078,1.994406186875481,1.6772960849854126,1.7260483989342197,1.8052503121093533,1.5,1.0,1.0,0.1,1.0
1.0597865560674757,1.0726959483499217,1.4792218463351676,1.491470457264887,1.5486369327119245,1.550970667194342,1.5771214835097593,1.5612397094491421,1.7594739430422623,1.6595809512918172,1.9422310600049946,1.5,1.0,1.0,0.1,1.0
0.21746266515938964,0.2947150640901888,-0.14693540697922236,-0.011633439514026747,0.286820326681967,-0.05431317598602614,0.31138318602170034,0.2107670227382066,1.1880212155673342,1.1226366507889567,1.292812714379863,1.5,1.0,1.0,0.1,1.0
2.516750168201293,2.79835888501704,2.5934962380502276,2.619282024193604,2.1400749324176838,2.0117591334399423,2.6279547663432004,2.9997678615725336,3.4001992695923757,3.42617516561575,3.469699021858811,1.5,1.0,1.0,0.1,1.0
1.9764482242727728,2.0241610637028873,2.197257419719678,1.6802719356066766,1.858933239164974,1.7380055703615818,2.2876872299965,2.4730480045086347,2.798694940839572,2.704871742307625,2.5913381650311647,1.5,1.0,1.0,0.1,1.0
1.608154766886083,2.005759515844301,1.4246840859746221,1.0753385200155012,0.9275342159970674,0.9264347464706075,1.6185660988854789,0.954545403674945,1.2267556825465644,1.4735703251321082,1.2151392058689028,1.5,1.0,1.0,0.1,1.0
1.8450610659445161,1.6430724625233062,1.339853320843249,1.30403213422841,1.2697300609039843,1.2969966679654565,1.1278111209683792,0.6301490696631072,1.6576156044293446,1.6635959604615878,1.224504344482925,1.5,1.0,1.0,0.1,1.0
1.5389009881707032,1.9372753391139659,1.7508462851394466,1.726993769330627,1.3214319633737968,1.3146663613579033,1.2019303430333768,1.6309647169954038,1.4509217204089477,1.1757674226576642,0.9142052737205393,1.5,1.0,1.0,0.1,1.0
1.33099044075956,1.670688915510641,2.0591521654636225,2.155223644196547,2.777818521510482,3.1705699133844902,3.376538469369337,3.432116436752208,3.50745941017427,3.5315270184576644,2.9172648066442872,1.5,1.0,1.0,0.1,1.0
2.447132318967875,2.8940578299843733,3.1705092548617495,2.9841339727765788,2.41063761962818,2.5266179327150584,2.7751864436595435,3.0407454737928292,2.8908184476774172,2.5146472979272554,1.8870985832799327,1.5,1.0,1.0,0.1,1.0
1.4298323592088014,1.5602006123577032,1.9774361311551518,2.40867855966437,2.71393631884783,3.038884075517236,2.9649518647524546,3.3124418883979225,3.0613838134855964,2.5199248048907164,2.01956708260533,1.5,1.0,1.0,0.1,1.0
1.9951288467319368,1.780834197920945,1.560101673857381,1.554718308188605,1.8542203049319457,1.2136894726589473,1.7555362122483893,1.79374650757054,1.571681936259248,1.5402223406422455,0.641648431008988,1.5,1.0,1.0,0.1,1.0
1.930163653345015,1.7894653614227154,1.9989910113491973,2.4282325606676167,2.6622276108011818,1.7976202981281584,2.0809667167437365,1.8447197416116337,2.1944506888789017,2.410824177611353,2.1651240021392035,1.5,1.0,1.0,0.1,1.0
0.9980174267561146,0.09661365853425063,0.6150980435922708,0.7352123431961802,0.9119709535580436,1.0991503325452883,1.785280848382326,1.6628697580875695,1.9763525481801747,1.1967423967890767,0.9914928053382468,1.5,1.0,1.0,0.1,1.0
0.9624761353540974,1.0820969767027069,1.5615414886219718,2.1046439415492837,2.17475013098954,2.0676051441207575,1.879641534994191,1.2369312532453232,1.1723033786270698,1.5409910623497387,1.9778134853007827,1.5,1.0,1.0,0.1,1.0
3.085225246474999,3.0009320983390317,2.7632638159506255,3.146823065957443,2.8891762659244056,3.134753351716912,3.109156329671548,2.3556664544624857,2.3595300986863283,2.4542246783912853,2.836584031932474,1.5,1.0,1.0,0.1,1.0
1.6358159579461007,1.7686494807304018,1.3601381026827961,1.5853951617059527,1.4052424099840575,1.453439345811543,1.0804785842419211,1.4171050075447302,0.9731576239414313,0.7722668941393944,1.1172845842574008,1.5,1.0,1.0,0.1,1.0
1.1724851366586264,1.188894706206837,1.950896604057793,1.6664748552177686,1.3091694893011525,1.7355777556071152,1.575093122480728,1.6829134398013101,1.580263877265121,1.7629837807942312,1.8409559128710777,1.5,1.0,1.0,0.1,1.0
2.127114417866903,1.8299357701019052,2.0208167768975756,1.7504510384869154,1.5792275998776146,2.246841219771012,2.583881282411559,3.007056938713624,2.731108710161541,2.2849879083963325,2.0315084379200674,1.5,1.0,1.0,0.1,1.0
0.7235471493757824,1.0088347547245866,0.49384411746147605,0.27017466850883404,0.7394060457509959,1.0018062443432256,0.9192910650447896,1.145402368652317,0.9490066762024562,1.1110244007863104,1.1618326095602693,1.5,1.0,1.0,0.1,1.0
0.8981550723288073,1.0271044170168762,1.4797899952411828,1.2679024143233895,1.7477857709275129,1.0868186873763248,1.0001838438892203,0.5852988524943454,0.9455178425588553,1.0013197670352467,1.4777492683118854,1.5,1.0,1.0,0.1,1.0
0.8934280798208194,0.8210337897043838,0.4783172191229519,0.8068318107264647,0.6956384448702774,0.8851305420157776,0.9576530753559137,1.1951185612580764,0.9485671775053934,1.0666196961928254,1.1986491431375494,1.5,1.0,1.0,0.1,1.0
0.3542419923873718,0.6276683607626319,0.6228540034156501,0.766884640356117,0.7927179818202944,1.123336878497572,1.203875286143443,1.0064073630665664,0.6468541451749932,0.6065442077077194,0.7268541926611295,1.5,1.0,1.0,0.1,1.0
0.8770058047734127,0.8852460494600588,0.7680276480872017,0.7933072533899113,0.9412326759565237,1.0554869344427977,1.4595705655743734,1.2145140198126552,1.5354547964321188,1.7595029222812522,1.675603973130558,1.5,1.0,1.0,0.1,1.0
1.1446515414329852,1.6797591470913036,1.9668865127794835,1.7069763849678614,1.510828184666548,1.8480072421751748,1.7906332173396415,1.414271141505104,1.5217621586940382,2.0703268880340406,2.1964737968467207,1.5,1.0,1.0,0.1,1.0
1.8303120904524388,1.5008432108461471,1.1146365088451637,1.3951814957970707,1.5478670018695806,1.3266951603550814,0.8919139096370564,1.1693868785146693,0.9341861698863987,0.9492044443812893,0.8870578134548266,1.5,1.0,1.0,0.1,1.0
2.125726760875664,2.2472489420585364,1.6126115683013826,1.548575393624461,1.8332962420191454,1.2222930304420847,1.880443834661629,1.940798929458134,1.6309415826696045,1.1955544993627916,1.0458118453083973,1.5,1.0,1.0,0.1,1.0
1.3591297631723525,1.147658515243195,1.328215381116755,1.0821222976967257,1.0529355618863816,1.4949169605811028,1.8343057990417933,1.8812361658994208,2.326708257221682,2.080608269005293,1.7590909661013225,1.5,1.0,1.0,0.1,1.0
1.6346926969703117,1.6222034811561505,1.3916111948504777,1.185315756154421,1.7151641405917508,1.080071212170453,0.8277145708586815,0.5715230021415847,0.32374497710375605,1.0659288874358273,1.2419875118705552,1.5,1.0,1.0,0.1,1.0
2.5419321101917243,2.491803735846497,1.8663506792057225,1.9708029024686438,1.6821383910137333,1.5676237864052385,1.7483064426830772,1.4469404720399253,1.261498450528125,1.162636178099088,1.2442457249608305,1.5,1.0,1.0,0.1,1.0
0.7811485661302295,1.0263177501695813,1.415978802627242,1.570958771907107,1.476281913260392,1.5624595545279578,1.9607288439700452,2.5928621934712437,2.7551551187148515,2.4318410187102533,3.0915271876337975,1.5,1.0,1.0,0.1,1.0
1.8949703465050538,2.3442257448563733,2.710149484827618,2.101758006456875,1.610609611669717,1.659200780122663,1.5187816482699017,1.7921345043210586,1.7254988943644212,1.778258482375204,1.766413752499444,1.5,1.0,1.0,0.1,1.0
2.492983966002804,2.541565430561072,2.82630599758567,2.9486068700971333,2.9586588649435375,2.5565027499109982,2.135344283431877,1.549048131105836,1.6389248591598071,2.0578375080831877,1.6095310221804817,1.5,1.0,1.0,0.1,1.0
1.3802787729368844,1.5232565673723373,1.4332920346465572,1.4186180715590373,1.1908253941127376,0.8659087554786429,0.8103066645620698,1.1350185470237137,0.8691541584839371,0.8028922735991189,0.8117977952027956,1.5,1.0,1.0,0.1,1.0
1.5494680578633444,1.7456669678116563,1.1466325642513238,0.9392554603348183,1.1286738782019117,1.3275148048877705,1.4313572642384498,1.204694815627086,1.3604581679507972,1.1557293029310847,1.2194132196129446,1.5,1.0,1.0,0.1,1.0
0.8142878081150136,0.9859724904976201,1.2408305668714215,1.223585615276128,1.1600494970907294,0.9577581584720493,0.9506159143344902,1.8038374151350591,2.1400599488721226,2.0196380576637747,1.5702302349691915,1.5,1.0,1.0,0.1,1.0
3.461648023161871,3.010036635745611,2.8585550003610094,3.096309472441175,2.798457256959164,3.2704687054970485,3.1987109525315893,2.535886903184967,2.5069301669769257,2.2110342992022707,2.563551352647507,1.5,1.0,1.0,0.1,1.0
0.9323173553237909,0.8796488047266151,0.9924632120596721,0.3038348170216675,0.6215954289256354,0.3969717149331424,0.30798486757564225,0.03859577863504948,-0.08290624174075281,0.2337958952318761,0.3188614134621405,1.5,1.0,1.0,0.1,1.0
2.5276030422078137,2.295722743156433,1.9429335209028353,2.009283082006291,1.6099019110143384,1.5503186769001314,1.495536122208677,1.086357859649432,0.4362295104984997,0.5255632093986503,0.06058164523535492,1.5,1.0,1.0,0.1,1.0
1.0957122425994297,1.3053559228949585,1.631006012801575,1.4012944229075492,1.3547979686322202,1.5560748784012937,2.0748842465682973,2.096979911265641,2.0332197449094003,2.071877555792568,2.1432483402043068,1.5,1.0,1.0,0.1,1.0
1.1254320027671032,1.3309490962967798,1.7114175289244384,1.3742420236957775,1.2596654465122656,1.4206503236401988,1.5639755202084167,1.6522957128633005,1.5233511065477459,1.7537670049441183,1.9015861121153366,1.5,1.0,1.0,0.1,1.0
2.2152192419493613,1.7611413791017265,1.9189208755810148,1.332868740493473,1.1720952264783464,1.0801495253779896,1.2022691716512262,1.2903875351509542,1.2065851579476583,1.540317054610758,1.9318179620048281,1.5,1.0,1.0,0.1,1.0
2.2411678431343347,1.8531774779421268,2.076630451360223,1.964960556310552,1.514205770652804,1.448239251944303,1.6131926879217076,1.063134977622365,1.098549356842425,1.6581847524547872,1.4049722738635968,1.5,1.0,1.0,0.1,1.0
-0.19074035544937876,0.1643976443419312,0.5317999642707283,0.4278332453684959,0.5896593398994502,0.6641730765611539,0.3048709595363815,0.3660363321942781,0.28391904163867615,0.7612856211381132,0.41323104650545817,1.5,1.0,1.0,0.1,1.0
1.8545797758880918,1.699027270481681,1.5050317361301926,1.3286112901392433,1.741406005064343,1.5895550854746798,2.0415684646915624,2.096760432420117,2.0228597763535103,1.673184452736955,1.5065871364272214,1.5,1.0,1.0,0.1,1.0
1.053900891551877,1.412907026446666,1.0906416935536476,0.5249324609625214,0.5118161298996728,1.070172635806494,0.7457645312722065,0.45080852506973845,0.4740856882083606,0.4538066616169266,0.7443022784660052,1.5,1.0,1.0,0.1,1.0
2.270918976680438,2.4099593996085993,2.8699449866665607,3.2509367255230215,2.6080203154356094,1.8850727180578462,2.4766961938454655,2.3392783409846043,2.128356612206529,2.361554409958039,1.8333511692694482,1.5,1.0,1.0,0.1,1.0
0.2816825517581572,0.6233522423698646,0.9550391539338396,1.182432040442998,1.2994296966835204,1.3631886264884214,0.7923746031573711,1.2066796493471261,1.394555153364803,1.693547973737986,2.0350207083366105,1.5,1.0,1.0,0.1,1.0
1.5844474170491822,1.7580330731493532,2.054989003830218,1.9408007603178212,1.862651370836069,1.8725830797653658,1.9122349079885241,1.7476418747877425,1.838328731843925,1.6915329312933174,1.905297507381982,1.5,1.0,1.0,0.1,1.0
2.08074010518724,2.0901435272436095,1.9203148161068098,1.8567760977547696,2.217975287103126,2.220742900226341,2.6427609711340367,2.213301078138753,2.0003609768977038,1.6148421336019285,1.5862882528947824,1.5,1.0,1.0,0.1,1.0
1.1811348121579426,1.4533901064504606,1.5622825010124368,1.347451006157045,0.9127233758625137,0.8633195336124232,0.9163160941127447,1.0871034507247483,1.1391106649089404,1.1498094204166138,1.73141095027507,1.5,1.0,1.0,0.1,1.0
1.0720488796113068,1.264317610888463,1.1915226864967086,0.9623614220573593,0.4320323140297633,0.883264799823182,1.554147019208488,1.7267307415939266,1.5148932786734992,1.777143935424923,1.262705625790789,1.5,1.0,1.0,0.1,1.0
1.4382016934300081,1.446963445015516,1.6667478015107036,1.5136139632351275,1.127755462097772,0.8745215252123039,0.7794687309583521,1.2060975345664533,1.3292954405013098,1.231918944865405,1.072853032813353,1.5,1.0,1.0,0.1,1.0
1.16909434060787,0.9940622412663146,1.1810187271424286,1.7563305601471189,1.6627435783516948,1.5622087694625266,1.6170275891841235,1.221761018542992,1.3037738823089944,1.4852621174886607,1.5227809700730497,1.5,1.0,1.0,0.1,1.0
0.8577670434254057,0.4389556849791915,0.8031801854400173,0.950957209535499,1.2266755709118389,1.3674855070987846,1.7700222118715565,1.537519695296454,0.5759624257151027,0.32391421741884774,0.4326929464420601,1.5,1.0,1.0,0.1,1.0
0.4147007104923918,1.1521781798317252,0.8456131946140492,0.9117910091907498,1.2818711018521698,1.5143991045669234,1.5400325061356668,1.1642475332646953,0.6776283946991517,0.5648248106179409,0.8112520836395617,1.5,1.0,1.0,0.1,1.0
0.5973884536383564,1.0194239804695473,1.1478079226858267,1.0917135626613965,0.7322607656323168,0.7452043781060249,0.8244263521125479,1.2029019928228293,1.0662138493281614,0.6499962260037989,1.1438580612665468,1.5,1.0,1.0,0.1,1.0
1.7547736120477428,2.2889755246820527,2.1291607685971714,2.555315320482198,2.517850977834497,2.664986420070052,2.0637629534170343,1.932598023157796,1.7232482540408873,1.5353019063164042,1.428460440055058,1.5,1.0,1.0,0.1,1.0
0.6603601580749371,0.5128174630760787,0.6548306771864253,0.6141920118978388,0.5999507363141627,0.3336590664732449,0.41554673516138024,0.37395944314742235,0.19544555868193203,-0.3916971760354392,-0.4677697015464483,1.5,1.0,1.0,0.1,1.0
1.7726148451397798,1.5444361244914053,1.9348636629651623,1.8954264931829514,1.7810254508877297,1.550730516638769,1.7333493817643393,1.6082678714129528,2.218242500956456,1.642074893151586,1.6672436305167988,1.5,1.0,1.0,0.1,1.0
1.9221771094317541,1.6087220582274167,1.502311406265744,1.7706412057480083,1.2028885234877897,0.9739459643181132,0.8703968667838458,1.061844023975885,1.1269503854878828,1.156165286938282,1.3279413659381765,1.5,1.0,1.0,0.1,1.0
2.1108072939853866,2.4629390576816994,2.3846863878724456,2.4457485723035406,2.3684289416982476,2.3580873806764635,2.5157991397133195,2.4294695438633833,2.4919944961539358,2.041944299859885,2.036074569837439,1.5,1.0,1.0,0.1,1.0
0.3505268347557723,0.8999125301482045,0.6522227508387577,0.7184242652087839,1.084537838326547,0.9452206492543321,1.3356701878285715,1.249030287065378,1.566036693737803,1.699729125797516,1.900502953098377,1.5,1.0,1.0,0.1,1.0
1.3564141318457532,1.8611297226647283,2.2462938970209256,2.340707777174029,2.0373909490349664,2.17606705246163,1.458679506073124,1.5872740243733263,1.7164934794026052,1.702302076822036,1.9144749504577099,1.5,1.0,1.0,0.1,1.0
0.5381072247453681,0.8303978051685548,0.729271085693471,0.48795155479737934,0.5399418702592998,0.9421210163473737,1.2816720670785913,1.1157024051364455,1.5860625062008848,1.5790754663055417,2.055708626402668,1.5,1.0,1.0,0.1,1.0
1.3187249885300152,1.3151867180794312,0.7693028392361393,1.0339717498772254,0.2614728484861212,-0.08623021398511088,0.07520582796012819,-0.1168872073759965,0.4659649687710588,-0.0072333692552655204,-0.3997236729447914,1.5,1.0,1.0,0.1,1.0
1.491903741022082,1.6695116491161621,1.171016109543218,0.9972502817294006,1.2085033883876897,0.8413396017088044,0.792996891798317,0.6164784114429807,0.8277567309316316,1.0229649064851747,0.7184598134021944,1.5,1.0,1.0,0.1,1.0
1.1302309281546938,1.3251827763176753,1.2364905936504786,1.3008278797821045,1.6054141163365485,1.7202496836940386,2.2713922935551216,2.343500600656224,1.7589292788775825,1.9525636813614724,1.9297351156633287,1.5,1.0,1.0,0.1,1.0
2.288451247360153,2.7198112771653946,2.6989819655243252,2.4521556013330925,2.369945299744034,2.47375549160043,2.117034895312779,2.332158615903718,1.6307656887093267,1.0889544300926044,0.659950384311218,1.5,1.0,1.0,0.1,1.0
2.288360980692018,2.2678711700088123,1.758972796584393,1.7675982866823412,1.2532840229569313,0.9733492034077604,0.9610436275538641,1.4101416019837008,1.616677582755393,1.4549698092492058,0.9231547303412146,1.5,1.0,1.0,0.1,1.0
1.098646028680582,1.2566258802455708,1.5284392990287137,1.6904625281621248,1.4666904966105865,1.1739464705230984,0.9325925716650318,1.5298404657271842,1.887612030936015,1.7727874198054583,1.21233711864385,1.5,1.0,1.0,0.1,1.0
1.7408254663973732,1.5027738228173673,1.3756116621790138,1.0455130296425286,1.011338544885149,0.47053341854574526,0.5530503082386092,0.5802650445404567,0.3916493598413539,0.8014467006297508,0.6766740130978603,1.5,1.0,1.0,0.1,1.0
0.453560771750359,0.45868132510099713,0.5675891162481835,0.006038887639276069,0.1283368500860564,0.12024443531200299,0.23746968939999122,0.02241520671090752,0.5643234908133425,0.8865031979731571,1.2034138935882857,1.5,1.0,1.0,0.1,1.0
1.7328311857693608,1.3760075877342348,0.8857395228342374,0.41222428874578676,0.6612418717076749,0.6604756293064498,0.7734831806480851,0.8677560308390114,0.9153721966756384,1.3181688094352497,1.8282563743924918,1.5,1.0,1.0,0.1,1.0
2.018126182792184,1.3746781060378228,1.566433001214147,1.621538444775743,1.862981981147315,1.8141061828563674,1.192534181901201,1.268491155095353,1.22109237670511,1.2638715101342206,1.3303582602200366,1.5,1.0,1.0,0.1,1.0
1.633151107592392,1.803105720584854,1.7158219491785143,1.6664955742507346,1.9371620786772372,1.597191226997173,1.1373481743111726,1.4805070335102595,1.4181216006428146,1.2640447948560136,1.041808530128566,1.5,1.0,1.0,0.1,1.0
1.355575723904916,1.9458750534125384,2.388662240082234,2.539466847869331,2.790226341394012,2.831117508877968,2.5226208082487074,2.277040007157518,1.9206185595693228,1.495700754485937,1.9406602880226291,1.5,1.0,1.0,0.1,1.0
0.875449848391671,0.7766903793145472,0.658844974351561,0.9329564814768663,0.5103278556689725,0.5966286321804882,0.5783716971869667,0.5225303657493284,0.14488981523674133,-0.159596595203991,-0.05330393341348198,1.5,1.0,1.0,0.1,1.0
0.6925322664043199,0.7499361787845121,0.6943205175957888,0.9345780018060554,1.3908333645791457,2.015188339468917,2.2505586192692517,1.6012302572863795,1.2561807567475025,1.5792075818420979,1.9100729646551728,1.5,1.0,1.0,0.1,1.0
2.8741235834269405,2.59063711128005,2.474975171675983,1.932137935897754,1.9821489111978132,2.063516257669211,2.616990316762224,2.220960297867106,1.9627697068775776,2.0758170694931115,2.2624418144453533,1.5,1.0,1.0,0.1,1.0
2.60562602263399,3.252290046894738,2.606019565765455,2.693906700234137,2.3486002404376123,1.736508124901337,1.3800409464659913,1.8079373703199004,2.096571674052559,1.8336390931155888,1.7597712353479644,1.5,1.0,1.0,0.1,1.0
2.473594666595323,2.5891943392671983,3.0196675071080383,2.6220122783637945,2.2558211825020664,1.8599852823876515,1.6356356170125739,2.030497612570271,1.5312971678181786,2.209718756295516,2.210176442647217,1.5,1.0,1.0,0.1,1.0
0.726196382622152,0.7088373859233346,0.35665881276717837,0.5334096324018655,0.9849407884008876,0.8878605747911043,1.3449531421859722,1.2246100837652503,1.1041717029119167,1.489921787009194,1.417491120438809,1.5,1.0,1.0,0.1,1.0
2.0376643767170446,1.5420877201118635,1.5894171148912748,1.5776416931326027,1.5980249428232145,1.8020384087315529,2.2435130952586224,2.1669479204503994,2.443776914222286,1.949780923667266,1.8739842692597968,1.5,1.0,1.0,0.1,1.0
0.8049995420612156,0.5332689045829782,0.9586669990350206,0.8467099170945893,0.4699499746709551,1.1484225463434585,0.8914209213986877,0.5208684120508074,0.41303621623679365,0.24726214019572995,0.6773639672223486,1.5,1.0,1.0,0.1,1.0
2.078409244584616,2.6832080135659755,2.362639824519211,2.724140927410363,2.4423089397574285,2.3287141193712837,1.8990547106971403,2.0344030035376104,1.6535108056597543,2.375027557566443,1.8636867179538503,1.5,1.0,1.0,0.1,1.0
0.9733080542664292,0.5828197508572326,-0.036605531679986925,-0.5982156498520503,-0.13065160563320205,-0.10057724867628301,-0.25143682427023795,0.26388367073659524,0.02094486846525212,0.3492957840932488,1.165571827867868,1.5,1.0,1.0,0.1,1.0
-0.31002991643747885,-0.336710333560563,0.033000506609275504,-0.11952522447896388,-0.0721573597558909,0.14670716071847023,0.39280515058786014,0.14631800565339415,-0.3324666619904165,-0.408974881345161,-0.3557413225267788,1.5,1.0,1.0,0.1,1.0
2.348741747932536,2.207641153293455,2.035854486138703,2.2810558042893785,1.7029123096231271,1.7845969002101758,1.798239229407863,1.7956671686870547,1.4122044328568395,1.1259050081410646,1.0746376337968806,1.5,1.0,1.0,0.1,1.0
0.8006337821920013,0.8046360387882473,0.5639602896864213,0.919059951005867,1.079990356345677,0.8518757086932156,1.3160317433513313,1.41655580226782,1.683636217391021,1.8707521794729565,1.7059962208949895,1.5,1.0,1.0,0.1,1.0
1.6143496058700246,1.6026768744722695,1.6311623321201834,1.5858704883555375,1.5183443364107416,1.729888828037859,1.4525352839282215,1.5410826276235983,1.2271340638983694,0.7923420992662049,0.7018673333784297,1.5,1.0,1.0,0.1,1.0
1.5067197109918855,1.361042300584433,1.2573198155538727,1.966927444753678,2.4331968441737124,2.072383155886735,1.5978512097506947,1.7718050572278259,1.7704964717502523,1.7715723393674079,1.4301000868377702,1.5,1.0,1.0,0.1,1.0
1.7370193686338078,1.6528516498872465,1.9943785063568422,2.1138200061545174,1.9478174563439332,2.060302612706597,2.536545520778831,2.416040279956302,1.8321308326854595,1.8455167305329583,1.8793128947237931,1.5,1.0,1.0,0.1,1.0
1.61816042014159,1.6618468440519165,1.1511254604535746,1.4107574282798967,1.6629202261538643,2.509311316297346,2.139948312456184,2.004939306689434,1.4628692877303084,0.7335847303938388,1.0444162757978863,1.5,1.0,1.0,0.1,1.0
1.2469130588937114,1.3819392182114054,1.839995924350842,2.0337063491962044,1.7388755039210868,1.9713810727407333,2.3211491069249814,2.473388265832786,2.0159734229028925,1.718718861844092,1.5675076236149375,1.5,1.0,1.0,0.1,1.0
2.8161439267848603,2.5254630625796954,2.7229451668000615,2.3668462652296847,2.3205946917807894,2.3574261064805335,1.7948004243384084,1.990644299883102,1.5867889230424732,1.4005865680031984,1.238466211017077,1.5,1.0,1.0,0.1,1.0
0.20723456175409066,0.3703751183094176,0.39163166934333093,0.5784557542767539,0.528954710411338,0.40221033399775163,0.7904141089646182,0.5999617717427103,0.4975947926126324,1.0077835754612732,1.4548067423432227,1.5,1.0,1.0,0.1,1.0
2.262755525521623,1.7239116851457097,1.9028388677966241,1.6545858117076326,1.4955288820577297,2.0566962372505517,2.08569373856413,2.4277388022091544,2.1917837610733435,2.1672791323688765,2.0448366906286513,1.5,1.0,1.0,0.1,1.0
1.5110342276742448,0.9747760211177166,1.4281092828070805,1.3747651196726332,1.2149321106002624,1.3129253565129089,1.8068811580825352,1.6820264556094984,1.4440830596855845,1.5365665562492041,1.4550596347269003,1.5,1.0,1.0,0.1,1.0
1.866241310644737,2.1385580180969073,1.7786776064028063,1.4239667209029216,1.5882314364217893,1.6478306585793336,1.3516368737153766,1.2917697533656898,1.0803219414765421,1.854999603987007,1.8601635597952615,1.5,1.0,1.0,0.1,1.0
1.4360665688621668,1.2426938025025613,1.4553403617615819,1.2168744195687948,0.8057675315871708,0.4337735408531409,0.0038327807674783942,0.03924486778383461,-0.4147686325395498,-0.1923646367395174,-0.4917632904117195,1.5,1.0,1.0,0.1,1.0
1.2873498720350205,1.5629787814637621,1.1557605036639105,1.6376736428801795,2.0443504852067664,2.382805239120309,2.5316257252575673,1.818909907580529,1.7082234562243837,0.9175904200996393,0.7369490677029924,1.5,1.0,1.0,0.1,1.0
2.3618671706274066,1.9698029757669553,2.1820534178710207,2.080612901742244,1.9761482238508252,1.0527590119313712,1.702803645080837,1.5895821242757635,1.656271040911152,1.5435799095031981,1.172134597746636,1.5,1.0,1.0,0.1,1.0
1.764875560598815,1.489627655063026,1.379802439134964,0.8326166840143061,0.8639566226685844,0.8910922599029862,0.9844167088863766,1.116614770987307,1.1476693109654832,1.1063202555509264,1.181575729536599,1.5,1.0,1.0,0.1,1.0
1.5354330137859993,1.558488388048618,1.7345537974457155,1.7005240451641812,1.681744281977599,1.4510313988605112,1.1375627377927169,1.111403868146922,1.3183677682056254,1.6387042443003517,1.7518916907633786,1.5,1.0,1.0,0.1,1.0
2.5505332362355184,2.592216255048352,2.2258248674692553,2.163045855099489,2.357037112245768,2.1083175785535566,2.5439585979980333,2.503144353535213,2.0568462030358954,1.6462919614143208,1.5576516910212341,1.5,1.0,1.0,0.1,1.0
1.4251758333044804,0.7999926114612159,1.240239244569647,1.58113258161667,1.2972195282521486,1.1510778571080618,1.292065410517989,0.8549514441830993,1.3660640708245055,1.588129860798187,0.945057864692056,1.5,1.0,1.0,0.1,1.0
0.6806601856667502,0.8548042076494626,1.4907188766892254,1.9352389649156914,2.2460208674741042,2.1760469582445077,2.4427556282823026,3.131522275600325,2.9572624461316703,2.5105346368542967,3.016804627694988,1.5,1.0,1.0,0.1,1.0
1.304826357708567,1.060533126188564,0.578257818775644,0.8620211481063849,0.769162299948638,0.8184896990894835,1.004139220434771,1.3857259772233694,1.916333651496942,1.641234258647659,1.9241896432764805,1.5,1.0,1.0,0.1,1.0
2.3515828548695277,2.5260727859133145,2.430528480667824,2.5351764339824037,2.423749186178414,2.0918894954545193,1.3926682822334975,1.5816021828850129,2.2856317626863705,1.5526203603500028,2.004326455770527,1.5,1.0,1.0,0.1,1.0
1.9110820722101447,2.455536548251845,2.4891026843851667,2.497737344158394,2.6925494515293016,2.485532860254854,2.447462353805133,2.559983430989563,2.4710248223235776,2.8570911200788536,2.315282821748853,1.5,1.0,1.0,0.1,1.0
1.3875325261511324,1.6734874286053525,2.018172295697713,1.6551377820609565,1.534621026210854,1.7531800674738622,1.3148423797335038,1.5213777860963238,1.4851662198398032,1.6531186392760011,1.7691833210743289,1.5,1.0,1.0,0.1,1.0
1.4824906541161054,1.1960792145662136,1.605451639637955,1.9360268621448462,1.8596437943590587,1.7161861830311957,1.5558530217049784,1.1132091607162864,1.3622041569670869,1.2407527582072162,1.10861429018698,1.5,1.0,1.0,0.1,1.0
1.9366673783903423,2.099910088594817,2.499120741558621,2.1319976402855882,2.6087301150950517,2.843551326273151,2.303834897533109,2.152674652856478,2.2423888285007805,2.1615266350834896,2.088162549041773,1.5,1.0,1.0,0.1,1.0
2.2352785626041283,2.0196561733713425,1.4218839705233837,1.532264247502891,1.1454114650460174,0.7642402393774212,0.6798438804318081,0.9228673004657981,1.039440268963291,1.2595603849937533,1.452245691278697,1.5,1.0,1.0,0.1,1.0
1.4687740253897899,1.690204240266953,1.7047813253550559,1.751920295698536,1.798954180679938,1.807930293514761,2.2568820563977154,1.9383802352347788,2.443305498447572,2.1231592357955824,2.1862773794173984,1.5,1.0,1.0,0.1,1.0
0.022152400699866792,-0.33486396240945865,0.022285975415085785,0.9291829838426017,1.675771808051782,1.5550750080555351,1.7844333201078153,1.7849488850701913,1.8020109658288663,1.486986456566138,1.8203510506792877,1.5,1.0,1.0,0.1,1.0
1.8905084049182255,1.4122865494974708,1.5697785577418355,1.4230404039633822,1.3447490887255724,1.3571538099066722,0.9681977162807096,0.9166025053376461,1.1240572637653834,0.9540464686515895,1.2523555949869498,1.5,1.0,1.0,0.1,1.0
1.7337611198074592,1.8204443450559928,1.9497030825992436,2.087611130666689,1.9660644969280692,1.4965991956716258,1.6651263166349084,1.6875370833649754,1.9164199152737946,1.9962175299006493,2.3758272121488635,1.5,1.0,1.0,0.1,1.0
1.6463507261595671,1.6784269949822137,1.9133234951899976,1.9318509293645156,2.1021813464203336,2.8501677410917328,2.723205274676008,2.5260889952659173,2.173767050156434,1.9154984997871645,2.6717316498771915,1.5,1.0,1.0,0.1,1.0
1.982935033631106,1.324310907322932,1.3917834544170093,1.3222734761624038,1.4055709404979728,1.26891476650438,0.9521829239771504,0.6326729033985026,0.9023766472722089,1.1869722460852108,1.4446526101757637,1.5,1.0,1.0,0.1,1.0
2.1940750600049066,1.7321377578961674,1.526279565196676,1.7550412041619887,1.4347173811808023,1.6446040484018978,1.5724290476704148,1.5347041905308898,1.459144378872229,1.3629635750883389,0.6614112520258076,1.5,1.0,1.0,0.1,1.0
1.452122574214147,1.6843883233740518,1.5122445646469524,1.8357300226885884,1.844698367239103,1.7623068093050525,1.7109655290749912,1.829257010910823,1.9884407992688486,1.529129752579264,1.558516399290988,1.5,1.0,1.0,0.1,1.0
0.9853432337810979,1.2501177406008104,1.1862077648887868,0.7629220389208753,1.018590084763175,1.1719276699169183,0.70912829334122,0.5972990352452148,0.46531940107942493,0.823671987008739,1.2052944876204172,1.5,1.0,1.0,0.1,1.0
0.6395977354491489,0.2953060687825432,0.6020247654298562,0.6879863699458032,0.837906903877756,1.034263969232252,0.8664927024388323,0.781806379818662,1.2520806654371905,1.097019567967655,0.4431422723257592,1.5,1.0,1.0,0.1,1.0
1.2122997059990717,0.7873652400055057,0.520140605962677,1.0320058915509818,1.2971994825192121,1.1285036655725018,1.3477732992739377,2.404354369800954,2.4614731404623322,2.242949615794902,2.367660640941355,1.5,1.0,1.0,0.1,1.0
2.3527686637331087,1.987666299339741,2.349919572432523,2.7115739457220105,2.749309842626939,3.178592746743792,3.2019383202291363,2.581890653597705,2.1248198857572023,2.0156949762996943,2.2009514003960704,1.5,1.0,1.0,0.1,1.0
0.7383638297283862,0.640258023089602,0.7926000595276269,0.659140169672864,1.1597948511809342,0.8943490180708453,0.522590796597012,0.2540852031397951,0.32920265628196105,0.0932811398840106,0.1768953255388684,1.5,1.0,1.0,0.1,1.0
0.9884377782349423,1.0971164245341227,1.6355365285451398,1.9624348789959232,2.507524995459973,2.7801818027801244,2.7624890749330473,2.8597576914013416,2.8155650996969532,2.996054198535694,2.800970236353979,1.5,1.0,1.0,0.1,1.0
1.8769989647039786,1.8197526683683019,1.8419054030035764,1.8852203762516198,2.183057136609134,1.7371992292478524,1.5081176459114498,2.0243722488852804,1.4312476943991759,1.4016561378932657,1.5456980802403166,1.5,1.0,1.0,0.1,1.0
2.4023885723705694,2.5965387969259583,2.0449393359966597,1.7963055491914208,1.2902797435318505,1.3631221794790709,1.4889774520107122,1.4509827949106082,0.8452693594551915,1.2053713693099235,1.347865406234217,1.5,1.0,1.0,0.1,1.0
1.052546600129082,0.7811269069544294,0.6185292228476127,0.5464392679857994,0.3459146898790684,1.1926542600946153,1.3208606906307943,1.4001317077802957,1.4533860224857775,1.4712854669057251,1.3450080358264993,1.5,1.0,1.0,0.1,1.0
1.7949171404172084,1.4287263603887188,1.5872242008813386,1.511494356885471,1.6522467889961887,1.4976278778170418,1.474060526760213,1.1497637048435865,0.7822707466561418,1.136244947561171,1.3457988851584157,1.5,1.0,1.0,0.1,1.0
0.7426450395392593,0.11211931014871912,-0.2360265232850398,0.2761114676372419,0.31485096117250777,0.4350272964334298,0.2128624576582444,0.24306576891542814,0.45194506380319904,0.9249192531996868,1.4451624720171141,1.5,1.0,1.0,0.1,1.0
1.2746570666737493,1.480041718876938,1.241228445785241,1.2074514800507834,1.478592618538689,0.9240503864218018,1.4661878939931356,1.4718544786330063,1.2539759350982345,0.9276360219150777,1.2273479421164513,1.5,1.0,1.0,0.1,1.0
1.0281321647755088,1.01662285547099,1.0123069793255652,1.1154953281093636,0.41070829737599923,-0.21759476211550954,-0.2685007931771924,-0.1618313530643078,0.21784072080372796,0.947630703607435,0.9608132225802726,1.5,1.0,1.0,0.1,1.0
1.6786062407432105,1.55708823490222,2.3963204369510844,2.0827223144372886,1.828715062646058,2.0191901907443515,1.72857198882846,1.020965324188283,1.2493983004765452,1.3834925678896872,1.356152002342408,1.5,1.0,1.0,0.1,1.0
0.3189330292933108,1.0772866173585844,1.2164282863799298,1.2789395934319279,1.6112679434366324,0.9735480390763582,0.7752794643307346,1.0029781750616231,0.7151367616744719,0.4814602498011719,0.3989105192928559,1.5,1.0,1.0,0.1,1.0
0.49685449791413844,0.8077106220531851,1.2437899841310345,1.9040663192725544,1.8859950037637832,1.7561734690770827,1.83879453196205,1.6687547196790766,1.673875892716096,1.6866848144499402,1.6674335657859483,1.5,1.0,1.0,0.1,1.0
0.9760711153938453,1.3128013343245044,1.7477689311895293,2.0220452275191616,1.632427706779807,1.8974744434622184,1.7886927325707165,1.8969848164436194,1.5454469136691,1.5011566779180319,1.6844906868009177,1.5,1.0,1.0,0.1,1.0
0.6519712241848258,0.48758684358895776,0.473063237306521,0.4263027221895206,0.6152909202073505,0.8086328789693947,1.2825936583667952,1.5178950457782314,1.2174943925565032,1.1376487938395732,1.0768070670519276,1.5,1.0,1.0,0.1,1.0
-0.16382472392878705,-0.4381387065313011,-0.5899316345675425,-0.2116740794405603,-0.0041567313262749345,0.07446610789500913,0.5832584453372863,0.4483394698939305,0.7432019923059219,1.3836388746281798,1.3415515280132635,1.5,1.0,1.0,0.1,1.0
2.0287796373888876,1.863810617561981,1.3152892926243198,1.7154811397664322,2.0380657032098024,2.1085197306341037,2.562856208475926,2.3950494709198487,2.442873660848119,2.527297287393105,2.2425735289088236,1.5,1.0,1.0,0.1,1.0
1.3856431761102483,1.017701885526789,1.0743008187887912,1.2426519764997042,0.9993798868056498,1.0935185485320706,1.2086304019102372,1.0116678281733016,0.8355193095662257,0.16014605805496895,0.31685789339563347,1.5,1.0,1.0,0.1,1.0
1.558714276864105,1.944522398112303,1.661793269846617,1.2016238028962465,1.5403569062139848,1.9337495352943719,1.7027518188037813,1.7562661513326532,1.7347441037015796,2.081862752707876,2.675687194272845,1.5,1.0,1.0,0.1,1.0
0.6213315066627392,0.723991507213406,0.7715259417309691,0.6811816572538498,1.0573287865578904,1.3153778413633794,1.4974687891487104,1.7981768708548886,2.3820526513411213,3.049355169351735,2.7581774453997685,1.5,1.0,1.0,0.1,1.0
1.6162248127607923,1.8399109489853793,1.5389627446457368,1.6533976342700998,1.4303375278968302,1.7324779478491927,1.9965163623182898,2.0674790833310834,1.2013801549930576,1.170399922312151,1.4713212387020533,1.5,1.0,1.0,0.1,1.0
2.42760814897023,2.37313855929377,2.9437591533548044,3.01157577573845,3.300463725880079,3.0181653570824265,3.4926978203704637,3.1063318290614323,3.110588852453807,2.7496149333200073,2.4811979507750395,1.5,1.0,1.0,0.1,1.0
1.3561022532664133,1.6031124767223355,0.9748907875850856,0.9676354490307056,1.0452600213494045,1.2222328078558642,1.0143191449232578,0.7698494435027793,0.1697216660138693,0.2350558082455036,0.46468322633405285,1.5,1.0,1.0,0.1,1.0
0.8010323242808401,0.895313010565511,1.3794496147727882,1.6710297832860064,2.313702507267495,2.1959149309706256,2.12362638046622,2.204702396879048,2.670520745235164,2.710229813230966,2.533807951176582,1.5,1.0,1.0,0.1,1.0
2.3399294357954115,2.6667353006072876,2.607533397783045,3.0596610663811745,3.2821553473914786,3.328931331262201,3.2491643837015767,3.1097305501183574,3.2426872593462015,2.883673387331731,2.769732138316739,1.5,1.0,1.0,0.1,1.0
2.196383224437307,2.1057287463573866,2.2546818722194097,2.760495842317565,2.8920292892932813,2.845096499251006,3.424237489388673,2.907872045584142,2.644856211109095,2.116792008996762,1.8988779103069948,1.5,1.0,1.0,0.1,1.0
0.6564361578005053,0.8544269200643703,0.9088009345989564,1.0484942863387339,0.7602502012851651,0.8376851483082577,1.5155321230843137,1.183830921453757,0.8297239051926788,0.6099087418560643,0.3013108628866697,1.5,1.0,1.0,0.1,1.0
2.3895014231549223,1.6667666575271518,1.4348835991012783,1.3409632135416667,1.3669675699914925,1.2393785000528381,0.5559854147969248,0.30432088182500583,0.6556987432292407,0.4351832418238152,0.6962912829712318,1.5,1.0,1.0,0.1,1.0
1.8503297062188147,2.2427713987422706,1.6686787989547396,1.451764296247899,1.6267422302557455,2.04841863611343,2.006432858387263,2.341853726314983,2.3175352637608437,2.546105427087375,2.799871905372996,1.5,1.0,1.0,0.1,1.0
2.851767052792302,2.6765938750887206,2.801858426086772,2.698021433979998,2.6341969854540896,2.9758326572719764,2.450400749044942,1.6844188338428987,1.6649452938560798,1.7006111592449533,1.31254271561731,1.5,1.0,1.0,0.1,1.0
0.2550363667645456,0.9109782574658164,0.9956273336726886,1.1388320369738378,0.9523467604331746,1.0542797641769246,1.1605777664215626,1.1728588679407213,1.2417238218022322,1.3371193877144563,1.5538949498889891,1.5,1.0,1.0,0.1,1.0
0.36477592444476814,0.3005684443735147,0.28892810481606535,0.8504990473313538,0.970555112291478,1.2152618520895118,1.4661608105981545,1.815061935239819,2.0527223145298965,2.7739019034567534,2.9923942328482935,1.5,1.0,1.0,0.1,1.0
0.9549858057643039,1.229872084545526,1.3423249916800593,1.0859502823731393,0.5348212371576383,0.8006491130894247,0.933021684054666,1.6565498843856128,1.8825941935384103,1.4039810611098726,1.2008448432821985,1.5,1.0,1.0,0.1,1.0
2.8177516681996595,3.0306180672258565,2.9635918969194885,2.7799272869804237,2.2079863296469395,2.044127690093414,2.202798257919431,1.8595991848391464,1.5513518598269382,1.8187991267490793,2.2183351542818257,1.5,1.0,1.0,0.1,1.0
2.6909957079293463,2.2338020105546597,2.2313331160337486,2.725616475393249,2.94865513280987,3.4666058062938285,2.331459186567518,1.8580406232423743,1.969219282607779,2.0708520370952437,2.1362958876883966,1.5,1.0,1.0,0.1,1.0
1.8422592073815864,2.0767584292989936,1.977493747126584,2.1619566069724185,2.46304036837621,2.1210945744981635,2.102455012814411,2.3079863172557844,2.3717418215226145,2.060510915515989,2.02598087192811,1.5,1.0,1.0,0.1,1.0
0.4486988228836602,0.6334688433802542,0.7595651713056667,1.2487812237665832,1.1312796321716208,1.7028068364076407,1.7303619496040112,1.7285996990639663,1.9395859782346003,2.1478641787413926,1.7308560031178049,1.5,1.0,1.0,0.1,1.0
1.2455280559737119,1.2815100871569165,1.6525499830949189,1.6883376422462038,2.1787477970665505,1.8962672162986132,2.3822630319100875,1.8832870485571547,1.895635014998504,2.5593884303239895,2.509004915890363,1.5,1.0,1.0,0.1,1.0
2.1602399886039607,2.361395850458293,2.2641013238140197,1.8993547730276972,2.3319426944493657,2.406196353864094,2.936259753869421,2.999941728265866,2.967439058444816,2.4905546914202183,2.1924905970138773,1.5,1.0,1.0,0.1,1.0
2.580449107586253,2.2650010897993886,1.9590286139490878,1.933738752045657,1.4641047661014592,0.9866901300765376,0.7518501595225375,0.8822015316253456,0.6913718914473987,0.903526562599205,0.7137732186672979,1.5,1.0,1.0,0.1,1.0
0.886057781662264,0.2801337365038039,0.6453045554698762,0.34267120610979795,0.9449683499535502,0.5660401536795885,0.8376146777980551,0.28595710094399285,1.0452883376336572,1.2526517650453592,1.9831992862117325,1.5,1.0,1.0,0.1,1.0
1.2420494894362197,0.9346365051385538,1.004499435626455,0.8060648051442156,1.0353068048799312,0.7384768991180514,0.4900061330731206,0.5438277075210638,0.5936197047425875,0.4238836895750966,0.008457131047681754,1.5,1.0,1.0,0.1,1.0
1.500767655972602,1.5661280264492787,1.2834575259390153,1.0393425093678192,1.0611469148546406,1.2926487364969823,1.4480081271329492,1.0316628804473436,1.1635775464644942,1.156204381384826,1.2542213271212708,1.5,1.0,1.0,0.1,1.0
0.6635351677247426,0.7303308941879966,0.6969360437377339,0.6730307040181336,0.2171615046158838,0.24129141510923235,0.35194725678917493,0.604583405749656,0.621545192244819,0.4730858047823866,0.5728456975677424,1.5,1.0,1.0,0.1,1.0
2.856610185821504,2.1053151681463884,2.077433570090364,1.7952186433505561,2.5666343324896586,2.1495514088356216,2.0882457173694795,1.252688059187778,0.8640957626674559,1.9602954782639004,2.4715679674177484,1.5,1.0,1.0,0.1,1.0
1.987760338667563,2.070311101843743,2.434400676472423,1.9949438367357595,1.6700796812114438,2.162338436237546,2.736303521164957,2.537043696118592,2.5021090980900857,2.288215769312051,1.8379689170849696,1.5,1.0,1.0,0.1,1.0
1.580974605928172,1.5350799317545427,1.170684214926278,1.4969914587135529,1.5253261396562927,1.1835485870199447,1.3999938726525811,1.1681378113225014,0.9766738715600662,0.7534359465532143,0.514900786070764,1.5,1.0,1.0,0.1,1.0
1.6133910933200912,1.3365168923795943,1.2115900306407659,0.574766216844225,0.6733077117565458,0.545891200312977,0.1426215584253917,0.7228912371193457,0.7534897107537931,0.3917130975200227,0.4461042988470222,1.5,1.0,1.0,0.1,1.0
0.9945020591500708,0.7370493938441479,1.0763587374983172,1.2114164541808747,1.1404419111762836,1.271647970547408,1.2766968701909083,1.1017255337283167,0.8725728345779433,0.9365633008467836,1.1909509421112157,1.5,1.0,1.0,0.1,1.0
1.1601239770105756,0.9972879072397911,0.8376618794399883,0.6768424992829627,1.1037727775094688,1.395129599148579,1.2918635743586895,1.4192938161691209,1.0958818998747837,0.8530438281669608,1.206865772251981,1.5,1.0,1.0,0.1,1.0
1.0713609962373414,0.8397647825942021,0.9523721805616681,1.33843642626719,0.8841458737422212,0.5915507487269692,1.1625452541599781,1.1851066056526784,1.3770500151720348,1.1130715370527495,1.171623517098836,1.5,1.0,1.0,0.1,1.0
1.124254658025095,0.9114452088906688,1.1780408686035573,1.1228700452720204,1.0028371371281366,1.212027017054176,1.1372944424810885,0.7668342001902876,1.2674320535782073,1.2712779684961366,1.2659769355617447,1.5,1.0,1.0,0.1,1.0
0.8554856880426013,1.4501519707079393,1.1600987472373978,0.99576629126512,0.7607331195733762,0.5245783260775672,0.5381952165771348,0.6895995317640562,0.790797469288028,1.058301696259876,1.0094985235883045,1.5,1.0,1.0,0.1,1.0
1.1168386591895096,1.639146217730722,1.67088835724398,1.9919586556969193,2.0374204859548084,2.223085783962286,2.1469492123996377,1.6668501004852319,1.2060219314526979,1.0694457097560526,1.2277242964439417,1.5,1.0,1.0,0.1,1.0
1.820691412587923,1.9128218822427836,1.9753839243193156,2.1837344236950855,2.381798377292742,2.038622983225359,1.3712491268083555,1.7496455246639369,1.8199494118671171,1.8140189023833315,1.9747142831352158,1.5,1.0,1.0,0.1,1.0
1.8004670773007057,1.8908422052174314,2.036707041645635,1.802760454142535,1.7583948348126315,1.9172386897930416,1.758275296969622,1.5485111279998407,1.8275867487693203,1.425166497375776,1.4618765679970411,1.5,1.0,1.0,0.1,1.0
2.388130459258103,1.5311321910524267,1.1748336106408561,1.1276243419163532,0.6588853396801571,0.6913493549468466,0.636120798182735,0.9101096324979622,1.2904925526274513,1.156119692183565,1.059086254633981,1.5,1.0,1.0,0.1,1.0
1.5549969339322676,1.3694909277157787,1.456616947682451,1.4491836961213214,1.2963451844346985,1.3026504525405413,1.2948109731052624,1.151928784038434,1.7297201769901742,1.908684180658029,0.8481897752710983,1.5,1.0,1.0,0.1,1.0
-0.17314889610430237,0.3375262984904903,0.5217594853383182,0.5363174491022029,0.9141365709090499,0.42803639387589054,0.900470268052127,1.3173041291519763,1.4632386395659212,1.5529149535312783,1.6441843784410792,1.5,1.0,1.0,0.1,1.0
2.1191163928718284,1.6261274588456414,2.360253508537399,2.015763354503558,2.313788310289175,2.3678945205951942,2.30308260863116,2.5589087933430306,2.5127270674299753,2.055166792891042,1.9573535414188026,1.5,1.0,1.0,0.1,1.0
1.4438846987069855,1.5664283785529918,1.1871382184924186,1.325475454803138,1.1915578710308563,1.328787557229608,1.585763711496835,1.3751716378345322,0.8735467047753019,1.3647199235754641,1.8744866376680498,1.5,1.0,1.0,0.1,1.0
0.7068983940261442,1.0339800031099895,1.389669415155464,1.2252435033228848,1.4684836022950094,2.1736401956295643,2.245693077039933,2.3076638263890548,1.9988752104122334,1.6541712315972412,1.788737633839417,1.5,1.0,1.0,0.1,1.0
2.396188066110285,2.6634363747252534,2.878822640660892,3.0045293922097946,3.5931035469889863,3.674754889181145,3.2693020670239576,2.639764379730203,2.372050215668773,2.2266619628281332,2.1252595997948553,1.5,1.0,1.0,0.1,1.0
1.1628169839104872,0.9870145367370303,1.4495931028134132,1.461602604697525,1.0329857888927239,1.1735065904890158,0.8827367974657686,1.068844240166079,1.2510858591299863,1.7132429865858914,1.8741627750760994,1.5,1.0,1.0,0.1,1.0
1.29826573906335,1.3091805158565017,1.3479547083132968,1.3938590114492104,1.2456973068013577,1.510892642969534,1.4162559911379518,1.0298879423715266,1.0606521520134098,0.7462276948166626,1.069834039216403,1.5,1.0,1.0,0.1,1.0
2.4723926363485025,2.3070410794869605,2.379047328062401,2.2667280696290573,2.1341690426982867,2.0012116605061796,1.9765065798289752,2.522797916050903,2.337933362443644,2.28295310338155,1.7442033731124185,1.5,1.0,1.0,0.1,1.0
1.7407073808357623,1.6353484222730557,1.5369768048808619,1.5878086636659081,1.8179026265446907,2.065222068970661,2.1969364436634833,2.6932609962969436,2.925448534367393,2.1895251146566115,2.363906062022251,1.5,1.0,1.0,0.1,1.0
1.609473982790495,1.4911251592970982,1.1542078756417835,1.019763595143751,0.9820519311978742,1.1208684629419163,1.4408308973794655,1.6457377634236938,1.4273004092824961,0.9810388084336974,1.8043076386798087,1.5,1.0,1.0,0.1,1.0
2.147517809090983,1.7651925033929787,1.6775259551159,1.9426439813876915,1.8361944919190167,1.2788299235973741,1.1845320361104235,1.4361757775917263,1.2623687431731494,1.0097361473673785,0.9530200873041897,1.5,1.0,1.0,0.1,1.0
1.384109952548224,1.514098908320023,1.867213081308378,1.8837625390090003,1.9842189317816281,1.9821722497294385,1.868156436353947,2.3781565010461265,2.5588356985249874,2.621350469652153,2.7573079963978158,1.5,1.0,1.0,0.1,1.0
1.1584496042754255,1.2954563695995367,1.297196326035388,1.1733044624450426,1.1820490043556418,1.3641737187548153,1.9117893396497683,2.712586578845154,2.419731917294987,2.891721937264983,2.9728174887722516,1.5,1.0,1.0,0.1,1.0
1.777370633762694,1.672888903195079,1.3786711149949427,1.3325627041108328,1.878760562573779,1.9726307687597944,2.216667332522278,2.2721484396712643,1.4703820957229676,1.8548517316975257,0.9313048792438458,1.5,1.0,1.0,0.1,1.0
1.2184338915753852,1.5853525922483498,1.7573536273945276,1.797349337904075,1.7057005739066051,2.1049573525059806,1.9383975488124616,2.2802470263067574,2.8646490303426493,2.92112801971367,2.3874142030989036,1.5,1.0,1.0,0.1,1.0
-0.07540172398748723,-0.31188927306479064,-0.492912907693135,-0.5489811517134912,-0.6212656592928683,-0.25516432999208255,0.12810660935536455,0.06710045297390352,-0.19090374557343498,0.007619011710354503,0.3844383139528652,1.5,1.0,1.0,0.1,1.0
2.1327601853175953,2.3229100811813725,2.474670489607543,2.3812863286709276,2.2956135773443864,2.3750192178550216,1.9391844549747286,1.855827220090643,1.2647160418535628,1.2091315658512576,0.9084539056799006,1.5,1.0,1.0,0.1,1.0
1.5418143550054257,1.8526803572546457,1.3924235067294084,1.4515503915121208,1.7970981698592445,1.7148823331143463,1.617135230499889,1.779494940634221,2.0757029003177077,1.8627372383594283,1.3221454455151138,1.5,1.0,1.0,0.1,1.0
1.2571327001907844,1.7538188297477721,1.5905751880760675,1.4473437779791718,1.738349050450936,1.9597339729747998,1.720855072065691,2.013691484890754,1.6154618212341794,1.5197608334248562,1.125832696703017,1.5,1.0,1.0,0.1,1.0
1.342446398838717,1.2038820526161433,1.413256728343786,1.6705204965448572,2.095800091249443,1.8333521869178586,1.7263873817842388,1.5933242004728407,0.8435685097771529,0.6349796954571669,0.9883478979837341,1.5,1.0,1.0,0.1,1.0
0.45559767997108075,1.0603881096981649,0.8409036589858845,0.7275565510834395,0.5645257357481871,0.3037185894843472,0.6918554722950556,0.8736274152326868,0.8389087977834948,0.8744592548250658,0.5362366222623893,1.5,1.0,1.0,0.1,1.0
2.016794484397449,1.4243702679195938,1.6790007775600724,0.8141271099911906,0.7352319928441714,1.0251178256856914,0.2505500295767087,0.06395337639796572,0.39466800874100577,0.3048397686398524,0.8178127095834538,1.5,1.0,1.0,0.1,1.0
0.3692931741454512,0.6063235255754507,0.2610589957634961,0.3291362333314527,0.4594585330345651,0.10610025779756749,0.3166230047293574,0.8358612517956019,0.5212115049605772,0.6641601168145809,0.058669929119264386,1.5,1.0,1.0,0.1,1.0
1.4802557429525616,0.6034098654905696,0.6445679600093212,0.9915782479208353,1.0366330377890447,0.8361055077655488,0.6803400940307083,1.3538743793302266,1.54438333204365,1.5038796144648956,1.4184471978843705,1.5,1.0,1.0,0.1,1.0
1.5110797355206365,1.0992858073606462,0.713397444046915,1.18181408664001,0.9126306268593186,1.6947832465926251,1.3132261773593326,1.2771240719080659,1.2143087099596943,1.6266068614623514,1.2089680949045152,1.5,1.0,1.0,0.1,1.0
0.8658496678733587,0.76923111544843,0.9427062497694001,1.40920083444159,1.4716994129185974,1.3053549193377703,1.4413273316261381,0.8778128110810939,1.1206981401618163,1.4071671587913512,1.108703633896381,1.5,1.0,1.0,0.1,1.0
1.5520099326915913,2.1541315616452397,2.0107440386138147,2.4852632233699175,2.692497242283904,2.4787371008646244,2.615300766414887,2.1549586235732114,1.7491100359838185,1.8123453244653194,1.830079465653797,1.5,1.0,1.0,0.1,1.0
1.392510071053547,1.6622907486732315,1.6694005588127863,1.1550064871846866,1.2811957793232271,1.177143069652942,0.8435376771035762,0.9942084231141834,1.0292201715433444,0.7896830436514222,0.6003113688781878,1.5,1.0,1.0,0.1,1.0
0.45512883664387926,0.5968241867454616,0.6680944669505838,1.143034097388298,1.1043069403602706,1.5780972700208176,1.5921535972406127,1.838822406562052,1.6441043289881614,1.3874835135036263,1.3138460993581347,1.5,1.0,1.0,0.1,1.0
2.5267227238649745,2.182950269236114,2.0733906478567756,2.055166891122635,2.3421037129607307,2.280521953336602,1.9118477717837135,1.7116480831243506,1.5764389141825876,1.8563031824859269,1.9987510026582118,1.5,1.0,1.0,0.1,1.0
1.3781031939752095,1.4388172320847923,0.7531607471975182,1.5463643359319001,1.3683374632306384,1.5087342448332768,1.6673299363732021,1.393653296641323,1.399087416445283,1.1468192425578843,1.5067870156001943,1.5,1.0,1.0,0.1,1.0
1.7348698126517494,1.5815875854721617,1.1627416614831279,1.3948930212190873,1.3417991273681757,1.2977997373219046,1.276881127589607,1.3923351495222944,0.9102704720590955,1.1242638376212444,0.5330840896032862,1.5,1.0,1.0,0.1,1.0
1.0801985133652794,1.112825205544682,1.0119250327105647,1.1902824730575516,1.3344410037254568,1.4015049602857357,1.6594750842502113,1.2538905697618754,1.3223432444720251,1.3268883517928902,1.2354789369953545,1.5,1.0,1.0,0.1,1.0
1.2917297481956298,1.591191380110072,1.7936109598340264,1.6074503611665472,1.8948307364087613,1.1422574549872089,1.2892665126074254,0.9515407161943941,1.432034759697972,1.430212938011318,1.7696788181596546,1.5,1.0,1.0,0.1,1.0
-0.03305647146201519,0.6397165277271649,0.08168886388511165,0.3571599844568204,0.23205900527887763,0.1980882804277629,0.3407007874114639,0.5882001147828173,0.4873376131993281,0.4619456015522206,0.49309507676575576,1.5,1.0,1.0,0.1,1.0
0.16772038599135122,0.9035915251590337,0.793414934420659,0.9743070581147852,0.9060960571663638,0.5475302578202014,0.8711957276100378,0.37434130212543604,0.3920007492298747,0.38353568569583285,0.5357370230067193,1.5,1.0,1.0,0.1,1.0
1.1916312900270354,1.1459455105346041,1.1742246450933302,0.7722239657412295,0.5375313570051607,0.35837582228117004,0.9383604852446542,0.12376826450915657,0.4342195584353734,0.3831343339708457,0.27215079382093127,1.5,1.0,1.0,0.1,1.0
1.8862446784538376,2.2375853852107217,1.556355413189155,1.6533382369258824,1.826450808371708,1.7351763813490972,1.638982711394524,2.123722014200408,2.212150870152632,1.8409465215650251,1.864527041720494,1.5,1.0,1.0,0.1,1.0
0.8035779798332399,1.0836670911644162,1.3790621836035242,1.5900786289333597,1.4637946891021327,1.3386622342020862,1.537609795864171,0.9496176062485153,0.5152149191291606,0.5770766081560765,0.10474948087328029,1.5,1.0,1.0,0.1,1.0
2.4703088151415007,2.6884451502798004,2.594840175832821,2.4953233526653884,2.1996541543400787,1.7972202390407352,1.8594217933710673,2.0653671947804857,2.0959727595616027,2.0146299637670437,2.277783919695969,1.5,1.0,1.0,0.1,1.0
1.9668229000579869,2.1969784826657044,1.5067558366026117,1.408609564453762,1.3402291454592687,1.2213575737153157,0.9035980158880785,1.0187497141981947,1.2618986900201798,1.4033576996943438,1.1683760810250365,1.5,1.0,1.0,0.1,1.0
0.9735188573526472,0.38293593974123963,1.0263593334737413,1.459779468355142,1.6242237152461376,1.4271224947720573,1.0872512248453843,1.4946889503465048,1.145008194534587,0.8483026386503706,0.6760760258538837,1.5,1.0,1.0,0.1,1.0
0.3721897022057777,0.520390007565853,0.32374124027646994,0.09105322346467382,0.48249249187257626,0.4268545041055518,-0.32141195249654864,-0.5162358557996665,-0.301761966765225,-0.43148056429550263,-0.7520918046382353,1.5,1.0,1.0,0.1,1.0
2.0135579757555826,1.7777693639621235,1.9136828300288466,2.5765665914831164,2.1545311443329203,2.078064911392678,2.2064093480977855,2.6175339742901245,2.5439271493326565,2.6926156323267865,2.9092037962267434,1.5,1.0,1.0,0.1,1.0
1.192520833255854,1.307259466448914,1.558031626404845,1.4876107730225425,1.7212010887839526,1.7179046828346203,2.008806281619066,2.2600835194680586,2.5487274602899137,1.901170159337441,1.8472427696341824,1.5,1.0,1.0,0.1,1.0
0.4322128997735556,0.7244915459211748,0.7633642719661782,0.4585462464137574,0.7813036321612967,0.23902399270574004,0.06077225688390675,0.1996019283227226,0.22447987704438896,0.6798087686259225,0.8342762474847947,1.5,1.0,1.0,0.1,1.0
2.539832986612589,2.68670008817392,2.5097473409667823,2.1036945280902715,2.1120405220210716,1.9698308459894605,2.1290084583383093,1.9360806947261857,2.6664585022666554,2.945416795156028,2.5188337828991028,1.5,1.0,1.0,0.1,1.0
1.5067353142363231,1.8945489215645592,1.7052092353017156,1.4252696383928272,1.5754654897284315,1.8882371701092784,1.5308211927081976,1.0563558611343793,0.6237803082252062,0.1698222496809545,0.5318287371654371,1.5,1.0,1.0,0.1,1.0
0.9434773624371317,1.2219646064165242,1.1684174508766711,0.9268703694533114,0.7754183044509565,0.5469372210550826,0.69530968659263,1.0958486445673061,0.9759515665099855,1.5383014774515917,1.510844734710052,1.5,1.0,1.0,0.1,1.0
1.1055292659946176,1.571920402362077,2.009873610785063,1.5897486719298413,1.8181250655291499,2.3689094156681065,2.043621039232126,1.569237174129897,1.6771033740817824,1.8137760660974784,1.7960703649240783,1.5,1.0,1.0,0.1,1.0
0.6334657732659007,0.777341764957989,0.6115002438384056,1.1325466218179554,1.082090525675931,0.7086786056537384,1.1544409923288783,1.279115938044892,1.2717473159470203,1.6516749418849224,2.0434529588124533,1.5,1.0,1.0,0.1,1.0
1.16180877552062,0.600369662412537,-0.04538088816547614,-0.13353667822159954,-0.11843306501168721,-0.4105929251354037,-0.23632360990083406,0.027099135931625454,0.18048139559536364,0.4299761483741764,0.46420613113336556,1.5,1.0,1.0,0.1,1.0
1.7151727354525352,1.3294304661736946,1.1000660115028307,0.8935566095208034,1.2320990278243364,1.1553129510132651,1.020489724752903,0.6083199443184324,0.7810236177017397,1.0040658743763295,1.275531589132735,1.5,1.0,1.0,0.1,1.0
0.8489621646019225,0.33177597530937286,0.5922373613029356,0.9727893961019918,1.071946264261417,1.424589791967676,1.5679807740440044,2.3984125058679195,2.169177971764462,1.2161553250252446,1.2318840339115722,1.5,1.0,1.0,0.1,1.0
1.2024088120700558,0.5998097079248416,0.41250106414031007,0.7771847800948051,-0.1320507704730567,-0.018368609266454082,0.5401342322212948,0.3673126195469112,0.6315819451981017,1.1449670174500073,1.2064101250642194,1.5,1.0,1.0,0.1,1.0
2.2074584259152505,2.0095139026283833,1.8229044590239936,2.3398282734313014,2.4042188499974757,2.490158966868683,2.1117909574252325,1.8973889017013048,1.7215233618646733,1.3609971568160313,0.9804228037067486,1.5,1.0,1.0,0.1,1.0
0.6058608326133522,0.7151795385700248,0.8751957928380568,0.8756571690089764,0.6422297440623062,0.7703389856272882,1.2906989005831409,1.2983052379183042,0.7997939914373593,1.3305380601025052,1.7648900736525985,1.5,1.0,1.0,0.1,1.0
1.1670144075912832,1.2689603552490836,1.5061837198230483,1.1457944513379275,1.1050271881076281,1.009281469190673,1.7495668130490334,1.6828138261078718,1.5120484909979748,1.8255305040861225,1.9963486384020586,1.5,1.0,1.0,0.1,1.0
0.8845159643328039,1.4172470601240637,1.547837260234344,1.7200042928788164,1.0268862487806205,1.3843785977988226,1.5607414694251451,1.4490275533332029,1.8217824015118802,2.096923579044484,1.3380822852999228,1.5,1.0,1.0,0.1,1.0
1.7469711836925406,2.2021916843099394,2.646870956786909,3.1521011885645374,2.6213633531197154,2.566131257802258,2.9607505536763434,2.668442120294256,2.578198296607402,2.1664759779634646,2.198447574456468,1.5,1.0,1.0,0.1,1.0
1.3033236880313641,1.1504970385659479,1.762509152774133,1.3398137269532429,1.8050896112518955,2.097160801822772,1.5397959200444808,1.3566918757213822,1.5521763514945108,1.6027264455333312,1.9566882147321878,1.5,1.0,1.0,0.1,1.0
1.143712184678047,1.2510919703497134,1.3530032932152833,1.3277769553897545,0.9584119305591327,0.4537528519531575,0.3295750256798098,0.3319178238635466,0.43118851439812683,0.7147104469460835,1.3453082394452736,1.5,1.0,1.0,0.1,1.0
1.8563734981537268,1.1777248053829885,1.0513078511352996,1.179695869354312,1.4482320482080266,1.3305806098122435,1.6482554084874732,1.4389199336221443,1.5114108088503118,1.2816248584836956,1.0419772012585096,1.5,1.0,1.0,0.1,1.0
1.969273666179794,1.5822392009290018,1.9867423207968393,1.8576338149393403,1.745747909771963,2.00215495947435,1.6849847246633585,1.6188769454282204,1.7065782263088938,1.249116660350898,1.4139525342261792,1.5,1.0,1.0,0.1,1.0
0.8419382181722306,0.6220873007402924,1.2854554573058288,1.4381172730600833,1.3659661292147476,1.388830365059852,1.6862227891584063,1.771744885303257,1.9203250092230322,1.3353199472634718,1.6944783299247463,1.5,1.0,1.0,0.1,1.0
2.1016480855612025,1.4919427594026011,1.711542416493935,1.2952017784042804,1.431197029370248,1.9509518144943248,1.602643396319868,1.7015718290222226,1.3173300578649432,1.3379535174115955,0.9807348870399084,1.5,1.0,1.0,0.1,1.0
1.7625214155206934,1.2336926493080775,1.3947899367843317,1.431932783940234,1.1216466661486617,1.2107600003603254,1.3063360983413315,1.3361171249203017,1.6547869007341665,1.3573282209544655,1.7349917794443748,1.5,1.0,1.0,0.1,1.0
1.1640872841046703,0.8536345192086794,1.3447563421137103,1.2578250551921686,0.6874717171520016,0.1250439417050132,0.3061338651485952,0.4201440640117899,-0.13841367122633186,0.326736191132536,-0.3389305571288726,1.5,1.0,1.0,0.1,1.0
1.773197079020156,1.5851768494507723,1.6908685668373244,1.0573201766658151,1.2513937792675192,1.7552042642038006,1.3988718235758406,2.1414541383351633,2.550812917245007,2.8278540147401183,2.7793624307626423,1.5,1.0,1.0,0.1,1.0
1.6100934824173725,1.7101674379779357,0.9605226064335184,0.7451985786872726,0.7751204138126947,1.3394399353781044,1.566495205159421,1.1661604237184744,1.4500926737133444,1.581342228659469,1.7050092178482168,1.5,1.0,1.0,0.1,1.0
0.975199253477315,1.113534294895264,1.0980807569303048,0.7980198432180439,1.1503329514000025,1.308077229569823,1.1423470240539682,1.4191823043297802,1.5046755043618567,2.2341084903357573,2.397506280143546,1.5,1.0,1.0,0.1,1.0
1.6931688671218956,2.0989154035592876,1.978367968950261,1.8507969738656995,1.5510025947978066,1.6114909701956004,1.6620277218311497,1.8333756495397762,1.8741072956680576,2.0957428138338696,2.0391949548465926,1.5,1.0,1.0,0.1,1.0
1.3285055773217196,0.9787498477133793,1.1901844656492764,1.503141367389634,1.9824490639043286,1.89078419150863,1.543810614796707,1.2046239729570978,1.6992841654301238,1.2653878164907115,1.2347363798336957,1.5,1.0,1.0,0.1,1.0
1.5316684623815948,1.820424095001588,1.668197491641291,1.4654705833630866,1.9441910717744493,2.03334291741306,1.5088431500720936,1.594275136027639,1.7551291225813392,2.3446333167353033,1.6774072564999372,1.5,1.0,1.0,0.1,1.0
0.7984301205780363,1.1873139356185878,1.62276511304091,1.105914883245737,1.0000131478067413,1.6096575832999416,1.7244530041989998,1.8211447020844052,2.5766704050717193,2.928331628315212,2.5328359203773365,1.5,1.0,1.0,0.1,1.0
1.5989913282431159,1.562325470672677,1.7921728714488432,1.2760600897975503,1.281826847574242,1.7558709628913325,2.227718032782868,2.0371665989436467,1.9821677974460392,1.4769973292880665,1.556181081243672,1.5,1.0,1.0,0.1,1.0
1.5447175925013183,1.033333945602536,1.645248967942547,2.1859133723768487,1.7882571353129082,1.9144278759556794,1.925192746593674,1.8830480117862565,1.9821018429047526,1.8360104647525166,2.3872813678132276,1.5,1.0,1.0,0.1,1.0
1.7279790157710828,1.6540711542821733,1.6205585879062407,1.311928415320375,1.4159569830175762,1.4326167842500634,1.324476611365969,1.3338081354902316,1.1247901574459573,1.2144744017330822,1.389707583316791,1.5,1.0,1.0,0.1,1.0
1.36326516579567,1.452745524040783,1.404241573850986,1.352864600698854,1.169410832392707,0.8354009546599239,0.7867144572990986,1.1198455322146712,1.0108148571892823,0.6856972202007069,0.708780536406834,1.5,1.0,1.0,0.1,1.0
0.25308170850142464,0.43715491139398904,0.7259914353986632,0.45291982124604424,0.6847418474180617,1.2928299625730442,1.29576639063109,0.8198062867209315,1.0383005614764984,1.1262992820132125,1.3277275558855461,1.5,1.0,1.0,0.1,1.0
2.5876124018360964,2.6575637675882144,2.185123952089048,2.393830885889698,2.0038489951499088,1.8512460210588335,1.8704395646627145,1.5742638577559482,1.3882709540235854,1.3584839771949873,1.2654939660413036,1.5,1.0,1.0,0.1,1.0
1.2079940384602847,1.2120174202733285,0.7382743208584497,0.9616933122429896,1.0034040923974359,1.1985570604083617,1.5016202174709679,1.1705845402817843,1.1625968002881533,1.049048322205542,1.2459738011804902,1.5,1.0,1.0,0.1,1.0
2.583121773294041,2.678016893106834,2.490386251043548,2.5275729092908477,2.1354916340300014,2.4174705544287116,2.744141124306801,2.542265199740019,2.411379227368564,1.644427171608886,1.2690780427881432,1.5,1.0,1.0,0.1,1.0
1.4647244351826667,1.7665059786122526,1.532088190937234,1.8894765222656198,2.208291586712586,2.022316213156034,2.074379984086667,2.488649273026025,2.845276694848434,3.486711771026682,3.27953371101001,1.5,1.0,1.0,0.1,1.0
0.9017283184541474,0.6607717055620788,1.109394335998033,1.1847246817072474,1.0365783233428614,0.7466532698892918,0.44054676772612456,0.6722327168424028,1.4118354668256607,1.3801543111715249,1.0243464023903177,1.5,1.0,1.0,0.1,1.0
1.043229998313412,0.9891125184423716,1.011789792985919,0.9454103141293182,1.577087870899286,1.59359631756222,2.0899662485087673,2.2094882928893878,2.090356319659937,2.497905898397451,1.8940657569900867,1.5,1.0,1.0,0.1,1.0
1.6429424154043784,1.178177301011773,1.7285422093157439,1.5798083387051027,1.16076882073648,0.9819802557441901,1.0665432588198331,0.8619524433070719,0.9297201001421395,1.0768699651728548,1.0266752789913696,1.5,1.0,1.0,0.1,1.0
2.264317507279788,2.695600957058338,2.5865524222636758,2.6953615918517193,2.5341388069099873,3.268720164187684,3.4620111303831385,2.4966581941873427,2.417931555275468,2.3236371184877895,2.489790269763209,1.5,1.0,1.0,0.1,1.0
1.3544118526487712,1.5304075575288216,1.737551805673329,1.2331578647886525,1.3740667564443825,1.043476743640694,1.0154120987948962,0.9858831537818239,0.4298899822753667,0.5210570832287141,0.9277921575299286,1.5,1.0,1.0,0.1,1.0
1.403185925689351,1.196661681718047,1.1867962050097982,1.1738557118897988,0.5179903860875771,0.6416505504524244,0.6018071445830715,0.4751005738597447,0.7834492066242007,0.7304267491349519,1.0172956398384434,1.5,1.0,1.0,0.1,1.0
1.3984078304569123,1.291091395963042,1.406484388044795,1.1820965022815566,0.8844834990321024,0.7959839609212205,0.4237331175997328,0.7995056931618836,1.3361622776524316,1.7930029948700146,1.3544542293876447,1.5,1.0,1.0,0.1,1.0
1.2778062607368876,1.068256102520277,1.3678861368710304,1.6222204330362777,0.9717478809266009,1.1886645713870037,1.5154730048163254,1.8950578706914436,1.6467973331771866,1.3547646595979541,1.7154465017570462,1.5,1.0,1.0,0.1,1.0
2.3612296126463437,1.9065962017826852,2.0792326570371347,1.9279400414322834,2.3612892960625436,2.223049497708325,2.4389433871742425,2.116483578419447,2.249511098761326,2.672511251236533,2.5104203806007663,1.5,1.0,1.0,0.1,1.0
3.5745744712938383,3.3625425068505175,2.992803976558852,2.4977674373526906,2.594852528248029,2.5903493897968923,2.3384569838835563,1.513093796899334,1.3026153562406102,1.5112454100778525,1.4045994168898193,1.5,1.0,1.0,0.1,1.0
0.5970344865112641,1.1210188217762749,1.6687310069102594,1.7196841760128032,1.4942932686846255,1.6750327161585903,1.3988757218868986,1.1060598984812813,1.1047525790888235,1.4483295432887582,1.6386213194896764,1.5,1.0,1.0,0.1,1.0
2.0096503399192933,2.1441467434282426,2.805342682285149,2.6958582576502628,2.745813196644552,2.2208569338229323,2.1037015237215586,1.5061807136712502,1.7823511479685086,1.4628379247315502,1.7590285784455775,1.5,1.0,1.0,0.1,1.0
1.3353725973504351,1.0519606191710027,1.273797007285312,1.3344875821586202,1.5767405285175864,1.7193758152655516,1.4957591838238906,1.7461564034123827,1.4636132744395884,1.7918277868693862,1.8760617943560425,1.5,1.0,1.0,0.1,1.0
1.8058255839591717,1.6407173596406948,1.7946831505856158,1.4222919673235104,1.3832456257391021,1.7582041426631105,1.1364019262234009,1.4495498167224483,1.3483027481352563,1.6123225120470368,1.18137381392072,1.5,1.0,1.0,0.1,1.0
1.202981539146154,0.8986355555400773,0.2913533756231338,0.07984454593023022,-0.028605117451981882,0.31146587419584276,0.658084578311968,0.32533541059410775,0.5428465401219305,0.37718267506662123,0.7586947596260298,1.5,1.0,1.0,0.1,1.0
1.9898450844019961,1.9626462307455768,2.0653666537469477,2.3144214212294676,2.603003820229621,2.363244292359798,2.6060373842983644,1.7031743992372936,1.340180498621399,1.4653073187962482,1.8092533729952534,1.5,1.0,1.0,0.1,1.0
2.5875351831749467,2.882191656791783,2.3614542799248115,2.511415647550635,2.4136202632296677,2.532197885024675,2.787780794453788,2.402694696981614,2.174408087950781,1.8079613598920727,2.010247002346116,1.5,1.0,1.0,0.1,1.0
1.243816387621819,1.346205869198966,1.6410622000748862,2.2095591789029623,1.3976873238040384,1.1316224865959674,0.9726231724818347,0.9683667768427953,1.4440632078962305,1.805551181621241,1.6040889527097184,1.5,1.0,1.0,0.1,1.0
1.868952264168996,2.100691764352042,1.9215211593790704,1.6708164005827404,1.5423179304666932,1.3348096572702504,1.0334661487005534,0.8175400076258006,1.2492085317022046,1.0759504667468078,1.157412564680948,1.5,1.0,1.0,0.1,1.0
2.215090583139623,2.4680120782426394,2.3270243269850446,2.8775994936584386,2.4950435900018504,2.556100963055035,3.1565214772182046,3.3363085533504373,3.089810616326054,3.0293708117725595,2.825682655176721,1.5,1.0,1.0,0.1,1.0
0.9158652615784763,0.6476395056991036,0.7923426700056798,0.6930511304811515,1.0275710481178462,1.1097613734212928,0.9443280543885799,0.9002329471024054,0.9887449842766238,1.0950837953030639,0.8197667188824038,1.5,1.0,1.0,0.1,1.0
2.2318769828324347,1.782174319767873,1.5708010861525505,1.755167443241708,1.9271590667787482,1.961758675526106,1.9279484557084203,1.767026894411685,2.596855987178761,2.47264303736172,1.9923859777111215,1.5,1.0,1.0,0.1,1.0
1.2948790229412812,1.2754717806322284,1.2267615808387302,1.8333358926336656,1.280693371316837,1.4010828727501132,1.5353895190509161,1.80063407795563,1.728813741731461,1.5845338681281678,1.8639859994718098,1.5,1.0,1.0,0.1,1.0
1.1201799303257571,0.737889108136365,0.6107353383338857,1.152160013779981,0.7991003371814254,0.9917348604457825,0.89736109929326,0.988714646740303,0.8855855070221728,1.0117092942271337,0.5920893498209229,1.5,1.0,1.0,0.1,1.0
1.8192165604565893,1.6731011306060206,2.065441869893854,2.079168604667863,1.7975690848520076,1.4687975111106928,1.5218904022117337,1.381606600300249,1.4754354194083332,1.5312434585303287,1.5300016790411546,1.5,1.0,1.0,0.1,1.0
1.5905989030894032,2.1334338126972003,2.059812730528153,1.6097930592941214,1.3627753819406414,1.534610562513761,1.5878272600049326,1.1623991649414558,1.57466047144991,1.3419206399677968,1.5660594596791306,1.5,1.0,1.0,0.1,1.0
1.324324243992398,1.3456643455611665,1.6705001012976057,1.3487184667546608,1.8496161830871412,1.5550764064498042,1.88435485487412,1.9888644882040876,1.668824917347522,1.844394963532501,2.026213737267192,1.5,1.0,1.0,0.1,1.0
2.681358066668805,2.0661169996051485,1.990591227412322,1.6610025247355937,1.7346257460035457,1.467717314251567,1.30946916237076,1.4904371977484112,1.7972866072598268,1.2956679085252265,1.135785205654379,1.5,1.0,1.0,0.1,1.0
2.4182334592937087,2.617756082619261,2.04901417432427,1.473636046476989,1.0985327942450824,1.4077903451191476,1.7881873353324194,1.3496347513558893,1.4092087701298504,1.169636367429216,0.8060631243525278,1.5,1.0,1.0,0.1,1.0
1.773720015236569,2.261910860707892,2.1600195533070883,1.9959894028355527,1.5541333498093304,1.100679234161802,1.311193423566399,1.0142041912779063,0.9228936738801254,0.7552932975914715,0.8085033146153506,1.5,1.0,1.0,0.1,1.0
2.038828476214392,2.138625736951809,2.143673589228056,1.600097575574578,1.4723431659424815,1.439001573211633,1.0700562707707586,0.9012354703244271,1.342648019193764,1.075596545512529,0.9871512314650828,1.5,1.0,1.0,0.1,1.0
2.156424693413452,1.8124136404096447,1.5172318847881505,1.3310454096031124,1.8227975151282818,2.21277040512498,2.5583381299464514,2.5776270594826483,2.091073483734895,1.8105390691284295,1.2174510541305001,1.5,1.0,1.0,0.1,1.0
2.0390663864446763,2.6378983983688,2.488684511330354,2.4982604334718674,2.429209384556563,2.2037080436403325,1.5587371719712177,2.11156928563918,2.391121125098881,2.0860312635940246,1.567434676589253,1.5,1.0,1.0,0.1,1.0
1.264540946930019,1.1826897973269634,1.4673365541591654,1.383954261755605,0.9505743559366491,1.0097963236861498,0.5827230546245019,0.2656082255262786,0.4793269517896509,0.5174381192526756,0.6274234012778376,1.5,1.0,1.0,0.1,1.0
2.6190798341883452,2.989066285561892,3.0014797281383845,3.234793849827247,3.116706377556379,3.4439435437074493,2.985560629471987,2.763580046139597,2.8806888993768567,2.6251026396928734,2.575353406664588,1.5,1.0,1.0,0.1,1.0
1.7583757841549013,2.129509038216,2.142900151687473,1.8091726164035342,1.8281433308553878,2.2712013149565133,1.8132563657888443,1.6175578219176905,1.7111457792212907,2.3040174911189415,2.2876743809294187,1.5,1.0,1.0,0.1,1.0
1.8471535359834883,1.8505908560810909,1.9623215471695017,2.289225555883035,2.017328715693087,2.423624119326637,2.3767636497718936,2.803280752173371,2.23588061392815,1.8277888510989606,2.0545637433386696,1.5,1.0,1.0,0.1,1.0
1.409302873347393,1.6403719995979045,1.78065996494118,1.512396114640222,1.487858681308451,1.252333642087349,1.055184898343836,1.3700204411762402,1.25056254784967,1.428420813027031,0.9827899501363837,1.5,1.0,1.0,0.1,1.0
2.038454505833681,1.9630050401797838,2.200584423151965,2.0980628988853893,2.1222860828255135,2.376699758002704,2.309706760056414,1.8393432761912507,2.042149326336862,1.510089847210545,1.5564979466889033,1.5,1.0,1.0,0.1,1.0
1.4744837052092152,1.6885072436710749,1.6893743275896973,1.7040178009451687,2.18339922199787,2.401836186386657,2.404319827938144,2.5659916972745145,2.329337807028138,1.860077067916129,1.3305279831123578,1.5,1.0,1.0,0.1,1.0
1.6817362917908032,1.1202387840495325,1.0729951947042093,1.375574570586136,1.3522415206489837,1.1764380781208845,1.0427028752827094,1.3309498542401723,1.388782465149579,1.0941244547381603,1.2542906120919035,1.5,1.0,1.0,0.1,1.0
1.7740571938302296,1.8982690525391503,2.0209384892366287,2.9020704090582523,3.0418228895681834,3.1050877374556944,2.7353999927419776,2.5168886076826458,2.329378328432165,2.130637426474613,1.7358478459954496,1.5,1.0,1.0,0.1,1.0
0.7514193049194565,0.7328440870310987,0.920776706625171,1.2294810225253525,1.459476236505795,1.5343349051132786,1.6503549097397117,1.5823913942583308,1.9980635363687762,2.1139001309408205,1.5423733614582926,1.5,1.0,1.0,0.1,1.0
2.400353850268946,2.048432320300307,2.288859996184911,2.478690470959802,2.233010830474404,2.480357992220714,2.692958418150236,3.110285997518646,3.1297921649685274,2.5149209128574808,2.190188517723792,1.5,1.0,1.0,0.1,1.0
0.3045390750275881,0.5655637456753917,0.7170187790304801,-0.03159407858798979,0.01828328242859907,0.12159014175214611,-0.10186002586109016,-0.7552821034961992,-0.5901005509791424,-0.37177013308038337,-0.03994455233651892,1.5,1.0,1.0,0.1,1.0
2.7080668124728047,2.35325554558813,2.189574951498588,2.4141600436813238,1.969477941656395,2.1979159761259743,2.123667802475712,2.136442428951964,2.128733914777527,2.2047238609956796,2.4484306553475386,1.5,1.0,1.0,0.1,1.0
1.1906101449973168,1.1799750697821874,0.9354835010537267,1.0216352470299463,1.3582259408281314,0.8537488865029598,0.32240217843554486,0.19323482150618168,0.2901278303642063,-0.4360377582096334,-0.06770621331791554,1.5,1.0,1.0,0.1,1.0
1.7981073141716137,1.6471746551793616,1.4642947204130117,1.8805117689849156,1.9022250029711474,1.541890553612394,1.4416428196496658,1.6818114692254502,1.3252786421580527,1.1666708881549508,1.830209469954258,1.5,1.0,1.0,0.1,1.0
0.6462694607397721,0.7901457748313695,1.352978742811886,1.6023718962651303,1.5945374475184695,1.692279903818302,1.6713778758952196,1.8708212667084352,1.6455289142392193,1.1334826337201054,1.2341040947448447,1.5,1.0,1.0,0.1,1.0
1.3002490267985436,0.714259714091896,0.7370166280115803,0.4658191369596417,0.6308665059947918,1.2087772504049223,1.496239204247204,1.329262664322069,1.5260949973708375,1.1422842091378165,0.760127487731895,1.5,1.0,1.0,0.1,1.0
1.2647998929618856,1.3559286493317317,2.092352726450953,1.7057923625944744,2.092379051059112,1.900400022226969,2.264009813760505,2.323635399568787,1.7571726259536027,1.6295884422324403,1.8744684221332184,1.5,1.0,1.0,0.1,1.0
1.5354640063465301,2.061834563965791,2.5439339907197107,2.707284430641121,2.1507312202073345,2.06855996298319,2.4033052978039326,2.553830924564514,3.2350701649118307,2.947610394371508,3.2405010319135354,1.5,1.0,1.0,0.1,1.0
1.378175197780765,0.7184268918859072,0.8196381415863339,0.8385718718326609,0.4230452634965045,0.7821395402359297,0.7849892055452655,0.83603877541551,1.1190522798728564,1.0948036688811915,0.9259797750842498,1.5,1.0,1.0,0.1,1.0
1.2467169190251364,1.085638825347656,1.5953684627385931,1.2825368157339292,1.1542301251613076,1.5773845532063255,1.2968130893919203,1.5176840156241838,1.5986473219965722,1.1689647408118804,1.3287048673939648,1.5,1.0,1.0,0.1,1.0
2.0227238815355837,2.1334134800785507,2.0142458516526744,2.2252506811669424,1.870096271822178,1.8147442066005621,1.7324011622679938,2.0157605665198335,1.8956076946392684,2.192359921684354,1.5048711497579754,1.5,1.0,1.0,0.1,1.0
0.33262821137927245,0.0810368154959098,0.16777767066316698,0.19300695382694,0.39529103629520024,0.7440902647725359,0.6575406517644605,0.2868306500645548,-0.15007760057392483,-0.38411860688116994,0.2261988063871444,1.5,1.0,1.0,0.1,1.0
2.2344611172531548,2.6031369980157457,2.7738362597942894,2.7710708628133895,2.955429831252495,3.0463298200113247,3.197729028181911,3.485657944020946,3.1710563061722383,2.8551879669993556,2.7774719795603926,1.5,1.0,1.0,0.1,1.0
1.1099061876219996,1.0306573301443867,1.1442798927678917,1.660270902382877,1.6739249717899396,1.9281796675623837,1.8108448626643314,1.5416794957095146,1.4811616735508286,1.0934440454499663,0.9508937592469404,1.5,1.0,1.0,0.1,1.0
1.9027240445767413,1.4620816856282461,1.497938929056679,1.0859038020155258,1.0778683493242747,1.0100212553819539,0.6774435316372661,0.9371012272656736,0.959925718170622,0.7527391376493692,0.20379126313976959,1.5,1.0,1.0,0.1,1.0
1.295625022121518,1.4084730699433132,1.2737441994508678,1.0066834522722383,1.2837915465451162,1.8033548502444618,1.8248987750381889,1.7001551297294546,1.3415109236261147,1.164588540910537,1.1905367775561435,1.5,1.0,1.0,0.1,1.0
2.1477434659729373,2.3797705487299674,2.256816802739385,2.261806995146669,2.387171292957638,3.127720402529493,3.1839211288424214,2.8273724142349255,2.6297396752491453,3.0344658471605586,3.1794206797891427,1.5,1.0,1.0,0.1,1.0
0.7190498185861042,0.7048190229972249,1.0075733481345104,1.4864112725250505,1.3572151050882921,1.3866320631625275,1.2050817705517292,1.7065033537178655,2.010408634320198,2.2313204309353667,2.12366958499073,1.5,1.0,1.0,0.1,1.0
0.20314240552533655,0.27188302823347665,0.28807210486187873,0.517684886974484,0.6889082033828067,0.43027003004461767,0.14143852904450893,0.10884379371627678,-0.4743545815650281,-0.49721275162550765,-0.7346002854112101,1.5,1.0,1.0,0.1,1.0
1.9801977314403394,2.155419239027711,2.5018441410615,2.7175419220225066,2.4472908886396816,2.337019944340256,1.5238846623069908,1.7682299665572438,1.935647563608439,2.398560823299384,1.9288428897246428,1.5,1.0,1.0,0.1,1.0
2.3301921987611465,2.424932547481877,2.508980141196017,2.4260329382191035,2.7776762697716757,2.49515165047066,2.37930781014496,2.2142148647937314,1.940903613375519,1.6507492641014183,1.867458486455472,1.5,1.0,1.0,0.1,1.0
0.8746016566580211,1.188810719735879,0.976730075941623,0.7784777504025878,1.2469701690971555,1.1121332292709762,1.041238401376364,0.9426457138851217,0.8605167048364591,0.8634228203028116,0.6496986943713213,1.5,1.0,1.0,0.1,1.0
1.598235558437028,1.4664025536887093,1.70197378133249,1.852539874313573,1.8749676143933294,1.8800671013898322,1.2819113929404824,0.915642479078433,0.4369998015582257,0.6560810712271736,0.8086219199807428,1.5,1.0,1.0,0.1,1.0
1.4422322475447098,1.542832725128825,0.7868074311259035,1.1363531400431897,0.9272584233973373,1.3006388789519059,0.7342137236414709,0.24359132409808693,0.8296650238454808,0.44924768086158456,0.1920822623041854,1.5,1.0,1.0,0.1,1.0
0.28103719901210056,0.7366410521869122,0.8227773843807197,1.0355536756755064,0.6568600016449234,1.090005141838025,1.4871173299960572,2.128283078004925,1.9955884317693149,1.723188936884419,1.0243030648590337,1.5,1.0,1.0,0.1,1.0
2.223720642021864,2.143118805754036,2.6644219709637005,2.208956348993559,1.929188222101928,1.993737214737264,1.9983207271681531,1.9020073993728475,1.8272727618058993,1.7309615626805754,2.4162033469527944,1.5,1.0,1.0,0.1,1.0
3.4057244774441213,3.1542101652203782,2.4555123093104916,2.183227869729958,2.1187747577534526,2.4229414905387103,2.151210299435167,2.313378495933147,1.7662193859920956,0.9059334747012117,0.9043557802108357,1.5,1.0,1.0,0.1,1.0
1.0629120800526166,1.5587231319153736,1.238208155522726,1.3286823826484373,1.4907163169793496,1.2000536276831664,1.9601964291026817,2.064985891727041,1.6701472783414355,1.0422618898410037,1.5666282229078092,1.5,1.0,1.0,0.1,1.0
2.53099903285682,2.7110577085505945,1.955940158907583,2.175114078898864,2.131129702878263,2.0949740980465834,1.6066201587157845,1.4745322681861364,1.673066653542301,1.4364920711596971,1.4018739324506224,1.5,1.0,1.0,0.1,1.0
1.6536974182591582,1.6392835572844748,1.6558983338475006,1.7885922907921832,1.883778691619438,2.0798672334338377,1.975558856175006,2.0885683988235875,1.7678006948706462,1.9071200323084745,1.8464508539048634,1.5,1.0,1.0,0.1,1.0
2.358916912217052,2.777501219379264,2.6801330464854174,2.6973546609529766,2.0450526614029623,2.402554078074661,2.1589568321784824,2.5269628963398034,2.2616093756330717,2.669231311427727,2.42203437200965,1.5,1.0,1.0,0.1,1.0
1.4685729322288146,1.434355466172359,1.61766830401981,1.5105793220026185,1.952406531663058,1.566121664215618,1.8815039283791697,2.012146712098186,2.2689925102079327,1.86294379569707,1.4804962145570508,1.5,1.0,1.0,0.1,1.0
1.4865104405920884,1.508500240400749,1.2871160138837405,1.0586762331339032,0.8873097303171255,0.8714712868717435,0.9264331877461919,1.278799134144023,1.59314074036462,1.874878175319067,1.4613315536373377,1.5,1.0,1.0,0.1,1.0
0.8931291283803127,0.8841029437161791,0.5874045546823307,0.23872496974431562,0.056629500148555945,0.040816370535397134,0.18750427626692562,0.2951154501935701,0.0652183668183966,-0.15420512504963754,-0.46979602152225497,1.5,1.0,1.0,0.1,1.0
2.630787480182115,2.9750808264732282,3.6852532178131368,3.407575001390164,3.495219676886044,3.2298187542518595,3.600150557305024,3.9811382307470105,4.194948326083772,4.2350512554762725,3.8470924001931537,1.5,1.0,1.0,0.1,1.0
2.5310413244946344,2.634918272789281,2.378000331779285,2.778756321634382,2.453029534948241,2.635822437482622,2.014772852362236,2.2094194275543715,1.721652017796878,1.0645261298584754,1.3587661293920168,1.5,1.0,1.0,0.1,1.0
2.6279844789018316,2.6668850161860926,2.678207010806672,2.506856445915522,2.928748264721884,2.8628337203719707,2.4016899477205946,2.8964990959565546,2.496403005974778,2.132911344307999,1.7652664054868399,1.5,1.0,1.0,0.1,1.0
2.545466652436931,2.733143577016578,2.837033490220249,2.6341154277256624,2.3015305663821892,2.3692738868472514,2.469734661760955,2.2666391693072465,2.4930849322277613,2.7615578847155375,2.353703828297258,1.5,1.0,1.0,0.1,1.0
1.192691076874723,1.302679346081373,1.416719577481305,1.3151038418823968,0.9590963012091337,0.733145293699597,0.8031705841190795,0.7138632402619597,0.7205207017607106,-0.0034079035698661997,0.5315377929137217,1.5,1.0,1.0,0.1,1.0
1.8131718136579271,1.1457713876106528,1.1788495210050571,1.0100207721328294,0.940730888772975,1.3994611144890985,1.3487242129386334,1.902770349657247,2.1462599561133127,2.0364586690319895,1.5809238596727446,1.5,1.0,1.0,0.1,1.0
1.6724190691514742,2.1249912817240078,2.0621868558709693,2.3791099032156326,2.6382652170571683,2.360481378435287,2.277615191605753,2.5318612271389815,2.199872055509932,2.3418022643187766,1.9799080048253188,1.5,1.0,1.0,0.1,1.0
2.496771805651641,2.374184851870515,2.448105735207493,2.3570961962776424,2.6152345436994175,2.638923485110365,2.403059770871267,2.781897584818541,2.0217095570921964,2.0872982720796016,1.7791227542433838,1.5,1.0,1.0,0.1,1.0
1.4479731160645446,1.5484678730258863,1.30162887913883,0.9521975256737929,0.9032943563109355,1.0751626154728862,0.7121605525483321,0.15411283904511974,1.0343606353266932,1.5235210722183572,1.7165147641981908,1.5,1.0,1.0,0.1,1.0
2.81273940571289,2.841674544147914,2.9662758138647325,2.6580996541218043,2.655222234618203,2.821851239802897,3.08957533990137,3.314250687080741,2.8231572121945536,2.801107127419679,2.396474515127228,1.5,1.0,1.0,0.1,1.0
1.8595288093863211,1.8161539732261458,2.0601071123185073,1.7949521877067562,1.9753362547916105,2.0341800341685876,1.9257800592807055,2.1837425823356034,1.7924528041219752,1.7192698818563545,1.4445440422948186,1.5,1.0,1.0,0.1,1.0
1.3014397104801716,1.1820908883418746,1.3014208094347843,0.9934818915072845,0.711171430232201,0.38225861534251926,0.6684450393824014,1.0267454140174335,1.0164978850296418,1.0131907254025503,1.202850605575367,1.5,1.0,1.0,0.1,1.0
1.1125462412696934,1.44571540464562,1.1829984909493074,1.2298974063628556,1.265487113916611,1.163091437541129,1.5134423850539542,0.6395559036149961,0.7130884451266983,1.2663154790976667,1.0672332666790938,1.5,1.0,1.0,0.1,1.0
-0.4727351139604174,-0.4345009012059815,-0.5623120064597541,-0.04310872246301506,0.6194450522348236,0.96918615411669,1.0956832696005934,1.3298525307696436,0.9014336114210943,1.1548370693503873,1.6370584670508241,1.5,1.0,1.0,0.1,1.0
1.6942727211029671,1.2756683214216584,1.7721098056280242,1.8786507729133066,2.1301340130065407,2.0599709932344896,1.7586044956861935,1.7830343323403084,1.4518727285575985,1.4972194792315674,1.6453624159208566,1.5,1.0,1.0,0.1,1.0
1.9307905939746335,1.5998795256122016,1.9231775662460064,1.6017834015706687,0.9135312113334183,1.0563786527141243,1.3394214422602904,0.8849631371749627,0.32616670751291055,0.9751833934414231,0.8090938731328504,1.5,1.0,1.0,0.1,1.0
1.180519275152991,1.0709163296207538,1.0058298152612213,1.0501711545869086,1.3758527319917493,1.8051327527382726,1.9664695858537886,1.3892594970306242,1.0527476970678264,1.1206932625949466,1.3277541827037578,1.5,1.0,1.0,0.1,1.0
0.8708228063310232,0.7973074742307701,0.6319143673774122,1.201233034727628,1.2204110707427207,1.0158560375333774,1.1324328087390765,1.6967158327128862,1.4945849588551665,1.5140329070223049,1.383486825183851,1.5,1.0,1.0,0.1,1.0
2.3378723696809525,1.661746447430298,2.27301907265732,2.4725455801773863,2.1233809446369714,1.6542747471527781,1.7413545088289368,2.300029597281474,2.1347240469865723,2.577252695916794,2.2633815337784227,1.5,1.0,1.0,0.1,1.0
0.5512885520178405,0.7016016301268746,0.6141593834991977,0.6304400581940587,0.7186004821888902,1.2703406635859371,1.507636626323655,0.8112501157557951,0.838425564605358,0.6158762979054755,0.7184068863999159,1.5,1.0,1.0,0.1,1.0
2.7675108145343237,2.8376897874006413,2.4543324392706216,1.9020256768033208,1.7755463296985352,1.4261311374596977,1.5578023580825684,1.262497484474077,1.2066308140620527,1.2406528869813325,1.118049670870867,1.5,1.0,1.0,0.1,1.0
0.36842537631892797,0.6230062185469447,0.8062872013295381,0.3856385144209689,0.22612067394173857,0.061829939120471245,0.2459811352693058,0.26239432748680264,0.38852002171385136,0.7853671265748242,1.139403791525092,1.5,1.0,1.0,0.1,1.0
2.702615294426762,2.6035425317847882,1.9457353530427792,1.300201408546887,0.9999679559698353,0.9719913919266865,1.101358500424038,0.8737506713461434,0.38688027520768853,0.14948094261782496,0.33590403630960397,1.5,1.0,1.0,0.1,1.0
1.1002564671910162,1.004443134209886,1.0375733777811302,1.078464667808284,1.1228673889290042,1.0703269255941312,1.0094341141214722,0.9919598367861486,1.4393781659960316,1.1646330883490417,1.294620775329925,1.5,1.0,1.0,0.1,1.0
0.6745875549663956,0.5192103744754107,0.09923080958258812,0.10750356845371414,0.429603626415632,0.9274546480080141,0.798885326918478,1.24482402947706,1.6570964684145455,1.4824571306290641,1.257150531585572,1.5,1.0,1.0,0.1,1.0
0.8356735903955959,0.9473869784682795,1.137353110807548,0.8957555141139024,0.7818837482256673,0.5920260637239455,0.3992357490679863,0.5927484577484746,0.41656868134530417,1.0104330036988467,1.5698060531408295,1.5,1.0,1.0,0.1,1.0
1.1020103427301815,0.6867059361385448,0.67242453293539,0.8905533626966764,1.1318883299473872,0.3142561948970871,-0.11484871089200571,0.4797343823625647,0.34210225587073534,0.631216663137776,0.8591615699819578,1.5,1.0,1.0,0.1,1.0
2.7290732466001364,3.0971948374406355,2.7424469771931994,2.7396935254139207,2.6531536965590696,2.2605000528327723,1.7976809002451346,1.604215469466546,1.6506832251536263,1.8187856206935127,1.7407396126805728,1.5,1.0,1.0,0.1,1.0
1.2187745242176575,1.383473046104824,1.2814773354086344,0.9828616727792105,0.6044398094250694,0.37015256915036365,0.38776322759351833,0.6397426908533218,0.9832695392035982,1.4224065358482536,1.4592663221018158,1.5,1.0,1.0,0.1,1.0
1.153742481616713,0.8239138233791283,1.1706101144081829,0.7285448824005626,0.8736682935146031,1.104186346944124,0.815190462631939,0.7280089946042897,0.6710890867148263,1.43053384744902,1.6150124401645798,1.5,1.0,1.0,0.1,1.0
1.30796341968244,1.4686294634557147,1.8159445789412445,1.5894545086955667,1.6133665696697133,1.192581669643308,1.3202520745535666,1.5580998716114285,1.9756623165651253,1.272875912601341,1.5691332434328826,1.5,1.0,1.0,0.1,1.0
1.8639710837237395,1.4427302359268868,1.3201428188114084,1.4596237993318735,1.665310260982038,1.8987576931330021,2.086536602503544,1.7361714255995973,1.7957982196875302,2.355976841798447,1.9719490625604716,1.5,1.0,1.0,0.1,1.0
1.1087039354600057,1.5644504983096557,1.6793490758602025,1.7532310923919345,1.4165967156488952,1.317610838626078,1.6399422194327877,1.634765819566788,1.701542490740802,1.7813960905929134,2.3003139244537647,1.5,1.0,1.0,0.1,1.0
2.000221164941499,2.0534763392036046,1.7845779138384747,1.869507229594361,1.6951112635904824,1.6216216865393926,1.595671668844966,1.6510647858327503,2.1385879732635646,2.310007218766662,2.587160806430108,1.5,1.0,1.0,0.1,1.0
1.270963657126085,1.7719814178822735,1.2909001785305227,1.5840967716157661,1.5387165634452562,0.9370262750700782,0.7184316071429548,0.41875043214002317,1.0655100527542132,2.017699720376574,1.9947868459036242,1.5,1.0,1.0,0.1,1.0
1.2543747839526982,1.5911981524551244,1.4788195293992885,1.7511958869211288,1.6006405464470568,1.5469289136028868,1.8060007926956891,2.110565732626615,1.7062812053605172,1.4285673784734523,1.1381279036432603,1.5,1.0,1.0,0.1,1.0
1.3517998037706958,1.428500915106434,1.3393584679050472,1.5922183415525883,2.061748748193299,1.470299102960401,1.649635248131541,1.8971863437906578,1.9386628931231116,2.003204348436035,2.410204794383243,1.5,1.0,1.0,0.1,1.0
1.630798860856551,1.449187792528401,2.0389150746032367,2.041929870455231,1.3160362958999006,1.0324854609233833,1.4775091355214787,1.24731529305775,1.2501430163002858,1.7248306907421225,2.0660035680409696,1.5,1.0,1.0,0.1,1.0
2.6468738014949715,2.6791813679566294,2.7824534259898535,2.8625680280911303,2.704158089275696,2.328880197611218,2.66772488913753,2.5528812928318985,2.627066019196893,2.695306325718327,2.6906798510722076,1.5,1.0,1.0,0.1,1.0
2.0732610162040994,2.377824457961306,2.809090080479282,2.8498328961765247,2.3530589530095574,2.2264079082151333,2.2796591502737154,2.582120416252863,2.500689335927297,2.23243780062824,2.015251872766687,1.5,1.0,1.0,0.1,1.0
2.184110688317237,1.5101544667387259,1.243293230219792,1.5433575052412802,1.5516876680026321,1.0125403743885841,0.5084285888027629,0.7798767047552486,0.9004311382300428,1.1709088008654656,1.3295314470063717,1.5,1.0,1.0,0.1,1.0
0.531851841414303,0.5860934001094252,0.5274473587486916,0.8513966638996157,0.4880553452040245,0.8335456627536459,1.0042640517316161,0.8145077689265491,0.6150101506426381,0.5894365242004269,0.4749721093789588,1.5,1.0,1.0,0.1,1.0
1.4663143636447071,1.4038396634076673,1.5424617532824718,1.5648402042688463,1.4187161022297823,1.1591393751259367,1.3938556288983517,1.2718008869489439,1.2821666256787707,1.7576126020326632,1.606693356589602,1.5,1.0,1.0,0.1,1.0
3.35897017571287,3.1893087194524723,3.467207579670784,3.543316863077851,3.5181993627932515,3.0886860699663066,2.7228144407690658,2.3419898279188227,2.6906728476706987,2.601426045314914,2.6033130974832135,1.5,1.0,1.0,0.1,1.0
1.9580415770798063,1.6236727750685445,1.4992016721690202,1.185104713220123,0.7836885482409526,0.5070280535880292,0.4489202785220882,0.5660594310062597,0.6660072432835547,0.8398697601531729,0.8987955426965466,1.5,1.0,1.0,0.1,1.0
2.8932544679621066,3.308452632793819,2.90598067843766,2.6585559610834046,2.4408706313948727,1.896340955327917,1.968011329911431,1.8470368260475292,1.3440424479241408,1.6534408185874727,1.6303518294824977,1.5,1.0,1.0,0.1,1.0
2.089587082180197,2.0137411551350253,1.5560852617248624,1.1031643814580359,0.7039246051820902,0.7802068902442383,0.921476595806824,1.327723133601718,1.3473260228723687,1.1978686742285036,1.6726963788996643,1.5,1.0,1.0,0.1,1.0
1.0409914675365437,0.9626618180798086,0.7203651084695449,1.2072739573812852,1.2711110907084315,1.7079281946711682,1.7213622145734333,1.1668495214768355,0.9580734660712922,1.2389712525617416,1.8265645748361785,1.5,1.0,1.0,0.1,1.0
2.2556272717859076,1.9891352400226583,2.0319496489167386,2.0800301193798245,2.3322065299245627,2.545427058060531,2.5158274743358344,1.7380585673641051,1.4528206634073435,1.6551690221198454,2.011375057780156,1.5,1.0,1.0,0.1,1.0
0.9186059958172502,0.6955704477855871,1.1901667420536572,0.8347282531132592,0.7902115230973918,1.0294175924920683,1.4252394079553965,1.616632865749173,1.0531261873783186,1.0908572777464371,1.3778477721665494,1.5,1.0,1.0,0.1,1.0
-0.229399192915339,-0.018922205194132714,-0.3419305951250181,0.08213962051874513,0.04420427228709928,0.5198644468798899,-0.10348829725486852,-0.021496936007167483,0.5971600393338248,0.3809816998433602,0.4113138695095009,1.5,1.0,1.0,0.1,1.0
2.4906122529523325,2.809083703806703,2.0367241704811594,2.0753287834654315,2.489837857430121,2.08190117008155,1.8113595022307112,1.6787981822161613,1.7818403948129387,1.982734350131326,1.9391074065147857,1.5,1.0,1.0,0.1,1.0
1.5171716180995736,2.2400813179768084,2.4359141471481673,2.2137608782708895,2.0711304194570115,1.9338981942740132,1.5449799553873298,1.3744769994336947,1.1638002646761823,1.5143144637364068,1.8009231370745689,1.5,1.0,1.0,0.1,1.0
2.3035663988076216,2.4348832513469523,1.9026221183477403,2.093628849998654,1.9324715771125902,2.5944488449679195,2.4071277147984182,2.5814382129954376,2.5793586596667417,2.574958700169295,2.2168056828421863,1.5,1.0,1.0,0.1,1.0
3.2042024569014846,3.4296328569301338,3.465803707484997,3.08737844609074,2.812633125072319,2.4615975909455816,2.2890937555928548,2.2892990102277153,2.02051875535332,1.5525034639995374,1.3350125968509685,1.5,1.0,1.0,0.1,1.0
0.869200854349381,0.4377897986405179,-0.07694607846965562,-0.29241917024677333,-0.6876138334197452,-0.1410525427418261,-0.24399000327707862,-0.7701820757405469,-0.4492679389130808,-0.4859430485700097,-0.4324263032194624,1.5,1.0,1.0,0.1,1.0
3.009259523849272,2.6227538080024204,2.4469792301286946,2.4963091655108443,2.6868812023999125,2.6211181274025366,2.8199004671243983,2.766059150811125,2.626417615765096,2.464613499948104,2.414342691257559,1.5,1.0,1.0,0.1,1.0
1.9295975294404943,2.081441740411582,1.94392742663222,1.9249487150445135,1.1962552097670947,1.6876930899457165,1.7476281991163702,1.070447440417764,0.7070720177858196,1.1802328512138722,1.3724508879101893,1.5,1.0,1.0,0.1,1.0
1.6992889209574695,1.4740989991211046,2.0191839498504325,1.9187148512399559,1.720232548035452,1.8341978355040787,1.693588723652897,1.4503123786427983,1.7492662301382123,1.508615869223916,1.7875120699291611,1.5,1.0,1.0,0.1,1.0
2.6751471563565223,2.9870579490034705,2.9149737751934603,2.480719840550383,2.210356061669632,1.996347645391774,1.606879707364243,1.6350076960506852,1.9546636653495169,1.9403724970866052,2.183078935510285,1.5,1.0,1.0,0.1,1.0
1.4491856938761847,1.103968713273638,0.8720528234460608,1.029669224074393,1.2144447449342284,0.8728082002467431,0.439022551831659,0.6830081202138576,0.5923840864456216,0.5821548284040728,0.7163556228915303,1.5,1.0,1.0,0.1,1.0
1.0828643976443295,1.1365583533455224,1.0436765834622874,1.87558006140444,1.5553478322888257,1.764832528588928,2.022453157877113,1.911067354745527,1.7784701674758343,2.0259176082476467,2.005725789050722,1.5,1.0,1.0,0.1,1.0
1.9364471478781597,1.2716367781096727,0.9640609154780084,1.038595633752215,0.6247274261495556,1.1262018353952388,0.8616317361402563,0.9198718959525602,0.9332806264470992,0.7768098204548172,1.5748952715810849,1.5,1.0,1.0,0.1,1.0
1.947210981615182,1.5964043978844378,1.4876993856571648,1.5295867243047028,1.856041073035589,1.9137644240956886,1.5929148308087893,1.2243532637673071,1.1753676393547625,1.6643338812736859,1.7548460294626476,1.5,1.0,1.0,0.1,1.0
1.4747202298217361,1.4081076683751774,1.4801238425539076,1.835062251415379,1.736349430524908,1.4324976633538729,1.7063084819971666,1.7691609381464461,2.120694018698186,1.8096152156153964,1.5276538429292958,1.5,1.0,1.0,0.1,1.0
1.189438738086846,0.8986126354244547,0.6867213131369968,1.1359363589745362,0.7424323658464758,1.131449892142537,1.2698720519070632,1.0927195684909632,1.1093766787010935,1.0607762445306226,0.7104216614882233,1.5,1.0,1.0,0.1,1.0
0.9798658691991984,1.0727201305049332,1.277099973199194,1.7088248559155161,1.9146374898219434,1.8235310569127885,2.2788372623159208,1.996317886943188,1.6997441332566205,1.7710031819211212,2.115042488120537,1.5,1.0,1.0,0.1,1.0
-0.41300301545170387,-0.3809887025934974,-0.315764307109714,0.20038817185895846,0.4959311696465116,0.5461180015645963,0.10847541798279858,0.5423607386813086,0.601597773009046,0.6457332974724295,1.0205547540578634,1.5,1.0,1.0,0.1,1.0
1.0858835372977451,1.0202585216518911,1.342858942497393,1.4776614232057004,1.7368748848548519,1.833457706821352,1.871875187824563,1.7785502489959957,1.5055592137121536,1.3754234001493073,1.534991206654631,1.5,1.0,1.0,0.1,1.0
1.239497139092811,1.2856149832065973,1.9862949744429401,2.2342936663021984,2.8499125847758893,2.908920845674138,2.8764170508570417,2.4090754964511705,2.2802922048483434,2.229264097459402,2.1359835166506027,1.5,1.0,1.0,0.1,1.0
1.6510296131600954,1.979954675859644,1.7747061764114083,1.8491402106417159,1.3790295630464775,0.7740336633512369,0.5064721101177987,0.3710646671958276,0.8508139052939674,0.955279136464407,1.0740046426344116,1.5,1.0,1.0,0.1,1.0
0.6713458678457751,0.8129748432856995,1.2334833031947727,1.3259135327282119,1.693541590705639,1.9259691757361517,1.507137479696914,1.8619931004810657,1.7923284611301817,1.6911679140886957,1.5974603639736125,1.5,1.0,1.0,0.1,1.0
1.3305356189241115,2.058023418104331,2.3366600217352516,2.220320360775882,1.612044524324449,1.7715796195466638,1.9200750455971465,1.9677973685662704,1.3749671774267616,1.3404663372494847,1.5631393172294292,1.5,1.0,1.0,0.1,1.0
1.9326752193867214,1.4407495051357364,1.6244930687726886,2.007202717085318,1.6828840653093098,2.0467409513957797,1.9633009120515152,2.204477224178455,2.3539051687870605,1.9692276210751212,1.9385350879324161,1.5,1.0,1.0,0.1,1.0
0.544757262311345,0.2919549635779936,0.972159347526133,1.0211283021028323,1.275345378378606,1.3557801155388747,1.3224973823709432,0.9072860292218556,0.7005837573517567,0.8534151147695865,0.82580047967641,1.5,1.0,1.0,0.1,1.0
1.30884601022874,1.4643750965966507,1.4276306443325821,1.6278628799397064,1.5499641932227266,1.6110845804811533,1.6495402162652888,2.0891772428281152,2.123834554487051,2.0743010326437648,1.85418464378158,1.5,1.0,1.0,0.1,1.0
1.5398051584705998,1.6837048077405457,1.84356018043569,1.9343558781309373,1.7345989287587968,1.8980163113826896,2.296556539596978,2.083668102434604,2.5367753058750475,2.5626475687668595,2.6961677533166424,1.5,1.0,1.0,0.1,1.0
1.3396247504376475,1.3254456996536186,0.5832041757076161,0.9346092912592401,0.9724749443649774,1.0979553561397581,1.555474629733359,1.260457924634253,1.1057041050082392,1.4667706217251906,1.9863526420196171,1.5,1.0,1.0,0.1,1.0
1.9878320073355555,2.697489596575793,2.6528345967817812,2.893216672387368,2.74055152370307,2.3251397459862573,1.4959458125175957,1.4264431364336883,1.3774471571139189,1.6371904460534574,1.7287416371718165,1.5,1.0,1.0,0.1,1.0
0.696463114920574,0.31799142366538885,0.5163619790848956,0.826999717988143,1.5379317622131605,1.2732994168938196,1.3814651622195708,1.5405965933796681,0.9064202080287797,0.8969831918815845,1.8983394251339227,1.5,1.0,1.0,0.1,1.0
1.40207452641752,1.4680715476937933,1.3798920629476872,1.428827830626345,1.4084868613395136,1.735900402706907,1.142625876176886,1.2242517390855088,1.0531434678640128,0.8817240062786593,1.2888159853814238,1.5,1.0,1.0,0.1,1.0
0.9272704594762918,1.3239362375239587,1.5656780110745796,1.5377776791248379,2.103384327493167,1.8761387843774662,1.9259185244298063,1.9514877023965445,1.873797227923387,1.8496660448248818,1.231199559698295,1.5,1.0,1.0,0.1,1.0
1.3104687931734569,1.1620340698022005,0.5408603751099573,0.9508355477183479,0.8336746887745513,1.3300131771715957,0.9866628661993584,0.7711823241539584,0.6833267689294205,0.1797210041727778,0.3582131939520802,1.5,1.0,1.0,0.1,1.0
1.4427943355590143,1.7921441625201848,1.7694514810413433,1.0764285352228322,0.9011682600659503,1.5619278976570055,1.22645546645158,1.2791126926138603,1.921163905516027,2.289097364107698,2.0200035416421884,1.5,1.0,1.0,0.1,1.0
1.4080254462396302,1.450891247447113,0.7824805810436436,0.8280163043858488,1.071118583604392,0.6556450862048058,0.6037014920808544,0.8657524087999059,0.859702398889648,0.6675027407227248,0.499778843149848,1.5,1.0,1.0,0.1,1.0
1.516222634736688,1.696396806228988,1.9997296090595988,2.0103742722241877,1.4915276772738904,0.9351928645382566,1.0153617566692656,1.4007213183272775,1.6754548764507107,1.866500882325397,1.974915547899193,1.5,1.0,1.0,0.1,1.0
0.9425482196713176,0.35758317538393025,0.4249931839969603,0.04496886634512609,0.6684811495383838,1.3633302677406793,1.5528343660464257,1.7988975787885402,1.8220016928112184,2.072975246134268,1.1403226851940849,1.5,1.0,1.0,0.1,1.0
2.167263685375143,2.487911909319836,1.978701057242815,2.142560538950729,1.8673918624233183,2.0084675005839254,2.2694653345188174,2.302724348398554,2.573867193055521,2.0139680557473825,1.7938043587731576,1.5,1.0,1.0,0.1,1.0
2.941011551507002,2.645733960372598,1.9532942784835432,1.6948641888493412,1.6430437605732884,1.1354290567025904,1.169448764554647,0.8652668316585944,0.56137846798475,0.3897062155903657,1.0114938541340845,1.5,1.0,1.0,0.1,1.0
1.8575514484722864,1.9832515978233372,1.9890461360775025,1.9651885081223122,1.543186903549177,1.3978718639224865,1.6389939253317942,2.0212451231859334,1.7205408695955584,1.6540483211169494,2.147046707793755,1.5,1.0,1.0,0.1,1.0
1.3413781274951655,1.4852570691188287,1.8205871243602973,1.6763937623105207,1.1756991283604346,0.820012179278665,0.9011958330752888,1.2683933621408092,0.9117778404359732,1.003921734497095,0.8664494953921011,1.5,1.0,1.0,0.1,1.0
1.5045579008243228,1.610551939816883,1.3625166537934397,1.197625685767049,1.125051131418018,0.7443311038964792,1.1298370101111983,0.6185747173012377,0.7621179894788165,1.2720108339739498,1.3168776201334744,1.5,1.0,1.0,0.1,1.0
2.231054138958661,1.557440673797436,1.5183510767807193,1.3857250990436167,1.478267374147145,1.615646286431106,1.9220480206669714,1.9166059680278893,1.9485520121317546,2.170379710370539,2.4042065769206493,1.5,1.0,1.0,0.1,1.0
2.5143113671200576,2.9899517966590428,2.6049529287068425,2.1930219243815054,1.9520688087612257,2.0112778160672873,1.868484905212066,1.6422765810827165,1.3777958385845734,1.44949110592392,1.6021715687005107,1.5,1.0,1.0,0.1,1.0
2.437526700448998,2.1951609209633327,2.112581866424687,2.103832819151423,2.1625944871291765,2.0381042641506735,1.8340958990459155,1.926734788661336,1.7180691404317479,2.2065760752327623,1.9664963145024406,1.5,1.0,1.0,0.1,1.0
1.4899970932459403,1.6447229366250564,1.8865874534761977,2.0274554670294376,1.5384613374521199,1.3825525985807607,1.2991648438078003,1.406307984562878,1.49285285114382,1.2463698534971173,1.6070465898299617,1.5,1.0,1.0,0.1,1.0
1.5298100119217772,0.9230992374069761,0.5770769641843592,0.03797826779924285,0.7117383189848541,1.0958688672026746,1.3325809764360415,1.0259655490157387,0.8351344751038028,1.0612805451235203,1.1027565874240717,1.5,1.0,1.0,0.1,1.0
1.0218631661974447,1.1256415765734378,0.9487074639117572,1.364512398492416,0.8490669872352233,0.9653949086197208,0.5784329970149935,0.2707237885154334,0.47298722703015983,0.3159529403690415,0.980201197741741,1.5,1.0,1.0,0.1,1.0
1.4230587946028599,1.5763964011802858,1.2395920500076367,1.7476588515439784,1.7301325138111094,1.8036502529798453,1.5180554073178658,0.7662501705221301,1.268576807938715,0.34713276372042867,0.635104390987037,1.5,1.0,1.0,0.1,1.0
1.7585701720645022,1.8623327108895547,1.7879522070190945,2.0743026028428586,1.9441421931818341,2.0982375564090665,2.1277745849541176,2.466375984054307,2.151511362076989,1.8324696615900569,1.5471502099209833,1.5,1.0,1.0,0.1,1.0
2.1930829142395987,1.877315252865969,2.193769591230699,2.6084140421383966,2.664529599508856,1.9629151710438033,1.7019141084452163,1.7086494382191513,2.022087108646384,2.3098248359587936,2.231112516161683,1.5,1.0,1.0,0.1,1.0
2.8545874270564107,3.2527580665390112,3.3089431986113844,3.0871380691141117,3.1216788956551733,2.7686785215015495,2.7898826582793115,2.5756225887972533,2.678303452523689,2.469853468416658,2.6132614907645944,1.5,1.0,1.0,0.1,1.0
1.3837172996556162,1.1290051737748565,1.369057513855752,1.1915663866613535,1.8180766208250176,1.5549124327745623,1.8145003474941652,1.4326628058799553,1.199471323480118,1.1680319651024536,1.1828043650994091,1.5,1.0,1.0,0.1,1.0
1.3124134870281756,1.4782076267538873,1.2434060223039238,1.4131623743027195,1.8706551741012447,1.6526623947532497,1.872377164808134,1.9925843567202695,1.7117643192047503,1.7733762961468749,1.9026563064976014,1.5,1.0,1.0,0.1,1.0
3.19090932033615,3.3790776964163998,2.7643726600314458,3.138509062635288,3.0271734759138607,2.4993191340349625,2.427520180864987,1.740055332879722,1.748435368617345,1.9983834094535307,1.4392757137785561,1.5,1.0,1.0,0.1,1.0
1.282860105015536,0.9698624151668184,0.9207134306557515,0.552638711339756,0.8292921233954151,0.7030614451806999,0.506893254995038,0.7109252730989202,0.6929999909495855,0.8178959856327627,0.36381782702574006,1.5,1.0,1.0,0.1,1.0
1.0431024153439625,1.2535506011880766,1.0478455172653844,0.942179230186609,0.725444356710776,0.8089399319027891,0.4042664519979536,-0.01973566358766432,0.697936895460042,0.7886353142833498,1.613045762197934,1.5,1.0,1.0,0.1,1.0
2.2251370448494856,2.36154533913428,2.5480978064660738,2.73465620394612,2.607774174922666,2.1794039808659744,2.4782017129060234,2.3105023884338154,2.019978870700046,1.7655795229711582,1.427651433180068,1.5,1.0,1.0,0.1,1.0
2.4836194211357863,2.425144806510861,2.4301941280924417,2.3027169458007624,2.097831380691079,1.766146737056868,1.383467222512748,0.7927774739367447,0.7166076514216815,1.2594174510237852,1.7674510800476453,1.5,1.0,1.0,0.1,1.0
0.7516944713866204,1.3875723703774194,0.9115234558410963,0.8084268478245851,1.5759122442630562,1.218485262729718,1.7502191648124956,1.1075289820103946,1.3684372255747013,1.1666659082698878,0.9781392665407639,1.5,1.0,1.0,0.1,1.0
2.692917204678401,2.3732123325095307,2.4829569194362735,2.336162580688399,2.4353754422053275,2.0432191083559244,2.1286914147205973,2.3043241800120398,2.8781592994862217,3.0700765657792557,3.071634435872396,1.5,1.0,1.0,0.1,1.0
1.0283437955627086,0.8987143926232601,0.6196491702156712,-0.009703491589733937,0.21405089929240678,0.4333304066132848,0.29836639617179284,0.23522639970343695,0.23462885105485456,0.39327625505745845,0.8140470496739189,1.5,1.0,1.0,0.1,1.0
2.264911175618126,2.2529805658103994,2.237014634717448,1.600673226866077,0.8959969229276834,0.8397184030279005,0.396912218198477,0.020285397708690145,0.6169105888700136,0.2847638105132072,0.3229770109332327,1.5,1.0,1.0,0.1,1.0
2.6648393913999104,2.1736815048660425,2.2451245212707147,2.5443009769495575,2.522932611691397,2.211904827274961,2.230893989822267,2.253011251539086,2.053852372739689,2.1888211568690306,2.076075809251392,1.5,1.0,1.0,0.1,1.0
0.5032037153442552,1.0059827529534802,1.4514749510326652,1.8679440021054767,1.3814347899741881,1.9596211117693643,2.1040537312143983,1.646854385843365,1.3704031140815511,0.8456757568603218,0.7260150259414646,1.5,1.0,1.0,0.1,1.0
0.7630860589228351,0.8851961128075618,1.435911018252235,1.5962430054381616,1.4380890801579331,1.1989993711407405,1.1711827280185114,1.0920427372940706,0.7334500509452602,1.138510813580206,1.3791481867364193,1.5,1.0,1.0,0.1,1.0
0.7249700267127126,0.6695330905885132,0.5825498709885473,0.43867996905519774,0.7350377850610009,0.9804084095504388,0.9665902133369656,1.0701962967742145,0.7105895955126819,0.6221671355972755,0.6913436833826573,1.5,1.0,1.0,0.1,1.0
1.7069979226567271,1.6268791452940627,1.3016531753699512,1.2432592675863317,0.8933955482449473,1.24816077193741,1.5871298952783004,1.8750283682659425,1.2430423849324272,0.967709082062189,1.706350083155964,1.5,1.0,1.0,0.1,1.0
0.21648940994700416,-0.0394163133534467,0.1527232546938476,0.6634686670403178,0.36213504655645223,-0.32597537906615287,0.11022502915150492,0.24575150159852707,0.7758612153287838,0.9705993510535915,0.805080530410319,1.5,1.0,1.0,0.1,1.0
1.9820443267320569,1.9102803012259129,2.113305598282193,1.5598960031204676,1.5383331459639382,1.1950310611069095,1.9542131069437423,1.7141555612478498,1.478883744325739,1.0527405498211588,1.0227058722339577,1.5,1.0,1.0,0.1,1.0
1.419804562258281,1.5824528487870722,1.9541422515028288,1.7272682076275805,1.885579117780242,1.7745006301013186,1.5556127662268902,1.0998826772385475,1.1712679625139064,0.6426578620481602,0.8821104157977113,1.5,1.0,1.0,0.1,1.0
0.37150668414015975,0.23698470238691938,0.8478285806691583,1.2567923294991068,0.7326433705108388,0.32019795071880514,0.5593431196480388,0.6434610302236403,0.5716286053931325,0.9192549481575438,1.0971600913125321,1.5,1.0,1.0,0.1,1.0
1.5190602873717431,1.9143142154739805,2.094652858388792,2.159891716504674,2.0814828786280906,1.7448636023795567,1.5458572687209418,1.3851360449629284,1.4007133703436083,1.9567176106973392,2.079703567763653,1.5,1.0,1.0,0.1,1.0
1.1986626000951168,1.4406183227941547,1.9770583845754208,2.671648700955293,2.6951535800444555,2.4381674789125816,1.7915367207963264,1.4235232908389661,1.5043044943438793,1.3186646206474544,1.210407792503444,1.5,1.0,1.0,0.1,1.0
0.9533471314517007,1.0363270580531037,1.4363524167872233,1.8203311039388401,1.0635443249179777,0.9045174178019799,0.7476442659846233,1.0624400493024206,1.777403173103023,1.899429589688339,2.2105140373207943,1.5,1.0,1.0,0.1,1.0
1.366213350625474,0.9092683230093768,1.055810339680397,1.642580413609076,1.6819984482975643,1.7930005269443436,1.68175796155873,2.037554938721952,1.6951022563133322,2.3528040310971674,2.0422148597678658,1.5,1.0,1.0,0.1,1.0
1.9765436748674052,2.4259631074572834,2.855607289040061,3.2566857906604127,3.64651941368019,3.4308920487679093,3.2411782344614015,3.101103599904024,3.2903457969448042,2.9260094983734413,2.751089309862853,1.5,1.0,1.0,0.1,1.0
0.24706058946545675,0.884605156013469,0.6565373673956613,0.43629207385097707,0.11567188082473012,0.06738863204315157,0.487945735015809,0.42227937624772793,0.727797949520284,0.4549347946384746,0.20729030141510812,1.5,1.0,1.0,0.1,1.0
2.70719632783429,3.3887135699256854,3.121223666172305,3.3704548194819695,3.021370981886314,3.023823324964398,2.7484540818571004,2.7334760972188334,2.627267046964982,2.257129915039286,2.189874770983506,1.5,1.0,1.0,0.1,1.0
1.8443182999738785,2.4569657617968526,2.291787804331893,1.8777536203834686,2.3193509763596167,1.676018321910914,2.1837071018483005,2.285631713149212,1.6445975338553378,1.3673774924938096,0.6718993965613543,1.5,1.0,1.0,0.1,1.0
2.354445804734596,1.9756098114570877,1.6098429191871635,2.0888768072441013,2.0021389541564263,2.488077395942126,2.573523080551587,2.7089256213645867,2.9619033696589776,2.778716187427015,2.2274152505852913,1.5,1.0,1.0,0.1,1.0
2.4734960545136553,2.523178683951516,2.337881238995451,2.3325504039956773,2.401085001959181,2.882292990716448,2.454951112290646,2.7751478741503584,3.1846701706285563,3.1066164221705685,2.801470955569208,1.5,1.0,1.0,0.1,1.0
0.3630169619507661,0.24050750151443537,0.07159097457350555,0.3651582195863011,0.6212821349675347,0.3362582536727465,0.5986702631041236,0.47448604839551367,0.5414044185155821,0.3800321732273163,0.9009075580043429,1.5,1.0,1.0,0.1,1.0
1.874108558412745,1.95069433047196,1.9911344193647729,1.7176474002711306,1.0581544439561519,1.8218529240730452,1.2930891364855173,0.9870706319962654,1.2986170126873975,1.269015015846814,1.7783647296055565,1.5,1.0,1.0,0.1,1.0
0.5498151345406246,0.2997804067490091,0.05468000087021263,0.6785228083312174,1.0042350634285446,0.8749683206736022,0.8440857474501732,0.47463233579238007,0.6892450945617608,0.036888787638674425,0.49841981112994643,1.5,1.0,1.0,0.1,1.0
2.3388537801962803,2.556327815615567,2.2804724220819623,2.4712042050321745,2.7998561080657822,2.9010064600015926,2.9233269819866368,2.9179510790501104,2.397719991395561,2.1556539530945504,1.6194751775653908,1.5,1.0,1.0,0.1,1.0
1.4073817488394107,1.2721131408754114,1.5405302463525048,0.9466321630290561,1.0508142427268177,1.401376055994123,1.472421787831452,2.2028970834939336,2.1975165592216594,1.9707548224358713,1.956475215527817,1.5,1.0,1.0,0.1,1.0
2.1148545151652858,1.6933725419544259,1.5360801606918064,1.2469395413806477,1.1959502877602468,1.4135414751143354,1.7261018645778479,2.101461981643817,2.0789305008219015,2.499403618252322,2.1499364624757686,1.5,1.0,1.0,0.1,1.0
2.0538724685180307,2.035190233895303,1.6851479809923824,1.4399796439968402,1.3514166559101173,1.0815364337664954,1.448094266806056,0.7067488887819511,0.6560999508608855,1.0758268114966447,1.0776153766241447,1.5,1.0,1.0,0.1,1.0
1.1438283086616197,0.6920855478375958,0.9656290261877114,1.3425508691473171,1.3036285930585612,1.2700085517388355,0.9206561511845657,0.769266481714932,0.9793008079133914,1.3460149953901241,1.9063882158635521,1.5,1.0,1.0,0.1,1.0
2.428400064860724,2.0300012770293097,2.4563584442308617,1.9953008073802,1.5162399141132061,1.697995828478719,1.8893702300898743,1.8190755194514903,1.6917358703517227,1.9578479424975044,1.9229243561216018,1.5,1.0,1.0,0.1,1.0
1.2917805050154374,1.1263363606532546,1.2371646830245304,1.024232961959852,0.9017035973615136,0.9197497237751558,1.1164180884318478,0.7481023282670404,1.0893181588950882,1.0540568082518638,1.1664233534013593,1.5,1.0,1.0,0.1,1.0
-0.12517380056191343,-0.3036415638048456,-0.450445030224523,-0.4312192546413732,-0.07337151685068305,-0.09940457782063675,0.18126215125997325,0.25544646771892326,0.13332496329616736,0.8228938749081309,0.3178500179732737,1.5,1.0,1.0,0.1,1.0
0.46179108149401105,0.6203774812058431,0.8866094959210297,1.0055819452969625,0.8392261336223263,0.7558822126219785,0.8559629967024889,1.242364612475218,1.1218907508245914,0.949802396617877,0.590702622995301,1.5,1.0,1.0,0.1,1.0
1.993363720186951,1.571447582428041,1.059924130255291,1.3695690411237424,1.530325428764758,1.7545150511183454,1.628392579134736,1.7671547308921716,1.9145471518384471,2.67626769647455,2.778480954813685,1.5,1.0,1.0,0.1,1.0
2.1889460825327034,2.486964987584853,2.094199963878556,1.9232110219689564,2.147946848929669,2.1974231401762747,1.9227441236009908,1.8453176871909915,1.8371642987830035,1.9957162203819834,1.8605168359473672,1.5,1.0,1.0,0.1,1.0
1.6132926228691915,1.6964783943495658,1.8120417973582301,1.5823606512298785,1.1039873723845743,1.3063234698326736,1.036847411555168,0.8121455750704428,1.523451813138075,1.3327866048272283,1.4990732194113132,1.5,1.0,1.0,0.1,1.0
1.6925914543281817,1.5406539186758794,2.0320646897831733,1.725726305638319,2.3939230615832083,2.223180144344605,1.980234772262328,1.7530313759617586,1.257514463891329,1.3672714821865664,1.451807617706518,1.5,1.0,1.0,0.1,1.0
0.8997190524147871,1.2421531987749783,1.2276893224485195,1.7724824769893657,1.5102774716600762,0.8583820532706926,0.8802865965647414,1.0833788248417215,0.9264473504881643,1.3021093300294582,1.2900100934435303,1.5,1.0,1.0,0.1,1.0
3.2910030982866987,3.019207980887212,2.9995980307359424,2.5538814902222002,2.204245627023348,2.384201194617888,2.7101071177671217,2.5170731484518902,2.358430631595664,1.9178382942786252,1.7256489850921055,1.5,1.0,1.0,0.1,1.0
1.4830655518146025,1.241810638247136,1.525809244887288,1.711211194326807,2.2597393316212675,2.150488259543096,1.8682974033018283,1.8138899930711805,1.5298283943241544,1.5523909779179244,1.9216406232954766,1.5,1.0,1.0,0.1,1.0
0.8519872828407049,0.927821300842644,0.9234585517992764,0.9119534398618072,0.8035696791097591,0.5558832724886816,0.8587768264221571,1.0167566602590379,1.01826014845377,0.6932785324623334,0.8148916108162475,1.5,1.0,1.0,0.1,1.0
0.8354043817491168,0.8276763907555992,1.2105333435163312,1.77140629641302,1.1720992633797787,0.8548137560096538,1.1851481983575622,1.2249360894939931,1.4844516437782347,1.2241273570255427,1.2180114724114919,1.5,1.0,1.0,0.1,1.0
1.5903405077525459,1.9026109789724595,1.080954465639881,1.036258745917628,1.1286881858137496,1.2081577683326874,1.3055351870980945,1.2824685902245054,1.358299522142292,1.5738149018748744,1.6635825063774634,1.5,1.0,1.0,0.1,1.0
1.4719332751505902,1.633382945653646,1.3369997148957875,1.5103925450272173,1.096464623494089,0.9745147836573731,0.889026163403097,0.8148036193843672,0.7943828148420403,0.3215824950716645,0.07002703353288547,1.5,1.0,1.0,0.1,1.0
1.5996268244247016,1.1512760494576992,1.1424782151709105,1.3637328999069036,1.1945257827276934,1.2920565489551707,1.02643633681936,1.4144761602206568,1.7239921044707978,1.450632263094454,1.6856437275946854,1.5,1.0,1.0,0.1,1.0
0.2548939317236526,0.3059121287837294,1.0431757778239086,1.4424004473522074,1.3911396621713026,1.1132527256568974,1.2616967118754392,1.2886424627575848,1.0036924617557277,0.9624941240235606,0.9557939557968685,1.5,1.0,1.0,0.1,1.0
1.6093227797778955,2.121826073086917,2.176579340112887,1.8385766558588341,1.7351095547219386,1.3747725432242885,1.7839883648016879,1.934382562808425,2.3550539483419977,2.115541859197564,2.150502952749377,1.5,1.0,1.0,0.1,1.0
2.185559458896516,2.302991955013238,2.548175742918748,2.8597156248239832,3.238289826553291,3.18653317532813,2.4965137148649945,2.221693316424966,1.9082566327157469,2.1926085381120117,2.069446863986394,1.5,1.0,1.0,0.1,1.0
1.252785221258325,1.1597161839955121,1.0101975813051596,0.5320976487688006,0.6876054808652775,0.853633934526253,0.6429849184332093,0.8224833680690704,0.9963941809958022,0.9946640499054412,1.2967748141587156,1.5,1.0,1.0,0.1,1.0
1.8374965279696218,1.8922908328587398,1.8423086940777753,2.0871461937044478,2.3539606353849294,1.8378907530001216,1.4665807739457661,1.3574585600628968,1.8195919945598598,2.5926510503076665,3.258551874151311,1.5,1.0,1.0,0.1,1.0
3.2551937844392036,3.0620219461885583,2.4174940943644043,2.8711801515094795,3.4504198829350585,3.7978238983244608,3.4849573159820966,2.8490560682924295,2.1796506120403616,2.1076306819559902,1.227501093563164,1.5,1.0,1.0,0.1,1.0
1.0641757448219769,0.6860387038136826,0.7069331592810818,0.6140535175002302,1.1715667125034854,0.5772140051933469,0.6471646411760424,1.2039272668718393,1.2606832376805486,1.5822791020733085,1.3930351058265866,1.5,1.0,1.0,0.1,1.0
0.8743402670386884,1.013683922681071,1.056964583666495,0.7177124914589751,0.36713043752371677,0.321282910910742,0.5675658245658011,0.37043047741968443,0.7374412560877353,0.8337574992798521,0.6113852096139143,1.5,1.0,1.0,0.1,1.0
2.53378006960244,3.2022561610482763,2.9038010071700637,2.732002837512011,2.262038490265439,2.178755051086299,1.913477176686932,1.7004440896723427,1.703445245746391,1.6939823172970025,1.5921177184453181,1.5,1.0,1.0,0.1,1.0
2.1634120602827194,2.257082028935614,1.6418254544202027,1.5227679768824425,1.153334936518027,1.3064762829335947,1.2205676576249853,0.6432297630638042,1.1139400392015923,1.2257037075960568,1.2321745861619466,1.5,1.0,1.0,0.1,1.0
0.6685601195465134,1.1255973161652897,1.3932003194915406,1.9878115727553047,1.2346781745889888,1.2655881161383737,1.4361732566656866,1.0841977085668189,0.6700915721263444,0.49278295542559397,0.46671601409700336,1.5,1.0,1.0,0.1,1.0
1.5340762913075108,2.025462676628148,1.6747889790465673,1.6933281486335228,1.2749242971621886,1.3897409800537348,1.757277640506694,1.975534727657492,1.2861478764798147,0.8279076992311318,0.42839815094731437,1.5,1.0,1.0,0.1,1.0
1.6105617780122545,1.456885892133204,1.757891617807993,1.9732338017243727,1.9745808359177695,2.4860779742912373,2.4665328442675505,2.37436624169528,2.2975066744585932,1.7506802991756651,2.174615754825531,1.5,1.0,1.0,0.1,1.0
1.3257907693184896,0.9231634545413197,1.0681373783518902,0.9328275543813273,1.138255278704557,1.349135697649608,1.3237658616919812,1.8425798682464207,1.7759072473876465,1.852329808324724,1.6434434300466612,1.5,1.0,1.0,0.1,1.0
1.3414046810633848,1.4702509521124418,0.7687214680098889,1.3344371370356003,1.3380029679437573,1.818662914726791,1.7308837795580474,1.858570852600094,1.8184477155195977,1.7229060005663193,1.813111337878171,1.5,1.0,1.0,0.1,1.0
1.4400616267132251,1.8223412169973523,1.8727910970321413,2.1917608978796643,2.1175854886378787,2.2710004118908254,2.7344359053094496,3.068276627478519,2.2895762196483047,2.2525624461283376,2.5978638268171808,1.5,1.0,1.0,0.1,1.0
3.239449484220737,2.6650804821668053,2.8345113235958155,3.122313449613065,2.356460201146783,2.5186780722907605,2.637913484960362,2.1767301619933224,2.4166956758692644,2.10920948247458,2.3705929465306808,1.5,1.0,1.0,0.1,1.0
0.7289944260052521,0.4875331084988759,0.7120235338671871,1.9783673263344994,1.9496642761838738,1.3117904181709346,1.0744798398724866,1.0851623978250184,1.3355712241139674,0.9027606473284969,1.2174293705756567,1.5,1.0,1.0,0.1,1.0
2.1921252158192086,1.7156696429395886,1.7068454130786577,2.33788119765283,1.8483645247660652,1.9232137349827483,1.702039052807031,1.3834173934820435,2.060186084880356,1.8749122229785877,2.027568529676924,1.5,1.0,1.0,0.1,1.0
1.0563237667762,0.894444041718912,0.5898838479727089,0.8074289023728364,0.9503782091414492,0.9694176000716012,0.9151992978243894,1.013305423780793,1.4762605051066915,1.238735208369548,0.9513027005260988,1.5,1.0,1.0,0.1,1.0
0.7165856268859779,0.7462557255542653,0.601914778153104,0.5711288548686948,0.23737925459716397,0.17283832275075084,0.4511635889171619,0.8493498402051113,0.9062877278136369,1.322601698208516,1.5673121195095634,1.5,1.0,1.0,0.1,1.0
2.516157556914701,2.576593806211835,2.73195881135037,2.746323550301898,2.653352484608839,2.659810970191059,2.660500971385952,2.6341813486709245,1.3860492481722542,1.1262462609298378,0.8438524077393494,1.5,1.0,1.0,0.1,1.0
0.15940108196328745,0.8539038271536341,1.463291011102391,1.6447241204875858,1.673059084971769,1.4675960808012918,1.7689206605600483,1.536886935322258,1.8337140501482208,1.9166308045699902,1.9779097019397018,1.5,1.0,1.0,0.1,1.0
1.3504289041383595,1.7929469783604373,1.9504067654117845,2.053442409532095,2.242098417895131,2.102755879103995,2.080705342813848,2.270357998766955,2.1899205177125416,2.0363667842236817,1.1487519000595152,1.5,1.0,1.0,0.1,1.0
0.3017319564708434,0.4464813276185032,0.30156937402566963,0.6537390680734556,0.7840606151154246,1.2647136561103243,1.2718340676214939,1.2209159024969707,1.010797488836168,1.2571006719282158,1.4269586090774853,1.5,1.0,1.0,0.1,1.0
1.9216532670549689,1.502313532500761,1.4700064670297013,1.7818224231409232,1.8006154918038881,0.7838714811937434,1.17811778192165,1.2398312919299543,1.407674735702687,1.9100189750974352,2.1439115465642167,1.5,1.0,1.0,0.1,1.0
2.757173004054237,2.463611836564577,2.527007428242479,2.376963425234155,2.2581784115205417,1.7184446720967923,2.107876615604985,1.9628661263090526,1.4139972737676945,1.398493495287642,1.09854007771712,1.5,1.0,1.0,0.1,1.0
1.5265156039759173,1.2252224572450325,0.9856626292975367,1.0413262473467586,0.7729546453340207,0.9014745809049695,0.9135375168028532,0.5649079365536425,0.8610079654549618,0.43183873095769404,0.8200585090836041,1.5,1.0,1.0,0.1,1.0
1.3268987752655834,1.355025116253997,0.9797642354534892,0.9811710457366123,0.9080377416076293,0.19995724068772547,0.6028097348590323,0.49452761331178297,1.131112039575717,1.3642335954988634,1.4297003514338045,1.5,1.0,1.0,0.1,1.0
1.686097930676075,1.5535689912903792,1.3827943851621594,1.4104517701036383,1.041619856399677,1.2772558107802618,1.0557953780204128,0.7959907378294007,1.401569983526562,1.4114452554499588,1.4353367018422585,1.5,1.0,1.0,0.1,1.0
1.3535014541889896,1.1234161990581097,1.0364603529135288,1.242757524676375,1.6110305449034732,0.8940591162898915,0.41246854614723893,0.7475668368557649,1.0694511355603673,1.1348867181044917,1.2485023175898673,1.5,1.0,1.0,0.1,1.0
-0.08705556637180237,0.4073177351456548,0.4247426490379318,0.6160474773474715,1.1206126899120599,0.5953455443299189,0.6721322091868781,0.4164223462565175,0.2296290364127737,0.02077159579520349,-0.09693086964977188,1.5,1.0,1.0,0.1,1.0
1.406178884985783,1.7154577471488686,1.9455356587456607,2.4321904945241446,2.5453487751073522,2.9027549354699365,2.5441612711187225,2.258278818927816,2.633521332516314,1.8901277271396957,1.106770067379477,1.5,1.0,1.0,0.1,1.0
1.1737209985969201,0.9792556867322612,1.6223013571342508,1.2977119301266506,0.9406691604714388,1.1903936610310544,1.625925774709883,1.8648386749235173,1.4301533776608657,1.7342452280874379,1.4665565493649966,1.5,1.0,1.0,0.1,1.0
1.1611593069183301,1.682894094835222,1.7049460978568034,1.994438492670165,1.8514113451960823,2.0598073328200694,1.5338555234192075,1.9844564388747081,1.9674406840529193,1.8137873730001952,1.5499415004291612,1.5,1.0,1.0,0.1,1.0
1.2211138104635781,1.0854079972609627,1.3582948570435356,1.356436383423519,1.0861685952239728,1.1143888760550171,1.3421018977657935,1.0659641442406285,0.6317453727749598,1.0557204254692492,1.2709851701655392,1.5,1.0,1.0,0.1,1.0
2.8219554527679693,2.2274423756649764,1.9011760943448512,1.7132866503706035,1.652616682372543,1.7993822025506083,1.8566871235369835,1.7248119668850797,1.8692750370470916,1.7497306779446553,1.459192455268087,1.5,1.0,1.0,0.1,1.0
1.6434464522571828,1.854308672635625,1.6964250848633633,2.0425390082720365,1.7512803993143797,1.12889247415778,1.1487087695470282,1.8471678904008604,2.234303145029604,1.759290448255512,1.8201749710634252,1.5,1.0,1.0,0.1,1.0
-0.11673758212851987,0.1125047706935477,-0.4128710400208577,-0.022706259233423426,-0.08540037081580032,-0.22095089110062155,-0.35679861430525284,0.4965043239514396,0.5323898654873044,0.6790319780481153,0.7661050793940802,1.5,1.0,1.0,0.1,1.0
2.912407675327363,2.7274405247656848,2.9191663090384194,2.779657093861331,2.6034634273934305,2.603909859704352,2.491447109991513,2.5572813664053706,2.205507359443635,1.8431403674342688,1.6726429479856497,1.5,1.0,1.0,0.1,1.0
1.370383869665467,0.8962660288949511,1.1676280258990968,1.566590240433477,1.1280144881299368,1.1680174988471925,1.0841252936519732,1.327230084110689,1.285964445981889,1.5246259575330736,1.5419996749973957,1.5,1.0,1.0,0.1,1.0
1.623715363902085,1.6004639592736762,1.5147710881616336,1.6728046422778002,2.269625125935203,2.693472797896664,2.2798167360559414,2.4447644105359996,2.3031705139126437,2.250544891467276,2.6355889989247823,1.5,1.0,1.0,0.1,1.0
1.268568675263487,1.850659276510716,2.0646151408019757,1.7087233196946334,2.211717475002697,2.0470230499750643,2.0240906402506185,2.2448044467754213,1.9309407819749884,1.9815490721148477,2.049160632148324,1.5,1.0,1.0,0.1,1.0
1.3395213800801238,1.600285496226492,2.172514390105738,2.1120775937828737,2.039956231601262,1.7478807611597433,1.403431221519884,1.1118183911958315,0.6830033428317677,0.8077732987145848,1.1934193079821038,1.5,1.0,1.0,0.1,1.0
1.935346743560386,1.7972273230812918,1.900116824487387,1.919856069655333,1.7611072860810797,2.2068080352424184,1.9637792944548207,1.6920131464648192,1.4070613405302643,1.3612449651760987,1.8252419186231321,1.5,1.0,1.0,0.1,1.0
0.8315102913574722,0.6144174615110392,0.34142218609587144,0.8933965452159749,1.071563711558279,1.2633258281967896,1.401576685021742,1.8278428561319155,1.7516564313091907,1.2133086245132418,1.0883191463029571,1.5,1.0,1.0,0.1,1.0
0.9477215453412136,1.4018789820886117,1.581067897759114,1.549150724118599,0.48192325398866753,0.5208424262669695,-0.028284744681960627,0.5818216424936387,0.35047893280866466,0.41116024763774484,0.030964127265901364,1.5,1.0,1.0,0.1,1.0
2.0081154582888048,1.6941579880532822,2.363954125947893,3.0501664501873345,3.0030210050544586,2.910562757252647,2.666293258639646,2.665534555452897,3.027351507319037,2.5474642622058457,2.261671577975341,1.5,1.0,1.0,0.1,1.0
0.21414097822652758,0.39276502138366837,0.6208251680523029,0.38562527696377685,0.7889572363097382,0.8876757990434222,1.0802952346973635,1.4697606949249322,1.2792325843159007,1.6488027777802863,1.8649411548595074,1.5,1.0,1.0,0.1,1.0
1.3897593467093454,1.4767721875353985,1.6251670249799832,1.394430502792161,1.4261569519758912,1.7094055374826294,2.071387950426078,2.125092364133098,2.358973306234202,1.8865620446146276,1.2057852372606572,1.5,1.0,1.0,0.1,1.0
1.6025086754777924,1.1004128867194534,0.908245244066692,1.0187549760424854,1.5634556279589908,1.9587042467618554,1.950196833175905,2.2545317241748046,1.9713118259848021,1.900058841186606,1.3546893261724104,1.5,1.0,1.0,0.1,1.0
0.6963913122138339,0.32331749881403,0.19519404393978185,0.29418962174557434,0.772205109894482,0.9706286565508659,1.3565249715504664,1.38981600358978,1.631916152660943,1.664374381874093,2.2037420226464204,1.5,1.0,1.0,0.1,1.0
0.7402405994197948,0.7635246797588887,1.1495348972425605,1.253047316114505,0.7412665466771401,1.188050735109466,0.3399487604405508,0.7121590246978474,0.4720224866009324,1.4055168528613455,1.2512855032009056,1.5,1.0,1.0,0.1,1.0
2.197399356654116,2.4992277181805687,2.552659627258758,2.171315751942241,1.8989506739090907,1.461663051550633,2.006783054701752,2.149765089306677,2.062811813288414,1.9613704855550753,1.4830384113370072,1.5,1.0,1.0,0.1,1.0
1.8603829072931728,1.9074258405049065,1.6863010096971511,1.7338125242649705,2.0516012432380566,1.7302989391144523,1.9319550495635673,2.0756593225250377,2.2668717419919315,1.8361261824409403,1.4816007620249483,1.5,1.0,1.0,0.1,1.0
1.8587521292784694,0.8427356715828582,1.3418164918790254,1.1836358205079585,1.1355140674888426,1.101448017071736,1.2929234758319075,1.455928478152337,0.9541433549232596,1.213287852754171,1.3910440108303148,1.5,1.0,1.0,0.1,1.0
0.5925003127294812,0.8017273255096877,0.508909645999175,0.7519793314572152,0.08768084698248069,0.5144310361406244,0.735368056881538,1.1904464041216427,1.495641554106532,1.6936237546613508,2.08034348444361,1.5,1.0,1.0,0.1,1.0
2.701592701892333,2.803974009210629,2.590751260451777,2.8573375217890478,2.7859850662750145,2.9039490558185657,2.9594658194029164,2.9886787270757287,2.764671142842245,2.352440594857825,2.9474042512325793,1.5,1.0,1.0,0.1,1.0
1.0377010356700025,1.1915957635961227,0.9112640708990651,1.009137791892703,0.6220204440619955,0.9537422952595715,0.9502423885103918,1.0748873982828009,1.3239254561478442,1.6708620090050303,2.2458805591499225,1.5,1.0,1.0,0.1,1.0
2.0663419634464812,2.169088478804897,1.8610388065330756,1.9840154933084038,1.6436099171922578,1.5212214270778721,1.3687806522623769,2.072971981798544,2.046946807556281,2.688556091266892,2.798190668010779,1.5,1.0,1.0,0.1,1.0
2.701932240132667,2.386536994211597,2.5951907139123054,2.846469213380327,2.9736394621164877,3.263235480076473,2.947042111518166,2.823833396242513,3.123067826353969,3.2868135481845866,2.9622176457679372,1.5,1.0,1.0,0.1,1.0
2.892095627548464,2.9197115612015065,2.487167016365573,2.5757188102586426,2.8404190566936633,2.316757546800698,2.2580557053893466,2.1410671055688475,2.125120815211005,2.4801733445849914,2.5962818261365848,1.5,1.0,1.0,0.1,1.0
0.8762162726009542,1.2146864529262091,0.6475616315951074,0.7279253049217936,1.308575441763776,1.666612815809946,1.614429897555366,1.729083350364206,1.832649705543717,2.0900433643701906,1.8127614024982368,1.5,1.0,1.0,0.1,1.0
2.9940985990801536,2.8261396448177587,2.409326742458757,2.189779275988244,2.1845553472029926,2.3170027742821584,2.508905340917589,1.9615122820399322,1.757169478210927,2.1453577125172303,2.1234413160509407,1.5,1.0,1.0,0.1,1.0
2.130964594125619,2.4266711974188784,1.9784039984735102,1.4280400965305111,1.4913792723036179,1.9139423390349082,1.5429176977720072,1.7666455434287327,1.4307209893642123,1.3945116229605707,1.6909395318831988,1.5,1.0,1.0,0.1,1.0
1.740113834632177,1.7967139772271379,1.5031344866926224,1.1793023987182587,1.5314189823933937,0.9761489414417318,0.592483968858184,0.43335376821484584,0.5481153505461664,0.6312589329092104,0.8869019281395597,1.5,1.0,1.0,0.1,1.0
1.832604436929119,1.7354612353501107,1.683634575666593,1.354080710567461,1.554262682349645,1.3136882729291077,0.9996795425205278,1.138132240594835,1.289742518390628,0.965416098454507,0.9423919142162978,1.5,1.0,1.0,0.1,1.0
1.7939450931068575,1.6301796094051302,1.3026568459140937,0.6493551290314784,1.0524764406264409,1.2583888881788634,1.210989590017803,1.4474783835411011,1.4312970395566564,1.4040247462283926,1.5838857706789669,1.5,1.0,1.0,0.1,1.0
1.979056442549801,1.8517403946091178,1.9986602424736102,1.6841370423742241,1.218784356908877,1.4822784437369492,1.3525015809354268,0.8376740038823485,0.7216712529123379,0.3725461974911844,0.1379507698445338,1.5,1.0,1.0,0.1,1.0
1.374759652071762,1.5584743216636916,1.7491678791922878,1.4938376774125945,1.3627153080012278,1.7486464053562134,1.8015915019259487,1.977773140414075,2.384498303926299,2.4412747336873557,2.697275813262728,1.5,1.0,1.0,0.1,1.0
1.899428309283923,1.4334169867974538,1.595806723592432,1.7466529537896471,2.130902803962116,2.1938944053838787,2.0369064924019646,2.1285978067241595,0.9304178843142066,1.094465102644047,1.1206318779186846,1.5,1.0,1.0,0.1,1.0
1.2779849217614332,1.205781366519729,1.5034089262479768,1.2236842267951906,1.111070965618111,0.9966163487312567,1.3576760812583069,0.9957277721486362,0.9062550689498208,0.9280037758130482,1.0969678994023528,1.5,1.0,1.0,0.1,1.0
1.7818812061542946,1.4936483880650389,1.5381513531820807,1.5086782748756726,0.9793577257550395,1.081773388941041,0.4337415746676707,0.32990716325616265,0.06245508170469405,0.3175274469998672,1.356511699860973,1.5,1.0,1.0,0.1,1.0
2.2618796184813426,2.4362567712955876,1.804482924224522,2.15678813648866,2.7067680972337573,2.2763758727766,2.3595213167365996,2.2594653890800602,2.235552560274494,1.8498674538560207,1.7708627454627583,1.5,1.0,1.0,0.1,1.0
2.272864885554702,2.2308541431950974,2.4109251975528743,2.5685217836064895,2.551142119902647,2.2542590317379254,2.2084571376384057,1.9011736334082725,1.3937315172069473,1.0897054833159348,1.2214054983200224,1.5,1.0,1.0,0.1,1.0
2.389438862010533,2.112943850390462,2.0393107299215583,2.1807704270829356,2.1473892278695943,1.752040604890219,1.432643272155723,1.6409541098795917,1.4649358164109942,1.45162489119536,1.5110931850476277,1.5,1.0,1.0,0.1,1.0
0.5806091132630075,0.31569162789913807,0.6303844486189206,1.3007175066775671,1.1428397334931277,0.8583547589713936,1.0037423792828735,1.6460180099894715,1.1544568846412329,1.21909806686941,1.2588768725535178,1.5,1.0,1.0,0.1,1.0
2.533757293943722,2.6988383427174694,2.5481643584841915,2.256803450505806,2.2725630946396573,2.19395156355234,1.821875086445964,1.755950639146465,1.5852945063079622,1.425779735248176,1.1601665495543827,1.5,1.0,1.0,0.1,1.0
2.153776726928349,2.0780557597309293,1.7822011351121825,1.9837376226400127,2.1215790965767454,1.6217189870800237,1.8036874291895801,1.6921716484405553,1.821084107339829,2.2720828538656255,2.700558411016132,1.5,1.0,1.0,0.1,1.0
1.2029111121645453,0.9679100911285725,0.8739776392960087,1.8583555243436323,1.8241211514434343,2.1825677335746194,2.576240197549988,2.0720896412101606,2.014048780203885,2.305374444175766,2.428168978461781,1.5,1.0,1.0,0.1,1.0
2.8175826338970427,3.049158256703557,3.2261493093454745,2.7470945411325998,1.9416194016020394,1.834627102039268,1.631100783516915,1.2789502345599062,1.2704029604324236,1.3273817798714502,0.9180234181159349,1.5,1.0,1.0,0.1,1.0
1.8540156140352504,1.3995678340519153,1.3263558301529996,1.346902107131541,1.0754231767954963,1.2613151281825956,1.3633921969881366,1.2682080238811781,1.1343177945114502,1.4702563755872673,1.9496872961090759,1.5,1.0,1.0,0.1,1.0
0.6771017761161795,1.245186417255577,1.26498386770762,1.027083090708849,1.309431200023046,1.5140660027706363,1.7446260283668562,1.9734407773744058,2.1329385196142585,2.425654907730738,2.1355966441539804,1.5,1.0,1.0,0.1,1.0
1.272266592434364,0.7507392502758234,0.26418141122465055,0.4057377547484637,0.4013029348007593,0.5775192060410514,0.6943062084939702,0.611380950092809,0.10228250074256917,-0.07933362271690059,-0.37602645722291406,1.5,1.0,1.0,0.1,1.0
1.5635793293876676,1.0025166445893583,1.5005780691103747,2.233696614375955,1.9576181013308545,1.207601648538442,1.1448369981719906,0.9799692270751561,1.1312617118990442,1.4835517238948934,1.3720136063595325,1.5,1.0,1.0,0.1,1.0
1.6903119046464263,1.7769126945068119,0.6928277760260337,0.21367517841271433,0.7754127614343586,0.5845801359053835,0.6420092445283505,0.47708604372865204,0.6125561559729773,1.0404425088257632,1.0527305310998094,1.5,1.0,1.0,0.1,1.0
1.5583468322165013,1.8949914167516773,1.5359337058780622,0.8486136877494745,1.1550616061251897,1.418590446614452,1.792468866306895,1.3169735499705506,1.1035897999794804,1.5427261362744686,1.716143291024695,1.5,1.0,1.0,0.1,1.0
0.15720802141784726,0.20938377887717408,0.42195089411343534,0.6631249320334033,0.738283198857085,1.0610766645423049,1.4952009703793652,1.4767272429266414,1.303235070453064,1.030674357422377,0.6925760347294234,1.5,1.0,1.0,0.1,1.0
0.5670912569642708,1.1021616742430373,0.745615832715892,0.9705348746742684,0.7706842883769067,0.4627046788352466,0.9802536530498078,1.1917076954666714,1.245166284515159,0.9630617183031237,1.232362509819929,1.5,1.0,1.0,0.1,1.0
1.4919142706384947,1.7709148415009506,1.2630809288496319,1.055721158691358,1.2829786434451182,1.0340837590130603,1.122132038355194,1.3976958419534953,1.652097403002407,1.9354647183384925,1.8390048215496873,1.5,1.0,1.0,0.1,1.0
1.4981087675097573,1.5988403581224604,1.4160664483513081,1.418561110331129,1.7828193233170515,1.818834661412752,2.0334268145303716,1.5931620952963987,1.1983929984433912,0.8986874465398665,0.9042222299863395,1.5,1.0,1.0,0.1,1.0
1.0300496579241334,1.1052429521167995,1.455445852240997,1.630382264314755,1.1651702533895416,1.4177532095792604,1.756956892823922,1.6005212649743559,1.7606571422443134,1.5229720644591902,1.0029875742125478,1.5,1.0,1.0,0.1,1.0
0.3296264094213783,0.6815299943549369,0.9841900841391649,0.7513505735199437,0.2054487370276319,0.1811991952643131,0.6717240160688456,1.2317660155092127,1.2804351396824027,1.5076622925474834,1.344478631298673,1.5,1.0,1.0,0.1,1.0
1.6534897392872798,1.453916838750157,1.4056883294947147,1.0491422760287232,1.532264506264858,1.4599433128251194,1.3286419567286702,1.2955451387990056,1.4493721104622312,1.3901810083800274,1.4312753946931647,1.5,1.0,1.0,0.1,1.0
0.8956178028739018,0.8129591639829008,0.9352939790510781,0.8897484029941309,0.9715852202933347,0.8844648487683752,1.443854790890626,1.286202230172412,1.751710506263155,1.4768813706262307,1.1629223231268861,1.5,1.0,1.0,0.1,1.0
2.3106815177100977,2.08728493705054,2.3484892884937976,2.602396471556724,2.869465487856518,3.0326145935589572,2.9703431586353126,2.8465535954768972,2.4235687927938305,2.800868064793411,3.2146658469423812,1.5,1.0,1.0,0.1,1.0
1.950856225843907,1.7575552132819783,1.5366513672936288,1.5735067883807867,2.1531342097657475,2.62906686089875,2.951473192086058,2.3587029675895783,2.213829217716921,2.3060721192405254,2.2572112899220125,1.5,1.0,1.0,0.1,1.0
2.501179196296354,2.182965338291572,2.401498304668513,2.3196596953259903,2.146228211155073,2.114277569125771,2.4150951825291136,2.563479539908265,2.3361316648989776,2.161499368754385,2.2177518454636784,1.5,1.0,1.0,0.1,1.0
0.9926066590328191,1.2831422244020487,0.9983379605444425,1.3183061327526957,1.4213918536809447,1.8832558253473783,2.2582038853455364,2.7886847328944873,2.0545380571023193,1.998039376665303,1.7488598467868581,1.5,1.0,1.0,0.1,1.0
1.2939134283701232,1.5915813502950384,1.5130309295790956,2.1149744542572875,2.276093427500234,1.9838985369156656,1.9951240629922142,2.3751477915488985,2.190393178974662,1.8676823330683976,1.6857058873958164,1.5,1.0,1.0,0.1,1.0
2.2081929082870704,2.361390143263444,2.1525468530088374,1.6604662783795194,1.6336377463426919,1.7209665992278322,1.8627939979387125,2.1242022355893675,2.122530841924075,1.937526997143894,1.6856679399064625,1.5,1.0,1.0,0.1,1.0
1.8091712351665832,1.6485343440189701,1.5574392130870236,1.6847584988604871,2.11354341810977,2.1769885377562326,1.9522158692518503,1.923155190383811,1.6672462664407321,1.8237210945330642,1.925143895940018,1.5,1.0,1.0,0.1,1.0
0.5351413665603987,0.32706659191805293,0.495875592856615,0.4482421816844291,0.4316472597420894,0.34431539772497377,0.789383662087856,1.1406518548043723,0.6917338626705589,0.9115706173122287,1.1508348183232386,1.5,1.0,1.0,0.1,1.0
0.9619269899925622,0.7715490408056905,1.0651004915997695,1.0603450795075557,1.475992127435624,0.9834652707458201,1.3650857388339637,0.9935212022254079,1.1950740842450607,1.6385559610347158,2.282157392583348,1.5,1.0,1.0,0.1,1.0
1.812067893594878,1.899122048626355,1.7067344435028158,1.6448996267398217,1.700548188112415,1.7165670084007525,2.048915065822719,2.282877013236707,2.1158049878697383,2.2620999650956497,2.3356854359463175,1.5,1.0,1.0,0.1,1.0
1.90719060527178,1.789876660312405,2.3803572780380113,2.266426984535027,2.338298736066098,2.3126077854859135,2.6272417073902514,2.3762592981586703,2.8222033715209713,2.7120037291652963,2.5640234052739506,1.5,1.0,1.0,0.1,1.0
2.2783163018278656,2.066063368379001,1.7150294256518495,2.036171637704915,2.0093230905404136,1.9619243648901594,1.6863123896485723,1.1093510676519232,0.9320258888351526,0.9786615514287952,0.9320831820328466,1.5,1.0,1.0,0.1,1.0
1.4431805472051809,1.8286420066412625,1.7669235657408504,1.9041739820147168,1.391538528762794,1.7759355202812102,1.6344085208984234,1.9118041146684126,1.421442348356071,1.1858886447724897,0.9111455214406545,1.5,1.0,1.0,0.1,1.0
1.597901305062717,2.005125980182458,1.5077250906477557,1.3006687660878755,1.2274988486580485,1.2804657680934193,0.6864407313756365,0.6539501399683634,0.8980975783720573,0.5144320281854098,1.036483876580086,1.5,1.0,1.0,0.1,1.0
1.1193600917083977,1.2889848388268712,1.1324984549843042,1.464193506128731,1.1886003646455108,1.4661189253649134,1.148361058490571,1.244747901654404,1.4822624830039288,1.6312102203948509,1.3064067927895362,1.5,1.0,1.0,0.1,1.0
1.302828100984677,1.2932299531597466,1.5369857592481433,1.480384411109647,1.3378403774011667,1.6668497837153509,1.3708856852745284,1.2754900992327098,1.3106335751482094,1.3183972942482036,1.2922214629351079,1.5,1.0,1.0,0.1,1.0
0.5732840212667472,0.8950312664138327,0.6726407347579446,0.878222697426411,0.951433518200911,0.883665608564386,0.8613613047842017,1.5361647709116129,1.909078705908986,1.5897040937260882,1.260668426234836,1.5,1.0,1.0,0.1,1.0
0.5252303606517987,0.2429727773567883,0.43495322628397176,0.7280080096037419,0.2864805376811572,0.2904839030487091,-0.1984046253271835,0.2535840834703662,0.1989349367774068,0.4823006528378234,0.7418268507635001,1.5,1.0,1.0,0.1,1.0
1.0690061905276538,1.1851695161083362,1.6480960897366153,1.7921279614325716,2.0154427636263277,2.364988579701298,2.607396069893329,2.272961592491674,2.621069461132153,2.8117395560343947,2.3846438724594523,1.5,1.0,1.0,0.1,1.0
0.9315830931243905,0.909980873149134,1.055483820988792,1.1607985356790747,1.3196397088916552,1.0433808436172507,0.8722580850064033,1.0097144860560272,0.5772286996307773,0.786941618842573,0.6969804675775861,1.5,1.0,1.0,0.1,1.0
2.6035957535311147,2.3508699583330173,2.3553652103796865,2.299507118572045,1.7542092389154167,1.653128403333321,1.5337133398590366,1.4688697231066243,1.416962231316034,1.5574588924959751,1.8917740133479237,1.5,1.0,1.0,0.1,1.0
1.5349548522240701,1.8621094374287313,1.5520269308124188,1.8866176067137237,2.177075072241589,2.1280344952027486,2.2789959990380613,1.860799590210338,1.523552115336976,1.2546014873324416,1.2362095973692298,1.5,1.0,1.0,0.1,1.0
0.49905621683595636,0.5662511933921011,0.4378918717465031,0.7354898137211224,0.48475538840693577,0.6816193627771969,0.806115845716199,0.6344090996437056,1.1692658409359624,1.3193100985218793,0.6594065616631617,1.5,1.0,1.0,0.1,1.0
1.4036365957478587,1.0954581213440264,1.4235806590684468,1.33594706346576,1.3690077456420102,1.4401863051836916,1.4520983857987195,1.0072646560310725,2.055125123731552,2.164424621064416,1.913152997201373,1.5,1.0,1.0,0.1,1.0
2.0594963287435326,1.352989732691257,0.9556345234809425,1.4540046263030086,1.5215114761883144,1.7066209238878622,1.9773219295661233,1.9148440378704417,1.846283876990928,1.2591947558246825,1.285784870870275,1.5,1.0,1.0,0.1,1.0
2.477568020276638,2.841648900567249,2.3551271594357956,3.016426547602427,2.574854060119009,2.741798171729621,2.927555917876506,2.848880180669842,2.6051936899881176,2.6304945814268885,2.433992376404583,1.5,1.0,1.0,0.1,1.0
1.1593271964009444,1.1571402107362179,1.0780746677990762,0.9055091317963824,0.7422485646055063,1.3811305138236136,1.07842977536691,1.1453886167838503,1.686894711874539,1.753661638252626,1.5345644687550315,1.5,1.0,1.0,0.1,1.0
2.419226860715812,2.604462296710069,2.2395003117425683,2.21574946939573,2.4080223050570253,2.026679571796363,2.133676023374482,2.0375180644060387,2.0723077557743252,2.9303001155705313,2.726776341087569,1.5,1.0,1.0,0.1,1.0
1.3729833819062733,1.2367456290562218,1.360385919842535,1.4356887332638788,1.010554247595632,0.9954111666086658,1.1091271610369275,1.4590053240000338,1.2443808711516153,1.7437904771354265,1.6648371876651704,1.5,1.0,1.0,0.1,1.0
2.1835801245289503,2.071261775036707,2.1354431719231957,1.8885713119459675,1.7341077857218603,1.9194904496643919,1.9412571546476014,1.633261603763459,1.4787530238280484,1.7079817909904647,2.086806683994794,1.5,1.0,1.0,0.1,1.0
0.9297664561161301,0.7620945592010351,1.113496258865207,1.2433593195947834,0.9641282449409192,0.8601211910807653,0.9745729667928185,0.7270709985578849,0.641893497373388,0.3871665547064152,0.7691641397355993,1.5,1.0,1.0,0.1,1.0
1.1253080095135048,1.7662205355608127,1.8772289464313492,1.6784678293975501,1.6489406974724667,2.3996183578286163,2.2543896133986103,2.0889918363574296,1.631525792973276,1.551654001409061,1.5876333867529868,1.5,1.0,1.0,0.1,1.0
2.0266788227866783,1.5673873333365531,1.2489797727340028,1.4405513703952861,1.0565207970446053,0.7912008498136036,0.49286407699212,0.4203380880714298,0.7408052814219949,0.5739933183180725,0.9377645686393976,1.5,1.0,1.0,0.1,1.0
1.4658969472531334,1.4126598088169275,1.7481654122356547,2.377843660236202,2.555582561663037,2.472076365254585,2.236505692437189,2.3586165572441065,2.2622594435044574,2.133437527942455,2.0813881405739156,1.5,1.0,1.0,0.1,1.0
2.449111536855505,2.500029969414636,2.480093883040245,2.96429395222371,3.2015365475802047,3.4281905934151506,3.0787498826683115,2.638620090327879,2.7637180783602266,2.530665320583011,2.450418734245,1.5,1.0,1.0,0.1,1.0
0.4021967526472697,0.10909597782502106,-0.1710048465523996,0.1442850181113744,0.6071708830590525,0.8695989807688654,1.2181030392208263,0.6312298217487178,0.682483384931734,0.34616067085687624,0.4826386303343166,1.5,1.0,1.0,0.1,1.0
0.44245762710753267,0.6435318975431912,1.389431875743254,1.9393889506041164,1.6975235337833932,2.255594633130041,1.8303099940005256,2.124059860285709,2.1154672491262065,2.199026174681895,1.7703157303800305,1.5,1.0,1.0,0.1,1.0
0.4381536557204305,1.3077659974053488,1.247979683627362,1.1193470534733234,1.6737947130312592,1.7238504637392453,1.4644127797041586,1.4970255433802742,1.7639849772938492,1.3764994131564774,1.3173954901588039,1.5,1.0,1.0,0.1,1.0
2.149179381611689,2.429577714213128,1.6620799090329248,1.647995186526147,1.881979974429483,2.3838066652020364,2.434990791524045,2.3847502440134676,2.2497508036730434,2.149758371986744,2.0895528815413735,1.5,1.0,1.0,0.1,1.0
2.1434757180435384,2.6570922718696504,3.5304810672510385,3.330356063976601,3.312977904939302,3.428446631803782,3.0772130482689946,2.7649723466292664,2.5449887961125506,2.014616513089469,1.3542289213222152,1.5,1.0,1.0,0.1,1.0
1.6686389857763984,1.49466669291284,1.1052644451203033,1.1277984985663894,1.1380357074063676,0.8437336113721019,0.4941195472098753,0.49805416000055924,0.5212604170112796,0.4607511950556847,0.4626747607117129,1.5,1.0,1.0,0.1,1.0
2.355148414168653,1.8222121633434871,2.22157018021821,2.1203997201452216,2.268776800517564,1.8628555866197327,1.6519464582953958,1.2482441537105033,1.274635692842852,1.9731393042477081,2.040352271327937,1.5,1.0,1.0,0.1,1.0
1.6635579876159856,0.8146109592056121,0.34402942730568165,0.6584195618030648,1.0321553376079724,1.2945200434058817,1.2218554521663882,1.1557814789783432,1.1410055631851617,1.5812955464251186,1.8090963390908696,1.5,1.0,1.0,0.1,1.0
1.8173845384825378,2.051237644355316,2.1526097369587727,1.6153462200666424,1.4412122424199298,1.5860539242393512,1.7984489411228481,2.2077301929705664,2.026121364054381,1.8593473791764294,2.1234325813183696,1.5,1.0,1.0,0.1,1.0
1.8491233864762269,1.662942910439551,1.7454947510086873,1.8974678941345258,1.775529855593193,1.231888733454881,1.1843989932682144,0.9150048018329326,0.9940503306143166,1.5079900671032829,1.1224815239847374,1.5,1.0,1.0,0.1,1.0
2.0956756119725077,2.5978427332447587,2.448318692633024,2.431696518470026,2.7344115148935004,2.786122552837768,2.709054656597474,2.8912984579808683,2.8801075527458497,2.4631827763875753,2.683487994303028,1.5,1.0,1.0,0.1,1.0
3.0860252596284425,2.944230192313791,2.296736554174604,2.6026631814452172,2.3604917255843647,2.361572277763408,2.085488917687454,2.2987736691118315,2.1502816433968452,1.7814743057621878,1.4525006171234074,1.5,1.0,1.0,0.1,1.0
1.4623125156595198,1.3685040287076016,1.1015746924487153,1.090942123206303,1.4193952001272647,1.0889414502556083,1.1269169218805288,0.9769689660435743,0.7370648973332583,0.8148105305538809,0.8737933290223149,1.5,1.0,1.0,0.1,1.0
2.0036404794198495,1.7853024608736712,1.8035328600333285,1.7879170105939914,2.0060265170633085,1.958430730083866,1.6151696508826379,1.550407972329424,1.404987013414714,1.4345971867082312,1.710853688638116,1.5,1.0,1.0,0.1,1.0
1.7510162878234807,1.7306782100191758,1.4194515633415845,1.239723056558184,1.3195533293092863,1.4749371631944665,1.285466577589142,1.5885908350099447,1.304922605339223,1.265335768358652,1.1931813178020954,1.5,1.0,1.0,0.1,1.0
2.203418069004028,2.150354673311931,2.131496504145794,1.6995567316089937,1.879578057787185,1.610401203558294,1.833726648012804,1.5664045000632314,1.4477571242124019,1.531293023776897,1.4456279696165066,1.5,1.0,1.0,0.1,1.0
1.3853283679081687,1.6321824671212515,1.4821857653364863,1.770202716564761,2.0309234617022205,1.8053585940539527,1.6919342901237828,1.6288214234852303,1.5990172513050251,1.2773666552228242,1.183220740847989,1.5,1.0,1.0,0.1,1.0
2.3890295303414906,1.6800415693644264,1.7197221906903901,1.6124274078840253,1.4420805476801442,1.581112324673773,1.9798244005846006,1.6989106279121096,1.8855581840737958,1.2670595800268503,1.6689818198464867,1.5,1.0,1.0,0.1,1.0
3.055200298081103,3.428338070290275,3.246303683178074,3.0370838852107105,2.5609532438666474,2.4541661834810395,2.515261591001647,2.059695432187879,2.197452910276299,2.2709762925302095,2.2298301728338616,1.5,1.0,1.0,0.1,1.0
2.052290580394052,1.896934285733831,2.104868888092171,2.3571096109551464,2.2552311089815023,2.5556408722627837,2.5109772770648644,2.633901808503798,2.5402022178706165,2.475221632785731,2.265868598442166,1.5,1.0,1.0,0.1,1.0
1.511341040994384,1.42092823567538,1.3784978472969553,1.6540272275748786,1.3852146001242316,1.2577182310127626,1.2344501997483328,0.9279925851799878,0.7867520505035581,0.7002076807602748,0.2585534382520901,1.5,1.0,1.0,0.1,1.0
0.9232999349446764,0.6764432463192955,0.31560713678848534,0.3358625914867265,0.5847701939911734,0.7127814294139099,0.9057990774126741,0.9768492628751487,1.715336199254746,2.0651528518424556,2.6569962461975667,1.5,1.0,1.0,0.1,1.0
1.4794012527725495,1.4686810344505865,1.4350093084708273,1.5551650700245019,1.2792242842713997,0.9281858114010847,0.9630355851117534,1.3434965523560995,0.9864315522049777,1.2631344413749572,0.9607175425183605,1.5,1.0,1.0,0.1,1.0
0.6409932964076674,0.6248173620924395,1.1574179068216828,0.8655221324779148,0.9861860258378343,0.8066025769748857,0.7067394911608292,0.3426927482735681,0.5421384215289479,0.25552354789636705,-0.20571068523004843,1.5,1.0,1.0,0.1,1.0
1.9431646637982658,2.1440733230671416,1.9751159457121839,1.0296588901923691,0.7878233522060791,0.37816996485901877,0.2601299666835095,0.27327339486438673,0.36104531286093655,0.3627330745422145,1.033670708091103,1.5,1.0,1.0,0.1,1.0
1.9648686827501791,2.1586790792668973,1.9765269526315719,1.6585644621543265,1.8629683104253187,2.0246846824774445,1.4694679381536113,1.0136654827327352,1.020772773868785,1.4889686073100834,1.1411084371260563,1.5,1.0,1.0,0.1,1.0
1.2417507307684559,0.44676238899269605,0.791594742101985,1.378763757113417,1.9981025169134292,2.169195211410609,2.0640983790433487,2.1574855972610636,1.8569688924953878,2.3666864078132046,1.879682954420411,1.5,1.0,1.0,0.1,1.0
2.805530066656136,3.0983435628527944,2.5246480830100593,2.436790401186836,2.5137292883624673,2.370249956854116,2.168518503525051,2.0020812696666628,2.4317645307855558,2.693186902642251,2.9565120699150884,1.5,1.0,1.0,0.1,1.0
1.025368564550603,1.3480560853182753,1.5809628943297724,1.5014823796797123,1.2413990132491803,1.351132125154624,1.1650942504942092,1.2003014203389322,1.6294617286648592,1.668218655634227,2.0109222938874174,1.5,1.0,1.0,0.1,1.0
2.393345310710924,2.825195643710387,2.574202436167887,2.4097585392599217,2.6930022990250695,2.4786544218522453,2.5737177106886744,2.7777772124611735,2.4416826253070196,2.3090931848054157,1.9357074311059934,1.5,1.0,1.0,0.1,1.0
2.302951867669993,1.885307025613834,2.3601512494389563,2.4485787615608325,2.1975487610962077,2.252059589800204,1.8461405169238683,1.970800493940176,2.167298957055189,1.9203645264875782,1.612919466194526,1.5,1.0,1.0,0.1,1.0
0.4546401643632393,0.7233708322305494,1.1573571982707611,1.4803539137742958,1.1860930698515277,1.1741451670333327,1.6961068104865067,1.6887660212153017,1.423461090924789,1.326966806864908,1.6728538321439246,1.5,1.0,1.0,0.1,1.0
1.4130138283675306,0.5808891850891746,0.09452159926291026,0.2540424484036915,0.007939814317021343,0.3750435304013547,0.07675355219787705,0.39654096534559713,0.5155837301000096,0.392104606656398,0.32256300933966203,1.5,1.0,1.0,0.1,1.0
1.1044674674803694,1.9413408762194062,1.8323335049322482,2.1000612789387976,2.1274718264074055,1.9867149512711217,1.7597594668027237,1.980892066039378,1.5553854735757113,1.1076785392892987,1.3482320941727282,1.5,1.0,1.0,0.1,1.0
1.4272044569307012,1.0841190096218216,0.9433433822793469,1.154811809813203,0.97937284034383,0.6251011571604701,0.48940496026178204,0.7796446547771151,0.5561710591683522,0.7045148122231414,0.6660867653178322,1.5,1.0,1.0,0.1,1.0
0.41692492829810984,0.18099981367019374,0.4947581371719115,0.6468023811306912,0.9978559644258529,0.7664655271570365,0.532231208389955,0.8170583495588095,0.6526303331280737,1.0667068757917972,1.1510645929155396,1.5,1.0,1.0,0.1,1.0
2.225325778818783,2.0802606905448577,2.197381932823464,2.0676594906051413,1.9334392580337965,1.6912262292489846,1.3524327286012352,1.0393328064895808,1.389680270622555,1.452689372575585,1.550978255457145,1.5,1.0,1.0,0.1,1.0
1.7143470670009533,1.9274983411363544,2.3183581440732812,1.7177347985784819,1.751388231412405,1.4624068865896072,1.2260786428195969,0.8329356176862103,0.8937259698737707,1.733302431644597,2.0991274025702706,1.5,1.0,1.0,0.1,1.0
1.690978862000413,1.6280397192500873,1.7730053837493005,1.3275226904704096,1.5669018249638882,1.2789892114760415,1.6275751031943178,1.9919213990704288,1.9509799810933097,2.0281065249389054,2.0438764851063462,1.5,1.0,1.0,0.1,1.0
1.375663949309346,1.4418560582004094,1.461706433957364,1.5731207896731587,1.8860592417605007,2.42043812891732,2.3560250667883387,2.3332392777167024,1.3745189436777894,1.4491228919287906,1.0245814508857096,1.5,1.0,1.0,0.1,1.0
1.1778150369996998,1.307091436815832,1.2652978639852313,0.8719137789375082,1.1875278148655062,1.0971915788222035,1.3619444582725246,1.253117373866886,1.0498980146598005,1.0480284790380998,0.9132444444770766,1.5,1.0,1.0,0.1,1.0
0.9598514767031802,0.5942074787605247,0.5743209457312802,0.36879430819519265,0.7111104016165596,0.6449167914669917,0.8827643313685667,1.0865496320077477,1.1849220259222155,1.0387808122034479,1.643331938678459,1.5,1.0,1.0,0.1,1.0
1.6327484532260803,1.5566007721604436,1.4479484588140474,1.2803815299366488,1.0419801757768523,1.4033093659432248,1.5425274085059753,0.8905954584590855,1.1433629009602377,0.8410196959729102,0.6191243534377704,1.5,1.0,1.0,0.1,1.0
2.28305730672805,2.1223202633582954,2.3566438358647517,1.575540833734151,1.2879380827467892,1.6779324766377235,2.346471336007295,2.5021562912399076,2.5299218838710917,2.522841564449405,2.1036533934982655,1.5,1.0,1.0,0.1,1.0
2.4662463522630937,3.0184175329700587,2.598034429187749,2.563577567362973,2.4424077989866433,2.6380396689659755,2.4546721577683464,2.3344668151139474,2.1720211124164965,2.4238361002370894,2.6349638635757016,1.5,1.0,1.0,0.1,1.0
2.2397544392715707,2.4490283202542558,2.580355431694522,2.5830342811261575,2.9477511528306364,2.8976890827601967,3.033826546985506,2.615632437953229,2.470984250088173,2.2023138449400097,1.9861701155220306,1.5,1.0,1.0,0.1,1.0
0.9142618357327417,1.4044918679142602,1.0468843858432524,1.472195536059189,1.7192818467298352,1.8934293173745769,1.8371030975514775,1.2876905120639865,1.435493857537143,1.1769331884922933,1.2932021716161373,1.5,1.0,1.0,0.1,1.0
0.8241889902158781,0.6655028248255415,0.8562548746933312,1.4479294266802663,1.7174858346593123,2.2279352871123077,2.0330015147732903,1.2600160649053902,1.2648590846589143,1.1950858349318003,1.2316093731317517,1.5,1.0,1.0,0.1,1.0
0.8283214923630378,0.3812442581906951,0.7138093029866707,0.8365456484054272,0.7527113498530686,0.3695610768076534,0.3757714483811936,0.8641194793537939,0.919797772671762,1.182382509054776,1.0345712731338268,1.5,1.0,1.0,0.1,1.0
1.6610102168416636,1.8483967453821237,2.0280957027199706,1.6757678651663392,1.9503440535063719,1.9654849405805006,1.9107022341568574,2.132452488795354,2.1086704763416106,2.13387226451609,2.374564589466606,1.5,1.0,1.0,0.1,1.0
2.5813850684138453,2.0721802709045485,2.004835337320204,1.5014544769917755,2.3529202496771253,1.7792239237841563,1.8649644792137712,1.6709515401542259,1.9837576245414357,1.8081001718805536,1.8302849144810553,1.5,1.0,1.0,0.1,1.0
2.4377477934852254,2.592219411502155,2.4771161492192677,2.396578575354922,1.8664097196429408,2.1583037664946,2.285366630371431,2.5887521587548794,1.8861620942402673,1.9113096080791725,1.277269975360507,1.5,1.0,1.0,0.1,1.0
1.7571943866046666,1.871163639582357,2.114097436272478,1.7177621240543823,1.997432753732981,2.1241817283643005,1.8201199557271353,1.8215671630790866,1.505160067083259,1.7423307738031002,1.9174318866440925,1.5,1.0,1.0,0.1,1.0
1.1752634516495046,0.8616597464532999,1.8077548136215658,1.7322316811337484,1.4942662187541806,1.3320302479571882,1.8508036034543323,1.8026287718441,1.263813687153549,0.9148677272593501,1.8193501605748,1.5,1.0,1.0,0.1,1.0
0.9402474660367834,1.3165823689123006,1.5020862041481948,1.8218100651627935,1.4476071249427531,1.7626427638952984,1.2371608743494757,0.8870941928258479,0.4578775037942596,0.36545893526334383,0.7991121822725256,1.5,1.0,1.0,0.1,1.0
2.0162697509268868,1.768835377663126,2.0353952609460695,2.0833058717437924,1.6650967523762956,1.6860674516905123,1.2802367135102521,1.2979361968746501,0.7883572278532928,1.293595315412224,1.489636212111824,1.5,1.0,1.0,0.1,1.0
0.7571350174059794,1.3879287510946474,1.5109402846928632,1.748305557630635,1.7655534611612795,1.680949338395011,1.4732931466095431,1.4231289802287934,1.0564744922258842,1.2446604656335327,1.2172519814862097,1.5,1.0,1.0,0.1,1.0
0.6739577265714916,0.7683726517746315,0.6920366618135152,0.45689015972140523,0.7092621084883884,0.4947126645868917,1.1176222112281313,0.942715329396705,0.8074322354537876,0.7568016091807486,-0.029184815402312103,1.5,1.0,1.0,0.1,1.0
1.7008762278148175,2.3699997963351556,1.82977531143088,1.508133867191159,1.1296335067746142,1.1333912224734124,1.5320317208894005,1.1979997435974457,1.3896338896099425,1.7258630809176023,1.8096575748377484,1.5,1.0,1.0,0.1,1.0
1.6850035866900346,1.7013276410047948,1.6805808520938628,1.4716348102957246,1.7735600952113493,2.2552368805755227,1.8274045021534229,1.5469939536959982,1.6133361030177977,1.6500376473906928,1.711175925592918,1.5,1.0,1.0,0.1,1.0
1.3544872157518515,1.6070664708710451,1.1622247394833218,0.9428113461089862,1.0616774630458765,1.50625445847952,1.3201580809901934,1.2429398412875374,1.0602337126738062,0.8097738586183687,0.8881457802981725,1.5,1.0,1.0,0.1,1.0
2.518320533298672,2.3589096971959576,2.618911682759905,2.8490095839398104,3.4366698644959603,2.8134530469031205,2.1117591858299223,1.660378083343742,0.8961328884013413,1.4519505795468628,0.4733159616437339,1.5,1.0,1.0,0.1,1.0
2.3934338606606893,2.198168048840698,1.7673967818554839,1.774743792138288,1.307884399838055,1.7014316017004958,2.3251332006302112,2.0412740706861965,2.2225021087909322,2.610604003004955,2.178028854544803,1.5,1.0,1.0,0.1,1.0
1.511835074827374,1.8789497025862958,1.782758383968519,1.4052141684998023,1.92191810894759,1.886219447878479,1.7169318909419624,1.1868779263264275,1.8090002824969893,1.7455609509021055,1.927444112995993,1.5,1.0,1.0,0.1,1.0
1.9969394243836245,2.165942467108076,1.9626326943087884,1.67947397321521,1.5477738050267238,1.5875484798025978,0.9875663566775291,0.8371078767110862,1.0916087603602336,1.259783722807325,1.232444647913228,1.5,1.0,1.0,0.1,1.0
1.5527572748315515,1.4220375397689147,1.6034289454046862,1.7832611537603766,1.82114533453099,1.7334977980697215,1.3172951500090393,1.2043652694345344,0.8181189084784708,1.2398478339856016,1.446911506806261,1.5,1.0,1.0,0.1,1.0
2.6137545843074914,2.5264698747661254,2.6810464934593186,2.6581760402218593,2.999482652137987,2.339010603720227,1.6066159772801125,1.7893483307940314,2.0573517605859593,1.6264749767104452,1.3158750755726745,1.5,1.0,1.0,0.1,1.0
2.9805419839192253,3.0501775803692976,2.8926201305785204,2.7065513301878164,2.3571968486015096,2.141683082877833,2.1194315939982666,2.369246461353724,2.0825831421626786,2.189404694676108,2.113067770069812,1.5,1.0,1.0,0.1,1.0
0.8586452379155262,0.0651536399397804,-0.3522071287020173,0.16629378214224588,0.40490651430287616,0.20099033147307416,0.329124909296086,0.4913183394633138,0.8475637892478787,1.5119792397166485,1.7198074304187254,1.5,1.0,1.0,0.1,1.0
1.8129600519562177,1.5889863979131118,1.6596444178915177,1.46452759446128,1.4409038508784382,1.4056971374527976,1.5535325604165575,1.7723925985357303,1.154458841238915,1.1445428873426942,0.6584240714196131,1.5,1.0,1.0,0.1,1.0
0.01773140478858577,-0.09371097206612702,-0.14539774398762195,-0.19141075816094513,-0.13744161240475333,-0.11878655626956144,0.4178536405542095,1.2680134475092468,1.2612563726718375,0.863064336754348,1.6326041870163395,1.5,1.0,1.0,0.1,1.0
0.8025866920108419,0.3448308224401734,0.10136054627209795,0.24957734905961507,0.4669153708653694,0.2192791245533618,0.4192545410941631,0.08857404272640351,0.2851092968002107,0.6281268170063719,0.25872580175449056,1.5,1.0,1.0,0.1,1.0
1.9841506528499506,1.6853819472212006,1.5370933727382672,1.5928440442154397,2.050445565108908,1.8467291189109512,1.8806618065968663,2.010629054795735,2.014142550344602,1.9766689659239889,2.3526485891029916,1.5,1.0,1.0,0.1,1.0
1.1736631126244113,1.4163087542208201,1.1640198068314627,1.4373716662955052,1.4328360727980067,1.4617961163844886,1.877281844175571,1.6368601226362332,1.706631716908148,1.6494279500120284,1.609599033585009,1.5,1.0,1.0,0.1,1.0
0.5909062503472927,0.4542643752445277,1.0000151820637337,0.880153161257421,1.0303204240774788,0.9816311875265042,0.7219275481103834,1.0329995030564396,1.5929983386563793,1.4083595867249943,1.2402808260244915,1.5,1.0,1.0,0.1,1.0
1.768505904958714,2.04451534540336,2.2961086535808652,1.9281145683436223,1.6237717166773977,1.5611846913799023,2.455784696655635,2.216353478276147,2.4871134360505702,1.9828327077937533,1.6545067073763486,1.5,1.0,1.0,0.1,1.0
0.9125162803050381,1.1327714408990464,1.1833071058580007,1.5411134836792115,1.6548765226298148,1.8045060371097026,1.9186066479504842,2.408243838514245,2.4953230009390435,2.0009103066365395,2.0965004467522146,1.5,1.0,1.0,0.1,1.0
1.6320816949035393,1.8338137995036083,2.0756769901043137,1.8956497738377494,1.8321457348283277,2.0608646557456307,1.6129877599593483,1.4287196589413613,1.2573363162123345,1.142874941399852,1.7439045123222465,1.5,1.0,1.0,0.1,1.0
2.1061593039398883,2.164835056854785,2.0197617988998102,1.341121945895624,1.1062163658806416,1.1897217647388378,0.4914278743407269,0.7626223411633684,0.8928358869537792,1.0574345239704506,1.179995351211428,1.5,1.0,1.0,0.1,1.0
2.376694076855577,1.9911708776155985,1.5488765353517522,1.4246703610492877,1.4115291312491263,1.14148230586161,1.1718554830125636,1.7959447431410767,1.9372134763124682,2.2611781503543007,2.4764914159144635,1.5,1.0,1.0,0.1,1.0
1.5905984884926372,1.2104569972078334,1.491808545990562,1.2801766404945045,1.0267283700471959,0.5517284362591606,0.2823746989515611,0.4308705187297417,0.412939854161339,1.6481145890348183,1.802082314742935,1.5,1.0,1.0,0.1,1.0
2.2865269662046903,1.446587051048153,1.2317361741006536,1.495012242700501,1.8709194856560152,1.4540279120549267,1.305732404728798,1.4798431880597496,1.5019394151406316,1.4982492167112686,1.2929716271559268,1.5,1.0,1.0,0.1,1.0
1.341453076734899,1.2598561840373097,1.400267392350739,1.3544224620760936,1.433791008279219,1.9340336040457775,2.355954338496759,2.250061493682443,2.1221584768866926,2.060426212066469,2.2089032744852326,1.5,1.0,1.0,0.1,1.0
1.3598048377403884,1.4396851443134142,1.5378049738496262,1.8379791258538292,1.9916042272591798,1.8785175491217472,1.7548937101839102,1.600134210976202,1.7624496244421133,1.3578322415364719,0.7153515112002462,1.5,1.0,1.0,0.1,1.0
1.9849365549702493,1.7636327837346688,1.5325835088488655,1.6994915782467566,1.499010724474344,1.166522283197455,1.2291643346172214,1.6450736606865812,1.7369074695338973,1.719477146543997,1.6452336244214654,1.5,1.0,1.0,0.1,1.0
2.48791507577678,2.241881874618414,1.6197631336294571,1.5374416847395231,1.5164655222046324,1.4957005984593663,1.3133126230333168,1.7500650417393506,2.0568019099235735,1.5453927714225502,1.2120895169664145,1.5,1.0,1.0,0.1,1.0
1.7344816639626222,2.3604481709217717,1.894775012373135,1.860708968656378,1.311194353887092,1.1951365497005617,1.2736084495309254,1.319249615207949,1.7017991736832652,2.0352394595978343,1.7541611386970963,1.5,1.0,1.0,0.1,1.0
2.2025161037454097,2.4724208900885003,2.631809385751893,2.4115771524003544,2.522027312831878,2.08615196747551,2.2294313327919375,2.0651922965567544,2.0028033143295216,2.6738981139217985,2.514044620250274,1.5,1.0,1.0,0.1,1.0
1.4408862164729093,1.779127617161829,1.8483367899834953,2.606188077290221,2.2899540930010627,2.5693295297307865,3.0857116335189043,3.6918189191751263,3.2085173797480517,3.3223353530645108,3.5253012055508712,1.5,1.0,1.0,0.1,1.0
0.44762747171560224,0.40750469320215105,0.1959746987677457,0.01831680953630882,-0.04065015585161813,-0.11375995180969004,0.11284309029497681,-0.40205623996845574,-0.35671548529694785,-0.29067475257859454,-0.2820097004737987,1.5,1.0,1.0,0.1,1.0
0.925951945943635,0.9704696803710939,0.9436032215062602,0.479445292680292,0.9277763176491732,0.8648634198220753,1.1201311355298702,1.3285809255254848,1.5840798652852626,1.9218687050086491,2.442032892329953,1.5,1.0,1.0,0.1,1.0
2.0393717767767927,1.773833879523098,2.021937221787379,2.0307882296799966,1.6558358742941741,2.2240529991933498,1.8561379339809108,2.1129082653317752,1.775329649716265,1.7516545566749318,1.3841205880628045,1.5,1.0,1.0,0.1,1.0
1.7648417000665217,1.5979572157496538,1.539114689296201,2.277556816117241,1.8988799227689728,2.0325774629225206,2.6750785011440246,3.2660478459658546,2.8933163134649718,2.4127676471536956,2.216860544292655,1.5,1.0,1.0,0.1,1.0
1.1126769777620749,1.279548055216441,1.212914875379733,0.8519761110016852,0.7605789271378458,1.138935779259875,1.5582935050367661,1.9963409020712861,2.4362634796417426,2.488518738307089,2.2208231919764714,1.5,1.0,1.0,0.1,1.0
0.7094111856396712,1.1760675434885015,1.5475381869115317,1.7733758805394666,1.642880598209055,1.5386792098224078,1.2767614211257368,1.9086641974676488,1.204219963274235,1.151934093825267,1.8109430838158471,1.5,1.0,1.0,0.1,1.0
1.3728197087252174,1.1518610577645956,1.3386495070008717,1.2393589851959637,0.5647308837882897,0.4391973315814227,0.8573083315130698,0.13822002073791018,0.7580187311548654,1.0058070581435525,1.1269578593447815,1.5,1.0,1.0,0.1,1.0
2.5362165588666143,2.4695603906738635,2.734709092712281,3.292525683598652,3.8159607580773978,3.709796379785256,4.155672032453773,3.849233300662984,3.6377480055747724,3.4535994146946827,3.506295859877656,1.5,1.0,1.0,0.1,1.0
2.5262412214451646,2.064724859134787,1.6530199354124668,1.8120683386812781,1.6293483381673688,1.6647599517063343,1.8633549000856056,1.7815589661200257,1.4882607040341653,1.2945362372523939,1.4496722575099017,1.5,1.0,1.0,0.1,1.0
2.1981758245510226,2.423783086615692,2.6441462956704243,3.126742163627675,3.2966810321366498,3.533943095767712,3.3796517390768526,3.514752197989616,3.1665057327950885,2.464563034017197,2.586843929883383,1.5,1.0,1.0,0.1,1.0
1.8618423759026246,1.4357176849926692,1.3868574161438254,0.6767368698138264,0.8120091297805996,1.3232519868901789,0.8679872512567569,0.9313714738368841,0.9308250587108426,0.6445916055722136,0.9689962659136424,1.5,1.0,1.0,0.1,1.0
0.660084787027869,0.6716075664071813,1.1046855520000531,1.3222612451934934,1.3612008216587517,1.69964605585155,1.5906482102223571,1.8642284023110334,1.912166790321184,2.348688809465146,1.7983975544438535,1.5,1.0,1.0,0.1,1.0
1.6541893811226165,2.3161900975986276,2.02748824478582,2.3975334443842873,2.8716991289422733,2.6337302131020546,2.7827399502264027,2.8026411411688703,3.0481551709666586,3.0133554964984466,2.610880449238244,1.5,1.0,1.0,0.1,1.0
2.0567168853423765,1.822783049518131,1.955518334000394,2.382047369117331,2.5627701872430704,2.1404202146269307,2.1690516255355416,2.136452209534562,1.7797405210008517,1.3093475858340775,1.183986517703846,1.5,1.0,1.0,0.1,1.0
0.46054993358012936,0.6481172995494584,0.9317846644275698,1.1368258015443515,1.8919063726687535,2.3571925267785243,2.414574576064552,2.9073510934956257,2.819198671640284,2.617921156190834,2.022623737576231,1.5,1.0,1.0,0.1,1.0
0.6388821051188563,0.9500696337765974,0.664132372130457,0.6894052894822302,0.39964574005959824,0.4515611257643523,0.21219387452348676,-0.13152666030487103,0.13899141709767032,0.6513561131102545,0.17688268962085674,1.5,1.0,1.0,0.1,1.0
1.0038485700442201,0.9796443480902631,1.3232351013374117,1.0853280255054372,0.8372592663056891,0.7078460174950985,0.832353349173472,0.2788301640806148,0.4377647735436099,0.4020833495540286,0.4428568862502782,1.5,1.0,1.0,0.1,1.0
1.015791323987558,1.1778662135615785,0.4555865237549206,0.38130009176513757,0.588893445950083,0.6481626901676172,1.0390662117788163,0.884592215018598,1.295631476282684,1.5627253289242211,1.96056376587405,1.5,1.0,1.0,0.1,1.0
2.2087982877366485,2.024731807356832,1.7331479208453122,1.6597155967450385,0.9717211918770194,0.8308970577974701,1.1496975393127769,1.6185938333952332,1.8489984626124163,1.6577857452574787,1.6846916771572154,1.5,1.0,1.0,0.1,1.0
1.2355975411370732,1.5637102123540119,1.4352789215904325,1.806461132413582,1.5629103738347538,1.908796906868388,1.1822339787543283,1.1254379611195247,0.81113106166427,0.9713095806608566,1.2414025627619791,1.5,1.0,1.0,0.1,1.0
1.5425024919318835,2.1142437306672495,1.9613748178901447,1.758781232480087,1.4531990810416304,1.9482620152977275,2.2514239012677004,2.560940255136514,1.7331243761373576,1.5776224210163752,1.617556625630885,1.5,1.0,1.0,0.1,1.0
0.9244003138906183,0.7093768151666402,1.075762289313186,1.1716313120494621,1.2260014748839136,1.5373002814331964,0.8401486094125202,0.867702956594585,1.5323374123703806,1.529135242257575,1.3111395920393445,1.5,1.0,1.0,0.1,1.0
1.4074223966435304,1.1413992248635434,1.592631021923256,1.3977078797359366,1.054874865487071,0.7334155048157711,0.8238931822299378,0.8410273565461427,0.559432128402947,1.0258655897052817,0.7490975600003258,1.5,1.0,1.0,0.1,1.0
1.1885166159314848,1.7126304201116065,1.785873383305252,1.3756415281328613,1.603684303124605,1.4149321231557235,1.5750462006721917,0.8099060341175198,0.9135601957302459,0.8955708213133303,1.4203934987217517,1.5,1.0,1.0,0.1,1.0
1.290929050905316,1.6932114895501136,1.578557236375565,1.114086685736632,1.0316380790552804,1.5389353970216926,1.139560432240608,1.3325293764586428,1.8695670282962265,2.317115606472736,2.208194796781201,1.5,1.0,1.0,0.1,1.0
1.0610575215941427,1.6642548878296872,1.1754017825325338,1.4324991799106452,1.3250472403446671,1.6914660589826283,1.848020885236185,1.961225272581428,2.0279757351725873,1.9081566755459534,1.6293574260977288,1.5,1.0,1.0,0.1,1.0
2.8136872254005407,2.4458789101615626,1.8918040745597404,1.7479298269791157,2.1543704311203404,2.407963902824162,1.505024841166913,1.7306272174701842,1.5676099323593227,1.504130507806166,1.3726714340336144,1.5,1.0,1.0,0.1,1.0
0.46460625872694306,0.2091421034323377,0.1352155215682741,0.17043695012530102,0.29859115508802386,0.10891887317219878,0.2085031463822226,0.43526925259267657,0.37791119722153044,0.11458437565155921,0.3861969273822189,1.5,1.0,1.0,0.1,1.0
0.03011867491413659,-0.1536021533168728,0.0814564712910757,0.0917756950503544,0.7236904226350848,0.7933631861306715,1.0853135008711021,0.9626981037719622,1.4491910168384217,1.1133445475496386,1.4477583406515877,1.5,1.0,1.0,0.1,1.0
1.5393309328949196,1.1792149392466158,1.587224916376138,1.4404519396935749,1.799257334339022,2.0641959304774953,1.5063086687449703,1.751636916695471,1.6667944700152901,1.9675583307799915,1.8311540543692812,1.5,1.0,1.0,0.1,1.0
1.4638774897710838,1.3065272831596064,1.383071071117432,1.7719434458638954,2.079010261602122,2.6633221277365164,2.6130574001225204,2.7457845911034524,2.322261761933425,2.8794437080482433,3.059861451444629,1.5,1.0,1.0,0.1,1.0
0.18935527222666043,0.7390254152315372,0.9856084980896813,0.8257641727297232,1.0010252008686533,0.9631693796107405,0.8883844380820836,0.7735594758664105,1.231133351528178,0.9537154108767845,0.8935265164194026,1.5,1.0,1.0,0.1,1.0
2.1023033814181065,1.7190422968360322,2.012555624011857,2.0715713115753673,2.0147972686090974,2.055426741576905,1.6392276414909142,0.8676753674412955,0.9079865419892971,1.2295463831433766,1.2087662095970684,1.5,1.0,1.0,0.1,1.0
2.3927199522415266,2.248349921202283,1.4377097349617256,1.5618502458169956,1.7488105123674282,1.931938991902431,1.9426286624558549,1.597655748512021,2.056189030112914,1.5220847793830174,1.6025670980883655,1.5,1.0,1.0,0.1,1.0
1.0317326438994379,1.0541523808390654,1.0958370769055827,1.126326677502457,0.8224169428390513,1.1237004145097746,1.0315124602190848,0.9847123930837554,1.027859809732822,1.2736467888592486,1.6780413829146927,1.5,1.0,1.0,0.1,1.0
0.9275564544850589,0.811592149910414,0.8843801471980353,0.7518814221461021,1.0063722163385065,0.6570724659856225,0.6303330969352788,0.4362337555178637,0.5920792388904058,0.7546554652972814,0.7519964539200152,1.5,1.0,1.0,0.1,1.0
1.0370524495076907,0.9161674936900136,0.6572621189182828,0.38505852744099006,0.2872744246871023,0.36828795269765746,0.45671483638380633,0.6201231229476141,1.0254458709435599,1.3983739372941026,1.275224882724118,1.5,1.0,1.0,0.1,1.0
1.7403774258488476,1.7977492165880953,1.6192324581815507,1.1139519457776808,1.8431602989908384,1.6900063480891323,1.368889412326237,1.669338879760859,0.9917056994253068,0.8026810357516444,1.0033526420774082,1.5,1.0,1.0,0.1,1.0
1.4634126083428276,1.7552854309934063,1.6923636264573556,1.397776832607355,1.6483715177808778,1.966030076629386,1.702044964197896,1.666069493564669,1.7029518130964714,1.7325441436564522,1.308777689697846,1.5,1.0,1.0,0.1,1.0
2.0992072782563698,2.8602069731938142,2.7357568677814403,2.9773451874439205,2.582028936019793,2.421473884061044,2.480325792810955,2.2153955930988736,2.066934731712902,1.6330285881869933,1.9029089230909018,1.5,1.0,1.0,0.1,1.0
0.8571767864878902,1.2345596116899298,1.3274314331072898,0.9926337699230842,1.0461402312058437,0.9908039364904778,1.0657805111648884,0.7013868241376153,0.4110980471873483,0.2015608011665282,-0.07122796999607228,1.5,1.0,1.0,0.1,1.0
1.0428419070326607,0.9634278235546795,0.9119714225448202,0.933861784552576,1.1178401085412104,0.8519302457045153,0.7748741224502445,1.0704161281226943,1.1089906582115538,1.1981998390631887,0.7065376827794839,1.5,1.0,1.0,0.1,1.0
1.6419681408341622,1.4290572176927319,1.348394617889959,2.0443166082423887,1.9088795582429499,1.962431398339318,2.211796614941922,2.054491079107726,1.620593283042593,1.4391875491063846,0.8328076683119183,1.5,1.0,1.0,0.1,1.0
0.8471111881688412,1.277993612359287,1.0592927033356985,0.36724256392837107,0.4611105572751981,0.5873505470054512,0.7445877771424539,1.0637424406538774,0.9902468749619724,1.1511272943226187,0.9370737163878743,1.5,1.0,1.0,0.1,1.0
1.783223725511994,2.007077478210248,2.047377135937076,1.9804306624011183,1.7497224021157607,1.8418657086176737,1.6700612370831083,1.6576069301266427,1.3292931092110423,1.538454767549879,1.820045723674499,1.5,1.0,1.0,0.1,1.0
1.5418488989951453,1.818852230466916,1.8834773385214902,1.5366867276408847,1.4958961840505909,0.941377161488555,1.4045416809691629,1.7008325262100685,1.2338759762635734,1.5366534665232725,1.9008169648637265,1.5,1.0,1.0,0.1,1.0
1.5004808913508658,1.657200431942766,1.4759013196296702,1.858889018364534,1.7411007106711283,1.6382469882782467,1.3255363133359839,1.515085589838908,1.7780323294142901,1.6303069798884027,1.5402474350501318,1.5,1.0,1.0,0.1,1.0
2.07500899897094,2.053083776118712,2.4658886286168644,2.5993828909437044,2.883264024544158,2.8835432459370707,2.8883654064334956,3.0570809614267196,2.748964798929911,2.3451865539376198,2.2759666162649257,1.5,1.0,1.0,0.1,1.0
