time_point_1,time_point_2,time_point_3,time_point_4,time_point_5,time_point_6,time_point_7,time_point_8,time_point_9,time_point_10,time_point_11,mu,sigma,theta,dt,T
0.2790033846453345,0.16661591657913116,-0.3623983931493884,0.41954339768814325,0.13274693656989944,0.2503283425550129,0.3476858976853924,0.5075756228925328,0.45084590358131216,0.1832294739929014,-0.3694567871756502,0.0,1.0,1.0,0.1,1.0
0.5889828080970984,0.9407547946359811,1.160668122389135,0.8176109028031248,0.974435010141132,0.8224180784240328,0.7027198898443935,0.7425730661648888,0.5134264245287466,0.9013777111419853,0.42335584908691665,0.0,1.0,1.0,0.1,1.0
0.31454902612244817,0.07317123790371632,-0.40549457512005854,-0.1350397722959393,0.37112552874886756,-0.14486255396388475,-0.2683492142501446,0.16768435113710986,0.22260270449345126,-0.3036033266380891,0.039621995508461905,0.0,1.0,1.0,0.1,1.0
0.389320291098658,0.5050460541251928,-0.10247807350990262,0.7922160194914161,1.0659515153352008,0.9066088985167383,1.0937344012649999,0.7310640213563071,0.12994129891003847,0.23325048381559443,0.5678097591655207,0.0,1.0,1.0,0.1,1.0
0.27874267761325955,0.5836181084527344,0.47074635478630134,0.2818224524237518,0.39615939801739386,0.42535868412463645,0.4925120795499668,0.6174719124189898,0.7106895070723775,0.5661562056496579,0.6628285494460482,0.0,1.0,1.0,0.1,1.0
0.16870198560775354,0.023278762477406983,0.04277098653774005,-0.2592414946210666,-0.4918033395734389,-0.7779479768440347,-1.0656864370865262,-1.11583916860904,-1.1668275364583853,-0.9277719615779684,-0.9609888741181256,0.0,1.0,1.0,0.1,1.0
-0.726936519673766,-0.2175527707329784,-0.3189939334952508,-0.7411232132266143,-0.47611374701512565,-0.21776901918173713,-0.505516936123362,-1.1540827244749303,-1.1769490121590942,-1.4479184013261528,-1.4205614649256155,0.0,1.0,1.0,0.1,1.0
1.3897080451192827,1.1803463970113925,1.152353930794945,0.5748040171283532,0.5649282872242982,0.5566256838369683,0.3300754852375617,0.21168858488489894,-0.273705655146397,0.19001693011772872,0.28562720147826465,0.0,1.0,1.0,0.1,1.0
-0.5473579567013129,-0.4194438350835438,-0.3819837684447455,0.20956601246679385,-0.16922495021752235,0.12164058522928617,0.3827073306405483,0.7766245563508913,0.5257557323954021,0.7535883002701445,0.6341028405178594,0.0,1.0,1.0,0.1,1.0
0.6811445966653265,0.6906771257852193,0.714218351365204,1.5613488788177041,2.07959801719874,1.7068194384562059,1.2313898299821107,1.7709351662457826,1.0950132662979812,0.7892637386135899,0.480240066103671,0.0,1.0,1.0,0.1,1.0
-0.4989284337263814,-0.8159630452707193,-0.6911956297551262,-0.18430234741115298,-0.5428819005823265,-0.8551959815907256,0.20525025177370904,0.3203926928905583,0.6635294524689341,-0.10291258690983796,0.16687378485911503,0.0,1.0,1.0,0.1,1.0
-0.5229339112613289,0.09586316474806694,0.2843054916684298,-0.0014934281671264982,0.04674295263514399,0.5677158031715374,1.2097626817082052,0.6296813719182235,0.3231940690285515,-0.32160609898805803,-0.048624572026480156,0.0,1.0,1.0,0.1,1.0
0.20280914576214604,-0.4736805588983568,-0.08884200860718033,-0.34781903553471194,-0.426705455955605,-0.17000487502547537,-0.11715142143206038,-0.14406008488787783,0.42948681657155224,0.6058392673725055,0.866882878090522,0.0,1.0,1.0,0.1,1.0
0.20751413644439523,0.741197079501444,0.7750020973089113,0.8527288088247051,0.9911416046046531,0.9725821534907172,0.5121785309115255,0.6458891261378124,0.7129823822092356,0.4283333099967147,0.2501462172498349,0.0,1.0,1.0,0.1,1.0
0.053289937580188705,-0.06609573020102195,0.30291071867442815,0.16616496498630198,0.6514655832510723,0.6932848298758053,0.08105548313656119,0.21550455443384173,0.12158891632805824,0.17266464541529092,0.16910280565685717,0.0,1.0,1.0,0.1,1.0
0.30794592790705394,-0.06541034317663569,-0.08091353539420104,0.293836721908986,0.4958814259748507,0.17254974857487532,0.6840366994957752,0.6929776470211332,0.7702582362128197,0.6348349376183867,0.4383955845278613,0.0,1.0,1.0,0.1,1.0
-0.11620632507479657,-0.30911397282897984,-0.00402315549339094,0.06604851971183459,0.04307309241401776,-0.509436222701643,-0.6570865407062467,-0.8706682139838338,-0.415010816507048,-0.06297241834193834,-0.24198153177320772,0.0,1.0,1.0,0.1,1.0
-0.02712281633630045,0.4972253491327433,1.0011981184390906,0.6557723447853583,0.9742358872700899,1.244258559817946,1.4985080431473583,1.2338608043192851,0.7890306454704552,1.1282772713713565,1.3274577530079799,0.0,1.0,1.0,0.1,1.0
0.28084388794468407,0.23998384633751543,-0.6702683146775349,-0.5299046181771325,-0.4108963728933943,-0.26244424401516075,-0.15406259199486563,-0.2723901309116813,0.005857940327231165,-0.4035391442136486,0.03800734725056554,0.0,1.0,1.0,0.1,1.0
0.1292012516967231,0.021502504287291876,0.2978592287361897,0.3841081683289609,0.5690725083295426,0.988277364084587,0.8663252214273892,0.5917064988270829,0.28709403804022565,-0.14615250915625877,0.35632780890322224,0.0,1.0,1.0,0.1,1.0
-1.0202441892662928,-0.6517658596075767,-0.7247191538116923,-0.8350978652172961,-0.3813534751773409,-0.08189789957000565,0.013809369931003998,-0.1392505990098376,-0.1673781920534526,-0.33351915276862254,-0.137218013621636,0.0,1.0,1.0,0.1,1.0
-0.818635591754793,-0.799654266182474,0.3326123826435152,0.4932341314297179,0.40920238558608324,-0.11687533272353595,-1.0235137014646996,-0.6215065750018743,-0.7562782645450272,0.10222315232292234,-0.15555857736362894,0.0,1.0,1.0,0.1,1.0
-0.7635693591820912,-1.3515981473781364,-1.0250721647277168,-0.9940648484791115,-0.10019922974702455,0.05924142466844097,-0.6460317405326226,-0.298320968893053,0.298072813665611,0.16864524117307256,0.3799925520760845,0.0,1.0,1.0,0.1,1.0
0.14090325713149743,0.12390279790935516,-0.2009963679914402,-0.18198826963819043,0.16711373361220486,-0.1616284079641338,-0.4163953274771868,-0.01397157947921035,0.14736468067437328,0.02420560608771534,-0.6900717513048561,0.0,1.0,1.0,0.1,1.0
-0.14490620148940975,-0.3746416620563656,0.6018852983191498,0.056491871202627664,-0.14036581518237892,0.3944078960404872,0.883280498895069,0.878935533189056,1.3704633373111208,1.2852593220338262,1.1119658553721046,0.0,1.0,1.0,0.1,1.0
0.4446907226454265,0.01401172740475648,-0.326666970640748,-0.5180716761024111,0.08013166887140838,0.2706662036896522,0.20898237392392857,0.6792723191638181,0.643134685349902,0.3664102028521642,0.18792069415779156,0.0,1.0,1.0,0.1,1.0
-1.3948662486229224,-0.49500869718074236,-0.33614614388413444,-0.18992531048156552,-0.16702486672820965,-0.5503103245127406,-0.8708758510805824,-0.5329536615181272,-0.6475269921981475,-0.5810753277120942,-0.7905627810711682,0.0,1.0,1.0,0.1,1.0
-0.07762688359023828,-0.2922514826881305,-0.3369116743931644,-0.496538430182456,0.01657055325983703,-0.04398892528264234,-0.5168866931135144,0.09736480226644834,-0.07726357925108096,-0.11113576357183058,0.33803737702222464,0.0,1.0,1.0,0.1,1.0
0.13080340083679648,0.3263395939551902,-0.19796181647429212,-0.469108535446933,-0.4201886868344662,-0.7835019206866407,-0.5575413991837952,-0.35791843023242026,-0.8527786786523208,-0.4386302481056687,-0.459078545806004,0.0,1.0,1.0,0.1,1.0
0.18121321443004587,-0.026082179062574096,-0.19652141939436507,-0.2590283725814746,0.17382630259442872,0.05475788208212094,0.017712378092334932,-0.4424312535080327,-0.3515223565139901,-0.2503444380614546,0.21821143689667452,0.0,1.0,1.0,0.1,1.0
0.0976703490601379,0.46503345781167077,0.4193066461192361,0.4653234970722789,0.2699545811538743,0.25899529668539806,0.11071051391007485,-0.19499815527544967,0.11182899476343094,-0.15306034388580114,0.03913638414031881,0.0,1.0,1.0,0.1,1.0
-0.8933536910904551,-0.5288265181433431,-0.6018477766348088,-0.27046389666541687,0.15339066951303418,0.1566048339623437,-0.2667432572670379,-0.6328792395265669,-0.8770267823694797,-0.9564869437734271,-1.1836268511858907,0.0,1.0,1.0,0.1,1.0
-0.39087261615647506,-0.11596609140333389,-0.47102654838282265,-0.21213067278562062,-0.5234866271175498,-0.9780139109098993,-0.9475418206348554,-0.5689076741660544,-0.6775019989012521,-0.12870367493232848,0.2689607691969998,0.0,1.0,1.0,0.1,1.0
0.9584844388143242,0.8738179054101145,0.9477192745031111,0.9527253922132797,1.1143249325585305,0.8494362055929409,0.5285677000294934,0.531705159277741,0.4672235389605701,-0.005395214436602347,-0.2517798013870171,0.0,1.0,1.0,0.1,1.0
1.1962547506147612,1.030754690265207,0.7945766249495275,0.8546181042177126,0.5459022119985932,0.2970820589662432,-0.5587118746518853,-1.1592039126307276,-1.2611290460295217,-0.9057607780253365,-0.4324387734032769,0.0,1.0,1.0,0.1,1.0
-0.9045700628352851,-0.4442532445659645,-0.22125760958723018,-0.10473382718016934,-0.5620752276452293,-0.5773390017811956,-0.43491537522166984,-0.5177963326984261,-0.7019072682757804,-0.8737600352843703,-0.8824094015556924,0.0,1.0,1.0,0.1,1.0
0.5879807491663271,0.6651433466416936,0.4160123960182852,-0.17511590456924292,-0.6450982628789211,-0.9732424614596666,-0.729561971200031,-1.068631603501852,-0.6909066157916293,-0.8517122688752954,-0.37125740582405725,0.0,1.0,1.0,0.1,1.0
0.5639135693805404,0.6564703580642086,1.1258884489970684,1.3877569696842829,1.6046595586157584,1.464255431524817,1.4036186646092732,1.1424343331695004,0.8370022115292213,0.9302341426255335,0.7776784551625483,0.0,1.0,1.0,0.1,1.0
-0.5700051110988948,-0.8889811714435669,-0.8773386587411426,-0.74027478058942,-0.8384104485698936,-0.6854698810745301,-0.17538409758227191,-0.3247140205863135,0.074215888358863,0.3456388785814002,0.33190874777183305,0.0,1.0,1.0,0.1,1.0
-1.1388307877370298,-1.5600862297849778,-0.8701190611419494,-0.35689731993976237,-0.5237096872697748,-0.513606771590071,-0.5150788222840124,-1.048768091387,-0.9802447751517781,-1.0144753946713,-1.1094954413417744,0.0,1.0,1.0,0.1,1.0
0.7931908105016391,0.534515782013465,0.491409946153407,0.6163248722560586,0.36771299326238094,-0.15655705969957556,-0.09190712627212128,-0.29120540371748466,0.03890785555393006,0.2833409610418956,0.6732957743030571,0.0,1.0,1.0,0.1,1.0
-0.6174209292040176,-0.5160316068715143,-1.0934242598108195,-0.7671080565007897,-0.6335742199055661,-0.8577034767978691,-1.242653910799239,-0.5373979731357656,-0.27950953399543277,0.06252491120594073,-0.22710918543643488,0.0,1.0,1.0,0.1,1.0
0.18014910791953564,0.03977924227652756,-0.20824299119831266,-0.5097094515063687,-0.22861919408115847,-0.07517023597704423,-0.32029923666439647,-0.955820039763962,-0.8213994225060113,-0.6829584988607019,0.15415988897699628,0.0,1.0,1.0,0.1,1.0
0.6658131239188964,0.739718380908315,0.2308904890893141,0.2561670002116142,0.37389041585266325,0.08676565164087577,0.34239117959287685,-0.16084886749039795,-0.37891650355917894,-0.15096645714961818,-0.5779029729404318,0.0,1.0,1.0,0.1,1.0
-0.08945053796949246,-0.6001996842907144,-0.5367555968438916,-0.5459591425902869,-0.8115869616580031,-1.249144542761528,-1.1211216448614703,-0.37065453377818625,-0.46745850077135775,-0.6808993959536178,-0.35514817238948804,0.0,1.0,1.0,0.1,1.0
1.2234291354341118,0.9679166592470637,1.01670132933704,1.2930041297809594,1.3906158885867002,1.1337618168744503,0.3246626224327539,0.6135075273686792,-0.10210404738519652,0.06496705538862453,-0.059678895473171185,0.0,1.0,1.0,0.1,1.0
-0.6539033099839439,-0.22272040855185693,-0.2029539685562293,-0.21197436823246027,0.45175944505840426,0.5539819735580335,0.743260985778333,0.43727470040751204,0.35671884098449796,0.5781556513146594,0.6513147898158533,0.0,1.0,1.0,0.1,1.0
0.46429449857878446,0.05969923975074232,0.18049265211989746,-0.08172430407936557,0.017560181851686826,-0.27078037692339657,-0.3801160579491216,-0.5644558234655149,-0.11188526705356511,-0.4993144111599466,-0.3436162456683047,0.0,1.0,1.0,0.1,1.0
-0.15655525747242102,0.41241895808797724,-0.2884483310475802,-0.08213378626340612,0.28751560539712284,0.48843053579586104,0.3561972435146453,0.5648625195669559,0.8727375845283967,0.46598301676606996,0.3091827377525814,0.0,1.0,1.0,0.1,1.0
0.5565922551368045,0.4129824619492904,0.7438961056707907,0.20788207903806566,0.6893808042048435,0.7905097882001229,1.1525124554431496,1.378063141931853,1.4834310046205361,1.255490766019257,1.5355033930585942,0.0,1.0,1.0,0.1,1.0
-0.23520162335827072,-0.17341357167559854,-0.32012192675705325,-0.3820769109180718,-0.4361332591041407,-0.32641875543070187,-0.587014223759305,-0.1301807532683319,0.2248483989489813,0.12125327421945675,0.5809393909993917,0.0,1.0,1.0,0.1,1.0
-1.2149497916368661,-1.1454465709681656,-1.0306596183586438,-0.8775119206656613,-0.7918534852229742,-1.0355621660644037,-1.3484030462099836,-1.2398932960037454,-1.1147866128482755,-1.218056199134919,-1.209898864131064,0.0,1.0,1.0,0.1,1.0
-0.49812931739769006,-0.49887180700819156,-1.1365513374109895,-0.5842137497124507,-0.3826584102152846,-0.5722933623478041,-1.1569056612722366,-1.6553973423534067,-2.272601852156846,-1.6141842643357296,-1.7714559555979008,0.0,1.0,1.0,0.1,1.0
-0.052129843398678745,-0.055556292513408066,-0.014991543867424822,-0.11943191547830076,-0.07926198115172381,-0.03528779361817559,0.22600725923143278,0.47874493688970066,0.40494141155665714,0.5004840896992293,0.605320176934157,0.0,1.0,1.0,0.1,1.0
0.12881811792652872,0.17479344493101567,0.4475034884857528,0.0655503848939723,0.4120382941399433,0.6079122529394883,0.2721375717012568,0.3661830642946302,0.09314534148578552,-0.08634353823953336,-0.01088609055020015,0.0,1.0,1.0,0.1,1.0
0.7669412485586572,0.5435571279680126,0.4884932187967878,0.40726749502120596,-0.15785358401216043,-0.0677734549275612,0.10037505754786642,0.4001633251803977,0.45315489350523064,-0.04726004995421462,0.1353457106055556,0.0,1.0,1.0,0.1,1.0
1.118410531200761,1.3717407479281651,1.3322003226136903,1.0053674082012019,0.8067893031478637,0.5095324149671311,0.018432032657232922,-0.16774802959507462,-0.6823383305144963,-1.0002946258553307,-1.056212240110782,0.0,1.0,1.0,0.1,1.0
0.5993891757543471,0.6689711662245255,0.5107628163956829,0.4854618275996847,0.4017842659536766,0.7779864680977722,1.1992343131301588,0.8404902397239207,0.5997537266143678,0.3710789972328994,0.5999688030459567,0.0,1.0,1.0,0.1,1.0
0.7792154064890657,0.6861673896729263,0.3280146692623378,0.3712465688613992,0.40684923750201946,0.23388640139809658,0.37342609379773256,0.3634461991117859,0.02643356639229716,0.3265740163745279,0.4021583164187195,0.0,1.0,1.0,0.1,1.0
1.1143503412371056,1.1920352204279612,1.335958900678645,1.1471078116831834,1.3145461506682707,0.9249245943707762,1.0755749837378923,0.8713601200099214,0.5358575754098471,0.7312972612265575,0.7133010385818466,0.0,1.0,1.0,0.1,1.0
0.398008394625303,0.7023454899552046,0.5037634047658677,0.20938169645887855,0.15693957673210218,-0.1852278842888064,-0.1259242894187513,-0.21216292331255904,0.009530149751082156,-0.13258058053459423,-0.6842306554797336,0.0,1.0,1.0,0.1,1.0
-0.05997236493035574,0.002237089179229934,-0.11628207879132278,-0.0855369899396519,0.10839163833580055,0.3744984774461083,0.42055925047108444,0.37213775157264767,0.9660555106297775,0.42248432454171403,0.6144903612548057,0.0,1.0,1.0,0.1,1.0
-0.6205279477327861,-0.5798856240212811,-0.26972244054768035,-0.4409478495869542,-0.40955731406829926,-0.690826203449255,-0.04686927385619122,0.30978874088600117,0.06420977280472834,0.9690394029035911,0.9603929594599521,0.0,1.0,1.0,0.1,1.0
0.0415480436263747,-0.9278517280274695,-0.7710281338195759,-0.8838506629916026,-0.7288464013043014,-0.6224491733614608,-0.37083627836346317,-0.6100677249129551,-1.0607751909705705,-1.4874609198960793,-1.5943700084314703,0.0,1.0,1.0,0.1,1.0
-0.10889607296592824,-0.07711004501721667,-0.04481254010510982,0.018715672510193508,0.03652458908659514,0.5590936055666931,0.3476582367334598,0.5173421492412524,0.21099686992211852,-0.0648109170241202,0.21192794850877164,0.0,1.0,1.0,0.1,1.0
-0.14745930343862168,-0.5862474496075762,-1.1826402864870444,-0.5166151882945521,-0.46145766793804366,-0.020523984905155,0.15130442691880905,0.34514185289976196,-0.2710730466233232,-0.7289078647929477,-0.6680619946456915,0.0,1.0,1.0,0.1,1.0
-0.3573705361069942,-0.8118906457177053,-0.9278785899109503,-0.5878894453249646,-0.9483619534334681,-0.9642364682194351,-0.9279146854869261,-0.7194500044187944,-0.3868303257374301,-0.26666444156788716,-0.5640966210141396,0.0,1.0,1.0,0.1,1.0
-0.23130010305751297,-0.04330380136836026,0.36880866324263395,0.35661605180346667,0.5243029207097212,0.6075142316123274,1.0272357769647158,0.9819357919499285,0.9239138587607161,0.73735477189341,0.409055154478627,0.0,1.0,1.0,0.1,1.0
0.6667103189917503,0.39630227722722505,0.40926580148804437,0.28828555222468805,0.05900166550649827,0.09027284657628346,-0.002880544413507047,0.06282417177496367,-0.16713640766984325,-0.13354337157243135,0.252600731858058,0.0,1.0,1.0,0.1,1.0
-0.15850959562530265,0.18026248616684923,0.1660981662913826,0.7174794934709039,0.5414754502847963,0.8290712210131004,0.9453178987872601,0.9245880852166187,1.1666517484037333,1.0218550436037797,0.6035953319686758,0.0,1.0,1.0,0.1,1.0
1.314453431188703,0.6644988591514026,0.6890896609679165,0.5399040559370797,0.47336155010368475,0.4287585975056462,0.2790291443489588,0.06348223219006743,-0.7723587951540962,-1.068197396708044,-1.0653277052478554,0.0,1.0,1.0,0.1,1.0
-0.1969478831884437,0.29819417986926655,0.27151658040836885,0.17853559923126844,0.48720050684117655,0.7350211645965511,-0.246082768121494,0.1305881402132968,0.7713482653097756,0.27871466822869817,-0.12401377422514731,0.0,1.0,1.0,0.1,1.0
-0.05619668776986101,0.5524258137454097,0.4490946353531083,0.6947073737610086,0.814696215525393,0.6342956203369513,0.4405477408528616,0.33593453942098217,0.00016781609431160138,0.13275998612065523,0.676543199272912,0.0,1.0,1.0,0.1,1.0
-0.44067305393081746,-0.20376593237324225,-0.13071036714328446,-0.38287632964923657,-0.5913185858394776,-0.3369769438854916,-0.2912822410215953,-0.46637490627248757,-0.4598369943745209,-0.25757806047619886,-0.6965830952985128,0.0,1.0,1.0,0.1,1.0
1.1328383543597549,1.0410418832132013,0.78442878172424,0.8318331940021988,0.6575772704363712,0.3018710208394524,0.3640182205836088,0.7730667343039583,0.8279987539676372,0.9164934668491653,1.2945902783870742,0.0,1.0,1.0,0.1,1.0
0.2711740744850806,0.15811913070483458,0.1186148379542923,0.46344542587834736,0.6013119767913029,0.3151077764026249,-0.041039977020984664,-0.062488098907723486,-0.15456672594671872,-0.2323994402628157,-0.07945981346320219,0.0,1.0,1.0,0.1,1.0
0.4360764886931859,0.7442902678266556,0.3384341044515941,0.04514602577661353,0.1817794917857561,0.5332451240514612,0.6148684126579202,1.0508379966587906,1.1681541897994927,1.4483827667832654,1.6852769553923592,0.0,1.0,1.0,0.1,1.0
-1.9893645194623197,-1.9232087070056743,-1.9157175002101852,-1.6758035909040057,-1.6402854149298203,-1.3056566266809053,-1.0252509203285078,-1.4278554882670509,-1.3056841966748085,-1.1783985327170567,-0.7963923066676357,0.0,1.0,1.0,0.1,1.0
1.0887491662635025,0.7768044685491808,1.499404227479011,1.2516347949875313,0.8359481566417517,1.1259136801816398,0.20080737042518804,0.26333855214934054,0.19479138257306156,0.043787609320601995,-0.7491837404841353,0.0,1.0,1.0,0.1,1.0
2.1903181686285627,2.0099565246706974,1.107067824370485,0.5061465921347845,0.19761713030636857,0.3860233714376558,0.26162064437195687,0.4741948802832784,0.6501878379424371,0.9548964207540266,0.8890767298157317,0.0,1.0,1.0,0.1,1.0
0.4423511909583606,0.40382346836275995,0.19497761580661555,0.581973751773724,-0.2996195825064163,-0.6035487124636434,-0.7748614935359763,-0.2471764484182618,0.04211879777978508,-0.08542329857523231,0.03725384228367884,0.0,1.0,1.0,0.1,1.0
-0.10928620354966785,-0.3376489365341896,0.027882734057090908,0.2637403897188205,-0.10728545617468671,-0.33260381916878784,-0.4061519862545563,-0.2634838826491712,-0.6954597320460234,-0.5881561205716797,-0.9134414481404753,0.0,1.0,1.0,0.1,1.0
0.23997422585534406,0.273031130984845,0.698844868613706,0.721308040676269,0.5825971468269464,0.8351855897867639,0.4969702685993962,0.15334176032005664,0.17071970037699236,-0.5579337630950947,-1.0752460073511871,0.0,1.0,1.0,0.1,1.0
1.755346397573542,1.205027440853154,1.3435768821133607,1.2063961705678439,0.7763489570869526,1.299237571187508,1.3103590924633344,1.259337454267239,1.2388806193866229,1.633430528700813,1.0309719672788922,0.0,1.0,1.0,0.1,1.0
-0.7242993688965138,-0.25466031203908246,-0.07474129087320372,-0.16038112399470167,-0.3910255689857042,-0.803981577136167,-0.707369484032805,-0.8274978364115437,-1.2759277253569303,-1.2637356681038416,-0.9039276130198707,0.0,1.0,1.0,0.1,1.0
-0.4225445980813386,-0.43344951831840633,-0.14833871305688692,-0.5896241867807976,-0.7424420699737841,-0.7077772789927624,-0.3757173791014543,0.1460870338437104,0.017510708278737852,0.03839393204353268,-0.12967454063910414,0.0,1.0,1.0,0.1,1.0
-0.4280717214895388,-0.33574807525844735,-0.7458345850163118,-1.2145953398272427,-1.0570684467596954,-1.3962122716097558,-1.3861946235618916,-1.3150749617881254,-0.6366265435006471,-0.49798061154300854,-0.2449346178378772,0.0,1.0,1.0,0.1,1.0
-0.4498419418095731,-0.4318933329550846,0.0971176224884806,-0.3816426146008533,-0.3270055964420541,0.15107256313246153,0.39015022736946314,-0.36978894525731076,-0.01728455378157967,-0.11055982731750945,0.0514326566129257,0.0,1.0,1.0,0.1,1.0
0.4774253897273925,0.30088799273778083,0.23567703373101673,0.4620185338798579,0.7507842826486295,0.8049801576832349,0.13107350678286867,-0.06731437490326778,-0.021078162278665435,0.24244795222453375,0.9409186302925763,0.0,1.0,1.0,0.1,1.0
0.4876078582061832,0.2643482562334064,0.1067975096374841,-0.0758988131510845,-0.21324292140297488,0.020503402548194438,-0.18515179044707694,-0.4643677615563495,-0.636883297904717,-0.09961702433239483,0.2608475018672507,0.0,1.0,1.0,0.1,1.0
-0.32401016746917966,-0.23719363246449163,-0.6579877048369341,-0.2098671613724289,-0.379240421336991,-0.44197708311717687,-0.34475480454881063,-0.4660854718538341,-0.06992878296354615,-0.6210219780473635,-0.7661531143709949,0.0,1.0,1.0,0.1,1.0
-0.8043741864365973,-0.9196945084063985,-0.9153648388093426,-1.056180494598698,-1.3270545859750897,-1.718631480307537,-1.6292213444231343,-1.2117895491296022,-1.1696582484695792,-1.644971267051166,-1.9767760724803085,0.0,1.0,1.0,0.1,1.0
0.11883568550538019,-0.06233024463420382,-0.2944590600007256,-0.23745118142131397,-0.4930167505311107,-0.5380853982123591,-0.6101651124466444,-0.5042355391035596,-0.6616157001199043,-0.8432622059956877,-1.1075494053016404,0.0,1.0,1.0,0.1,1.0
0.8005697660275966,0.8124997709372865,0.6811129264142397,0.4574781997843561,0.08584935493720747,-0.2684210965854992,-0.3208723206371873,0.038605107621032864,-0.1640405157055572,-0.25704476692422323,-0.28784367469452415,0.0,1.0,1.0,0.1,1.0
0.6991420414320278,0.7479461104567634,0.3394251925220053,-0.20871130287753553,-0.3945776221917833,0.22987051332183633,-0.050551542110643,0.11384611520469297,0.34982291118104575,0.8757763713158973,0.9487769653653018,0.0,1.0,1.0,0.1,1.0
-0.16158754901825342,-0.08548806826748404,0.30005438075054625,0.6921623485171524,0.4173496080432344,0.0791054651864152,0.18165969837968213,-0.19197109504823823,0.25538500170566664,0.4277427147879207,0.5663489083037149,0.0,1.0,1.0,0.1,1.0
-0.9789198926078299,-0.9029492684195161,-0.28852467823672345,0.005158443457130124,0.08211034694051396,-0.11617233817115294,-0.1324377254587713,-0.17632938634014017,-0.10451515384903662,0.774936511752393,0.8248565696710033,0.0,1.0,1.0,0.1,1.0
-0.19307602774922503,-0.3781208516852488,-0.40940810396377875,-0.5408582885201939,-0.12303118086241344,0.3870037613264572,0.5440288198792022,0.9667918671770834,1.10813826766172,1.1439818107638071,0.6677745393081066,0.0,1.0,1.0,0.1,1.0
-0.5020939366522247,-1.0665659783386183,-0.9868742026616175,-1.135737760325974,-1.0483039451260976,-0.6524300062755479,-0.5764621347617926,0.13868263659447222,-0.48766368041552327,-0.6308504403260918,-0.6083632747335539,0.0,1.0,1.0,0.1,1.0
0.6551634276153401,0.7322013734515312,0.8772436902022471,1.0325763999373876,0.7004233383766103,0.8493207566397694,0.823012649534448,1.2562460555398147,0.9122242689137627,0.6356490210019484,0.13835989456098097,0.0,1.0,1.0,0.1,1.0
-0.5134262439197618,-0.6932005616378669,-1.2525691657430942,-0.6603982062575555,-0.7260703664183829,-1.1093711221778504,0.023723403670520837,0.47035588365539677,0.21631682773878447,0.5504175501366395,0.42302063733898654,0.0,1.0,1.0,0.1,1.0
-0.37530775193348387,0.06549547876881423,-0.40517175097896413,0.044114915454746606,0.11110212608953235,-0.6294285869373739,-0.17111438548112,0.18550726864758535,0.41303700989078207,0.6193585440289091,0.5514423400235483,0.0,1.0,1.0,0.1,1.0
-0.7315765812187406,-0.7155230050728922,-0.8702476243038746,-0.9420601107856862,-0.7722245266856532,-0.6922560036043721,-0.8062697506403832,-0.47632101912982844,-0.40381020331919837,-0.7044532481285326,-1.3125358338177133,0.0,1.0,1.0,0.1,1.0
-0.16706996901726173,-0.3885370251205816,-0.582822848946809,-0.21377127729339052,-0.3429264664500721,-0.3215008846679013,-0.30593969586764075,-0.8751188903457141,-0.5851216929274657,-0.004126160672920598,-0.3774035127238909,0.0,1.0,1.0,0.1,1.0
-0.9043416694989225,0.14930665073574878,0.344248284511888,0.05045030139639323,-0.20918755028679065,-0.4984873722564613,-1.3215284074369444,-1.3044236324337826,-1.016686433126985,-1.2525691542130266,-0.9594671870209137,0.0,1.0,1.0,0.1,1.0
-0.7088599195696011,-0.24193272426417217,-0.7843822232433515,-0.834368207022899,-0.40108255304929324,-0.22925053548028013,-0.810032377563038,-0.943347072161344,-0.646729213797639,-0.49616135172453985,-0.9096231756154889,0.0,1.0,1.0,0.1,1.0
0.5648242517647911,0.680429546677499,1.0055585379365248,0.5621064622706355,-0.20911316694413706,0.3033721554310216,-0.12940225426131052,-0.16248646235429362,-0.0150715605123391,-0.10432003929381363,-0.29104776318593895,0.0,1.0,1.0,0.1,1.0
-0.6307628090720335,-0.012716733593412632,0.006638142191890597,-0.17315915437470844,-0.29353978742121867,-0.08104799589422898,-0.18229715309794875,0.19775331484697786,0.9018232282526407,1.275873304198929,1.1087315739889683,0.0,1.0,1.0,0.1,1.0
-0.29809394237891973,-0.5025472521691744,-0.3905690038027892,-0.703289046935418,-0.7703884748700939,-0.7966789539340767,-0.7502727867193831,-0.7463169548798758,-0.8287480070847257,-1.4647719990389652,-1.3800487124146315,0.0,1.0,1.0,0.1,1.0
-0.31062782456760096,-0.04940023416111053,-0.22160619100965004,-0.8010129876492679,-0.7979704396994403,-0.40432612662738726,-0.7506968081586236,-0.711046327261334,-0.21451727015642558,0.24231040981485447,-0.3626548536038148,0.0,1.0,1.0,0.1,1.0
0.9488041808334499,0.5536663424128567,0.3649518655531451,0.13552218989524598,-0.041752499020957484,0.09427609283724808,-0.014087848838576125,0.13244914048872541,0.45319259530481637,0.0684404101917061,-0.03243272167682639,0.0,1.0,1.0,0.1,1.0
-0.6988043305438423,-0.8002912311991908,-0.6786359917772905,-0.9179041953906737,-1.100912658170658,-0.7324267336774666,-0.7411113478219775,-0.6100196506376847,-0.5409109252175018,-0.5254470599216967,-0.13405543972232775,0.0,1.0,1.0,0.1,1.0
-0.30165127753931553,0.21429142726359784,0.37004121878862273,0.5105801406257846,0.7459030026394247,0.46022084496511767,0.7259123041096049,0.17929918777679738,0.493510611573867,0.2597970836824023,-0.32615114910883813,0.0,1.0,1.0,0.1,1.0
-0.6718832574764751,-0.3622833493440189,0.11067536719465476,0.19739551750684375,-0.22393738875000535,-0.32615485334928085,-0.5946040465984856,0.14918397448635168,-8.385202775101908e-5,0.20228215716292175,-0.1901679448842834,0.0,1.0,1.0,0.1,1.0
-0.5165428286162977,0.14625229944416085,0.26572377790649315,-0.12239652610067608,0.19054941428303873,0.43559098337477087,0.4765560761224612,0.8535318033015091,0.7554761503410329,0.38555227968333455,0.3455739799787598,0.0,1.0,1.0,0.1,1.0
0.7338665779856975,0.7916103663727694,0.6158581945065355,0.5624808297899808,0.6370322525918632,0.5128207126707927,0.22109709473301162,-0.10663050003222105,-0.182449999826148,-0.2705974810085393,0.04184298135467607,0.0,1.0,1.0,0.1,1.0
-1.0080481014249894,-1.115441153512983,-0.8435293596279514,-0.8694756953158935,-0.5759597346648394,-0.4809351396812863,-0.7555407179525071,-0.9469975223911771,-0.8280198157001228,-1.0256040499897012,-0.7167215823259679,0.0,1.0,1.0,0.1,1.0
0.5780800638058345,0.8821378582341421,0.594563387737535,0.8290038552463403,0.6644969102703183,0.15225836031131135,-0.20130943925925415,-0.22996983574422036,0.4584148798466391,0.19496090021157278,1.174788769974256,0.0,1.0,1.0,0.1,1.0
0.2749291088437467,0.5323170092458811,0.44873347738922,0.18862859474083968,0.2221392606398237,0.5195181283043794,0.2680960227996076,0.8801291292255096,1.3115784549879783,1.195022213879683,0.9483604066603749,0.0,1.0,1.0,0.1,1.0
0.7768476796735314,0.6414346325965536,0.7019483252629781,0.8814282611114228,0.7318112524830717,0.6534887502683008,0.9163536625650119,1.233802451096041,0.812589909763392,0.3104255149240888,0.8106794790157905,0.0,1.0,1.0,0.1,1.0
-1.1694407925975614,-0.9621382246988301,-1.2121530451503775,-0.90608037797559,-0.9541823103139889,-0.9869257530496198,-0.8242474439618299,-0.5751905237515973,-0.5001889217573158,-0.83667464729357,-0.7012045287111056,0.0,1.0,1.0,0.1,1.0
0.37620583013447934,-0.04571469000616807,-0.013991861035422718,-0.29446640250436606,0.17528764330390356,0.061543935178077616,0.4316915542881099,0.39392667515222485,0.3844384790048646,0.37065864775401636,0.42508854555777786,0.0,1.0,1.0,0.1,1.0
-0.06729097266361454,0.18617884925634165,0.44031612492091704,0.5526348731879709,0.14493687628944485,-0.09094469954136208,-0.020645673711330054,-0.17161083975321895,0.12580836225609632,-0.7560138343127416,0.12303720782280692,0.0,1.0,1.0,0.1,1.0
-0.44596958979087264,-0.7137355499201894,-0.3972779656733887,-0.65436941927787,-1.0540674967685701,-0.6126911264409276,-0.7891830193628744,-0.575534139720095,-0.5327478828584586,-0.4176007380280862,-0.44633301547952176,0.0,1.0,1.0,0.1,1.0
2.2783820331399376,2.109799862682737,1.222170019878646,0.7149208193252878,0.20326132353101062,-0.007503163302434002,-0.05183277832537239,-0.22807914478445485,-0.06494957022497241,0.3016760383924122,0.5079530335759515,0.0,1.0,1.0,0.1,1.0
-0.15784609268517447,-0.4524438750288979,-0.13424724888875567,-0.39257153384115956,-0.5551951286144376,-0.4745279556791343,-0.4625208414709284,-0.14065479328249403,-0.2986160089184658,-0.2665721883084717,0.0762171458068617,0.0,1.0,1.0,0.1,1.0
0.7012963007477492,0.4700173580802831,0.24465197947650033,0.730661319001067,0.7166101118060151,0.8240877839328389,0.8676147171683516,1.0796807739677676,1.1866004117394888,1.5060728318854297,1.2211451768253,0.0,1.0,1.0,0.1,1.0
-1.6695370206742273,-1.1059834650134979,-0.667505248775068,-0.34342181481013734,-0.2764513215733586,-0.5129954359481198,-0.288150470090774,0.33708666277492133,0.5392521894462692,0.623817918817712,0.6866471691222886,0.0,1.0,1.0,0.1,1.0
0.312234480409642,0.2203333746153211,0.05122889294458935,0.2022853091898918,0.3685295894979337,-0.028338334083475414,0.18062435746695074,0.26475473540462835,0.3816184559891873,1.1493385695002054,0.7800516363655419,0.0,1.0,1.0,0.1,1.0
0.4127894495258237,0.3925002337230707,0.5064084188302295,0.25928532662998593,0.2661066062590776,0.11141445579885834,0.03382428520842727,0.22780659375605608,-0.8019028369871563,-0.6844248223329965,-0.8697976103153409,0.0,1.0,1.0,0.1,1.0
-0.6591801706889113,-0.7451038849391293,-0.5060701882499058,-0.27118584044902544,-0.42726005790103033,-0.25845591703190607,0.09762518279904792,-0.5800355761253373,-0.5424909769874855,-0.13683567193123447,-0.3116358924731567,0.0,1.0,1.0,0.1,1.0
0.07612601546541674,-0.16080712723574908,-0.25858569640943974,-0.464957437298436,-0.2577788745550029,-0.16979725904098064,-0.15800977765272817,-0.6505360919341036,-0.6538676003673035,-0.5649709983180846,-0.6239924248045104,0.0,1.0,1.0,0.1,1.0
-1.188470417169354,-0.5923090327222366,-1.0890272006875081,-0.8620357458871091,-1.4256790015554115,-1.1158828293192267,-1.1723735616314919,-0.5826435463103774,-0.4907303642198258,-0.14001772259827394,-0.039078756265572695,0.0,1.0,1.0,0.1,1.0
-0.19151869985950856,-0.8876385182143124,-0.8388905406337235,-0.597990350091091,-0.9653933190705251,-0.7910087376304004,-0.43797057142244566,-0.14517345598381237,-0.130768299849267,0.04953901571700031,-0.028028505271569026,0.0,1.0,1.0,0.1,1.0
0.0001382655681097272,-0.062333225937796465,-0.05070254651741847,-0.14336220133021793,0.08172448497514082,0.3972358435580512,0.41033181814777386,0.08698695745228646,-0.1760419589526781,-0.053697875878993495,0.03969770342963264,0.0,1.0,1.0,0.1,1.0
0.7907771903167437,0.1698706575234613,0.5688595326151176,0.5023496177606731,0.2810188190414744,0.5834076164600357,0.3862161866345337,0.7485460401965425,0.8455066332940536,0.8749415707971131,0.940905528430787,0.0,1.0,1.0,0.1,1.0
0.5189058177112982,0.5071677837514006,0.8314419273296021,0.5188245242961579,1.0492133945858237,0.8502420025011571,0.6839078343571126,0.9856958378824595,0.7337589861419542,0.005457160741510592,0.6149749221849093,0.0,1.0,1.0,0.1,1.0
-0.004708730327843997,-0.5504838805864236,-0.47953395890075756,-0.975555572175208,-0.31076044145763526,-0.3984636571230211,-0.019088807034350563,-0.14997510904815026,0.36136761710021703,0.3498671838945275,0.24378944415905543,0.0,1.0,1.0,0.1,1.0
0.22062805341530478,0.4854675200579796,0.007190795967747243,-0.32330620344813166,0.1340542910638221,-0.07447002699824512,-0.615351773982362,-0.5116381899373996,-0.4751566040594293,-0.45221702400051683,-0.8119226706344919,0.0,1.0,1.0,0.1,1.0
1.0173402758690662,0.6278804259588309,0.05544772014369004,1.0007468789738985,0.8108673479977083,0.39690307762725685,1.2109039154180814,0.8257897051164396,0.8297422036586272,0.9421151919152545,0.7198355334840849,0.0,1.0,1.0,0.1,1.0
0.8113869951811251,0.7495910807304732,0.7914349117458208,0.7286993759630016,0.6397729451529204,0.3879439523420327,1.2432293655507052,0.9948499515701776,1.0770340224313997,0.7651149510803698,0.5778398871722195,0.0,1.0,1.0,0.1,1.0
0.7012000177116796,0.6741863930119762,1.0494953686204158,1.3828666972256547,1.0171429256024562,0.5650966427262734,0.41517265326155256,1.0649512267201713,1.164440897210207,0.8296010268839522,1.0959489851621558,0.0,1.0,1.0,0.1,1.0
-0.22647013080383865,-0.26347482781555026,0.12257306927179512,0.07212740352572389,-0.09590981396791035,-0.16554230118051777,-0.3725361700455767,-0.23208578302467747,-0.4647047490913592,-0.5953393467408654,-0.7275078236236991,0.0,1.0,1.0,0.1,1.0
-0.8302169394206558,-0.5616136366925264,-0.615971050928246,-1.1799757391639456,-0.899012283893024,-0.9465483844159859,-0.764393474580888,-0.6900920428769131,-0.4310832141804952,-0.3030215071495358,-0.4214668425967716,0.0,1.0,1.0,0.1,1.0
-0.444187349124786,-0.42397434553270863,-0.7018107139119947,-0.4043022733143897,-0.7476644999626045,-0.6760440002363602,-0.7659685384340817,-1.2858377407429442,-1.180778119829944,-1.1897963317946931,-1.1400148727283623,0.0,1.0,1.0,0.1,1.0
0.017472091454795165,0.2734539511086527,0.5950564892912714,0.6846429160757834,0.6468416364768277,0.5638655870580148,0.38778705167267896,0.5281268486154445,0.14048581731845955,0.11444799556640718,0.4150843618441582,0.0,1.0,1.0,0.1,1.0
-1.1528881482709508,-1.1275094393520635,-0.5851117995551678,-0.06838986905637101,-0.1982731138576943,-0.310015811230421,-0.5751236379164646,-0.9320694313106543,-1.1017464798413927,-0.8022238771733241,-0.7749378558365945,0.0,1.0,1.0,0.1,1.0
0.28411921678330554,0.314861610983826,0.4617121786576869,-0.010626297086573588,0.16188285038103592,-0.39583831131761105,-0.6397204522077393,-0.8679987348178408,-0.7325715552229394,-0.8730737589963506,-0.7587622895719756,0.0,1.0,1.0,0.1,1.0
-0.11574025375902924,-0.2880406582953347,-0.7326068897315523,-0.8839451248005411,-0.4797987708175285,-0.44108036187892513,-0.33998900230712753,-0.13961732288722203,-0.039705743211688405,-0.33156966238493535,-0.6925838682761998,0.0,1.0,1.0,0.1,1.0
-0.9676976723114007,-1.1593100034409487,-1.3771820980905685,-1.5945511617655699,-1.1305912744053976,-1.1739063777158858,-1.816633986603169,-1.713305485387464,-1.9017439708655488,-1.7839863297674061,-1.0654914134118147,0.0,1.0,1.0,0.1,1.0
1.6305978230357132,1.7964983312160148,1.6712505422080095,1.5237538593176962,1.7411282585202958,1.6171530776195349,0.8511425513525033,0.8775543267331677,0.40265699006172334,0.3708542581491784,0.41570235061257843,0.0,1.0,1.0,0.1,1.0
-0.467929046566922,-0.28126261443664924,-0.6688349250851684,-1.0424216086089038,-0.7766890900464848,-0.9720801503427297,-1.1766691859285672,-0.5965016191755459,-0.4932568232468103,-0.5439155239082273,-0.8874525004759608,0.0,1.0,1.0,0.1,1.0
-0.4553092837864146,-0.4196106163172614,-0.26868260058964094,-0.40021247959613626,-0.04867419552943897,0.22301633651810315,-0.05845330059050391,0.23802776843696463,0.11018624570303638,-0.08396802385049092,-0.06483081188599314,0.0,1.0,1.0,0.1,1.0
0.8158238013036563,0.5264141863917803,0.21935546770613795,0.29479061247610755,-0.03457979067852224,0.011590516851755626,-0.41842534336143355,-0.3323515846247468,-0.19706744118378966,-0.171193770467135,-0.34052311600160157,0.0,1.0,1.0,0.1,1.0
-1.4348227556088282,-1.6140170033940464,-1.6872090510385673,-2.0102427341596263,-1.5101870257285488,-0.9778156101098345,-1.2707094250973556,-0.9060526522558243,-0.8158262195453789,-0.5964951632983482,-0.5724740599672609,0.0,1.0,1.0,0.1,1.0
-0.27390906202141446,-0.10068575824174428,-0.04558982297750304,-0.02591111909293982,-0.7125358480428141,-1.4510020614594112,-1.4745162868344666,-1.6146108353441586,-1.122860554652108,-1.2529406441292286,-1.236006949646147,0.0,1.0,1.0,0.1,1.0
-0.3810872153877404,0.04940670047712459,0.22634704418202412,0.25959006712038285,0.17020141032393565,0.7595349565930742,0.4724922050324331,1.0074189295829643,1.4122606451027515,1.362166050599705,1.417277112740587,0.0,1.0,1.0,0.1,1.0
0.23276298304594017,-0.3212036369539861,-0.30891016758327156,-0.002716819414257221,-0.2703228481383468,-0.35751736505615817,-0.6011126912752824,-0.36941093607538167,-0.6510408998712257,-0.41308904061966223,-0.09581288805447685,0.0,1.0,1.0,0.1,1.0
0.5213938153548267,0.4573112757944297,-0.04621154773114938,0.3624915696880349,0.8122345932255295,0.2936455478681499,-0.05161779423037777,0.5222966368747357,0.25820102490118924,0.20811170572438004,0.33797867588396213,0.0,1.0,1.0,0.1,1.0
-0.45310329990167836,-0.36166015077351155,-0.592565638990247,-0.31204468078941494,-0.2871815190213986,-0.787084117211348,-0.588468063282243,-0.2788446894151908,-0.48640220046876115,0.050946706325696756,0.06331701879834663,0.0,1.0,1.0,0.1,1.0
-2.2193182709925714,-2.1793030991266407,-1.9617896418762582,-1.5792920932262557,-1.7086152414577866,-1.4099158662163553,-0.8372485722215921,-0.6516422234421414,-0.09653170484694001,-0.31407512580053687,-0.6760055135168285,0.0,1.0,1.0,0.1,1.0
-1.2305513366319305,-1.76050476810706,-1.773812985530174,-2.1350980748769786,-1.6734105506373955,-1.3303353396528774,-0.7815714593349155,-0.918779874318439,-0.8689178525711213,-0.83623573507731,-0.3610407342542725,0.0,1.0,1.0,0.1,1.0
0.1637726285246408,0.5306213705921524,0.5786410443504363,0.41419043751572,0.5961294797082277,0.4971988914413051,0.5720157758161701,0.7154479707923225,0.8878513771414958,0.8233192736120429,1.1329028874057347,0.0,1.0,1.0,0.1,1.0
0.6562126146397428,0.6636556841277728,0.5848287683626736,0.7024165243672025,0.8384647533326677,0.8087761442597285,0.22392871513110102,0.33014839290002784,0.19985721746963758,0.20009398309423154,0.11770088129912196,0.0,1.0,1.0,0.1,1.0
0.5734286132988418,0.7176011824237187,0.3890200248232084,0.5808802394654403,0.6465061825353097,1.1036055433254575,0.31971789727879696,0.008087838542630565,0.04389438349277568,0.3253567041104686,-0.07777298863150417,0.0,1.0,1.0,0.1,1.0
0.9437246959024158,0.7158782458255302,-0.10603489615318185,-0.24689566011870723,-0.24287317330511426,-0.10176907057335305,-0.1794575178691774,0.6118168404947666,0.28115156473016817,0.5450997532698107,0.1524070927186723,0.0,1.0,1.0,0.1,1.0
1.369608218946878,1.0243680830700865,0.6075001821901695,0.39770250328680556,0.331825256575768,-0.059388818811142385,-0.12489261823866005,-0.2510970667056551,-0.1680178479613062,-0.526149662709726,-0.44972873924446055,0.0,1.0,1.0,0.1,1.0
1.3055427847639356,1.2899523070061283,0.8846182586391071,1.3199396901763039,0.7602954399416821,0.4494398206675978,1.039314696282926,1.3892956517527917,0.8992508415444855,1.1157852672857949,1.357924529537935,0.0,1.0,1.0,0.1,1.0
0.8804921725255602,0.3120161984678309,0.2287058502016454,-0.07951232963117716,-0.40018764210437596,-0.29441556018951764,-0.48731253682049713,-0.5310521207997712,-1.1759787616378476,-0.8655256476219362,-0.5421435606863189,0.0,1.0,1.0,0.1,1.0
0.7746951782243361,0.6462759938774022,0.19613955189063287,0.22011603543487143,-0.6079206869651181,-0.591393880887833,-0.25586128590665075,0.18799437443831488,0.4378250529278117,0.4013408699973854,0.3478985421533353,0.0,1.0,1.0,0.1,1.0
-1.0294498387752018,-0.7830923237076782,-0.6624058324455382,-0.876172027794329,-0.9588799837032369,0.12076643845608814,0.12369713753416613,0.3818954164383203,0.5765590038440378,0.6998323268654248,0.9404084545281048,0.0,1.0,1.0,0.1,1.0
-1.2320442672728755,-1.0108408249879044,-1.1105272458473863,-0.42871361227147475,-0.48026613810252994,0.34537295284671055,0.23671205456320746,-0.020060013297143464,-0.10178198441951396,-0.09729675902926643,0.2135207733889364,0.0,1.0,1.0,0.1,1.0
0.706050342320626,0.46745788031759355,0.9726419439672646,1.1913884386010873,0.7018615867719031,0.6098424806286052,1.0167307062372972,1.1885462867417296,0.9376592010483021,1.2370034094142033,1.2916420290150834,0.0,1.0,1.0,0.1,1.0
-0.7834635488902164,-0.7031365880470819,-0.7764083290496009,-0.7842779084302288,-0.4894091388930447,-0.3394554221013181,-0.5431315478353892,-0.627125334969114,-0.49818355720409147,-0.7196311342629247,-0.540705566535681,0.0,1.0,1.0,0.1,1.0
-0.7315406749307789,-1.0844126399230116,-1.5518101916647633,-1.9748010749453628,-1.9352145208849436,-1.8601132675001952,-2.107124900460412,-2.1102872528902954,-2.2529573821505267,-2.174219620680798,-2.2135150636758056,0.0,1.0,1.0,0.1,1.0
0.24050715197577832,0.26117554187349756,-0.11457037282553553,0.5827020734340783,0.8326869642656165,0.9594902374456973,0.7553290775040123,0.30412053249855325,0.3589204382666038,0.10474918919674278,-0.21160415987726536,0.0,1.0,1.0,0.1,1.0
-1.7484241522340798,-1.5603697001413144,-1.3735121008595963,-1.303872322812838,-1.189113858139891,-1.0905630107939892,-0.6535228008609331,-0.42904524571824354,-0.6621530719779384,-0.9924991981487068,-1.631300120229654,0.0,1.0,1.0,0.1,1.0
-0.43122069014232267,-0.23460434307371483,-0.46905849755950435,-0.3674097292288306,-0.3197615889712714,0.01440384915557269,0.19725845353403837,-0.03445216514607355,-0.5923101981399059,-0.5157549813471707,-0.26804376099241484,0.0,1.0,1.0,0.1,1.0
0.2963257226866047,0.1103866198401349,-0.35613720984649555,-0.4811855632194706,-0.2777726551152324,-0.2686411900221929,-0.13139356662270016,-0.9643720186949262,-0.27901235210514674,-0.3913834642211735,-0.09513970182519704,0.0,1.0,1.0,0.1,1.0
0.0662649746540207,-0.11488900227432063,-0.5386100755642383,-0.08626604073600619,-0.03132722624568002,-0.2536667207012361,-0.2804875005275632,-0.38932510065861736,-0.4058537738629116,-0.21219744676670457,0.14718410460898368,0.0,1.0,1.0,0.1,1.0
1.0401636632006444,0.6166429312937807,0.6290664674895035,0.6541789621226602,0.32047949584948204,0.3435703077274456,0.18752452508577455,-0.04275582934950983,-0.6173829594050227,-0.8605795600019486,-0.6821481669923982,0.0,1.0,1.0,0.1,1.0
-0.8281203022145082,-0.8675296294106093,-0.9947784972616351,-0.7167402904349143,-0.6470164682117323,-0.6328307816920716,-0.792998216690835,-0.32988481397696173,-0.26870350105547425,0.11326142738391512,-0.5421364196742362,0.0,1.0,1.0,0.1,1.0
0.35320423812378227,0.4721291881910771,0.9365480899608252,1.3301851853461364,1.5561363874058352,1.1618922334335564,0.6362576684014475,0.8561261011649155,0.7729305099077974,0.4694821663977675,0.13417751508237818,0.0,1.0,1.0,0.1,1.0
1.0504594098485267,0.8030053639348775,0.8138473495691513,0.4004506073711697,0.15205980900293886,0.23950778857422902,-0.21702344126887246,0.6951148871040431,0.7381499573401623,0.9474255090075763,1.224939477719479,0.0,1.0,1.0,0.1,1.0
0.11635980099914885,-0.28186011893660157,-0.14615030764403092,0.022695301490316816,0.12027307457185467,0.22912158088731294,-0.2694075668574051,0.016755274775136136,0.10166076329956485,0.19896708535573887,-0.19513767219779626,0.0,1.0,1.0,0.1,1.0
0.40746163572297983,0.5612725359369002,-0.04971475648593282,-0.18301305188615524,-0.29529562010325694,-0.15436994314897862,-0.4588194007081707,-0.5375772213690752,-0.9172097382621605,-1.0437077922010036,-1.2354985253622852,0.0,1.0,1.0,0.1,1.0
0.3816425040833109,0.47374909362044304,0.7070315629704851,0.46348829280651643,0.608850667887192,0.22017540505598004,0.38239601474973695,-0.058066731649259185,0.34710605016220175,0.34332265428124203,0.015636190077007395,0.0,1.0,1.0,0.1,1.0
0.014658007505252226,-0.02118857300329164,0.09079310050230681,0.5565871031655787,0.6601242722371266,0.4879829937590769,0.24304264810085316,0.5007968672192701,0.442404993572723,0.8411458947067647,0.7058678956201927,0.0,1.0,1.0,0.1,1.0
-0.28775940362381114,-0.18713164075436106,-0.45061426559268003,-0.6838169938242002,-0.19445562315758846,-0.038908687791601504,-0.22805695330910958,0.009220654208217133,-0.08990529079469609,0.24113967711144185,0.7718860589984766,0.0,1.0,1.0,0.1,1.0
-0.8513639033629994,-1.4746739068074035,-1.6177801168118982,-1.1942062927520558,-1.5922244479132885,-1.5699729008290713,-1.0275014510623588,-0.6011136580987166,-0.6196983983153781,-0.8372527467700974,-1.063700137396015,0.0,1.0,1.0,0.1,1.0
0.2712779395335812,0.2430455167541014,0.7028059239472876,1.0067847706275894,0.6975830519948157,0.7552382028680551,0.2655929175821244,-0.22219210777801887,-0.8739735458247637,-0.5924075327404882,-0.3431915404254561,0.0,1.0,1.0,0.1,1.0
-0.8175279844270166,-0.7341292471655014,-0.7583876506450811,-1.2765600826710686,-0.7752725481054579,-0.6857404951618223,-0.28788392746886204,-0.1264182282689901,0.03396959196796656,0.036220425491895705,0.0046325444280808925,0.0,1.0,1.0,0.1,1.0
-0.6475273170539483,0.03731106854170618,0.18544177811859558,0.6153644569752886,0.7673030136437123,0.3629262362595616,0.663273247667963,0.47617166692983726,0.6746074583428365,0.13125916313819308,0.3888064455525498,0.0,1.0,1.0,0.1,1.0
0.5199089780266388,0.4626594417851839,0.13566272850884692,0.0008329672418224826,-0.2646947990900421,-0.297900304288487,-0.5260805265298032,-0.39785293115441484,0.11421799315581821,-0.0457950450317193,-0.18577562750472834,0.0,1.0,1.0,0.1,1.0
0.7662985601056235,0.5964431035324265,0.6303193498039164,0.417008890833666,0.17392979791992869,-0.06498722041412716,0.1364660820201221,0.0661463188816364,0.5493007849843201,0.42446707969794784,0.02392681735298602,0.0,1.0,1.0,0.1,1.0
0.6093297973161917,0.6483003627560798,0.5084577627148812,0.16079266944485143,-0.4509875103267689,-0.38578037351115896,0.09700240478503641,0.39876140167606244,0.1741126812837751,0.20058109165446225,-0.07645753114869822,0.0,1.0,1.0,0.1,1.0
-1.0358242131632116,-1.2184525550873584,-1.0998474511096745,-0.508756568866285,-0.6991178485547791,-0.5521741935896937,-0.18542998070406008,0.19132140256560173,0.8633793936447506,0.5867252118505445,0.8096003320904838,0.0,1.0,1.0,0.1,1.0
0.04959711862720922,-0.09946770597674529,-0.10410586704447046,0.04526193282073096,-0.10586842466249965,-0.4855614425928181,-1.0135750396204175,-0.6482987532795672,-0.1930049946717748,-0.3706812076505306,-0.30004473923985864,0.0,1.0,1.0,0.1,1.0
-0.3764747963334166,-0.3000780596871101,-0.0931284529551015,0.2456244976073822,0.6061982805169537,0.5337753458924153,0.49967877835262037,0.2536565742003182,0.3011990659418646,0.5116208627569483,0.42710085607597614,0.0,1.0,1.0,0.1,1.0
-0.004780036154985385,0.18297606644393855,0.0785846829098132,0.0547182854786622,0.5111512079614692,-0.24568340323333854,-0.645538594492476,-0.5203882688963946,-0.4222714883951549,-0.27323412393142327,-0.2521129410073805,0.0,1.0,1.0,0.1,1.0
-0.032834951411278554,-0.33982040827494,-0.26683428043085605,-0.20591532553583544,0.09806902276917409,-0.28590363914554195,0.1421198252158825,-0.14720107685152692,-0.48354487619004893,-0.3801548491404182,-0.6785253999633409,0.0,1.0,1.0,0.1,1.0
-0.515771032542731,-0.16581829151228988,0.42272337547920646,1.0323470388670204,0.6432323022830471,0.216310096936428,0.7164821080032684,0.8900304182602091,0.795500117172448,0.7133110038363366,0.9384096191778113,0.0,1.0,1.0,0.1,1.0
1.2774418963351362,1.6157589306883993,1.4028118924043238,1.4024673423497365,1.18683537555457,1.1445206532049903,1.087343128347818,0.6474081930403925,1.0453680872945552,1.1958612364922745,1.1531130416101423,0.0,1.0,1.0,0.1,1.0
-0.7514070455329341,-0.5892380551900221,-0.7995418460934685,-0.7664939199640811,-0.5077884405386718,-0.06428641384825212,-0.10735808361847604,0.0304284118789908,0.3095115343210369,0.5805737651484892,0.550390789971268,0.0,1.0,1.0,0.1,1.0
0.6714485097330798,0.8967665257007446,0.5958303726776961,0.37912902687033445,0.3115291572395105,0.6218876867345284,0.49365239728679994,0.0686532750300975,-0.07495162893339466,-0.011758787824130729,-0.377218355074036,0.0,1.0,1.0,0.1,1.0
0.006676312944967006,-0.12615084402113053,0.13764428607309104,0.6487818550933833,0.9896150865913114,1.007021550558518,1.064352581800211,1.21560640506191,0.5425666196539727,0.49606958649235416,0.5818560935964332,0.0,1.0,1.0,0.1,1.0
-0.26713299663260764,-0.0450052022724077,0.3475229867402027,0.10646726129157186,0.1816214918581572,0.4962486836319099,0.3381392770904056,0.29497974558017387,0.12318002413296866,0.48759841228624873,0.8565551064127321,0.0,1.0,1.0,0.1,1.0
0.4464785892600872,0.18899722728321083,0.5480692397439867,0.5731022035174105,0.49113951186910676,-0.19501078629468221,0.22300328158950708,0.5170782813726199,0.3248451822612025,-0.19362639489543326,0.14701791832580016,0.0,1.0,1.0,0.1,1.0
-1.6826232070734441,-1.7789386189602485,-0.90524092912871,-0.7505053902469447,-0.11412267361482442,-0.12833977450027934,-0.41198974367696684,-0.17164981968540957,-0.2004587656133413,-0.45255085199066614,-0.4071145780275865,0.0,1.0,1.0,0.1,1.0
-0.6525711570134426,-0.09409893359020832,0.10302376316417787,0.01642119190922499,-0.2868236159529709,-0.5462461011452726,-0.2798158260678215,0.28997015160653855,0.34192880204745796,0.38549308354428785,0.18264618795455864,0.0,1.0,1.0,0.1,1.0
-0.1943421032534186,0.36352062785644645,1.0213788389517533,1.143050818569879,1.2274270003813468,1.2002975903153885,1.3272268995158356,0.7712116568693111,0.766365245490185,0.3440783354594664,-0.058864504703271536,0.0,1.0,1.0,0.1,1.0
0.437185867239669,0.2343891088852184,0.13406800548793657,0.6139126348056698,-0.15626775101629053,-0.32819017635989345,-0.7056887022076754,-0.5074225887662045,0.08932517199343726,0.3632965900559297,0.5827716506283884,0.0,1.0,1.0,0.1,1.0
1.7576498560606073,1.792105601000414,2.1082674184485226,1.9803069775403253,1.8868732625352433,1.0658035061259294,0.8023716800905585,0.36656916543619744,0.2692012308202712,0.21957680522381534,0.5644406115043588,0.0,1.0,1.0,0.1,1.0
-0.2838791125810711,0.011145518137162247,0.011764293741981825,0.06207454949007152,-0.1378998494906926,-0.09774022939681229,-0.18002910103806047,-0.18102493317245844,-0.3808010394458888,-0.8441329433321852,-0.8702376489285862,0.0,1.0,1.0,0.1,1.0
-0.21817552202616805,0.12408681454668302,0.2396788075858817,0.5762717344115686,-0.086052724340134,-0.3210172631328382,0.2578711331427303,0.13073736424992596,0.6149202566763531,0.3816366156197332,0.46746785163488486,0.0,1.0,1.0,0.1,1.0
-0.5125036652796924,-0.926985001566391,-0.6997989073747903,-0.1722451528006057,-0.16993240953500938,-0.17407288329099238,-0.3068996908447955,-0.6845240075874488,-0.3804285407153767,-0.35785403880678507,-0.5211047438160308,0.0,1.0,1.0,0.1,1.0
-0.18670022719617912,-0.16806824028788506,0.07635732943609128,-0.5492314126796686,-0.37400059914339856,-0.16729447677607345,0.1508780133790845,0.778141262394368,-0.012392733251808119,-0.21654172796150256,-0.2185487036838298,0.0,1.0,1.0,0.1,1.0
-1.0768949092691134,-1.1178737901610984,-1.2037635477174424,-1.8324486694472726,-1.4236204676341675,-1.2234749747719067,-1.010238841049852,-0.800260476255679,-0.3458408053045883,-0.5739720967907508,-0.6571551379417249,0.0,1.0,1.0,0.1,1.0
-0.18672841686218797,-0.06727854258433516,-0.46010725465080704,-0.3067699195435198,-0.13013054548025507,-0.45628100207678723,0.15740032345684896,0.2772985099722784,-0.33647374721334733,-0.10770232550303754,0.3794799946194903,0.0,1.0,1.0,0.1,1.0
-0.6548471370093163,-0.055150694955027,-0.36583383742824044,-0.07395535716224372,-0.32253904869149047,-0.43338059557734476,-0.1635373719660293,-0.293229688632221,0.2448634206111076,0.5664929444724685,0.48667997705650945,0.0,1.0,1.0,0.1,1.0
-0.5701139097934046,-0.5111323033169658,-0.18351641629908932,-0.7203774240526459,0.11206882218534397,0.15992535669331326,0.13450031725120995,0.6978626910620651,0.5342919381568478,0.6783698484456746,0.09594857879262886,0.0,1.0,1.0,0.1,1.0
0.05183031290529132,0.35287663808880615,0.1547390333093946,0.3262973117915078,0.09995210495540333,0.5966811267112855,1.38819461360587,1.0366518345977327,0.9908343638034995,1.1672437924085541,0.8302731251845543,0.0,1.0,1.0,0.1,1.0
-0.41456431678200967,0.13929891675794875,0.17572036811239505,-0.18862905174343966,-0.4229034288462715,0.22445013505479006,0.15343612270664087,-0.09169286172988,-0.3217461605436484,-0.7001933572982639,-0.5271574972952129,0.0,1.0,1.0,0.1,1.0
-0.1256720658388511,0.06562525871133923,0.17254165030841248,0.20100860973723533,-0.21873848386319705,0.5719706679297221,0.7050273154866894,0.2319812449779698,0.15802221775637287,0.1408618344502662,0.6402414131358173,0.0,1.0,1.0,0.1,1.0
-0.41640768875872625,-0.6159340517934433,-0.4998032036378086,-0.17674907155838693,0.011530107745455542,-0.017786622727583405,-0.07725529537151579,0.26870908198083876,0.30753697256813617,0.05586559082036846,-0.11503250784212804,0.0,1.0,1.0,0.1,1.0
0.17273902076540945,0.3995201691724601,0.5770174140552993,0.9926877457462443,1.0186456440902332,1.1408847125599437,0.2872609575527504,0.44068117407758367,0.5836424934460089,0.22023424109615491,0.04591263596949985,0.0,1.0,1.0,0.1,1.0
-0.7072577775661346,-0.1390206079484223,-0.10329372232745186,0.0827964743015958,0.2033104780023674,0.0038943656453944153,-0.2812410940563628,-0.37705508048236747,-0.4262999360176951,-0.24177040968655727,-0.5323831670136254,0.0,1.0,1.0,0.1,1.0
-1.1910527361675407,-1.3539103478628582,-0.9541218158578666,-0.8272285600849681,-0.961758994806412,-0.6589481880176218,-0.7802734213564381,-0.1692064346626817,-0.48471500961835445,-0.37435003130093497,-0.177544303756487,0.0,1.0,1.0,0.1,1.0
-1.2365771784732258,-1.194098472717612,-1.0452579726866316,-0.5263856939955485,-0.3560815559140744,-0.8887257780404931,-0.6667261064742551,-1.0955387344778313,-1.1685771460284984,-1.4325566435020765,-1.553214657783174,0.0,1.0,1.0,0.1,1.0
0.8639733112680259,0.8208147292798282,0.47199219836726214,-0.10110801529139207,-0.08575849683289297,-0.20254015906971423,0.036913356550726806,0.630792662740002,0.6529074642668952,0.24921318787151636,-0.5129076269008533,0.0,1.0,1.0,0.1,1.0
0.4964010745266649,0.48681377884372673,0.708393392717696,0.5612409073609939,0.14318049920983877,-0.41378021824675326,-0.23399281983648895,-0.4523270682327786,-0.379904673701464,0.2565697975529788,0.39191437205165675,0.0,1.0,1.0,0.1,1.0
0.36481073454741036,0.06796806984410741,-0.2413988854417571,-0.07464895047579581,-0.783796883576522,-1.0766902611851101,-0.8311421640139367,-0.30988106699087414,-0.2175665744590724,0.46807515815001044,0.6947725098551327,0.0,1.0,1.0,0.1,1.0
0.8983202926799378,1.560244510241776,1.2888536300284965,0.8921674150144756,1.0036511281816045,1.0814072099848906,1.0463438922325234,0.515191100763736,0.30621443889371147,0.24130518229698925,0.4013991203414091,0.0,1.0,1.0,0.1,1.0
0.7443832763048045,0.9392380863215795,0.8341539685394437,1.1938612438744947,1.1914756683141259,1.2637072039110497,1.034626563574672,0.591372052044262,0.4245787680420576,0.5214477757360637,0.4453242827480258,0.0,1.0,1.0,0.1,1.0
0.7219927302163553,0.30504683043805497,0.022236928540327328,0.06860630597611908,0.06933421224419994,0.13280010874944015,-0.010493547232680672,0.16095490883371222,0.2960720704477322,-0.38812384398115757,-0.9402802758252358,0.0,1.0,1.0,0.1,1.0
0.29811156651327586,-0.20364744410912278,0.43965570138358606,0.4199798317411274,0.8687745890623355,0.5045830649943184,0.9306371074818562,1.0112899434583307,1.7031596851450304,1.7578358904391727,0.9030452460547534,0.0,1.0,1.0,0.1,1.0
-0.7287656510949776,-0.3713401256418507,-0.28986323602121233,-0.0036349667238705363,0.2108847646536282,0.2180439806071669,-0.031240729426544822,-0.10030630514018582,-0.8120586938400923,-0.4792846705839691,-0.6970288306999073,0.0,1.0,1.0,0.1,1.0
-0.5136042689369789,-1.0057960981967717,-0.5490678365514938,-0.3427052245944249,-0.37824775856751924,-0.9543648138025105,-1.0772783929232532,-1.215476447061658,-1.6405811366493832,-1.5952977308157064,-1.788387830016182,0.0,1.0,1.0,0.1,1.0
0.09548591354529502,0.08231851219379728,0.6659012405647504,0.5343881217405869,0.33735928897743483,0.5699906911352068,0.34459526235008264,0.37697680449778886,0.1719429352141658,-0.17989267417633042,0.21532742026366833,0.0,1.0,1.0,0.1,1.0
0.40530233666678994,0.38325688875179476,0.11017360582194391,0.1363524613284531,0.40907834118720077,0.2548700497552518,0.15587622360340603,0.4608959989434628,0.23948557170117787,0.3275531250827007,0.4494471302427991,0.0,1.0,1.0,0.1,1.0
-0.3971693454601441,-0.6853895228589273,-0.9742573404087482,-0.6210978512203624,-0.9709164623972882,-1.1620389619043312,-1.4592175446914202,-1.3304848742154687,-0.9646211056844287,-0.856681526927406,-0.94534693049468,0.0,1.0,1.0,0.1,1.0
0.2581592913233973,0.6139477943558945,0.5173578064428921,0.5063740641654854,0.16330703697688287,0.23570097104996515,0.06374541906935763,-0.05666186116919454,0.3662960054528846,1.0184743262099274,1.1069780633941173,0.0,1.0,1.0,0.1,1.0
-0.5080460587088051,-0.6058478638449947,-1.0445289040072825,-1.0966749651258854,-1.2718448452920916,-1.5530784638643413,-1.133980080371163,-0.8234682579056242,-0.3263050752382134,-0.3874398575394219,-0.2732559341645075,0.0,1.0,1.0,0.1,1.0
-0.8865377653192471,-0.3770313336040174,-0.7047033850154154,-0.7051005469221241,-0.2927511473270511,-0.3302824685528275,-0.482266932394929,-0.5776792529862635,-0.36335491858695607,-0.6110012383004619,-0.9855769481553842,0.0,1.0,1.0,0.1,1.0
0.3953505428346645,-0.09405849400786126,0.1158074451861186,0.28428483743218913,0.7020163804371008,1.0029579116738805,0.8860015595573464,0.6847763508424449,0.7118383735428198,0.2699496356130447,-0.14669098078622267,0.0,1.0,1.0,0.1,1.0
-0.7181087094473012,-0.750346722916686,-0.3653394688118225,-0.6696279633232362,-0.2172963822934777,0.25155858922990154,0.16584689832446425,0.004974722409638643,0.08992043611116371,0.39037422793215376,0.9220410711096002,0.0,1.0,1.0,0.1,1.0
-0.8115541456033266,-0.35288094035812606,0.09016372990434124,-0.7997488792067406,-0.1423172580497003,0.1738839158087743,0.05995594640948522,-0.06592991523749463,-0.4730971309850967,-0.5154817982881209,-0.4658744403179055,0.0,1.0,1.0,0.1,1.0
-0.03505561787735871,-0.13998444323018225,-0.6255332438775586,-0.3981196851420607,-0.039823783346904285,-0.27506449770791924,-0.19547124427081475,-0.1871709295263019,-0.42596881581843327,-0.03365436676777933,-0.11650145881482135,0.0,1.0,1.0,0.1,1.0
0.33518386227176106,0.2708650246224183,0.4598715624413262,0.3131976691210789,0.48391535673277225,0.2877974466209994,-0.4534865268673354,-0.39455603688991603,-0.10591381078911921,-0.42276913921977255,-0.8129655064911252,0.0,1.0,1.0,0.1,1.0
0.6172080715858077,0.5583366186365781,0.2855053125768333,0.025620057807776514,-0.23728132731675974,-0.21211169299547403,0.03182802686031469,0.2761808821634202,-0.21903341344459784,-0.24387172202494367,-0.2621060543058705,0.0,1.0,1.0,0.1,1.0
0.10222570691227377,-0.43172604506927015,-0.6660566964304836,-0.1902108315357378,-0.03469081221810569,0.13855358292231656,0.1878855533295078,0.10744301398558631,0.4733895558548411,0.6443474224904362,0.750134444134805,0.0,1.0,1.0,0.1,1.0
-0.4424835638743616,-0.35922190058922415,-0.4854933334671637,-0.27088189669298446,0.05112160543165156,-0.35608349604184486,-0.13585445487232176,-0.17926066432396923,-0.057513087823537784,0.06353138533264945,-0.2803394697576958,0.0,1.0,1.0,0.1,1.0
-1.3238862214343314,-1.239991008979877,-1.043755125708468,-1.198007375237928,-1.1602904021187586,-0.6421666910163988,-0.741919858206689,-0.7008840125967825,-1.190447643812913,-1.3628289957074629,-0.90553172678912,0.0,1.0,1.0,0.1,1.0
0.04159559377775336,0.28915819946190086,0.5065877367289355,0.6570075691961853,0.6627398633798253,0.7664608072348509,0.6837755177577434,0.6082880614944745,0.2700078608587732,0.015514290957449939,-0.05908246974637126,0.0,1.0,1.0,0.1,1.0
0.6538310747930525,0.4097260587782227,0.19145702478916657,0.16617949108931848,0.12316524775682132,-0.09928851910383366,-0.07037748988502518,-0.48144253083392724,-0.7709589761355908,-0.9458853668064593,-0.9059569495508046,0.0,1.0,1.0,0.1,1.0
0.9499353496260359,0.792609562445936,0.510433188800068,0.8899917637668093,0.6249128958853294,0.21685185081549185,0.26942218136982665,0.7123185972691788,1.0699259469652063,0.8788983552402554,0.29307118932860365,0.0,1.0,1.0,0.1,1.0
-1.5074475538946377,-1.5942666756260873,-1.6672949469924883,-1.5143976641159906,-1.331765203378781,-1.0130991455933884,-0.7966284914161392,-0.8180941900470283,-0.4607122712227204,-0.3051851183057043,-0.4390754393703138,0.0,1.0,1.0,0.1,1.0
0.2909466607459636,-0.09638706204583214,-0.08637171433756367,0.012277827985880771,0.03751512194071632,-0.08537177862141956,-0.6183036594477013,-0.32509392551129956,-0.1233925974979056,-0.4671196764437857,-0.6227902455833397,0.0,1.0,1.0,0.1,1.0
0.6842649973563854,0.593881865697946,0.6037571150015989,0.6995782723398506,0.0736740315136073,-0.0009474799081986562,0.2334095866036799,0.3278567377570098,0.11805190768270662,-0.4101142037484671,-0.4044036550867481,0.0,1.0,1.0,0.1,1.0
1.6808125823028501,0.6644409965653654,0.5622888826323882,1.1340149764634213,0.48262101892042586,0.854312623002027,1.2567138189935847,1.1530063536115933,1.0312684725403252,0.9529981126420293,0.8363693784847605,0.0,1.0,1.0,0.1,1.0
0.6872599117558305,0.4237028820976858,1.091230032566517,1.1158402233729445,0.9339794122129256,0.7042775470994189,0.9280292310226758,1.3108406619945396,1.1541070683172872,1.5150491500563061,1.3053142166283942,0.0,1.0,1.0,0.1,1.0
-0.2494757359780726,-0.13806866830013143,-0.690609242650529,-0.4496721379626553,-0.22865083752849374,-0.39668654228689104,-0.30064972838470655,-0.04952877574229417,0.46993104373938877,0.6939386627760076,0.21027279603475035,0.0,1.0,1.0,0.1,1.0
-0.4922617829874936,-0.15194469465556731,-0.09509831140458758,0.06104957156224644,0.25064229016094186,-0.28508660173206635,-0.2567350141970849,-0.18710570847491434,0.05161172059849442,0.1288744149868399,0.3640061339540821,0.0,1.0,1.0,0.1,1.0
-0.486744209364623,-0.18843503835306533,0.1619879070417485,0.5598842090551571,0.8638252612891488,1.0835886479981522,0.8758576659631515,0.36651512914070167,0.3873416506810282,0.6685092760833362,0.49704248374975124,0.0,1.0,1.0,0.1,1.0
-0.005009501604729912,0.1942627109598963,0.16549507893660692,0.41734018353827285,0.5883272099154238,0.5471355227574166,0.5165991465801903,0.32917469818419864,0.7464986897132871,0.8234717278792375,0.40057499557945736,0.0,1.0,1.0,0.1,1.0
0.06746265694699524,-0.3458273436494022,-0.012527436363842737,0.27158812271308097,0.6146408686014423,0.39657914631871216,0.18010303595258806,-0.04395148683579872,-0.2682856037307788,-0.3086714719824041,-0.4833719470758914,0.0,1.0,1.0,0.1,1.0
-0.300702584832506,0.2514651500406373,0.5635851767209985,0.19179986060521176,-0.1361374329722181,-0.3769570853839227,0.10216331997769362,0.40595991331535364,0.38703181810848614,0.4368481178118735,0.26731157364926417,0.0,1.0,1.0,0.1,1.0
-0.40428727543435194,-0.0751652751516882,-0.07498579015613233,-0.05853994530398014,-0.14467860140866462,-0.18483899991031555,-0.20084065140878737,0.002581808278655451,-0.08623321038254195,-0.6273650778814333,-0.03131225941038651,0.0,1.0,1.0,0.1,1.0
1.528359406562287,1.4285321556251367,0.9757585405575769,0.735574190613781,0.6487581193860736,1.1832342784929029,0.7961322113015357,0.9600585036498389,0.7721802381808754,0.7679285867346509,0.1272865724125296,0.0,1.0,1.0,0.1,1.0
-0.03537443808781826,0.24426703686904025,0.04763074082519567,0.3314425370310406,0.37930968005830135,0.5484029911049451,0.8700269441414337,0.5090228036758968,0.4140975185929584,-0.1994209395638583,-0.24767064298244995,0.0,1.0,1.0,0.1,1.0
0.18438739581315,0.7650676334651078,0.6799645666598624,0.33071172831621254,0.6138241783969204,0.8743749456141243,1.366124086923226,1.3532580457252374,1.1654684959942012,0.8019954336144628,0.3753234353238595,0.0,1.0,1.0,0.1,1.0
-0.00661007887635421,-0.216248049103804,-0.42824393703614805,-0.49492750009647835,-0.19345162864848614,0.26240225140482215,0.6779657458567101,0.4137053832851078,0.7804783845402956,0.6275339560525381,0.6716949791140004,0.0,1.0,1.0,0.1,1.0
0.4985519765543498,0.06514741217850017,-0.012962862342750639,-0.45822673600026204,-0.9755164415807597,-0.6571040943817978,-0.9458179644915791,-1.2991697734315433,-1.2419711494362533,-1.2829501879552274,-1.4174247317282882,0.0,1.0,1.0,0.1,1.0
-0.46395113141974403,-0.4482733000187171,-0.5504000569694638,-0.5308793794337515,-0.7977933223631679,-0.611358547334526,-0.7870998450220573,-0.7812493150017634,-0.36012003042973534,-0.6315170080187273,-0.5514200619071628,0.0,1.0,1.0,0.1,1.0
-1.383845636231593,-1.207718257183581,-1.0772220652533533,-1.2526233977922856,-0.9544951977003271,-1.397943071068327,-0.8326432701249857,-0.6235690294678461,-0.3443066026727567,-0.35202099419303307,0.15511506463459984,0.0,1.0,1.0,0.1,1.0
1.3580211948500835,0.4861689255477132,0.7148323824049954,1.117133004503628,0.8979569604735655,0.7909203706417195,0.7045125514115707,0.7391488654116217,0.5947542195939587,0.43911050525437045,0.6567150099889281,0.0,1.0,1.0,0.1,1.0
-0.9109229784040103,-0.8495259511279607,-0.9628319994108782,-0.5745283886486623,0.06345577186737794,0.7003167553907108,1.174529313791531,1.2826668296769466,1.3770912545588827,1.1138209061305508,1.719479416291387,0.0,1.0,1.0,0.1,1.0
0.19230302996877718,0.3232040694460263,0.2605895550533113,0.22425363056303002,0.12916450649859135,0.18257662032679328,-0.3230668682894403,-0.3273793437400381,-0.21041755256146985,-0.10229272869368942,-0.29458272163337695,0.0,1.0,1.0,0.1,1.0
1.3609219440633555,1.4440388924784713,1.565175956156816,1.6809116242462219,1.3726461683713334,0.982721535443648,0.9662691903009073,0.9079992191203282,1.0278422507444729,1.1861823520969303,0.9715804802353957,0.0,1.0,1.0,0.1,1.0
1.8476232608063843,2.1559990726076212,1.4331172489225872,1.0001282657992667,0.6507838505190093,-0.05971212533163395,-0.1072814102088416,-0.46165399211788916,-0.039497733914100996,-0.1278188303874889,0.061023749272900996,0.0,1.0,1.0,0.1,1.0
-0.3895953891065774,-0.03952945964414539,0.31016774124044766,0.3663846541192505,0.0414011708361024,0.06523886892427545,0.26421008595212003,0.4613395693526888,0.5599118070058609,0.37796027861113213,0.6917276428695738,0.0,1.0,1.0,0.1,1.0
0.13084552345493386,-0.05671787737936318,0.4646352017902522,0.06498134967190516,-0.424856900865661,-0.09024215088468329,-0.3607707699043592,-0.2103456097249125,-0.06260612087325731,-0.006026568733662863,-0.4961960308462398,0.0,1.0,1.0,0.1,1.0
-0.7969113813098974,-0.5741877669598289,-0.6788699379888146,-0.9715329379355235,-1.003955542323342,-1.1244135319751116,-1.3785821970642793,-1.5776030724972554,-1.4947528016738238,-1.083731874479963,-1.1951314634664896,0.0,1.0,1.0,0.1,1.0
0.26806334747651533,-0.088189257650784,0.2025545400312492,0.20850893855150485,0.9185886539107904,0.2874949412925215,0.5160156410430612,0.7980346591102913,0.8544559342590595,0.4527185470936029,0.1775561038958798,0.0,1.0,1.0,0.1,1.0
0.7810454096554402,0.7761926908436778,0.23046896661177851,0.6421427513314223,0.87711160888755,0.5037745039578421,0.5107411307889551,0.705712637729873,0.8740053164872756,1.053661420644736,0.4249259883882186,0.0,1.0,1.0,0.1,1.0
0.3333592344297511,0.2650195033728507,0.29813528873980005,-0.23026175013426092,-0.20314974298077287,0.10600561912495657,-0.07731446399539495,-0.15041522739503382,-0.47132998357795486,-0.955656249408163,-0.677282887522887,0.0,1.0,1.0,0.1,1.0
-0.5287822136068346,-0.8193509894324773,-0.41244158159666444,-0.33666782082891844,-0.4424601420317984,-0.00902343891289592,-0.5808767713152447,-0.518990597257236,0.13839941610242001,0.17415087200688184,0.2471731994534151,0.0,1.0,1.0,0.1,1.0
0.12896321065158592,-0.37692266805081054,-0.17221011843911577,-0.14894330445329287,-0.4727619370994798,-0.7589268671315023,0.019512353258362314,-0.8018537004587857,-0.49668439333197206,-0.5250504443809897,0.0061967841445561556,0.0,1.0,1.0,0.1,1.0
-0.7634714115001515,-0.24913734560254375,-0.4059086281952483,-0.46527034766463865,-0.5259752536884013,-0.8261746736525154,-0.8799109749797988,-0.5883384884234996,-0.15560686015455655,-0.48187021686636244,-0.6855900840873748,0.0,1.0,1.0,0.1,1.0
0.6117139581929373,1.1427555744772375,1.005931293789126,0.9882115082051086,0.6614404528293121,0.24506165813448622,0.06442549470232845,0.2029658866734051,-0.009484308984338274,0.055446452463043264,0.47003131258177383,0.0,1.0,1.0,0.1,1.0
-0.6540838609598326,-0.7592223182603257,-0.6187282588152051,-0.7424926666827031,-0.5609971137827467,-1.353583354596276,-1.112762700593113,-0.4527102419804513,-0.49522323892292663,-0.4069878671621694,0.18284036709971563,0.0,1.0,1.0,0.1,1.0
-0.9619452033937052,-1.169104481861062,-0.6910049065342296,-0.6343789668042917,-0.4100274882570414,-0.2925213939546486,-0.4235753514544307,0.016080634243708647,-0.38988701452891045,0.094447783146347,-0.11610115653610414,0.0,1.0,1.0,0.1,1.0
-0.6791955201517589,-0.3388212909078228,-0.45039329575975207,-0.1674676458924196,0.1451807972220007,0.260047521586028,0.6363454689011916,-0.030821015844150645,-0.025850232175910388,0.5002755348013714,0.8452894632361422,0.0,1.0,1.0,0.1,1.0
0.28575772128005056,0.1432031983982983,0.15155281975487517,-0.16017305498331105,-0.38233715281945746,0.02380235951489368,0.13113704822242267,0.6628188771387573,0.7124098189443127,0.48795669225229593,0.06415577970242947,0.0,1.0,1.0,0.1,1.0
-0.08709885164949055,-0.45835635005620845,0.06409388896672269,-0.012098927934914794,0.13969462629266818,0.5681264352693101,0.7035362027588465,0.34757673240994036,-0.2994384204713371,-0.105459019080797,-0.24090772713590197,0.0,1.0,1.0,0.1,1.0
-1.0668271132751566,-0.9001718437853926,-0.31110547344479395,-0.5023897623147481,-0.16324591436741115,-0.36095665509473934,0.26755348397114165,0.47111146855034935,0.0342310374811593,0.2610291735705734,0.1825554950882375,0.0,1.0,1.0,0.1,1.0
0.255913204312838,0.07278693522200436,-0.039089091128198764,-0.14550509660867733,-0.41584441791963367,-0.8298180341255916,-1.0194372264663414,-0.9288664980662307,-0.030052100413144545,0.3602234120256853,0.10039693557445817,0.0,1.0,1.0,0.1,1.0
-0.8163159452902258,-0.639227379787296,-0.8907163567069605,-0.997413013483692,-0.8277427338521794,-1.2025405932777096,-1.3740152556761274,-1.567465306304352,-1.540840288416571,-1.3543193363492811,-0.7451365823584839,0.0,1.0,1.0,0.1,1.0
-0.12486590579718243,0.2934102121517322,0.2979304746989832,0.14795896232482722,-0.038705457405864285,-0.2164725227444561,-0.07258016810575547,-0.26682819547463044,-0.03012352321938619,-0.48013443955706236,-0.41445568954738093,0.0,1.0,1.0,0.1,1.0
0.24946530660798483,0.00954654466362631,0.5055180192948981,0.33704992861812244,-0.5527954513541382,-0.08357586260916283,-0.6808147856216261,-0.6580515209841709,-0.6563243049254449,-0.5361821695627182,-0.6164401668882518,0.0,1.0,1.0,0.1,1.0
0.5044551844957089,0.3280727238469556,0.7429505558934467,0.922461167119054,0.48350889057985413,0.07114895620150741,0.10933726368512195,0.3267705983636101,0.2781094842892373,0.323417229602576,0.11714284204148864,0.0,1.0,1.0,0.1,1.0
0.0723414286360878,0.1567261533712812,0.5240266753994899,0.3349744024028164,0.25844330720149994,0.048211236146267905,0.29361628796090306,1.1187379527671515,0.9961347372641003,1.009239386979192,0.53938762520699,0.0,1.0,1.0,0.1,1.0
0.5804367492200863,0.33667255284997444,1.2179079027050823,1.2806474625400488,0.7264105538229109,0.5481337913181514,0.46319273356138246,0.5747608276210268,0.5719880177925183,0.16832900688520713,0.1825465502043706,0.0,1.0,1.0,0.1,1.0
-0.5308149474716775,-0.7417805776757418,-0.7579880032234907,-0.9126116425368673,-0.35062192406490983,-0.623386626877791,-0.36780532010833766,-0.4477479572877102,-0.33613094569118723,-0.3347360453458885,-0.14986851244848948,0.0,1.0,1.0,0.1,1.0
-0.8420549081145222,-0.772724082369758,-0.8061005034505486,-0.6919235373244091,-0.28984958924329307,-0.13858338161316514,-0.01135311485393882,0.05539287464993689,0.20516434210472767,0.3728613534930185,0.704505406404667,0.0,1.0,1.0,0.1,1.0
-0.2627405167877389,0.4339132906727429,0.20367739092272102,-0.21845619709900496,-0.49663575076120337,-0.42438007836504765,0.28803049666058,0.5561355555758132,1.0412458989045215,0.7071670948100747,0.7527713094769355,0.0,1.0,1.0,0.1,1.0
-0.4228397616192723,0.018646995870725602,0.12123217767427946,0.0503349564979443,0.02972804556747716,0.4341821368478947,0.5283468822710914,0.44515626977219075,0.23582542278753257,0.38548740143742344,0.5115942294018488,0.0,1.0,1.0,0.1,1.0
0.7526197832578372,0.745465695355193,0.9205963351559255,1.0634103836087216,1.1346496934595258,1.0796300761344655,0.9398368861909627,0.8892215954783842,0.27844141627215224,0.374736794105926,0.2925723925407873,0.0,1.0,1.0,0.1,1.0
0.4056612859879084,-0.4821268691699806,-0.6129744304046654,-0.8689273638933369,-0.5667103180220381,-0.45631243648073205,-0.49058436687305734,-0.49801471523469093,-0.14129028636639845,-0.11768717327981454,-0.34155151578611687,0.0,1.0,1.0,0.1,1.0
-0.1314118467083023,0.0758950650020141,-0.15809591925202082,-0.6653988681698635,-0.4236114266210482,-0.6758056872249105,-0.4037784317670029,-0.2237295125650774,-0.6370873515344861,-0.9218853790281024,-0.38409366359025854,0.0,1.0,1.0,0.1,1.0
0.020381882150049605,-0.47523708112893553,-0.1802773061099367,-0.020581664176206493,0.27101489466633266,0.328590207652588,0.5533190684479536,1.0660917608639706,0.9050057449423282,1.080368093953011,0.9847456358739647,0.0,1.0,1.0,0.1,1.0
0.592852654112944,-0.003419745707079258,-0.23063655791475787,0.43633271636910176,0.5645188971742158,0.7458240475094527,1.2080611516059672,1.1200399411421174,0.6850630987842623,0.6817151409049328,0.75779722037328,0.0,1.0,1.0,0.1,1.0
-0.16355412661956778,-0.11150962285583621,0.06591321676127701,-0.04090316631500695,0.20814374972070016,0.33670757886087255,-0.00898117833014811,0.0011989282203463854,0.4608271658240128,-0.22385338644547953,-0.2490615026368747,0.0,1.0,1.0,0.1,1.0
0.4757134374595151,0.26133004188783876,0.527195176564509,0.33328968836617817,0.01557450245316322,0.31889800074464586,0.35053375304846635,0.2264815162788426,0.0622566343504197,-0.31994679712062396,0.029446426463004438,0.0,1.0,1.0,0.1,1.0
-0.9637291997493203,-0.6420453665744208,0.2506929246218659,0.12675364255110777,0.012719070614962164,-0.18445506414313742,-0.04285446163274806,-0.052325577403714366,0.057992226525282235,0.27979429281742035,-0.06854686361825313,0.0,1.0,1.0,0.1,1.0
1.3536995298750458,0.6309740822762753,0.5892653248675321,0.4662118282761867,0.037753350024158194,0.35041985016574506,0.3282735754319286,0.29913661217851495,0.4361826287216948,0.2959043527683154,0.6273268863771777,0.0,1.0,1.0,0.1,1.0
-0.3144625888487655,-0.5538933541232485,-0.7445895395145109,-0.9138873975528247,-1.1083100407659856,-0.6407793427304537,-0.158597563236256,0.16034739360817693,0.24813629406500728,0.23135255434691082,0.29739211458244597,0.0,1.0,1.0,0.1,1.0
-0.2784617918525176,0.15470360614705597,0.07789136855546054,0.20883899515148596,0.04023197090463404,-0.3278803944329631,-0.2249995880169986,-0.1515705069290014,-0.5778748254568236,-0.6779207957709895,-0.7306324127939562,0.0,1.0,1.0,0.1,1.0
-0.06903842406563167,-0.26267868657603677,-0.03541910869752524,-0.3356365328059828,0.06137834898764316,0.1840877899668123,0.07669175179951944,-0.6215731660604711,-0.8211776112454676,-0.884255726896268,-0.7915627020647205,0.0,1.0,1.0,0.1,1.0
-0.2948192566013554,-0.3088566302089878,-0.43384926652431666,-0.5012468317795522,0.04684772627000783,0.28191524120268247,0.19911397842065567,0.3852667285908331,0.39595615271867163,0.3080422826335263,1.4897446727356694,0.0,1.0,1.0,0.1,1.0
-0.8892177248959432,-1.1136857256454369,-1.3611832367049221,-1.448439096698362,-1.4920039399900134,-1.181226282211443,-0.5681674337794991,0.06854635113976004,0.3011742781083897,0.2666227564245379,0.2625216038421934,0.0,1.0,1.0,0.1,1.0
1.3729126448709752,1.5050058770048529,1.1685017622963245,0.8340043384528715,0.8051804542460167,0.36971344010282575,0.10642627758424025,-0.18218455284178176,-0.20664827012544526,0.21706001829383545,0.28905976413891327,0.0,1.0,1.0,0.1,1.0
-0.5424785226305627,-0.9617445456970899,-0.619107754492561,-0.561040571864867,0.1365793518533971,-0.2094081587739458,-0.05063633671728174,-0.13167318769690461,0.08019542793400977,-0.002799948930116744,-0.1674181705759139,0.0,1.0,1.0,0.1,1.0
0.0794375118737888,0.046034709806868246,0.1772112055176378,0.0037984814115931964,-0.0012047606450554535,0.1340532070854752,0.255450773046026,0.3704912941138005,0.12357883322678326,0.30091315068938346,0.1505929241733816,0.0,1.0,1.0,0.1,1.0
-0.5297692664227657,-0.13621376513378441,0.34200172194451284,0.5653524284283163,0.8249387340538942,0.4640641965971263,0.12539963506007323,0.5824908930718902,0.8013526083480433,0.9185716637071939,0.9988586283918742,0.0,1.0,1.0,0.1,1.0
-0.4051785672549825,-0.13461503608810188,0.4377115492918382,0.5805933513953698,0.8684941337462851,1.1701098841480615,0.7524169597521215,0.5288523103121654,0.37191773217255386,0.4626790435731435,0.11350049958560038,0.0,1.0,1.0,0.1,1.0
-1.3455921205776205,-1.6007162176115382,-2.1010861781737407,-1.2042902301976302,-1.0030384824577843,-0.30223783036916785,-0.6765849177848264,-0.7241228738421054,-0.7655896400516187,-0.42988866960813293,0.148402924519682,0.0,1.0,1.0,0.1,1.0
0.6690659926444826,0.3234686012876389,-0.009928545078754236,0.4465601651441238,0.23857152296186748,0.5315861643825373,0.5815572343662424,0.4567680643051528,0.39207259600972927,0.7082886076090898,0.5952629696248839,0.0,1.0,1.0,0.1,1.0
-1.09094107105916,-1.2487002210013625,-1.4376558169398854,-1.2893981039065687,-1.2084041367497003,-1.137312863298319,-1.3200138908966976,-1.316295752355449,-1.4386037188644256,-0.8676505304380978,-0.67767129049592,0.0,1.0,1.0,0.1,1.0
-0.5513133409535342,-0.6567894434335404,-0.6424799659972228,-0.3506144360882911,0.016763543739006792,-0.2939519206223423,-0.6696198915940124,-0.09167142251085336,-0.26053466644946827,-0.44256847102638275,-0.7040036770566316,0.0,1.0,1.0,0.1,1.0
-0.30215401740512504,0.01636931363245625,-0.3299898683869594,0.15801174558270065,0.19895484221306955,0.5071664436405525,0.22169599619019165,0.4226425041091589,0.11142304544696052,0.24394042066321023,0.11188985343844558,0.0,1.0,1.0,0.1,1.0
-0.45727518602340067,-0.04875312527686965,0.08186058263374094,0.36065659363427194,0.7113025579945609,0.15296369758503753,-0.05930231657493473,0.051452472584980286,-0.014135414979543424,-0.10647520909512379,0.3003173644777305,0.0,1.0,1.0,0.1,1.0
0.32124994693306136,0.10277951767356952,0.11201582058644928,0.3895152991212179,0.3961375498937033,0.27154217601581737,0.5637358881294819,-0.2060574546633811,0.06834769128402277,0.36115668449022315,0.47925018317604673,0.0,1.0,1.0,0.1,1.0
0.27265940045004966,-0.03438388015441271,-0.0014207588579118469,0.03929557891306559,-0.07604234507369576,-0.11112584550431642,0.02818853344514531,-0.08489501812680875,-0.08479867800647287,0.023985067597221882,-0.10455972635423103,0.0,1.0,1.0,0.1,1.0
0.3015798291119416,0.303302074908899,0.03827120926697358,0.2462103990848149,0.007755516326306777,0.40599569807705466,0.523904932236053,0.1651710771409972,0.8775968379424895,0.018646405945236366,-0.01983768469989927,0.0,1.0,1.0,0.1,1.0
-1.3424941744440668,-1.3044452592530298,-1.5285943485975177,-1.1761323547324396,-1.2198687309715432,-1.6340942589565919,-1.0688800066735746,-0.4784519515009128,-0.4963388106406903,-0.41359449948846133,-0.6349428737912663,0.0,1.0,1.0,0.1,1.0
0.28894585172638326,0.29852016466118614,0.20174336619540784,0.31884350687112345,-0.0057352764975023285,-0.4604486847263405,-0.3387735987499577,-0.5821285780396628,-0.672815987231925,-0.445716133154395,-0.4169210083525733,0.0,1.0,1.0,0.1,1.0
0.41941463578447946,0.07193916987389137,-0.11432642378088201,0.024187504812881247,-0.06231996638125684,0.08686864281852116,0.017515158949986398,-0.4252460616323108,-0.5081745703447241,-0.48731822012217896,-0.526224354473842,0.0,1.0,1.0,0.1,1.0
0.7668724997069568,0.7988297623833445,1.1238057734376428,1.2164056353906505,0.5120736156073423,0.8022361579653369,0.8799979381240546,0.9861259002691449,1.0620949685904533,1.1408684190506997,0.8307736164032955,0.0,1.0,1.0,0.1,1.0
-1.351743690865022,-0.958022852108077,-0.8438139590228837,-0.9606575938231379,-0.6322423103123371,-0.6074467603720932,-0.346794984868313,-0.6072401939280389,-0.54571165162428,-0.40144490197743143,-0.07456340085855795,0.0,1.0,1.0,0.1,1.0
1.8358932986428826,1.2220343931533686,1.5004160390655052,1.2807730079723325,0.9884886916708376,1.0822964079399344,1.0282275445338613,1.0096709992787292,0.09089050885429129,0.26799422675664525,0.23843941268434402,0.0,1.0,1.0,0.1,1.0
-0.40128240456020425,-0.11751670200043632,0.45644233049735594,0.5240181436497885,0.13487864203478978,-0.42179241032336023,-0.8643591680772233,-0.7653852338693725,-0.9037356472832733,-1.1084044532411463,-1.2971845233958632,0.0,1.0,1.0,0.1,1.0
0.08430840131555545,0.35248723623309824,0.5030479290294666,0.5687953853043987,0.08194468071644506,0.12967114167941238,0.25179282466870767,0.630509049576377,0.12545618923558371,-0.47813262173932713,-0.1885513200264637,0.0,1.0,1.0,0.1,1.0
0.3493542802750637,0.5269408971851794,0.6228990234433033,0.7036382205682287,0.1417796202996443,0.10041703407858506,0.2936201502462118,0.32294082907720456,0.19714968983902348,0.25162633657159156,-0.0821770122357664,0.0,1.0,1.0,0.1,1.0
-0.49132104917580455,-0.5232453509804191,-0.3643770268987223,-0.557999744368835,-0.14925713030115428,0.09611912158302727,-0.1325807783077022,0.0845009567662569,-0.6379527693740854,-0.14868004219590247,-0.27427445936212225,0.0,1.0,1.0,0.1,1.0
1.1084163589144425,1.1558574965470996,0.8511894645717317,0.5667328985456723,0.5103962007500946,0.7504259075685726,0.2979330844203511,0.4793089964758106,0.5467765817185771,0.6326531060696202,0.44757345533247167,0.0,1.0,1.0,0.1,1.0
1.0102489752283879,0.7656777710637848,0.6160960281555846,0.8205393006786752,0.6394385751396388,0.26886523175079474,0.4574866937803427,0.3091357313878934,-0.05020478558259189,0.05495965910308382,-0.3516637554873453,0.0,1.0,1.0,0.1,1.0
0.903085725848261,0.3379058017238352,0.9457911608544467,0.9750674998024624,1.1042594490815294,0.5739407694986334,0.7807146185966816,1.390352908111502,1.4321849361996555,1.2208665194294792,0.728706509237704,0.0,1.0,1.0,0.1,1.0
-0.6070900618006205,-0.44039601947304663,-0.584100680689474,-0.5977085550544812,-0.2499613127862524,-0.15508886812023812,-0.3158298745821536,-0.8640871036444209,-0.4732030250580903,-0.3446231926287281,-0.8730954115582715,0.0,1.0,1.0,0.1,1.0
-0.33400661036138024,-0.15671225981326872,-0.31394623245661335,-0.09331718546593012,-0.10743045491862502,-0.22363209882536356,-0.192063503762772,-0.37803087414626463,-0.4588993641944085,0.11459217523303261,-0.16026168373403876,0.0,1.0,1.0,0.1,1.0
0.4993613657218201,0.023806766559692993,0.046052385487467346,-0.3903823869577798,-0.30786653648493917,-0.3873217550089971,-0.6513741674791411,-0.9502847218894059,-0.8598713787043376,-0.291386962223085,-0.2825758688378585,0.0,1.0,1.0,0.1,1.0
-0.1245171678978697,0.6575023586639075,0.7488630889740632,0.6986539504337289,0.7538334388940707,0.04292734085265082,0.07534605017920129,0.048639054240393255,0.2542797728260659,0.043341942971294456,0.1463706407276507,0.0,1.0,1.0,0.1,1.0
-0.24445135700488563,0.00857653340237885,0.3528240395723132,0.02370993273263744,-0.5944367340100561,-0.43452308981810667,-0.5435667119776801,-0.499913185430214,-0.25903203411414905,0.04706880524385823,0.053646792833534074,0.0,1.0,1.0,0.1,1.0
0.39183863765890464,-0.08740452018889094,-0.5090047020929588,-0.2826961596137738,0.07961451755848198,0.07505282335615637,0.4223368197749056,0.41817840824673436,0.09251213795550567,-0.16263294024035263,0.3057774991581372,0.0,1.0,1.0,0.1,1.0
-1.3974852569224887,-0.7902565036055773,-1.0162546785414002,-1.0957249262779998,-0.892699877197573,-1.0307474852670335,-0.7839749398177801,-0.9138181647272892,-0.6510854248272172,-0.6433341209882992,-0.9564370145912063,0.0,1.0,1.0,0.1,1.0
-0.22054277204623915,-0.24658077988581412,-0.1538426499965849,-0.5457935616873084,0.13653143969487164,0.34090000683688393,0.7061335366754569,0.7534319058871293,0.5472426608294644,0.5369458237902913,0.5921242869276738,0.0,1.0,1.0,0.1,1.0
0.3608369721030251,0.2949333257821263,0.16345571787917376,-0.10273577460654293,-0.17482578622219894,-0.04191447054014044,0.2257299753688301,0.5275321452872344,0.64603713935883,0.7361844323323762,0.8823059659740393,0.0,1.0,1.0,0.1,1.0
-0.09396908704945603,0.29393078992597693,0.9751539562708258,0.8981820605369955,1.3794758276780545,1.5118592114442588,1.6767169993232534,1.4063434709961962,0.8763357955083293,0.3533476747430528,0.3097803731370734,0.0,1.0,1.0,0.1,1.0
-0.9952161894526621,-0.7502459531728916,-0.7711776185459469,-0.9442952270382611,-0.4624284398543448,-0.9764670948002654,-0.487192563376862,-0.7191637617840023,-1.0548587951549717,-0.8704183880555689,-0.015849466918180566,0.0,1.0,1.0,0.1,1.0
-1.1446922497200474,-0.9312175393935918,-0.9985181524729108,-0.6984021917934774,-0.8316994447105238,-0.30475920377634547,-0.2904648426602133,-0.6893413232262957,-1.14602920599478,-0.6738434872209839,-0.60738814519633,0.0,1.0,1.0,0.1,1.0
-0.008162754245759352,0.2614930430150677,0.23014224491397073,0.1838859915476575,0.024340291735202968,-0.5258226285193238,-0.2665321809554404,-0.34379751829843525,-0.5616696994958823,-0.5760327133555199,-0.22356578108517722,0.0,1.0,1.0,0.1,1.0
0.29044032087524174,0.2443635285331051,-0.14756889745840296,-0.46076818329625713,-0.11525695621374527,-0.1502034321366515,-0.18945995900906198,-0.22856188930899904,0.07815996821299212,-0.31044788622459246,-0.864196644527956,0.0,1.0,1.0,0.1,1.0
0.16782575014461232,0.14324244602865605,-0.3392362425447555,0.12249778879956486,-0.061575495756663184,-0.09761973667175029,-0.05913214833368839,-0.4139206351872724,-0.09004212254069222,-0.6947888212621984,-0.574329487310537,0.0,1.0,1.0,0.1,1.0
0.14952704673058484,0.07175164547340106,0.5021536762629225,0.9377003614589852,0.26864780313974723,0.8884656256517196,0.8269118901438006,0.8970204551773397,0.7727026576387701,0.5487827030901227,0.7591437661421967,0.0,1.0,1.0,0.1,1.0
0.14752979007431463,0.44967502391140046,0.25806999066707703,0.3655243653969142,0.1939384791864231,0.1257565779080927,0.30203241321727736,0.5325102655577518,0.9120470559193814,0.7677071956990664,0.6533137031603411,0.0,1.0,1.0,0.1,1.0
-1.1345180909700334,-0.6280836985702787,-0.827552127552369,-0.8517588567165816,-0.7305438921435065,-0.8653649542023917,-0.8321523082636013,-0.5622565134182882,0.18700251122926026,0.4490282332804979,0.439520086530257,0.0,1.0,1.0,0.1,1.0
-0.48818726164216286,-0.13519958438192337,-0.6170563156656466,-1.200118808427137,-0.9966275919675494,-0.42006981120502296,0.034355336663557,0.3643337530623194,0.37402194774203973,0.23036045874207436,0.23541332203494772,0.0,1.0,1.0,0.1,1.0
0.27927459727159754,0.03529378764754251,0.08979889987208103,-0.1897896268345905,0.22286300709773088,-0.6007635837436908,-1.1341066208935353,-0.9980028393750213,-0.7793023184998217,-0.5106828529278804,-0.3835235692672582,0.0,1.0,1.0,0.1,1.0
-0.8792855972270016,-0.8355855385414859,-0.6120695859895325,-0.7160239073159979,-0.43491453177712935,-0.3645136353548796,-0.30118295696680125,0.2542317772413402,0.32063441438049545,0.43564756844569974,0.7389928008642823,0.0,1.0,1.0,0.1,1.0
1.3577798452534264,1.0310078069605713,0.834708946363944,0.8803429215105011,1.6717895612728935,1.700632899016391,1.0777216632231634,0.7333820913998411,0.5461776859739125,0.0055480524538492615,-0.731502409317335,0.0,1.0,1.0,0.1,1.0
-0.21480084631372548,0.0183962345868304,-0.3166805578374419,-0.032942768916381315,0.09550339865547142,-0.1294030919368518,0.4891877153166741,1.3343229883399261,1.4081683107050207,0.8124461494276103,-0.10377230239978918,0.0,1.0,1.0,0.1,1.0
0.6125229544963239,-0.033801854128518105,0.3698678423479231,0.19453001633358788,0.3831272346904827,0.06638593170510537,-0.07606733016349619,-0.5972289683623012,-0.8589840629146881,-1.094400770693293,-1.150089346604826,0.0,1.0,1.0,0.1,1.0
-0.610959212742998,-0.5212271848065927,-0.15432513109387447,0.19065137698190307,0.2798375986945742,-0.30651076588232684,0.1666286852808358,-0.460475569919201,0.036393802486903715,-0.039676413528767024,0.05958858337482693,0.0,1.0,1.0,0.1,1.0
1.155176836414053,1.060848584739737,0.7907816760155056,0.3357518979180221,0.5273293042315826,0.052148543067460806,-0.3909000155904307,-0.48925592436398624,-0.3996611360730508,-0.4221354745895069,-0.2528965988344378,0.0,1.0,1.0,0.1,1.0
-0.09255373427150944,-0.0004621112448817827,-0.13031443083195451,-0.12465869270960422,-0.3526320345384191,-0.36950485388069937,-0.5094983498822134,-0.4426805382929575,-0.29168261016837854,-0.550284931729335,-0.3760087219610496,0.0,1.0,1.0,0.1,1.0
0.8449723592062295,1.257711466930177,1.2023246933082297,0.9292916690975034,0.453650651559836,0.232276073125612,0.5078525160066125,0.0027382988231675065,0.18981321131202092,0.3953767604401561,0.5669562826608752,0.0,1.0,1.0,0.1,1.0
0.44314315720258657,0.13051431278823722,-0.025616562105711504,-0.11845013918512058,-0.6229884830651409,-0.5738075792476105,-0.35895438277690633,-0.03275156807606616,-0.12443730145493509,-0.03981601762930573,-0.933314072679238,0.0,1.0,1.0,0.1,1.0
1.3335461685497965,1.1544131766449777,0.8840669977071897,0.26139309900354535,-0.12687976939289383,-0.016301841171694295,0.009977127072515711,0.020750976560568464,-0.14155473131663887,-0.05952529089235173,0.5705530807033395,0.0,1.0,1.0,0.1,1.0
-0.11448139239117958,-0.18523720170648633,-0.011824724161362182,0.13961206206729004,0.14472363552108125,-0.14371646174061603,-0.18364837730765596,-0.06798321177194294,-0.3171707931824471,0.06718506940215652,0.18547112744654426,0.0,1.0,1.0,0.1,1.0
-0.14789068055699786,0.2527647576629075,0.314341576784001,-0.17050321118404382,-0.1222833413979931,-0.5423502846010664,-0.04505189720815683,-0.1497163779125786,0.3643203823686545,0.2728805968670299,-0.14486523144039382,0.0,1.0,1.0,0.1,1.0
1.4051186663465158,0.9379598024229966,1.2342536053588868,0.9937801855816654,0.6193512842071085,0.5091536375150929,-0.005229876930364308,0.7944056898871439,0.35315419421324096,0.18586477076303878,0.19421606584169035,0.0,1.0,1.0,0.1,1.0
0.0396260592246192,-0.6729908745048477,-0.48964598351264244,-0.8823923105031186,-0.6552734934432862,-0.9646988387869828,-0.9569484432387848,-0.9534527568601309,-0.6630766239632022,-0.06847136590984948,-0.2664913714521186,0.0,1.0,1.0,0.1,1.0
-0.04964849345536679,-0.15742614013104522,-0.1588977425801343,0.09404943945075883,0.07847360973504244,0.11560944935791265,-0.11073378644874585,-0.6341218712985408,-0.43870363261804557,-0.7311092648766205,-0.3475505764063534,0.0,1.0,1.0,0.1,1.0
0.3172300362074549,-0.10576378951210774,-0.08223195464685501,0.05016263329315955,0.7996552493326211,0.6794692257503732,0.5431961298528446,0.5659088699015926,0.2930586316376755,-0.07632008865677903,0.33010414113913583,0.0,1.0,1.0,0.1,1.0
0.6460670865819793,0.42890684646183574,0.4154612374987557,0.3552530779756367,0.061459320441570375,-0.7141088510126303,-1.3340158669984494,-1.0108270563390456,-0.6720452684424162,-0.43999823438549956,-0.27687256595054427,0.0,1.0,1.0,0.1,1.0
1.3660723667053434,1.3344977813664074,0.7378298056816317,0.6213195996402804,-0.20957367974360086,0.1875858681835776,-0.349934264375639,0.21295700031306714,0.14263267879386468,-0.3871058343288132,0.0490249882346831,0.0,1.0,1.0,0.1,1.0
1.5300025452013286,0.6848756898836698,0.715845963813631,0.39102493192971083,0.7288948149065866,1.0029590024382968,0.8860752796755618,0.4464973086710109,0.06746676020274983,0.31221420545713885,0.3037478383772261,0.0,1.0,1.0,0.1,1.0
-0.29578951880566395,-0.35989317861566417,-0.4943303178254076,-0.2944338314867665,-0.30448696957969673,-0.8925361120603823,-1.386796547686687,-1.1477119979544033,-1.5702305016719404,-1.6272007272420808,-1.2662188815473019,0.0,1.0,1.0,0.1,1.0
1.5541559760425785,0.8834090315741921,0.8492286636997964,1.2408975414759267,1.381187492165333,1.188409081095383,1.0231401707862011,1.1882673681980689,1.2643429761562501,0.8389395849298531,0.23651983751489403,0.0,1.0,1.0,0.1,1.0
0.021768890698260056,0.10057212021983328,-0.1861388790379419,-0.22823343523332476,-0.03290772237023182,-0.24145027467210195,0.015095627344171025,0.05324025115029214,0.25570494693191964,0.4930470956430899,0.902097649157636,0.0,1.0,1.0,0.1,1.0
0.34493415535810845,0.4795523813678282,0.4128928354459173,0.4676664892107756,0.7975504813884285,0.871022120415158,1.1226706584944148,1.0799368998016263,0.7973919655697965,0.7802616372895713,1.395480315982848,0.0,1.0,1.0,0.1,1.0
0.5936346495798224,0.29789066026019173,0.10782344040690736,-0.3676124523146137,-0.005702293766307542,0.18780168556515553,0.01868951970570676,0.09859183938534329,0.20619657694165644,0.11253754723321285,0.05932949893673536,0.0,1.0,1.0,0.1,1.0
0.725609233361246,0.5620200012345177,0.04155417876592965,-0.17179465916192388,-0.28237721538819427,-0.021941239111756133,-0.07372794770637374,0.10873570947736282,0.14881062244716942,0.15093482486838844,0.31282272638207453,0.0,1.0,1.0,0.1,1.0
0.4574368639855213,0.303562867529907,-0.2532731084440268,0.6917210437821238,1.1497690216859482,0.5474649394817162,0.4631228172001482,-0.03995473774998204,-0.053201048038880344,-0.17099633276317472,0.5077059469308296,0.0,1.0,1.0,0.1,1.0
-1.3843204043276358,-1.366807742894827,-1.0995480793981045,-0.8558569054826882,-0.854038515260826,-0.6844326763125542,-0.4691778326093352,-1.0292994916284521,-1.4898291188894957,-1.1989315480569422,-1.253628417914857,0.0,1.0,1.0,0.1,1.0
0.19349840074137697,0.1422684205769706,0.20888003490423057,0.49178939169023894,0.2833973770354468,0.20126374321473023,0.7895788122924692,1.267228840092188,1.3199464314006513,1.1922423794679624,0.9710539891694838,0.0,1.0,1.0,0.1,1.0
0.4552719430775467,-0.2689013721216018,-0.4333923075795547,-0.12018497546396384,-0.2636608405840174,0.01924122370126513,0.07366629148570414,0.10512360657059697,0.5228459346310594,-0.143468551251487,-0.4935992748150223,0.0,1.0,1.0,0.1,1.0
0.06263077156737439,-0.008517243957412983,-0.7072314983271473,-0.8051155649356918,-1.1343731554490064,-0.8006834871644177,-0.6928010132017283,-0.5220698148867067,-0.5099475992632313,-0.6687187170350204,-0.7417320553606189,0.0,1.0,1.0,0.1,1.0
0.14803404109154467,0.09053920408874944,-0.24427611036271685,-0.345381311836131,-0.40431453131295003,0.4663158033370779,0.7804160279878625,0.9708114720313785,1.0213191943799755,1.2200776039710692,0.9638528827720756,0.0,1.0,1.0,0.1,1.0
0.9776245202089274,1.2560059054806607,0.7643098226762639,0.6698763711640385,1.1804964759009788,0.9538566060756758,0.6657278169175913,0.5032975547016192,0.4332934311335092,0.2761913884316683,0.3485967958716418,0.0,1.0,1.0,0.1,1.0
-0.03980346316567266,0.2896969758341638,0.03150215054150815,0.37977244710437674,0.06502087765533832,-0.009385522984958858,-0.007293730788061688,0.027449519488272917,-0.10188699035529368,-0.2742816035204301,-0.09719331437218023,0.0,1.0,1.0,0.1,1.0
0.7142242834931354,0.5301758241710641,0.5675018385442224,0.3556126028785672,0.18060728710791765,-0.16764627457918235,-0.4325782918116598,0.0028867126304394364,0.09215142553055876,-0.6401048261924122,-0.7373320072104406,0.0,1.0,1.0,0.1,1.0
0.29401397075015656,0.19420056190315083,0.4106625534607321,0.24004901445060042,0.35766902997216865,0.2952723450852674,0.4202774752402456,1.0346144365544245,0.5282760969032585,0.9797646249048235,0.9641102573192235,0.0,1.0,1.0,0.1,1.0
0.359857411723274,0.6743425218780006,-0.1353236696916621,-0.2529241787192501,-0.23672835603048284,0.08866818289971826,0.10859470437398247,-0.06639684412141993,-0.46682289485035855,-0.18013478197184252,-0.3835318333302701,0.0,1.0,1.0,0.1,1.0
0.41543153224966467,-0.09513897616921363,-0.3339886617790978,0.03609313275813564,-0.37690246595749854,-0.138479818801822,-0.31647713152873985,0.10836893278163323,-0.031983159982513734,0.27849054260634204,0.09573733132674003,0.0,1.0,1.0,0.1,1.0
1.102034948715516,0.7977091916561261,0.6192010872102814,0.9086019197440206,0.6325645193001825,0.8256980457211656,0.5584506139508428,0.4771905110925171,0.8030991317285103,1.0972744153961422,0.5750006473104022,0.0,1.0,1.0,0.1,1.0
1.0204076758931633,1.0420245655709177,1.1864987971029948,0.9431609820429766,1.083834640577837,0.9770285037833288,0.8870557397139582,1.1905595969346112,1.446451317502479,1.5949771211491908,0.8348548369665266,0.0,1.0,1.0,0.1,1.0
0.20768198681581176,-0.04223039527399852,-0.43036604274263496,-0.10012340003404796,0.07240020390757558,0.3183125619666349,0.13631534574813223,0.5243549269803383,0.40136518109143343,0.107181739421355,-0.03125412607377029,0.0,1.0,1.0,0.1,1.0
0.2900199186648735,0.00025951503490539984,-0.41725424965589525,0.24961528588023446,0.4526997562920445,0.3504719895312098,0.057540007295833584,-0.2838040622731894,-0.3263426028117622,-0.24107610943955726,-0.05206533350797493,0.0,1.0,1.0,0.1,1.0
-0.15075085649209494,-0.04167345709498975,-0.6031937460576791,-0.7829556238858221,-0.24863686754873549,0.5256342425719778,0.26086353884283076,-0.084985109755123,-0.5823149391662094,-0.6974458217717008,-0.728783933948296,0.0,1.0,1.0,0.1,1.0
-0.7034795066437572,-0.7266771768232513,-0.525006811796267,-0.25224005340288,-1.2676813487733254,-1.097188867509515,-1.376686272397159,-1.5598097499374188,-2.0309915238730216,-1.796697696396726,-1.253587537806629,0.0,1.0,1.0,0.1,1.0
-0.23217110398164842,0.29901261289723524,0.16982053556045656,0.563673306823034,0.19994543081688726,-0.05831527570539799,-0.1590474514889777,-0.0776971549066885,-0.2420963068911186,0.357473294329119,0.2075587988025172,0.0,1.0,1.0,0.1,1.0
0.2317376530291417,0.7505565301580259,0.025508791449831314,0.028861445779388158,-0.02138722924825035,0.3607456651836624,0.0854211351692899,-0.19197372680183764,-0.3302775808925274,-0.09900115009821459,0.26522364692177464,0.0,1.0,1.0,0.1,1.0
-0.07608672240222121,0.04125701578838016,0.33080236227243603,0.20887786294142616,0.6829467756439795,0.37459712180208304,0.6853848244809786,0.8487299021528851,0.8857213657119598,0.9089810270983137,0.5109799319228026,0.0,1.0,1.0,0.1,1.0
-1.1843956795964148,-0.9032938258804638,-0.9973536424507368,-0.7554149937082325,-0.8246471799158178,-0.8314656386892052,-1.1287889441981183,-1.1535140985028862,-1.0760752841688346,-1.1266049397592155,-0.9334837833328922,0.0,1.0,1.0,0.1,1.0
0.07783283355171501,-0.04688520132245709,0.5088135692084192,0.5131428791075751,0.34808728239741404,0.728508170400952,0.9617207849843952,0.4338152203130617,0.4446119986173261,1.04589865125867,0.3061369025120845,0.0,1.0,1.0,0.1,1.0
1.1958547645570432,1.1143922698573108,1.0813334565278547,0.6532272979320091,0.2648124781662225,0.271145217020738,-0.017505961544661552,-0.033190378903711085,-0.09834432096050298,0.34250186864173005,0.41251627704397453,0.0,1.0,1.0,0.1,1.0
2.1243040694558886,1.7924187491761516,1.2460974511542113,1.4539270183620543,1.325118945786876,1.0007743701372376,0.5246215368421641,0.46839224980175936,0.10451138366785362,-0.3672530235543159,0.0742654367560544,0.0,1.0,1.0,0.1,1.0
-0.15811737606828877,-0.22697957172935473,0.03505896713125689,0.3762255937318601,0.4425748757989295,-0.017688910878092157,-0.011485572046468707,0.45158817739868234,0.5448625550895874,0.7654487588998711,1.0465840309881025,0.0,1.0,1.0,0.1,1.0
-0.6002798094100408,-0.645195068640948,0.09528989450459668,0.22080211586039616,0.021665475419664265,-0.17691016152628475,-0.11262110091957125,-0.26668209606211934,-0.12723592454523858,-0.39701161127645895,-0.18901630059510194,0.0,1.0,1.0,0.1,1.0
1.1952317110864976,1.6125605015884712,1.4962482585692134,1.177744974162827,1.581214449665203,1.8366323526867818,2.0043330625020217,1.6478153315014041,1.721232640626219,1.7602515991211782,1.589548153061821,0.0,1.0,1.0,0.1,1.0
-1.1190408014389601,-1.4354665648751286,-0.8454415457398751,-1.3036704874390095,-0.8274411923689882,-0.7099181796138739,-0.6803529837900893,-0.4357951747877329,-0.7245105400216716,-1.2794965967013907,-0.654300725507609,0.0,1.0,1.0,0.1,1.0
-0.5680481713333363,-0.21402829576887067,-0.41359035455325,-0.46708084141806894,-0.5091370963149873,-1.3325241041095683,-1.2769700227204903,-0.7273933876531682,-0.27671770348527075,-0.7375187214881314,-0.6596931464987257,0.0,1.0,1.0,0.1,1.0
-0.11021682580202463,-0.5461793250634074,-0.21930960925871984,0.11372376399175965,-0.442305433180028,-0.5458162963734433,-0.7091142294720687,-0.9871672389899819,-1.4459884259754565,-1.0469744622339354,-1.2448874667496912,0.0,1.0,1.0,0.1,1.0
0.4694869076705014,0.2585425500044023,0.038761036476212596,-0.015322178874747044,-0.030498288952640455,0.1763313950779721,0.5442653870987297,0.5530393931104706,0.9028999237791631,1.1373570755588256,0.5410938316540419,0.0,1.0,1.0,0.1,1.0
-0.531018179827715,-0.7833900954155839,-0.8176343823385169,-1.1636333445910076,-0.8637577582324996,-0.8439599970013689,-0.6540816331979402,-0.6472510264480335,-0.47001418198466255,-0.15819366270597546,-0.2708522540912174,0.0,1.0,1.0,0.1,1.0
-0.3401772200554096,-0.30682146676824557,-0.3505975304202828,-0.14967909678089386,0.09245840479912396,-0.031096239418011748,-0.33730840629239967,-0.16818066070749005,-0.32801415468516737,-0.3315039533497517,-0.1303125856376335,0.0,1.0,1.0,0.1,1.0
1.0404594079572704,0.5948949843623874,-0.29955477725243707,-0.8194625051734379,-1.045625183073074,-0.420131476915944,0.19532444352460482,0.5045184671285203,-0.12329274331800494,0.306356547964584,-0.15065418595234642,0.0,1.0,1.0,0.1,1.0
0.019067242274786317,-0.14959369342972734,-0.36931089164741326,0.5963620333715581,0.8960342173690389,0.5526090429654139,0.3945102507468774,0.3361416567195544,0.8824063213625353,0.48735692724252305,0.22612788412642,0.0,1.0,1.0,0.1,1.0
0.33505619169782414,0.10985343281302778,-0.22667707184281016,-0.3259104680344614,0.007938900598767673,-0.4033013367525026,0.15043233935866807,0.18135003737009034,0.21709847977490335,-0.0041016882924247156,-0.06548782102197513,0.0,1.0,1.0,0.1,1.0
-0.4450977635566349,-0.20904041099338388,-0.444343114183549,-0.10884856961486905,0.18121221487265654,0.3216618636983347,0.6037521157959029,0.3100651289762444,0.20048191780138883,-0.15538748630444507,-0.37873830098128736,0.0,1.0,1.0,0.1,1.0
1.6242883885740107,1.5803872088268305,1.8009524700124844,1.4663679747161358,1.3990467842506307,1.04831746293411,0.8904362030389467,0.7246190870642016,0.5165795060619205,0.4740939422297314,0.3830391963113228,0.0,1.0,1.0,0.1,1.0
-0.08868219471277457,-0.2550611502014455,-0.40284553428529546,-0.2681597575393927,-0.6236607917743581,-0.928443406796448,0.18444855755667766,0.6125360245320167,-0.04412827618205162,0.036620780916832005,-0.5545520397887034,0.0,1.0,1.0,0.1,1.0
0.7570078024452472,0.5423615503854662,0.6599826007996217,0.5173165434305445,1.035779577836323,1.2667343430414326,0.8006918763343065,0.8411600460513681,0.22490984536849445,0.1474501548318811,0.3604360161926933,0.0,1.0,1.0,0.1,1.0
-0.32750729260060557,-0.6101585779317822,-0.6529108982536477,-0.902444593920166,-1.1353773115989754,-1.4333031329339825,-1.5566720665151816,-1.2892811951374161,-1.1769898846202103,-0.379255741231327,-0.2455656981322037,0.0,1.0,1.0,0.1,1.0
0.5252497085362708,0.40699016596070126,0.6534240176161112,0.46922673277733185,0.6494203627952929,0.7065227235260573,0.8920077999363446,0.8370302460764059,0.5395389916879347,0.6435387446865029,0.6094308924698345,0.0,1.0,1.0,0.1,1.0
-0.4185914630591573,-0.5074293136255474,-0.29715997669950145,-0.7642047080844719,-0.5284465400825576,-1.123574935972257,-1.218664014368839,-0.9845573119540945,-1.4871450067151555,-0.8571779148399138,-0.7955952249507574,0.0,1.0,1.0,0.1,1.0
-0.4418160048401306,-0.29799301196169703,-0.2624475445147925,0.13142307453148558,0.25086517172964223,-0.16031515190176454,-0.5600937433684242,-0.030710265481360466,0.7824958884075925,0.4542421324708252,0.45906770258599644,0.0,1.0,1.0,0.1,1.0
-0.0829031427036065,-0.2169971057831752,-0.21463855653433414,-0.1876152161334408,-0.32906433737848595,0.12569639933917787,0.16076983852848775,0.10910850983077199,-0.054672758088718645,0.34733056414559027,0.48568213487318357,0.0,1.0,1.0,0.1,1.0
-0.9956876820349799,-1.0772426204039993,-0.6128226300437576,-1.1156289320713813,-1.4142539522526376,-1.4740050869997965,-1.3435896432343017,-0.43092306177649464,0.3688114194512594,0.29590399974370923,0.23428590682397804,0.0,1.0,1.0,0.1,1.0
-1.165613943461582,-1.248053229146673,-0.8614115004159013,-0.5590821996797215,-0.4045597844995884,-0.24669812582033956,-0.38258659986825483,-0.29658488934859617,0.015006823849706474,0.45394268340852983,0.542947266623725,0.0,1.0,1.0,0.1,1.0
-0.5320561323209735,-0.5179151709368728,-0.12680239837450896,0.13581433079039434,0.1094808390665374,0.5051928555198335,-0.016406273240692604,0.08852483900476671,-0.13911520207283434,-0.3581177036884722,-0.5531434368034824,0.0,1.0,1.0,0.1,1.0
1.1371369531117248,0.6936238536607913,0.4657726044032222,-0.4799081766845736,-0.48492363962352,-0.7235658357941784,-0.3563196468317824,-0.397825036987246,-0.588280284702183,-0.4384697376615819,-0.638335136388679,0.0,1.0,1.0,0.1,1.0
-0.9319826802221552,-0.9011569939587013,-0.6003759584649024,-0.6762677861931248,-1.0273395444658588,-1.1307036053037818,-0.4950781075192454,-1.0904393489269997,-0.9262756519698052,-1.043537552810772,-1.2527610508164906,0.0,1.0,1.0,0.1,1.0
0.4314939707793485,-0.0489013838646114,-0.02297190401106741,-0.33623381405467195,-0.08884001687749371,0.30259435906214904,0.40210096480927904,0.5683052308412702,0.5071252373403294,0.20734181229303092,-0.08039897938898813,0.0,1.0,1.0,0.1,1.0
-0.39571982348207885,-0.48615863067349063,-0.7336011112285661,-0.8028637489606474,-0.4393522428282301,0.012568272475683373,-0.2094993083510287,0.18444126710402264,0.04327178702270294,-0.05307243253992198,0.48583070469228806,0.0,1.0,1.0,0.1,1.0
-0.26831155471261164,0.3142114838127744,0.5374264839989145,0.5982860113363857,0.5236918172625953,0.6254099117284956,0.9296421031582319,0.9599361087438749,0.9227402437579236,1.292381424294263,1.475216395701521,0.0,1.0,1.0,0.1,1.0
-0.871946615798401,-0.6349152330508819,-0.7957513408199975,-0.42453319927559324,-0.3735489927138476,-0.9451579017742653,-1.2095787595824081,-0.7419571211493948,-0.7015865950457995,-0.6781426891963399,-1.218932487156512,0.0,1.0,1.0,0.1,1.0
0.5783684084869748,0.8478112917139908,1.428126642803306,0.8775703443294671,0.9085961340101317,1.178980495078659,1.2041645165093775,0.6575013485324132,0.6231065529978825,0.77448253217893,0.5403177117208253,0.0,1.0,1.0,0.1,1.0
0.4996525407058093,0.5772167366398129,0.28155058364185787,0.15478768003524868,0.6191233881047282,0.3797343618032386,0.5670564879762375,-0.2836809252917749,-0.28128572423304854,-0.2512479010640769,-0.4191177492283903,0.0,1.0,1.0,0.1,1.0
0.8082069517147583,0.43165621672472126,0.17177742535780588,-0.06732764009547318,-0.06847043382379164,-0.42239381884842836,0.07649026431084416,0.1287388555453322,-0.15628133910108144,-0.27483330886428836,-0.01180299460589651,0.0,1.0,1.0,0.1,1.0
-0.6093244887653859,-0.8478902962310171,-1.0100616424960622,-0.7584159234163722,-0.5878198038589535,-0.4363950443298846,-0.6151092389017663,-0.4826646362825685,0.06645593544767509,0.29100957887694434,-0.16778455050928281,0.0,1.0,1.0,0.1,1.0
0.5196922383086932,0.11380590731489992,-0.6712270328114982,-1.0869036298432122,-1.0267424179042801,-1.0208977506775136,-0.9580384214674985,-1.2267398355412715,-1.3006267138669865,-1.5076543879555289,-1.1480831487010295,0.0,1.0,1.0,0.1,1.0
0.24609926328538623,-0.03962064301691534,-0.21343598382731316,-0.07729308921836935,-0.15851849082667072,-0.5335581155699882,-0.9960717280980418,-1.2943785122780094,-0.521361763503925,-0.6338451509412181,-0.31118948430498244,0.0,1.0,1.0,0.1,1.0
-2.0808220968322066,-2.5127316256962264,-2.0496002496945773,-1.5941112865356224,-1.3076552057289332,-1.1227028562842758,-1.2009515284339296,-0.9793663109275351,-0.9347463186020561,-0.9539387068293779,-1.0731885476216019,0.0,1.0,1.0,0.1,1.0
-0.0875538182851913,-0.40303627552713944,-0.6635404730571326,-0.47905232900609984,-0.28871299006012074,-0.3993431180138465,-0.49518613217714574,-0.629140628934785,-0.7412101489861099,-0.9481237993927679,-0.9800729398061886,0.0,1.0,1.0,0.1,1.0
-0.20686799638583878,0.36165083990059066,-0.16407106843260866,0.3760864930465949,-0.12485055294384445,-0.10658687176026187,-0.1601453684004696,0.1276538368160481,0.22188766026658957,0.24147312050441924,0.5247745303954219,0.0,1.0,1.0,0.1,1.0
1.4821143350986081,1.3959234441010222,1.3236277429742216,0.8344655054592757,0.4931646292403559,0.20133306858507843,-0.24411458799393776,0.27064245883618465,-0.011249440099163094,-0.5646846294883568,-0.5261316062458841,0.0,1.0,1.0,0.1,1.0
-0.216319396695484,-0.6912174653069543,-0.3830522247624638,0.3896735491555569,0.2796618610085096,0.4551751834537555,0.5577246134784224,0.6521278621983495,0.33097783090220023,-0.11714763238260828,0.02370037705062937,0.0,1.0,1.0,0.1,1.0
-0.8981384365170503,-0.944973761504856,-0.6125937520294855,-0.9434364769990691,-0.6537002601094435,-0.5518050923594159,-0.5291945817945545,-0.10494688870349833,-0.22915977369601964,-0.4151857660476582,0.0787878123407747,0.0,1.0,1.0,0.1,1.0
0.7759226228381024,1.292748065877387,1.2956361935737302,1.7912519785771397,2.3107309421412006,1.9542105250936592,1.8750299708836229,1.952903495521572,1.7581538060941417,1.2681717473024268,0.729507021064915,0.0,1.0,1.0,0.1,1.0
0.4823474118756171,0.5148232979854424,0.7034354566451028,0.316377467873027,0.6409290128216872,0.36345210625739843,0.29838109381117695,-0.41981398622269045,-0.4951005382142004,-0.42776157531154896,-0.3104394465995574,0.0,1.0,1.0,0.1,1.0
-0.24521650127198516,-0.2416224831778617,-0.10571434721118249,-0.18701609925523455,-0.17624206146673246,-0.4220784009350489,-0.3476066358141716,0.1262119741641839,-0.1629393162213294,-0.4285375810332277,-0.8258428000869467,0.0,1.0,1.0,0.1,1.0
-2.061787682551782,-1.992821825345573,-1.5818590023474808,-0.9058433421397999,-0.22728239591158295,-0.29857249110208195,-0.12186332513648696,-0.2871383625731807,-0.46050954179617365,-0.47199134859707503,-0.07903551581541668,0.0,1.0,1.0,0.1,1.0
-0.1315852874290925,-0.1456778873854704,-0.03015362954611274,-0.1801540736329355,0.1743942179804312,-0.3948169323492827,-0.5086584778829717,-0.5636483304192691,-0.8733571386677808,-0.8851407123356019,-0.25344540996750975,0.0,1.0,1.0,0.1,1.0
-0.9601557293572174,-1.1331611410186375,-0.8462566211920537,-0.5256871134894278,-0.223116775862491,0.2959948573860083,-0.17054600449916468,0.5396979106434373,0.37370211629971667,0.07130647086172809,0.74387850417767,0.0,1.0,1.0,0.1,1.0
0.22016562029048273,0.012896459959839374,-0.11733040276501328,-0.4330963616761885,-0.545747904683228,-0.6026443314310426,-0.540480874266272,-0.6448099080053938,-1.3109859272387188,-1.349681773059842,-2.0621794252301644,0.0,1.0,1.0,0.1,1.0
0.6666343945689034,0.0781552376937873,0.4695150264677711,0.12739268987654118,0.5298651551893923,0.5326757810073262,0.9433629571856657,0.6493376255250817,0.624575872705431,0.1362994826694615,0.6510533153657758,0.0,1.0,1.0,0.1,1.0
-0.8220553378059633,-0.6326137176490179,-0.46931930751196504,-0.7224330125377126,-0.5303284933223005,0.0024185331603755467,0.34425748498681646,0.8215198250010707,-0.08923091943909078,-0.1151912502088342,-0.5256444255944729,0.0,1.0,1.0,0.1,1.0
-1.5274343739021021,-1.4383000304481852,-1.4823660803245655,-1.2122088435856984,-0.395039327423385,-1.019747792658303,-0.794908561542884,-0.7233726667744851,-0.8585293540372669,-0.9901818902247854,-0.23360611734210757,0.0,1.0,1.0,0.1,1.0
0.5035282375339232,0.24486157342774734,0.7508412771894176,0.2662542396500832,0.30028199610181167,0.6223345418610008,0.995987326273253,0.9077590166688024,0.6239833508774298,0.46361805241459775,1.2001789983187416,0.0,1.0,1.0,0.1,1.0
0.170767222302229,-0.1346531234287961,-0.3147108822407633,-0.22150106717919255,-0.45472755227238204,-0.519711090867911,-0.12006582803825139,-0.8240599781359335,-0.9064680722163188,-0.7344807450643306,-0.6799347968666889,0.0,1.0,1.0,0.1,1.0
-0.01482614207367142,0.30006607604511776,0.15257518021048366,-0.007132466159454398,0.5721938919463883,0.8615653327341952,1.020364627012045,0.6791642147444311,0.20860311363837752,-0.0017799516227348933,0.48017546113993476,0.0,1.0,1.0,0.1,1.0
0.5740238900347733,0.03413959538758382,0.36325221900472077,0.0554097985422356,0.190199563945241,0.16332954581086892,0.49998500030675064,0.7194616717129566,0.773684219870743,0.8106292619175682,0.8997904277992131,0.0,1.0,1.0,0.1,1.0
0.6840156851363112,0.3677830731069084,0.506921822276402,0.7670951543956729,0.7472567512946343,0.7556512112092181,1.3671093517417021,0.6300714411073162,0.5201306802035224,0.2764501948062935,0.18314439710513353,0.0,1.0,1.0,0.1,1.0
-0.7473856370870368,-1.1580005963096012,-1.047153592382548,-0.8034949145347381,-1.2311619091765342,-1.1639655831947573,-0.8995849349249114,-1.2020968731499204,-1.065674193746325,-1.7466188275898649,-1.535167175627006,0.0,1.0,1.0,0.1,1.0
0.30334625454689035,0.3853358072061427,0.4018778251552266,0.010455594289369374,-0.21363190480837327,0.3557384415838301,0.4614986910807749,0.47696680730893465,0.36264803483918195,0.7963835490698867,0.679706026138304,0.0,1.0,1.0,0.1,1.0
-0.8473085515844421,-0.8709309451269907,-0.35063878479208377,-0.08042887790497538,-0.35141486130186855,-0.5493296545955189,-0.5353174204710828,-0.6617855294575369,-0.2034422633339234,-0.2779928396109551,-0.6726456543833877,0.0,1.0,1.0,0.1,1.0
0.385436712510942,0.7574751575870304,0.8988508360304311,1.2442060816477376,0.6252463334829061,0.1240966285960256,0.5249197312577412,0.014556466740246854,0.2971566662351955,0.469046452333261,0.31985546044261204,0.0,1.0,1.0,0.1,1.0
-0.1881861795418575,-0.3445454220159528,-0.3588387606044973,-0.2959557365971976,-0.20733643536245938,0.07575476143999868,-0.08521750714546361,0.10425572422432178,0.07190210808419874,-0.21219100160039445,0.09582560651082175,0.0,1.0,1.0,0.1,1.0
0.42595884331040157,0.14236279817939398,0.1560824545700153,0.017631167331683018,0.065685290847863,-0.00771438260277655,-0.2535220000981351,-0.6251958156122053,-0.020427334685737764,0.07604887795279205,0.29038090863753857,0.0,1.0,1.0,0.1,1.0
-0.7924045414324097,-0.6101310958503983,-0.449346408700214,-0.2957060944631754,-0.5959641169313993,-0.6001965331473793,-0.5111993002066615,-0.9649602164628674,-0.88463443763895,-1.0651004707382095,-0.8136539144506748,0.0,1.0,1.0,0.1,1.0
-0.4730257701250354,-0.24362794746971841,-0.12180535901224428,-0.19009073520568404,0.20973440294219647,0.07901972346398893,0.2650607934165402,0.1730616389409848,0.303101842830575,0.5964420574341117,0.983027867471814,0.0,1.0,1.0,0.1,1.0
0.46254327219360675,0.2422532553250786,-0.07349097230578389,-0.15490323485864765,-0.18939436145180377,-0.19465798144320415,-0.04578705719116691,0.4554828640034843,0.5699916866736976,0.7125578986712024,0.24091698860726385,0.0,1.0,1.0,0.1,1.0
1.4304027342061298,1.359342770626878,0.46589059412259926,0.6852292554588585,0.8477558734620037,0.6801362162182353,0.84296888964559,0.8044656213060685,1.0091230492053564,1.5010313707049547,1.6345751075886814,0.0,1.0,1.0,0.1,1.0
-0.4734464490142809,-0.436368599130847,-1.2446729660030085,-0.4126478281217827,-0.43231710805146656,-0.49388636678985165,-0.4017605589832159,-0.12366169103224078,0.04585414789587808,0.0069116823434619695,0.5825909827435874,0.0,1.0,1.0,0.1,1.0
0.21321128867588124,0.34203691324783747,0.33904822039622673,0.14325456693748487,-0.11861973196747638,-0.05099018762948183,-0.02321621924554503,-0.1488365848608192,-0.7351596965689167,-0.7232683018337509,-1.082693095275753,0.0,1.0,1.0,0.1,1.0
-0.1287646824761545,-0.425969770721097,0.08636557113001231,0.1270056842580164,0.3168620054248535,-0.27901575433354076,-0.2972520891612056,-0.24991308756428265,-0.34946480586241035,-0.6467715540775876,-0.9367616254141445,0.0,1.0,1.0,0.1,1.0
-0.4418315348360837,-0.6253137581635229,-0.5460350225786876,0.1558331249190838,-0.019964243878712873,0.32892990590000587,0.651327949082911,0.031142575467244527,-0.1572955765069617,-0.24922828067480746,0.19810094272264506,0.0,1.0,1.0,0.1,1.0
0.013747645221563527,-0.23593130184314667,-0.43281698113113154,-0.9912949200926082,-0.8288529104020514,0.07659963808179215,0.24987234435141634,0.1495236329775726,-0.06291836191611838,-0.17447926513414388,-0.4694965797530248,0.0,1.0,1.0,0.1,1.0
-0.30568269634937206,0.05545069363165317,-0.30937522290461816,-0.5662746122719177,-1.115477213327496,-0.9821868560317488,-0.9561182849916844,-1.4690174200036452,-1.338898969078732,-1.362752471236798,-1.2278126971838255,0.0,1.0,1.0,0.1,1.0
-1.0299448314177473,-1.0759319115209183,-1.0541393933623606,-1.2134835776282669,-1.0495535485656469,-0.939457459103115,-1.0080351716729423,-1.3286936145223,-1.2012330550196768,-0.4842450954675904,-0.7937464523806121,0.0,1.0,1.0,0.1,1.0
-0.16649256215490352,-0.3647232245677694,0.4175800705597698,0.4957331875128023,0.6388256193549071,0.8133243875518016,0.030906498114798064,-0.10348235377886797,-0.15314675993890237,-0.21294406164585244,0.0022474846363333967,0.0,1.0,1.0,0.1,1.0
-0.2592438788130651,-0.020146991482697274,0.04447334834526352,-0.346650374657806,-0.15647103047961272,-0.8360632819895284,-0.9425743930634338,-1.1312451300133173,-1.4511073447483795,-1.2910501307827522,-0.8339099665592666,0.0,1.0,1.0,0.1,1.0
-1.2028815006685871,-1.304476184598574,-1.2844808705612372,-1.3029019970663815,-1.204690631869197,-1.101043179242558,-0.5841121234789506,-0.42248239019960254,-0.015039054817078623,0.16655263357041344,-0.19092913400094844,0.0,1.0,1.0,0.1,1.0
0.004962665334128974,0.43503477828639286,0.400400908007536,0.7958507535003003,1.436539783855205,0.9510944216946695,0.6590970455516292,1.146966113027537,0.4886310234989576,0.41277953172213366,0.20890185206570636,0.0,1.0,1.0,0.1,1.0
-0.22995654879211,0.2839400984151095,0.3355505508988901,-0.3889018338860024,-0.373743898370859,0.12793866675609544,0.36865361564147586,1.0138607120761407,0.9570501359169734,0.7359102080675568,0.8121631717278854,0.0,1.0,1.0,0.1,1.0
0.9507000150383436,0.73813788050033,0.6856923435446457,0.3128237485229978,0.5060513803348564,0.8374985890277815,0.5155501641313656,0.5055866878904991,0.596375849592875,0.7200437530309399,0.3844653027884726,0.0,1.0,1.0,0.1,1.0
0.8322287824977229,0.5426960223906073,0.7696227725739525,0.14560933390652453,-0.004113639089506987,0.3806305928258269,0.13520838577463282,-0.09124071818646534,0.07806281455433188,0.4868430631036715,0.6011142910182969,0.0,1.0,1.0,0.1,1.0
0.21933447598756234,0.20412888541905497,-0.21274054787378593,-0.6349497721379332,-0.5886936041067764,-0.810627086884026,-1.061184091214771,-0.5454186235140832,-0.5237788841276804,-0.9814198534043302,-0.6511882911784224,0.0,1.0,1.0,0.1,1.0
-1.037945017402904,-0.8261848216835479,-0.9032344553173707,-0.5259816231965257,-1.0721014878169963,-0.5763459337460728,-0.7523032363837924,-0.5937820567406797,-0.9887957113869748,-0.39338988194255536,-0.364187470404794,0.0,1.0,1.0,0.1,1.0
-0.19145068663629713,-0.35106828882553476,-0.678781219758709,-1.0439164244050676,-0.7561566655256683,-0.7844069905247171,-0.9576172573805983,-1.132645890800496,-1.3980429791826587,-0.9158650267707011,-1.1323970367937681,0.0,1.0,1.0,0.1,1.0
0.6086739560282869,-0.29738431495365925,-0.5353530008121165,0.018169931086307323,0.10458310907729824,0.1629788407282004,0.1015811933810627,-0.18768428336930332,-0.04281377096627398,0.011946987472621642,0.07663602295419022,0.0,1.0,1.0,0.1,1.0
0.8876963340404953,0.8661967705867446,0.18729933810155108,0.3143285925751622,0.2897765928470207,1.0940343431122237,1.1664415040996623,0.867864380046836,1.4988282506472026,1.1592923125113388,1.0344563191315512,0.0,1.0,1.0,0.1,1.0
-0.33464858870470077,0.006416804979734236,0.37307222698044185,-0.001380334061498345,0.16247668645872948,-0.015762601879870386,0.3114642524594794,0.31301870806065446,0.0614905080926213,0.13600601318948513,0.17008064861732602,0.0,1.0,1.0,0.1,1.0
0.17524720062176724,0.04968337197247161,0.2631029137105978,0.2522046426573189,0.10919360077459786,-0.28569708099503877,-0.08499046749162262,0.035118669370196365,-0.2048322019263858,0.05007998922339843,0.2263350523211194,0.0,1.0,1.0,0.1,1.0
-0.9507424287020223,-0.8567752468527329,-0.8748658982755799,-0.7837597142152418,-0.7397705832185539,-1.3289748142108404,-0.14184352013286383,-0.08588756477331438,0.4192689452756144,0.309975711614891,0.6618357828559183,0.0,1.0,1.0,0.1,1.0
-0.9495120949824817,-1.2893007947550017,-1.127563923222721,-0.99333495172882,-0.7316739710790308,-1.1743007353219643,-1.1752537977289792,-0.5432234684210835,-0.6607804849029961,-0.7672783465485502,-0.6457842251326851,0.0,1.0,1.0,0.1,1.0
-1.2867113797089982,-0.8382223193047484,-0.6111572560355774,-0.9044585584073945,-1.01687213404798,-1.163293955654928,-0.8832810625663174,-0.6734636540316797,-0.2044516795981517,-0.6469765859135922,-0.477520811124295,0.0,1.0,1.0,0.1,1.0
0.6058143852846614,0.24592356491775352,0.9627624472673448,1.0149741626254976,1.4972199199037874,1.4367387717487452,1.551217501490387,1.4522423719276067,1.4223831736669479,1.8431265420545624,1.8778149607094112,0.0,1.0,1.0,0.1,1.0
0.3340500637121338,0.5278073146051526,0.37716120009861187,0.2998722991902235,-0.08110238092710553,-0.058391902502829024,0.03401436358690915,0.1928993406269239,0.5927587086303725,0.4109105674893107,-0.10597481229916406,0.0,1.0,1.0,0.1,1.0
0.01849230799827741,0.2839267334810193,0.6289688592967022,0.335843416061926,0.11645384150816876,0.35412803416295635,-0.009338759993904822,0.8462949464895217,1.2005793142355687,0.6785404395503774,0.6054041223268608,0.0,1.0,1.0,0.1,1.0
0.6698216497825952,1.1248586125490345,0.4304524475520328,0.13162023751030694,0.024934609656433765,-0.44636175864521227,-0.013722820734176078,0.19697672538986244,0.17737638459098953,0.5490030831087607,1.0627008264201108,0.0,1.0,1.0,0.1,1.0
-0.6934562046372853,-0.3199611056743682,-0.631245182596331,-0.5967912691430699,-0.3482488023018786,-0.08199757169563648,0.014107085621037171,0.024481580427645568,-0.32721375453404916,-0.08911576273250793,-0.3628181748231238,0.0,1.0,1.0,0.1,1.0
0.0839904392351733,0.5792918748530054,0.34895625386020906,0.49612193782053193,0.9321145429478126,0.8703811110288967,0.5046630613932881,0.4028190927744852,0.6133850275699708,0.35761908493291716,0.3877965667002037,0.0,1.0,1.0,0.1,1.0
0.14401244714555433,-0.23175355024187647,0.10196376442121968,0.4929224875755178,0.3583447320023986,0.4371146338705503,0.2906505234874597,-0.08001513964778917,0.11131051593675773,0.2637836828627751,-0.2193467678023979,0.0,1.0,1.0,0.1,1.0
1.0361998062346478,0.7251247806094587,0.6023832547013844,0.5350143530958786,0.6457022941407076,0.8881327866703342,1.122635092184244,0.9946698878362247,0.6084086869825336,0.44894852480531433,0.6765860630716418,0.0,1.0,1.0,0.1,1.0
0.5671849279205217,0.6554514191735143,0.7199379496323435,0.47566069494267527,0.6157987208973672,0.5774938393628589,0.5712622110872819,0.3414914904127916,0.14833502748686048,0.23359439950776045,-0.2671700383656848,0.0,1.0,1.0,0.1,1.0
-0.3361070604910092,-0.12411505026555289,-0.21031113139526625,-0.6681978668349716,-0.4625257890148442,-0.48156344067335627,-0.3448426235418548,-0.25515585487366393,-0.23977639707854484,0.021941149992906528,-0.0955624791452338,0.0,1.0,1.0,0.1,1.0
-0.5843169144705662,-1.004895310121157,-0.9027341209808467,-0.9105950525794344,-0.7982631481547479,-1.1280768816790037,-1.1447954188341465,-0.9167601810043556,-1.0294463125280133,-0.8718312922724667,-0.1739076988324918,0.0,1.0,1.0,0.1,1.0
0.9606092063941368,1.265599321822856,0.6699184804383753,0.9810030079388247,0.7449938991256871,0.006525399596048143,-0.20449859071684315,-0.09380258287270771,-0.2841889077022708,-0.5865780996473229,-0.5253891664009556,0.0,1.0,1.0,0.1,1.0
0.7565543117145743,0.5064349789164317,0.6611249267054082,0.3490299866303783,0.7531450038846337,0.6581105086183127,0.6114581198232157,0.583546298783336,0.5531152369966829,0.7373089558847762,0.9211958258869188,0.0,1.0,1.0,0.1,1.0
-0.5324132170647854,-0.5058103459860838,-0.12993464973410596,0.0781126785986321,0.1940685081255425,0.41601232000743404,0.6100471077767118,-0.04455913030396108,0.42202360092187646,0.9878208419431904,1.1088679418795302,0.0,1.0,1.0,0.1,1.0
-0.061348688951994405,-0.6274898340597188,-0.49101642351985636,-0.2174506022163964,-0.15473064616591778,0.09710561902964068,0.6869460635699142,0.2336574036577479,0.10887156293259026,0.2638140435881862,0.5127907123093454,0.0,1.0,1.0,0.1,1.0
-0.07429671942147184,-0.304367135364967,-0.3742474311648679,-0.026934279209343104,-0.054453788664306634,0.08194112064796644,0.2321210391776802,0.7191028026291031,0.7733953439869218,0.6024821113098449,1.2474988711417154,0.0,1.0,1.0,0.1,1.0
0.16228120327990408,0.3533939396689354,-0.5296367721655071,0.32459565602995466,0.5638628736685813,0.21155128636900444,0.17683837708451516,0.2980717964460841,0.38264459187220085,0.5498832047275677,0.09388618270114407,0.0,1.0,1.0,0.1,1.0
-1.7147784603968768,-2.2791217839222453,-1.5241282727758163,-1.3412067710310223,-1.615309318025278,-1.3143543455229323,-1.3708948141273716,-1.4557346686247854,-1.2291338212914042,-1.2957868701759687,-1.2649483439196005,0.0,1.0,1.0,0.1,1.0
-0.2472808323949425,-0.4526175961454184,-0.319043134702801,-0.544454825118416,-0.6675216383287028,-0.76163035647361,-0.6930188037981541,-1.0571436595933537,-1.0715425938125793,-0.7844969059976551,-0.923283154131969,0.0,1.0,1.0,0.1,1.0
-0.21819104166506992,0.14181616715775525,0.3448527728437776,0.1577789241231509,-0.34067622386103713,-0.20018616623201269,-0.09221534447498006,0.24044459488072273,0.24368760716540286,1.0424983040723235,0.8190027845679264,0.0,1.0,1.0,0.1,1.0
-0.2828669933893265,0.03800804434413624,-0.3682323223986238,-0.0725901354874735,-0.1262753432998058,0.1090655515303766,-0.047934489931562824,-0.23206896485111947,-0.16962439782442687,-0.12523271725305468,-0.6820289433508736,0.0,1.0,1.0,0.1,1.0
0.5718398152825078,0.7083522394008015,0.6197096150706967,0.003008072177935417,-0.2575692944600511,-0.01175133382279367,-0.1814764977867876,-0.333084612497568,-0.603986191461429,-0.4796700775610982,-0.10721123003380917,0.0,1.0,1.0,0.1,1.0
0.47918534773168187,0.120150389402218,-0.2744604547954964,-0.22711368856433334,0.25458437270441103,0.6542169241974061,0.3740740913555485,0.3186641050726155,0.811271908839845,0.45833274684687186,0.39758823664931614,0.0,1.0,1.0,0.1,1.0
-0.49668301072880083,-0.6841940960474691,-0.9923591011898756,-1.2100400601340509,-0.642004903856965,-0.5077457932401893,-0.2547761430833424,-0.60977203528581,-1.0147836415240516,-0.5711033162326257,-0.9296952339934568,0.0,1.0,1.0,0.1,1.0
1.6512538145321707,1.824935860768264,1.3010751982072535,0.9135411616618287,0.4204868475215261,0.5339819987165766,0.32011157866801165,0.39087605092706607,0.32035385237580233,0.4347081286524354,-0.01643452651267896,0.0,1.0,1.0,0.1,1.0
-0.8801848202528734,-0.8378408785395385,-1.328850153559105,-1.1980569881659415,-1.5783443342441703,-1.6360471045991583,-1.758239019726163,-1.4801639922767353,-1.187184666886179,-0.7091497626607153,-0.8097102597177774,0.0,1.0,1.0,0.1,1.0
-0.6018509187045769,0.05323466911549324,0.04853978777363518,0.1926023131438774,0.14314181584983218,0.3858595839047746,0.721646516818901,1.273075447962837,1.2423999671153045,1.4411977857694815,1.2187073790246057,0.0,1.0,1.0,0.1,1.0
0.04061300947959399,-0.31292002979581085,-0.10950844135343926,0.40426545250288737,0.15194575792297196,-0.11368078127751474,-0.9888725214476582,-1.0408302799809563,-0.790715871971645,-0.5848110731631219,-0.5912321953568814,0.0,1.0,1.0,0.1,1.0
-0.7430815511461394,-0.41131679233328666,-0.537806623512724,-0.869093455675798,-0.6114873578805312,-0.8268907527931073,-0.1948969971440344,0.29704979244607216,0.360179117584243,0.24956383978940014,0.7154121858343729,0.0,1.0,1.0,0.1,1.0
0.39141948122045056,0.2198265942082,0.21164670557972015,0.43083573268421593,0.5940700382698411,0.138692155035871,0.05501242630524457,0.39783088108832504,0.6248460479762455,0.6435410979192377,0.8403601648747003,0.0,1.0,1.0,0.1,1.0
0.625609569501458,1.0776935260596125,1.3087789103007412,1.2712535067516184,1.209127230937782,1.420251569378159,1.1357396245491402,0.2647839532102727,0.13306932018012513,0.13673516787611303,-0.1887133107361014,0.0,1.0,1.0,0.1,1.0
0.7068851945689196,0.35489847010031306,0.7330906271894004,0.5859260374050473,0.5009000175272726,0.35802475811761963,0.4162790706056867,0.19054867961942065,-0.11764736364909115,0.11902158305753234,-0.2981243114144231,0.0,1.0,1.0,0.1,1.0
-1.3199058659908067,-1.5215685656608766,-0.8025310306820537,-0.8883917889743802,-0.5458651471912319,-0.8647101527334566,-0.904698567172335,-0.44158866882111836,-0.6812105205099549,-0.9003337011130109,-0.8399438090999588,0.0,1.0,1.0,0.1,1.0
0.09212811687733134,0.0463292584843391,-0.004271419917939431,0.5365731514731975,-0.07973052996455965,-0.02418488816369123,0.21342474044573853,0.04301142699399141,0.42712481810027403,0.2563500214204427,-0.07169443719971874,0.0,1.0,1.0,0.1,1.0
0.23276296595338644,0.1281076289340389,-0.08248785346115826,-0.2536180228650828,-0.11397521334975808,0.4566139752920473,0.802326231115772,0.8287298749358135,0.23292854889678694,0.4954594395143638,0.13957364475167272,0.0,1.0,1.0,0.1,1.0
0.09613375232132174,0.5189998748412994,0.7053515961263326,0.8036315281395435,0.6033913301232975,0.1978343772245777,0.2805405131082693,0.7629468617629398,0.7505341773846052,0.7424514756256558,-0.16983260324533989,0.0,1.0,1.0,0.1,1.0
-0.035467726983605403,-0.02400609917153264,0.0681297435418524,0.16048286013100002,0.5676504790319119,0.479892685621017,0.26314028434420556,0.9109852833189412,0.6020529382257259,0.6867981961295562,0.8008405005996242,0.0,1.0,1.0,0.1,1.0
0.03747735771002009,0.08149843674814107,0.33659616785935714,0.46656254918416484,0.7343877520222893,0.716479095010493,1.4981846245564006,1.2292911518945902,0.9676662706360324,0.4502550746903235,0.4479311973624783,0.0,1.0,1.0,0.1,1.0
-0.2823361200517249,0.3029237632314016,0.07099713011584607,0.16544880941556106,0.1733799647420559,-0.06322428246938086,-0.503952998659904,-1.0846797632715006,-0.7589737091620062,-0.09864131514732033,-0.06314127506285203,0.0,1.0,1.0,0.1,1.0
1.1753706172989054,0.9168788575705201,1.100433013102684,0.8265018224435317,1.1455114549984153,1.0139195637364606,1.0029228347945716,0.6821248784032921,1.2326315983647134,1.361628092876249,1.5921166011542542,0.0,1.0,1.0,0.1,1.0
-0.34595765904730996,-0.3549988247331677,0.4894625182505841,0.8739778316598598,0.4902168834694072,0.41192039110016065,0.27732333192279623,-0.007907110793289429,-0.5654863808651233,-0.6482266154381062,-0.3849491743051511,0.0,1.0,1.0,0.1,1.0
-0.20772874617732637,0.10808571743767045,-0.21341226952251813,-0.12373059568939547,-0.08882622204639479,-0.4873295249427155,-0.32395460967818424,-0.003048009105393379,-0.09985121482591278,-0.3898537877079339,-0.6024913055989087,0.0,1.0,1.0,0.1,1.0
-0.5594460738440253,-0.3959804600018316,0.3670103294953266,0.40792804512967873,0.46296304080119655,0.39622545233391654,0.29184955402741763,0.3045485887397781,0.7759479759430238,0.4712824842387454,-0.09341286431807694,0.0,1.0,1.0,0.1,1.0
-0.2583545637181393,-0.06945461624449148,-0.3091681426771564,0.07743960589342158,1.093723218579764,0.9781019461171997,0.9334592922081776,1.2404417272801356,0.8471093296210326,1.0085811023280729,1.5317295832135467,0.0,1.0,1.0,0.1,1.0
-0.9948784401479162,-0.7455250154041178,-0.754125087899528,-0.9330795168881736,-0.8760346587189294,-0.6245079802334819,-0.853428978362538,-0.9484712591554861,-0.9705895521567671,-1.1553119342040619,-1.0560014178065746,0.0,1.0,1.0,0.1,1.0
0.06160419896734346,-0.03817616783089746,-0.02088715495617075,0.3060435502944709,0.518419975691599,-0.14049801752843488,-0.028842033650183715,-0.12157778814649509,-0.0027002119069957364,-0.1836461728115413,-0.5282083527535463,0.0,1.0,1.0,0.1,1.0
0.14320742135937614,-0.43162160629272894,-0.09260925910750628,0.06857029217760745,-0.5331612499738948,-0.8754850930490656,-0.9294405965095184,-0.8967494574272157,-1.3055584487397567,-1.0394018488617136,-0.561381239150571,0.0,1.0,1.0,0.1,1.0
0.07340491108596867,-0.0117196526351354,-0.37130392983606675,-0.3128568128439298,-0.23075843654151654,-0.6073212441996829,-0.05756640668388158,-0.018207275139266503,-0.008521098426170408,0.22680372333854612,0.04889970006445407,0.0,1.0,1.0,0.1,1.0
-0.23703244255296824,0.17918473827600592,0.06129906292089081,-0.20239587752364407,-0.02455249867937201,0.05259919715160122,-0.09488856785499722,0.12765635170320178,-0.0490355491295712,0.25108560596043134,0.4466367399365072,0.0,1.0,1.0,0.1,1.0
-0.6601123583141771,-1.1560941141972914,-0.6898045184833341,-0.37783679889416943,-0.3849921461485732,-0.4991541091641138,-0.33389617523752285,-0.23135266803793664,-0.4767888958717974,-0.5653516678481837,-0.33551603086838233,0.0,1.0,1.0,0.1,1.0
-0.22451069177199223,-0.2978095077222721,-0.019302917101532174,0.29798247672806544,0.3438846363503753,0.5775837403863148,0.7695325238000118,0.14622042002229318,0.44941600808596516,0.5992603132053147,0.9289331935454546,0.0,1.0,1.0,0.1,1.0
0.3409002415589245,0.23465508519972456,0.1715203575626889,0.41503938697821285,0.5763727659467228,0.010610832493367472,0.4257825470591412,0.202100960216762,0.5569847792689355,0.5201770362202756,0.8776463065698756,0.0,1.0,1.0,0.1,1.0
0.6229763385749523,1.4998087891623682,1.992279805774777,2.272855863581582,2.218997023813143,1.508780172423846,1.3724073853619485,1.0612737906494274,0.4113827999756593,0.20314245145686655,0.3670393737165204,0.0,1.0,1.0,0.1,1.0
0.0324255443778365,-0.17484744891681442,-0.379743818218191,-0.13830283611093871,-0.33608768467651806,-1.0549396031123752,-0.3802592242598465,-0.6861937739215734,-0.3594715071591969,-0.5487668399969682,-0.7410381198021636,0.0,1.0,1.0,0.1,1.0
0.4788137026137697,0.6584002616619657,0.9805463907591011,0.7180700169444298,0.09506496499326178,0.27638647329187194,0.021467014367220094,0.27353483335396417,-0.1476362965205069,0.35312501469586477,0.26189413049777954,0.0,1.0,1.0,0.1,1.0
0.2158634673614829,0.10945970690588533,-0.22213551705816276,-0.19722833268212828,-0.1043305574513934,0.00901695371580137,0.41962533222380594,0.922328766700486,0.6880425839012945,0.7632437942965371,0.6588587448890179,0.0,1.0,1.0,0.1,1.0
0.7224755465619872,0.26596028671488015,0.4949899833422838,-0.15402950719190844,0.03585502920037317,0.07411087807843544,-0.3006400967501143,-0.8312364126777203,-0.9546972071745393,-1.081777109771465,-1.255829243336729,0.0,1.0,1.0,0.1,1.0
0.31415475030441214,0.03380297771084653,0.21989954695216404,0.2483999990144793,0.2287677930478758,-0.08117094117526019,0.030827835634912287,0.25135200259924895,0.45296773588288586,0.18514588933126036,-0.4797899031434665,0.0,1.0,1.0,0.1,1.0
-0.13425164431034325,-0.33631074707889663,-0.6225905234230982,-0.6673529901325544,-0.5589831831912373,-0.3126057284714398,-0.41784782085182015,0.3798622037895045,0.27620867866883725,0.18937822442860514,0.25083031581677206,0.0,1.0,1.0,0.1,1.0
0.3197546931395039,0.7215261678347376,0.6915546117176348,0.6216422800720746,0.9819640994496093,0.019668489997681338,0.05010532759027943,0.3583110082449093,0.5170730805368468,0.531709250806607,0.18544745986125982,0.0,1.0,1.0,0.1,1.0
0.8241220740593304,0.5455392405278275,0.7711046404550399,0.7869457257368525,0.7819838698705855,0.5182434347439052,0.5682985276747511,0.7373741892350644,0.5401179578778016,0.3956307850020746,-0.41579996000363106,0.0,1.0,1.0,0.1,1.0
-0.18057290146742244,0.2129940507793684,0.8489529984472707,0.40458499832191797,0.6005327547889446,0.6376965518846835,0.18780931295622616,0.2161307669842122,0.7321711569036069,0.38242899362370464,0.5420697436044247,0.0,1.0,1.0,0.1,1.0
0.40210427854563024,0.1201174018496659,0.13372654053302938,-0.09639844645180658,-0.006169822055548363,0.062458313790553874,-0.26533818866109316,0.345737721549608,0.2683549927398098,-0.1245385317097833,0.007285707869792393,0.0,1.0,1.0,0.1,1.0
-0.9886336214164725,-1.1037017528527024,-1.8864498603390292,-2.4046215032961036,-1.891549202462962,-1.48287552993063,-1.533814408999612,-1.628674437249708,-1.3786685705758146,-1.2494981738164554,-0.6326421586036999,0.0,1.0,1.0,0.1,1.0
-0.4260422635555741,-0.3273387743699435,-0.13613196022429172,-0.16243181924114064,0.3588732068081105,1.0400371304374938,1.0744675900076504,1.2597866543297809,1.0459930386848082,1.1982222383084054,1.275808864795379,0.0,1.0,1.0,0.1,1.0
0.9278850129046315,0.45751598348134775,0.0672614133721755,0.32413863997524983,0.5949038916334667,0.6639474374324864,0.24602273639858213,0.7447973357469244,0.853752311551593,0.6952217069784961,0.4698601704752264,0.0,1.0,1.0,0.1,1.0
-0.3634727893070666,-0.6815230279277931,-0.7930586498122818,-0.6364928595579307,-0.8925581008943745,-0.6229798029341932,-0.6172696003646252,-0.1735562922054576,-0.06468024688842684,-0.019667835910676043,0.17364282342033616,0.0,1.0,1.0,0.1,1.0
0.6400890397342606,1.008448066695074,1.0939172961899482,1.0867960494436706,1.3472618750178493,0.8329821275137136,0.7816437500565996,0.802315195020903,0.28023555558058266,0.83062558849425,0.21607707519682906,0.0,1.0,1.0,0.1,1.0
-1.221740303017733,-1.184018692809948,-1.0696248292228066,-1.0327070017087885,-0.9457924228729551,-0.16784009363379904,-0.12698463332835583,-0.3332630017288169,-1.0250361153188086,-0.5910202996671318,-1.3248957317779353,0.0,1.0,1.0,0.1,1.0
-1.2923840419747483,-0.8850575459746739,-0.39320244809562327,0.2074694689311058,0.49013471773147854,0.6342967837929402,0.19153490326273748,0.2945338729275454,0.172169500640051,0.14932259010612486,0.031884260910904544,0.0,1.0,1.0,0.1,1.0
-0.16217064963089559,0.06624200916924505,0.21824718384386,0.23168516282061286,0.25725786757231844,0.13441877998027174,-0.011468008732754748,0.4009855018146071,-0.07013738599375641,-0.2430944362576335,0.12049251865957714,0.0,1.0,1.0,0.1,1.0
0.2562827792579997,0.7937468251771089,0.5413987337353797,0.6948119493948391,0.5254045630156782,0.10732913430851532,-0.18333626131793268,-0.09504550981625294,-0.36970422840933864,-0.9803213505368866,-0.4905043290101712,0.0,1.0,1.0,0.1,1.0
1.4721099097035784,1.2267516625338268,1.0849647950932544,0.7380400630347531,1.177005736507585,0.5871609746276234,0.5253145535082858,0.11624347999018775,-0.09651493030891954,-0.34623534725716787,-0.5385876827502669,0.0,1.0,1.0,0.1,1.0
0.25287548410065874,0.17560435926091383,0.14361206783683142,0.4408624804423328,-0.10005858889203895,-0.15649249987712582,-0.26017442555038484,0.07685238950307463,-0.3349026573478671,-0.6363843826686328,-0.8248619342486407,0.0,1.0,1.0,0.1,1.0
0.14675458282936557,-0.3005910321021504,0.01519468645389338,0.40131264780062265,0.3817947061414215,0.1658673773227165,0.16304736591857769,0.21496947074298106,0.4172465654873603,-0.06963491643270953,0.22225745160269247,0.0,1.0,1.0,0.1,1.0
-0.1596633029762887,-0.332352070665768,0.10453117815849905,-0.3008438547094123,0.2575802030208557,-0.13339929331600492,0.09620432358520586,0.20787589432536235,0.75205835532614,1.0210012174521306,0.5483898224016001,0.0,1.0,1.0,0.1,1.0
0.47828796451484795,0.8351677170157072,1.5205649633186509,1.5113566732523505,1.2242651598021237,1.502967086891116,1.1731626565457438,1.1555635452912165,1.3718181116884753,1.2434592545619272,1.647632501493479,0.0,1.0,1.0,0.1,1.0
0.3879804685877599,0.31756601667464646,0.03383657649168015,0.16267451012131118,0.1542646983535163,0.21717205741553702,0.0632055036871022,0.3864472310922132,0.4760251598779257,0.19184156357079876,0.4921639245612389,0.0,1.0,1.0,0.1,1.0
1.0538126761648519,0.6943095332298326,0.9525908754570045,1.0655729319945573,0.6953619297615861,0.7712116030332948,0.74781851558391,0.7757738205190396,0.5916712581842559,0.020165235817527383,0.604429265734059,0.0,1.0,1.0,0.1,1.0
1.3618380498796567,1.30392719654635,1.0347515298514656,1.4110339305326254,0.9587999609456348,1.0077651862200838,0.8733927354234153,1.0279579240240355,0.7969169674358655,0.4780172962164809,-0.05924201923367528,0.0,1.0,1.0,0.1,1.0
-0.6125218804663861,-0.9630178102838187,-0.7333219679546084,-0.7768765875925175,-0.6953787254240251,-0.6788245899123065,-0.3808468507240387,0.24203585291915336,0.45887264022385543,0.6601244804017307,0.6413227663519753,0.0,1.0,1.0,0.1,1.0
0.3301829883139124,0.3918683312474585,0.2097223617256797,0.9965001366910652,0.531366653799813,0.21815627978089097,-0.011395334373453692,-0.3542283092701282,0.08237796638017814,-0.1300240807398219,-0.33098236868560954,0.0,1.0,1.0,0.1,1.0
0.7622384221815438,0.7839509480295903,0.7421093338649895,0.7906423495103172,0.7337657480862239,0.622485771945148,0.27919620434461623,0.11100715720282531,0.02040819462969029,0.24699211190479822,0.05960401143183014,0.0,1.0,1.0,0.1,1.0
0.8651558177108335,1.3232121250538398,0.9223499218021922,1.2642292941572872,1.5028401437944587,0.8217767163422641,0.7618279563164064,1.2791754592849007,1.3426674849473759,0.8510503967126772,0.994244144493446,0.0,1.0,1.0,0.1,1.0
-1.5888089955299416,-1.2051614279771443,-0.802601217960242,-1.7554228532009863,-1.6086948952225455,-1.3442904944796736,-1.2526383103229672,-0.6375382361963746,-0.0493827246610441,-0.2552640726997745,0.09121306581069571,0.0,1.0,1.0,0.1,1.0
-0.8962717731365178,-0.5547298075769995,-0.15115044069004396,0.12285767042196036,-0.1361088451252429,-0.37827655282589634,-0.1642156019761322,-0.28971376605051935,-0.38707247175579773,-0.6128855782637491,-0.5914421928715495,0.0,1.0,1.0,0.1,1.0
-0.3047566246422423,-0.4650538624415977,-0.12640941055779925,0.32840362201061746,0.23180798164776195,0.4207536548455174,0.5125779551301827,0.3291860860255405,0.5195451673278624,0.6214238803934696,0.7631052078999322,0.0,1.0,1.0,0.1,1.0
-0.3132926687196807,-0.8952930204327575,-0.7454760543478299,-0.3670885782029473,0.5040950023220717,0.6500034467541288,0.525247874658586,-0.2842783253171169,0.05193098351973208,0.3438538258971031,-0.04721736875657989,0.0,1.0,1.0,0.1,1.0
-0.18526177259651683,-0.405632472533857,-0.846804895724125,-0.0868246776331808,-0.12328956566807153,-0.07573600398777529,0.2970081856937181,0.023448033986856492,-0.18283043369167715,-0.26455780840843424,-0.2379929107333014,0.0,1.0,1.0,0.1,1.0
-0.8873503526538749,-0.2749705056755707,-0.45967070247866504,-1.1015101116881743,-1.5816469443437813,-1.3272133596825542,-0.9988971868764659,-1.5582905413317754,-1.2804527877574212,-1.7762081123533477,-1.559798125529574,0.0,1.0,1.0,0.1,1.0
0.18244395681631792,0.41537682123484276,0.5002737945005362,0.6061538523341493,0.319338359925733,0.5603532057559575,-0.039950114958353544,0.11348359897068407,-0.308198074952318,-0.7264934734444726,-1.626525350364887,0.0,1.0,1.0,0.1,1.0
1.2214726540633845,1.219023618109453,1.0351069398760124,0.4665804837000781,0.3609294335829749,0.3751785945016528,0.795704450391975,0.5635781897031807,1.0523776445379864,1.6138687414972237,1.1311274873378112,0.0,1.0,1.0,0.1,1.0
-0.5934205444539273,-0.7209040524742933,-0.8341927122672633,-0.9143458086467025,-0.8197715672455307,-0.8228757742059103,-0.5682367279146163,-0.2930369614042728,-0.2716446527972577,0.1481276334383151,-0.032362335371501044,0.0,1.0,1.0,0.1,1.0
0.2889637345141995,-0.13267898372833292,-0.06591434969986798,-0.49841528985316624,0.052888448003017285,0.17194241858977974,0.010903115993553453,-0.14898870373422793,-0.47140805154986554,-0.6657512101977562,-0.050207064443379634,0.0,1.0,1.0,0.1,1.0
-0.19810361679589986,-0.3126183591362707,-0.38760886903287295,-0.31244305854759913,-0.4981468436384794,-0.6578803540631616,-0.22964306071386253,-0.0695880943654674,-0.0910331730808363,-0.05169616608309248,-0.7273430575250425,0.0,1.0,1.0,0.1,1.0
0.010732426679307029,0.6777638577241001,1.1778997296776939,1.1134737824816578,1.1297860050216464,1.1326618186664945,1.7074322589562518,1.4523713306320587,1.1895022117115568,0.7872667866609819,1.1050340405689645,0.0,1.0,1.0,0.1,1.0
0.7930134580706815,0.5387622685500213,0.5175532364660691,0.9968087985390204,0.6855422981814071,0.33132259229712235,-0.11580398434518374,0.24992769400164883,1.0576045180030875,0.5164791408574505,-0.10732250473211719,0.0,1.0,1.0,0.1,1.0
1.6956626026224484,1.3673425533744719,0.8598844920292517,0.7118220586318488,1.4069521031587808,1.3238036905566286,0.8777653678771515,0.16828446829698185,-0.33770147637330145,-0.3080696252320888,-0.6105312977303797,0.0,1.0,1.0,0.1,1.0
0.8744313233863017,0.11774534766591593,0.028052273057237467,0.508844207429288,0.5491797746222647,0.6370902809811894,0.356452832401673,0.18507439944387358,0.18095972759066214,-0.2626415797762921,-0.056208471114816166,0.0,1.0,1.0,0.1,1.0
-1.5365921304498567,-1.3059165714767487,-2.1387105004782687,-1.8511837026911908,-1.8315621813784204,-1.8630605896370653,-1.7955313475378087,-1.6861051601840789,-1.8006721652883466,-1.269235081251714,-1.3638904525821511,0.0,1.0,1.0,0.1,1.0
-0.9466903897619846,-1.09701234539502,-1.3562257139332046,-1.3270243780793787,-1.0933686068188524,-0.8669322867429539,-0.8794498172664622,-0.8400233873819232,-0.263801570617282,-0.28377182712575855,0.049147613527550094,0.0,1.0,1.0,0.1,1.0
0.8554534267452222,0.6364969121959698,0.6471001116821349,0.2035883313862235,-0.3981862392986949,-0.4436389510887216,-0.7585845452419295,-0.790584094524172,-0.9438999361943825,-1.0576653735858665,-0.8919533599140416,0.0,1.0,1.0,0.1,1.0
0.8185828348935646,0.7190788959066327,0.909865396818337,1.3909496532392263,1.258145688492874,1.177237301014799,1.81698918274861,1.8697919271605337,1.4000688376879036,1.5337551324253877,1.4453726044771658,0.0,1.0,1.0,0.1,1.0
0.35406343833756815,0.1613140239754424,0.2790598363077772,0.147584800141649,-0.20379176136974375,0.04045152591654261,0.17783301576957633,0.05074847325193316,-0.11999344615031168,0.06404145370562712,0.019721001683197563,0.0,1.0,1.0,0.1,1.0
-1.5645375826037384,-1.6363701721721,-1.2601718702564926,-1.3191391685267315,-0.7551084611005001,-1.1965723242136264,-0.8154257937122305,-0.06233844187126769,-0.6392353928306882,-0.85034777669872,-0.34038143601826404,0.0,1.0,1.0,0.1,1.0
0.05796453149894056,0.36024177513433026,0.45877709016791957,0.5227457780131793,0.3046569909721173,0.47939502480756424,0.2856724328145258,0.04052395800919556,0.2958117101706761,-0.663380029641977,-0.6711642801388897,0.0,1.0,1.0,0.1,1.0
-0.6589022590817687,-0.09119764845964806,0.08125065132238646,0.3124446900222986,1.0741377932071692,0.705258994205542,0.9156877141959225,0.1480292437657038,0.1896730550585281,-0.1683270839712773,-0.5689646071412497,0.0,1.0,1.0,0.1,1.0
0.7847482001734186,0.9894214529994371,0.6527863221183344,0.8186297424716038,0.4359875405912452,0.7112590798239405,0.5103866039847258,0.8140255970754192,0.10981413909196902,0.05360435929581537,-0.34178253050009055,0.0,1.0,1.0,0.1,1.0
-0.2365837474785759,-0.10850568972019324,-0.10756811085115515,-0.03089755394883978,0.05938826507417309,-0.0007350858273020289,-0.40771868683808626,-0.6848133735778286,-0.6261282155283302,-0.6433150833665697,-0.2880541494276401,0.0,1.0,1.0,0.1,1.0
1.063348627068174,1.4942118033281502,1.1277008145336294,0.6311143422978189,0.5123466508390866,0.7764910300762584,0.8372824539280264,0.5172122306097828,-0.04624175828543098,-0.44628931527928783,-0.3396244625381283,0.0,1.0,1.0,0.1,1.0
-0.9783195656209593,-1.087830033010063,-1.002588803066553,-0.9477632912381253,-0.7875256817138112,-0.7431503331538375,-0.803363731154106,-0.4212141117268192,-0.25825082806753463,0.19991256862745274,0.5156014219981636,0.0,1.0,1.0,0.1,1.0
-1.0547795254950256,-0.813596909706211,-0.5465201739782903,-0.31663928388230733,-0.23364801444392622,0.11206726996303726,0.5849951200948582,0.9270269171561925,1.0098913284561721,1.1518343799311432,1.1958426153309303,0.0,1.0,1.0,0.1,1.0
-0.33558212282978656,-0.6439306771390292,-0.5261841463544437,-0.3307746336347918,-0.5352077885259869,-1.0298786147604417,-0.7390917990998774,-0.6016987925956372,-0.5198960688567057,-1.1358433416141058,-0.757053147762324,0.0,1.0,1.0,0.1,1.0
-0.7655623685659126,-0.7045428422579663,-0.31997339760479826,-0.13365841077316146,0.23770586364553467,0.8404009586657546,0.452498524025098,0.42686847880894346,0.11476297638408672,0.5426777120768644,0.6959608889255433,0.0,1.0,1.0,0.1,1.0
2.2746663630428396,1.7432611721521414,2.2032453296728116,1.5614182624395256,1.4790272208176232,1.0904508563650732,0.7971782327765473,0.49469798246959656,0.12716080601406682,-0.395188336204514,0.26378296365144405,0.0,1.0,1.0,0.1,1.0
0.15692899620621636,-0.0995476859106291,-0.13887681932648646,-0.07197487825365459,0.5879586847438267,0.5902228481126747,0.6051564670337412,0.6752944230004723,0.29694003743653946,0.2623008810282519,0.16128510676530927,0.0,1.0,1.0,0.1,1.0
-0.13788591528356622,-0.007222313529731378,0.3385022371263777,0.5408094933137193,0.20441689842556582,0.19365910837104344,0.17573469992562007,0.029398309126768135,0.4279969974336565,0.41592239622377414,0.15754888564991776,0.0,1.0,1.0,0.1,1.0
1.5613680868566497,1.862923291369818,1.6459751761200592,1.596306857154319,2.05567172563951,1.5618218305242304,1.5364485494419104,1.334793895928872,1.3760297998839564,1.415552444061878,1.0949635337934136,0.0,1.0,1.0,0.1,1.0
-0.46371255268743317,-0.03703877513468451,-0.46204716609665136,-0.2183236985794158,-0.07945546492172863,-0.17380949836667753,0.18705356302760287,0.26431519505544787,-0.47266789889084426,-0.7063654929478089,-0.4852014973941663,0.0,1.0,1.0,0.1,1.0
-0.5566186404180107,-1.13040332202584,-0.6788843765017727,-0.6284281372176002,-0.0728326809510857,0.007107096403032254,0.1480313197535569,0.14422384615405368,0.19755706887771707,0.04298117095788742,0.07618208619978817,0.0,1.0,1.0,0.1,1.0
0.04303465185046743,0.4245645889525491,0.4106482293862116,0.595902576330134,0.8863815355558096,0.5663679343886542,0.22007381134054316,0.680860509600488,0.3424258092065688,0.31772054000008043,-0.5184774703859384,0.0,1.0,1.0,0.1,1.0
0.15536512206901615,0.41439928802218684,0.6480090346229388,0.5008883821265648,0.6343153067364331,0.2404653096188591,-0.12395051787245503,0.012023047293265449,0.04371256930297585,-0.47579226054865287,-0.40466153842597974,0.0,1.0,1.0,0.1,1.0
1.3308114073955628,1.3443315412768988,1.0201974199699118,0.5276693392721532,0.2832556024924633,0.3674082672851701,-0.23113377928566703,0.04421612843611028,-0.0016785869229904993,-0.05661566648018285,-0.2224927512275655,0.0,1.0,1.0,0.1,1.0
-0.4620510138111551,0.21101972091180682,0.1947895380418247,-0.041777751608089636,-0.4306739364534956,-0.5318678579079741,-1.0443351664106855,-0.4223767823727187,-0.5444506464019134,-0.2968547309086605,0.04499254578568429,0.0,1.0,1.0,0.1,1.0
-0.5796998534747021,-0.8422017750281352,-0.5183752892791904,-0.0973617896150677,-0.22307225136191422,0.08331997953562942,-0.2930249114729292,-0.14655479178758052,-0.2405524704304367,-0.2793074922155319,-0.7356311857442864,0.0,1.0,1.0,0.1,1.0
0.7316692375390448,0.6075636510881285,1.099030141109382,0.5029285286304246,0.4098330611262809,0.24892614149347558,0.5589646407883548,0.7866544982931848,0.7172896714249396,0.4835222047098536,0.13711480400642667,0.0,1.0,1.0,0.1,1.0
-0.26267261544605564,-0.28038527731884305,-0.49261081453071626,-0.45277118623575835,-0.48500508904100814,0.07427330762517237,-0.11988546702568205,0.06612547110553993,0.5370234773903021,0.12118445509595244,-0.4901624528186898,0.0,1.0,1.0,0.1,1.0
-0.572455562067061,-0.3305505367969279,-0.664967021006146,-0.5699505861782813,-0.367868873436165,-0.28584353153904374,-0.02120449995431764,-0.24738388254845214,-0.14281466347440186,0.13588402251044615,0.2881092788293757,0.0,1.0,1.0,0.1,1.0
-1.0170372561554182,-0.7700649938145809,-0.5801657359805121,-0.6137898370946028,-0.2392885104718699,-0.1124964700541552,0.7005957993734094,0.772460871998416,0.8886157918170391,0.16962635561692196,1.045822871655399,0.0,1.0,1.0,0.1,1.0
0.14977878418125665,0.4362476496686164,0.2129162833455114,0.21036496821842696,-0.4928984446020338,-0.457577734797832,-0.7190422117565398,-0.6918691329553204,-0.9504779399650811,-1.0433134897391347,-1.3591356039453943,0.0,1.0,1.0,0.1,1.0
0.4904525377650989,0.5787841674300483,0.4213728069767869,0.6603188844365735,0.7157293183599911,0.3361689237247674,0.746837132324173,0.684496530845888,0.24471492688265595,0.2038794894997781,0.4006306534286904,0.0,1.0,1.0,0.1,1.0
1.041117000572458,0.5572568573659189,0.6873077113851225,0.8372828915145879,1.3602789713112244,1.559757713197705,1.0093370809214248,0.6213466225631745,0.3213188425172289,0.6514905580600886,0.6026608798647448,0.0,1.0,1.0,0.1,1.0
-0.9472473516885248,-1.1193845580392163,-0.756073525632527,-0.6035257319547638,-0.3837128839763624,0.5371355116213073,0.6994694432302445,1.1504671019200088,1.0235850990937898,1.011638691179796,0.12647707865882218,0.0,1.0,1.0,0.1,1.0
1.0567111890779182,0.9008688311553122,0.6777560258038933,0.24185195186691577,0.6379848910062863,0.44281236247070976,0.47322623512156514,0.7370794124804979,0.7975652144618554,0.6304451798261131,0.4565385866483394,0.0,1.0,1.0,0.1,1.0
-2.07979109970043,-1.6826163738795397,-1.1528923425156796,-1.1793935704915322,-1.1433134197192516,-0.5475071889815002,-1.0827340617341819,-1.160251593439155,-1.5710376050924637,-1.6687871764166036,-1.6568841998507573,0.0,1.0,1.0,0.1,1.0
-0.0555429727720563,-0.08661958568260031,0.10557936386467524,0.47465990211182785,0.8857485234071363,1.1086048537527937,0.8091171968925704,1.3951530615344878,1.6037839565161551,1.9266384634685012,2.3148653259109695,0.0,1.0,1.0,0.1,1.0
0.042154173133492866,0.39323032084429654,0.9748320405460102,0.4961439637169845,0.3143227361782267,0.12933835468649246,0.08709973201914324,0.22958457394389076,0.278915594896965,-0.20353880831937177,-0.244607522667096,0.0,1.0,1.0,0.1,1.0
-0.609889650882837,-0.8063793869081278,-0.5721767772173529,-0.7086694594186111,-0.5700558839644556,-0.45277785799702325,-0.10893826624309155,-0.547700551125052,-0.2852923239684765,0.0005578749424275942,-0.09521877384797102,0.0,1.0,1.0,0.1,1.0
-1.2031751242828514,-0.27073385686671547,0.07059025676984848,-0.5844924742706127,-0.7890655971842486,-0.566116577505724,-1.0603097123385905,-1.1576106442256051,-1.3498381918543456,-1.654319559993382,-0.9871411189384003,0.0,1.0,1.0,0.1,1.0
-0.6859377558029113,-0.7676445278012898,-1.0875978808671536,-1.15672120365106,-0.707491016231081,-0.5160960666790675,-0.15284183695969844,-0.17318279688849073,-0.6017995816408401,-0.832958597885253,-0.7059182730725223,0.0,1.0,1.0,0.1,1.0
0.5690146683688716,0.6875409851779961,0.5165711270270353,-0.2338718385446097,-0.49600990920537824,-0.40417450972541946,-0.26303519307961204,-0.13728142735942622,-0.024515457388755532,0.4413437132992419,0.33835612564005996,0.0,1.0,1.0,0.1,1.0
-1.0649505483632917,-0.6269768880177731,-1.203139907893081,-0.910172103750557,-0.6236262428885899,-1.0703560903242257,-0.575462607820339,-0.7441500071584022,-0.6912827231417706,-0.40203843153502833,-0.38968168699938976,0.0,1.0,1.0,0.1,1.0
-0.19149155975270366,-0.7862906721914216,-0.7577979249585995,-0.11441957706379757,0.2941101895587337,-0.23669940192617855,-0.6739778189194687,-0.6602691751101832,-0.17261288027918759,0.09228366072114827,0.285390706906572,0.0,1.0,1.0,0.1,1.0
0.2175768812368383,-0.12004563687735562,0.32053939808793686,0.05952360717977742,0.004030765228940608,-0.20064700785429668,0.19617341115559195,-0.16320826553415563,-0.40351974137159596,-0.3939411347559938,-0.3867782301816058,0.0,1.0,1.0,0.1,1.0
-0.7343577852205463,-0.5152262402417227,-0.21593381856342672,-0.18566400559833432,-0.48310956724084186,-0.4894892491924716,-0.3476878014303048,-0.2750939061955981,-0.5371990422192595,-0.5929421910339635,-1.0258671226792715,0.0,1.0,1.0,0.1,1.0
-0.09725450805791175,-0.9072051946148866,-0.9832281182921623,-0.9779424415049334,-1.1267189584985342,-1.6332737756743687,-1.226232804213474,-1.785348788714172,-1.4584873288681934,-1.6296135179604945,-1.4793759084685043,0.0,1.0,1.0,0.1,1.0
-1.6312424482422294,-1.6171098710911573,-1.7636987423341601,-1.7360300804255955,-1.2094031974544204,-0.9579682555956677,-0.6215471917444724,-0.13164678599984958,-0.03299202543110072,-0.7596019509765817,-0.23487855670749358,0.0,1.0,1.0,0.1,1.0
0.8530403254914666,0.9118058378261191,1.1245435354086146,1.2254755802229615,0.9499624712484046,1.2602442052350462,1.3146170320304038,1.2008492058615148,1.1626160909228689,1.1927864163633057,1.306485402963102,0.0,1.0,1.0,0.1,1.0
1.0883164209527791,1.207963852984335,0.7727512260074065,0.6961223186092484,0.8388699417686202,1.306054657242936,1.0148160897544907,1.1092001845235626,1.1007876042068392,0.33508172636041633,0.3428567516138685,0.0,1.0,1.0,0.1,1.0
0.9673454470530333,1.2533346589600551,1.2138772205969441,1.1277831269472538,0.3719997782770479,-0.4655638205139666,-0.20320927413275142,-0.17357716257286054,-0.11053591593394185,0.7183887132107256,1.0019032760993358,0.0,1.0,1.0,0.1,1.0
-0.03407130544405529,-0.6544048827325597,-0.7583757918957704,-0.9777909919853769,-0.4532194082072105,-0.21592611111403281,-0.42919108943243367,-0.04324787909669148,0.40413770875918575,0.4681491291162585,0.09659538195377165,0.0,1.0,1.0,0.1,1.0
-0.7130105853182866,-0.45318913645432324,-0.20053618908745244,-0.7014427564336225,-0.7862735594023051,-0.8843516169588901,-0.804223513022283,-1.0771886259422037,-1.0208827461382783,-1.3432048848612492,-1.2561095019483852,0.0,1.0,1.0,0.1,1.0
-0.45270019814126244,-0.45433861977720863,-0.510547874121579,-0.6203973298632754,-0.663232821325328,-0.2528722785652964,-0.27923181404617886,-0.7995042211224294,-0.9160483713831782,-0.8826661158662632,-1.0717231807996814,0.0,1.0,1.0,0.1,1.0
-0.25400981915661397,-0.2414194080139817,-0.713565571698908,-0.8772989672225524,-1.4535505086384966,-1.3281837504427099,-0.9419268627742474,-1.036298079249212,-1.1554599266571415,-0.9475352209811615,-0.09115249561949368,0.0,1.0,1.0,0.1,1.0
-0.12771986358226028,-0.6123299225796542,-0.31158403929398815,-0.7674433270585033,-0.9249129140233123,-0.9778397726938167,-0.5141669741954291,-0.4649386309328697,-0.33441731974972927,0.06776237633083415,-0.11214636459782656,0.0,1.0,1.0,0.1,1.0
0.019430279452061168,0.22663030693805658,0.33623596028498137,0.22616049453656695,0.5017054500670768,0.9309666487459864,0.54432413460607,0.3908162211116127,0.40638846111481364,0.4558544962921761,0.5124437824011974,0.0,1.0,1.0,0.1,1.0
0.3038293179293209,-0.07873943901416536,-0.14935095110313568,-0.042908848150427226,0.1810562973715925,-0.574638173714046,-0.9314220025975448,-0.41470101416665717,-0.3907720081379253,-0.5808975712066972,-0.4433387729365812,0.0,1.0,1.0,0.1,1.0
-0.20348553870255964,0.026611676176425597,-0.17545989056348626,-0.12477075406259563,-0.9453366230143952,-1.3588409763295455,-1.4141693979913394,-1.1865093063334946,-1.4333432477348147,-1.1692581465756382,-0.6882241533446763,0.0,1.0,1.0,0.1,1.0
-0.09545627679046366,0.10450771306833564,0.5733768690352916,0.20488800459209167,-0.3604605094717859,-0.10524136999672593,0.0305211253674562,0.004176119367146222,-0.24478649569605113,0.4298186683526761,0.4890542741177289,0.0,1.0,1.0,0.1,1.0
-0.16139752650735353,0.08957379160344345,0.009976910316314952,-0.040450895191017716,0.5168685656620331,0.31271913612272173,0.2429359439590211,0.26676360319919945,0.31993021841575525,0.5079280319519753,-0.024454492511161552,0.0,1.0,1.0,0.1,1.0
-0.2147855391864395,0.1584486411765907,0.09731006877455117,0.06495310333046739,-0.027230179059088,-0.3234500233926519,0.22454449889155742,-0.5460318497499442,-0.6446615851400821,-1.2740312031145216,-0.8811916572258228,0.0,1.0,1.0,0.1,1.0
-0.2985885747274111,-0.44143045241719,-0.4961736223457798,-0.31899774806004183,0.15356988017139056,0.6558769984264763,1.3057092713828025,0.5644084152786769,0.686401591649198,0.6680407556275333,1.0181140766717873,0.0,1.0,1.0,0.1,1.0
0.48112452319714555,0.39676956333790775,0.5409046793918633,0.055163342226740075,0.6093039359280089,0.5612386876074382,-0.04829446415879912,0.4413265375241775,-0.4008766588831704,-0.6001628516654377,-0.5850241846841587,0.0,1.0,1.0,0.1,1.0
-0.19665365698785317,-0.3987625583249276,-0.21344029722224903,-0.06289881131314773,0.2634287973872914,0.7398661962197266,1.0382668078569572,1.4704666534963962,2.0076204725879734,1.5407309314625912,0.765763078076762,0.0,1.0,1.0,0.1,1.0
-0.7011289703782734,-0.645287983207327,-0.8101139074117909,-0.6275875627591758,-0.39951494637310414,-0.3122689887191269,-0.5511584243217488,-0.23239208336184713,-0.41600226799054674,-0.6907991794228192,-1.031399456717908,0.0,1.0,1.0,0.1,1.0
1.3066012761772636,1.2995117219050547,1.0733902169364855,0.1357009972376777,0.26074506146512866,-0.176776658427508,0.3766084120612935,1.1252238017539307,0.7338480161132156,0.5880095790994223,0.14036929602630405,0.0,1.0,1.0,0.1,1.0
1.409531208155229,1.19697720723985,0.8679014124681832,0.8139161679015254,0.7943695131214968,0.5373187780742176,0.4794445729058693,0.5285992708545028,0.726647885849655,0.00812889476133194,0.7292879359689991,0.0,1.0,1.0,0.1,1.0
-0.3825925048185852,-0.3948116614430575,0.2496966325632251,0.14105823303671866,0.22155241153022914,0.16542493408744852,-0.09046503015945864,-0.02339769839037792,0.03967394518183437,0.6793625398919068,1.296588721082538,0.0,1.0,1.0,0.1,1.0
0.09090411282281483,0.03504940277056513,-0.2633902220057254,-0.1849192590961112,0.2989230434936945,-0.09601710093383098,-0.3022955682117335,-0.1539192895171096,-0.49560577381728366,0.08583751694192454,0.4244733673640713,0.0,1.0,1.0,0.1,1.0
0.5271264000521918,0.42891794426797414,0.4353632246451633,0.6403465714185435,0.5738831652595849,0.6269322906841561,0.24288246853011553,-0.13432908044053898,-0.04571244792513289,-0.0759827815253975,0.1756786455045697,0.0,1.0,1.0,0.1,1.0
-0.6559446464450638,-0.7625179960993679,-0.47408605434476914,-0.48513650865933566,-0.15450836312957072,-0.2553364710359099,-0.17259363374916686,0.0665783818515199,0.11133888243241803,0.38922285731114836,0.6465345710784343,0.0,1.0,1.0,0.1,1.0
0.9993509098262384,0.8416477559474668,1.1119915509373741,0.7817529389210525,1.1310097766285325,0.6976565828319057,0.4646928823464782,0.4016182081772757,0.7683895910885941,0.504387968890422,0.40917929863942915,0.0,1.0,1.0,0.1,1.0
0.002334402442754485,0.11829851581782817,0.22991227219807295,0.49847335647008173,0.9695837349568104,0.6897043679530808,0.7034193617444786,1.091076701869072,0.9494502618094648,0.9533029346809432,0.635873976055962,0.0,1.0,1.0,0.1,1.0
-0.14755549533519494,0.19036609226900955,0.33056915182695945,0.17649037687317565,0.21880001245446107,0.3178136077610701,0.27849251174348255,0.626371225066034,0.45127227499135203,-0.07887882657596079,0.3406613108316704,0.0,1.0,1.0,0.1,1.0
-0.9000544668449183,-0.9516599843946796,-0.6931031774036943,-0.817831512675283,-0.5430100263671017,-0.6871478273930957,-1.1191079975925478,-0.4692059409566526,0.07139878677822475,-0.186919854494739,-0.0497531705294781,0.0,1.0,1.0,0.1,1.0
-0.09133157571289902,0.01717915809626265,0.4738289558846312,0.24335223043136142,0.20651988803610388,0.5757778460553009,0.8760937135013819,0.5916635550464096,0.5230578479786491,0.1882399455578001,-0.013562422004855162,0.0,1.0,1.0,0.1,1.0
-0.19158879433398673,0.10634907846778352,-0.5977650281011202,0.29449477433223414,0.22471838560918647,0.03267838540736098,0.32012112777353535,0.2210498058840929,-0.05851259789224908,0.29378604205753334,-0.18652324089461958,0.0,1.0,1.0,0.1,1.0
0.3121713734141274,0.038644477154014256,0.20187734554405554,0.4689491506553336,0.8047909523643897,1.499888770858714,1.4707563286469414,1.4041327820766676,1.236812460558066,1.2910090747115803,0.8018174192688206,0.0,1.0,1.0,0.1,1.0
-0.08668453240282172,-0.44903001179262564,-0.5285046693123667,-0.37382984308781925,-0.35405799670423915,-0.11836782267199783,-0.6012324367060282,-0.540556957816243,-0.42847468115633763,-0.3001704653981133,-0.019684079365329066,0.0,1.0,1.0,0.1,1.0
0.38535575738762745,0.5871770866584094,-0.18232024545715364,-0.5255168823000893,-0.8340278020657454,-0.8195116331622239,-1.5896566006815305,-0.8465565223566294,-1.176965493028544,-0.9450687495333686,-0.9046066972785087,0.0,1.0,1.0,0.1,1.0
1.5505879894383794,1.308376327693942,1.4132966690226079,1.426998876982442,1.3588505615784183,1.3707615594673952,1.4094604505302375,0.8041804036451035,1.0821053110901588,0.5945996337657375,0.904082813239229,0.0,1.0,1.0,0.1,1.0
-0.6879646782961666,-0.5231160396473703,-0.9651313442042759,-0.9489346030132597,-0.6099236795046126,-0.7282752708602462,-0.09995216298696263,0.27058341145842607,-0.06610031176814013,-0.030807237949379347,0.33666302995243413,0.0,1.0,1.0,0.1,1.0
-0.07662177260829528,-0.18316563785823609,-0.7431737690228931,-0.3469927444090285,-0.39642116895312907,-0.8737030071489534,-1.503220073614818,-0.849839130739561,-0.5188316651360341,-0.9881015653107157,-0.9952107695177337,0.0,1.0,1.0,0.1,1.0
-1.0583250072515626,-0.939267913349652,-0.6205799568355108,-0.22990869372161377,-0.4556870472148235,-0.3179036825670623,-0.1667101592995045,0.2350212702830321,0.21747257754497054,0.3644160561602988,0.2387732024395729,0.0,1.0,1.0,0.1,1.0
-1.077829488242677,-0.816288823517862,-0.48550288670131536,0.0855297994115477,-0.16827971254005764,-0.36886277946446866,-0.40253955579014367,0.07479359485365583,0.6486824574896493,0.3632256801209246,0.16713756367817414,0.0,1.0,1.0,0.1,1.0
-0.08133414620225116,-0.09375691916001368,0.3925744375617625,0.8661443294921283,0.8428187716618438,1.0168449833039341,0.8786003523124849,0.5932172766882047,0.06299586319475187,0.4194354896241696,0.30958440709428103,0.0,1.0,1.0,0.1,1.0
-0.1968274485739352,-0.05081035869666306,-0.3146022569584991,-0.2859463114486763,-0.41091084242198817,-1.0049695363472095,-0.7403627064775125,-1.0544286778577472,-0.9164847131355699,-0.9188275495218401,-1.2151565996676281,0.0,1.0,1.0,0.1,1.0
-1.248020913401237,-1.8541455191445342,-1.3153851859899994,-0.8354900962549334,-0.3708845374431231,0.2566503835722916,-0.46292947492857606,-0.25294145066837825,-0.3912597604489495,-0.07741990886932326,0.35097024705044316,0.0,1.0,1.0,0.1,1.0
-0.5453798367467845,-0.2366021000949592,-0.5078852702565615,-0.32804164970343813,-0.5406329280031839,-0.1707466434415008,-0.3390541405583497,-0.5022399560744341,-0.534492723691462,-0.7882287302289854,-0.5771275451533939,0.0,1.0,1.0,0.1,1.0
-0.06679267636526773,-0.26726172088236416,-0.5155348486612275,-0.5344090586560717,-0.49991949391561646,-0.504433498132009,-0.6317400482068236,-1.0320389393748957,-1.3924235433341174,-1.5506174710319474,-1.2867189171270865,0.0,1.0,1.0,0.1,1.0
-0.7589723791191336,-0.7136376452399567,-0.5671305794144096,-0.6841725488981485,-0.4612308534393196,-0.21035287127263544,-0.6284358968280412,-0.7120878630809726,-0.7115665459984646,-0.5799660667772641,-0.2137348957879492,0.0,1.0,1.0,0.1,1.0
-0.21447548664157878,-0.5781132470668711,-0.9312277403863141,-0.7371928770819475,-0.8669789588152582,-0.47283180163434774,-0.6555216219587483,-0.703413212319286,-0.25326818412313046,-0.004909855674229108,0.02438500520552379,0.0,1.0,1.0,0.1,1.0
-0.9550556360276747,-0.83612366009398,-0.6537030113253384,-0.7762313532412752,-0.5328808605625572,-0.7396806043763007,-0.6042453233112628,-0.3199116229823701,-0.11265301303623959,0.578635561770214,0.4479673626432142,0.0,1.0,1.0,0.1,1.0
-0.8349134356170593,-0.9553789742160818,-0.8112378964181282,-0.9432509529584179,-1.453438358925602,-1.1494598788822321,-0.9839763021742776,-1.0166412928781472,-1.3712553136204435,-1.0927366393173443,-1.079169081927928,0.0,1.0,1.0,0.1,1.0
0.564765556778362,0.18590089921305286,0.48582621169196355,0.5035136055653873,0.30600045425766476,-0.24929165709713558,0.15472171939951238,-0.38861983886920587,-0.21267548265147104,-0.6503366877749529,-0.5726806688264092,0.0,1.0,1.0,0.1,1.0
0.7828351824324766,0.45173232686741477,1.0551153767498498,1.266065643176332,1.0105572379078775,0.9781188864470594,1.4419434284023194,1.341055407214809,0.9548224350599142,1.2900306113594757,1.3252271670815239,0.0,1.0,1.0,0.1,1.0
-0.44391880030810454,-0.030874774559204676,-0.08197926213465895,0.19162226772774377,0.7035434865257514,0.6966152929098778,0.2946120077760431,0.4048089899474002,-0.05260187757046719,-0.10486428552204498,0.04767159651545601,0.0,1.0,1.0,0.1,1.0
0.26995996201513456,0.0805042571019329,0.41655952762426535,0.6395163416484142,0.56925858595757,0.40494866563572496,0.6032521044085246,0.781564839475136,0.6452000075889092,0.6806705816501047,0.7779811675365222,0.0,1.0,1.0,0.1,1.0
-0.36833084956150236,-0.5321247497975234,-0.4248045677344678,0.03056411024607647,0.02206011401185118,0.5877188966957955,-0.118747911298003,0.39055507334744377,0.737547089025621,0.8307398619991191,0.4475529680224831,0.0,1.0,1.0,0.1,1.0
0.3017713845252566,0.6647299930476502,0.8558697913212624,0.36590564571818324,0.40189600033981054,0.2788254513849084,-0.1491905529469475,0.28660795920667437,0.1399021570755694,0.39055097981795645,0.8155406803813291,0.0,1.0,1.0,0.1,1.0
-1.4670749683789213,-1.2365974410424203,-1.5548688132640676,-1.4522581481300334,-1.3818393142498329,-1.3455651355472982,-0.8935095056268176,-0.4500838941408757,-0.4209970158958827,-0.277619917377515,-0.3569657164627811,0.0,1.0,1.0,0.1,1.0
-0.25608600894487416,-0.2674166966970546,-0.391513215325032,-0.39674646704151806,-0.4347659158975574,-0.3828503094204011,-0.4164536764030617,-0.6702711181466986,-0.8838037536953548,-1.043275825913157,-0.3607969617455239,0.0,1.0,1.0,0.1,1.0
0.5029998742228624,0.37224890336005156,-0.03436510378105845,0.03381338461385823,-0.6945070345197725,-0.8813282124254023,-0.7003464130843777,-0.6689521585003169,-0.7282903234577002,-0.2689891781873162,-0.3649817950447779,0.0,1.0,1.0,0.1,1.0
0.3487309097595903,-0.0227738858405937,-0.2669792308242413,-0.07956302308495605,-0.3612123400708295,-0.469478240107079,-0.38647513230290476,-0.42455454472757365,-0.5187431198948468,-1.0859196829060904,-0.5059049933889785,0.0,1.0,1.0,0.1,1.0
-0.13515541831037609,0.04084396650509438,-0.5253463146195867,-0.3204976462559117,0.3647003669372717,0.3776304489125936,0.4542013764666007,0.3113274324384623,0.8900297783305158,1.2003635235791315,0.8631479367170155,0.0,1.0,1.0,0.1,1.0
0.3975886266071014,-0.6874327806475209,-0.22773130165604621,0.4929680009332398,0.4917908778696413,0.6951927845380279,1.034020258331349,0.602582664708512,0.3716048534348697,0.8812088024474789,0.3906484851591435,0.0,1.0,1.0,0.1,1.0
-0.19928049016930094,-0.06528367188838867,-0.4805570112960275,-1.3117665147014315,-0.8001899989331229,-0.42920415918235255,-0.3597803550643522,0.41013658771101724,0.04261133024131031,-0.005502453994826677,0.1183275665369328,0.0,1.0,1.0,0.1,1.0
0.5222755491215667,0.7722225254459023,0.5168786980295046,0.8665350212485217,0.1567815209196307,-0.055854759436528345,-0.3016642223964678,-0.2700879200636185,-0.8212077427864358,-1.228211590124781,-1.7036630549990293,0.0,1.0,1.0,0.1,1.0
-0.22810117169350091,0.05577227681249991,0.20316366705977254,-0.6141886705014892,0.028709400715281164,0.6609537244668221,0.45053590428107115,0.705334182061666,0.2377938222173716,0.6003724373393016,0.40087799701086535,0.0,1.0,1.0,0.1,1.0
-0.33294454686148106,-0.32611110273441263,-0.03986594172596997,0.2204929797516847,0.22695238835533343,0.6078368999938204,0.49205641745984996,1.0735700867335143,0.4345990225485835,0.29193868874967127,0.47991396019196914,0.0,1.0,1.0,0.1,1.0
-0.6763001064196238,-0.3773852216611841,-0.05875087850176658,0.41774931420711436,0.4359474795608435,0.8027649451502221,1.0789534067774373,1.2357993774881093,0.9323105188449007,1.168241317841428,1.0038445360189463,0.0,1.0,1.0,0.1,1.0
0.3623202222158764,0.23986492335643278,-0.51493921782444,-0.14384153280949696,-0.7627861769048316,-0.6382799887361044,-1.1063758291827153,-1.5677098154538514,-1.2148071353302563,-0.8013330438307233,-0.5947848911922202,0.0,1.0,1.0,0.1,1.0
-0.15630669845991535,-0.3365585863767953,-0.09190185982918656,-0.34864836880613925,-0.255798943969047,0.029012722066779434,-0.03697470029013051,-0.3177522648100544,0.7372493852403823,0.2809164461877136,-0.03469725342418023,0.0,1.0,1.0,0.1,1.0
-0.48321108840743116,-0.3398443927347467,-0.3834012058387978,-0.4412493424371578,-1.0987865108214034,-1.064494319209451,-0.7347924506562546,-0.5361382976563986,-0.42235552297902484,-0.6224856282757187,-0.8349368744882392,0.0,1.0,1.0,0.1,1.0
0.7390667718233525,0.0865056084197372,-0.32805971227391395,0.06289738166585152,-0.7223173340229521,-0.481472886751832,-0.19343512779190927,-0.43272349741939464,-0.09387786288815803,-0.25065242462589254,0.14907458643225277,0.0,1.0,1.0,0.1,1.0
0.7395795771085003,0.5587064017254231,0.8528310894402769,0.6556342157049858,0.8278008997998256,0.40708468535817016,0.704974308459222,0.5148441919824225,1.0350465832141549,0.526848220196626,0.5401451856459973,0.0,1.0,1.0,0.1,1.0
0.1629191842019403,0.1588443240437886,0.5805560529579219,0.14900896469971825,0.17200231752425144,0.37934313456489954,0.5562992907358413,0.18845050858345885,-0.18071709234329017,-0.3741753170819996,-0.6397924086614188,0.0,1.0,1.0,0.1,1.0
0.4172275411591572,0.00451615600495292,-0.813727795916053,-1.0349267670964284,-1.0489689060378296,-0.8467946415906,-0.8564103647444496,-0.9164288048662836,-0.9863818843153696,-0.8018252302370052,-1.1726589465642303,0.0,1.0,1.0,0.1,1.0
-0.3163536211628522,-0.08871775712901742,-0.7834947607359839,-0.5183670738872,-0.28492584118245545,-0.015372087151484942,-0.01954791716387234,-0.12466440647938413,-0.44690358222314086,-0.45737587395956625,0.06502605074983658,0.0,1.0,1.0,0.1,1.0
-0.1019576678267045,0.13410026823280619,0.23937121778400652,0.29108974980113245,0.473739872616559,-0.3405286242853688,-0.8757432667577599,-0.6510759164737819,-0.7141504018195207,-0.5603933815833972,-0.6419273682716162,0.0,1.0,1.0,0.1,1.0
0.455364504367936,0.5136862104962623,-0.024173312322737894,-0.4033929537699088,0.25702811277685,0.09286534491912263,0.10132971220066328,-0.08729596194235477,-0.17063375292160027,-0.3230954965473616,-0.5698892958081727,0.0,1.0,1.0,0.1,1.0
1.0730543899534366,0.5591145012412162,0.4018151509438742,0.41023821962365814,0.05539645666168308,0.5014731269001211,-0.19102499565462455,-0.3402074424969449,-0.3466326721465332,0.043389311029426,0.620309829462997,0.0,1.0,1.0,0.1,1.0
-0.5493050557966338,-0.5174713680691762,-0.419446507670959,0.08199485763764747,0.2024350199135954,-0.1794726181456577,0.4080533716672646,0.42077468616512853,0.4769516575061253,0.6775774184666641,0.6086552057205892,0.0,1.0,1.0,0.1,1.0
-0.3240895202447936,-0.31289542040071,0.13220070611567547,0.8982090995683909,0.5613089110251458,0.3953962879651043,0.018165985337074753,0.4524470124574603,0.5681813250456519,0.18203112338519528,0.576158402946776,0.0,1.0,1.0,0.1,1.0
0.22393511558887144,-0.24309744860213325,-0.3967920937215156,-0.7000372732416464,-0.24428630758475317,0.02860557148679646,0.2238956264686759,-0.23507893084796655,-0.5929663207922989,-0.09710744398799881,0.2542315672397904,0.0,1.0,1.0,0.1,1.0
-0.15480624624139644,-0.06994997060752867,-0.14726427326131153,-0.4251292071475523,-0.3304881720347034,-0.47492282428048244,-0.6611152736719377,-0.6964729887160271,-0.8161468186633182,-0.7841008247973005,0.3129622165902146,0.0,1.0,1.0,0.1,1.0
-1.1862289057362394,-1.8155192113983234,-1.908450395400764,-1.4773009322483839,-1.8591903150687812,-1.6955371366075678,-1.5675757108988964,-1.4935202943133619,-1.3367003394189512,-1.039347921078316,-1.5827417137934052,0.0,1.0,1.0,0.1,1.0
-0.22443420256050226,-0.16753710538138689,-0.1185579963429245,0.5628647591190477,0.3639055189654812,0.11976553863075753,0.0038445713717043806,-0.31470859492745784,-0.15288963794705293,0.042542309131760464,-0.048882480510825846,0.0,1.0,1.0,0.1,1.0
0.14592433599377294,0.254647014041553,0.15048991547273405,-0.1450589448276442,0.01733707360836026,-0.009052597070027403,0.33073979202748727,0.31569821244045715,0.18696117345188823,-0.11506340109569307,0.08266169617375743,0.0,1.0,1.0,0.1,1.0
-0.3877627225343808,-0.6141506934452489,-0.3287913131462532,-0.49308918258683376,0.33999914754357036,0.695030765691836,1.2957335385357318,1.3095447020722832,1.1883072144675317,0.7730541727865916,0.5676918345134578,0.0,1.0,1.0,0.1,1.0
0.0711515304860723,0.06539421490009763,0.5490487855509499,0.9933839846857759,0.7461373193821272,0.292513097329517,0.42791941173249715,0.057707477095419735,0.05285988752788239,0.07019787946805153,0.6047824189717401,0.0,1.0,1.0,0.1,1.0
0.2330047102273599,0.40818500581996625,0.17160253048720941,0.24139301902606483,0.08314063736717714,-0.29674428637636546,-1.0231611552892321,-1.1991792256719365,-0.9856518801224768,-0.638437542388776,-0.986728753639488,0.0,1.0,1.0,0.1,1.0
0.5249967629479866,0.3149898551221934,0.38381254190934144,0.33230353226367815,0.8479356970923669,0.1491069614647319,0.3832820409417273,0.8993074988209687,1.1773046338169488,1.2306133501029495,0.19402932214288648,0.0,1.0,1.0,0.1,1.0
-0.3051411736388245,-0.3705324244731771,0.23889343244946515,-0.6365304173176844,-1.1659761308780157,-0.8417649671258697,-0.6714730425762061,-0.17951190685790885,0.1426813957349044,-0.174729169113105,-0.6165809028326825,0.0,1.0,1.0,0.1,1.0
-0.37171520897249044,-0.3279896005133512,-0.010704258435788427,-0.11804134172416356,-0.05076799013592025,-0.14365427072445686,-0.1980757403929883,-0.4198231487927985,-0.7977652134377033,-0.5503920655969401,-0.6817086788832156,0.0,1.0,1.0,0.1,1.0
-0.28769751076555705,0.13068135150959537,0.28035972966406897,-0.36694009779116943,-0.696334216769203,-0.10854876634464838,-0.7820256580425612,-1.05744588301229,-1.3296259727042412,-1.6055846433600374,-1.330085950890692,0.0,1.0,1.0,0.1,1.0
-0.6706901331912486,-0.07453906110013575,-0.1708647024263511,-0.24896497997175407,-0.1360536602871591,0.3673351606848933,0.4833703049731521,0.6121004828456134,0.596762631025178,0.8040969713544095,0.5543732855926278,0.0,1.0,1.0,0.1,1.0
0.5567861772960819,0.5499833090070149,0.35105007607985883,0.07435857307784613,0.0727410030343213,-0.21468868630984733,-0.5046339008346954,-0.33300211135660035,-0.46616906274081216,-0.2161080219622005,0.04535338923612606,0.0,1.0,1.0,0.1,1.0
-0.6987573523979983,-0.42893855089311766,-0.4115011470831017,-0.3188200577994352,-0.23820113150804303,0.02509949540146658,-0.23363376670765604,-0.6139935204185355,-1.006209290511942,-1.316963198343628,-1.1893139210819264,0.0,1.0,1.0,0.1,1.0
-0.3656708601549976,-0.4883974239209066,-0.42558310336199023,-0.988457548921048,-0.582428227168309,-0.10136988648258238,-0.14214906573735686,-0.38878599128758007,-0.5703407014912089,-0.3697950355441546,-0.5603309213189398,0.0,1.0,1.0,0.1,1.0
-0.9115197801103966,-0.989865272560153,-0.7882977840358374,-0.5619057513856444,-0.7315249124387344,-0.7444574580735186,-1.3732929035226804,-1.354000459979704,-0.8668129281347909,-1.4931150345091349,-1.340556578825168,0.0,1.0,1.0,0.1,1.0
0.541784300005402,0.2649304940132178,-0.06502558431193659,-0.05947282162887301,0.14368592311849093,0.34654491459370057,0.39578894683515803,-0.042047195985384866,0.03483566440524188,-0.332281317262219,-0.4503013482299744,0.0,1.0,1.0,0.1,1.0
0.8683313646553779,0.42564507704668214,0.3156293844744222,0.0078308468701207,0.4872409921696099,0.24167376410662805,0.24782128209824292,0.3734713038455848,0.5239075445748801,0.6913565003083695,0.9927366754757693,0.0,1.0,1.0,0.1,1.0
0.4527942736175731,0.3673595811701437,-0.2131742294148931,-0.37025876737076485,-0.30763808863066655,-0.453701178886389,-0.8068133296349851,-0.5097189939786034,-0.40513080565994364,-0.4873064700713417,-0.7938373224102395,0.0,1.0,1.0,0.1,1.0
-0.6083938461880194,-0.3369004190366434,-0.7156233834270936,-0.6685004994252413,-0.9415809347184829,-0.5308422364571959,-0.33332756393731544,0.017444765929298056,-0.03942184754751583,-0.00985039421284108,0.1469259741388569,0.0,1.0,1.0,0.1,1.0
2.004748251527211,1.6922035224590788,0.7168470515145425,0.6035593183052885,1.03325566216263,0.6817646003723442,0.28064371346027905,0.06623079469740356,-0.38413654874995007,-0.09164535001844987,-0.0580658526370362,0.0,1.0,1.0,0.1,1.0
-0.07165723666178891,-0.7698197348767895,-1.0009788102660493,-1.1306689342031273,-1.0416450707978404,-1.2865395255666807,-0.8797365812353556,-0.37185853225231896,-0.3486425940299264,0.18415028296300984,0.3684552350111995,0.0,1.0,1.0,0.1,1.0
0.4432832754293408,0.6982484707571285,0.8680522361203378,1.2139097971859416,1.5266169585409457,1.639144090613636,1.1498016920798937,1.3003432288700636,1.6553627459387072,1.6262059139993972,1.5723357901576165,0.0,1.0,1.0,0.1,1.0
-0.7419307963316814,-0.909885656865319,-0.4930513769941541,-0.08795715661293341,-0.03688358137324917,0.1894227242082128,-0.29814007141768073,-0.4357460848252009,-0.4748233059893616,-0.1803921720729852,-0.20985091738936681,0.0,1.0,1.0,0.1,1.0
-0.7745893545149904,-0.976111978383324,-1.0522145479721958,-0.9672294292697299,-0.7536619032376541,0.15343951473906925,0.39960375954689203,0.271845559842558,0.23819844677425803,0.17921386655466026,0.7192875676978187,0.0,1.0,1.0,0.1,1.0
1.0710777524016817,0.5134360159810925,0.11944823557039164,0.5463819389938441,0.3413407245933304,0.4641124082780802,0.5624743171170971,0.83917471741082,0.43202495735779145,0.5566357559371498,0.4637694639799749,0.0,1.0,1.0,0.1,1.0
-1.8602945582645396,-1.4635319160746536,-1.707330951710365,-1.8420115330051279,-1.2937841703096105,-1.3777266748861683,-1.6090670718788764,-1.51596438695086,-0.9533714798567396,-0.47303871680537185,-0.8702829597355896,0.0,1.0,1.0,0.1,1.0
0.5770857638032447,0.6197955817090043,0.15063335182323262,0.07513369813540335,-0.023026404621959873,-0.2043882493916351,-0.27458848093047783,-0.4400134474556451,-0.3168130741847338,-0.053272452599422176,-0.07291319486219548,0.0,1.0,1.0,0.1,1.0
-0.17819607963612055,-0.6137871842366388,-0.6512113242143586,-0.15921439004288002,-0.19551527765563442,-0.39146330590427486,-0.7396749518675878,-1.2427925933964001,-0.8357292779113987,-0.4088878726031152,0.0925376962919473,0.0,1.0,1.0,0.1,1.0
0.032815718957407605,-0.10546024686610767,-0.13770358008530248,-0.05801445108691798,-0.2830406129892884,-0.2377874553577853,-0.198118437598248,-0.42155121207320345,-0.5099140858578914,-0.12420147788264019,-0.5835496390494768,0.0,1.0,1.0,0.1,1.0
-0.08963605186270154,-0.058994019443446344,0.02977406208026951,0.7044934865239532,0.18234151060874393,0.4653544911426149,0.6212206135483878,0.7083331860756955,0.4797781243819511,0.39602732428091647,0.4844238490402632,0.0,1.0,1.0,0.1,1.0
0.21407955758345903,0.5296337772607465,0.49294292829552777,0.05161940158229239,0.028771083917867236,0.44358321058586564,0.4312021536754499,-0.1256872325441311,-0.001162339961721548,-0.21677512035774,0.00788697828696655,0.0,1.0,1.0,0.1,1.0
-0.05199004304793366,-0.22560525121134173,0.0813310196720122,0.2357347212008078,0.3108550381265786,-0.17477206614020713,0.15095992028146546,0.4347728715954733,0.5571286653525238,-0.15702221721485088,-0.639489164141279,0.0,1.0,1.0,0.1,1.0
0.729530561407523,0.673997146665913,0.5793545750973171,0.6655671733380425,1.243331893878692,1.4768926960342852,1.550836878605658,1.8439541345975257,1.658516152804305,1.4433862556489416,0.4986608107081719,0.0,1.0,1.0,0.1,1.0
-0.9046398019602603,-1.577466276566454,-1.5309373084486502,-1.2216668017674197,-1.167870049974417,-1.0254477774979276,-1.151610157233069,-0.8895921458197212,-1.0404847522689598,-1.3466518954184634,-1.7730242150924769,0.0,1.0,1.0,0.1,1.0
0.5716412194994572,0.28617408485066037,0.2038808938277267,0.11245658838171169,0.2652856051660189,0.028041085004678418,-0.07691137849596985,0.03335061740724228,0.31186399390262126,0.7889448367693945,0.5810109041341652,0.0,1.0,1.0,0.1,1.0
-0.2033002951105679,-0.0707591382563202,0.2080760751499286,-0.2678751820181303,-0.13591944714720974,0.5771126008112057,0.6338206878339877,0.39892095408055356,0.4428753571211672,0.5392237532658772,0.8306142059369495,0.0,1.0,1.0,0.1,1.0
0.8799203139821707,0.4964423619923833,0.7481138312354102,0.06912705457734991,-0.11405605429844258,-0.3014008288371477,-0.5083975517485544,-0.3254564749082841,-0.3603655891450185,-0.1276821905454011,-0.5537197393459193,0.0,1.0,1.0,0.1,1.0
0.5602659784706603,0.37201306314734184,0.7692164424518887,0.7083175571978841,0.48622020569900315,0.6332246947289851,0.3450582393980128,-0.27518214592258555,0.22077867727303696,-0.03917847280931633,-0.11012085142390993,0.0,1.0,1.0,0.1,1.0
1.3738286623906564,1.2231155927197699,0.7363581343235484,1.4763900363061984,1.625788023783366,1.3761422908480394,0.9932124378722703,0.8442232921719317,0.6561155907305735,0.6969448331008907,0.7958970098432455,0.0,1.0,1.0,0.1,1.0
-0.3901009341949961,-0.2803913660698291,0.5210389328111693,1.0072978546150124,0.6608227959526839,0.9503174881844271,0.5932968939984535,0.36499313306537984,0.6893091078874507,0.733069943102627,0.8454329162041141,0.0,1.0,1.0,0.1,1.0
-0.7576404588301475,-0.42460979164200846,0.08347931105310707,0.35332981975118005,0.4773301063664081,0.4503166227305238,-0.10488728565571881,-0.18905500224746555,-0.5634375333393953,-0.05791365289886252,0.4068926419185302,0.0,1.0,1.0,0.1,1.0
-0.8754217579892096,-1.0076836374098033,-1.0850008742599553,-0.8006446615622702,-0.7847170584108908,-0.3678076711851713,-0.6369401115961475,-0.4666530919699169,-0.6390359997308074,-0.7496414402110552,-0.6242523066453516,0.0,1.0,1.0,0.1,1.0
-0.6438592928256889,-0.5602234851380139,-1.2845512737297056,-1.6326347427585435,-1.5788772565559845,-1.0625950497118426,-0.7817723369230564,-0.42292027828260026,-0.7121897976442415,-0.89241014716727,-1.1340034254866191,0.0,1.0,1.0,0.1,1.0
-0.25164343551018387,-0.14014394734611615,-0.36648167623264016,-0.41620343099430723,-0.8950114148355138,-1.2884794199660787,-1.4142108175784616,-1.4090432238032014,-1.0991977127411432,-0.9954823364379396,-1.049159296521747,0.0,1.0,1.0,0.1,1.0
-0.4297771846571765,-0.6697221379411499,-0.41617393338974834,-0.32284016130935744,-0.5198752789066279,-0.014911148969581123,0.1587468316721228,0.2517468116675131,0.33218480399413003,0.242256584386923,-0.0808757973656481,0.0,1.0,1.0,0.1,1.0
0.8854041713452772,0.30602116785462663,0.08054263322328031,0.02527099800371692,-0.05483074541575486,-0.42734348611397055,-0.635484566205119,-0.970228537014193,-1.1550497290700643,-1.5129893872141689,-1.732400832053688,0.0,1.0,1.0,0.1,1.0
-0.5821217669361636,-0.7975753395913916,-0.3352199767448241,-0.18753026794017552,-0.22391455588188494,-0.39272001537962353,-0.6492641666182073,-0.2884394807866562,-0.37938806191205166,0.07877704009429826,-0.0866195305580933,0.0,1.0,1.0,0.1,1.0
-0.14616833275656924,0.29340737656838867,0.7551399889312218,0.006658948985781454,0.19091908969278465,0.14267553354190746,0.014302351259842042,-0.46287295961438024,-0.24306839371436306,0.49991199109143114,0.5857551978098249,0.0,1.0,1.0,0.1,1.0
-1.1178791743197372,-0.8386886274482979,-0.32396807672676825,-0.22984385945691527,0.20304072206642415,0.026263406196269712,0.35576921055987404,0.976860378152258,0.7141737123090394,0.28657500127433816,0.21823737491650344,0.0,1.0,1.0,0.1,1.0
-0.5651817687469933,-0.6449005154677039,-0.8517478146026455,-0.3606615317449431,-0.33125418414192864,-0.034520904195761426,-0.005569627425811668,0.127091498652184,-0.3203244172340035,-0.7899629771589805,-0.6668289800540536,0.0,1.0,1.0,0.1,1.0
0.610315342244042,0.8537969382297884,0.7091880908036319,1.0262045435377467,1.3529167588852873,0.9979573852370845,1.2093707876763635,0.8150628325186913,0.7904220623589449,0.3840579854712035,0.05560516667776255,0.0,1.0,1.0,0.1,1.0
-1.4176732212256378,-1.5177659809011195,-1.0645992582028025,-1.1714364964284456,-1.0737852496161568,-1.0578050892411606,-1.3821911345403133,-1.5692443520009807,-1.4862957220895225,-1.1825124840396068,-1.6441313199202443,0.0,1.0,1.0,0.1,1.0
0.0545830044985326,-0.18003783048751848,-0.7209042035993559,-0.1972780583328841,-0.04051371766876813,-0.1500801937718646,0.41391630345555164,0.6244728323682389,0.9081973320840397,1.2142738145906122,1.2188070863942904,0.0,1.0,1.0,0.1,1.0
0.5107392581634673,-0.0655443854659894,-0.5464762094951992,-0.8975458992054968,-0.2187668987992708,0.12181357850406249,0.21160487234363268,-0.4280113014463295,-0.3966144635858769,-0.49679761648450704,-0.35130937020270897,0.0,1.0,1.0,0.1,1.0
0.27028122556756906,0.10265008527811609,0.07977521113069952,-0.04635882570833669,-0.08028174807360411,-0.5047815096944466,-0.23831527499379648,0.1398376961403514,0.5781561574642452,0.31647537350393495,0.6231808683337066,0.0,1.0,1.0,0.1,1.0
-0.1436276096823204,0.42360922299821746,-0.2758196115225848,-0.12224948077449563,0.4174070220328181,1.062930767262299,0.967677897231882,1.1702445913835664,1.478140044944131,0.8422258941371074,0.7846956385028294,0.0,1.0,1.0,0.1,1.0
0.8421552677723957,1.4664157131193791,1.2809848140301128,1.1739787824183938,0.8027666760029779,0.790406443619375,0.30484749227544256,-0.06384500904458612,-0.09650233581693973,0.07007354201027732,-0.47019933399282493,0.0,1.0,1.0,0.1,1.0
0.39175750707730045,0.690876445810709,1.2993956507275404,1.3721011933073994,1.019101549487381,1.0143497345798487,1.225205805446135,1.0311363440718382,0.5826324425422449,0.22554231861225366,0.40241059453753714,0.0,1.0,1.0,0.1,1.0
-0.2041910249159574,-0.012674837443113762,-0.1313820532092166,0.23689832860819335,0.2722039693144454,0.6245269970211961,1.0219924300792316,0.9891783608807792,0.5759910854899106,0.8819445525889194,0.7740599720224707,0.0,1.0,1.0,0.1,1.0
0.9561064653872995,0.6621141083694765,1.2797514492231912,0.5609519707436961,1.101313269193014,0.9096595679058626,0.8805067100352719,0.8265374782807428,0.7097285684869823,0.6311823319791474,0.6876270619724653,0.0,1.0,1.0,0.1,1.0
0.4981069646660512,0.6660888130501076,0.3719259468378242,0.645236322852913,0.40066254346940455,0.5691402873214737,0.055702013166857134,-0.25595796789873393,-0.36928341438650103,-0.7886536383580256,-0.9477730609344491,0.0,1.0,1.0,0.1,1.0
-1.0605657800539507,-0.8240553069286354,-0.475875752689939,-0.38821790824352304,-0.3987361985463602,-0.45607987316205917,-0.3880985588347754,0.06739802021651653,-0.09621401384293247,-0.16972101256864647,-0.438760150278158,0.0,1.0,1.0,0.1,1.0
1.346216931947562,1.2057235821732202,1.162368388231829,1.2570328435077793,1.1590231825676305,0.972586827409089,0.5374506699827609,0.5791372751205172,1.3220033223606005,1.1975897191410267,1.177799511608062,0.0,1.0,1.0,0.1,1.0
0.5420614393334704,0.5331087187760959,0.3444608929897648,0.26325710119920215,-0.23602909864845142,-0.3324001722385716,-0.09111011166502042,-0.45755716653236495,-0.6686697219739863,-0.6411444749058629,-0.48472722198625867,0.0,1.0,1.0,0.1,1.0
0.3281348783149051,0.2600288884999017,-0.1972608495689153,0.38606834547546176,0.7222403519757622,0.5907371048356811,0.39253438935891316,0.7549523077456013,0.7402088535756659,1.147306187088628,1.1048915506410033,0.0,1.0,1.0,0.1,1.0
0.09614146698750112,0.21788254384764816,0.3393227166779552,0.7223179770909827,0.367623859034825,0.39344377560938404,0.4288789080930032,0.3598968898145829,0.6751540306080902,0.24879198274194514,0.5299255677328201,0.0,1.0,1.0,0.1,1.0
0.7265718738808414,0.6807865214477263,0.21588600899879107,-0.30860201011802957,0.02209894372107879,-0.25774925046792374,-0.418875504539313,-0.5778679853342639,-0.4573220099491727,-0.6898550267556305,-0.6803843153169706,0.0,1.0,1.0,0.1,1.0
0.2100268157470518,0.33408367478640133,-0.2729607457128908,-0.44885668126415873,-0.2821696875981468,-0.8475732788844127,-0.8966672161683922,-1.0241652318112133,-1.4119900631252815,-1.7914041467707524,-1.7332174840883487,0.0,1.0,1.0,0.1,1.0
0.4773501970012761,1.048924200072308,0.5220821954269842,-0.03206409613055444,0.37610256032353717,0.3498243453838229,0.26514886990081526,-0.07265381703884233,-0.0998266063808442,-0.7523508249338364,-1.0778948505989967,0.0,1.0,1.0,0.1,1.0
-0.14693953561208423,0.3353058090454797,0.34526757798294117,0.15686902714846856,-0.19819112991717863,-0.15755607992679257,-0.3856589927677714,-0.18553305902964978,0.1735573635531131,-0.1360610461626966,-0.12495862703295342,0.0,1.0,1.0,0.1,1.0
-0.4102845923239973,-0.02610881237670598,-0.6344729661468642,-0.19152886170148875,-0.19132045261093703,-0.011937239612616501,-0.005981359041384155,0.7183338797874027,0.6013405427532869,0.39228516320025225,0.26281092784439436,0.0,1.0,1.0,0.1,1.0
-0.7120585867406907,-0.11313890863894105,-0.2005830138602786,-0.04287596532071572,0.2130986806972469,0.4070169357177359,0.18500372527055278,0.43703136649897134,0.05506983842851226,0.7246189182429864,0.5080974362482248,0.0,1.0,1.0,0.1,1.0
-0.44565332799003193,-0.7577831407098414,-0.8177192868217814,-0.515558615671596,-0.39820750403702465,-0.7381502383711263,-1.0422926248894424,-0.6594598027370397,-0.6208013739746201,-0.534714378531768,-0.4416526084237953,0.0,1.0,1.0,0.1,1.0
-0.9440636360745571,-0.9571887422392025,-1.1889331764087034,-0.7623277439446905,-1.0133489286218915,-0.7229495981928111,-1.161343692404854,-0.7180265388494506,-0.7032975704834855,-0.8699051515047356,-0.5422438357425784,0.0,1.0,1.0,0.1,1.0
-0.4058482242052483,-0.4946876361892222,-0.5421387016264708,-0.39904032662224365,-0.2886566006974993,0.031446681626969064,0.03362486479622624,0.08737921183042827,-0.0917117380078659,-0.29879471907947364,0.7506091571481218,0.0,1.0,1.0,0.1,1.0
0.5784231955725099,0.8790813057245761,0.8128140636585964,1.0965971616845944,0.6498554425804532,0.48508939915761884,0.8030856842147618,0.7440943836012663,0.4097728224598595,0.6349375860238076,-0.04412984042239665,0.0,1.0,1.0,0.1,1.0
-0.8870821472314179,-0.9492184244642133,-0.993186376157394,-0.7979049954641237,-0.9194898992323318,-1.0189500394338027,-0.6838322809839678,-1.118302738276758,-0.8917507054335141,-0.8339744286468453,-0.6239862353250324,0.0,1.0,1.0,0.1,1.0
-0.6057575985398579,-0.22250107790327212,0.15036647271051778,-0.2670526403152075,-0.23999473682063024,-0.6817613046105304,-1.1775817932399433,-0.8873415257535724,-0.9947966961316096,-0.670829529895355,-0.7514863313508789,0.0,1.0,1.0,0.1,1.0
0.2272125318695754,0.1387558663498718,0.41377144379828035,0.5844700502436994,0.05054471807993677,0.21256803929573392,-0.10496650389088169,-0.30889432779614734,-0.2975627600260285,0.1183088041206658,0.2248777300038769,0.0,1.0,1.0,0.1,1.0
-0.20918845211981849,0.026915520738759996,-0.22942391456576114,-0.30869990321962937,-0.8617903070725831,-0.945482662367877,-0.7715591380787853,-0.17358335470402841,-0.4182204986199265,-0.8273502790611547,-0.7950321610656161,0.0,1.0,1.0,0.1,1.0
0.6599679736900905,1.2839022757589862,1.1853162813951483,0.8501391447910012,0.6460240396187483,0.3182681112602788,0.7427716659308861,0.3982212902585997,0.8331919142562083,0.8713588250835451,1.0514249213002413,0.0,1.0,1.0,0.1,1.0
-1.1824386608325268,-1.3347734660381432,-1.4512286450495564,-1.7891313668052276,-1.264850570809374,-0.8743978517036444,-0.7291125250831183,-0.3200838802164725,-0.3254931296287982,-0.651194928970898,-0.6658034068901456,0.0,1.0,1.0,0.1,1.0
0.5638280788122231,0.048576466512265104,0.2588500620709979,0.26741208265083183,-0.16288573077865443,-0.13476670005622216,-0.08505582571722031,-0.0008467526542422776,-0.03585884648782529,-0.0187430148068134,0.31330044208008534,0.0,1.0,1.0,0.1,1.0
-1.5304525884794682,-1.265618353258156,-0.9958815420432694,-0.8561842524697277,-1.0389514631732388,-1.2091025015911356,-0.7992890335969945,-0.4067611942356925,-0.9889191908233224,-0.32454423709728863,-0.5360081242944884,0.0,1.0,1.0,0.1,1.0
-1.2113214707431363,-0.7846007626175537,-0.24355801217601403,-0.05327553635568785,0.1257008945412013,0.23701267061216202,-0.46985698083108984,-0.8258320565240829,-1.0641750292735817,-0.8435874913706564,-0.7025167224399728,0.0,1.0,1.0,0.1,1.0
0.9802863567415053,1.603953640954846,1.4637588390841159,1.2923677314074746,1.3413969712247908,1.4443887079208,1.3557185192564714,1.6075636060230458,1.278629857639688,0.761029850417084,0.24842108774474103,0.0,1.0,1.0,0.1,1.0
-0.2968142667104598,-0.27417829855959686,-0.07084273079117709,-0.8896211058250852,-0.7644133405492493,-0.6270172625157003,-0.7842836605322023,-1.0281994808520547,-0.4966457560963055,-0.7720690052003683,-0.9357678005245251,0.0,1.0,1.0,0.1,1.0
-0.20362460618262432,-0.21111971929312187,0.32775663709159,0.03414080053397367,0.007978576502615308,0.19087836318423973,0.833304553168321,0.8040920671546935,0.5708827242220664,0.8814611321998636,0.36062833407365436,0.0,1.0,1.0,0.1,1.0
-1.4316772471370556,-0.8916377665719055,-0.42766795655096396,-0.3991772037416896,-0.5532805683820716,-0.5988743226494457,-1.3019115794813678,-0.9733100777838898,-0.3259914930108325,-0.5889427961588853,-0.628761348049809,0.0,1.0,1.0,0.1,1.0
-1.3133456783363848,-1.3880330153961653,-1.1678423581001172,-1.346178062275128,-1.3983352918525858,-1.5714402180445401,-1.2942919924403364,-0.7788748367866745,-1.1055420511819842,-1.2978918669273716,-1.1062445563434273,0.0,1.0,1.0,0.1,1.0
-0.8653050302048405,-0.6796878066501362,-0.8054894879799572,-1.0261574444011938,-0.9926203549313248,-1.0530586437151865,-1.486177552650045,-1.3855567873646724,-1.355858261131214,-1.247234543062899,-1.1474160404115157,0.0,1.0,1.0,0.1,1.0
1.0036606442240132,1.0618056316958067,0.31726074703128715,0.014189488665152294,0.40466080942783617,0.2725042550363867,0.8672774371115849,0.54603854762749,0.699365578299088,0.42805859285462144,0.12307361195147265,0.0,1.0,1.0,0.1,1.0
0.39515852638853544,-0.15778259769005915,0.21529796028285772,-0.19795079713091995,-0.5623406463714055,-0.5798491713257893,-0.4344071701553663,0.006859128284831151,-0.10897369651932787,-0.4439622070337757,-0.2041512105003593,0.0,1.0,1.0,0.1,1.0
0.41559195963961154,0.5266647086989888,0.7515787359562403,0.2847188402948201,-0.17074457949091565,-0.35161927573717033,-0.1862941699217072,-0.18861082793405165,0.35667191737907233,0.24448753415450433,-0.05601892605010708,0.0,1.0,1.0,0.1,1.0
0.7000706646070425,0.8169687207296834,0.3286719606177593,0.7806274815173226,0.7927071713955267,1.03152171884444,1.114559088999454,0.5281880114398494,0.32309772780042456,0.47142219854554906,0.8878425388844304,0.0,1.0,1.0,0.1,1.0
0.7916858909418928,1.1728443276285545,0.5613242251260209,0.4034518236460358,0.22922622427989967,0.28285748342156625,0.4092757854302113,0.35956923947575287,-0.03587839822508215,-0.14719470185032976,-0.23813443752504143,0.0,1.0,1.0,0.1,1.0
0.6100121165220499,0.8352303065646971,0.2906933379327268,-0.2617207647208408,-0.5686730601001242,-1.0681604898125343,-1.8313900176099969,-2.0765897524767314,-1.911726544870544,-1.8899533640337274,-2.2911537919960336,0.0,1.0,1.0,0.1,1.0
-0.8520230360506561,-0.833594976433647,-1.2677366952346967,-0.2995584009302431,-0.232551342632075,-0.163707291914529,0.37150194583118884,0.7414245097309897,0.7633346109502468,0.7376310568436201,0.01508649471046053,0.0,1.0,1.0,0.1,1.0
1.9319033750309593,1.8301567393782052,1.2211559373480574,0.6135960888442196,0.08768857861954305,0.03400114422216777,-0.1531496279365617,-0.2452045316311457,0.4001885339054779,0.9407200136531908,0.6742421773153693,0.0,1.0,1.0,0.1,1.0
-0.5320839880661656,0.04268896099647057,0.153925902206383,-0.4709868332955327,-0.9248963117939848,-1.2537405676727442,-1.3976140443908234,-1.0368869716545643,-0.8405092896918914,-1.2325341189641827,-1.0720267740344709,0.0,1.0,1.0,0.1,1.0
0.5025090427782307,0.4191649951232914,0.38937537684417567,-0.22605957553859313,-0.2607899190861361,-0.5028373921511264,-1.11222985051967,-0.5609709652745454,-0.051853997672046515,0.16467723806105217,-0.16950433910920287,0.0,1.0,1.0,0.1,1.0
1.3407749131814795,1.4491472656816076,1.2894653193811942,1.1100486709263482,1.0885631085710001,0.5071459581137043,0.44582052147882323,0.18648908515789597,-0.381230513917328,-0.28349072975173667,-0.2322942725114537,0.0,1.0,1.0,0.1,1.0
-0.8388914344878582,-0.8565910524350784,-1.0560273213455318,-1.015445138092446,-0.9354614545281905,-1.2730967033058789,-0.38211729866012945,-0.39968704797334675,-0.27461945800215254,0.1736449064789758,-0.11612424539396382,0.0,1.0,1.0,0.1,1.0
-0.3752384681028611,-0.536719517021583,-0.6551711674729913,-1.302046406933198,-1.1643779183523335,-0.6016385456446762,-0.6738131974539266,-1.018739921896649,-1.055705019208072,-1.116729505961909,-0.9895272643351011,0.0,1.0,1.0,0.1,1.0
-0.15030257692541657,-0.041762587165391454,0.42521875851104346,0.02214797210622621,0.3632413040330704,0.2200940873296676,-0.04890479607364254,-0.37934645660806643,-0.7422999757680175,-0.566219341649024,-1.1874663791717852,0.0,1.0,1.0,0.1,1.0
0.48345634571129253,0.053592982598796635,-0.1501231162505693,-0.25181958116985353,-0.4214649995924916,-0.33015642958038854,0.026743107674890076,0.2287635395959783,0.16917123304637421,-0.5238370296331266,-0.6864506022602135,0.0,1.0,1.0,0.1,1.0
1.5786774998863662,1.052675876109225,1.0528345441153142,1.1737970521451886,1.145182871016859,0.9004526858987627,0.7501158918163334,0.2323238192034648,0.5014680348159748,-0.02524176014816143,0.06191132965027144,0.0,1.0,1.0,0.1,1.0
0.4803931167986565,0.3773322781248955,0.1725598524373134,-0.41592201975889664,-0.019123470404899756,0.3817714346056196,0.5627589249526213,0.17231315277676473,0.555971369668355,1.0747109974077205,1.2388242685478001,0.0,1.0,1.0,0.1,1.0
1.0779979654420553,1.165388715877017,0.9138837167390879,1.274366221104087,1.730060218548164,1.8568811268925807,1.5234207564486082,1.5696247331005886,1.7897390625692866,1.1026532067690646,0.8592606520610832,0.0,1.0,1.0,0.1,1.0
-0.10685070233016886,-0.31567186653717305,-0.32710115772382986,-0.45425987406661295,-0.14194382738526645,-0.8524079136161062,-0.7867633724545677,-0.744957048168872,-0.2872048211685936,-0.16301434482244379,0.12136772730252254,0.0,1.0,1.0,0.1,1.0
-0.4556403824694886,-0.42654243162555766,0.17776702163493396,0.14373624780545183,-0.20793157390651656,-0.16551348717785958,-0.8443527772427837,-0.483335899833941,-0.23076145949268004,-0.3539604077409946,-0.43907909804144957,0.0,1.0,1.0,0.1,1.0
0.9561295171524169,0.7112460751285306,0.7638311676368367,0.8735698722106641,0.9382376992966012,1.3147937442983564,0.9658013101429971,0.8151245872794405,0.36899326908739455,0.43592111330594996,0.4447523810020989,0.0,1.0,1.0,0.1,1.0
0.3561293405418415,0.788255432311499,0.18644838318145396,-0.023894558893602785,0.22798104956131032,0.643327428586371,0.8618197197963517,0.8313778050149797,0.706225920744295,0.7866179401555748,0.6344435887051667,0.0,1.0,1.0,0.1,1.0
1.2580341842427603,0.7164502670087619,0.701860160992474,0.47358207114216044,0.8212264346512939,0.8363581178981482,0.3709676976316938,0.504916686844626,0.12959732032180682,-0.24084423209429365,-0.1041154397834851,0.0,1.0,1.0,0.1,1.0
0.3256366465768377,0.24985745426787853,-0.001318137790727647,0.05458440184101759,-0.033726794709430026,-0.07277058290345356,-0.24881367582651084,-0.14359037018767737,-0.4256597910024763,-0.10631597534075832,0.03331595184537603,0.0,1.0,1.0,0.1,1.0
-0.028391047727956812,0.19850105093957648,0.1404416341040101,-0.7399691347912716,-0.28885932125163405,-0.40814317266935896,-0.21689377460309917,-0.47916447953725194,-0.25463957274460614,0.16470650691589633,0.31411407345743936,0.0,1.0,1.0,0.1,1.0
-0.21840694032482438,0.25947000872346215,-0.027073408940263416,0.06081870502486193,-0.23175506014102062,0.09105541161261091,-0.1717615341214916,-0.1376335489360403,-0.4201637406733029,-0.2549854531736958,-0.07119727832727124,0.0,1.0,1.0,0.1,1.0
0.41739620730852445,0.5740021561549167,0.25521904061071615,0.15303091860999352,0.13440488432336556,0.23011256165183208,0.15384592402163555,0.029758772767503675,-0.11787648844075269,-0.24078166007921034,-0.5934587554602361,0.0,1.0,1.0,0.1,1.0
-0.03287617955951186,0.16933455285972238,0.2501138880348962,0.0037729063791601958,-0.1105856038311454,-0.2664325887808663,-0.48666439933419575,-0.6447269722651376,-0.6776590687752924,-0.014383888247396559,-0.045720455245610685,0.0,1.0,1.0,0.1,1.0
-0.45243161935398585,-0.74634876206714,-0.4934626297117831,-1.1338602908466902,-1.40720035247875,-1.583558929857128,-0.4147066432850528,-0.5245881335435612,-0.28225390931367966,0.08169123845875187,0.08029168754083565,0.0,1.0,1.0,0.1,1.0
-0.39555637815347144,-0.4122011833373068,0.4412178796603375,0.6009227949274628,0.7395920823683144,0.6790610120549941,0.5592831040520723,0.384665191141898,-0.0355355413450722,0.3500014215651614,0.4362278488414447,0.0,1.0,1.0,0.1,1.0
0.3923086613782812,0.01192685265678406,0.21984415664981408,-0.041700143627726505,0.1917500478973923,-0.03347731397832207,-0.22504654551185466,-0.05368126493960912,0.007753286163534705,0.64420623966335,0.38607784289929664,0.0,1.0,1.0,0.1,1.0
-0.05662414377031757,-0.23511393841305517,0.08955957326396585,0.4374872956235442,0.41080491323228113,0.028532581531164725,0.20577970819474786,-0.125395260834479,0.04375434182039363,-0.0578308769647305,0.30979918439331744,0.0,1.0,1.0,0.1,1.0
0.49635007712487483,0.5493390739123378,0.17603693263508102,0.00246639466621168,-0.009552124681908535,-0.012520492066056257,0.0054813341065201755,0.06755453098886327,-0.10210060672547318,0.025461615063972418,0.010651735915634133,0.0,1.0,1.0,0.1,1.0
-1.2709885145486381,-1.2028933577494216,-0.7248377624020085,-0.9481792443834456,-0.6724513462574189,-0.5095828474208803,-0.2132836161396216,0.13457009916171708,0.31804295279368433,0.32266961809542044,0.7488918100982338,0.0,1.0,1.0,0.1,1.0
-0.5038693484059066,-0.28873784618047105,0.24755481770808163,0.34673122908913995,0.4626687244761343,0.24625971073658467,-0.5226573653457268,-0.25163058521078574,-0.5543026644020319,-0.3785089054739813,-0.31758336031231993,0.0,1.0,1.0,0.1,1.0
-0.6690074379402666,-0.6139681254789136,-1.0277740775186186,-0.7096173901170783,-0.8481981880095774,-1.1743263637997816,-1.0375395092690105,-0.5371261182061551,-0.9228899173913288,-0.6545267413369236,-0.3747046149833999,0.0,1.0,1.0,0.1,1.0
0.08791203175726721,-0.33247406691681036,-0.22174498593790162,-0.08165049389900163,0.21267883555771674,0.07310138282377208,-0.04596159761304036,-0.4221066114552988,-0.06242964744342072,-0.0019062908667668022,-0.05148817531459632,0.0,1.0,1.0,0.1,1.0
0.23175181027866912,0.44407562590656546,-0.058111459749380756,-0.20568209271742072,-0.6719500535743602,-0.26701587758431755,-0.09684023732313654,0.33167561829925296,0.236410024874858,-0.13544405676417834,0.06981400376340981,0.0,1.0,1.0,0.1,1.0
-0.6002369306281251,-0.2660422073517906,0.08466897767976148,0.015053164471767425,-0.41373281239258936,-0.7584600139708444,-0.01719998777556675,0.16415464933256335,-0.17054707542058486,-0.24312388211104574,-0.26429329658673295,0.0,1.0,1.0,0.1,1.0
1.1923645654391186,0.5649223248903502,0.07295735051944052,0.003434596925448466,-0.5765925657127016,-0.34146211711097463,-0.24355561657106384,-0.6557081351721286,-0.564201770131082,-0.5689884633148183,-0.21730765088510268,0.0,1.0,1.0,0.1,1.0
-0.46728095938584463,-0.26712141272428447,-0.30434544403388447,0.0824504295538323,0.47052700717005924,0.13816634127244642,0.00014164682993972333,-0.10571522875948901,-0.2902049702443423,-0.40149944455247244,-0.6244706572484263,0.0,1.0,1.0,0.1,1.0
-0.9980072841419441,-0.658780422778939,-0.6064139494556942,-0.9867676916474223,-0.967270347424811,-1.0746162834733348,-1.2762501429375497,-1.43876083640105,-1.5853131750634888,-1.3733194459323836,-0.8642703497447607,0.0,1.0,1.0,0.1,1.0
-0.5644119914475564,-0.4582919230217609,-0.41698607926437814,-0.09795381409204723,-0.06382550475081823,-0.24207090765113431,-0.3808858466367131,0.30755380837118845,0.3419993209990767,0.3908918148004243,1.1052236717510269,0.0,1.0,1.0,0.1,1.0
-0.6260735691531019,-0.7942189663421583,-0.1420031483343418,-0.2826723451579951,-0.20333153740158455,-0.1500980692525716,-0.11236422184031739,-0.3983438557506675,-0.8011813770527234,-0.9255837210586823,-0.8749340275145066,0.0,1.0,1.0,0.1,1.0
0.18090612985338006,-0.21506784358211087,-0.12411346489566073,-0.49254060027921626,0.1449806529041675,-0.05912495499226042,0.14894843773924726,0.7292059563489073,0.6785170375596916,0.12258395047282256,-0.05759703002822027,0.0,1.0,1.0,0.1,1.0
-0.24694160161023587,-0.7526483995115048,-0.42156077280635373,-0.6942223285884808,-0.6523898660988093,-0.3080782089737217,-0.88863170337102,-0.8408829577875494,-1.0104822529331545,-0.42653125086417526,-0.6677046102154778,0.0,1.0,1.0,0.1,1.0
0.038865861182318315,0.2187792664663032,0.5488704822351477,0.7651615197415095,0.7398442634376008,0.9319625131681364,0.9336702270061787,0.945443246117615,0.5584040201454741,0.4388976750637799,0.363245270246389,0.0,1.0,1.0,0.1,1.0
0.5408765622621945,1.050780918047938,0.6688499191177705,1.0259046178190472,0.7231628432670861,-0.00867877947503215,0.7559263149966872,0.28814692837921785,0.02586775793162932,0.15155165688488426,0.16434437788119038,0.0,1.0,1.0,0.1,1.0
0.4871778423817204,0.4178309092822487,-0.026503542565068594,-0.27111754646453706,-0.06096724980696655,0.08353289154776708,-0.05899798671283374,0.015092407259230028,-0.03830070908484979,0.17096369818634405,0.44903262389819854,0.0,1.0,1.0,0.1,1.0
0.08140809725527759,0.08186550256364246,0.07165417604025899,0.015198374529872827,-0.17118536328701683,-0.067433137882387,-0.06254978148217535,0.22896509643401836,0.590267273859558,0.36056602172317764,0.039313422845827006,0.0,1.0,1.0,0.1,1.0
-0.4231685727638422,0.1468386725484256,0.3683980084579974,0.45968226297010506,0.4118151745930921,0.2226716890990256,0.17432517366814362,-0.189110516404645,-0.46340453211910226,-0.887940307801961,-0.9107520995003491,0.0,1.0,1.0,0.1,1.0
1.6637654832860722,1.6857515575836735,1.8603422025872574,2.1165715189032763,1.57443516699423,1.2790968540440184,0.9897212355794767,0.5514811862275297,0.13082636080248722,-0.5041154886833554,-0.06731212533839326,0.0,1.0,1.0,0.1,1.0
-1.2146071646515255,-1.0434271006485412,-1.443399730619618,-1.2140944545556718,-0.7087213817680791,-0.6666371500051275,-1.0813197549877553,-1.2500341205657706,-1.2361518310294144,-1.161592231998073,-0.9364852195777231,0.0,1.0,1.0,0.1,1.0
-0.5353218477243177,-0.3306003826607791,-0.2655050333262069,-0.2572559242053153,-0.1432466254702696,0.35498133168756074,0.24423423567421582,0.4063649039687439,0.4592757981153839,0.5388654608044968,0.7061770603239744,0.0,1.0,1.0,0.1,1.0
-0.12468476838696886,-0.00047858563013322697,0.07404083592286792,-0.4104163490229188,-0.3555937691596478,-0.4776523167131572,-0.36778676641438796,0.2915262970954904,-0.04717280059853918,0.28364291454912993,0.3858847009600628,0.0,1.0,1.0,0.1,1.0
0.4498291473727891,-0.20285220690793704,-0.23987727726225627,-0.43250193604673726,-0.25240803997019146,-0.5476781223672068,0.20492470000330476,0.44939461091189126,0.32231895370276004,0.016591827154116556,0.018261583958886593,0.0,1.0,1.0,0.1,1.0
-0.04633786037069647,0.29616452213461814,-0.0438404936655748,-0.2512808411471045,-0.43234156702709237,-0.5030575639074895,-0.396041805437075,-0.1519007257024006,0.07394849324096131,-0.8218457086611388,-0.6701902328509363,0.0,1.0,1.0,0.1,1.0
1.0245245994787775,0.8593755359678364,0.7929116379013386,0.5183885965445524,1.0896817155874665,1.3538570735374114,1.124450935413581,1.529993299874286,1.2235687602825513,1.82644023745883,1.938040461834225,0.0,1.0,1.0,0.1,1.0
0.6153828916137023,0.248075863674174,0.2512969277149457,0.08643953696453088,0.3346919350243953,0.33131584904469513,-0.03510973074358292,0.09269327230492855,-0.07452669315731834,-0.40904402329216,-0.25726079961888226,0.0,1.0,1.0,0.1,1.0
-0.669673117047462,-0.15988509659680006,-0.7334990464353296,-0.6073928442742714,-0.0732392162124712,0.378013457333626,0.6373259367179367,0.5108922144594783,0.6460776170494538,0.3782239155409376,0.4942446996629605,0.0,1.0,1.0,0.1,1.0
0.6398497575451914,0.42574293271614755,0.3851565303605694,0.7316757191872212,0.5986494401051998,0.6569051425082633,0.561806312397337,1.0601480633538367,0.6441809654272406,0.8335113948351952,0.7403261838542223,0.0,1.0,1.0,0.1,1.0
-0.8949990378924197,-0.3272495694635546,0.2081350660254236,0.631195566659753,0.4341768705422539,0.6170110012809165,0.5366491320539831,0.3334008656016646,0.14475448413681316,0.3486491436066175,0.410781027339235,0.0,1.0,1.0,0.1,1.0
0.5027649095454197,0.6245270212016549,1.0859500632712422,0.8822515426859132,1.01951779927938,1.1461001608850774,0.7976143924403672,0.3569206409288673,0.3430854289294663,0.07517177472127917,0.23689047450990552,0.0,1.0,1.0,0.1,1.0
0.385218811387511,0.2650247585560035,0.07936176297590797,-0.16300649122576383,-0.04202321503184003,-0.11421057264994627,0.397331404607174,1.2050218750668396,1.2543663106924343,1.266295569125539,0.9870763716374598,0.0,1.0,1.0,0.1,1.0
-0.25143269217531594,-0.10874272527500471,-0.14695906388174546,-0.1588213801650185,0.4046881685398383,0.3675310977204152,0.4585023197110739,0.47895541942631914,0.2737708252291142,0.40061954601084104,0.9895166015794646,0.0,1.0,1.0,0.1,1.0
-0.3853578206474286,-0.7440409816805802,-1.2533516269662182,-1.4303991755477097,-1.7587209699995325,-1.1772473960311052,-0.7312679876929689,-0.7824472186061278,-0.4395374614546973,-0.49968517470707274,0.214931765584351,0.0,1.0,1.0,0.1,1.0
0.1785588470578757,0.3714566526537162,0.2310813918822915,0.6818556462004206,0.7091402638968428,0.468558971850013,0.6147387538152574,0.43065730885979375,0.6773130703938286,1.445752152473358,1.7144451099268405,0.0,1.0,1.0,0.1,1.0
0.07284112451242504,0.30736939877562697,0.6366281690349301,0.6098305782474054,0.7439854259896547,0.3153138563279388,0.9819820305007638,0.9243691471011316,0.650254249770124,0.4846078505461818,0.08416337513163985,0.0,1.0,1.0,0.1,1.0
-0.7460127462156877,-0.8793526613818812,-0.42113421124118755,-0.46312945901053326,0.08546314052969045,0.3548667948699836,0.14225103758886942,0.6190603188635744,0.45433912675654026,0.06581773251107631,0.36302995061755,0.0,1.0,1.0,0.1,1.0
0.20319846126126503,-0.35704626589487914,-0.26374108669464996,-0.1534272106713693,0.04356978416029003,-0.0920260834624714,0.036864455686142536,0.3815220491621584,0.7631051183553537,0.7807797508852359,0.5606920018119949,0.0,1.0,1.0,0.1,1.0
0.47514749872243145,-0.24215385390151856,0.09704414924072977,-0.16100627589965869,-0.2741983615744351,-0.8298188011282386,-0.4427880493344979,-0.2728844695744629,0.2183518485084419,0.1490323360329459,0.04873730909398927,0.0,1.0,1.0,0.1,1.0
-0.656363418847836,-0.6230961117905415,-0.923386900212415,-1.300140719875954,-1.3820114464660649,-1.3940978879168127,-1.5979330793564446,-1.3677128763483493,-1.0922616319239322,-1.2004264873544297,-0.9674762371748509,0.0,1.0,1.0,0.1,1.0
0.32466400657395095,0.29213823596152666,0.6572026266091451,0.8290753843677969,0.6142887603647542,0.4681283618387516,0.2955223783397913,0.3927011269125946,-0.12449787290704156,0.23272585301910304,-0.2631116429889896,0.0,1.0,1.0,0.1,1.0
-0.6262776921362215,-0.6879893303878668,-0.39073440122929265,-0.36391688466630334,-0.7392773728491979,-1.0500826482995917,-0.5428611492124967,-0.5841925385971798,-0.3340140660251663,-0.02009254687945522,-0.1650132402637998,0.0,1.0,1.0,0.1,1.0
0.26546023335138613,-0.07989927832344912,-0.05646689918395389,-0.5114050482985214,-0.8033374874525522,-1.100840395313492,-1.2835929770206909,-1.1923385431209352,-1.0636806750686105,-0.7520281138604809,-0.7171234302856707,0.0,1.0,1.0,0.1,1.0
-0.6324033342929791,-0.5297747699662558,0.14626141437041584,0.5510088404672157,0.29279410723016097,0.15356955259896926,0.820765515587513,1.0816909416768812,1.0131406985579303,1.5985343232159077,1.6830650480084328,0.0,1.0,1.0,0.1,1.0
0.8978606942133259,0.48675182520835525,0.22486666064532307,-0.35909015360584856,-0.12512561909604972,-0.34835326283207957,-0.03963305946728901,-0.0131228378974792,-0.139948913257103,-0.3230124288939989,-0.27132662913657357,0.0,1.0,1.0,0.1,1.0
-0.13038875641720002,-0.49976384066026797,-0.1824167252002964,0.07055933902574169,-0.34381995755753203,0.010810137984941126,0.16624646893124675,0.2205840251183455,0.5475824743773529,0.44038668727163555,0.5294527471531325,0.0,1.0,1.0,0.1,1.0
1.0913185790066116,0.87357859759376,0.8300374803849049,0.6496728267941646,0.8388465961698571,0.8337062430022558,0.6563317515242689,0.4974957500954644,1.0093628662792566,1.1165577667919238,1.2241431436117851,0.0,1.0,1.0,0.1,1.0
-0.10885364467793367,-0.2178361770375551,-0.5753582941613442,-0.6502257719204952,-0.6690986171417435,-0.6843308958667579,-0.927749624443968,-0.8772518115080578,-0.8633322644998114,-1.1153871348910653,-0.6674615302112759,0.0,1.0,1.0,0.1,1.0
-0.21528414283133687,0.13641290788627566,-0.19452516092642913,-0.36315384564428504,-0.5239343453320272,-0.4334936532893185,0.2614973647495456,-0.15523358280671418,-0.3335324717036775,-0.31166122350307685,-0.162259162635554,0.0,1.0,1.0,0.1,1.0
-1.738532659274049,-1.5645113738909266,-1.2675202189997323,-1.244839567568326,-0.7401218855235685,-0.48614242536459173,-0.8130459207870776,-0.9047810604980465,-0.39310298969883317,-0.68516612888829,-0.27989936413030764,0.0,1.0,1.0,0.1,1.0
-0.8944070929623283,-1.1165768273957344,-1.9634559782383565,-1.9882505656513345,-2.068249244353199,-1.9844837124853592,-1.7164410852976653,-1.4380235849311476,-1.3037212150905348,-0.8156567485354509,-0.7530497848399186,0.0,1.0,1.0,0.1,1.0
0.7067951026500774,1.1103231550613177,1.2307613255251815,1.38351146301603,1.385739453181915,1.2478158683309604,0.6558535737159379,0.13350097644811626,0.28925736776624,-0.48232426172707765,0.17394209526327403,0.0,1.0,1.0,0.1,1.0
0.5300501991024511,0.5988157739981708,0.70606309339364,0.8052703677049381,0.8498786032295944,0.9545075203311923,1.4091792897085105,0.7678333462256536,0.6883530759498622,0.7622371454346322,0.4644333839029425,0.0,1.0,1.0,0.1,1.0
-0.7407926519605046,-0.9200648857714021,-0.5820658751578095,-0.785521590871078,-0.5014199799728546,-0.32338750940943584,-0.4221480800546922,-1.3398220633404665,-1.1805693277245255,-0.9092384555386175,-1.4026405190585844,0.0,1.0,1.0,0.1,1.0
0.8359614678704478,0.43097655597035195,0.03775136438976895,-0.12337063288044983,0.18315426581322108,0.39730943570269595,0.37401179880184127,0.4586738885834237,0.18500088106726453,-0.08966115368249553,0.2952026616055696,0.0,1.0,1.0,0.1,1.0
-1.0250218637860053,-1.7937284861407181,-1.1799759472780122,-1.131902478842994,-1.2110449736561915,-1.1415374403355303,-0.5960051267289359,-0.3418124568301082,-0.6269414174052936,-0.7186564372958385,-0.3674855960712584,0.0,1.0,1.0,0.1,1.0
-0.32492548724845116,-0.10150817284780109,-0.4149658107392562,-0.2720774296500602,0.1878736955035273,0.49724609219451954,0.9245877679093939,0.3248361236129338,0.41210053757771054,-0.014399792950467782,0.17566607708186843,0.0,1.0,1.0,0.1,1.0
-0.008004454534116556,0.4024412127669708,0.0567441163280184,0.4273587861691087,0.5010031600819232,0.493243002615897,0.8017528286422946,1.2659561698585646,0.9693990868975898,0.7544622442902941,1.117962290931918,0.0,1.0,1.0,0.1,1.0
-0.03787210208978801,-0.16262520776757378,-0.16724920238968607,-0.0781454824577822,0.10911705190334137,0.10357803775002483,-0.03626998640687898,-0.2837909342665929,-0.6874856941803691,-0.5029744177980272,-0.42832789605223076,0.0,1.0,1.0,0.1,1.0
1.4189553937711223,1.2761032455100438,1.0059849312117737,1.193451766269476,0.8848170833708656,1.0952024237788838,1.5701329443862462,1.1839869741177944,1.188730042236282,0.6509713635689991,0.920939283312822,0.0,1.0,1.0,0.1,1.0
0.6674798011914085,0.37128771180999126,0.3897036207004254,0.037350785180115864,0.17875390190456172,-0.015413135710452053,0.04033555287733445,0.27246243308640095,-0.41083303997722465,-0.3170709310473347,-0.5676468334163248,0.0,1.0,1.0,0.1,1.0
-0.9193176557593143,-1.2966709031783166,-1.4387558548813022,-1.185676326582584,-1.3645161048512644,-0.9133555767397272,-1.1952700531344465,-0.9318590950136415,-1.2282342245511133,-0.9080350979312388,-0.9967108402875164,0.0,1.0,1.0,0.1,1.0
-0.6346482756121369,-0.44503457820647296,-0.8180228894292481,-0.6029768231246224,-0.43591796106671676,-0.7823291177063962,-0.36986540257750994,-0.39350966455830594,-0.33842745013641506,-0.3719472817373371,-0.3788231664093993,0.0,1.0,1.0,0.1,1.0
0.9188668729066877,0.5377746666404192,-0.3745108886326204,-0.4707769634759968,-0.35852672231491045,0.07736516926075132,-0.25638695392330113,0.20594978396024793,-0.19392507034842,-0.25832505427307617,-0.5710304378605114,0.0,1.0,1.0,0.1,1.0
0.22445250956553547,-0.2743704155860468,0.36469693421645477,-0.005727205907264721,0.5905312586276599,0.6869767110179341,0.9791095976882567,1.4810957179422068,1.204522331202385,0.8317563893974509,1.4473294937123031,0.0,1.0,1.0,0.1,1.0
-0.2606261774386695,-0.484683786998232,-0.7292703416392845,-0.6772143534929667,-0.8121983734290319,-1.235733999152226,-0.7926114552306875,-0.9432575257352855,-0.8450066380924794,-0.6279313352878667,-0.8063689999036194,0.0,1.0,1.0,0.1,1.0
0.8573961230430904,0.3842522800458983,0.06847597135911093,0.05422047459694006,0.4728495451766572,0.5024895384829929,0.5224079122509462,0.6643176725024884,0.8311148616683393,1.0326204371910748,1.030994248414015,0.0,1.0,1.0,0.1,1.0
1.599498235295107,1.3842801949012746,1.012140404716014,0.8289927718240601,0.7957000164306061,0.7064653128601951,0.7066158165158036,0.7561793181932762,0.8295783489998934,0.8002354425624161,0.5326909151272752,0.0,1.0,1.0,0.1,1.0
-0.4887999425136474,-0.3301306319244105,-0.5342658309466677,-0.11836760447900307,-0.396439242286892,-0.09248062790701533,0.5549074749213903,0.21123991966754485,0.12441594733443714,-0.2662101415967303,-0.829069175535664,0.0,1.0,1.0,0.1,1.0
-0.5405581153747616,-0.3295264274533697,-0.7817109282087873,-0.5791709872156852,-0.8769349430143827,-0.8017459198945404,-1.0666413599152171,-0.9326536548661924,-1.2569087736970475,-0.9889951028563435,-0.95243320471738,0.0,1.0,1.0,0.1,1.0
-0.9130869252114063,-0.6308635651720185,-0.39238013151659806,-0.32324887603928887,0.0576641945418741,-0.5255212659897456,-0.6920875626240447,-1.0646397937757404,-1.206394094247754,-1.2338767913366637,-1.0247687052592978,0.0,1.0,1.0,0.1,1.0
0.1508950342823543,0.12654451926644464,-0.11264940758388006,0.26875644121352243,0.10460212524432683,0.24793585027128257,0.45871288255128073,0.5792070842703948,0.5692005694230187,0.731348472500106,0.4082968035184552,0.0,1.0,1.0,0.1,1.0
0.03572792002613917,0.40147957843141696,-0.15272875797797203,0.001111069107058854,0.5778335101009434,0.3480789338511837,0.23639330687449217,0.2033102395544189,-0.08112498890556646,-0.45461728631386894,-0.30316745709831183,0.0,1.0,1.0,0.1,1.0
0.9734784102406138,1.1140623239212628,1.2975797469982469,1.3529134493052135,0.8777870457060444,0.9980842744199221,1.0552570792293374,0.9282491042777309,1.2269443290629543,0.6508532973987161,0.5553158535221658,0.0,1.0,1.0,0.1,1.0
-1.0722206687999067,-0.8141962955935249,-1.0083503134251366,-0.20303536514555376,-0.4758195815023807,-0.2970395516168256,-0.13945139843293639,-0.23231005316566877,-0.03642307652762919,-0.7425860597217218,-0.8191994928502316,0.0,1.0,1.0,0.1,1.0
0.2519282728570263,0.4722130837625764,0.6007281724348806,0.04918009637693549,0.20874528320002367,-0.07741412565060979,-0.25644332334200903,-0.1153490778755045,-0.07382347771244838,0.2673590976337143,-0.16906083384939075,0.0,1.0,1.0,0.1,1.0
0.2715235766465783,0.6265296505157985,1.1555140683924847,1.002329029360487,0.8273779959470732,1.2695460961578524,1.1608533490352126,0.8932250909891559,0.814001976378475,0.6818438594387787,0.597662274106769,0.0,1.0,1.0,0.1,1.0
-1.4188273231659423,-0.9789279306309742,-1.561006048472311,-1.5083005296064975,-1.4785684544154352,-1.2052698770636199,-0.9602809894276377,-1.0156996750524048,-0.5352196698695013,-0.7558927635344442,-0.5846213573125537,0.0,1.0,1.0,0.1,1.0
-1.3647021584423717,-1.2586158837079273,-0.7610415506049055,-0.8004818270736322,-0.894136785458489,-0.7297242794936575,-0.7552236138292064,-0.370972283361316,-0.41378036172467647,-0.05956683515244132,-0.4023017419669998,0.0,1.0,1.0,0.1,1.0
-0.41472540082764875,-0.4383789581624934,0.13467201459912598,0.14877793152012855,0.5035135924186935,0.5131417493501761,-0.003421857487963198,-0.3262871206373263,-0.08258527324724316,-0.35908517561001696,-0.14581062831303984,0.0,1.0,1.0,0.1,1.0
0.31435301164417667,0.33457937395407694,0.7719773861884861,0.5582197377655765,0.3932270064464892,-0.03128191217193915,0.0659450665695617,-0.13042533577694393,-0.08958256098906843,-0.4753212415223473,-0.48115614087934144,0.0,1.0,1.0,0.1,1.0
2.1667064003677123,2.485473269787191,2.491227271321039,2.560235312477783,2.3307939618449325,2.2933645534264477,2.0629328415201247,1.6372150778597687,1.766196490605903,1.8098240554805798,1.8003588477596317,0.0,1.0,1.0,0.1,1.0
0.35159252786376016,0.9334887356549466,0.9036566459288146,1.122864222325578,1.134216457578416,1.5119982417180193,1.396514191620803,1.2650934576091475,0.41865241777754947,0.06982292333253687,0.21113490928088202,0.0,1.0,1.0,0.1,1.0
1.081174062467891,0.42553110574471364,0.6237653636595569,0.8865027171208528,0.7488791304375884,0.12817487314299203,0.09991293854253651,0.3589130431007467,-0.15887630700103444,0.10815277504744406,0.44178355868233404,0.0,1.0,1.0,0.1,1.0
-1.1335228630171048,-1.300757615925518,-1.181783962411442,-1.0206973228276341,-0.6621213624255353,-0.07683862382988826,0.3521976296374485,0.5977241540328734,0.838772829052622,0.6378329744624751,0.9448444838982177,0.0,1.0,1.0,0.1,1.0
-0.9210006311010627,-0.6118382945918134,-0.5806081102571296,-0.43456837864927333,0.17735811247595396,-0.33122775049985276,-0.44731677116304785,-0.4607118932156321,-0.35388918305730993,-0.39180332538177953,-0.5311280872589268,0.0,1.0,1.0,0.1,1.0
0.26749252231930704,0.5976194584839962,0.39273262768473216,0.16956953301698688,-0.291988779583968,-0.49374503292008187,-0.4983874792246996,-0.34429681595218725,-0.48006240877926665,-0.5676089199712155,-0.2869887611111718,0.0,1.0,1.0,0.1,1.0
0.12349240044634958,0.659924694344503,0.7102528357316548,1.0786013011002733,0.3860279212569343,0.37000450842805094,0.13749966427131244,0.5269164879706478,0.11018215586178165,0.4161386767918909,0.21526496264638664,0.0,1.0,1.0,0.1,1.0
0.2618661352576171,0.5653134934459135,0.5836955583902029,0.5289805737067175,1.2211104004725208,1.1923496554108812,0.964335765243721,1.2055672503174117,0.7515667547905321,0.4981902811498936,0.5848489755529763,0.0,1.0,1.0,0.1,1.0
-0.05041476958010723,-0.3311153015608709,-0.5297142714024916,-0.5418541278357792,-0.07919330357646476,-0.5010481484956844,-0.41403881783336755,-0.9632295643882975,-1.7033243324620977,-1.4268980178634605,-1.3425786183390684,0.0,1.0,1.0,0.1,1.0
-0.20430577150689008,0.17101832722003774,0.40632170163314973,0.38594281468325164,0.520503558477798,0.7228153096321241,0.6253757599389872,1.0803467916779375,1.1069413563314854,0.7921842255893877,0.5465606025694205,0.0,1.0,1.0,0.1,1.0
-0.6905177758231739,-0.8179597101634908,-0.6696673958385968,-0.4703798557641451,-1.2389785188734759,-1.0491431188620484,-0.34800556289269424,0.10119665210986195,0.7537389461809147,0.924199729135528,1.2261209026688231,0.0,1.0,1.0,0.1,1.0
-0.7369107609474113,-1.0297130721245642,-1.0994530008029537,-1.2887019877531452,-1.4258017949775736,-1.5933535523962168,-1.3973782593015172,-1.3743532589601488,-1.5803248320842282,-1.2827969265677548,-1.2275843121496146,0.0,1.0,1.0,0.1,1.0
1.7706303504467602,1.6483854996847707,1.5993541119881935,1.5623282151553748,0.9152003338059913,1.0006123644566896,1.1154608956558558,0.7621691161025467,0.40052611533132865,0.32708479783458244,0.5285297606828513,0.0,1.0,1.0,0.1,1.0
-0.02833401943200365,-0.17586797012935762,-0.2574971809122126,-0.10899693018606871,0.028989031262569562,0.14801501582245483,0.5372878857752263,0.6295016682746121,0.6128904782565726,0.6132105915237951,0.6100818192538555,0.0,1.0,1.0,0.1,1.0
0.296411881007436,0.4746867181501461,0.14587324517661515,-0.12496397640545162,-0.35306429038495096,-0.18621781895471912,-0.31946613842444527,-0.04546309310143393,-0.12181603352552994,0.2676066647576697,0.2243025760939011,0.0,1.0,1.0,0.1,1.0
0.1438223598049348,0.10352235272008893,0.09229499512459519,-0.3201182440838667,-0.24356014353037625,-0.3339409858464043,-0.17441780706456017,-0.08530672914939214,-0.010509077176089843,0.015549201939807735,-0.21362890256376818,0.0,1.0,1.0,0.1,1.0
-0.05594936678631675,-0.017427108406703543,0.18693029202630887,0.010452344767645949,-0.17292287321212632,0.20524965986635005,-0.2544988215809607,-0.3285453198261368,-0.42060527261079605,-0.4075501860631065,0.28304545750183174,0.0,1.0,1.0,0.1,1.0
0.6070249501505446,0.9248533486084496,1.0214925201131801,1.029957026707355,1.1047232296747826,0.7774380229146425,1.050120300763921,1.1322212275505166,1.6151740670538435,1.5083493903802931,1.3012161828745943,0.0,1.0,1.0,0.1,1.0
0.42332021066695547,0.2239025555337425,-0.06163638443816166,0.16106775624796332,0.33511435347273544,0.7763371011399167,0.6198113828202004,0.8579199084681968,0.9231381693750804,0.8916955502007792,0.8936040428072196,0.0,1.0,1.0,0.1,1.0
0.049319788737176955,0.26000403904913033,0.4465866707969906,0.6669293031235177,1.042052867965694,0.6978131727177017,0.20460365726730528,0.19616163225587502,0.6697812492731209,0.9372511505073637,1.207468653351394,0.0,1.0,1.0,0.1,1.0
-0.9616779019602485,-0.9881673991093103,-0.5746899789594513,0.15568634645436497,-0.04018068157897439,0.06138831081659172,-0.0363193582646681,-0.3154101658475378,-0.22606658208998276,-0.4481233013184326,-0.5402495580835709,0.0,1.0,1.0,0.1,1.0
1.0479614100018138,0.7552561435936619,1.0043885382296098,0.5090051547834015,0.18918926626238847,0.010582850003984207,-0.4098398690882822,-0.4692492760792145,-0.6614360456749152,-0.9420035324139127,-0.8256639618325731,0.0,1.0,1.0,0.1,1.0
-0.07421520408123296,0.06283731983001263,-0.0012232013319713533,0.3355801269260296,-0.39390309895108183,-0.39332910634402696,-0.3137326025540584,-0.9364524340274408,-0.9896394920043714,-0.8309646558267375,-0.42536919880734286,0.0,1.0,1.0,0.1,1.0
-1.1135512472850584,-0.5166376404359362,-0.5159424725471927,0.08115067901768358,0.05032123664794756,0.04384282285577765,-0.29095168832455304,-0.2637193780504037,-0.3395682447469659,0.0028535778617651553,0.40578163991649774,0.0,1.0,1.0,0.1,1.0
0.7833236057754072,0.28651133089718145,0.3260026107857437,0.576693526559485,0.6722881708009913,0.35601791298902524,0.035572825883103454,-0.2963713174546412,-0.2775825854280896,-0.4730422680729376,-0.5369987755306233,0.0,1.0,1.0,0.1,1.0
-0.39932159169391507,-0.2561937352282396,-0.290986883187876,-0.23211656132546787,0.1366552104619696,-0.014224510148030486,0.34111389928469465,0.5361703703280538,0.6619170040736226,1.1473071407188202,1.2333964962316282,0.0,1.0,1.0,0.1,1.0
-0.7157411868943987,-1.1038837575900455,-1.1073460836409146,-1.0953687168399506,-1.0577940072196261,-0.8613029728591484,-0.646806579155845,-0.29922929930979947,-0.42778473814861073,-0.6917979642622387,-1.1000406330512806,0.0,1.0,1.0,0.1,1.0
-0.3342169561649627,-0.5948795728091778,-0.8292704108798745,-0.935387174375248,-1.4326284301375565,-1.205621334277875,-0.3486170284989186,-0.9641266311667858,-1.0882718787157493,-0.5814385045264527,-0.46642759202296485,0.0,1.0,1.0,0.1,1.0
0.5705100375232985,0.3504558508892544,0.41799499910641225,0.33217016488393586,0.15668195485349687,-0.05447136207996536,-0.01882060598561313,-0.1238561520175804,-0.18793341942184044,-0.6767564288960066,-0.45374808122004917,0.0,1.0,1.0,0.1,1.0
-1.9121131138476435,-1.5268575155663249,-1.4605063817977046,-1.5496115669742212,-0.9942154987943489,-0.8886017092847855,-0.6156881593128886,0.20665008293073495,0.04414969616694531,0.1476031019966837,0.1844004352263997,0.0,1.0,1.0,0.1,1.0
-0.3832315596034723,-0.5728830674954445,-0.5500542857204411,-0.04340140254014491,0.3032713609237458,0.5255448990247589,0.055294248822072456,-0.23709447637205872,-0.32504780827934454,-0.024625280520931936,-0.5976104403383797,0.0,1.0,1.0,0.1,1.0
0.0548303547718476,0.026620036839740263,-0.23842056786521099,-0.005872128138255411,-0.42395355931464257,-0.5392457757633096,-0.8334281108148577,-1.0450507272387055,-0.7295591411011606,-0.4271704795834098,-0.5276448055600704,0.0,1.0,1.0,0.1,1.0
-0.5790096451268104,-0.28593892671871174,-0.7359394867003818,-0.2592246436262325,-0.2111660819062408,-0.13926606359904245,-0.1456706783395055,0.1132599563987324,0.18872344262744611,0.3339446522143631,-0.4359998637015541,0.0,1.0,1.0,0.1,1.0
0.26608236013139225,-0.14850825501454712,-0.3148822251840342,-0.38171060631951176,0.26713613539423847,0.46771606566237556,0.7132100496357103,-0.1731992154754648,-0.5702055877315972,-0.4661534493492307,-0.42215934869634364,0.0,1.0,1.0,0.1,1.0
1.1133774166439334,0.7818740567810386,0.9614180697996044,0.8227667940164219,0.895574877166288,1.05459418092647,0.8119659236669865,0.6159628300981113,0.907900797476513,0.8794258775181838,-0.024560108157932636,0.0,1.0,1.0,0.1,1.0
0.15463089255654416,-0.06412332483749206,0.22707753986191495,0.08616467577169651,0.1648930463070149,-0.4125206777929098,-0.6233895268331551,-0.6600466324979298,-0.44059456983367495,-0.038783514376478034,0.10496084727173072,0.0,1.0,1.0,0.1,1.0
-1.0622480982689069,-1.125469987725657,-0.7218549901030094,-0.8520831912928288,-0.7905935998467281,-0.728132660567578,-0.8183382859632645,-0.9213497959120501,-1.0793895141204262,-0.5398099019185226,0.13394627594949454,0.0,1.0,1.0,0.1,1.0
0.36475170962975156,0.44205511722373275,0.7081712845418194,0.885517217546189,0.41685068883797577,0.8494193341930703,0.21202998379769267,0.28117270714769266,0.3611963433393161,0.04020697882209767,0.08528784128901057,0.0,1.0,1.0,0.1,1.0
-0.4214475723158355,-0.996344159951877,-1.1090261119109743,-0.9825509676957774,-0.8027096134080438,-1.1573716047696871,-1.0497718356272188,-0.5783070305525553,-0.7995029741830583,-0.5327115668121092,-0.7937443580311552,0.0,1.0,1.0,0.1,1.0
-0.46822747554228195,-0.5606026834068064,-0.3960769528519885,-0.7102215209250131,0.03656703805635031,0.08301106619156672,-0.21838360478444896,-0.2502140391459218,-0.7707524466483978,-0.8007501169314468,-0.7266354207834763,0.0,1.0,1.0,0.1,1.0
0.22079098972091654,0.6255016760325623,0.6358648542386234,0.8425669679009133,0.7548823277579416,0.432119484828549,0.8790489142940446,1.142016239294344,1.0251666859756245,0.9119430795552039,0.4245438064900169,0.0,1.0,1.0,0.1,1.0
0.35029299380050377,-0.1554383061666234,-0.5684409235380743,-0.5655264739578462,-0.6923633267971292,-0.5187056429441345,-0.17769931425594432,-0.1774153598766095,-0.1072504630459899,0.10047327552645356,-0.001074192840471458,0.0,1.0,1.0,0.1,1.0
0.10317139023833,-0.040173839715867826,-0.08499049714200581,0.49403965608417966,0.8766763102895729,0.9696905708492031,0.9524934338318088,1.3373307901495326,0.5851533395441004,0.824332722974876,0.6449189512074153,0.0,1.0,1.0,0.1,1.0
-0.09242046325464648,-0.34298756324513685,0.01725982084510208,-0.17524285186744953,0.11876503411384617,0.07719306755615113,-0.014333276918810423,0.15272503489610428,0.3049472786325004,0.214929904576262,0.012558888307591914,0.0,1.0,1.0,0.1,1.0
-0.17737593527439338,-0.06576214608269594,-0.14739969582617174,-0.01412399464794721,0.38335367804319515,0.004644704779765085,0.01570803216018219,-0.4280593473203718,0.13179240219637162,0.1487469995844865,-0.0013785751433898485,0.0,1.0,1.0,0.1,1.0
-0.5991292105309693,-0.7765724948578419,-0.8265864912569679,-0.7439519856794435,-0.7063121426730747,-0.41189199979494234,-0.6248969758311063,-0.4555161635131174,-0.5259588006110554,-0.7695791622955751,-0.6639225626068933,0.0,1.0,1.0,0.1,1.0
-0.8424260073945119,-0.7227950503830586,-0.9975733278563653,-0.49734522798342573,-0.8536972766374373,-0.6594753458032645,-1.0918500522237355,-1.2035151273878926,-1.4165676432795862,-1.5023134350975018,-0.958013145669679,0.0,1.0,1.0,0.1,1.0
1.332196896989027,1.290054567770607,1.0369309470249088,0.8966121997969226,0.45498049944688324,1.1919190374090571,1.6095132288630114,1.4493758222423485,1.310988351006069,1.6887131182626298,1.155873579546783,0.0,1.0,1.0,0.1,1.0
0.11934158873386558,0.4640975781596329,0.15768216353187864,0.3903842803505391,0.4461235613890083,0.3927997405585656,0.32055086702946317,-0.028702663761029812,0.2897226259910597,0.5380283890754025,1.0379036191220359,0.0,1.0,1.0,0.1,1.0
-0.433655690720798,-0.532876410373817,-0.7343854950582074,-0.4681607849050909,-0.8169527000753388,-1.211245077676274,-1.6259489060395635,-0.8572292355845063,-0.7171634381265035,-0.1468729387088386,0.2254981940969717,0.0,1.0,1.0,0.1,1.0
-0.4194734928089491,-0.6438347103035171,-0.363037553807223,-0.055119870678948024,0.20252808618977314,0.07018689791159059,0.12418365305310194,0.3920686735053666,0.17045947046771565,0.6545465317455078,-0.2113578469722538,0.0,1.0,1.0,0.1,1.0
1.1254933898071386,1.5054102506712363,1.3345536242134073,1.0650959356161098,1.0566233905865101,1.0562312621520287,1.4055421682485565,0.7867691380663455,-0.05134201328279975,-0.8160173245395068,-0.8182811004462536,0.0,1.0,1.0,0.1,1.0
-0.5716843036213953,-0.4136666245568854,-0.1123522564667977,0.15881047851448316,0.057750764294632065,0.23140875611298278,0.2504356625539279,0.20548820239672752,0.1514627963654807,0.25556189601906454,0.530738064161159,0.0,1.0,1.0,0.1,1.0
-0.5074115667759788,-0.8722926556258821,-0.8347443807549804,-0.9164715932100914,-0.6219716915824756,-0.6442995678916245,-0.29998795004389656,-0.29249318882315906,0.18014278610105666,0.15190811195282616,0.34800450104303693,0.0,1.0,1.0,0.1,1.0
-1.0942760981504907,-1.0881846361818517,-0.8844954774155143,-0.47020716315312644,0.04335329198234661,-0.05249071849377129,0.02598340694299682,-0.41596626023774586,0.13024082343805699,0.013993217402522781,0.2550182792571306,0.0,1.0,1.0,0.1,1.0
0.21205740446313695,0.30275835780655413,0.4689000815747265,0.012746397397685516,0.11892692097824063,0.6522718051919683,0.5604568999020793,0.9181723417806318,0.5473477550590026,0.9315724237592697,0.3104605709390865,0.0,1.0,1.0,0.1,1.0
0.45231827145356723,-0.1386459169933928,0.12870109685306125,-0.8653395538402273,-0.5443312405140205,-0.499168387382258,-0.7794409153293114,-0.07374065797962115,0.21205212537079648,0.15845860274141393,-0.4368258068788924,0.0,1.0,1.0,0.1,1.0
0.008820877062170397,0.03302043568274855,-0.03134068165066196,-0.26973355791054904,-0.21411500496530167,-0.446175025584293,-0.6081790510580544,-0.7025758464536567,-0.9627995416619834,-1.0623739410207071,-1.009445159051865,0.0,1.0,1.0,0.1,1.0
-0.8721126935670456,-0.9277098507928774,-0.3631606304206879,0.09819729834418628,0.296900994985941,0.2619614238472601,0.5721371569808509,0.4942324830468094,0.3816250346880198,0.33221016446119156,0.6257089257081343,0.0,1.0,1.0,0.1,1.0
-0.15792883102388505,-0.44308300202928086,-0.23616707795115777,-0.08880601758690951,0.34866018192473874,0.4994379442363731,0.6132785488127529,0.9201412415873379,0.26687407978969,0.16285337895861832,-0.2392664195540878,0.0,1.0,1.0,0.1,1.0
0.012838669233617156,-0.1995939820946834,0.008886847280301341,-0.13764699986152604,-0.14469413740474873,0.14343530056381434,0.39049579287319386,0.4727307819197896,0.35018362711085294,0.07985689290997874,0.16697757266255317,0.0,1.0,1.0,0.1,1.0
