time_point_1,time_point_2,time_point_3,time_point_4,time_point_5,time_point_6,time_point_7,time_point_8,time_point_9,time_point_10,time_point_11,mu,sigma,theta,dt,T
1.8051079605008935,1.426015644581214,1.506874137160608,1.603686693391476,1.7055348260276684,1.5161292075243686,1.2824862290980217,1.330299616295176,1.341987721179578,1.1027929772136236,1.1236400341894577,1.5,0.5,1.0,0.1,1.0
1.5657525096862532,1.1862325455973493,1.4003338579233988,1.383629392146247,1.3946139003293123,1.2200674797126074,1.3323610684182527,1.301132650902434,1.2491910334855003,1.052638705899743,1.2235291652054658,1.5,0.5,1.0,0.1,1.0
1.9763117939219133,1.890200743535413,1.6640732240946678,1.7192611577878152,1.5684497077840087,1.947601255372554,2.065062024582653,1.8664875195191264,1.4276579755847685,1.5212144621315953,1.565700225949055,1.5,0.5,1.0,0.1,1.0
1.2242144916152022,1.0171461621500126,1.130132749712105,1.166100048223522,1.2541701626065078,1.1334948845600767,1.4029892303325024,1.4272788724722432,1.169995861062736,0.9222461820630684,0.9345382746723786,1.5,0.5,1.0,0.1,1.0
2.127076468540226,1.9521923650592592,1.9154424795516616,2.144782321402054,1.7413345844029031,1.6266957155239563,1.408126298485747,1.4252992120286592,1.3853128232326697,1.4175876047958291,1.4310033130022326,1.5,0.5,1.0,0.1,1.0
0.6902195647287498,0.7330359909191606,0.7202283201681157,1.070536759072297,1.0570311128438052,1.1412024961057452,1.09447747546692,1.1724646170436293,1.0383372802092143,0.9760945412902144,1.1563824247071857,1.5,0.5,1.0,0.1,1.0
2.1284831422855888,1.9810849327684887,1.8103772706226848,1.715773228168262,1.534163073117397,1.8117492851017745,1.722684463302746,1.724513518610132,1.782081253085552,1.697334941494464,1.2995084350855346,1.5,0.5,1.0,0.1,1.0
1.28689704002933,1.5042939948405556,1.5793337226706603,1.4415892046097485,1.2616641344166706,1.2199751956399538,0.9562933052814194,1.075964544827643,1.1849979354715612,1.3982141609169516,1.284530609256452,1.5,0.5,1.0,0.1,1.0
1.183077483910834,1.232766730328268,1.008447236023448,1.259224690384237,1.3056184998641849,1.5612162264273426,1.5409428254634627,1.6441873192722327,1.338389149583492,1.2331389215112352,1.560445983093762,1.5,0.5,1.0,0.1,1.0
1.3140847410259324,1.631473077176662,1.7881010367707604,1.6004080185084764,1.9691741980806865,2.036702761960442,2.175233019814119,2.0783579037454927,2.0543001462441692,1.9699752059211464,1.863872278526146,1.5,0.5,1.0,0.1,1.0
1.4681575027377576,1.2448900789759694,1.1710598622912214,0.8525628913794403,1.0543199372623782,1.086635917831848,1.02055155783231,1.1691020508837031,1.205855781433949,1.1785048000121645,1.1431265617071762,1.5,0.5,1.0,0.1,1.0
1.2263336461129684,1.308420099473176,1.3096375137576124,1.2693263256391172,1.2983896750356276,1.3474596794991716,1.526385333332705,1.5779623932429048,1.9682797863326265,1.7704849172977646,1.5142603763104898,1.5,0.5,1.0,0.1,1.0
1.1461802929228075,1.0377954263687306,0.9963143026656512,0.9867484127022004,0.8761262328058486,1.0300405155882235,1.0553143040051982,1.173566431256836,1.1067273774018285,1.1798469842294643,1.4296979897039213,1.5,0.5,1.0,0.1,1.0
1.6749167974711716,1.7593801745396065,2.167360999520891,1.8967196196455056,1.9153654490947245,1.961145629778424,2.031967616498894,2.1280452310086244,2.3511109215141683,2.249860693911508,2.0947609169956634,1.5,0.5,1.0,0.1,1.0
1.4804388445649963,1.4874634418101371,1.7840397715673877,1.851053586416027,1.9033651822833184,1.8234344061326733,2.08930846951172,1.7652145401444082,1.6653608195916294,1.38173656807515,1.334467681999844,1.5,0.5,1.0,0.1,1.0
1.452453687293473,1.4022406277494397,1.5641391474161073,1.5490100901244812,1.5029610574851688,1.740251376742943,1.888799159511888,1.668686311379494,1.5629734007475262,1.3463102025675024,1.545377435549268,1.5,0.5,1.0,0.1,1.0
1.5959391817339048,1.5460070473095946,1.4899862601609832,1.3459005042967611,1.1566148816863016,1.042864453001339,0.9684048522131024,0.8671102821367007,1.0359474271876674,0.9877479145628788,1.1911889100868258,1.5,0.5,1.0,0.1,1.0
1.4180956415337471,1.4965623511637576,1.4785548354030955,1.482216752698791,1.4016515999451622,1.3022965275529947,1.2655885066695698,1.2891274853740278,1.4089579638100518,1.2195186990359086,1.3323959558775318,1.5,0.5,1.0,0.1,1.0
1.3777400348288826,1.4591043202818237,1.2628331727302604,1.3104615999553046,1.5628319236656745,1.4688975648460394,1.3764980392360562,1.3156878944719743,1.4812903849260155,1.559777288116442,1.328073478797744,1.5,0.5,1.0,0.1,1.0
1.8943492166466145,1.730793532622256,1.6987729265289244,1.7650241842645578,1.761075445897465,1.849246485100226,1.7708610421589444,1.772150639188255,1.7397975306977038,2.086619129133078,1.9060951389137075,1.5,0.5,1.0,0.1,1.0
1.0711894488690537,1.1484141500352414,1.1206781493604827,1.1032903052194596,0.9452248555156626,1.1449693831649033,1.0881386169577767,0.98503557944057,1.2302617491195489,1.3699706137965035,1.4318967953721011,1.5,0.5,1.0,0.1,1.0
2.1716152206032353,2.175826631739457,2.270574829451173,2.0433609500836916,1.8034663309957983,2.036834842142066,2.095605229263342,2.0026481110205308,1.6862160329797566,1.4850987415745092,1.4852489344919235,1.5,0.5,1.0,0.1,1.0
1.7957737699783816,1.842164286253496,1.5827494915163558,1.5224912942678832,1.3612450107669414,1.2228330690056726,1.3098137795691351,1.2664931763148997,1.2248014861339709,1.0119992574341732,1.00096171321089,1.5,0.5,1.0,0.1,1.0
2.157155481614865,2.3281512260400636,2.1473745470934773,2.1133157865384944,2.0511486171563327,1.7385130530823032,1.8072302681377064,1.810933358827148,1.564368260735474,1.5529324484962514,1.3802456433531003,1.5,0.5,1.0,0.1,1.0
0.8775506712274431,0.9784391868626656,0.6339651748409845,0.6168240641486508,0.7655977102878785,1.268883779608896,1.637628762019684,1.595957137777788,1.6540990818532364,1.799844995343925,1.792104217166101,1.5,0.5,1.0,0.1,1.0
1.4386632937203696,1.4344071028393357,1.5214607183995914,1.4613735764584543,1.3358252668785746,1.129315564542895,0.998204153959247,1.136355254068511,1.093530172080129,1.3048450467422503,1.1783648192389946,1.5,0.5,1.0,0.1,1.0
2.2976050931724177,2.329479356286931,2.173108169434512,2.1969803701803365,2.163456495356727,2.067030125980271,1.888965802435048,1.8040730252896864,1.7586167911734123,1.55159900112092,1.4427460597632171,1.5,0.5,1.0,0.1,1.0
1.5966525633564674,1.62075056329863,1.6768949566549922,1.742117731614511,1.4559565786201776,1.5193099947268558,1.2890908412021198,1.2638763100773704,1.293861685514915,1.526827851685343,1.5994983033061614,1.5,0.5,1.0,0.1,1.0
1.295129034745758,1.4129477439948115,1.7209480594577702,1.545045852035611,1.6500574403181776,1.5891540360890417,1.5150745071364191,1.351655046686134,1.3503180263779937,1.460866594576804,1.4987637018467497,1.5,0.5,1.0,0.1,1.0
0.8981464021022404,1.0960825672032355,1.1153079449742724,0.8852971956103548,0.9572681612995636,1.2293254948399377,1.234929210822853,0.9160077073708356,1.0807244859150649,1.0346489178869578,0.8910387223252126,1.5,0.5,1.0,0.1,1.0
1.7560830277751749,1.7585273871727665,1.4657773270502914,1.4940801204311809,1.4784352326650638,1.4031636177354732,1.2236118817178716,1.271369144937073,1.0425122734225418,0.9436601281726232,1.0059897054988174,1.5,0.5,1.0,0.1,1.0
1.0076770032917932,1.137214618362732,0.9819125458172616,1.0562823903361926,0.8785048336266543,1.0623299274133435,1.0326896580634726,1.088293454507106,1.0539045761476926,1.2505630696676988,1.201410804292624,1.5,0.5,1.0,0.1,1.0
1.523316068692808,1.6733265224048746,1.4075158427743848,1.5249103182477033,1.597003562613101,1.574860789714206,1.691314693061866,1.6277145574202847,1.6552823157179686,1.6673138234073464,1.9075028040526931,1.5,0.5,1.0,0.1,1.0
0.9344300887494764,1.2001118482251534,1.39227706703538,1.4177358600403418,1.4623967090719283,1.413365119540006,1.4291247709667485,1.6471005306378588,1.5911828567320292,1.4230886988159934,1.2645559257010752,1.5,0.5,1.0,0.1,1.0
1.91533478868336,1.6312511677156123,1.4749618312645931,1.4510845409149833,1.3602698521654504,1.2392721737475088,1.4367216854711713,1.4208562856977287,1.5138690664811485,1.4573726205031825,1.171890230717044,1.5,0.5,1.0,0.1,1.0
1.387780692686696,1.544627349446553,1.5745600335722043,1.670767163326832,1.6943252352697105,1.198601283968276,1.0211634170706514,1.0354835245333829,1.1819775254045537,1.1259288120360884,1.2613104627237437,1.5,0.5,1.0,0.1,1.0
2.2210010355518968,2.1541362951243777,1.9117660945437704,1.889654946065179,1.8251845220916416,1.7703507525805775,1.6344456328884749,1.500868120876684,1.431065646703515,0.9260643683940212,1.133370648520805,1.5,0.5,1.0,0.1,1.0
1.5171073713628511,1.387290643127491,1.256204376895174,1.074015444348636,1.1351402951919891,1.267284813188912,1.1958669964268245,1.1725290024354489,1.350235299574976,1.3252753362935743,1.350896042832035,1.5,0.5,1.0,0.1,1.0
1.6421669504720635,1.4582578150054104,1.5566302439339,1.5769020277673187,1.6366659406288826,1.738378253696,1.7212271414224027,1.9208589120391537,2.025085953531039,2.1590887775775847,2.034382625478557,1.5,0.5,1.0,0.1,1.0
1.467606931299021,1.6837863716171269,1.5404046489262542,1.3823600613789842,1.4602953731598702,1.8147899289331475,1.6933582627341135,1.7401663491463195,1.6933570075547175,1.74736287361256,1.6908069750505397,1.5,0.5,1.0,0.1,1.0
1.3256029251355408,1.54923188431227,1.5594257399950575,1.6037713865470302,1.6270694754526254,1.5995423758211769,1.4630151999176126,1.5295977819837177,1.6598174449691654,1.4579451610805998,1.4976162504081725,1.5,0.5,1.0,0.1,1.0
2.325651472207293,2.402851466452782,2.460297096953794,2.6196033225440103,2.18397681407221,2.037236334852965,2.043072585178241,1.910970211506996,1.798359111484117,1.967002344445692,2.125146575173176,1.5,0.5,1.0,0.1,1.0
1.1160737456240175,0.8389271619803715,0.7597666243529403,0.930996110074608,0.7408271109223811,0.5998985951318807,0.6330142169464381,0.7416514485526988,0.6030952101464248,0.6130139847339627,0.6308919414458319,1.5,0.5,1.0,0.1,1.0
0.6621804007318506,0.5890512163444246,0.7507295396675521,0.6766144948546285,0.6443847228804939,0.841067680810334,0.8749193844583648,1.1454745755286495,1.3827232153377491,1.5551061942112865,1.5605376666929285,1.5,0.5,1.0,0.1,1.0
1.1458925700222422,0.9822520626864286,1.022334213290241,1.021598019435241,1.2061707556707255,0.8892338991010895,1.0593559047508907,1.0756725643756595,1.1190511827285428,1.2730722705254651,1.3051983285891506,1.5,0.5,1.0,0.1,1.0
1.9469009113070337,1.8096591718598911,1.6993924106646954,1.91057787739647,1.8459765891206164,1.8678062046727908,1.9426267381157565,1.8800994626106329,1.7269934680438022,1.3769016005624657,1.2690080643529875,1.5,0.5,1.0,0.1,1.0
1.0352440299947263,1.1489762578437746,1.0465081996801375,1.2438695569090288,1.6559281889436974,1.6833878818244368,1.3333558352224606,1.2529533140756532,1.2258259546984094,1.1486948985606429,1.0553498804724262,1.5,0.5,1.0,0.1,1.0
1.6308902735171815,1.482862739083899,1.475911089658113,1.6230243725777052,1.4899032648558808,1.7629065493766485,1.7133205046542512,2.0259677185046243,2.0805135962830525,1.793188443477252,1.8655549957650284,1.5,0.5,1.0,0.1,1.0
1.2521626864843878,1.477841719650983,1.5305038269816846,1.641905442755364,1.6227783410089776,1.7534268105933173,1.6428345232460653,1.5000734849739925,1.5406548402874176,1.495544135681173,1.8284505693549784,1.5,0.5,1.0,0.1,1.0
1.4015745107356412,1.317336866921559,1.169599744074704,1.234726720993292,1.5128308535067867,1.559447324095638,1.8913720753168557,1.857716394058997,1.692632482948067,1.5865068493388632,1.552370091458654,1.5,0.5,1.0,0.1,1.0
1.5454313946911866,1.3631744457532666,1.3514846342832971,1.3786948962331491,1.491426521210509,1.3524200658932763,1.2073431953415927,1.160319180468946,1.382343114216002,1.698001277317283,1.593197293249662,1.5,0.5,1.0,0.1,1.0
1.3004883498368276,1.4198417767632343,1.2905887872370725,1.4333875640824645,1.365612518183506,1.215456976653699,1.228733801555415,1.2514364720186155,1.3799783782394788,1.1983802454252477,1.3459810114703417,1.5,0.5,1.0,0.1,1.0
0.9762942491299478,0.9347295301048948,1.1803686299877874,1.2615433922736403,1.3971840826600426,1.4129632312358986,1.3313300884405297,1.619055524089243,1.6356473511933822,1.4993637706333245,1.4727085946621228,1.5,0.5,1.0,0.1,1.0
1.5398753245211825,1.7272848962464202,1.8413777994638008,1.7304420235586249,1.6885131564092368,1.5690467177244627,1.5229532599316955,1.7078718030401798,1.6970626920859575,1.469073508871486,1.3097970266855974,1.5,0.5,1.0,0.1,1.0
1.4706864239617117,1.5487451194081872,1.1976245479843333,0.9358565281634704,0.94393692292482,0.6523776955469948,0.7240495055822013,0.7667331759833486,1.025024482011712,1.3071507478453774,1.4039148707667584,1.5,0.5,1.0,0.1,1.0
1.747574537810221,1.531545219691964,1.6980953260728453,1.6628534307975693,1.7647044893171897,1.599421769922859,1.483128327993295,1.658812179294292,1.7494030789118955,1.82391224668615,2.001786374213277,1.5,0.5,1.0,0.1,1.0
1.3937521751466095,1.4518772523195262,1.4760547144032885,1.168272775986098,0.7934373667543339,1.0338220829289952,1.1710795766604405,1.3865135788354284,1.2899361268147789,1.491351297315556,1.4749904793512132,1.5,0.5,1.0,0.1,1.0
1.1607700027810592,1.2166809094923388,1.3297278962911057,1.3491681905604915,1.3782153660387082,1.415321550331274,1.3518767544757957,1.3843437688812028,1.5620517775568368,1.2992847696476952,1.3731481154324447,1.5,0.5,1.0,0.1,1.0
1.817819276513314,1.672898605034104,1.820687227177853,1.9350131921062097,1.941330902788412,1.8118538406788127,1.9328182325231444,1.9233686844865068,2.1914918611173837,2.209035665844743,1.8131165280042632,1.5,0.5,1.0,0.1,1.0
0.8805018658766175,0.8962376368070201,1.315051892183561,1.2537581455194615,1.4793172105522674,1.5640292773448723,1.7132256179771428,1.6908437287574705,1.5326976837107646,1.5351033368355218,1.3727731953502824,1.5,0.5,1.0,0.1,1.0
1.5242606271671004,1.7097363279025466,1.6650323431065832,1.7351871901338909,1.782098723390873,1.630038154360275,1.2520648633160716,1.1814735263950331,1.3187380469084278,1.224727131297091,1.088705499614544,1.5,0.5,1.0,0.1,1.0
0.4977189042939682,0.7675800076264844,0.4809638287376637,0.8331220304411757,1.0854748494403643,1.1392086430069597,1.3934834207688138,1.9116369726492648,1.677382249212216,1.5677893733953323,1.6375347018903688,1.5,0.5,1.0,0.1,1.0
1.3490332601442292,1.4306959489321602,1.6500629001764742,1.9421373913137312,1.969027009888237,1.7814023292095236,1.86535468885935,1.8873895014201567,1.7480467601877236,2.016706424901379,2.0559982174469846,1.5,0.5,1.0,0.1,1.0
2.3325641162604223,2.0467902659235344,2.1319171719078023,1.89137550206495,1.6929173918901492,1.8470388921342928,1.862822569012927,1.7117882550346668,1.7681136416813898,1.8326371891383324,1.6178525498922045,1.5,0.5,1.0,0.1,1.0
1.552076893703232,1.292474366828997,1.258934532184632,1.23609977311248,1.5433476523623957,1.4587671257739177,1.423688277228052,1.535148298188923,1.5278149218865762,1.6480636099888897,1.855264941760562,1.5,0.5,1.0,0.1,1.0
1.933170462196059,1.897074766573412,1.943449371973484,1.996954753366571,1.8432567046555255,2.063909622656418,2.072055432426759,1.983387254816995,1.7420553023200809,1.932088585768417,1.7336765679661157,1.5,0.5,1.0,0.1,1.0
1.5450454036245942,1.546927683756367,1.5770264754223058,1.5307732632408126,1.3110780211448474,1.125082990334411,0.846272153951919,1.1366274279564716,1.2444367750975514,1.3023514622526111,1.1746859874627738,1.5,0.5,1.0,0.1,1.0
1.3615239219172623,1.2255460483462566,1.3336962464506013,1.5638361728038332,1.5169830111287628,1.3117118467201796,1.4298302976117532,1.550651581323348,1.8665159382779095,1.5612530510123164,1.5437959874202996,1.5,0.5,1.0,0.1,1.0
1.4251514905261344,1.4392852558483065,1.34233713891495,1.637974852019219,1.7344753829961816,1.9111315787884404,1.7015817518415173,1.5038190968373677,1.5909165159037468,1.6082820166233087,1.783614909288674,1.5,0.5,1.0,0.1,1.0
1.4039034100613696,1.2092202278067248,1.4292901695189646,1.4423758226404602,1.278368284999456,1.0942739290070262,1.2269707156906242,1.406665210101378,1.423861341279844,1.3741346927488742,1.452903561744046,1.5,0.5,1.0,0.1,1.0
1.2359511308894258,1.1715003018187191,1.2220293874155963,1.1502141706939657,1.332911253004617,1.7048524520947952,1.6438821626927131,1.6404569510366462,1.4469951741294875,1.5745935233848851,1.61250918328455,1.5,0.5,1.0,0.1,1.0
1.9843257072443192,1.9547493474643776,1.7921419850938984,1.9647032980392467,2.0727351026909893,1.9552731248020483,1.552203180733335,1.281882924229433,1.4207244129007504,1.373193727860685,1.22751142980462,1.5,0.5,1.0,0.1,1.0
1.4439266610727517,1.2624723969076346,1.4779203012733098,1.4182344228565902,1.4794511636892618,1.7932419186992443,1.8024954536282092,2.0283497136178137,2.0757135574766132,2.099612529455763,1.9422731251784997,1.5,0.5,1.0,0.1,1.0
1.1378070050854154,1.0779213598779496,0.9962048963206728,1.0913872034338836,1.013372259317056,1.0001656293364205,0.8505785521874611,0.8053203607517455,1.1112252027161102,1.2290588021725577,1.172458562113684,1.5,0.5,1.0,0.1,1.0
1.0877450621447673,1.5252686774378748,1.5973331675688691,1.7360142175362925,1.8002422897975698,1.6031367620831407,1.6118687594555463,1.5956757063969458,1.4225111329557665,1.4902722024322106,1.469327083234614,1.5,0.5,1.0,0.1,1.0
1.660816100410571,1.4398486116818636,1.4270646122116588,1.354712594351101,1.7182249487054255,1.7967704609630044,1.673358055363801,1.647801006922853,1.676252181806784,1.7918375987418356,1.7557295236713382,1.5,0.5,1.0,0.1,1.0
1.8876803631852983,2.053807506096291,1.978264794591274,1.860772096680145,1.7541019239301283,1.7080343740839494,1.8875049461816664,1.8734628060827028,1.820445824524683,1.6831551517897954,1.6904314963617109,1.5,0.5,1.0,0.1,1.0
1.3773034365126338,1.450057015266211,1.4613321477331525,1.314699427413955,1.2051677158005938,1.1629374442395917,1.00318680810957,1.1447622607103607,0.952629908438934,0.6887040256005066,0.9164657728250688,1.5,0.5,1.0,0.1,1.0
1.245373447967516,1.22730347041652,1.2710413509059757,1.203598884320392,1.5678468454025245,1.511641301966595,1.3518058244460536,1.3763669323696377,1.326887147864593,1.501444950607572,1.6080879864305635,1.5,0.5,1.0,0.1,1.0
1.2327844761674147,1.2245108982852473,1.1490180003358066,1.5072282957636007,1.4945577727422803,1.4497937653866195,1.4950921293205794,1.744228500683915,1.76895729391822,1.7826934182348568,1.7483909167228788,1.5,0.5,1.0,0.1,1.0
1.4269458012888996,1.4194149428290863,1.406492146487554,1.8355703396568723,1.910657232018702,1.86119612263946,1.7859368242630378,1.9039439022777755,1.8621775657425932,1.8557635626312363,1.9521988218291544,1.5,0.5,1.0,0.1,1.0
1.1642424693512403,1.0606508946533637,1.2005041352669443,1.057624970802444,1.0535136876782174,0.8052103982863125,0.7488772140032455,1.060026494417276,1.090652960008411,0.9447281172443178,1.1281968540484375,1.5,0.5,1.0,0.1,1.0
1.321751239639123,1.4434451923223857,1.3271126913444913,1.160434439367719,1.2354201529572917,1.237321449460372,1.3115529141485005,1.4831095978579034,1.5289448079091694,1.60072746590973,1.6898162366108933,1.5,0.5,1.0,0.1,1.0
1.8957748328184352,1.793279226993889,1.9129598037055064,1.92584729860766,2.051019858236918,1.8390251381867888,1.77662660582491,1.7650865899505948,1.6857462153126703,2.030337054137167,1.893686772126658,1.5,0.5,1.0,0.1,1.0
1.1864731977567662,1.3804296250118002,1.4991214204124872,1.4724599103346048,1.321473317322664,1.68456221835071,1.7754277820652862,1.5654529224238762,1.599488714265884,1.4646241250540024,1.202558189971413,1.5,0.5,1.0,0.1,1.0
1.818227111554076,1.95736661666386,2.079999862288992,1.7967052175670448,1.5986441577179684,1.599358317011855,1.3089896296823371,1.4225520101421325,1.4475700728455354,1.4175316820726305,1.441605694441616,1.5,0.5,1.0,0.1,1.0
1.4517559621779086,1.4331004416452853,1.234538947761625,1.4297341933440395,1.586063368977186,1.5767620106104785,1.748700456362805,1.7327633065679964,1.7260889255033829,1.544222624100101,1.1953618851573304,1.5,0.5,1.0,0.1,1.0
1.680703318267912,1.63206258536459,1.7231355851230434,1.598662432565387,1.7465342496081753,1.777163928252094,1.6050173155029157,1.3886919083868328,1.4480153819281132,1.1773607190103703,1.310508423006602,1.5,0.5,1.0,0.1,1.0
1.5995010592494965,1.6483966739246076,1.5412138178474586,1.4408839171704293,1.5266451893405308,1.4813049844521338,1.3839212663805096,1.4453575691357563,1.377015832467786,1.287420455639994,1.4803436038236713,1.5,0.5,1.0,0.1,1.0
1.4512525545376378,1.6879926022182166,1.227667024130279,1.3954160969322462,1.4039297391129977,1.3918872574086794,1.4932334405294418,1.526120791515032,1.3599326262627616,1.3621349856811151,1.6994667970592856,1.5,0.5,1.0,0.1,1.0
1.911086941428884,1.9758180020450165,1.7727429950889046,1.8954830454231004,2.1250968893701967,2.005566196016335,1.9311667811226068,1.958761205664755,1.9229614954628296,1.8518679325408285,1.7387855592374983,1.5,0.5,1.0,0.1,1.0
2.218390610794782,2.205892845327011,2.1221887295720943,2.1348058327060273,1.880659290955768,1.8002170393030037,1.9951862555820752,1.874278676247296,1.8067846434992685,1.6673427693659522,1.4950862571428418,1.5,0.5,1.0,0.1,1.0
1.2126429203881337,1.3189661838307714,1.46092561818627,1.7648569301688262,1.671002691788456,1.462342630779,1.433301398149102,1.536776487070279,1.5319268838014437,1.602412826337283,1.3079334238075253,1.5,0.5,1.0,0.1,1.0
1.7099844312937629,1.5203867546699177,1.526703238512848,1.3283765116404465,1.1593181102262204,1.275188285665837,1.324757767722594,1.21293051760518,1.0411325336801165,1.130257561675856,1.0819314807393692,1.5,0.5,1.0,0.1,1.0
1.0494536509382335,1.0080344462745627,1.0447132561909416,1.3664141096557698,1.2539007981859087,1.5179396121297646,1.5925457566163923,1.6158930336234292,1.464881305676362,1.4533934830094255,1.2061969536608763,1.5,0.5,1.0,0.1,1.0
1.501722227850694,1.210815479186956,1.4220897668187369,1.526693348120148,1.5398479862761452,1.3947303204446078,1.42978728026243,1.47953621232365,1.643131530941861,1.6246573935984223,1.6657814958011274,1.5,0.5,1.0,0.1,1.0
1.9901148299936264,1.9326285530189533,1.7834984934723297,1.7065786779750018,1.856817272540659,1.414631367564711,1.5196943807777776,1.5789523424533627,1.3315222983865176,1.2522111835063223,1.2718681910662424,1.5,0.5,1.0,0.1,1.0
1.3875532159751167,1.366393881375383,1.1692509360646457,1.2437187585015046,1.2076672318285817,1.0947373732876602,0.9981721357532,1.161054829537739,1.0002092159927114,0.8517858110033929,0.9394299531220476,1.5,0.5,1.0,0.1,1.0
1.5326622948644812,1.5982402718234336,1.706556433959635,1.4952051535236652,1.3020220363337969,1.477017745388591,1.417187679114822,1.6882648909674487,1.6187750744406175,1.4979348963743866,1.5293437359893356,1.5,0.5,1.0,0.1,1.0
1.4305894497941578,1.6259601668375607,1.4979139520062033,1.315895258797929,1.7095555616106146,1.646385037533186,1.587084826514923,1.7644771489078486,1.9352252823287477,1.9442793813129935,2.1520829298121025,1.5,0.5,1.0,0.1,1.0
1.458911839527486,1.6615331008646934,1.7027755988764095,1.6403138957650354,1.5315925666344752,1.687433067112232,1.7214397973349431,1.5026099418547827,1.5753515781499936,1.5734900665011824,1.4343444355760837,1.5,0.5,1.0,0.1,1.0
1.4051700623753316,1.529008714290602,1.6247519940543274,1.810513072097127,1.52146807028032,1.4847085329800531,1.3972125626213856,1.3126389810843218,0.9171853101863034,1.2845327171444627,1.4038905493631388,1.5,0.5,1.0,0.1,1.0
1.220144248560776,1.0260018046467507,1.0952071360567852,1.1381264963680258,1.3506122767925022,1.216938268302516,1.228692855966261,1.3416883452265955,1.6305620322278305,1.6109174270104356,1.483488637365019,1.5,0.5,1.0,0.1,1.0
1.4382724176465855,1.5232941871817454,1.4557417754530493,1.4675533225552613,1.4378013984498963,1.4088622859851008,1.42837610849117,1.219093901690616,1.2886235726856738,1.4767375304598365,1.3201158522361185,1.5,0.5,1.0,0.1,1.0
2.0711592838326593,2.0408365719647454,1.9204236060424371,2.133568216361755,2.1397237892289747,2.1867193498301254,2.02507354697147,1.8379517244014405,1.889745966163527,2.146212237028101,2.0570490050983277,1.5,0.5,1.0,0.1,1.0
1.2815607651934275,1.3667034114405592,1.4273517800549889,1.4373602437605626,1.418522186847495,1.291983475384112,1.524063018517821,1.568226821240332,1.569926666242606,1.6172866458694888,1.4512387335734234,1.5,0.5,1.0,0.1,1.0
0.97451789524474,1.0427995208061331,1.1584547844510948,1.414319579959055,1.589009019849955,1.939055516856386,1.98460323297746,1.785650064100622,1.665711570621356,1.692785885738798,1.720351462109628,1.5,0.5,1.0,0.1,1.0
1.0524932925865471,1.3430727720013724,0.895771218645594,1.132893543673871,1.0420452638089757,1.1635558151545689,1.44089148607397,1.2394917766030742,1.0915669638441643,1.2225086786916377,1.171645614257914,1.5,0.5,1.0,0.1,1.0
1.9952797757171077,2.0606147675771345,2.0220780381007217,1.9019758247787415,1.8843387304857444,2.1000335041398595,1.9031515194988464,1.9467070659536148,1.7524060268259314,1.604652099745607,1.6278707466316378,1.5,0.5,1.0,0.1,1.0
1.5041618746569856,1.37726676064215,1.2228920051616003,1.0318996666707787,1.3439010148580723,1.4580516888078965,1.4980315098970023,1.509065738413743,1.349347324741428,1.1860645718209266,0.8738224586194352,1.5,0.5,1.0,0.1,1.0
1.4643282783321814,1.5057060397927222,1.4267988426883862,1.4267843929663595,1.5528096334327075,1.809523928560414,1.603214777737754,1.5935034099941692,1.6730158210893404,1.8383081200167155,1.8417063928142656,1.5,0.5,1.0,0.1,1.0
1.5852405264506433,1.7788998295274456,1.70403833478,1.5570972841802193,1.3989630086770295,1.410849460209042,1.6635606569828203,1.7161773570625571,1.5127547819532532,1.4328600083495928,1.5036005297429684,1.5,0.5,1.0,0.1,1.0
1.749933007981047,1.8338056841055017,2.012401377010781,2.2998202730054076,2.0868024954945916,1.9123448405534889,2.136765947576795,2.160341998724817,2.2355688120780166,2.385353836738351,2.369870364178449,1.5,0.5,1.0,0.1,1.0
1.4200888932901583,1.3418720697376805,1.4358276853215608,1.655714719755948,1.840028864843454,1.8502509079273055,1.667092952079991,1.5967803898044657,1.9006807238491203,1.9139651048411803,2.023692174897582,1.5,0.5,1.0,0.1,1.0
1.8797967735600765,1.7909935333748608,1.6310247675909253,1.7307820306825406,1.7911297073727168,1.6495706129200796,1.5850219270410757,1.408847107190196,1.3548396225037802,1.4943402275935065,1.3180488557742736,1.5,0.5,1.0,0.1,1.0
1.172309630448517,1.264625473931455,1.2557253409630809,1.111205717564549,1.28714216714914,1.1367320321876822,0.9979408331680464,1.0785075283193728,1.0392533589189583,1.1403901034294976,0.9901240257464236,1.5,0.5,1.0,0.1,1.0
1.699629283259527,1.700141584646807,1.2328679905981974,1.25585232773988,1.1112253753843606,1.2811066640156683,1.0117566922121788,0.8799668869023386,0.91503415360053,0.8709548915836757,1.1231406090101443,1.5,0.5,1.0,0.1,1.0
1.2823544653744927,1.4341763367529086,1.3755676245227646,1.2676874645582537,1.1375502426271586,1.0672972635290654,0.8525748042280341,1.1440706518509711,0.984050154739479,1.1835435374439616,1.1919183156243407,1.5,0.5,1.0,0.1,1.0
1.7284571339632722,1.9595258990684232,1.8951873858276933,1.7163362776094386,1.5703696381700516,1.5376934528527435,1.2526243821280958,1.3069034733790783,1.0917534584611046,1.269712584638507,1.308644070235966,1.5,0.5,1.0,0.1,1.0
1.2518235051407858,1.1555883227241937,1.0901421651779346,1.3273735680026288,1.4868140711037958,1.49580772827012,1.6299368213212149,1.5106757242795883,1.5622527474254004,1.2126121306194844,0.8032847661566369,1.5,0.5,1.0,0.1,1.0
1.394803978536661,1.4819708074128837,1.400387712348589,1.2077318539459705,1.1730595079602375,1.2460357101919253,1.41364155510749,1.401361300109536,1.461547564595189,1.3923939865259587,1.6066933110247867,1.5,0.5,1.0,0.1,1.0
1.4931993082174675,1.3225613105630314,1.7801198734600867,1.901278530740832,1.97262657197442,1.706635546918324,1.6808867969560355,1.366020785212577,1.2431395417220763,1.3781137063053497,1.342086693350676,1.5,0.5,1.0,0.1,1.0
1.5530346797069248,1.5751618926459194,1.6796078569416912,1.488565635944867,1.466862335017182,1.2709679961627598,1.2733672088228167,1.3994818877576285,1.3745367730024045,1.4722789077484593,1.5664440761892753,1.5,0.5,1.0,0.1,1.0
1.9506045483611656,1.9157354817705408,1.790329276543705,1.9551857620197657,1.853421251371981,1.8558141628981235,2.092511531418233,1.89191724852546,2.033549138512512,1.8669147825417711,1.7259901958005222,1.5,0.5,1.0,0.1,1.0
1.7230028558393349,1.8169603312980211,1.9084820954161197,2.085416597742999,1.818000207721981,1.8309734469901964,1.5403237993467398,1.3041734254114412,1.4476345365822136,1.246992343749599,1.3022615242866158,1.5,0.5,1.0,0.1,1.0
1.8109332154096625,1.6947116103984088,1.6963203291513482,1.594480076927795,1.7089026160330167,1.9373637339479113,1.960352825986544,2.0350695244277364,2.0310777885400446,1.8886531988864463,1.88171812755802,1.5,0.5,1.0,0.1,1.0
1.7268244468230924,1.6584533720104817,1.5806917421359383,1.4066184404419944,1.412624526731837,1.5210759421724542,1.7378964001223889,1.8438862383623944,1.9435054946306505,2.044725437717771,2.118496677964975,1.5,0.5,1.0,0.1,1.0
1.1550868834886283,1.1559897733591675,1.6190844287042274,1.659116107820257,2.0453306777058953,2.238357625650678,2.0510902322644475,2.0488910697607663,1.9122753158877963,2.0966982962818745,1.9889204757785983,1.5,0.5,1.0,0.1,1.0
1.7075013040949498,1.7486232061759857,1.8208029322843111,1.809691775724183,2.0038779377667373,1.9394417270950195,1.724010927515608,1.6727180469154856,1.4762358834520406,1.385432133123969,1.4108056451477302,1.5,0.5,1.0,0.1,1.0
0.7465819779223699,0.9606132671944352,0.9623445700424664,1.0110842985302797,0.9499586009879688,0.9421004904357312,0.9617415770103072,1.0578674964599688,1.1876646381326534,1.1384828688716346,1.088003185480258,1.5,0.5,1.0,0.1,1.0
0.7607528915018207,0.6995431194510973,0.6983882581636244,0.8166027797819521,0.9065245065904494,0.927958732651443,0.8975187744342152,0.9355222176152078,1.3467831481189567,1.4061633851771762,1.2160767941743464,1.5,0.5,1.0,0.1,1.0
1.9862818264512547,1.9376419782485317,1.8679619124815097,1.9405769202866208,1.687413601888306,1.662686707906728,1.5076328535589232,1.389400488402936,1.4983855219529445,1.7872822742067314,1.946646342126072,1.5,0.5,1.0,0.1,1.0
1.1682435045822908,0.9681541916021988,0.9809180470027804,1.1591599107867996,1.3185054933266993,1.1722098419346705,1.259718208935799,1.4596966237481936,1.4193695934471668,1.1641387247901858,1.2807404901293928,1.5,0.5,1.0,0.1,1.0
0.8249543637807129,0.9298019726756316,1.1723982792668954,1.4527394491279957,1.3558269492897284,1.493159205565275,1.1669540536562428,1.0951687869490854,0.9747722274009782,0.7365431013408164,0.914081940112092,1.5,0.5,1.0,0.1,1.0
1.8080593516848664,1.5518218338713294,1.823335855339246,1.846970653350109,1.8157432163139704,1.7610333353768897,1.675886520292962,1.3283199695856502,1.347329573660306,1.2812170431488072,1.119632319084216,1.5,0.5,1.0,0.1,1.0
1.460408796383856,1.4976494632683546,1.8185166352427995,1.6323236070198497,1.431647825357603,1.5076947940879346,1.420144068518035,1.374711527313135,1.1341336761345366,1.1787770730770932,0.9092033897979432,1.5,0.5,1.0,0.1,1.0
1.5297493155627178,1.380690334210653,1.684155111215456,1.6811700917641157,1.7772013569895124,1.806370760616011,1.966666665720076,1.9917286575685769,2.156605089791712,2.443825019844336,2.535179553032621,1.5,0.5,1.0,0.1,1.0
1.2663650179268262,1.2806918162042098,1.3997759444619573,1.489443071946112,1.3013229397353183,1.0979854960596789,1.3394243503343437,1.640010385780318,1.5288976844349038,1.3987906554654117,1.5104433457332895,1.5,0.5,1.0,0.1,1.0
2.583255867585719,2.1609043047666505,2.2444949650879007,2.221662146621852,2.0693619605257405,1.8794146405877463,1.938777400028443,2.0953383493159397,2.1147597957324127,1.9137678017503432,1.831958144519524,1.5,0.5,1.0,0.1,1.0
1.3785075128643889,1.391250394670097,1.5536147099267494,1.8211820178241307,1.7443442169880263,1.856084620524015,1.815219933373857,1.9320402266675365,1.947862918873036,1.920902710695861,2.005846435044412,1.5,0.5,1.0,0.1,1.0
1.244938760091028,1.4652065437545363,1.4533917955293207,1.304256773274609,1.6126828530944348,1.5217559282302524,1.5200407158309024,1.6639947675619573,1.9091156800200917,1.7717845634140563,1.5516581181440752,1.5,0.5,1.0,0.1,1.0
1.9759751496154183,1.6480769034862366,1.5797021566536265,1.3471811985876916,1.2201039633681252,1.5110424130311555,1.6283127276917222,1.4962885161628288,1.2735377737830569,1.1830444363902723,1.5741948130731211,1.5,0.5,1.0,0.1,1.0
1.7817828644673637,1.915208130057808,2.0587135319668146,1.9384522829570472,2.16535746346876,2.2229674459597937,2.149706419412579,2.0307237675324803,1.929530194676552,1.7742125048546515,1.8789358562224885,1.5,0.5,1.0,0.1,1.0
1.501471993438505,1.4343933723859863,1.6500197307596305,1.2669587777620546,1.3316428129448448,1.46824421212904,1.436254726383967,1.2811672816545547,1.212323911296731,0.936138863224464,1.3604827565318536,1.5,0.5,1.0,0.1,1.0
1.4361465554695687,1.611835102312485,1.4559241476299898,1.571044197015582,1.4580667886824743,1.4419887724223286,1.5990081229237338,1.5502585608078676,1.6076680174315936,2.0228574265783,1.7065883918691684,1.5,0.5,1.0,0.1,1.0
0.9577863495052223,0.8879998147487355,1.051840909422108,1.0079442969798236,0.833238973756957,1.0229530254223906,0.8681898013031165,0.6638773577563483,0.9877270852540716,0.8657489389417047,1.013351782004798,1.5,0.5,1.0,0.1,1.0
0.9250452989183692,0.8236249006850607,1.0380751096434508,1.1440456758369308,1.3145229943038133,1.2360952738077824,1.4642165493912669,1.3935779861591064,1.5607001872357116,1.5678751471539651,1.626424357592943,1.5,0.5,1.0,0.1,1.0
1.4356844442493784,1.629408146932092,1.62123145382142,1.591583041706416,1.544969729871752,1.6040417970374994,1.6853505928265895,1.570975529966496,1.4370208282075887,1.316767332019138,1.4063964661260224,1.5,0.5,1.0,0.1,1.0
0.925682666676316,0.861789539442144,1.048572368393093,1.1681428412160118,1.014711651654483,1.0677275815441687,0.9661489310552632,1.0998160679242526,1.148236723993424,1.4597639120523094,1.2401466204699654,1.5,0.5,1.0,0.1,1.0
1.8722484753536337,1.905872484663914,1.776936165775111,1.801170642393209,1.719184245349983,1.6240312237200438,1.634531594306295,1.4863570084608824,1.3605269233678203,1.6620695950916289,1.7441226082321102,1.5,0.5,1.0,0.1,1.0
2.4779284412887113,2.6600820414427178,2.7266610371723914,2.366403033509928,2.1802161428686615,1.7824097022592973,1.990679993633871,1.869059579602099,1.884104275330694,1.859621232046209,1.8343356323609752,1.5,0.5,1.0,0.1,1.0
1.574239146990487,1.6472128359603335,1.4414162114299978,1.1805514151172645,1.0905351448962306,0.908629803557922,1.0953564285642112,1.1103977340869997,1.1705191101346106,1.174162614775399,1.291416235402968,1.5,0.5,1.0,0.1,1.0
1.6494985150654684,1.739283337501738,1.7683861626334392,2.044628262638532,2.095573930619388,2.4407159931133253,2.7195111770701907,2.700609656156366,2.701752865574268,2.4113439242525128,2.301181967236341,1.5,0.5,1.0,0.1,1.0
0.6718497867903814,0.9448238382341636,1.09891494249236,1.1269027997403005,1.143152487418266,1.0800074085528486,0.9888381189533244,0.8381366097746169,0.9251101909358402,0.9494198032420756,0.937591714891995,1.5,0.5,1.0,0.1,1.0
1.4018900411244049,1.4602197547307505,1.4702244179519812,1.467862104432694,1.64063682555493,1.535468942103091,1.6617207338962032,1.9200844460181097,1.900020782502572,1.94444257638479,1.8417419750227264,1.5,0.5,1.0,0.1,1.0
2.0324356670034165,2.084233997202627,2.207667825197213,2.2248450660121684,2.0090420349228664,1.72668748235353,1.465388146213775,1.4074919153725958,1.2903870002619608,1.3225631284906214,1.3470147302894049,1.5,0.5,1.0,0.1,1.0
1.2151628524394746,1.465991207699851,1.5317203225326956,1.6460890181705317,1.6025313844457452,1.7927639274107758,1.9363719734296287,1.6037122641476522,1.5614136735388018,1.3694692869836576,1.4124930877544728,1.5,0.5,1.0,0.1,1.0
2.0620639469531943,1.8977372206220424,2.1719113341751073,2.326010986350741,2.422265223969068,2.22816049088729,2.146944051350521,2.2611274068647815,2.291801431552887,2.232228196147853,2.434089630955736,1.5,0.5,1.0,0.1,1.0
1.191494870980254,1.244124636449763,1.4226778212813642,1.518458727882023,1.2631476571803737,1.3910296662527348,1.3339388272629913,1.4490727934476568,1.3063356005602171,1.333328976979732,1.4382459497456197,1.5,0.5,1.0,0.1,1.0
1.3845389051740151,1.4216485699314847,1.197076997016468,0.9520355751555184,0.7786369494251233,0.9293360157328904,0.8490322710320658,0.7263539636977958,1.2150082908416588,1.3343545308117128,1.285960513813342,1.5,0.5,1.0,0.1,1.0
1.7434491009653863,1.898944266332996,2.049214207694797,1.9535495839296564,1.9923443606853577,1.9642875697702376,2.0217965163803795,1.787721733791369,1.917075307151794,1.8983790229956137,1.818015705817284,1.5,0.5,1.0,0.1,1.0
1.4411031742408449,1.2064428031854677,1.2552993500923575,1.2600491893537813,1.2165130484374826,1.1471500996298356,1.1180643412003564,1.2441047723092973,1.4006385720600805,1.3866491816392477,1.5152700400470511,1.5,0.5,1.0,0.1,1.0
0.7470657424243864,0.6743720625309443,0.5608280455653522,0.6382774420310671,0.6028571773451528,0.7868027400119757,0.7720631582101681,0.8571540020989392,0.9929880434342454,1.2468180480222788,1.3176846945277896,1.5,0.5,1.0,0.1,1.0
1.7194188015448784,1.562774890808443,1.4457178094175085,1.6777799484053428,1.8185032240072407,1.4136697547994954,1.356842994148402,1.2279423199452348,1.3651570514376958,1.413155768130912,1.3604000064731994,1.5,0.5,1.0,0.1,1.0
1.1177936137588576,1.4953182490656238,1.3866918813792375,1.0055339795843905,1.3414934856179188,1.3821176137934592,1.2823095562571871,1.415680341476102,1.6978384924770666,1.952314881180131,2.265627139510629,1.5,0.5,1.0,0.1,1.0
1.523250006034761,1.5136449329820514,1.479622085977022,1.5959431033722318,1.6810585858583198,1.60583804469632,1.6449997581105469,1.7279335244634484,1.508374397929078,1.5013097307208494,1.648190050054083,1.5,0.5,1.0,0.1,1.0
1.2126548665708905,1.4772780264770338,1.507497317596077,1.8496886028425896,1.9133861169405024,1.77925128124818,1.766782551998344,2.029465692551597,1.811239942561056,1.6500154532801192,1.6745677945048842,1.5,0.5,1.0,0.1,1.0
1.5793161891357674,1.2405817264303352,1.5364582288078776,1.4524644603935422,1.444614483408617,1.410072065453481,1.3257500964270053,1.520405059604202,1.3734410414610838,1.6006160119262878,1.728218396950965,1.5,0.5,1.0,0.1,1.0
1.557144454617921,1.4920415983014172,1.4513645069398582,1.214082445661901,1.5371015015268168,1.826011376700708,1.9303572894283776,1.9476497633860417,1.901676825885548,2.0924294554251985,1.8821496988987017,1.5,0.5,1.0,0.1,1.0
1.2009323547996245,1.0574187403688955,1.4368106589984455,1.3724331440158153,1.5765375671127932,1.3662684464596562,1.3647416264669716,1.2954559796039955,1.2393601472955538,1.4303085030054814,1.0461665351846556,1.5,0.5,1.0,0.1,1.0
1.2531506518408695,1.245428983818189,1.5278784025252763,1.4747228104888772,1.2212087765957285,0.9894454545481136,1.0428374160538303,0.8365345049218695,0.934367150148634,0.919234451899508,1.059467128253951,1.5,0.5,1.0,0.1,1.0
1.3812762403690175,1.2767596213336518,1.536209473441898,1.6835929848682922,1.631513721109998,1.6586733520625965,1.518213584463061,1.4734712309615314,1.759283210751808,1.8883950610674671,1.8131205885478952,1.5,0.5,1.0,0.1,1.0
1.325026418650123,1.3070955776736288,1.1891082654850411,1.3686231200844703,1.5675889618682732,1.623271907126706,1.5516804150837709,1.293644022851312,1.4582728502931204,1.424771496939235,1.8315330835074723,1.5,0.5,1.0,0.1,1.0
1.647375340315885,1.6378579357110794,1.8519824509454703,1.9062117569472268,1.9776150913228416,2.058528379846927,2.055226159940026,2.043335979441639,2.0832029392064624,2.219315359198618,2.2641507247361634,1.5,0.5,1.0,0.1,1.0
1.4018901518886846,1.486332485379424,1.1740689586682658,1.1945420842918562,1.3024409672733808,1.0313705302041971,1.134314673746437,1.1221939347066028,1.1485688624167854,1.148505354719177,1.336894631065729,1.5,0.5,1.0,0.1,1.0
1.3329938655334863,1.3564433366196376,1.462616516621866,1.2811424139386922,1.1483408577966858,1.2762803732846346,1.345584536176088,1.1521900192312031,0.9737420600551152,0.9295701419467054,1.1764216600615114,1.5,0.5,1.0,0.1,1.0
1.412436191208133,1.2942052486868,1.130111111773977,1.1126056409199478,1.295764035382792,1.4189037914461595,1.164281840285451,0.910878366667033,0.9175345848540728,0.9226752834851942,1.1043858649921243,1.5,0.5,1.0,0.1,1.0
1.507927396483398,1.4420505827644443,1.4042487666737782,1.2399536739425412,1.144376161814187,1.220804897121241,1.2855174886832377,1.4106477627812322,1.3089689951923489,1.4650238616924247,1.4537190894696077,1.5,0.5,1.0,0.1,1.0
1.2014127480132084,1.2276119322470778,1.503181358337612,1.672045189117424,1.6610314613585986,1.5615723766755123,1.4663781889317244,1.532840180215013,1.820050093195615,1.644926945243862,1.737133281918278,1.5,0.5,1.0,0.1,1.0
1.6073960224478645,1.7925250806567343,1.6186092344431815,1.6697160544400145,1.702550847014061,1.5258191793519629,1.5000191288516425,1.4678780823819744,1.5594616739422655,1.5404995121703546,1.6301471996282844,1.5,0.5,1.0,0.1,1.0
1.2437612083632497,1.450895298158906,1.318398327539736,1.4143670206880097,1.3120630009422485,1.223695705632585,1.0882735338246297,0.7563723776142766,0.6643364024770978,1.0109099512253297,1.1166356026923243,1.5,0.5,1.0,0.1,1.0
1.0876016048587058,1.154586211066629,1.0876250198227442,1.190260407674876,1.1688699296395275,1.3716544562474704,1.3022391112073828,1.1989891720397003,1.0667300754596598,1.0674340140308098,1.152778292320132,1.5,0.5,1.0,0.1,1.0
1.319955931639846,1.279838510965418,1.433537767028697,1.2416646486944902,1.0098215306057503,0.829810079821762,0.7160852127592341,0.9330622110088522,1.1756422506806443,1.1541983692653843,0.94136305769563,1.5,0.5,1.0,0.1,1.0
1.8723799177155496,1.877301581338976,1.709115725567894,1.9065122913735393,2.0464694660861564,1.916483909237792,1.782771195863328,1.685622484834575,1.8974424203472295,1.8080191330083224,1.8471409724106316,1.5,0.5,1.0,0.1,1.0
1.4853893927347466,1.3586635093659598,1.1631148107475746,1.4054241246654269,1.5361733730696514,1.2692949065221752,1.1742370956122932,1.316678480350079,1.2348043826918875,1.1145090564852178,1.117101468281794,1.5,0.5,1.0,0.1,1.0
1.2955136398788036,1.083287701244183,1.0228024400796567,1.1568722866577117,1.278464404357023,1.1025860260189928,1.3149025647991424,1.5929202652353494,1.9440329645547687,1.7520815621366308,1.5970582926835646,1.5,0.5,1.0,0.1,1.0
1.310628044139006,1.1033140908937806,1.216783372622555,1.0294900708519932,1.2110956660203809,1.1908622131041249,1.299718769001364,1.3361781503223025,1.2780153302426764,1.47158739962715,1.459367981810053,1.5,0.5,1.0,0.1,1.0
1.683964538168893,1.4573693873719384,1.0806482224204013,1.059901126603943,0.8984712385168533,0.8454872651281916,0.8925286344412947,0.8349857905795807,0.5208661746683565,0.774761772414787,1.0209884252648822,1.5,0.5,1.0,0.1,1.0
1.4187484173133162,1.4765819686794883,1.5147912130487693,1.3325520559883728,1.286128041604541,1.144844914052091,1.4061015235651624,1.7489825464266513,2.0448905345758304,2.336360546825611,2.0775432490860353,1.5,0.5,1.0,0.1,1.0
1.0025752825993497,1.1029279847700568,1.0230095702908033,0.9425407639266814,1.409800167487541,1.5347078303422566,1.5815512781400658,1.7435774115888458,1.545972607951018,1.5065892298620462,1.604628431731123,1.5,0.5,1.0,0.1,1.0
2.4680450476083595,2.124275355304446,2.0880836013086492,1.8789084814809136,1.960951829017345,2.1278483934998933,2.042404864702062,2.17489582531764,2.395439209901594,2.138726681921211,2.2095789651395847,1.5,0.5,1.0,0.1,1.0
1.656766888113883,1.8163159644182392,1.8494490133075348,1.8204777131689711,1.6928823957468724,1.6071709128835596,1.789933355918165,1.545360687065227,1.704458841774532,1.3870050139371133,1.4886289588020474,1.5,0.5,1.0,0.1,1.0
1.418492453468612,1.6297062719335709,1.6910294138845017,1.6438295069036484,1.8911700550747383,1.8961145557395265,1.9750109844711932,1.6295107199043652,1.4921956620527537,1.519676482926278,1.6188264417185574,1.5,0.5,1.0,0.1,1.0
1.5659333809335838,1.2827368842340348,1.2450546054445562,1.3437365700941586,1.1165726553122124,1.246450764448793,1.30753536444409,1.3852941709933049,1.142023017003998,1.0217894189022323,0.942919699546277,1.5,0.5,1.0,0.1,1.0
1.25827859217265,1.1728053283517446,0.7396313202320703,0.8391827657912875,0.747010031739327,0.51685274985274,0.5646171854768185,0.6685515561245144,0.9284631147429075,1.1964869472472373,1.138936762030832,1.5,0.5,1.0,0.1,1.0
1.528904462514395,1.4298170221478597,1.451712788892358,1.4325737243896874,1.4994659946161495,1.562386413104478,1.422103798340176,1.221255057824417,1.071111623324173,1.1991135920142946,1.213723283573957,1.5,0.5,1.0,0.1,1.0
1.1222314847743389,1.2970978337125558,1.192846252741751,1.30196750342033,1.402030690739118,1.7128347878961958,1.8775615353702568,1.5513489664564115,1.5126847290795258,1.351210224814991,1.4346319779662813,1.5,0.5,1.0,0.1,1.0
1.2264070119283783,1.0594043198397176,1.072783368341665,0.9202886594564962,0.8928732067054168,1.1361999833890093,1.2486027019516213,1.021696559330316,0.9033858697394104,0.9760166367513712,0.9617003785638232,1.5,0.5,1.0,0.1,1.0
0.9380161769590006,0.7861140139688731,0.8213654799684652,0.95902300860772,0.8885234267574827,0.8767334245287552,0.939814635156653,0.9778953524195022,1.0638235620628576,1.06774005982129,1.1686289081894987,1.5,0.5,1.0,0.1,1.0
1.7904458511519246,1.5786997963246383,1.589036378541095,1.8030925268988969,1.771166039016063,1.739637648706517,1.6644362568331348,1.4515702434194635,1.3363046626470974,1.4245641389238974,1.404278964883939,1.5,0.5,1.0,0.1,1.0
1.2856472616552417,1.7914121060161494,1.8493454391767248,1.6480014020230482,1.610271578011374,1.5642514216060657,1.5354979495729846,1.7045921235069046,1.80014339328609,1.7847045534343855,1.7349230097878283,1.5,0.5,1.0,0.1,1.0
1.7134290599722002,1.8181625656401543,1.7820971593160184,1.4872837050704684,1.3743693403279809,0.956783175745614,0.7439150366228944,0.7264649244664908,1.132183996083906,1.3567506945507253,1.226627255794507,1.5,0.5,1.0,0.1,1.0
1.5737516543642174,1.443848116704301,1.3976685357922134,1.283717493050371,1.4628982687689804,1.183756238736471,1.3080271358046838,1.3548455660138563,1.4499709437858062,1.081350804170182,1.0311130415647307,1.5,0.5,1.0,0.1,1.0
1.4735089536636088,1.4777255404774294,1.395218107476181,1.5264274045896076,1.525225850228005,1.2881413711154752,1.1212122271015117,1.12244751173126,0.926840326238372,1.0813901456628707,1.3153371980601345,1.5,0.5,1.0,0.1,1.0
1.3936477111261656,1.6118366792495726,1.879118709309564,1.8715359750419984,1.9199438885832143,2.0651565712405366,2.083812716647948,1.978148509201604,2.0878258528240896,1.959710983032486,1.8689995730576152,1.5,0.5,1.0,0.1,1.0
1.3272897039015528,1.0779581964465332,1.1791460036142842,1.292511052038464,1.5704151944238338,1.6882992868158144,1.5442132622549374,1.8020997870720104,1.48968415563847,1.5384639900892798,1.2896429842570418,1.5,0.5,1.0,0.1,1.0
0.8681159343080311,1.3076608760573176,1.1177610761880838,0.9573118995647352,1.157200417224583,1.2699310687783865,0.997811522559586,0.8649182677098585,1.0611746604644503,0.8869537200383054,0.8383152023994498,1.5,0.5,1.0,0.1,1.0
1.48332832168953,1.1501630346461793,1.1343265753670486,0.998161465448,1.1160013585420316,0.9859559086750592,0.8658159892435202,0.4486465742121583,0.5280587503787935,0.3750802819942513,0.5693276649994071,1.5,0.5,1.0,0.1,1.0
1.45027435492561,1.4691434853116674,1.4057236645232338,1.3932558852140735,1.6393838011968236,1.7468829020245853,1.478855912558123,1.6750631818182466,1.517091059014043,1.4111368870483554,1.254323477952869,1.5,0.5,1.0,0.1,1.0
1.5875259106444786,1.331244176321508,1.098861228216755,1.378795277007162,1.3099054961626448,1.0931248291632654,1.3937817001035455,1.7117460831079248,2.0207373469789265,2.0221025606430887,1.883258584149853,1.5,0.5,1.0,0.1,1.0
1.167740085004669,1.1440793312717876,1.146715958460835,1.0422064913697624,1.047753393548056,1.3805110307064576,1.371107588100977,1.3329608316231132,1.3269008001010705,1.4835716623736042,1.5751812945257515,1.5,0.5,1.0,0.1,1.0
1.6177047205583752,1.8031563149323868,1.7087031779099535,1.425124066191528,1.5922867727501666,1.4521151676961066,1.3461590305053024,1.0612920739729632,1.0033907398175983,0.951990074060364,0.855861339483321,1.5,0.5,1.0,0.1,1.0
0.5226781086006732,0.4710934251361504,0.323297367778558,0.5481990797358145,0.5728426063930079,0.5517799852948219,0.6205768469677319,0.7833857645261625,0.8466805044282921,0.8925518968010744,0.650348163623192,1.5,0.5,1.0,0.1,1.0
0.663264008931248,0.6956625948997336,0.8235517608356453,1.0352691599926682,1.3190179858417663,1.5747873267110868,1.6230761675118304,1.7300931320220532,1.448797607167251,1.4672196829536923,1.6643249933676578,1.5,0.5,1.0,0.1,1.0
2.0746248366599422,2.117781307122846,1.7862787037888457,1.6366493282051764,1.3287939599313447,1.485265141348977,1.3417403336827327,1.184693432328616,1.135440348380946,1.1236266964219015,1.1277583850781665,1.5,0.5,1.0,0.1,1.0
1.4356378119115527,1.2817602025870447,1.067361580263873,0.8816717947679583,0.8670643273616536,1.1342180030849838,0.9505726706703524,0.9283006625593913,0.9568859967189036,0.8741418003777953,0.967086629719911,1.5,0.5,1.0,0.1,1.0
0.811619213610213,0.9116282815293698,0.8675388182697106,0.7974611644115808,0.7225959341275102,0.6866415999634535,0.7531006791483815,0.9181423990121644,1.2064358850114458,1.222621994275337,1.3966436006816605,1.5,0.5,1.0,0.1,1.0
1.433391225241028,1.417629772546352,1.49456443869573,1.5187184353660106,1.375908561171291,1.4512514754244483,1.6008854770387204,1.502822757238202,1.3767521914137095,1.5117187423606395,1.48239173996245,1.5,0.5,1.0,0.1,1.0
1.381066943772109,1.1627947086170902,1.2623039270144814,1.268962774421689,1.4202794679171975,1.3964160804089216,1.431583189789148,1.1861578882445232,1.322698487613823,1.5074226977686298,1.2382020895585986,1.5,0.5,1.0,0.1,1.0
1.9074199295774863,1.9037234803684249,1.8912345976007037,2.221824529189902,2.045237125335394,1.9116442642088185,1.888065696730765,1.856238624495784,1.9297968297751136,2.0682782192496343,2.2639985075697955,1.5,0.5,1.0,0.1,1.0
1.9831346631184532,2.157660468970365,2.2104751119666375,2.175043917147137,2.030556492942431,1.7739616337926056,1.6849878891662118,1.83540407792728,1.7304629975061352,1.89437495393684,1.6674190994202545,1.5,0.5,1.0,0.1,1.0
1.2571387107507566,1.2583378346149154,1.1623693128206225,1.313265984553892,1.1524450354608302,1.2623447522387716,1.2037175371499726,1.1192833988732127,1.167043224190877,1.1733515882252874,1.136717599796964,1.5,0.5,1.0,0.1,1.0
1.436198532935037,1.6416197794119167,1.5571085847597097,1.6082298546728235,1.8330599083339536,1.6855020940146537,1.7444553063399324,1.605212807514392,1.7360148446202206,1.4599509233276982,1.5235696013137876,1.5,0.5,1.0,0.1,1.0
0.7727622187640777,0.921533579232006,0.7586378900150129,0.7493250660181203,0.7381491552591825,0.67967683965924,0.6038259092106875,0.7302667758879879,0.734302946054724,0.4716100271807072,0.6206366515993706,1.5,0.5,1.0,0.1,1.0
1.3679694304981975,1.187183234508158,1.0999186795675475,1.356895982005065,1.456698125453503,1.3529683068868608,1.172328934725302,1.1543916176359397,1.303062073543838,1.353642148853717,1.5089783174590032,1.5,0.5,1.0,0.1,1.0
1.9223298435851683,1.7806824917822832,1.5852873219566177,1.2248977312509477,1.1577400038955663,1.1011470952033349,0.98896829586519,0.9369844250940846,0.9819469354076846,1.3419004851433889,1.3087908051935322,1.5,0.5,1.0,0.1,1.0
1.4753342598704766,1.278238814033026,1.2289323809532644,1.2705093429817094,1.2502178217680513,1.2701471486669105,1.1968558132794005,1.1586519451459163,1.1757228881366584,1.1662996320811434,1.036639575971967,1.5,0.5,1.0,0.1,1.0
1.475977617125091,1.5410101308065176,1.337262357411776,1.648625149780967,1.6730032187567387,1.4907914082035518,1.3623602847523608,1.4349027682961597,1.1421951222549214,1.335232908731149,1.3126416668216183,1.5,0.5,1.0,0.1,1.0
1.568266580939367,1.554743463790413,1.191923747386991,1.1264994587926342,1.2105117829220926,1.4267963115375186,1.3912055674947563,1.3937513284091383,1.4040996177866951,1.668067222155344,1.88845350333354,1.5,0.5,1.0,0.1,1.0
1.131627688117694,1.1703892547104404,1.036317204332566,0.8971191505636364,0.797854290293182,0.9337187922686616,0.8822300659048712,0.7545618369874397,1.1355953584871776,1.1139239118869784,1.2936403777110137,1.5,0.5,1.0,0.1,1.0
1.1623535745012763,1.0514692626384825,1.031013377696994,0.7863453694749623,0.871103601327738,0.8317866814620167,1.0401118827471276,0.9811483201174384,1.0903234307887597,1.1708165231023224,1.4910646892404478,1.5,0.5,1.0,0.1,1.0
1.224908602827874,1.2866673979688346,0.9701796230541154,1.0575888720268447,1.171079612578712,1.150396908055343,1.0271490587370036,1.2460407105746183,1.5136932990928276,1.7298130677605998,1.8895710335063576,1.5,0.5,1.0,0.1,1.0
1.9029574166498469,1.822280977457775,1.7349393707745129,1.8118615164515703,2.1153429843493097,2.215415352789219,1.9456640908918008,1.9071042361698416,1.9438810627151384,2.0069275848694614,2.106542729478433,1.5,0.5,1.0,0.1,1.0
1.193682314412997,1.0867353110186442,1.0583751076248995,1.1680511191187906,1.3016240288451013,1.3722700556133698,1.2765207203588724,1.4857452371864968,1.173681758262396,1.3776410250141198,1.351941772809524,1.5,0.5,1.0,0.1,1.0
1.1891514530049831,1.2025241912733728,1.4579894831679845,1.1457173903877471,1.1718648313246027,1.4964449075155737,1.445519210497844,1.5710232923954146,1.2780529185947525,1.3470665567588194,1.3730748611362638,1.5,0.5,1.0,0.1,1.0
1.5045020680296708,1.4194451406755104,1.204080941827117,1.153109323461404,0.9991832612659478,0.9007514635518252,0.8545589499358418,1.0438708185109475,1.1581931849921991,1.145668984597103,1.44781192091984,1.5,0.5,1.0,0.1,1.0
1.9951960152851371,1.772368556265408,1.676737391877759,1.8423791558703897,1.7875249858685416,1.7562601843721757,1.7319410041843082,1.987662149025015,1.7498178252648224,1.8802904210255311,1.9640362353791625,1.5,0.5,1.0,0.1,1.0
1.73787051173188,1.7926106959558896,1.7665742820833996,1.8547164161594516,1.8485422081124712,1.7748746675431517,1.5465569316624264,1.355674112617542,1.4088491651809203,1.5241698591577657,1.695401494291176,1.5,0.5,1.0,0.1,1.0
1.5730937522427764,1.269022497728995,1.5248460078055504,1.4970033394598772,1.538646082692816,1.428880548909993,1.66951587371957,1.6778850837265078,1.7008926067747694,1.4255455194385118,1.5736163373230525,1.5,0.5,1.0,0.1,1.0
1.205690400149834,1.0821815274177855,1.2192948617094657,1.456867866879282,1.423445003926049,1.3517673099493497,1.2151581333197878,1.4324991235243625,1.2270033680869263,1.3147383304325615,1.1947907361877157,1.5,0.5,1.0,0.1,1.0
1.3089406196172488,1.2732750246783486,1.2264489128430496,1.1057373740889171,1.0963127699589108,0.9862082161124528,0.7932189931077562,0.7273694819443794,0.7826441498903011,0.6353950270663438,0.9236405333937344,1.5,0.5,1.0,0.1,1.0
1.1740598316653714,1.0324315016018977,1.2435006908459183,1.3358435253818042,1.0238336146243665,0.7951952557565931,1.017987308021719,1.425541937780089,1.2624184582992004,1.141589593020073,1.1140817733873485,1.5,0.5,1.0,0.1,1.0
1.7214078030973503,1.4189403318137774,1.6952339723520344,1.6206267470439697,1.379992134467083,1.32597151622919,1.4541705143003936,1.2693979210761628,1.1955234661032774,1.1518567376526332,1.1804567620921496,1.5,0.5,1.0,0.1,1.0
1.141696546448759,1.0668361384176157,1.23594511005354,1.0612967471249146,0.9445648738253956,1.0370155468213298,0.7339247148058121,1.2781837693608464,1.3445713831361534,1.1943959391522243,1.307180922713871,1.5,0.5,1.0,0.1,1.0
1.6958475333031031,1.9393268162778732,1.7817191223246664,1.548962212653155,1.4922167081850854,1.5856397188149018,1.6630879963926954,1.7989367156588296,1.805787554914703,1.9923306557850489,1.9151654813698216,1.5,0.5,1.0,0.1,1.0
1.9577997807872272,1.893048717887175,1.9297152844179608,1.885813778534128,1.647217983335201,1.6502619252772093,1.6136038607403846,1.4834615249679035,1.4973476068236509,1.57250446634663,1.39486774286207,1.5,0.5,1.0,0.1,1.0
1.3745184320659394,1.294715754503021,1.4014552641249405,1.3516492314863089,1.2921325478663943,1.400209833700481,1.2915503860748272,1.1713818973215926,1.4848475277613091,1.450509365593452,1.5398000461117125,1.5,0.5,1.0,0.1,1.0
1.1144272031735138,0.9714127971506352,1.1030564598931585,1.0725355681216504,1.101891352248431,1.320382108613506,1.1938892645581298,1.1399443917155174,1.171472718117947,1.1423765135799715,1.0414485901702872,1.5,0.5,1.0,0.1,1.0
1.5605796676368346,1.467865620233657,1.4076243870197158,1.2890903073321625,0.996553097804793,0.8303865140690626,0.9581087585170748,1.2628781974272325,1.3675677407877216,1.423444562304603,1.452478369255756,1.5,0.5,1.0,0.1,1.0
0.9645739876433056,1.0292657544233743,1.216437854700882,1.4466560653976848,1.5001098734784306,1.5037383602627,1.7547576085493044,1.7308229363226144,1.4383955652456746,1.5383899646147232,1.69706222831666,1.5,0.5,1.0,0.1,1.0
0.9061335387354136,0.8460124411685974,1.0717050496513112,1.2700630338720382,1.228889257369662,1.1030697302460488,1.2301143142369817,1.0244197742343115,1.2883168914670198,1.247978633704932,0.9950534565484116,1.5,0.5,1.0,0.1,1.0
1.4035196416167552,1.3485343049682954,1.3126268009034194,1.230205715647628,1.3931414880094506,1.6080988052912697,1.4952117358761332,1.467447250405146,1.5206573822212732,1.419303393987417,1.5005728585970275,1.5,0.5,1.0,0.1,1.0
1.5608839035296855,1.7629767468745234,2.0294971810079465,1.9438780262085769,1.8359543443000017,1.9324334182581349,1.94275248343542,1.6951427243053347,1.822459490479752,1.880417981235604,1.7631603845668655,1.5,0.5,1.0,0.1,1.0
1.2806162433449944,1.1187228639914448,1.262703923987731,1.2376623064123118,1.0902625041542873,1.1757345492484157,1.0234414440059567,0.8943270139774189,1.0183589696247592,0.8018039057316388,0.7335890025132633,1.5,0.5,1.0,0.1,1.0
1.4261895804767888,1.335445222010082,1.4158663951701935,1.6468219749376551,1.516832620938014,1.768492711231167,1.7567943124050898,1.7298014587953623,1.5661998745729937,1.381944192484081,1.4436972165410444,1.5,0.5,1.0,0.1,1.0
1.6734015270941789,1.3810840677325318,1.3233817425055057,1.2303542921809163,1.3754014589370416,1.3691826415400994,1.3051327251814189,1.4490335412868875,1.4623996665730803,1.530607760692872,1.1925552474865595,1.5,0.5,1.0,0.1,1.0
1.1148858597984836,1.2337270153647677,1.316714204579771,1.2482942714186414,0.9975659662118452,0.8195870648633384,0.9975779979331576,1.5915947212430104,1.6509711627342316,1.990436798108882,1.7355044320349506,1.5,0.5,1.0,0.1,1.0
1.4665063682615884,1.5045241255356396,1.458673662437877,1.5277841952850493,1.4348074181687451,1.4297598554210094,1.6874219381166196,1.8097220458167544,1.9596792421131284,2.0388143645626524,2.03846475208719,1.5,0.5,1.0,0.1,1.0
1.5639376394194964,1.5256737933141566,1.3273674653630887,1.1951336000907613,1.232459776122147,0.8875698157090088,1.0294165474692551,0.6763274964831234,0.787569446183005,0.8095348172393078,0.6631630772232832,1.5,0.5,1.0,0.1,1.0
1.7953489688805238,1.5068054973965328,1.653021893868245,1.5901099104785894,1.7012144135273053,1.917163719475765,1.6162955351233903,1.559408419374574,1.2890870883341194,0.9691700072772362,0.7267289073548124,1.5,0.5,1.0,0.1,1.0
1.5068508164884509,1.54451922500433,1.534258207811287,1.3487924104265645,1.0032676663079474,1.0420809504330906,1.3831439046196374,1.54940316537106,1.317782658132304,1.4168877039720718,1.3235520168247186,1.5,0.5,1.0,0.1,1.0
1.010714275202263,1.2101234601647777,1.1484398487910594,1.1585004291192214,1.2339915829822912,1.3677334295463126,1.7617206247630124,1.9226588874868715,1.6973093798875474,1.569356404285252,1.3325365564016154,1.5,0.5,1.0,0.1,1.0
1.2070254991635407,1.1600114064762654,1.080354143527977,1.196924037944367,1.306408730063866,1.7342662598164535,1.9200168772212491,1.9423240019814416,1.7118195361794917,1.636375838303867,1.8943372324523908,1.5,0.5,1.0,0.1,1.0
1.4769208331961827,1.609956942033359,1.674865974616793,1.9067882355210692,2.1729748404810456,1.8494467009492948,1.7651531609139786,1.4610195665005468,1.5369313644847165,1.565154348580422,1.5970579959214426,1.5,0.5,1.0,0.1,1.0
1.5376171835678785,1.5959474402796654,1.678116078068967,1.5717090052589076,1.4832951094277218,1.4624412849715365,1.4228940484192405,1.5197781972971904,1.2680335167793304,0.978648844245966,1.099157664205327,1.5,0.5,1.0,0.1,1.0
1.2052628134137058,1.2468025648383962,1.512333404104644,1.5388184460185936,1.548401639883268,1.7465793322695091,1.4583864894692835,1.511981434652161,1.3062518884721337,1.4721821166143492,1.5070164382859896,1.5,0.5,1.0,0.1,1.0
1.097937792665988,1.217416751690484,1.248649595671503,1.2009510538756043,0.9502878862753938,1.0209625859763003,0.9750369315209002,1.0379011088038188,0.9906329344543436,1.2192488969318205,1.5695665917735817,1.5,0.5,1.0,0.1,1.0
1.9142448123546811,1.7933628128959074,1.6611857150432627,1.6421423739237315,1.6298922922252457,1.509073308776362,1.4560303786423237,1.4738558650532936,1.8890949191123312,1.8109401631235904,1.9841963366370596,1.5,0.5,1.0,0.1,1.0
1.1305343285115637,1.3523322137497735,1.2949122192726492,1.4134337645909538,1.394903794924699,1.4052599607751468,1.387929936591484,1.134982368541286,1.3731661690671095,1.121000362963473,1.055773688932375,1.5,0.5,1.0,0.1,1.0
1.5248282340681796,1.6653970103129534,1.7768462472162838,1.874902003655034,1.7114434457562813,1.5420375696876671,1.7113268272343556,1.568976168848355,1.6790897642043376,1.6958902016398194,1.5130503921845075,1.5,0.5,1.0,0.1,1.0
1.533602121175103,1.6173082762645974,1.779159829541774,1.5626405950297944,1.4534124976853549,1.596101952396904,1.819150962181336,1.8907590222353128,1.7642997026426717,1.9262983541122307,1.931552111873344,1.5,0.5,1.0,0.1,1.0
1.3571059775100762,1.490138645927637,1.3936615585626797,1.3506964522899467,1.1720251119154887,1.2694047060200138,1.3783949107035764,1.660061037251489,1.6601282752161253,1.4571850611281467,1.6400748271082712,1.5,0.5,1.0,0.1,1.0
1.4296967403502512,1.428096615911869,1.4179308669774342,1.3989181035662488,1.4793402032141247,1.6826231834613248,1.429495779558917,1.2365295900884254,1.2304147787891089,1.0762019572695734,1.275026386973152,1.5,0.5,1.0,0.1,1.0
1.1167484847109483,1.1851211464248284,1.0329188845410398,0.8708054752265202,0.9866737947160998,0.9830854051084608,0.9258545191439213,1.2674747216495208,1.1692252573977382,1.3092854623810668,1.369870681556201,1.5,0.5,1.0,0.1,1.0
0.88658775361055,0.95033554976218,0.8796184754273296,1.0802325195403983,1.148163768687296,1.1728577682746055,1.223197569576786,1.4679946185529398,1.4645954464973463,1.568173635139145,1.749073025269685,1.5,0.5,1.0,0.1,1.0
1.862540037905133,2.151903069330431,1.8353750479954911,2.093677473222887,2.2344682108280502,2.288584522692871,2.1906034527016987,2.2763924488387897,2.127938880494543,2.005495261580118,2.0144652961565175,1.5,0.5,1.0,0.1,1.0
1.274289615329771,1.2380131520678777,1.5953479178185608,1.5946226419344207,1.6715839644967572,1.530133815323727,1.5087191592621128,1.3131677762156355,1.355418400331081,1.2862487580290105,1.1904633846065618,1.5,0.5,1.0,0.1,1.0
1.065613101804426,1.019276496630631,0.9593598765221836,0.9352590944125168,1.0565099179468338,1.2638761502290814,1.3410241144158357,1.1260114692208854,1.4796223348557485,1.5094382660992327,1.7121464986293593,1.5,0.5,1.0,0.1,1.0
1.643832971302006,1.7159231275484417,1.7806602525582549,1.6706399012596869,1.797342382696752,1.4967070544781778,1.5481078011141765,1.6561521191068873,1.752403777152616,1.8519751869518877,1.7426589127064558,1.5,0.5,1.0,0.1,1.0
1.2480256393335054,1.5237560205772838,1.7276772017919175,1.7870165454204132,1.6499326842347797,1.8686459958976445,1.6825143580077695,1.526286516729655,1.5047305083918474,1.671426367807951,1.4997290668175156,1.5,0.5,1.0,0.1,1.0
1.6148321891922868,1.5756340116104035,1.647022011801735,1.947514024735647,1.950349465741661,1.61187848232934,1.379678232841948,1.5980724864427225,1.567209676436225,1.6468471713053532,1.8320186724687235,1.5,0.5,1.0,0.1,1.0
1.0127461228945058,1.2027012073658103,1.1248788694598588,1.045909631463534,1.1668254145413663,0.9224454666767824,0.8669629312906141,0.9322455087931866,0.95189800987222,1.1425012400754,1.5063514465509058,1.5,0.5,1.0,0.1,1.0
2.2709119776313327,2.0645108658454165,2.0877812641372344,1.965587381252727,2.351694096274202,2.3523178303445613,2.384321920580398,2.188148932846184,2.2883882316668136,1.794540661006786,1.7710077424773605,1.5,0.5,1.0,0.1,1.0
1.528139079099282,1.541887854893007,1.510544467415838,1.5938287744321356,1.6406684028960925,1.6285004564290206,1.725608359723796,1.4846170933583347,1.4406821769214282,1.2185540266140822,1.085556355188348,1.5,0.5,1.0,0.1,1.0
1.5337925977084788,1.9387550025590536,1.7978381508002814,1.7192114188134635,1.5203148238986326,1.5435850011375245,1.183773903880838,1.2497250245729512,1.0613683799154754,1.0339141199152229,0.9670582849728612,1.5,0.5,1.0,0.1,1.0
1.6766027189218995,1.6197537675415412,1.5014379904860036,1.4542709572038426,1.5547097423330074,1.5836292201385676,1.6375160415585723,1.7330120417097523,1.6230128548586191,1.9749683206735784,2.1575829291990325,1.5,0.5,1.0,0.1,1.0
1.3444966777220293,1.3933053314087631,1.3237194331989153,1.493339260970599,1.3323405086944513,1.347118819263906,1.1470800172999978,0.8863135978229426,1.0138299026147937,0.9599356238668978,0.9369801241160536,1.5,0.5,1.0,0.1,1.0
1.1560263894558385,1.1861992796727858,1.3059725457389992,1.23350037036996,1.199600985931178,1.4648429105129075,1.1389142151943403,1.0262788541175554,1.282760513387773,1.4227238110377212,1.5651260117393089,1.5,0.5,1.0,0.1,1.0
1.579633506633917,1.6579268110424972,1.8480261955577468,1.6446071483359064,1.592014963712579,1.7539528953589636,1.668380939180141,1.343212446585233,1.2895178219776653,1.3400309388158491,1.4283517992668786,1.5,0.5,1.0,0.1,1.0
1.9269541309566909,2.0032212266123595,1.7465393790684254,1.826190844627447,1.4934488646034076,1.277534128569809,1.2115510266167993,1.0397684591750986,0.9237329938094528,0.6654672667664925,0.9633981801170304,1.5,0.5,1.0,0.1,1.0
1.4389983096226102,1.475545361238789,1.4841157128113258,1.420592543233611,1.3961358745658945,1.2050954297682666,1.238134171372632,1.1410573470654224,1.3423131999602838,1.473366337524853,1.513612476435193,1.5,0.5,1.0,0.1,1.0
1.552375268269279,1.6361501291301197,1.67010646835634,1.6426916480296845,1.5330012183838022,1.586643057649123,1.4316912807732074,1.173027505276023,1.1807792655393532,1.3764673407269128,1.535766467145247,1.5,0.5,1.0,0.1,1.0
2.169572138651467,2.19745408683177,2.3048559076663113,2.22109427098699,2.327740749993181,1.92079970034401,1.6952258833579323,1.9097209176758916,1.9585078886563163,1.8893263777939249,1.7523921586301312,1.5,0.5,1.0,0.1,1.0
1.658943853339015,1.702188007924722,1.6130909553995825,1.7079770743004234,1.4340150782852734,1.4729757456980477,1.2772912141363983,1.0915356470013786,1.1678195433182306,1.1332727532618023,1.177520331813498,1.5,0.5,1.0,0.1,1.0
1.685691342590587,1.4332620170421493,1.6279614342238655,1.590131372625195,1.4443419502288148,1.3249340920427437,1.264726161424273,1.3707094503660238,1.3235344089443162,1.4356414376756994,1.2232033972170666,1.5,0.5,1.0,0.1,1.0
1.7183068124113294,1.5790341242135082,1.567620542538913,1.545507724251098,1.464695673373291,1.3148633346189778,1.542716718256362,1.854029298088987,2.0565111866649803,1.9636151880608503,1.7553028512817088,1.5,0.5,1.0,0.1,1.0
1.350332152929003,1.3028583039456398,1.4922525894167535,1.845588382304848,1.9069100878844567,1.5549655475032396,1.253078295368009,1.218529811685403,1.232614853831002,1.435811293388365,1.6083410911323486,1.5,0.5,1.0,0.1,1.0
0.8917912055238997,0.7527115759153465,0.6645417569107721,0.5843246368437508,0.7254935405917196,0.9183637024667884,1.0853007189896429,1.2554805682426955,1.4309396064347373,1.4258660080294634,1.3826574016511444,1.5,0.5,1.0,0.1,1.0
1.2889814377721716,1.120153107402241,1.442865496617511,1.2090683130572364,1.31658187026159,1.194464118845152,1.0496014526537345,1.1209967419843043,1.5927915973235316,1.554531967764775,1.5764481026878598,1.5,0.5,1.0,0.1,1.0
1.9858493619365871,2.104565232037097,1.9683300422833652,2.1835290969584635,2.2407224493375857,1.8476424104380016,1.768803377867489,1.6221985709111804,1.5528112397967468,1.8507039733255093,1.6235971078550635,1.5,0.5,1.0,0.1,1.0
1.7509198212037576,1.6219826016955483,1.6622664804154497,1.4394937256707243,1.428560685695814,1.4155415652165264,1.3630560893110997,1.3927281289119589,1.5859177603933878,1.6425443138691802,1.6755038264101694,1.5,0.5,1.0,0.1,1.0
1.2601543998342175,1.1469454933414014,1.1823794875617233,1.129297445402448,1.1961691438356288,1.335778660445044,1.1624009832904436,1.343385856081292,1.3785566408951049,1.231030807576907,1.3054152845492917,1.5,0.5,1.0,0.1,1.0
1.3473313785204877,1.177930248530787,1.0217872886824757,1.2564461106552107,1.4397721480266736,1.2955366438193905,0.8301620150875753,0.8497371875264841,0.543169741792785,0.5921784361729661,0.5450189721814639,1.5,0.5,1.0,0.1,1.0
1.921645548084367,1.8365215554696448,2.043720806634999,2.22172381370758,2.0596948567851987,1.8379294594525315,1.644320389670693,1.747884629869496,1.6663396152145673,1.4452460018217577,1.788090486731227,1.5,0.5,1.0,0.1,1.0
1.6258219012540338,1.6231120340772762,1.8687423013483264,1.717335159049037,1.6563053395866056,1.5426827181821845,1.670565747780249,1.8802135252775911,1.9547242971722192,1.8049891904546531,1.7122463318904766,1.5,0.5,1.0,0.1,1.0
0.8523439187343835,0.8893392676386431,0.9637924356732182,0.8671981106722029,1.0876709758098415,1.1468769458142478,1.2834521045616392,1.2467508462918797,1.1598666734312175,1.1665344128024222,1.2007320373779773,1.5,0.5,1.0,0.1,1.0
1.397795402444805,1.371694080798744,1.6852781245894295,1.5680661982935191,1.5217973954492905,1.209028110832231,0.9901997217113936,1.1403133245531667,1.001681956445164,0.8416435441227248,0.9441105787595756,1.5,0.5,1.0,0.1,1.0
2.0847580352819306,1.800569680819093,1.993694093527664,1.8240388834273649,1.7359768849632624,1.616610490335969,1.3393854687444358,1.4193932686648734,1.355948593331708,1.3605872341879883,1.347146255605567,1.5,0.5,1.0,0.1,1.0
1.550407952500862,1.6094189806496213,1.6331514875550803,1.6664248491778888,1.5749208350496582,1.290806166796688,1.1245722058200067,1.3795899818293589,1.2513005765407312,0.899203171020089,1.0343770942151105,1.5,0.5,1.0,0.1,1.0
1.7521622048248413,1.8601762706613327,1.5961981552619582,1.633018546374848,1.5421069770048412,1.5515463425339568,1.5822390785224556,1.575395914008564,1.3359222548778902,1.2793568142808869,1.1882705550443464,1.5,0.5,1.0,0.1,1.0
0.937692885430431,1.2330348741998978,1.0622627773728306,1.4870105047247633,1.4022523864430878,1.3806441825935771,1.4079003415946891,1.486804603526113,1.2883510393030464,1.400757408316354,0.9035772045493304,1.5,0.5,1.0,0.1,1.0
1.036627826196353,1.1286263383990445,1.064967869317328,1.3587512963667958,1.4080652912872214,1.6511605912291858,1.634491434206074,1.7332090248405203,1.7467555765288512,1.922790615427859,1.803168258799903,1.5,0.5,1.0,0.1,1.0
1.353772544239907,1.2550059840502326,1.125352738656003,1.1373174538910835,1.2062508044976037,1.361956012809919,1.253974898171656,1.1757470583128635,1.1956029086364195,1.32147030430099,1.5927438568124348,1.5,0.5,1.0,0.1,1.0
1.156717393382521,1.1817634670454638,1.2313060462315697,1.3295506833412418,1.687521208779038,1.7109809355994414,1.669824184255863,1.3599327154432737,1.6899866943476207,1.513846765086725,1.504204945404115,1.5,0.5,1.0,0.1,1.0
1.7661584599341618,1.571408286620617,1.59203554093048,1.6285283095212946,1.7028726564842367,1.8137936696591297,1.829192176334056,1.8679062353095333,1.922009125490376,1.9373468326511416,1.8410629736848605,1.5,0.5,1.0,0.1,1.0
1.5221929058121817,1.4074297068510062,1.092569000870928,1.1735174117971274,1.1950463328482983,1.1120939438821875,1.3422725147455483,1.327589511493877,0.9933744604866408,1.2775685158145187,1.3412422186476414,1.5,0.5,1.0,0.1,1.0
1.9367635851680975,2.0316529246943382,1.801970341043437,1.587314117552845,1.6467074817187837,1.5904976631690764,1.7135774675251232,1.8325689637224805,1.8221918913238544,1.659436988920939,1.576443298241175,1.5,0.5,1.0,0.1,1.0
1.8222039416203692,1.8065634598587503,1.6905139267018785,1.362989589120062,1.319318693627895,1.0468092695291924,1.2541242359654414,1.347431032266579,1.2836919412905443,1.4904640578026274,1.285987757084695,1.5,0.5,1.0,0.1,1.0
1.294003911824945,0.9195571377753058,0.8305294369184231,0.7858797051018214,0.7018521790007209,0.7269930782628263,0.6744212734232344,0.7930555692877145,0.87180629087232,0.7387192440430029,0.9683688535709138,1.5,0.5,1.0,0.1,1.0
1.5722186253136494,1.1785632813011644,1.2184165953484438,1.395697328541521,1.227010042202611,1.2642339122396775,1.240539363141159,1.3916523258970372,1.5337565247033615,1.4067218590999266,1.5857348662314563,1.5,0.5,1.0,0.1,1.0
1.850162414914812,1.746937881135436,1.7589720589153406,1.5675721475101996,1.7218236751740517,2.0365520351369266,1.791391058058536,1.6013446839512169,1.853277391766542,1.840067838126816,2.027047325892791,1.5,0.5,1.0,0.1,1.0
1.9868334017606704,1.9646757099673449,1.7211722062021104,1.7162837918562388,1.7910665250904994,1.713421044213242,1.662702230977399,1.7776526804003543,1.8871207265587633,2.1162650968320245,1.8468811476457097,1.5,0.5,1.0,0.1,1.0
1.8185331009029055,1.7782530229388465,2.028315916194572,1.997192781317915,1.8831130630228987,1.633388167717524,1.5557770036449066,1.5722877156696369,1.506991554570437,1.229042342419944,1.250898930908233,1.5,0.5,1.0,0.1,1.0
1.6002840260724387,1.557476281630813,1.701928934087726,1.6794909281622452,1.8026615208037091,1.9721126701096232,2.0698454967864475,2.579243117561571,2.4502720750973572,2.445467563207666,2.245064630816097,1.5,0.5,1.0,0.1,1.0
1.3759924641923291,1.4267820795693589,1.4349490268741572,1.421448568012528,1.1261871931794205,1.1362597840834123,1.5067764545152595,1.6753644732874204,1.5108135056990533,1.5131577396287357,1.6932719061725954,1.5,0.5,1.0,0.1,1.0
1.4826643845016874,1.509965751943297,1.245911881343247,1.24592712590833,0.9291812896902654,1.0464135369030825,0.9957808990583652,0.7393960987226293,0.7323371178077165,0.7933288256039348,0.7205375245307334,1.5,0.5,1.0,0.1,1.0
2.224176134723346,2.209723097026748,2.1423315687863624,2.002313421956534,1.7820451413850589,1.6667981763954995,1.7151478200402317,1.6029657781161868,1.650166300542236,1.442175516867603,1.334518890324188,1.5,0.5,1.0,0.1,1.0
1.525454138424284,1.6677902757383165,1.716307904124638,1.6063290635395586,1.7841152813428742,1.8469307610999712,1.9071604526206472,1.7072246515580654,1.9815625650802675,2.0116664236417283,2.120374005318191,1.5,0.5,1.0,0.1,1.0
1.1867737378440386,1.3039113511179954,1.6158238026540137,1.636697981196976,1.6235472150518315,1.633562231949277,1.3938390933089906,1.6038131723043654,1.4693096616341887,1.422947577204701,1.712408718795705,1.5,0.5,1.0,0.1,1.0
0.7862330508302314,0.6480383974451667,0.6620298190014959,0.8243419006645339,0.7673604182122141,0.7841217637498916,0.9857852736137084,1.0803149639013043,1.070419137896664,1.0239303565208715,0.937067128618584,1.5,0.5,1.0,0.1,1.0
1.404664379398657,1.363698059093314,1.3106844618815456,1.271332051829175,1.4093146414618705,1.36245809142918,1.287116356404466,1.5118032971249122,1.3419275046459986,1.502312784850724,1.6616731566171663,1.5,0.5,1.0,0.1,1.0
1.5815247356974598,1.4972758037684166,1.4582469315182904,1.5014917379128476,1.691907614456695,1.5086198151588257,1.4859600567031497,1.4786538463637766,1.445798048772119,1.499340100247201,1.5934785647232612,1.5,0.5,1.0,0.1,1.0
1.312751746792235,1.2311825420889244,1.1197730806629218,1.1571844207610626,1.120661428445234,1.2025958986346068,1.426165023200745,1.294186373011183,1.5226369027016138,1.823542126008171,1.6690298900541056,1.5,0.5,1.0,0.1,1.0
2.224654825984191,2.3909421171992387,2.172009422891111,2.469598271378808,2.375323904989577,2.3886175432738654,2.312840373183356,2.159803112019715,2.018891438855194,2.027192262860413,2.1539972168379897,1.5,0.5,1.0,0.1,1.0
1.015214184804166,1.1526176124621583,1.195395805263847,1.3657492767943742,1.3473537480704605,1.5625874046362167,1.609605960813967,1.33475339130182,1.3658820958698537,1.635213661620793,1.7295948009272235,1.5,0.5,1.0,0.1,1.0
1.7715880382031508,1.7271461519119076,1.386367128561373,1.144237282072023,1.2356833015233202,1.10018540075517,1.2339876854154523,1.1746454226520076,1.2178961164484483,1.1538141054620703,1.0068853272909577,1.5,0.5,1.0,0.1,1.0
0.6828828341550028,0.7986847762966256,0.972677962216229,1.1188389297349308,1.1091267724095712,1.241192926258972,1.1075034660251404,1.1091388347750688,1.012326852304947,0.9677496607223294,0.9872706006611364,1.5,0.5,1.0,0.1,1.0
1.667366705865737,1.7498795536416512,1.7546707755157254,1.9114313077939176,1.8290789354252728,1.6644976603838608,1.5954393721785198,1.5885217031404362,1.3784442778169106,1.3103496623969024,1.4802268776330132,1.5,0.5,1.0,0.1,1.0
1.2393657398567013,1.1740999018639469,1.056334865167215,0.9893889206268354,0.8158082927660892,1.048087084574499,0.8649191748012127,1.1485605119018056,1.4417050721289155,1.7235565846462424,1.6002766222630644,1.5,0.5,1.0,0.1,1.0
1.5323260050969056,1.7114990887283423,1.4684922368660434,1.5533636531518598,1.6288525037186974,1.5088622588802354,1.1274301718827422,0.9454354811741033,1.0353543832784855,1.0763366942861647,0.8686058596500359,1.5,0.5,1.0,0.1,1.0
1.639154762206778,1.5339355674044264,1.4397774033638502,1.321592537289634,1.3069272908968192,0.9828390236390988,1.0430665870603035,1.2908722636630647,1.4901521715959376,1.4433266660669053,1.5885927327275042,1.5,0.5,1.0,0.1,1.0
1.3556268053535774,1.364941470195835,1.7773112510869846,2.2560940859150467,2.215535861001624,2.216320166035496,2.185318280816417,2.00567484627909,1.8566092244296473,1.9028635658683248,1.9749964983317652,1.5,0.5,1.0,0.1,1.0
1.7681081038547002,1.731757385408707,1.8164619047214252,2.0038497109972506,2.0167518036231353,2.0297758794638576,1.7348979889450546,1.6881556100230286,1.9776711147534347,1.814413456658936,2.051384534894339,1.5,0.5,1.0,0.1,1.0
1.6715071805620163,1.6007110766709622,1.392802240895222,1.6301278269036257,1.5065940779634428,1.409625700118481,1.6118627878425362,1.9258871157663495,1.7059198012739485,1.616133217418351,1.4876619143303906,1.5,0.5,1.0,0.1,1.0
1.5852634581955674,1.643997192643011,1.8200971342506784,1.8490704787835464,1.5249601153329682,1.4451234397185264,1.5218158775382384,1.443110913346095,1.2181977454406592,1.2565327089025335,1.1101778303006402,1.5,0.5,1.0,0.1,1.0
1.3240191373243513,1.3707725482328108,1.5068886233747971,1.2848457456725462,1.291794940249881,1.5170539699657273,1.750576559890688,1.6745060006240309,1.65694966703572,1.509813298838907,1.278119547505472,1.5,0.5,1.0,0.1,1.0
1.5401720124941507,1.326190750279182,1.2995514517762763,1.371378279787728,1.2536320632194575,1.1644070600556706,1.3554515829732758,1.5320578507057954,1.4945400518421958,1.67736073394633,1.4827930563153342,1.5,0.5,1.0,0.1,1.0
1.3492308644364357,1.019600793135686,1.1509220248347742,1.2819707597586727,1.4299838154704227,1.5089850349504186,1.4041002352703775,1.3685288660634167,1.3206634872916478,1.2033341710532206,1.4533415814700874,1.5,0.5,1.0,0.1,1.0
1.849746643013711,1.4505890763113916,1.702437746391095,1.6261319112321249,1.8380007667848564,1.8983404420135608,2.0903632279744033,1.588453979427758,1.3983494975351929,1.349717582402248,1.1257980491538435,1.5,0.5,1.0,0.1,1.0
2.033574358812377,2.1217474492900705,2.1764975170668843,2.0907043803306213,1.9586879553640584,1.9615303250100928,1.840515044064648,1.9692454532074892,1.896988884423864,2.0597197551474276,2.125594141801402,1.5,0.5,1.0,0.1,1.0
0.8127494988285608,0.7361845425421694,0.8594285914093458,1.3400259837361268,1.527881042065288,1.4963552705162853,1.3605628577999815,1.570329384877276,1.6110806577827363,1.489908378987595,1.6318737064885709,1.5,0.5,1.0,0.1,1.0
1.075769685337179,0.8331831296869758,1.1108313137190389,1.285274247674526,1.4142299742769542,1.0393601218248256,1.271890521376437,1.372817672061558,1.4200782577243924,1.7428039634451746,1.6310313884427776,1.5,0.5,1.0,0.1,1.0
1.6153876477289495,1.4398135813299322,1.718256593129167,1.7840183912421372,1.7463953872006404,1.67651754351277,1.5853601509098754,1.656695562687578,1.839720723099768,1.6330430986865,1.488004951032077,1.5,0.5,1.0,0.1,1.0
1.4216232409864116,1.3294430936350743,1.5216813007045746,1.4167107726857786,1.376382163775662,1.4559649037244229,1.5287528024538806,1.3657395645633017,1.4527156896733602,1.1822356590490783,1.4066308703058163,1.5,0.5,1.0,0.1,1.0
1.8097139538579892,1.9602396133430364,1.8096786847675024,1.59026018540685,1.5330164225322886,1.4698164603395192,1.5120494847618515,1.7116156435951313,1.7327727701625812,1.7381434484637333,1.6627787842566049,1.5,0.5,1.0,0.1,1.0
1.4858806591004194,1.5656747064710943,1.7077280713396417,1.4848636746779658,1.6952539923760952,1.6292054976596442,1.812244766908359,1.5890540496344776,1.6239338883552317,1.7449517398028411,1.6761265311175064,1.5,0.5,1.0,0.1,1.0
1.581192657363696,1.7957776991066836,1.7832033789663717,1.7785290020478164,1.705753684074885,1.5840571885298174,1.6560162202028597,1.9319336168061456,1.756555945176485,1.7851779263500442,1.832663648944932,1.5,0.5,1.0,0.1,1.0
1.178452908612457,1.4019985612394128,1.2868626920945565,1.2933190974882718,1.55008738927744,1.8470305450424271,1.7686274489638678,1.9849824151399704,2.0517397774442134,1.8803605753486985,1.7500064901854575,1.5,0.5,1.0,0.1,1.0
1.2646942209719196,1.251246564510117,1.337752328594601,1.446131178641398,1.5231586789583245,1.455483604596642,1.2855802809672592,1.6030668013404248,1.6622850303347148,2.054941307836081,2.15756323466668,1.5,0.5,1.0,0.1,1.0
2.2232245335316527,1.8313788482262316,2.0972511696202676,2.105814120872137,1.8266792396071188,1.735595163025044,1.8631079630789975,1.6674391993735034,1.5482392323879235,1.693317964731126,1.4089855287503434,1.5,0.5,1.0,0.1,1.0
1.398517450124498,1.266052535840673,1.1198401671652072,1.1243137605082034,1.1030133751062157,1.2929021336524444,1.4658425133748794,1.436388000981848,1.4765051844007384,1.2514868238549806,1.1499173926637145,1.5,0.5,1.0,0.1,1.0
1.6766764016157842,1.7126034838683195,1.5553557713198995,1.8692807273425889,1.7662769101215627,1.6663100647959035,1.7678849006039068,2.005049575012547,1.9766802807852697,1.9964400641588993,2.011007108854717,1.5,0.5,1.0,0.1,1.0
0.4887045518626144,0.652116983938191,0.8351753892578316,1.120119748773252,1.2565917836282383,1.6395971588049971,1.4555833760282435,1.4748156547221745,1.3234877303247337,1.1032653861836332,1.2923609980383772,1.5,0.5,1.0,0.1,1.0
1.0736126273221682,1.279558397187078,1.2947087065108371,1.232985276102916,1.225007421708885,0.992170827658077,1.01440157803266,1.003470591885677,1.230487188714012,0.8848122530203804,0.902165825487672,1.5,0.5,1.0,0.1,1.0
0.7672522949691263,0.9306891049704786,0.976013744981751,1.0269147565934702,0.9582108735389177,1.0747741728837763,1.2419964185126244,1.3260416468751504,1.277146428805895,1.341345505471112,1.1862093839820185,1.5,0.5,1.0,0.1,1.0
1.7629374610066224,1.4895061582842304,1.5195134140513675,1.6565900897481125,1.568428549329298,1.7348727726786073,1.7453651473816951,1.6091910639909908,1.546007971802774,1.4490214768657337,1.6797913262583717,1.5,0.5,1.0,0.1,1.0
1.547669738394181,1.277114083879797,1.114556110339855,0.8667766900739449,0.7926842938328393,0.6652111383360724,0.7054010102530316,0.7904864363229407,0.7031287857363226,0.7967995791417815,0.9737707058654136,1.5,0.5,1.0,0.1,1.0
1.2351842302295424,1.2648836462104804,1.2090355865000029,1.3101666361896318,1.0727798481937894,1.090535062713189,1.275616171778983,1.1526148806746463,1.1432420252009234,1.109768173405381,1.3653806910608866,1.5,0.5,1.0,0.1,1.0
1.67838140683993,1.4241832580732878,1.2761960163788095,1.1547838425940251,1.27838118780235,1.409919433855718,1.6252008583786657,1.593836387670455,1.692606174978013,1.5242319417062276,1.3993023777933384,1.5,0.5,1.0,0.1,1.0
1.6569467133354132,1.5145093530206533,1.7142656573279238,1.996800127830327,1.949142409140911,2.0853661882989916,2.0454224928868485,1.760565773859155,1.8338058462531135,2.0017744119497447,1.9934570373369649,1.5,0.5,1.0,0.1,1.0
1.7603897292415775,1.7693879121431586,1.694105187576611,1.7297231315702617,1.7825904511045303,1.90949870554082,1.887597901391636,2.1430093722905204,2.0102615720931047,2.1987687370845572,1.9152102675836011,1.5,0.5,1.0,0.1,1.0
0.8007941689399269,1.0299982765853342,0.9847443230719548,0.9189639360652208,1.015296192858232,1.236482553191588,1.2030002327783718,1.2130044904320254,1.452844677653217,1.4265790800250562,1.3480010604888215,1.5,0.5,1.0,0.1,1.0
1.263587104024393,1.1856951620455398,1.1218611906805958,1.302669434480011,1.1201873211639302,0.9408264259291012,0.9858498616911506,0.7550278042608687,0.9094136887050472,0.9829181803660448,1.042961977712625,1.5,0.5,1.0,0.1,1.0
2.078145447184355,1.7450557717009696,1.8878358167494216,2.163221725591199,2.0352234631342,2.1175702861184584,2.0834733943492036,2.2075176638002185,1.8897148139311328,1.7138720586290828,1.695417551799559,1.5,0.5,1.0,0.1,1.0
1.623767977423077,1.4518042430038751,1.4448195170715763,1.4115439644269785,1.3492552877700936,1.3761701092082612,1.5517312471697906,1.4978412926817877,1.5532154155034776,1.2363162951711073,1.1896586932488,1.5,0.5,1.0,0.1,1.0
1.3604001519302562,1.2714056073812223,1.265497581385096,1.278129362668013,1.5497321348337645,1.4146562012524648,1.3277376452239744,1.206304537774765,1.484297524678515,1.272893865528709,1.6192220037480023,1.5,0.5,1.0,0.1,1.0
1.3385518200733335,1.2916474413470114,1.169093652843758,1.5843569134143716,1.5123878025510007,1.4742673548407292,1.730002615795117,1.6487999049572837,1.7611943459306802,1.9465310478776356,1.9385851856789449,1.5,0.5,1.0,0.1,1.0
1.262063921767847,1.534187866687301,1.3135391128752665,1.481906839603239,1.588489365996604,1.2108676681356407,1.338069727053383,1.3283371854436004,1.295425721795755,1.2755639918194124,1.0247556789667525,1.5,0.5,1.0,0.1,1.0
2.1109963648920234,2.007811724059233,2.3972673172737644,2.469435796736499,2.398808759195789,2.2770969579968336,1.9653887046782832,2.043835859580284,1.884655338609602,1.7405384380917257,1.7723574646031908,1.5,0.5,1.0,0.1,1.0
1.2079220952527283,1.1891972468740233,1.0973932326992262,1.1485744685320416,1.2547559791538978,1.343373832391791,1.4359390208324143,1.5983625131484498,1.6409169092023894,1.594815253109313,1.58223696806007,1.5,0.5,1.0,0.1,1.0
1.800755295948696,1.720532957034777,2.004947738499661,1.7711847343134783,1.6566230599304914,1.3803854676514509,1.5625112962894594,1.9533825009100387,1.7065998749773592,1.577513805310932,1.4670681108499446,1.5,0.5,1.0,0.1,1.0
1.444451667935892,1.3091966124133438,1.6801521164644373,1.4595022862800038,1.4186903548120593,1.3667380354435756,1.4311848265976732,1.761548247427501,2.068633277121898,1.9370727293069792,2.0841032821974057,1.5,0.5,1.0,0.1,1.0
1.934814811779639,1.900984766508936,2.039853650069227,2.078409960278203,1.9114613804856373,2.228499708355252,1.9176236524152892,2.0876696175122125,2.094333696095646,2.3172129770376646,2.145171286071658,1.5,0.5,1.0,0.1,1.0
1.1501528858628245,1.12273918885385,1.1772784903936349,1.3532577023250103,1.2556312540285908,1.2308620536700283,1.1748361779823977,1.3345289372659752,1.0919497701690708,0.9594523157014924,0.7791231568054336,1.5,0.5,1.0,0.1,1.0
1.5017461984292615,1.4934276913970168,1.6231967913580494,1.5939937169041551,1.8599182666802796,1.6161253993693636,1.7756487022985197,1.7512971800834165,1.646672437424787,1.2735530586277488,1.0853153941371114,1.5,0.5,1.0,0.1,1.0
1.5071074829038398,1.5787011305256466,1.5208744910254517,1.572956017214764,1.380308649612657,1.3062682656068607,1.3914834507558642,1.422580303944601,1.459814834133891,1.2904988613535189,1.5233532556918192,1.5,0.5,1.0,0.1,1.0
2.0193682539957347,1.9880313736655473,2.016360226517709,1.8640364908893825,1.74927712244814,1.7600876117511397,1.819998403315012,1.568511347377486,1.8129998734039,1.58465552881853,1.6977187302956391,1.5,0.5,1.0,0.1,1.0
1.129009598372767,1.2344859444435672,1.3973319643767534,1.6193189840429094,1.575041582666437,1.3825023282604487,1.1763788968348394,1.2992975330374577,1.212155214101258,1.4135602394562348,1.4172694344679704,1.5,0.5,1.0,0.1,1.0
1.2900735501389846,1.4337866644119397,1.5122636512865988,1.5374087652228492,1.4203560513663105,1.5958149478740693,1.6032965604181866,1.4447101472016657,1.5709903195226214,1.7082071685652482,1.721328680294698,1.5,0.5,1.0,0.1,1.0
0.7876252125380775,0.9923339823635344,1.1994121576116792,1.0562533758061787,1.088929144866351,0.7213448896235104,0.6373354900683498,0.5577494127927101,0.7783021426182892,0.926131909155385,1.2214135045820962,1.5,0.5,1.0,0.1,1.0
1.328286979142283,1.2169059880719442,1.2237684178520636,1.294897725068466,1.3819595177174786,1.4543378743113635,1.3157560035054932,1.059134478207103,1.324484289705842,1.111506049301783,1.4328334625467722,1.5,0.5,1.0,0.1,1.0
2.2131647521876583,1.7868371580913327,1.7083609032956362,1.579511249661786,1.5531694296513174,1.5371466167383077,1.751273724142913,1.6538087262312515,1.4749803247631714,1.391363785002288,1.2956079979894983,1.5,0.5,1.0,0.1,1.0
1.3383904884347708,1.4616998308949607,1.432211017566758,1.3480148093395814,1.7240660643628476,1.6352457681392436,1.458470898317815,1.1825455036153432,1.072520102369025,1.2488313775047808,1.2954121534077243,1.5,0.5,1.0,0.1,1.0
2.1392022992808455,2.0591389104632816,2.236249450467077,1.9698233054719327,1.8850168590817644,1.565678264387778,1.4999060390536456,1.5596173330765102,1.6503736635131865,1.3769511107132248,1.358205160608963,1.5,0.5,1.0,0.1,1.0
1.27118335046992,1.4770286897436464,1.4705924812147804,1.808816332373818,2.044615189070387,1.7803974732774248,1.60024300535059,1.5705489695179526,1.625284523580406,1.7772212241598944,1.674454807051044,1.5,0.5,1.0,0.1,1.0
1.5142888319746033,1.1090319449253827,1.1108680520847083,0.9348125004269424,1.3521587314963153,1.351073592699852,1.386324735871219,1.2914428213685305,1.375600106863906,1.203759259014523,1.1621420383281729,1.5,0.5,1.0,0.1,1.0
1.5772006013011777,1.5369238499053086,1.5165899780825325,1.7102244079921425,1.7072726430265932,1.527959230070901,1.3078201997499013,1.3538629276222396,1.4001082713375652,1.4840957198235922,1.2294810852013205,1.5,0.5,1.0,0.1,1.0
1.8020780150539544,1.9056338214458517,2.182479405479438,2.1164719702713457,2.025623123815278,2.0085449371238058,1.9982871686745936,1.987718565868714,2.1688694557370045,2.097186586443701,2.1573915364305325,1.5,0.5,1.0,0.1,1.0
1.358145774068028,1.0786641491193545,1.4368648256889005,1.6006228431751794,1.7676669242224146,1.7127418082114978,1.5533310914323493,1.578618931667335,1.4177464616813342,1.626857902586899,1.6758050675925045,1.5,0.5,1.0,0.1,1.0
0.9338303230889924,1.1247312706112245,1.1521532952282318,1.2739709805667343,1.183772539393766,1.120884860220221,1.1582731532584238,1.272717540945156,1.3453774236355671,1.2864196685277287,1.623178198546541,1.5,0.5,1.0,0.1,1.0
1.6895090855706618,1.557500053875815,1.549437201085181,1.65849161096624,1.551065541207472,1.4535027185491856,1.6116542522431716,1.4087601335352775,1.3905270579233713,1.499183429059322,1.5402430347538985,1.5,0.5,1.0,0.1,1.0
1.57261990199794,1.5166988170908022,1.6539296909043444,1.804032184442515,1.9399133795185617,1.816660382496193,2.146420414757468,2.1152284989579044,1.9428490358561148,1.892070193414205,1.6650896216116309,1.5,0.5,1.0,0.1,1.0
1.0227695957768963,0.8723028523647351,0.621285965169059,0.4868090249534511,0.7956078746063566,0.7150569079398739,0.5958471993066353,0.6717708761199838,0.8010263787938786,0.859771495339305,1.051115556708554,1.5,0.5,1.0,0.1,1.0
1.5204219638168524,1.3251103228732617,1.5642339618134893,1.6112197946968672,1.496822487931844,1.2068844682147677,1.2452476584565184,1.1864323753061532,0.981420755645666,0.8942594648417995,0.9045404298279436,1.5,0.5,1.0,0.1,1.0
1.046819411786502,1.1599842666597333,1.3489372029276636,1.5137443928442915,1.6987806814622062,1.523816214908066,1.7320075255092224,1.7109104565417823,1.613792192706626,1.4838372242096038,1.3619345159863223,1.5,0.5,1.0,0.1,1.0
1.2252386716386572,0.8755072861565527,0.9533443097546022,0.9646774229736148,1.255000310591846,1.3841800551390475,1.532943275915205,1.4078567564117876,1.637135080636646,1.4063735964073356,1.687834246070261,1.5,0.5,1.0,0.1,1.0
1.859594607119609,1.6498404161553375,1.676675275552215,1.727758731601406,1.7568229750640565,1.7598474037294136,1.833982049608757,1.6630136302885947,1.7353100170532314,1.768259161418538,1.9163387033322856,1.5,0.5,1.0,0.1,1.0
2.0099637046646204,1.9220664857063776,1.7595817886505976,1.604813455225757,1.6163479889370882,1.477667670414685,1.581780819557811,1.5913052782221562,1.4338049366790624,1.4107051153513672,1.629050987080129,1.5,0.5,1.0,0.1,1.0
1.8743859027748029,2.049325217206908,1.868880619404716,1.7382515018745903,1.6117969736306546,1.4506505255036106,1.2872299144371675,1.041978392704443,1.1492797911938148,1.1497992862553186,1.147092353907439,1.5,0.5,1.0,0.1,1.0
1.3942981362174698,1.1549319473904966,1.1559975787907568,1.124786625392637,1.1264225787090163,1.3712425012435108,1.4247685377243915,1.271801741743667,1.3241645110160416,1.1536409046404623,1.1377768476755292,1.5,0.5,1.0,0.1,1.0
2.011875897109635,2.1060047190868483,2.103744210722055,1.9572581928277144,1.9662815778338916,2.1240994463683585,2.1335153280033308,2.0518563029914114,1.8490190787173824,1.888262795666518,1.959306000104977,1.5,0.5,1.0,0.1,1.0
1.7513822796877634,1.514865793516386,1.7070133197596118,1.624203613255135,1.7435427030773816,1.820428376915058,1.9588976111408467,2.0161516571575397,2.225400868295898,2.118960023293554,2.0064241955491156,1.5,0.5,1.0,0.1,1.0
1.3519678802872843,1.2661559970652756,1.4117428085669108,1.4585390246103698,1.2761520620834166,1.0478884001214754,1.378510860770374,1.1249508127808927,1.1725277638032277,1.2511228621011494,1.432449720717808,1.5,0.5,1.0,0.1,1.0
1.731586794817494,1.6706829594419574,1.6588883886030643,1.5453533497357286,1.3672935074373682,1.228783369570899,1.374174690692469,1.5497417538625016,1.4450234725982196,1.4392137042528013,1.7898584766643852,1.5,0.5,1.0,0.1,1.0
1.3792924638189523,1.5223768289108064,1.489705157768639,1.6058089343517534,1.811313266803021,1.8394645893910355,1.7611814534919692,2.0330255812450684,1.7865349117674094,1.651563788644347,1.1911689710644895,1.5,0.5,1.0,0.1,1.0
2.145384811571143,2.2082893904607843,1.8798983534619595,1.748960703235051,1.6907690923364462,1.837828495234537,1.7285905429685822,1.722778681461078,1.8284991710755456,2.0490286975098853,1.9278426596533615,1.5,0.5,1.0,0.1,1.0
1.149679077784688,1.26673130034825,1.2886821398195123,1.2969568066020614,1.3044625366939655,1.2809495684662802,1.1661826454085853,1.2976061866449808,1.479323538756779,1.7522560618824476,1.6584767704320649,1.5,0.5,1.0,0.1,1.0
1.6279116806037863,1.4664095841499003,1.7492663481162938,1.5715904951526016,1.478751664163024,1.4686859511953314,1.314865839625461,1.45246947206755,1.5522999631787382,1.4215529208948532,1.4620163466261022,1.5,0.5,1.0,0.1,1.0
2.0728748803528414,1.9490431338483152,2.0924341760288474,1.832011250424675,1.6685879691127332,1.643437859965582,1.274618842824509,1.6152387855096109,1.4384297117263696,1.9421725623521993,2.2118103828315347,1.5,0.5,1.0,0.1,1.0
1.0607800901969222,1.160171584991667,1.1611552547269215,1.2949587603093915,1.257936569976191,1.4706791216068833,1.5841958660990654,1.618964824161428,1.4351339427178074,1.5154113435932994,1.5590226329384294,1.5,0.5,1.0,0.1,1.0
1.481172721062612,1.564206344822797,1.5682943603386337,1.4989201830285517,1.3962435828613555,1.3834196282331783,1.3544223375164,1.4774209343040794,1.4215284198131195,1.4509659643279385,1.360424717843744,1.5,0.5,1.0,0.1,1.0
0.9489259376111998,1.0293298816087404,0.7787242597528616,0.9856303947788124,1.0366695071889016,1.0579974746751717,1.201408279933872,1.3218159190133931,1.3416508838868026,1.4186648717160697,1.2001371182624094,1.5,0.5,1.0,0.1,1.0
1.7646973117333766,1.765362476480647,1.7635864147301634,1.655318316470236,1.481903892918565,1.338894831701784,1.34964520349262,1.3131231826107803,1.2523964852688725,1.2637942279293948,1.2921306888915574,1.5,0.5,1.0,0.1,1.0
1.6037538522157977,1.2376807487530572,1.4649494223798591,1.294580436127008,1.2021126683048038,1.3253538194047256,1.0582034173701476,0.847375324597622,1.1356702343120713,1.1473095074678816,1.1688000891613517,1.5,0.5,1.0,0.1,1.0
1.9666309016191657,1.774638869571556,1.831549740582768,1.664991451726934,1.7531501852816256,1.6276200288569007,1.4838702513478272,1.3754445794391446,1.3316031266404431,1.3749563289512576,1.3506641661670866,1.5,0.5,1.0,0.1,1.0
2.18176497387466,2.1789631409072627,1.8361240885974803,1.7168006529595603,1.7666118958669983,1.8426591445981495,1.7777100267972563,1.870016936243649,1.743467847508212,1.628771733899716,1.516757594317492,1.5,0.5,1.0,0.1,1.0
1.558162449820097,1.5155561449188018,1.547598618542836,1.467608771613338,1.4163631345634726,1.219734618201395,1.1958676462145763,1.2146089990246716,0.770368059602221,0.6495151093763138,0.5956781464495373,1.5,0.5,1.0,0.1,1.0
1.5825966202190471,1.8681007371583112,1.912041857088148,1.945456280374061,1.6901115676423957,1.4893322362157362,1.556249294034579,1.4357404434115322,1.4183908856946894,1.80634805014414,1.9965061366633297,1.5,0.5,1.0,0.1,1.0
1.269567223658621,1.3799526956087484,1.3878255699289874,1.4935643742515363,1.409151901672654,1.4852657299305652,1.3814242279685325,1.0897702576962294,1.2176512570998408,1.002856985444627,1.0178441045944036,1.5,0.5,1.0,0.1,1.0
1.9165407848085652,1.669497367332363,1.5626643844967547,1.415306229502202,1.4831832608325908,1.5340434443672994,1.7670759586125884,1.790875912682176,1.822219023486958,1.6079676397325908,1.5412494886296508,1.5,0.5,1.0,0.1,1.0
1.5363511746516956,1.1729690343159764,1.2981377055386512,1.2529206361310847,1.1741327875881329,0.9093581850337404,1.1016110342475418,1.248472298148339,1.243288075779944,1.1911361132094047,0.9884857460105798,1.5,0.5,1.0,0.1,1.0
1.638887136608309,1.5550767986468848,1.657644273708964,1.5984726819560398,1.464185229895788,1.373635940589749,1.4872564846920455,1.652544968770012,1.8514390450394689,2.0392353469900506,2.052597637803383,1.5,0.5,1.0,0.1,1.0
1.608263593952584,1.7852555948453277,1.8842606000392357,1.6111215084158732,1.4425802976542796,1.5759179528646403,1.5089941400806253,1.572404704936573,1.689743872882536,1.6378852109467683,1.3137474434766352,1.5,0.5,1.0,0.1,1.0
1.4887718020942404,1.247331579537105,1.3336050705769733,1.418029218130758,1.562083793685525,1.528358778968644,1.8154739827697175,2.0211721201758936,1.5510983765904596,1.45097301614799,1.4794057284833837,1.5,0.5,1.0,0.1,1.0
1.880907109555568,1.8552763479364016,2.1044249313330177,1.8362822194100112,1.8396055501668096,1.5328023105898068,1.4537096607795106,1.6629370084224098,1.6293931286701369,1.7567071751528966,1.4652947617915548,1.5,0.5,1.0,0.1,1.0
0.5555569928291563,0.5588706656068692,0.2804396883670749,0.354541811929721,0.5225942706112509,0.3238915958196109,0.5490102010753312,0.6801824209624614,0.8487615324404774,0.816831361698327,0.91291275281771,1.5,0.5,1.0,0.1,1.0
1.5150940494076854,1.7104975911988567,1.8005858763619051,1.966785488049701,1.8762709851074804,1.9991623183999951,2.0015127574156866,2.027058908212269,1.8938340916334195,2.0938169666742965,2.071942381736391,1.5,0.5,1.0,0.1,1.0
1.1912609766493,1.2905441947168874,1.2771876699968203,1.035908978413207,0.951458084240631,1.406657694556121,1.4324233325185765,1.5816670552769336,1.623520358224024,1.7904785560840466,1.6672384186506173,1.5,0.5,1.0,0.1,1.0
1.4400977800381922,1.31141383356118,1.3996022116650133,1.335587052899469,1.178557678973992,1.2172732977389855,1.205343862376821,1.3262806395412108,1.4336482556655192,1.1722702760653037,1.1743723957231684,1.5,0.5,1.0,0.1,1.0
1.625384430999209,1.7318438746558975,1.722947176066187,1.6936273188602824,1.4717776124519362,1.5678469294188146,1.6296532963556851,1.4449823799319808,1.3140484855757075,1.0863472627300867,1.1662674126231751,1.5,0.5,1.0,0.1,1.0
1.8606371773104833,1.9261346443153728,1.640808245284851,1.4545582884577524,1.428663962021872,1.2576681539642909,1.2939337176628969,1.1089383557521872,1.0272214510813724,0.8665594295436647,1.1043485303383995,1.5,0.5,1.0,0.1,1.0
1.5492831860242378,1.414710754245539,1.3922975425972457,1.5556816041724617,1.6469055550243876,1.7170050844616296,1.4202260134882023,1.4556357076951365,1.5189094911599574,1.6398168266702555,1.7710729618691023,1.5,0.5,1.0,0.1,1.0
1.6480848915809725,1.29905825609642,1.2969034858500157,1.3247308543409324,1.405821599603402,1.1358231914034584,1.2694902273352953,1.2256699618631532,1.1644366638816392,0.966580838494261,0.9105693847405388,1.5,0.5,1.0,0.1,1.0
2.0593751011189325,2.159621455623423,1.95574380881579,1.9017028766313384,1.9058541371253792,1.7640098664248829,1.710377054300558,1.860828503828607,1.722200120246843,1.6818528671111157,1.550874786377306,1.5,0.5,1.0,0.1,1.0
1.453313318650627,1.3564893803641025,1.589752304587226,1.535906492885711,1.460507136248919,1.5763232280355088,1.2891479542654354,1.234220855058128,1.3230130481454607,1.44110745512799,1.594177816475153,1.5,0.5,1.0,0.1,1.0
1.885475354634046,1.7940495100255005,1.59607384376994,1.5046343895867085,1.4924775611840564,1.42457954689774,1.228470754069819,0.9084684242416928,1.2292759787740446,1.3696997595760456,1.47902267850665,1.5,0.5,1.0,0.1,1.0
1.7484567154616484,1.6182597336423292,1.662449918163622,1.6928086196511387,1.9535895140170945,1.6801212483164052,1.5400421917009013,1.5877597114483042,1.6177645416480708,1.2857534830843895,1.087503691233079,1.5,0.5,1.0,0.1,1.0
1.5097726222753522,1.7134914236195529,1.43603969598267,1.423663311393177,1.1324842805716138,1.144903437842691,1.2496204124242227,1.2438765945707224,1.181074628531764,1.241969675355852,1.3682167812831412,1.5,0.5,1.0,0.1,1.0
2.098375014276736,1.796379022078036,1.5567910777946836,1.5779226906693913,1.6947391782234251,1.8670813391720016,1.859268261406095,1.976328682172023,2.01943489904418,1.834725831508872,1.5524749561637876,1.5,0.5,1.0,0.1,1.0
1.627239333440381,1.6329086808896192,1.6685152150197384,1.5734718074213103,1.3930807680955275,1.0191910063349208,1.2355693725863028,1.4872903908742026,1.3553969715956369,1.408671190476065,1.2565640847480295,1.5,0.5,1.0,0.1,1.0
1.5669258527403591,1.53114016288118,1.3071529823332453,0.8455519637824969,0.8375248673789433,0.948528624847364,1.215712614997143,1.3223771803636295,1.5579427436907964,1.500412312743686,1.4219815031346643,1.5,0.5,1.0,0.1,1.0
1.8932842797113036,1.8227715434698089,2.145768790786126,2.1561421426241,2.2844040082960935,2.0443519370517595,2.036497672385626,1.8175448269551409,1.9365680988571297,2.1145687645905262,2.4098535125311553,1.5,0.5,1.0,0.1,1.0
1.8934134972025851,1.7692771120029436,1.945441988225499,2.319459591484558,2.371461366266625,2.4251465209472083,2.2370292199608426,2.0100179573570496,1.7668955223340277,1.977549795798643,1.834755986414862,1.5,0.5,1.0,0.1,1.0
1.9204467404045185,1.9098853498340704,1.8805147287095565,2.008481592430689,2.2813179733145903,2.250558480195755,2.309129427598746,2.301729281040565,2.3348502739923673,2.1546567779721917,2.066074811110741,1.5,0.5,1.0,0.1,1.0
1.308463039222593,1.3441983542688063,1.513597205792745,1.485203751232372,1.4721343373907068,1.2814528312472129,1.4272349324215474,1.5995837973565894,1.5615675530459183,1.7003618603347823,1.829532349317908,1.5,0.5,1.0,0.1,1.0
1.2425286118113985,1.2003569599578567,1.2484975632103594,1.392882916213628,1.195349788263318,1.1981070649267842,1.264297398343278,1.177326004846892,1.1374707013887313,1.084985262682874,1.025056858715291,1.5,0.5,1.0,0.1,1.0
2.3672325818371913,2.463621142091231,2.2537329798590493,2.2197255798523643,2.2297456475470825,1.906376286689894,2.001016867426529,1.948631920593238,1.8419544805991712,1.97870922283691,2.211801464917303,1.5,0.5,1.0,0.1,1.0
1.2236515197288134,1.3977608494430205,1.3540493579194692,1.647628444376796,1.4788206252655478,1.7973118455867545,1.746883954562244,1.9316234214437071,2.102672810252527,1.7068129405600136,1.8310644073937985,1.5,0.5,1.0,0.1,1.0
1.1742013891269425,1.4080738008278548,1.4913423321754875,1.3503127901799812,1.4729688268927823,1.3175820901850008,1.1877822298403269,1.5778523021444062,1.6678739461465302,1.3304187571113146,1.2648182395824874,1.5,0.5,1.0,0.1,1.0
1.329862731576401,1.384164466386057,1.277054971436057,1.1155115653448504,1.121235604171177,1.301528977406461,1.5949494006444402,1.5341837968752563,1.5362009105074417,1.3250902833632798,1.1597230831836072,1.5,0.5,1.0,0.1,1.0
1.2389442785330282,1.3380497913481089,1.5520270553525002,1.8025899995395944,1.771462874816631,1.4958715883961178,1.2741547890386875,1.0973106289672183,0.9894755180063364,1.042042906509481,1.122334768581441,1.5,0.5,1.0,0.1,1.0
1.824882965482328,1.732119286242282,1.638906598518414,1.717830088536173,1.54557630494826,1.6679811258901465,1.6169231372038937,1.2884885146266998,1.421180412051816,1.4361680493804287,1.670930261479895,1.5,0.5,1.0,0.1,1.0
1.7062805222882929,1.5135981271232537,1.6830834945882729,1.650602460687609,1.6961694856296552,1.8283888731181064,2.0437369117247286,1.9794613698065,2.1197560300474,2.313591345971987,2.1408837226718154,1.5,0.5,1.0,0.1,1.0
1.065159583168274,1.0761161361618017,0.9840683204775555,1.294789291229912,1.2341051218247026,1.1985054263397006,1.464666243669169,1.570901369873946,1.6534752704509543,1.617135185351701,1.7279962711105,1.5,0.5,1.0,0.1,1.0
1.9568880172600724,2.1978285348044633,2.1576038289464146,1.8325790880545765,1.918276803963244,2.172940300904942,1.9811945971896157,1.874310463005747,1.93735422333224,2.1044033065306444,1.8915983926832287,1.5,0.5,1.0,0.1,1.0
1.2535906460617905,1.1216972418810238,1.0782392736022492,0.9253397309718916,1.0524730041647643,1.0708916335311125,1.4117372373535295,1.400291688836822,1.5030861592061064,1.351380844288271,1.5562688932317232,1.5,0.5,1.0,0.1,1.0
2.198591612136926,2.075077044703785,1.865780607869406,1.7088132967134562,1.934462228480683,2.2284022190401185,2.39799986158826,2.2325764398801273,1.6946427839715752,1.6316067970874732,1.5641678304346256,1.5,0.5,1.0,0.1,1.0
1.5329151614001726,1.4053081415450506,1.3254981657974518,1.3016291759641156,1.3248438627047183,1.1591274207083144,1.1957581310105323,1.0864314848251904,1.1175146627541754,1.1047347055566024,1.229487112679134,1.5,0.5,1.0,0.1,1.0
1.3313914883651967,1.3861218982040304,1.5125789988981366,1.2610588262585951,1.0685111156892166,1.0505714699089803,1.1401178313050864,0.9186501501242196,1.1853285673159553,1.217298244126895,1.0458721064489724,1.5,0.5,1.0,0.1,1.0
2.0605565287975733,1.840538353905656,2.0089479386723914,2.1258920307025884,1.9939597138050953,2.146413081411278,2.3900138788227623,2.3738343312546397,2.3340473234239183,2.2864863053658757,2.4966795815422045,1.5,0.5,1.0,0.1,1.0
1.4572878411852614,1.4296609339798414,1.5156148463772934,1.4269780894316575,1.6180115495256542,1.240241386078316,1.086407891314643,0.9463522745814787,1.0672564416803754,1.0890457935871014,1.1137802076720502,1.5,0.5,1.0,0.1,1.0
1.3432015582774806,1.2297693837682482,1.1755728655548698,0.940338957852807,0.8819543847133298,0.8795252060878678,1.040780011918386,1.085289084407323,1.276122186720391,1.4091311421401431,1.2216097131707953,1.5,0.5,1.0,0.1,1.0
1.9145854969030716,1.8631661665808164,1.819724509395355,2.0721804196793467,2.086354143520313,1.7045675438445895,1.7831528729342834,1.6943286310287504,1.8445805939983848,1.8093154720366216,1.7107325347854951,1.5,0.5,1.0,0.1,1.0
2.1810831175107124,2.232369284707251,2.560738249909269,2.4106338787533197,2.261938450984238,2.14594846697301,2.076874138364354,1.976121817866722,2.018854194660399,2.1373136714433087,1.9173190926501595,1.5,0.5,1.0,0.1,1.0
1.6647888176487715,1.672017267522929,1.5543945369776857,1.3315843735118909,1.4344204678396923,1.605475042386023,1.1666472578394074,1.1596981138175608,1.0815124432892227,1.1116111979093282,1.1468934395624977,1.5,0.5,1.0,0.1,1.0
1.0464880586836327,0.988758285962152,0.9921320781416244,1.085305699188841,1.1230269333407377,1.316116251719597,1.501786207758416,1.3890498546531045,1.5128108861124865,1.491910339434488,1.6877760740184944,1.5,0.5,1.0,0.1,1.0
1.7714063806006772,1.7968773206409248,1.910770065853022,1.7323759284853395,1.7464087799995416,1.5784499684824644,1.5025014496760227,1.6913619397169928,1.6336471078401826,1.349624725092442,1.3664817304683117,1.5,0.5,1.0,0.1,1.0
1.2294542811649158,1.2836954789088928,1.4708105237783082,1.7390442271708153,1.7932913880114616,1.6873106144540042,1.901353500339118,2.128805701652779,2.1018078813496373,1.9644733736487432,1.9453622367682464,1.5,0.5,1.0,0.1,1.0
1.1632611678660565,1.1231760023101458,1.3308699421604084,1.3720354353706683,1.6568379324319955,1.95465031635314,2.020356580401988,1.8626657134589024,1.6551023177335695,1.4525332412365135,1.6716615432589492,1.5,0.5,1.0,0.1,1.0
1.2074386036402165,1.033603619328524,1.1025003649314489,1.3778831925095636,1.2421619342632966,1.301571437398456,1.3483999121314727,1.0949343680329575,1.1305327881317604,1.2108899501584478,1.3829224514393454,1.5,0.5,1.0,0.1,1.0
1.5884409796568004,1.4955569274467309,1.6808919348014075,1.5800443325328604,1.4749525777212285,1.406104777663764,1.4093644887655583,1.3774128203705358,1.3771375861570123,1.1888984471617112,1.1799729261416336,1.5,0.5,1.0,0.1,1.0
1.5747024239199905,1.6411736139889113,2.0662746508019105,2.0532060346188388,1.8655150018208944,1.8646675643487771,1.7418971222913595,1.65198149006845,1.6012889718822592,1.7106265924263269,1.9892959023641623,1.5,0.5,1.0,0.1,1.0
1.7206111802343949,1.9243790827935416,2.06979837840628,1.9494135948761864,1.9219292473504097,1.8964501427964964,1.9402719970227125,1.9718008123381527,2.0995960139549887,2.263987925932056,2.1639211249427563,1.5,0.5,1.0,0.1,1.0
1.2135892790565723,1.3969962997303629,1.3448346326085423,1.5162306212876142,1.7744879334267605,1.8699890951913705,2.1858999257695406,1.9669368403642475,2.0934174812461146,2.0407344527812334,1.8396110375257504,1.5,0.5,1.0,0.1,1.0
1.4546788732096243,1.3588771230778616,1.6581704376384567,1.7611701549074552,1.6276019882105983,1.4821655536345673,1.462816519458952,1.488211902841846,1.1496270883334705,0.9898742068262713,1.1006821001890204,1.5,0.5,1.0,0.1,1.0
1.8425196518075249,1.6744042750593209,1.7249597690617589,1.9152185898441727,1.971876816279392,1.8785277558107176,2.010671274714521,2.205081672945117,1.999838946754991,1.9812132103683555,1.942160185384349,1.5,0.5,1.0,0.1,1.0
1.5379354365346545,1.5444067947778817,1.5816983763696564,1.5369651609486292,1.5734748207201747,1.3349442449154931,1.4205835061168837,1.1717742115587495,1.0872799379196607,1.13156502834568,0.9843298911084504,1.5,0.5,1.0,0.1,1.0
1.9247770368204669,2.192793749845347,2.3439116215279867,2.666729386742041,2.4554382667025143,2.253947917031531,2.2571112959492723,2.2565452701837883,2.2522871067364254,2.0578431917827125,1.8800004846240692,1.5,0.5,1.0,0.1,1.0
2.3059167221124435,2.4337875994174043,2.5978771535997183,2.752001745816394,2.571015112225378,2.371780522764255,2.127349535844405,1.9230729256422732,1.703759387281387,1.5754054860036564,1.5020379602686251,1.5,0.5,1.0,0.1,1.0
1.841312072319894,1.9384270056156232,1.880893402711947,2.2280762730697883,2.3654695114158852,2.4669105965964837,2.0029311631735753,1.857683091903736,2.021878991402408,1.9673800552489384,1.9676095878687456,1.5,0.5,1.0,0.1,1.0
1.6689885211458784,1.8911706110983852,2.226633069246659,2.262964575533671,2.1353429631138123,2.244744631332096,2.2121518623393803,2.156518278432769,2.1559647119793715,2.1064016798234606,1.8769008692276743,1.5,0.5,1.0,0.1,1.0
1.2408303390869884,1.163812834263907,1.0318909939293806,0.7733709202793715,0.9302206149860588,0.900434427412001,0.7894150716673414,0.9326406427346838,0.9846995007682984,0.7913841491782108,0.7051487695453482,1.5,0.5,1.0,0.1,1.0
1.4460339715747987,1.4800872868455603,1.3752272248099926,1.1211602822244626,0.8515797326294325,1.0558591296396218,1.4493043100869,1.688113401749774,1.7155999327786615,1.89666108729271,1.5801175227212658,1.5,0.5,1.0,0.1,1.0
1.166506503148153,1.0884645549477718,0.9863624275341556,0.7737722679350215,1.0802771639198034,1.250547256229311,1.6341697104485244,1.617915584640821,1.6669693533336578,1.9409174682019332,1.7525459120248756,1.5,0.5,1.0,0.1,1.0
1.805001885078949,1.6417179211023087,2.0700558341225657,2.1193401785982884,2.2466142640467224,2.067258383899475,2.120813780842427,2.147615718855064,2.3174849372864537,2.092137590626824,1.8840128854429783,1.5,0.5,1.0,0.1,1.0
2.079809753295121,2.2431526956066308,2.1825364530743085,2.01139554074419,2.0232747994839326,2.1178766045746342,1.8202017868774747,1.8160656780231987,1.8105161748020728,1.4405905196491184,1.5204866434800406,1.5,0.5,1.0,0.1,1.0
0.8984388022504664,1.3772297220254686,1.302670669665102,1.052158470312296,1.3943499349803643,1.5018700828455152,1.2349425717888989,1.404139185736626,1.6602194893135782,1.661505513118022,1.5085608844906284,1.5,0.5,1.0,0.1,1.0
1.9329190027371628,1.9991437560211955,2.064603083475208,2.158757559270362,2.149616815577576,2.1679410450661676,1.747935494446523,1.653537966163157,1.58443304512643,1.5535701367102703,1.4608842961148296,1.5,0.5,1.0,0.1,1.0
0.5870186856132952,0.6411257748055139,0.6572255815154617,0.868315827458538,0.8256700128196484,0.8628231712080229,1.0581929680291613,1.0777473271823494,0.7770518403610607,0.8410426924083922,0.913716211140438,1.5,0.5,1.0,0.1,1.0
2.61742367880787,2.5761260283349814,2.5668554568311177,2.460570429798082,2.3195346173048828,2.2109201381567374,2.0156982161995356,2.078211538983415,1.974407319464424,1.8535939558179375,1.680788427519743,1.5,0.5,1.0,0.1,1.0
1.3150925660229296,1.443203880791346,1.3896909838783338,1.6787287945887828,1.9611379865329135,2.220617864305949,2.466660871715542,2.540930994649921,2.378266659260719,2.4640325476833222,2.52713574269647,1.5,0.5,1.0,0.1,1.0
1.0690312393777996,1.2160024492373351,1.12548610685809,1.3540242667914817,1.2504578088578862,1.2397002503533174,1.299959319684174,1.536473974568429,1.755092336760952,1.920959674901061,1.779803649754809,1.5,0.5,1.0,0.1,1.0
0.963345706760718,1.0532419052875128,1.2198046083605818,1.0334562799105973,0.9181604890380056,1.0610617364392985,1.0896415109262374,0.9785973576335392,1.2529239741639944,1.2272960684824292,0.9042824277264888,1.5,0.5,1.0,0.1,1.0
1.723552061650049,1.40944774451195,1.3805365961123424,1.4434754203633149,1.333398745649487,1.3367561755867028,1.3741313707186698,1.378530167437722,1.498822684257474,1.6473175728879528,1.604577765579427,1.5,0.5,1.0,0.1,1.0
1.3538541194655842,1.4257316074457171,1.5946313692282124,1.6733202704413157,1.489492060233012,1.6082227615622011,1.62711938166068,1.6641796882428874,1.793284158176934,1.9163629482408011,1.622394046665045,1.5,0.5,1.0,0.1,1.0
1.7580733411635143,1.796952475069787,1.860427783481924,1.8099916958777147,1.7864350704126126,1.5547008470541368,1.787623405939729,1.9120235899057945,1.9865727004876257,1.532333834098096,1.3743458727787483,1.5,0.5,1.0,0.1,1.0
1.33398674155839,1.2369753256592526,1.454219240788554,1.655634828809398,1.91951043276694,2.1360017299264102,2.269143986714482,2.268972697633008,2.3733957526938463,1.9552910088815008,2.00061263491776,1.5,0.5,1.0,0.1,1.0
1.7347342259266874,1.8878134817992769,1.9885515666011624,1.9773663503017271,1.7073056383320029,1.7706916342660843,2.0739816661055435,2.221234116208519,1.9369473496434113,1.608488410234864,1.9861050396158129,1.5,0.5,1.0,0.1,1.0
1.2881008917445014,1.2177174172393814,1.2431719828476937,1.176636222313288,1.164252903029488,1.129882312714324,1.3728762167863156,1.5188409088877144,1.4595913027944447,1.445208993856651,1.062282849892329,1.5,0.5,1.0,0.1,1.0
1.691096559112342,1.756314830425142,2.140252382010335,1.9317294426320184,2.0977283836795917,1.9899846687352305,1.9827684312184413,2.0163776402409455,1.9143819465089151,1.9713994574427536,1.7808312075229031,1.5,0.5,1.0,0.1,1.0
1.5284154052431684,1.5105999644567671,1.427060858065049,1.4139622321216885,1.444259825594043,1.6718763530035894,1.6199477358107002,1.6896277751028996,1.4477911690137115,1.3546452380306688,1.4754368305404018,1.5,0.5,1.0,0.1,1.0
1.4465685710650005,1.4685015776280614,1.6339427063440346,2.0138931614732596,2.0229596946293524,1.614623975771094,1.521269914909639,1.5142881461269126,1.538851070387988,1.4818758164667951,1.540155039244098,1.5,0.5,1.0,0.1,1.0
0.9429455349145096,0.8394737791804812,0.6109347076227478,0.5168646950401121,0.6714120838739257,0.7148593905887793,0.9589218111301616,1.0920827238234874,1.2791866683782709,1.0829673801967865,1.2113022455139928,1.5,0.5,1.0,0.1,1.0
1.539067446822803,1.8004935677861165,1.9020315147176432,1.766997439750568,1.75343213447535,1.537392088588567,1.639706519909546,1.7143521676689624,1.8901891548231105,2.2544130174289387,1.9512591614971997,1.5,0.5,1.0,0.1,1.0
1.7065139159473297,1.7805797208426677,1.7658978800337926,1.7058172058289849,2.062506448408758,1.892363367508384,1.8519853557749844,2.0174484014422904,1.9645348717438127,1.8951420540627384,1.9140028838248389,1.5,0.5,1.0,0.1,1.0
1.787171683809158,1.8788253980044043,1.9581288420948035,2.004039696265332,2.0436333656813988,2.144164434780478,2.252969762139448,1.8224646801072355,1.929688894186157,2.035012911451185,2.256721615437651,1.5,0.5,1.0,0.1,1.0
1.5889395852263044,1.5138620925313413,1.6018725996009082,1.6044199027311388,1.6529512564244573,1.6026118654965469,1.6929444428978613,1.898770614224943,1.916917277599256,1.797141205306259,1.712339578682809,1.5,0.5,1.0,0.1,1.0
1.8910487123653532,1.9137102859684445,2.0796049828416336,2.0153295931700765,1.9487173277538712,1.955216082036614,1.731143313585551,1.5951733632577048,1.3624337212553026,1.6208521077794042,1.6291879739595885,1.5,0.5,1.0,0.1,1.0
1.6517038828540118,1.6158720068768282,1.4606035725664133,1.6905512356599566,1.7012982944881414,1.719052108459287,1.8472378164278291,1.8221465472981893,1.6009953180549692,1.5021522965605425,1.3620096745755277,1.5,0.5,1.0,0.1,1.0
1.8285480592307783,1.979773121003824,1.925903156139195,1.732527097213591,1.6181180742614,1.4239789174242463,1.562485296519334,1.440097644188297,1.3533266802330377,1.3543643545225763,1.4189068224546988,1.5,0.5,1.0,0.1,1.0
1.146381652402562,0.9732516151816528,1.1329425105662538,1.4777332866464064,1.4219364968565664,1.3576989284259908,1.3481395311960571,1.4428555362335678,1.292674512410425,1.3239129245806367,1.13502385632667,1.5,0.5,1.0,0.1,1.0
2.2746201185230177,2.2305436407275785,2.4875102967921823,2.3351368170354596,2.061302783925272,1.7950807773178905,1.7089879803764796,1.6806465316947332,1.4602417304697757,1.421783707366754,1.4955368429763036,1.5,0.5,1.0,0.1,1.0
1.623351134666436,1.7493806783407335,1.9636591579433245,1.7392907416610546,1.5792158903176188,1.548000055422057,1.9530566101622884,1.8315326708051665,1.834203287705134,1.6775437625576817,1.5263241714400144,1.5,0.5,1.0,0.1,1.0
1.542264677290082,1.5627639123574426,1.872777734525424,1.7718305777809524,1.7490119997040374,1.7746484501429165,1.5059622482894823,1.6695265845771583,1.951538349851256,1.9946217802664228,2.024044452886391,1.5,0.5,1.0,0.1,1.0
1.1070548206547075,1.3986843297841598,1.2815442297282882,1.5187036275519337,1.2744757038832968,1.449378508508281,1.2696688368463738,1.4512746857267425,1.364178705400068,1.105605886811273,0.9905621608390744,1.5,0.5,1.0,0.1,1.0
1.4002711637899343,1.252205765327466,1.311098477481865,1.1876030671913058,1.073680690726919,1.2843411687077615,1.1214199083691403,1.0896385102106054,1.056260657298014,1.35951373833906,1.297143269370032,1.5,0.5,1.0,0.1,1.0
1.5759168491770223,1.4648493169730996,1.2592109702043226,1.350653361190091,1.4481151792631637,1.4619191698104637,1.769909879210826,1.8099085607837428,1.8304120755284008,1.7430295171030696,1.8937695886320132,1.5,0.5,1.0,0.1,1.0
1.471336050346565,1.5442016189371763,1.1335345740065506,1.072338098198802,1.150737413264559,1.0735389855987456,0.8377490915993346,1.048657394404007,1.0805218092761355,1.236741506065539,1.4031062287902918,1.5,0.5,1.0,0.1,1.0
1.7550161757743097,1.6460650761557287,1.542181680810248,1.72967015114444,1.8599447967871008,1.950224063316913,1.9864098434360875,2.0082770416272453,1.8216032107496616,1.6300385237594317,1.7514729988275946,1.5,0.5,1.0,0.1,1.0
2.032088737984568,2.012280496246551,1.9957709123539624,2.0617862694910576,2.1203947187789303,1.8562757729300776,1.8962278222858615,1.7202320752088358,1.527595727046256,1.8135427072387271,1.5792805411351991,1.5,0.5,1.0,0.1,1.0
1.812856165864439,1.820275090078428,1.6905613264162638,1.7478745533733544,2.0675647710458276,2.163533326861703,2.175042772386019,2.0701727685417355,2.1858175678889507,2.382491377380328,2.095041781313682,1.5,0.5,1.0,0.1,1.0
1.4591343975457265,1.7793491228961975,1.7403992459141802,1.7565891098648416,1.5103280947100075,1.530727895060738,1.3497958964567731,1.485053420236415,1.456681863530377,1.6862854507696872,1.638008853566248,1.5,0.5,1.0,0.1,1.0
0.5800046758047019,0.7307599226067891,0.6845261626881998,0.587636849792754,0.9460144474912772,1.3979580617788847,1.092856164620558,0.9938975292293396,1.2836035777835877,1.066942648279264,1.3100918108556008,1.5,0.5,1.0,0.1,1.0
1.557894097991349,1.5539277836226304,1.5047927849068583,1.325341818781605,1.4586115564865365,1.518115174618455,1.6944437032023516,1.5231500293430675,1.6904006704811951,1.6689598319983476,1.910899946239895,1.5,0.5,1.0,0.1,1.0
1.5313869913884126,1.485677791511815,1.1519062764730443,1.0742187696215846,1.2679807326420804,1.344532376319737,1.2945005101004912,1.067990488913976,1.0402056613656712,1.065925060498365,1.0318345107630909,1.5,0.5,1.0,0.1,1.0
0.9439896180911064,0.9593110153365024,0.9367402186395052,1.0096846873935623,0.8372319461823461,0.956141100961334,1.0906344265893575,1.123838005584371,1.1099987744869713,1.1989599934571695,1.2830262628691025,1.5,0.5,1.0,0.1,1.0
1.6749976709732075,1.7550016983214212,2.047046938778146,2.0688922480291065,2.04411373140779,1.8182071415983785,1.8406394834112991,1.7673433234184293,1.8817002086229075,1.581803520685142,1.529447192016909,1.5,0.5,1.0,0.1,1.0
1.4418371604828384,1.4495395256459571,1.5497853904265162,1.3918176021602215,1.645633981331212,1.6064791225897364,1.684414628833978,1.859559941447798,1.8675748088098416,1.746827533108586,2.0244365560954876,1.5,0.5,1.0,0.1,1.0
1.5020278194367622,1.2926558394940102,1.285629673765685,1.4121528769667195,1.4593842553276135,1.4480325250917443,1.4080273854901202,1.5363516978002476,1.410538749475763,1.299212075440901,1.1626258186097391,1.5,0.5,1.0,0.1,1.0
1.8065939979461976,1.6519147530365392,1.810746310956029,1.7647143999342705,1.894018010570716,1.7960354849169868,1.7160790327406594,1.5443437796163408,1.634206258929261,1.317515403355952,1.3130339809144689,1.5,0.5,1.0,0.1,1.0
1.19994258919645,0.8083157365835862,0.6462442398628417,0.7830046227417105,1.0045442793119144,0.9347991234191644,0.8547911650771517,0.831422035664505,0.8014230970991199,0.8891954431430739,0.996600519287907,1.5,0.5,1.0,0.1,1.0
1.1380875187808417,0.9706196381757936,1.2287331539077748,1.213998420505752,0.9820392764352136,0.9847333539754826,1.093115050756602,1.0081468313083188,1.2064613861890428,1.185889697461835,1.038914997533729,1.5,0.5,1.0,0.1,1.0
1.53777898578531,1.3579708040053518,1.4209724281779086,1.707811101848248,1.4397997246558203,1.3452316419878003,1.426779929613754,1.1965260243849063,1.163740664500258,1.2506202582896984,1.3695831171521708,1.5,0.5,1.0,0.1,1.0
1.652382882087413,1.7245849509103068,1.791310951568441,1.7927831148846836,1.8188661471839216,1.6888715874773317,1.6731243519523726,1.696071465031305,1.6255462832461778,1.6359429148783216,1.3454211807483114,1.5,0.5,1.0,0.1,1.0
1.309245767388545,1.447010867052858,1.332162855168332,1.3923860460680533,1.1579876328578211,1.3615889998155375,1.1402433903522855,1.0503089997046813,1.139733096329535,1.039043183492551,1.0650072318157018,1.5,0.5,1.0,0.1,1.0
0.6727595653839661,0.6413466180897958,0.7156274406739584,0.5982695868174892,0.6583288884782508,0.52317845990883,0.646844581711997,0.87411040350744,0.8923703220540526,1.1381891891106857,0.9201973644182132,1.5,0.5,1.0,0.1,1.0
1.9675927341425048,2.0857775727465233,1.9557547279609264,1.766535549215963,1.7136218334899238,1.7945233482513832,2.0033825891537997,2.0215236530599348,1.8419174675802716,1.9044733642703964,2.028847726671695,1.5,0.5,1.0,0.1,1.0
1.2556647355897508,1.0413387328763313,0.9535935244503616,1.009801545483973,0.818782809443381,1.0250631292134962,1.0699834047739702,0.9272081225291272,0.9100109625744572,0.652742690648114,0.604890599856801,1.5,0.5,1.0,0.1,1.0
1.0955083096840856,1.1604467132049976,1.362227754986031,1.163108508367637,1.2646338192543936,1.229545522294324,1.3174764748758638,1.4699185031712392,1.7139068654865803,1.715257650145753,1.4899798749581517,1.5,0.5,1.0,0.1,1.0
1.5922276974089735,1.6292301217584997,1.8253825731663036,1.8015485650352672,1.8276063763201984,1.839401012953568,1.8506381510498535,1.813874237399272,1.8720851691141345,1.877806036997948,1.6828215038031948,1.5,0.5,1.0,0.1,1.0
1.9827131296372984,2.108979330694212,2.19124882530131,1.952825747032665,1.8261789665300712,1.8663601060923551,2.105049881485452,1.9391869802279675,1.981087449351572,2.278021674460898,2.2788994423304345,1.5,0.5,1.0,0.1,1.0
1.3032803547944256,1.1191894426685784,1.3524278353395636,1.2072321765637242,1.27704060280606,1.4352860177933793,1.2842788778079868,1.3150039689209136,1.5724571495999478,1.44280483831707,1.1963579351947604,1.5,0.5,1.0,0.1,1.0
1.4757501692670465,1.6617955713413384,1.6086361134193288,1.552309394826716,1.670263121224853,1.8242410029568752,1.8518529910111712,1.6856429221558715,1.7744447329705029,1.7008199115295453,1.7195685828521696,1.5,0.5,1.0,0.1,1.0
1.738455293483756,1.4440533722594828,1.4439523769525402,1.5792798783644888,1.6000762841675769,1.5417119272349633,1.3765512060369391,1.399403130808757,1.4366962723746084,1.2045698664848383,1.290323454836867,1.5,0.5,1.0,0.1,1.0
1.2508740286655646,1.3782650042520088,1.6689593069410775,1.4423765233582722,1.2784009392102744,1.3766729161050213,1.1866227967367258,1.1326160197490307,1.2384724707750607,1.3967426013210045,1.476556053344056,1.5,0.5,1.0,0.1,1.0
1.9225691574824824,1.9594569117409335,1.759514443667747,1.621706237622654,1.5608953498492435,1.4487243391426985,1.6738163895576972,1.7571065517397693,1.7349951755798805,1.5875051538973024,1.4997170057343532,1.5,0.5,1.0,0.1,1.0
1.850039870438996,1.8729111456840932,1.7993631415709537,1.6329496215290056,1.8757030242219077,1.6460451764378945,1.289015250103327,1.2577101314726389,1.4390256976346885,1.267439769605021,1.1984873267280671,1.5,0.5,1.0,0.1,1.0
1.537396431072728,1.3917187605499317,1.4083684761428368,1.379654985528265,1.2962123338926306,1.4365331808745758,1.4232345267038624,1.2854632745920949,1.5491601782401454,1.7234138228820446,1.7728079177846556,1.5,0.5,1.0,0.1,1.0
1.0593297330973546,1.0789219432382184,1.1668828580708157,1.071850049247728,1.055920184148703,1.2303282532296325,1.380528946289597,1.6110198119067192,1.6961915412130584,1.8046357818338947,1.7348632789289429,1.5,0.5,1.0,0.1,1.0
1.3451608353139737,1.3811289755465332,1.436915878773243,1.4013214156593166,1.4113969577990386,1.332668553277558,1.493460536901164,1.4976188722936268,1.2727439727229966,1.3859740416412072,1.4000045207453418,1.5,0.5,1.0,0.1,1.0
2.0325519429346177,2.1481422014028264,1.8537185734680344,1.7091076795196187,1.652669553098871,1.723038262843621,1.7588814017281356,1.809007189318051,2.0292095820559233,2.079952853340167,1.8050521019398464,1.5,0.5,1.0,0.1,1.0
1.5428160634439696,1.6928960633824333,1.7199776000731286,1.7001253318578249,1.653682556455588,1.7389466769548652,1.8110483215682271,1.6882692934193526,1.8131673905351433,1.704280664923324,2.0062598599265513,1.5,0.5,1.0,0.1,1.0
1.676001031290922,1.9778617998282493,2.227259254201715,2.3666356362085104,2.150284277025147,2.044329489012229,2.0789905039479293,1.9812247393840472,1.9479881896866065,1.8860929634323589,1.8212009800892384,1.5,0.5,1.0,0.1,1.0
1.2247235419033973,1.0187609047370771,1.222526645920813,1.0648623118381406,1.269888626410593,1.3438512950426968,1.376126813953982,1.4627669788707385,1.484721950684172,1.356210312708268,1.632981965146409,1.5,0.5,1.0,0.1,1.0
1.537930614061783,1.6168744849340706,1.390788619965318,1.4131155532057682,1.2110941424796586,1.1395354626316612,1.3341503779209742,1.320254554818981,1.3502013097230414,1.339200561153968,0.9792233945105068,1.5,0.5,1.0,0.1,1.0
1.6736747309342213,1.6363025543504932,1.5659531637705413,1.4867312162489257,1.509714815252264,1.7794616935830303,1.4898074126092888,1.5248913515129063,1.6383313106560509,1.5755526072568091,1.541841369589461,1.5,0.5,1.0,0.1,1.0
1.2688125995516897,1.3888419338464004,1.581922817968798,1.4771390488076703,1.3250108905175206,1.4568828665648708,1.6686225188022796,1.6057040964423044,1.4552157272205728,1.489174470580956,1.4580548647627034,1.5,0.5,1.0,0.1,1.0
2.205593568184647,2.3539639110913093,2.2505955418384693,2.208058217670025,1.9966771498351683,1.8705524499462431,2.041935532634813,2.0946056631347743,2.0856276902383173,2.1744752920004813,2.0189199881856834,1.5,0.5,1.0,0.1,1.0
1.072586402268296,1.013786328000796,0.9458307322366828,1.1426890961877465,1.1562973776664702,0.960617898771114,0.6086593334028887,0.5935287392810699,0.8704670792218432,0.8157183766333598,0.752923856254345,1.5,0.5,1.0,0.1,1.0
1.803793070586568,1.7429912861080064,1.826188180877924,1.8248682082502008,1.815602524487508,1.558230821035799,1.6095691682963815,1.7413226272554625,1.5886329095245435,1.5278226226653362,1.4824020078611164,1.5,0.5,1.0,0.1,1.0
1.4194931665412125,1.4067143767087686,1.5426176643230094,1.8670068527253965,1.4037228742731964,1.4279320233752453,1.4040382480801403,1.2381861157530198,1.3487517164132952,1.2512281048001614,1.0661413641572914,1.5,0.5,1.0,0.1,1.0
2.006034123688721,1.8445837545759836,1.871741537118872,1.8668187753165215,1.5723708608999654,1.2855836365912243,1.2341335885455358,1.352807522666442,1.5853200968117815,1.7071887404531816,1.5941756411193118,1.5,0.5,1.0,0.1,1.0
1.84499623148108,1.6786061527722975,1.518009246826345,1.7708262472213694,2.068133619797481,1.9624956213010976,1.879945650309763,1.789811274273861,1.8651007782795503,1.7454680001234948,1.677391190278986,1.5,0.5,1.0,0.1,1.0
1.1800852890308844,1.2513382254098384,1.1389397959512235,1.2574959018801093,1.1977093113566095,1.386171489997461,1.3936095359414735,1.548159743864017,1.7219996641859507,1.637772583770323,1.4048072878450877,1.5,0.5,1.0,0.1,1.0
1.581590677823871,1.3237642411192727,1.3806410898101005,1.399449882202025,1.1318752259671458,1.202583615184956,1.3712747816322328,1.272742175033943,1.45489022411061,1.3518119159165527,1.2835400954292329,1.5,0.5,1.0,0.1,1.0
1.455996681337402,1.1565879537582129,1.1791138765932432,1.038218633977218,1.0353225688230117,1.263974094105588,1.6071942987340526,1.2481987408893287,1.132218895914879,0.7799250879652411,0.7762237044555291,1.5,0.5,1.0,0.1,1.0
1.7286921629200265,1.8205613629460211,1.7813548579807537,1.7475009822728511,1.870477736195075,2.0135513591926992,1.7767519278738062,1.9978784054478032,1.9036295780069712,1.6363518773092538,1.4954956814931455,1.5,0.5,1.0,0.1,1.0
1.4096541693771103,1.5154087128024687,1.54933606710658,1.5935732713527564,1.5093194232695442,1.4830988422241578,1.1404507471715883,1.0644927144132803,1.0058646093200398,1.202407642294141,1.263685839008849,1.5,0.5,1.0,0.1,1.0
1.868419034222139,1.8903151873468824,1.653166159481445,2.027872700821577,1.770673479099616,1.7938736501212444,1.892306368948216,2.111811253774732,2.0066867607967205,1.831829729454887,1.7646019354479072,1.5,0.5,1.0,0.1,1.0
0.8695021300919222,0.936937070302074,0.9062059593300276,0.977761578368752,1.0102139046618617,0.9189103876667628,1.2852889970202075,1.160535038255409,1.035805894705099,0.8815580397068372,0.9329110052886572,1.5,0.5,1.0,0.1,1.0
1.6448178205541006,1.5722487268110077,1.6283786625071954,1.5864997510232852,1.5557882478834626,1.3767796596581694,1.390905664962727,1.581172317220441,1.7233005974035642,1.8089027824277064,2.0032958294791565,1.5,0.5,1.0,0.1,1.0
1.7375633088764475,1.661663214614363,1.5324704659518331,1.473984109590584,1.4755330894620031,1.5026690927835469,1.651792459461343,1.3573395347789208,1.4257618882359142,1.309072103379207,1.3602526135228294,1.5,0.5,1.0,0.1,1.0
1.6799138982892805,1.5790636606820068,1.2538857653239954,1.4469063344299422,1.2735192011063372,1.4665149990716548,1.797081240871509,1.580383489127586,1.5556074448011792,1.7413617669235162,1.4042298573473126,1.5,0.5,1.0,0.1,1.0
1.3609330810230584,1.2564228751368414,1.1397066900056951,1.2550469777399051,1.3219244857448973,1.3444511759598616,1.3133203973542769,1.530536670157797,1.6768989758688806,1.7089063515792071,1.969658774763672,1.5,0.5,1.0,0.1,1.0
1.574847607776861,1.6837654897542602,1.7810777064525851,1.835843601944098,1.8536981764257772,1.9623754868076353,2.319812764132728,2.515937762978751,2.3546908702770537,2.256677796817644,2.259386968510532,1.5,0.5,1.0,0.1,1.0
1.5636696000105517,1.6479807653435352,1.3657603829808178,1.2019725344947652,1.241862024447184,1.1358253313868922,1.2450982794840872,1.4160881707019644,1.393647928815427,1.384168238671074,1.1837363262835638,1.5,0.5,1.0,0.1,1.0
1.4576093957341314,1.2430901813979165,1.267107041610167,1.4683327455222286,1.7377792324401486,1.848648908152234,1.876991783023713,1.903095971255848,1.7421585362672305,1.8227736439368312,1.9116260272943184,1.5,0.5,1.0,0.1,1.0
1.2742482516897784,1.3356902779084392,1.4698036826907532,1.3669684413129648,1.4012470551897844,1.4320845457635252,1.6791711916145369,1.72309705773624,1.8084161856332437,1.802294942801576,1.7564309091601011,1.5,0.5,1.0,0.1,1.0
1.2655875512989851,1.3967549069133232,1.4936927952404826,1.3201828255260313,1.5048224251984006,1.5417118707904989,1.6926659438631733,1.663413398562204,1.9126211426212305,1.8543544418046456,1.7198442541912924,1.5,0.5,1.0,0.1,1.0
1.1064262059093903,0.8612868860762716,0.986340605895772,0.931823067440218,0.9506371474104708,1.0480997084336434,1.0916713042065085,0.8332878954088334,0.9681693430666114,1.0281727923159028,1.25705506387074,1.5,0.5,1.0,0.1,1.0
1.704341023806354,1.6472194555278847,1.5093397097406664,1.563413344071894,1.6720334579448015,1.7319750355677337,1.4186540392904168,1.4057686443614166,1.4031206303950952,1.5984920196854822,1.4584495110768907,1.5,0.5,1.0,0.1,1.0
1.421657759800295,1.457330356108394,1.297509075444691,1.3954566703986084,1.4416854219832966,1.3860987325500287,1.3498301132513937,1.5269864751448243,1.7359192560333654,1.6493641794278138,1.7627463725998695,1.5,0.5,1.0,0.1,1.0
1.154732161716672,1.2695406788899584,1.1468233277049442,1.1720600920337312,1.021454851671776,1.282198124804183,1.4014543164265318,1.6030311450967525,1.811903374808372,1.8264176850325728,2.0044054532268123,1.5,0.5,1.0,0.1,1.0
1.786947786699174,1.8224385268159793,1.8104114011510308,1.8186634169730589,1.613448434054627,1.7324753789615464,1.7300514745559834,1.541846732894692,1.436764393108461,1.508817563251679,1.5751711339866112,1.5,0.5,1.0,0.1,1.0
1.267061828932984,1.4395081491547783,1.8702982772586525,1.7108349650093793,1.7010899028445905,1.9232963136691317,1.7858386651179083,1.7689008416222431,1.6654518306499204,1.6314606267281655,1.4753211498416403,1.5,0.5,1.0,0.1,1.0
1.7845326063118336,1.7881022655255634,2.0131672832439738,2.151920172384006,1.9799845727146477,1.9159031575824412,1.846836498283592,1.872098172176616,1.9678046546989925,2.110807031924125,1.883114757175035,1.5,0.5,1.0,0.1,1.0
1.616267489196967,1.6731907260201784,1.5631182732194429,1.3993621606158064,1.2881716246183044,1.4654370295481858,1.22626879707747,1.438186039291567,1.5165747811445067,1.4682151546146338,1.4995932866155397,1.5,0.5,1.0,0.1,1.0
1.754373823424965,1.7437729062311165,1.7197666902670947,1.7735399398090357,1.4093511776833214,1.4730614752042803,1.4289895795334695,1.3485565579735532,1.1994151148194412,1.4265650133517915,1.5109673035373126,1.5,0.5,1.0,0.1,1.0
1.9238879801979432,1.7417919069453094,1.7348390684603578,1.7114413821410392,1.8960470930299231,1.7172528353975718,1.7269183116121412,1.7240151507263626,1.5141398115829825,1.5891537801400009,1.4816327859117386,1.5,0.5,1.0,0.1,1.0
1.6430878571973804,1.687056808844352,1.3917606166354075,1.3182286447886875,1.4015815825424047,1.339887309311637,1.3454358624214795,1.2529526900700043,1.0944810138349743,1.2583695956044745,1.490723292571051,1.5,0.5,1.0,0.1,1.0
1.1810776518324089,1.273949033640686,1.405227577424863,1.381881659183937,1.5816731115670977,1.5474774433871097,1.5993332299813416,1.6033452254387466,1.5669553367985063,1.8267901946103051,1.9569065191275117,1.5,0.5,1.0,0.1,1.0
1.8032716068050652,2.00371480356574,1.8758381927482417,1.6656457892301082,1.8571732824601144,1.80774908863154,1.70417903866798,1.881670077126827,1.9050540288681712,2.175122062109054,2.060795727575303,1.5,0.5,1.0,0.1,1.0
2.0104113862825113,1.9133710271210511,1.8069403823754977,1.9738254035913751,1.6109564034806596,1.4386920361237312,1.0850204959713077,1.0936479797319991,1.178657810512357,1.1200033218179437,1.0834044338352256,1.5,0.5,1.0,0.1,1.0
1.1179305177801335,1.2872219836938978,1.0419068227160695,1.2139265796254508,1.1771554137258968,1.2218458866913282,1.5310267572273817,1.5884644186390149,1.7315999503710695,1.6354247647061988,1.4587209678342756,1.5,0.5,1.0,0.1,1.0
1.7179376604339476,1.768800527541737,1.6632490271568243,1.395025692709567,1.6451092769476832,1.463565531379874,1.4052038057997722,1.522408811019564,1.5817551643441667,1.7200136021551349,1.766720869652947,1.5,0.5,1.0,0.1,1.0
1.0463462704185431,1.2674465600473586,1.0877819732616143,1.049129327994614,0.9840664269673268,1.138036221085647,1.38015464137856,1.4076562854554204,1.5855639166319808,1.6749571338623015,1.7201356719265597,1.5,0.5,1.0,0.1,1.0
2.0829420703188997,2.152209065231317,2.120394485224639,2.24514262045056,1.9280965523073093,1.9586311147939628,1.745613100016128,1.6063750771952587,1.5744934390261025,1.7284981872923406,1.541171266662391,1.5,0.5,1.0,0.1,1.0
1.8026794878641463,1.57129124780238,1.6284502450533485,1.4597243131751163,1.5762350709655757,1.7965136772232542,1.757911348037431,1.776607705697634,1.984175724608134,2.0242102250694605,2.058459922029893,1.5,0.5,1.0,0.1,1.0
1.7547207781764969,1.8108446138333676,1.8133427047052784,1.6393275520113717,1.575510828472008,1.9368748492457335,2.0111417352315604,2.350152982812915,2.283507852959039,2.3636705260900044,2.2046240920843347,1.5,0.5,1.0,0.1,1.0
1.543167415716564,1.4397305705654742,1.5554710830133245,1.300264452613067,1.4535717032950703,1.4120848227773797,1.1845885439214463,1.1896870449959702,0.9078816295854318,0.9090777837578692,0.9159659834851762,1.5,0.5,1.0,0.1,1.0
1.5057927591458449,1.6803092158434323,1.364621825817664,1.4910800660353931,1.6595679177368812,1.761157948063901,1.6530871336600648,1.4171312650665715,1.501130818944162,1.5231343850364512,1.4224471922379165,1.5,0.5,1.0,0.1,1.0
1.491229034424275,1.4464870886664516,1.3353444788346,1.193861372033097,1.3562055292453778,1.2174021222250635,1.3047167816758265,1.3904809860065612,1.5897640273506315,1.7206511138886849,1.51006212809082,1.5,0.5,1.0,0.1,1.0
1.3263347120551323,1.4505202354163724,1.4958188159273444,1.0959410164845276,1.0062766351672217,0.937981552026902,1.1144230697144402,1.1447861209544727,1.096325699381267,0.8630440794525143,0.7715782493766927,1.5,0.5,1.0,0.1,1.0
1.5207861104581206,1.266130549697885,1.231955530575473,1.097070314160143,1.2793996286474325,1.178533387764052,1.4542899075467146,1.63771960347876,1.6351367065828677,1.4987073973442933,1.5743008401582654,1.5,0.5,1.0,0.1,1.0
2.3875157317626297,2.5645291878213525,2.5905014464644127,2.443970133556207,2.526719753477558,2.393260109559186,2.0413898134797996,2.1683692578859013,2.3463109291841273,2.4791891451970716,2.228107782699855,1.5,0.5,1.0,0.1,1.0
1.78772687508593,1.761739418632115,1.5480400485772927,1.6189581698030409,1.925164944846104,1.9889103789786549,1.9556917334537045,2.0455208698145317,1.90716951656172,2.1326568359540583,2.2007682616252064,1.5,0.5,1.0,0.1,1.0
1.5062569521407785,1.2515895503555563,1.379283035982365,1.2963009912977377,1.5742945599445095,1.5088108545493135,1.4551139497920396,1.5571685301264828,1.4546360703661465,1.6788095877538505,1.9879722085126128,1.5,0.5,1.0,0.1,1.0
1.314636657559112,1.3948673363875892,1.5612625514318372,1.7928469885866194,1.6518015626127769,1.7152527606687344,1.841528833987824,1.830971206633537,1.9505536210399224,1.9786082245676289,1.882491627739346,1.5,0.5,1.0,0.1,1.0
1.3079934781638622,1.502100674670002,1.4457065937460298,1.42253003473969,1.4329194519808095,1.4575109118596763,1.7038502549207877,1.7283597692061088,1.6311879804826064,1.4414801793853231,1.4893304880099325,1.5,0.5,1.0,0.1,1.0
1.4685952004763716,1.3279013937567066,1.400242732642032,1.4518925311608335,1.457961791991172,1.5645927106234503,1.5672708939092552,1.4983096956849968,1.5441566175693606,1.505929289252096,1.5515833995692088,1.5,0.5,1.0,0.1,1.0
1.039955302009401,1.1983129079518864,1.4036007422484809,1.6288382920956517,1.7847685441860006,1.927463271565657,1.8520668086337997,2.003750111769401,1.841692780788271,1.8229717121228,1.7289313730678224,1.5,0.5,1.0,0.1,1.0
1.3381304818701725,1.6845212726336147,1.568911411011504,1.5041152347191171,1.4378495890321124,1.4121062292127808,1.280262607595061,1.3347659161727272,1.358011052669964,1.2076375720439516,1.043570997959343,1.5,0.5,1.0,0.1,1.0
1.2200321165886454,1.5495180769681671,1.5253855229175406,1.8938958734975349,1.7395358100398854,1.6692911824911805,1.8774831285979805,1.671377739932674,1.5857182238142482,1.8432242178333484,2.0993169980909787,1.5,0.5,1.0,0.1,1.0
2.118721552605913,1.930067867505619,2.205437630833331,2.2747734858575,2.246635304373711,2.1169293410645458,1.8295544349089792,1.728697476358067,1.6022723672170796,1.654885648688036,1.5717651451667844,1.5,0.5,1.0,0.1,1.0
1.6368458867719564,1.6496343512640024,1.595638864826424,1.3318404206696768,1.3821089614357538,1.0855592401142522,0.973735707847483,1.3032742331627634,0.9545332225089942,1.0045202147679069,0.8754063896218721,1.5,0.5,1.0,0.1,1.0
1.5724143195465352,1.368047104358689,1.4629905957048974,1.4208743634892045,1.5435872188557525,1.366181787539408,1.624705885450227,1.6935723093704362,1.6444917293835544,1.5147008580871242,1.5798854316351267,1.5,0.5,1.0,0.1,1.0
1.0825035376982977,1.047593693479949,1.0745436401059885,1.3299751215094189,1.5079299778691568,1.6383914953619203,1.4287511680750902,1.56792869196198,1.7247485288962514,1.8458709476771449,1.965411759191406,1.5,0.5,1.0,0.1,1.0
1.1067951827877234,0.9547438976968036,0.985440428757994,1.0798290958033705,1.0113297952772773,0.9214597807550104,0.8658125952696816,1.0572551177263008,1.17083293371913,1.358062978712191,1.3257182424266531,1.5,0.5,1.0,0.1,1.0
2.034454292756017,2.10753649837344,2.105405171623152,1.9373377344455651,2.000114884759296,2.047932359582494,2.0303358926076736,2.026993787030821,1.8173814250027889,1.7354171609814613,1.5791008215952502,1.5,0.5,1.0,0.1,1.0
1.281793106276248,1.285998818652207,1.406149395249817,1.6406303930912212,1.553123747152228,1.475533242575665,1.1260347690159445,1.1767771480458775,1.3230886522254508,0.9868533501240112,0.9737653442154812,1.5,0.5,1.0,0.1,1.0
1.0663744243487123,1.029499317408724,1.1833094500915913,1.264241485982303,1.2697497737507275,1.135709367858562,1.103724377734023,1.5160307582108692,1.609517701559292,1.877755932427373,1.7945697770422142,1.5,0.5,1.0,0.1,1.0
1.665311006469996,1.7589539602354092,1.7362065154222894,1.6414977361990553,1.6289905343146815,1.611061332010813,1.8970250585136947,1.834097085049641,1.7177040548065377,1.7778923244686082,1.8309906953169524,1.5,0.5,1.0,0.1,1.0
1.849446809757273,2.143328292342112,2.1095001341924826,1.942985018140371,1.7946430274024288,1.5041868320634886,1.6272446052776224,1.6571010838569629,1.6110598086474046,1.4083108329667595,1.546551014758514,1.5,0.5,1.0,0.1,1.0
1.416513963478311,1.5454226440005274,1.4162920750142742,1.264861147229675,1.2200447278361688,0.985193563835546,0.9163607504793152,1.0411981018137706,1.0363930693249688,0.916989459816374,0.8989215298107348,1.5,0.5,1.0,0.1,1.0
1.4763184130751712,1.8850840366298576,1.8432315155918917,1.7602190787299463,1.711660633992315,1.757120287425887,1.9484860677179352,1.8185727209941112,1.9226118865127104,1.8891224257040664,1.6633027240778018,1.5,0.5,1.0,0.1,1.0
1.3308743280596742,1.2774994895074256,1.2724340438703814,1.422297450033546,1.3447526246849943,1.4413669928205677,1.6522665509451773,1.7114604493377268,1.8079701624304816,1.6894900744533914,1.6120120985433284,1.5,0.5,1.0,0.1,1.0
1.37974315903213,1.487396467744585,1.3003175981761186,1.0334467931004172,1.1296681600109522,1.2847249185383445,1.4264535097770887,1.642449284157072,1.8332817947270927,2.0105236624926253,1.6308810862777867,1.5,0.5,1.0,0.1,1.0
0.97418100193505,0.9007276084902,0.9909609441208236,0.7885933961748601,0.6732524225129546,0.5040260625871729,0.4219678531255043,0.7581908796807117,0.7186769119328879,0.7444465870725541,0.6791905010372868,1.5,0.5,1.0,0.1,1.0
1.893318733261109,1.8387299370158896,1.995044269468806,1.8701674111934865,1.6185387793721666,1.5733096822578034,1.449374387585999,1.4715194745055296,1.460760092430791,1.5187827332861232,1.5729708644575169,1.5,0.5,1.0,0.1,1.0
1.74675330664634,2.020806561724835,2.0997120861668472,2.2487535207345073,2.462434276025136,2.439067581380825,2.15793055178428,2.061482974540807,1.9221559441278169,1.748313483906182,1.948721955348276,1.5,0.5,1.0,0.1,1.0
1.7138982663310676,1.7160893959729282,1.6929536384160324,1.5254476232314682,1.7898668124159411,2.017318247995873,2.166911247705727,2.215753001712378,2.0370131010121257,2.1567002756049627,1.9994639690116405,1.5,0.5,1.0,0.1,1.0
1.7422674243565297,2.1717284904626424,2.067959897609275,2.0503334996969333,1.8628857931153917,1.9192598182239848,1.951771643128387,1.7191182927121929,2.179386166966408,2.212938475780213,2.2335990704485384,1.5,0.5,1.0,0.1,1.0
2.033096005065482,1.8454879123876304,2.015040377157225,2.183076048059059,1.8650694413157336,1.930227083765938,1.6755833105736635,1.9402725059438104,1.8832723802537272,1.8766451043954,1.9637697465148407,1.5,0.5,1.0,0.1,1.0
1.6341553359261016,1.635350768084107,1.60364805035262,1.490280851403493,1.530669708141016,1.6108011327101668,1.6059518273575917,1.4588551868218964,1.1725616144178697,1.1742191729122229,1.6317442818297565,1.5,0.5,1.0,0.1,1.0
1.721280513365906,1.6027622962620445,1.682748988118787,1.6238540112236377,1.5660490376952936,1.5220425625115648,1.6226144526911177,1.4625300519531537,1.3634527099003246,1.4057265544401336,1.2596410563988265,1.5,0.5,1.0,0.1,1.0
1.1559024653471088,1.054765264967113,1.0155353360746109,0.9534850583966656,1.2000466653200503,1.3794002900554596,1.416375933968269,1.189792678696436,1.0344799868696255,1.100331927673137,1.169057161005254,1.5,0.5,1.0,0.1,1.0
1.8177330815929111,1.8355114370353285,2.015841160100987,1.780198712058925,1.761971391641047,1.6689962627293995,1.802265685080524,1.6711602927799276,1.5764897780592182,1.54816485409085,1.5720074394057084,1.5,0.5,1.0,0.1,1.0
0.9499446856646756,0.8778230843078865,0.7127976689076985,0.9264662934889136,0.8746253565735077,1.021579482740569,1.132788552271934,1.200619559415376,1.409827038616219,1.6475047193641283,1.3623450817691154,1.5,0.5,1.0,0.1,1.0
1.4065745489917756,1.473767284317942,1.1420574308690798,1.191486075836088,1.414190769928103,1.3730393706333786,1.1756962072512218,0.9923856689904708,0.9817116204044376,1.2021250309665863,1.2059610010755943,1.5,0.5,1.0,0.1,1.0
1.052749115213511,0.9510053180269544,1.0654418838320765,1.3895700264391082,1.2222052463827646,1.4098174207565783,1.522958347995227,1.5131624570623112,1.3181649324537583,1.1298322126029865,1.3228433807894242,1.5,0.5,1.0,0.1,1.0
1.4827109026480167,1.4080558165104575,1.5224894417673365,1.615985320152582,1.6220642878777989,1.3619598812626357,1.2716070443261045,1.3038391601734751,1.3211853324739686,1.3633291333057416,1.290636356854748,1.5,0.5,1.0,0.1,1.0
1.5831858905138332,1.7535044639306487,1.9264224309946525,1.9389701593983093,1.8575291145157835,1.7805615169525602,1.7676966102040093,1.758404110084404,1.8840112447354984,1.6970487564414636,1.634926738915616,1.5,0.5,1.0,0.1,1.0
0.9896543308311389,1.2836233422087304,1.3749338848230628,1.100069681109594,0.8847969107681557,1.067707609554326,1.173790118732589,1.163853569403605,1.1407644585012755,1.349596609106125,1.2876711929047802,1.5,0.5,1.0,0.1,1.0
2.127643832103834,2.0926702047814096,2.1540816025637737,1.89019367691043,1.792523394518997,1.7731355271586362,1.7025731841288578,1.8112951497762064,1.9398883709280703,1.947414851410464,1.9968208405932095,1.5,0.5,1.0,0.1,1.0
0.984288943462753,1.073211959310303,1.1125980093685224,1.3241968077603248,1.2431149498070635,1.3574789389612862,1.3283944396117808,1.5401986230936957,1.6823846733032628,1.887583731475975,1.6619164693290356,1.5,0.5,1.0,0.1,1.0
1.305016830392124,1.45074656702794,1.35838673384618,1.3426701109166812,1.3036977504505796,1.544674895669423,1.8343669704173815,1.7483513825527064,1.6498742774129682,1.3922027562383372,1.4938395570965446,1.5,0.5,1.0,0.1,1.0
1.361458728297701,1.3458710497079889,1.2464208637220322,1.4340916758107038,1.4920484176328863,1.2881769141631636,1.6332473871870563,1.7260367105347512,1.7849867490385878,1.818564697047527,1.7066732815614605,1.5,0.5,1.0,0.1,1.0
1.4361195783780494,1.5902119561329289,1.369561113496746,1.1627608330192531,1.2461849941476946,1.229128104626534,1.2726578073123591,1.0303708075670797,1.087616062261474,1.1532668725663655,1.0604582062465473,1.5,0.5,1.0,0.1,1.0
1.001124841386985,1.103667905527361,1.2927388530689372,1.2107489928405446,1.3992443957190948,1.3748918596581703,1.3505725341587158,1.2873889474487346,1.293985913657545,1.2343947057091518,1.4048242849252892,1.5,0.5,1.0,0.1,1.0
1.269306214213309,1.134542459655802,1.261922969498221,1.178419443867801,0.991504758182542,1.0296211229891543,1.2019484438296482,1.3163650893351662,1.0437533384048137,0.9851885913968802,1.1576514189848996,1.5,0.5,1.0,0.1,1.0
1.916125493669398,1.9426673224709696,1.8176293926406455,1.8078147211226008,1.3784849938890062,1.3180877468601404,1.3759319006906845,1.182931676661508,0.9273525100568508,1.0889615866624822,1.3033216406701775,1.5,0.5,1.0,0.1,1.0
2.0782249610685315,2.0763419973706583,2.059568651268229,1.4396049154916657,1.395218481786724,1.4103053574829891,1.5175761059514072,1.550100346201505,1.3765990594794588,1.6592866846011771,1.6766622232201944,1.5,0.5,1.0,0.1,1.0
1.358141176761052,1.3005016806945595,1.4210638613215207,1.562938642683939,1.676534031013902,1.607148282856013,1.3313516666416556,1.4211982657110582,1.3982448044645286,1.418297296137606,1.628088688606237,1.5,0.5,1.0,0.1,1.0
2.0277299918067935,1.8680952000408688,1.8128813154536356,1.837886386359515,1.6290789516261368,1.416071474655748,1.2208643976206068,1.2329131233132151,1.324038189489446,1.35811335141247,1.504369768825215,1.5,0.5,1.0,0.1,1.0
1.4022542955016255,1.591387328459526,1.7667088083546802,1.6930536669960563,1.5473864356521625,1.5343329323189132,1.1566213399313074,1.0937744379524132,1.0289485906139786,1.0132533750524322,0.9453063193359268,1.5,0.5,1.0,0.1,1.0
1.6848970013580644,1.500645998855827,1.3350224615608055,1.3438161691917538,1.3887440421044126,1.418221614183357,1.5457300335698347,1.5894904838204469,1.49597292013907,1.759484937602756,1.7149748134476148,1.5,0.5,1.0,0.1,1.0
1.4562108588142166,1.3568415070694078,1.3785649033741043,1.652073158905617,1.5658280916742635,1.7729691598175237,1.513785984081606,1.4859453588659166,1.2943909651978889,1.4631385585712469,1.344099556999799,1.5,0.5,1.0,0.1,1.0
2.385698970361792,2.247736384468639,2.1294364680820914,1.8092289359114324,1.7060043829534794,1.795380854095192,1.7867841616690607,2.0266595477826534,2.287776731065402,2.0955066182180246,1.9004082819276351,1.5,0.5,1.0,0.1,1.0
1.52914406043899,1.6402463912922711,1.696881799772855,1.6167913120896311,2.029757798035904,2.0384827497481335,1.737310433275422,1.520228599340674,1.4111811589402683,1.41248414260541,1.57779444439232,1.5,0.5,1.0,0.1,1.0
1.327940765266923,1.482096051873961,1.4842677967880096,1.666451044128795,1.497057076348418,1.2561723684775488,1.6567399346461875,1.7405946041415583,1.823127739949567,1.75878538595898,1.637036668575644,1.5,0.5,1.0,0.1,1.0
1.189528401499256,1.2761590620055951,1.2939202237979222,1.3486982230139934,1.5716358655078004,1.5363629769956568,1.6210901934082795,1.7421683411118982,2.164669690357145,1.8770547128347383,2.0769198638891133,1.5,0.5,1.0,0.1,1.0
1.5055449076011336,1.7387233190166027,1.6887260908329047,1.6552102168254048,1.7978778635711723,2.1165342426765585,2.081189225448941,1.7525185592474395,2.025318452247949,1.9205586976739328,1.7194071835240916,1.5,0.5,1.0,0.1,1.0
1.4000732587923672,1.4643163152156016,1.4539920640027122,1.5299712913824963,1.57768559309859,1.7007946147447448,1.8675599605350304,1.9356321427724583,1.9495902757602617,1.7128289386838698,1.7645704965268965,1.5,0.5,1.0,0.1,1.0
1.3578110511480082,1.3393625639133506,1.2546783414698215,1.3815202860292757,1.381697709026533,0.9761346228401988,1.0324334376110949,1.0263999897988865,0.8046970494449452,0.9920096524920128,1.071687577057463,1.5,0.5,1.0,0.1,1.0
1.6918857900963664,1.4949358944189106,1.7991264046186066,1.7637889201405588,1.706814777180672,1.7630299471754032,1.6735515945854642,1.6888339660546103,1.8954190568213316,2.1217738791975704,2.147798358522496,1.5,0.5,1.0,0.1,1.0
1.4992326904805122,1.6929430805765442,1.4216875208739317,1.3047619377642716,1.320858036306663,1.241209900111164,1.1454564888703311,1.4809166860232357,1.300453947620481,1.4405781241666682,1.2578677931653846,1.5,0.5,1.0,0.1,1.0
0.79409176893545,1.0296405100764197,0.7384739392786042,1.003996702559888,0.9453825146938896,0.9393747611301548,1.0035129710442716,0.720859169639868,0.5081470102676386,0.6265372019602828,1.048506539382212,1.5,0.5,1.0,0.1,1.0
1.6048637130914114,1.5796223961562936,1.4606501731228203,1.5205980187455577,1.626622599033544,1.9259867607658632,1.7970485561490022,1.5854100167165197,1.5524598103021223,1.38064913252234,1.144131365519114,1.5,0.5,1.0,0.1,1.0
0.9492753190449006,0.8795944532264989,0.9360514306438764,0.8204520109465374,0.9213865764489856,1.0605867850475976,1.061425250792298,0.8225185970068836,0.7403130008828153,0.8267047427241152,0.9196099491607048,1.5,0.5,1.0,0.1,1.0
1.6647154951709648,1.731638856276353,1.6587639347001737,1.9048918587444437,1.6892378502022436,1.8655266027567607,2.161687519919244,2.1256154731050847,2.287382159738838,2.022926603602804,1.939390352249602,1.5,0.5,1.0,0.1,1.0
1.1305720651965263,1.2749480329419542,0.9240748674355468,0.8490595599329667,0.7606788383484713,0.7327640043952701,1.0903894552555622,1.133731719600536,1.3637354585827317,1.270628215472395,1.4612679858153943,1.5,0.5,1.0,0.1,1.0
1.6155800264534497,1.587563351663226,1.5254728859487414,1.5417289886163208,1.4256472772812463,1.636792312539694,1.5932777458374476,1.654100692871082,1.6285466244221325,1.5688812046252714,1.370308796798004,1.5,0.5,1.0,0.1,1.0
1.0607858846515343,0.9645331961137628,1.1099628926791416,1.1990419242317234,1.162863631320778,1.550522851061561,1.6598900772461098,1.6877025899669351,1.5569458131720328,1.5754337986545035,1.4057232751440718,1.5,0.5,1.0,0.1,1.0
1.9080561315368856,1.6527067971486258,1.9454262949310144,1.874863278940461,1.8756106720584769,1.58337164899564,1.380545273819468,1.4001373533545858,1.2296614624659965,1.159185056922332,1.3394987936522171,1.5,0.5,1.0,0.1,1.0
1.7752049656554785,1.681589602251282,1.7631582032461244,1.605791176852632,1.6034998936639533,1.7809104871415924,1.611748990299832,1.6660534412116736,1.599901978106067,1.6515922068605255,1.4395291452464454,1.5,0.5,1.0,0.1,1.0
1.4930248860257125,1.82773839040672,1.7827593715406431,1.6524271335736405,1.6186961056305311,1.6452646592433904,1.5122424371913064,1.4346275918100353,1.6652412618065018,1.681460345652246,1.6185292433422804,1.5,0.5,1.0,0.1,1.0
1.8374837695699444,2.089357092083627,2.2219105733082047,2.388722245390128,2.162644076153005,2.2853811463794766,2.4008670881524803,2.3200049034509327,2.5205953505933265,2.608613797508794,2.463116690471393,1.5,0.5,1.0,0.1,1.0
1.6209015228836237,1.609234303799648,1.433654377168516,1.3426084646305003,1.0954712135885594,0.926228213409914,1.1244631917008578,1.1004825671295957,1.1734164581035318,1.4191489866368636,1.0375730665141345,1.5,0.5,1.0,0.1,1.0
1.0470798687722578,1.351692758535434,1.3410721042591944,1.463763072025258,1.316741301218313,1.1315033352932815,1.296270794000457,1.2939438203427422,1.5172588416602988,1.4396646057020694,1.6027417186560566,1.5,0.5,1.0,0.1,1.0
1.5395975822531118,1.673990014792362,1.6071469333032158,1.594554577230236,1.4869965893319956,1.4419995865438675,1.612037419110243,1.648914234362585,1.5343406189495827,1.541969934737305,1.3087985177272272,1.5,0.5,1.0,0.1,1.0
1.1311560321579737,1.0841601153018092,1.1460973372906964,1.2117192313396623,1.3087952172699415,1.116186811082701,1.26929364325142,1.189054031062397,1.154411347550109,1.3208717298561374,1.6941943534144073,1.5,0.5,1.0,0.1,1.0
1.4321722093939977,1.518987197210746,1.7302552830288425,1.6618883089946932,1.7017842898136069,1.883287473053804,1.959332876795149,1.7865297368937356,1.6050835905104748,1.6702367050211515,1.6822071443524136,1.5,0.5,1.0,0.1,1.0
1.7238765354212395,2.055602921038864,2.0369846634198443,2.1708383264378104,2.0351072924744473,2.0464760917865448,2.117974732124518,2.0712556283204853,2.0085724375425587,2.1995807083216468,2.0436038858306182,1.5,0.5,1.0,0.1,1.0
1.675010572745852,1.6308574084406462,1.7412005309254082,1.5010765165466122,1.529077598491503,1.4807628432452846,1.5223573874809193,1.658498544922951,1.689872587499209,1.549857446101953,1.629368885989395,1.5,0.5,1.0,0.1,1.0
1.7236088667964178,1.6953703920471448,1.625179846127707,1.6478639208179393,1.5523558227040757,1.6647268608858132,1.5548388235101829,1.4344255834566066,1.3051824160472911,1.2277832862485498,0.99422948986804,1.5,0.5,1.0,0.1,1.0
1.675213133608075,1.735082427322697,1.8485028295335288,1.6143604130658369,1.167845838647685,1.1555859250461358,1.1924008643585595,1.2474880799947408,1.2051252330562192,1.2746843901021905,1.5097326668473785,1.5,0.5,1.0,0.1,1.0
1.419550020800546,1.254798091562192,1.1113070145032429,0.74164437856487,0.8015442725363937,1.1687618950043714,1.0787797304010869,0.9276916499209612,0.6349721284095999,0.5120124814839211,0.6274934245620906,1.5,0.5,1.0,0.1,1.0
1.4150609615391978,1.4692886415085773,1.4717677616129528,1.5143735241073482,1.4621030818237375,1.3211001895760903,1.126763616274334,1.0667025095209044,1.2208505195754242,1.261159024509841,1.461108616743786,1.5,0.5,1.0,0.1,1.0
1.80422108027978,2.1010757338781083,1.9609868040848315,1.9748523519843555,2.2815208523717105,2.0987835756199087,2.117261845866047,2.1443288915671777,2.07606230955709,2.26851439850298,1.9030139536862096,1.5,0.5,1.0,0.1,1.0
1.7496244455383083,1.7871102429753685,1.7143941768155393,1.7459106223184908,1.7404107316663575,1.7089486355783408,1.7936004216917296,1.572600925475652,1.7167375840081638,1.806677383704026,1.799288119807158,1.5,0.5,1.0,0.1,1.0
1.0445517728970046,1.0267563657408945,0.9587795892384372,1.1361348169014145,1.0798126523846414,1.2842429686483785,1.3727010227772227,1.262839610240741,1.2598962386083217,1.218600848872864,1.1916505981628789,1.5,0.5,1.0,0.1,1.0
1.5772454282513242,1.3539607751150724,1.2521748695744577,1.2747260042922677,1.4011214311617526,1.503878480336117,1.203246129394942,1.219307650492167,1.1753203414288562,0.9855805729422557,1.0973907039159334,1.5,0.5,1.0,0.1,1.0
1.1159760129418013,1.3256244006438296,1.542507272476358,1.3572850739625009,1.5037830708433104,1.656306515236112,1.681298360226469,1.7351051552152323,1.9606646438318145,1.8023482298902629,1.6910330311528845,1.5,0.5,1.0,0.1,1.0
1.8125927012753127,1.837534383865755,1.9048784566828387,1.704363965965099,1.7690043706702745,1.714029578163959,1.7262335070570831,1.6756748884811228,1.6345022129067055,1.5476314823312036,1.350047558390496,1.5,0.5,1.0,0.1,1.0
1.564615195450951,1.4670329165781164,1.7078757241764777,1.4047911705388931,1.46271576875023,1.577001448005235,1.4917686343551158,1.101728657693942,1.1479772969699713,1.2520424172796445,1.5666565216430186,1.5,0.5,1.0,0.1,1.0
1.980721811719578,2.0895475539836976,1.9801300514351752,1.7796658877613687,1.9811249905752113,1.8270555741657415,1.5640931615924476,1.8431625200300927,1.9182090946443555,1.823128270247576,1.7606978564672895,1.5,0.5,1.0,0.1,1.0
1.8941629062736107,1.7130936471052056,1.6283182557452245,1.7165697064845655,1.823305244674083,1.707006296978448,1.7018827446217957,1.957460665501353,1.948295372363664,1.6908616629764337,1.633018873704989,1.5,0.5,1.0,0.1,1.0
1.228005181561034,0.981144140061724,0.8845684417077376,0.8274813222473365,0.7433055515113677,0.967244697658604,1.0162356741863985,1.1752160691623823,1.3407364778391542,1.3427397190428791,1.3615478953266928,1.5,0.5,1.0,0.1,1.0
1.5965731284750926,1.4962341422390788,1.0779969291346,1.3112883894274696,1.3273502162808466,1.3099123263528096,1.2860381585225236,1.275525730204989,1.198342261553707,1.268507513505084,1.4229314534048745,1.5,0.5,1.0,0.1,1.0
1.3017094667202156,1.4748882159750167,1.122017646578216,1.1562279206299948,1.234958850833992,1.223692780132715,1.1262580162848193,1.1941307157996066,1.2364803122548476,1.2089550193672012,1.228316487695821,1.5,0.5,1.0,0.1,1.0
1.027977861406262,0.9109552683208664,1.3634101586182583,1.2133598708042213,1.4466174820419124,1.3676771564844288,1.6529876187575974,1.8106989780794045,1.916191371521939,2.150962976230708,2.0677106671891745,1.5,0.5,1.0,0.1,1.0
1.9619603277689723,2.038005720169685,1.9534205932865956,2.1642224679746924,2.1782487526598677,2.117081349946295,2.187106027735946,1.9474222197456217,2.020800010545443,2.0174018651984724,1.8798176726491649,1.5,0.5,1.0,0.1,1.0
1.7047178280068247,1.5953001829269131,1.5008916669780332,1.4530141883727477,1.509540879817149,1.5499521720155032,1.8298037346074645,2.0210311942336143,1.9580477526280309,2.0531325983141917,2.061384618992103,1.5,0.5,1.0,0.1,1.0
1.611839085838931,1.7483736498059983,1.6946579100039487,1.7152201240704912,1.4737729016065495,1.5016828354562697,1.3310755503001277,1.5652345807109866,1.4537522660890292,1.6024281386710222,1.4599945508172432,1.5,0.5,1.0,0.1,1.0
1.6889019243545582,1.6821926535318212,1.802188625793536,1.5947784362040465,1.6557916480766397,1.3778567141000564,1.4278142475376896,1.597370067899475,1.7394720874679417,1.7838174475705666,1.7925548136310778,1.5,0.5,1.0,0.1,1.0
1.432050041969417,1.4553721447774983,1.4082324176282786,1.2702298686976112,1.4880078892951512,1.56972401417144,1.8212418959349617,1.5259813932017476,1.4613680235978683,1.5711924688837684,1.3313108803888314,1.5,0.5,1.0,0.1,1.0
1.0301555040210004,0.9662908931688812,1.0199254502857495,1.228743524365014,1.3672854062381974,1.31314764335638,1.201963535185516,1.2586092084927758,1.2720294217467905,1.5201280924105058,1.514653541695116,1.5,0.5,1.0,0.1,1.0
1.6105853548319786,1.6736560248309271,1.711544105664273,1.577720054618424,1.5404063073277328,1.690207190594592,1.597824073592725,1.3212886970326143,1.1771396294805614,1.2718015466263648,1.3706767477669366,1.5,0.5,1.0,0.1,1.0
1.836225405624627,2.0194831114618457,2.1071834084663177,2.0122274066184525,1.9405782858855596,2.031048791217144,1.9112091828974933,1.716326420124969,1.7131994025360546,1.828149989968499,1.605273824505152,1.5,0.5,1.0,0.1,1.0
2.116111801090812,2.173644925641674,2.0711081939368787,2.1686926538532063,2.191615771356957,1.9667923713786064,1.8826552485424248,1.650549635462422,1.6323504154940365,1.691255387154657,1.4035580156110874,1.5,0.5,1.0,0.1,1.0
1.9084501959401203,1.8849832813673923,1.7810968209449105,1.8247564172440205,1.865155650627657,1.7065438685770558,1.7547220592126052,1.6802575767330383,1.8723387382146048,1.7568435953952233,1.5754109383801482,1.5,0.5,1.0,0.1,1.0
1.9595764940845988,1.8634269357155795,1.915050625494076,2.06366543921352,2.3267543749832216,2.3338389570068387,2.4013647909991964,2.387991050017201,2.5853530045430446,2.3516798130492633,2.461321890016571,1.5,0.5,1.0,0.1,1.0
2.0014130306464657,1.8078108300891784,1.7101450052674856,1.3878962273829294,1.7706377432980136,1.491661870878974,1.423729052983293,1.4118769454791755,1.336915978313441,1.4020016063053815,1.364156175963771,1.5,0.5,1.0,0.1,1.0
1.771392848991579,1.7954854397768043,1.7656330482986022,1.4735984141878478,1.2688847454436276,1.273399132444036,1.2584320942640763,1.295589636532022,1.1669908461901493,1.3347722596799816,1.5041031033927,1.5,0.5,1.0,0.1,1.0
0.9764829655741356,0.9017713530650476,0.9726466706370528,0.9461475769863554,0.6362219087503134,0.6290465785615699,0.7330398057248317,0.6836501914360558,0.8222437495996355,0.947891757733874,0.9062024157522688,1.5,0.5,1.0,0.1,1.0
1.5303458122901814,1.6270295457932198,1.487862171619162,1.3733283416657498,1.1843640738579349,1.0531803205651902,0.9428973861994376,1.0827939296586724,0.6932143608317746,0.813036481187652,1.152175565512264,1.5,0.5,1.0,0.1,1.0
1.6884509383238284,1.6353953366497762,1.4693200959753063,1.4722859828758137,1.6814711144770305,1.8045830580147904,1.6188599494395848,1.406059582794333,1.4023902264257768,1.5278696320174725,1.556327569211701,1.5,0.5,1.0,0.1,1.0
1.05848155957463,0.8431729403700159,1.1757874534349688,1.0973080296478237,1.3362524289720443,1.4016090489796451,1.394317980562783,1.4425430610768426,1.5883752529304818,1.346165795831222,1.365931178418465,1.5,0.5,1.0,0.1,1.0
1.4375681097899449,1.7238618217204666,2.011495314767741,1.9945971123877284,2.028782265141297,1.9787001873946997,1.986082051527658,1.934118824825385,2.0037683887012463,2.36977404084292,2.2127282988239942,1.5,0.5,1.0,0.1,1.0
1.9142587352558575,1.775028721923733,1.6367700666478844,1.6663778325441183,1.831389791810508,1.8938632129787467,1.6812877167835678,1.8283859004007408,1.9155781328778203,2.086584684209239,2.0440156599584816,1.5,0.5,1.0,0.1,1.0
0.5052111824609937,0.7399482155626399,0.8557828818296798,1.1255393019009985,1.1423090194096266,1.2600249032011606,1.1801999988785556,0.9054139488423438,0.7835781236354575,0.7686462474439097,0.5314321582904549,1.5,0.5,1.0,0.1,1.0
1.4491737858703957,1.2778216542283092,1.3623081986944148,1.1657417976072666,1.1717042121204897,1.4382878715183187,1.477286413373076,1.4620861319793952,1.460183030951185,1.649764892512608,1.4193095975909802,1.5,0.5,1.0,0.1,1.0
1.269388709267372,1.2392216440381578,1.337606249694178,1.5676509072797529,1.551793829132896,1.3888367314574566,1.331217077761458,1.5791975044605615,1.4979536855595177,1.6632417349341893,1.8336459155513831,1.5,0.5,1.0,0.1,1.0
1.416360082826128,1.3974299781494413,1.533625551818852,1.5814923156118497,1.6974829193365828,1.67388627845495,1.7556692365886408,1.7996422843261624,1.448583340502497,1.3933428660139828,1.6133645607753164,1.5,0.5,1.0,0.1,1.0
1.9380795240126487,2.1794334061787937,2.259624045194285,2.492076355133654,2.487887860432234,2.554015995749156,2.5037214382398996,2.605989547621689,2.4424902304575555,2.1613916576098555,2.0209279581678325,1.5,0.5,1.0,0.1,1.0
1.4422952445138442,1.1806104314499817,1.131499394047978,0.9770355479818364,0.7728606209578002,1.0270565499279405,1.419405326472784,1.474700203557536,1.294529175877615,1.3978330586602188,1.4575932622020509,1.5,0.5,1.0,0.1,1.0
1.8870957066038667,1.8581860541409216,2.1173134391696173,2.0912856125973724,2.137275628841126,2.2392785916348026,2.048366581558186,2.140394904329385,2.136408259941161,2.140229291363942,2.023551224275387,1.5,0.5,1.0,0.1,1.0
2.255818871396504,2.2200039068284623,2.267994266920791,2.1103211523822485,1.918189130946277,1.9847773652932696,2.2317704341206235,2.300307045360385,2.1273036873474997,2.3924200829143065,2.21044953337468,1.5,0.5,1.0,0.1,1.0
2.0239661198796473,2.0746140403074844,1.9577124859682504,2.087175827672791,2.3705797617598403,2.173783657059425,2.1940802486072433,2.4300297603956533,2.195364153424477,1.850685053624973,1.7360566809680231,1.5,0.5,1.0,0.1,1.0
1.9338821061099292,1.7985149980855075,1.6009489866910334,1.739780109091318,1.8341359348227069,1.987758773114476,1.837385801189112,1.748568474501832,1.888234585078242,2.030579243196323,1.9031968087759543,1.5,0.5,1.0,0.1,1.0
1.1817047523138002,1.1833071596867093,1.211405897370088,1.065946047933383,1.0632286984987367,1.1311481901543945,0.8635037208390498,1.018221844531516,1.086421219226319,0.7381865208345073,0.7735526445353205,1.5,0.5,1.0,0.1,1.0
1.9399621482757308,2.0138103058144705,2.031419548666616,2.049262535991282,2.0750982790692443,2.067961687233929,1.870742815925331,2.0076036013062684,2.0697381229941945,1.8252123196225567,1.8964447038245968,1.5,0.5,1.0,0.1,1.0
2.441251022429013,2.469467187529031,2.5979744218242757,2.2870768234500356,2.1662508252506445,1.9186365473927205,1.7580719226919368,1.802483880117604,1.8855479319482424,1.6053246763103255,1.4264097204021498,1.5,0.5,1.0,0.1,1.0
1.2813675497246275,1.1524969677168322,1.151820353844225,1.0091377129477868,0.7267049641802303,1.0021040171638884,0.9512914760158592,1.0760291902663377,1.0585806583060542,1.1283114740797144,1.2097759547651925,1.5,0.5,1.0,0.1,1.0
1.4241738217889697,1.3189415745352528,1.4082603628825283,1.5004453208491773,1.3498775900647089,1.2139706066688143,1.3300595268688415,1.5602384968845542,1.5946285076398743,1.7266533716007926,1.6418388859592437,1.5,0.5,1.0,0.1,1.0
1.5976902011949703,1.3591930620557746,1.3434014576033375,1.3518178164811154,1.1334037855470966,1.2866980464874014,1.3277610219360685,1.245295334317508,1.2443746508720332,1.301715439249379,1.6980104110687726,1.5,0.5,1.0,0.1,1.0
0.8902639341973737,1.0794796934159605,0.8115322145326034,1.070774510605922,1.141150599561359,1.3561221519675912,1.360596694025589,1.212323422815299,1.251211646561864,1.158128197471992,1.368482548742158,1.5,0.5,1.0,0.1,1.0
1.0449630325555783,1.3163785120111595,1.2371166605533672,1.5147541419866064,1.6422640836594629,1.6950175449464695,1.6036387653878306,1.5350699809304778,1.4890244242966046,1.3720701352990987,1.3062258955359094,1.5,0.5,1.0,0.1,1.0
1.0646174329987,1.1500903027426983,1.16587657113942,1.5490311568209203,1.5444021633225686,1.5018006953264174,1.4340919659316935,1.54235327219829,1.4815033646130429,1.6336263875984307,1.5133069624787026,1.5,0.5,1.0,0.1,1.0
1.3002998589781671,1.4045554068347563,1.4337112516144046,1.495113450804004,1.66241121501272,1.572870862497784,1.557503281445424,1.830313803462023,1.9982319633213168,1.912819069141676,1.3959213627212832,1.5,0.5,1.0,0.1,1.0
1.2099311619155404,1.0473026218194528,1.3126020498711697,1.3639941194178833,1.4244230212871851,1.7283135858717,1.9962575850454496,1.864526691617504,1.8989999743169816,1.8722231430878176,2.0899949342027506,1.5,0.5,1.0,0.1,1.0
0.9471491498829482,1.0854720204915729,1.3458783847965785,1.2312402385277292,1.5403995668587092,1.7246508105985952,1.8150572757050436,1.8468264212434469,2.1679308874421483,2.2746458675578833,2.0603596424246544,1.5,0.5,1.0,0.1,1.0
1.060412372022766,1.03148114489334,1.2265486121775673,1.4043259438263576,1.7232817817876582,1.8693290773129747,1.7272895469264586,1.6962003352058266,1.810097276045047,1.6591072413048191,1.671112325537628,1.5,0.5,1.0,0.1,1.0
1.8900832767966895,1.8031443469985609,1.7662206339731594,1.908862098776668,1.7189820994268987,1.7174628936912737,1.783603326698888,1.4391997771339886,1.4351273005074994,1.4632792527539842,1.293773676754164,1.5,0.5,1.0,0.1,1.0
1.679105589007722,1.4991330083073875,1.243328149084232,1.1650024150712646,1.3153157480693087,1.3326745396608084,1.5340892147523244,1.30621725309351,1.4991084367685727,1.5174235456464282,1.413966324491018,1.5,0.5,1.0,0.1,1.0
1.8174550197773656,1.7965211066341682,1.9763691671648893,2.0583031211947205,1.849075403596914,1.9330275862421389,2.309294677134252,2.0742841903901987,1.821688646479805,1.8885270364887112,2.167261353477569,1.5,0.5,1.0,0.1,1.0
2.0689145992322837,2.1258880943106218,2.165913317290482,2.1892132899221437,1.976937428405393,1.7715438928597351,1.6977912319042403,1.629738219196628,1.7183071180912477,1.3771618199506284,1.299407982501371,1.5,0.5,1.0,0.1,1.0
1.3898878242060793,1.5884245556500984,1.1760558383025672,1.0568413694862842,0.8305784619595986,0.7965343522903742,0.7945343623170413,1.0281664152353631,1.101632402934267,1.0738006592787293,1.2203632854480786,1.5,0.5,1.0,0.1,1.0
0.97524196300733,0.6057582857080028,0.7449643155237364,0.9368725374286068,1.377296342260618,1.6114372408444353,1.5637409028825482,1.4516858923628455,1.5643183454231715,1.4778990730680153,1.569669194656682,1.5,0.5,1.0,0.1,1.0
1.457816506538864,1.214006914514591,1.0436929181059131,0.9522512403557596,1.0198950810221283,1.124646041509335,1.38608888461395,1.22778044677177,1.173331289328312,0.8706485199030936,1.222307691213988,1.5,0.5,1.0,0.1,1.0
1.4599722718407238,1.2579431108855823,1.1933482720423711,1.0154245376337945,1.0363554139865714,0.9533567553403683,0.974997026936498,1.2340697183963756,1.326669206246319,1.2315802586470557,1.3710375742726364,1.5,0.5,1.0,0.1,1.0
1.3398965502635252,1.206889423438724,1.229907327825634,1.413209155109413,1.3430377822419737,1.2481836407740308,1.1336034764117082,1.376542234007527,1.409183128872893,1.5794540882483483,1.650881154899419,1.5,0.5,1.0,0.1,1.0
2.0551774102584695,2.2057881157009778,2.184286805087701,1.8519134097144507,2.0483066195397193,2.01669370863232,1.8429700727263223,1.8345840102415545,1.6327394073386603,1.6542212562815948,1.5708787951942202,1.5,0.5,1.0,0.1,1.0
1.3908648477987977,1.2675244452581198,1.1972349561097253,1.2809171144851708,1.6974578974670558,1.6607112382648612,1.447146912605605,1.3617210488398717,1.3283879998225796,1.4711079428935343,1.6443793626292644,1.5,0.5,1.0,0.1,1.0
1.280794237213304,1.16822378845076,1.2462445639930684,1.262442953020649,1.4744299467958444,1.4938659790049365,1.7238119844329995,1.9327411687030944,1.742968882514139,1.8845367010454217,1.7841019518308536,1.5,0.5,1.0,0.1,1.0
1.239193769525093,1.4448474591509064,1.4099345929138205,1.495385626711911,1.6173138751266072,1.488716530793874,1.2365223419839917,1.094379171271627,1.0949206832360256,1.4875775393088757,1.6249186144425345,1.5,0.5,1.0,0.1,1.0
1.169086764188381,1.1752205724680271,1.1057521101723486,1.5231922622150182,1.6953927087184295,1.923794643240288,1.698635805478484,1.7194305438442163,1.713232865458515,1.6638874340963703,1.6355201011974403,1.5,0.5,1.0,0.1,1.0
1.503204403982651,1.4559422322701,1.7277108086907953,1.8266217204166275,2.0937234171729937,2.0329376012612816,1.8283704336955104,1.9723103376554016,1.7779270596923784,1.6743430161494255,1.6218775725846415,1.5,0.5,1.0,0.1,1.0
1.0365420292218197,1.069331346454259,1.142664997655498,1.1483594464750817,1.107193862483744,1.1005616946315948,1.3007253482683865,1.2758269746367796,1.0566267062478103,0.9773684353226084,1.0540280946105067,1.5,0.5,1.0,0.1,1.0
1.2401631666332886,1.1259438739125027,1.510822002878072,1.4232509408186256,1.7900051737017542,1.828841209403027,1.897304155465961,1.63054779959291,1.7237235682880117,1.8091530064573669,1.549747454808087,1.5,0.5,1.0,0.1,1.0
1.7895150002522249,1.9118891198808723,1.8679987052959,1.8301718909336429,1.932432503980072,1.8704682327799265,1.8987758936693069,1.760507139466911,1.7200385065557942,1.5539374511268402,1.5473944096818817,1.5,0.5,1.0,0.1,1.0
1.5462686382419493,1.5461703118793757,1.3504726459453211,1.2081569360621902,1.0338805317415645,0.833325255143257,0.9959818394901242,0.8960449231405132,0.8807547225944641,1.023792779704558,1.1337329244105276,1.5,0.5,1.0,0.1,1.0
1.1496148881645691,1.0059698559285202,1.0023696423581847,0.9218698784191722,1.1636658936917783,1.1972727695101213,1.3519262278980553,1.4794195089379178,1.1630690719217407,1.3109301930307948,1.20985560931573,1.5,0.5,1.0,0.1,1.0
2.219698021798962,2.1807456802113196,2.251673851564691,2.0827766837768,2.0193100781724476,2.070762314141578,1.7814383410510946,1.7616882455208198,1.8327808043915448,1.6487656518172946,1.5199435479103198,1.5,0.5,1.0,0.1,1.0
1.1518968979455175,1.2734692797805605,1.3903803509444013,1.416727245969717,1.5057975004082862,1.2837967052884394,1.3423311630460255,1.2304417271612855,1.1631865503632974,1.2647531484592291,1.4225185369830808,1.5,0.5,1.0,0.1,1.0
1.6085675912570103,1.5708816739623406,1.2791209286207403,1.249074459727012,1.407564443779733,1.4014810880210868,1.3807643951907724,1.455348836232298,1.4958307108139537,1.4769150802513409,1.712807655313696,1.5,0.5,1.0,0.1,1.0
1.538345343903737,1.5416766392240795,1.5021614281350038,1.4754155638229929,1.4984015207848336,1.796118307774598,2.080909300259941,2.118012091788532,2.131862586685201,2.19080390555123,2.004929915573776,1.5,0.5,1.0,0.1,1.0
1.8412799697257471,1.457792309629448,1.3592010843888165,1.2623529667872446,1.16049451400629,1.1610114294839151,1.0318803129665046,1.1103001758051572,0.8373556871345038,0.9230700230371742,1.117335442482827,1.5,0.5,1.0,0.1,1.0
1.9295359301709036,2.048210288310228,2.2247851476852327,2.2306164736550973,2.214770576706015,2.059963991174675,1.9656198967795704,2.036439869560404,1.8732130085151693,2.0805144080785234,2.1573978466320956,1.5,0.5,1.0,0.1,1.0
1.969906939161539,1.942178513661394,1.8572046996537743,1.9180872309423933,2.013846661370051,1.78972332813428,1.8661667177521777,1.7484306223391204,1.4016825787181597,1.3035463658025417,1.473115751636364,1.5,0.5,1.0,0.1,1.0
1.7683324442997288,2.0060314864402597,1.778929507826147,1.70119341499094,1.5760673262916671,1.6139150677633565,1.4989950341151363,1.502060397577346,1.2535638518972037,1.1325215150116763,0.8875063403231387,1.5,0.5,1.0,0.1,1.0
1.3938187033777056,1.5526265800970636,1.4891157205853585,1.4817697769544034,1.3566067989328765,1.2150968014758203,1.2020840083166853,0.9830677715103588,1.045968876726704,1.1180176236477155,1.2859004949545751,1.5,0.5,1.0,0.1,1.0
1.6805597300495527,1.3447082034146576,1.4340582414797212,1.177948562603911,1.0874552400355897,0.9909862173796186,0.8215848998612862,0.7486273514259929,0.8498298711510001,0.8191095431088493,0.9727549874362336,1.5,0.5,1.0,0.1,1.0
1.1370011615254163,1.3371962083669229,1.413181249458614,1.325260801840762,1.0056950281690296,0.8242277959876951,0.855567259146887,1.0979615254408974,1.1093780801516635,1.2197340422661704,1.4633202094629485,1.5,0.5,1.0,0.1,1.0
2.02968159178546,2.1523710501175444,2.0471579222084415,1.741092273570896,1.736961298991575,1.9446092656583327,1.941611048034121,2.1849417285103248,2.3040649011139847,2.063349475389761,1.816434712298324,1.5,0.5,1.0,0.1,1.0
1.420831949928881,1.4509910744421068,1.3093413621959469,1.3744548133435537,1.5738037819105823,1.6130448108703035,1.977119404887328,2.052398873384493,2.042279821595784,2.113203821332166,2.0891151662677543,1.5,0.5,1.0,0.1,1.0
1.8180474633048551,1.979022399456167,2.2850190078276498,2.206270590770722,2.124657181323194,2.1549037978135193,2.4723878411138256,2.287887011503686,2.225571876586362,2.0957470386119197,2.3410245663865923,1.5,0.5,1.0,0.1,1.0
2.5354058948946494,2.6615777341591116,2.548902382170249,2.437556382263032,1.931707996917004,1.871008567048071,1.916893568373007,1.8626053281767856,1.9224193643699412,1.6971317939672297,1.7918593784776946,1.5,0.5,1.0,0.1,1.0
1.3317384973935529,1.2167285651499995,1.1024525883200922,1.131088266425328,1.5051653659271262,1.4552658708479165,1.7254576531376464,1.78980836342042,1.817905509103888,1.672895550832521,1.674834724548981,1.5,0.5,1.0,0.1,1.0
1.692995430361227,1.443883863034281,1.4833673004025516,1.5550634910195296,1.2311653121785089,1.292553087843069,1.1946700618282469,1.1388552866433823,1.1851163958772433,1.1984860035366685,1.15808254651082,1.5,0.5,1.0,0.1,1.0
1.4125045841700528,1.5547608431062483,1.6022260531916857,1.6917895311553377,1.6162218905800931,1.5759532627557584,1.340710381402118,1.1516723490292031,1.2578526387699176,1.318575328651154,1.3027936436100855,1.5,0.5,1.0,0.1,1.0
1.4304953464884818,1.5090311855703429,1.6436233795596242,1.5740813909272695,1.5686548130825562,1.738904839714298,1.788698079351473,1.8025773499969144,1.7282430782798928,1.8090765676346616,1.895901769493656,1.5,0.5,1.0,0.1,1.0
1.4132503440450042,1.169664764246045,1.37288637145893,1.1905681505961907,1.7093979807390909,1.5135207803501998,1.693062043454607,1.6412451371829004,1.80949459695588,1.713106376087884,1.9264294139891411,1.5,0.5,1.0,0.1,1.0
1.2314517884560845,1.470582377837659,1.329943313356173,1.4777745127602984,1.5865440523361027,1.749079443911667,1.8920458913298477,1.838308717172055,2.1278783077068857,1.7666525633220875,1.408779886116192,1.5,0.5,1.0,0.1,1.0
1.7666790997331745,1.5451797320270586,1.3038150288806198,1.4135446333417223,1.5646581298192994,1.3128229164969292,1.3121857459241093,1.2265915651469668,1.280152596037923,1.2617460004544316,1.4873522746150316,1.5,0.5,1.0,0.1,1.0
1.9181396460775804,1.8018082298336384,2.0055166105580255,2.0234571128663728,1.944623795816034,1.9181798096917664,1.946151638419032,2.101987904670483,1.7295790599552556,1.8897148166835271,2.067001781086151,1.5,0.5,1.0,0.1,1.0
1.7787861197278734,1.5059699740349255,1.5821784482760315,1.300792278521778,1.2403163074362622,1.6007044501426706,1.852847061800503,1.820461852911976,1.680206197918846,1.7692448520873618,1.2682693617078784,1.5,0.5,1.0,0.1,1.0
1.253751340554094,1.287595770792905,1.4979659207853115,1.7166719907640846,1.9284054791628655,1.859546266384317,1.9431902640037964,1.9338627249346516,1.8169455610084184,1.569770674327447,1.665526979239939,1.5,0.5,1.0,0.1,1.0
1.3294835754758665,1.745394963776115,1.5702337774605335,1.7359278353541143,1.761113284698764,1.863161134853844,1.922555738919532,1.9166472204745697,1.86813556104307,1.9533052690378787,2.350849937698253,1.5,0.5,1.0,0.1,1.0
0.935234003366632,1.068550760530974,1.197934442071085,1.104255894334524,1.316804472335228,1.3956576321183147,1.5296795804118806,1.5851086587197103,1.9152394445112977,1.9044201170804216,1.9525559016264369,1.5,0.5,1.0,0.1,1.0
1.4622885823451068,1.5698323748890035,1.4237222528042648,1.367706386513169,1.454122051534226,1.1940045327462334,1.0752517686094885,1.45349676555908,1.5061306396769858,1.3853274342665551,1.44141013094541,1.5,0.5,1.0,0.1,1.0
1.0750580533237295,1.116473142040345,1.09024823959296,0.963418021505735,1.2173997294261245,1.354013462005326,1.3249884419952156,1.3207414232538637,1.3269401525053466,1.0493613910381607,1.2108511142973073,1.5,0.5,1.0,0.1,1.0
0.8145721766090008,0.8245544461929204,0.8738872045522463,0.947027840715791,0.9371694080358202,1.0568158478909409,1.1119178240251162,1.3686899419303615,1.427572763032315,1.3681631135010903,1.409430241005896,1.5,0.5,1.0,0.1,1.0
1.6858276259161258,1.4866410172914684,1.3997106740577618,1.9211394953714735,1.9095252668823188,1.6561212155297438,1.521555545710311,1.520046265416808,1.1609742340822466,1.3811441396015904,1.5068632042345131,1.5,0.5,1.0,0.1,1.0
1.8943279889170936,1.7222165356288346,1.6177383911547254,1.691555697136487,1.6819502597731095,1.4068826466524935,1.1360020728453022,1.2021221692373538,1.2023654121926897,1.4824024516910046,1.575156635392292,1.5,0.5,1.0,0.1,1.0
1.143285222311813,1.4911253440214962,1.661549654201077,1.4284341014306217,1.4664601714507688,1.3435977815390518,1.349970191745723,1.0255699098009556,1.2730045871940896,1.1668758162468105,1.2123153613138076,1.5,0.5,1.0,0.1,1.0
1.9762821018023984,1.9891795924841644,1.8405670243193144,1.9277510133909723,1.8478928528426035,1.6633383521781009,1.83596363176351,2.020516077678191,1.5739059055671538,1.5370233414122154,1.4850107508289483,1.5,0.5,1.0,0.1,1.0
1.347952272668965,1.428844552102018,1.4983934789313305,1.5025163743444685,1.5359600106973106,1.3339758153276062,1.2449218938067603,1.2802071943390232,1.1815875590320766,1.2472136093813313,1.4595180429234187,1.5,0.5,1.0,0.1,1.0
1.8034032053991749,1.8273666165844384,1.8049072696062385,1.6858412314635487,1.4449987991819977,1.567011728580794,1.5266182838308446,1.5307249483416656,1.4356676251480724,1.374856395120075,1.6154419237223194,1.5,0.5,1.0,0.1,1.0
1.8789551151099635,1.9606086061406585,1.97133978149634,1.935163240698172,1.960170252065132,2.126711171174766,1.8277870025649845,2.1175460068876633,1.893247083960966,1.6425826013105975,1.7216347323220578,1.5,0.5,1.0,0.1,1.0
1.4865723190131783,1.4611453028964765,1.5774254612467309,1.6852733318408109,1.507994314912325,1.2651629540030829,1.460679255624993,1.4611904396897688,1.8578466518108152,1.832610469517655,1.6599794442700633,1.5,0.5,1.0,0.1,1.0
1.0442145150780715,1.112011931885965,1.1577958508227089,1.175763571864266,1.1419365795169114,1.3561680457111067,1.6683361245411588,1.6400909649548012,1.5111784186115689,1.330151231317917,1.3839292227283306,1.5,0.5,1.0,0.1,1.0
1.470959634556716,1.6898521228170762,1.7827373742511483,1.6994897925001375,1.5076985776329463,1.7054484884958874,1.2082798101192886,1.1456668297149764,1.0461490356569776,1.083291346601747,1.0299453446368698,1.5,0.5,1.0,0.1,1.0
1.047236741153911,1.040074098493443,1.0180759749350965,0.8407008549301468,0.8323471185460198,0.8825101095784825,0.9129053503341722,1.037426386793692,1.0572100454151887,0.9350105095171752,0.6806775704531736,1.5,0.5,1.0,0.1,1.0
1.3352508070171891,1.196126767045518,1.1475702457762271,1.4532369193333017,1.3111699415037852,1.2503352207934488,1.099602794371863,0.9967800622306346,0.8853185229639239,0.9402877905401203,0.9393227367230612,1.5,0.5,1.0,0.1,1.0
1.459185922880172,1.2332387256689747,1.2936063301596028,1.5663293153374678,1.5055720424703798,1.429157182632728,1.2016630866805869,1.5164186434850406,1.6942405303265116,1.422883038085352,1.25115817710625,1.5,0.5,1.0,0.1,1.0
1.8670324724142973,1.7642799076371063,1.5957316627620746,1.6724195401692206,1.7523030040928211,1.6727744030703404,1.710859869591012,1.5817928023287728,1.515471184193932,1.7205794019088905,1.4265788612480024,1.5,0.5,1.0,0.1,1.0
0.999593438161722,1.0457154180240842,0.9776610549647176,0.9354268204906614,0.9501515292392502,1.029986705714394,0.8416616012198161,0.7261971003392778,0.7738761680468746,0.6427807389773412,0.8300768943844369,1.5,0.5,1.0,0.1,1.0
1.574365346182621,1.5449317387733772,1.5253470677368746,1.2959743613398362,1.255903978003207,1.39878942115711,1.3786168092690063,1.1477155272166608,1.064928368679542,1.0910523494302042,1.1742189795432507,1.5,0.5,1.0,0.1,1.0
1.5308879302909115,1.4078030646552406,1.503868434742653,1.362560049043024,1.3179405930127177,1.4756901103615303,1.5595166616363911,1.3423252701871449,1.3996511898000978,1.840480486391504,1.7808696526923824,1.5,0.5,1.0,0.1,1.0
1.9263837837387348,1.7119563224478715,1.6138405840873278,1.627614531533697,1.5327785181084366,1.700739113300183,1.5933713695347038,1.3939842076503044,1.5736147988309608,1.65278945235871,1.7241057655058476,1.5,0.5,1.0,0.1,1.0
1.4549783005358463,1.4574949972759368,1.4619800026663468,1.282442330270664,1.319036042043865,1.2965292011770286,1.5478164027178962,1.3469361378956026,1.0794901288771404,1.1318007140891944,1.2942278332082109,1.5,0.5,1.0,0.1,1.0
1.7022641003753791,1.6312617680015096,1.578955326364056,1.3212714442730635,1.6555937693599223,1.7964084753911325,1.780906563031203,1.79110073054852,1.9863973244503812,1.9765296792599916,1.966030991434476,1.5,0.5,1.0,0.1,1.0
1.466662302243265,1.3304595468039837,1.2049864002484385,1.3907197979468768,1.3417393974586478,1.1912646398314852,1.3801985197001905,1.1299908773021494,1.0728915467054472,1.1084633851688843,1.170620782653063,1.5,0.5,1.0,0.1,1.0
1.4666245023104951,1.461032031177125,1.4878594611891975,1.5963984737378192,1.3987730948461166,1.3604733194151324,1.084873900159142,1.1617688067773022,1.3091714637762593,1.028094406772585,1.0211826715598251,1.5,0.5,1.0,0.1,1.0
1.209828736761879,1.1954593618082174,1.1910220440644532,1.1751147144134602,1.192643545107826,1.3067413661118463,1.3247474771459056,1.2812220954492572,1.229210158878271,1.5043272563054098,1.3738782546587958,1.5,0.5,1.0,0.1,1.0
1.1222998251037513,1.0079248076486722,0.875582117635571,0.8862789443997745,0.822231828236305,1.15436081990559,1.039679631229285,1.3229898730079608,1.0007085615489353,0.741703964804783,0.90597156702578,1.5,0.5,1.0,0.1,1.0
1.6935370752920849,1.8416739208786908,1.8093514542931712,1.9122865772484747,1.904209418447754,1.734026415623206,1.5696483438477238,1.3303118897980184,1.2967668054516472,1.1956469290486025,1.5137258254836483,1.5,0.5,1.0,0.1,1.0
1.5143891179093758,1.41760089065667,1.4401124906135203,1.4293786965293112,1.370533065054626,1.295824796103327,1.374312513474487,1.3312008287387875,1.434251344220336,1.5389045299387756,1.679757782007412,1.5,0.5,1.0,0.1,1.0
0.888559002367996,1.0209954175101497,1.177399917065909,1.1465141831734635,1.1477664704430697,1.115207943842222,1.2424624840822047,1.2589940795101655,1.1688801710731216,1.2766770143912094,1.348387917020986,1.5,0.5,1.0,0.1,1.0
0.7812311360116329,1.0093121151128153,1.188525793766076,1.3958458620431895,1.2362787621970328,0.9072074938520164,0.908622345269609,0.8222008900895332,0.820186986754393,0.8589530035471263,0.8141148482012264,1.5,0.5,1.0,0.1,1.0
1.4623342765397482,1.565097897383937,1.4578182699661475,1.2361470626769289,1.2577864895714714,1.533675893520435,1.2397116169746374,1.0630911996111476,1.0686482794171095,1.0847301193221437,1.2979665880872382,1.5,0.5,1.0,0.1,1.0
2.2163131086919665,2.204834027957514,1.9943243047726276,1.814984464784675,2.083887675333615,2.1160183381737454,2.056574618603656,2.2775653577661856,1.967837346521814,1.8445268478657195,1.8851986599575816,1.5,0.5,1.0,0.1,1.0
1.9548784103969603,2.0285962740195744,2.047267123709907,1.792455085884905,1.702271754427875,1.7383902198216707,1.444702168170835,1.247132875507225,1.1721860539145272,1.3516847040681854,1.4803483967782207,1.5,0.5,1.0,0.1,1.0
1.4200114428207753,1.495785211395166,1.4306156985091183,1.4083559089245854,1.7550569499832398,1.9722560596765903,1.8692873452164671,1.9121930556718905,1.7556259292519156,1.5447127705830743,1.670739626361993,1.5,0.5,1.0,0.1,1.0
1.4614263933601883,1.638869742337372,1.7521022622773934,1.7491450714079455,1.301882829217459,1.305750197224198,1.3470442299040908,1.1528110343041071,1.4825107698596884,1.7160962352051727,1.783078367429637,1.5,0.5,1.0,0.1,1.0
1.9522211141922232,1.757571975426051,1.6480023646448034,1.711003683017799,1.5431865894484071,1.6211425223835032,1.6694092127245688,1.7364059400488787,1.522178626885505,1.350123797252948,1.228047064674694,1.5,0.5,1.0,0.1,1.0
1.6588145801724627,1.4885094349428818,1.4804766033779853,1.609277745726995,1.2204313666584097,1.2864168574589956,1.3324238089718508,1.1597705224922252,1.0396940919498665,1.29474933095819,1.203539508793679,1.5,0.5,1.0,0.1,1.0
1.367129298723539,1.6209140861567384,1.6909245848108343,1.7422386968786812,1.7108574021483045,1.5397464680666904,1.4830075264299225,1.7063371247816697,1.6851373262202358,1.433117800408748,1.3340871759682458,1.5,0.5,1.0,0.1,1.0
1.4221061424126842,1.366951055915562,1.7859599989357178,2.0540547551106534,1.95541819752202,1.931366287744927,1.89574573906183,1.9337508270669552,1.89735888733903,1.89935768268336,1.819319166163794,1.5,0.5,1.0,0.1,1.0
1.9147220699384175,1.974428550005,1.769554992383679,1.8866814512048835,1.9477462774102965,1.8811603203658285,1.5418556552036498,1.447598249670096,1.342008094031401,1.4487038980199838,1.2527334414995954,1.5,0.5,1.0,0.1,1.0
1.4156404899787811,1.39977963774451,1.35124454633738,1.624328779662347,1.2446272104555085,1.2089586512176798,1.3425319745629969,1.3984350757063484,1.3788620172587516,1.2761625107299956,1.280614294989065,1.5,0.5,1.0,0.1,1.0
2.045526729115106,2.2157096879172453,1.956345044801291,1.627002760411065,1.623457343027843,1.823347080705796,1.567711244471717,1.787232304030325,1.9265683117922203,1.9759259618693208,1.936085049656287,1.5,0.5,1.0,0.1,1.0
1.631799323361382,1.1233414832968187,1.4200937882894014,1.4202674069213688,1.511745291309187,1.2471685647205764,0.940115487883766,0.8042368954077922,1.1036303013523856,1.480474683911802,1.4277363722484109,1.5,0.5,1.0,0.1,1.0
0.8822746919293819,0.9516467043852146,1.1218232104281614,1.3124873035279658,1.5692956869621513,1.6092221688008443,1.4084390379959637,1.638252700733587,1.727484321292678,1.9809445966217183,1.8601039712882088,1.5,0.5,1.0,0.1,1.0
1.817357112139702,1.7813207891384983,1.599914461983412,1.7276643416187705,1.6155424996237042,1.4840258681641705,1.5788842441425657,1.7682386840699356,1.609572289996638,1.5179853768486111,1.6166458036094324,1.5,0.5,1.0,0.1,1.0
1.1372365413434182,1.550690601858192,1.6560753081606563,1.680009798880572,1.5389010772031464,1.477078934126099,1.453055290977217,1.3546353588737,1.2939759493753162,1.439855175053339,1.4384364259050908,1.5,0.5,1.0,0.1,1.0
1.3310309184845133,1.273815056224587,1.0866463513475757,0.8199671446039238,0.8958149285277879,0.7762145386967085,0.8847084103412672,1.2015517813999692,1.512141395430454,1.5526137567303635,1.5217849479754637,1.5,0.5,1.0,0.1,1.0
1.7811906819972947,1.9896514024350784,2.216899664469693,2.196318730172109,2.2768776046568777,2.0463934846687395,2.009160619657037,1.7146136223523196,1.5463559559886322,1.6293349332855356,1.4199488031311545,1.5,0.5,1.0,0.1,1.0
1.0179367091612133,1.264041480425418,0.9967057141569104,1.0586681837348453,0.9822707224702232,1.1287709092644695,1.5715027405606583,1.4653713500410457,1.1080555259531983,1.0959201254642403,1.3080238961271475,1.5,0.5,1.0,0.1,1.0
1.5375703073634348,1.3271051263739144,1.277019988246033,1.2851309832366256,1.2289330621788233,1.1104138972529918,1.157358597328613,1.2861279312690002,1.216397050563247,1.3609153091953534,1.469341558388459,1.5,0.5,1.0,0.1,1.0
1.4052330764379006,1.4688061958223313,1.5303439413046624,1.555930123438034,1.5133196835281773,1.9398169671848584,2.016387806170943,2.0440487240987686,1.7997494542336885,1.8081177592432511,1.8663339837809032,1.5,0.5,1.0,0.1,1.0
1.2461787747076625,1.4126419250010949,1.6376907348151075,1.7883893188527618,1.7412585495710806,1.811964279799015,1.8981960130410755,1.8240363028587057,1.7543655311172983,1.8184447810406617,1.9209994337385143,1.5,0.5,1.0,0.1,1.0
1.5407336531450202,1.648962986293536,1.5364056409996671,1.6915370542425647,1.3760212486516317,1.4773607054113629,1.524872232912071,1.7543464466059353,2.020980055719335,2.2626303835693697,2.0130031670797677,1.5,0.5,1.0,0.1,1.0
1.548211913907172,1.531096901770948,1.4539798701928135,1.468213949632273,1.7829500086714802,1.7780396340054572,1.8791566807054592,1.6129480201319146,1.695854938108073,1.7558041637116808,1.5499625031202922,1.5,0.5,1.0,0.1,1.0
1.9240111910102955,1.8665894805792167,1.557849554764112,1.815431161109552,1.8194080326845508,1.887816072331629,1.940352048490179,2.0180122366127615,2.228011115594021,2.0970290004907204,2.3282781766465956,1.5,0.5,1.0,0.1,1.0
1.3443033970146503,1.136937663619611,0.9846533021565256,1.0311967762840797,1.222185697179883,1.3478804896713288,1.321784865662791,1.4100025609891798,1.5244645789558964,1.8837812898598325,1.7649282164249491,1.5,0.5,1.0,0.1,1.0
1.8984158511507376,1.7827164261684885,1.717684041628136,1.8158210477774792,1.6107995494330924,1.695854578213915,1.4393685338509912,1.3347710791842131,1.4537191610111204,1.5511872687669526,1.6821375612852227,1.5,0.5,1.0,0.1,1.0
1.7489583473867505,1.8247613052218032,1.9504188727439344,1.6177911831565197,1.5768474928966387,1.296695186301135,1.3418595252941257,1.3730776060277736,1.4979985735467491,1.1894443788171296,1.0405466424154377,1.5,0.5,1.0,0.1,1.0
1.7274655275490964,1.9083751757949703,2.0850668042190343,1.9195271083627403,1.9194758906262308,1.6903457404470354,1.6770371207381247,1.748870597185856,1.7069570658277795,1.5894740917899786,1.455889041568703,1.5,0.5,1.0,0.1,1.0
1.2499892656881737,1.392159636604315,1.5316964719281725,1.53705203858094,1.1778375586683825,1.2288822740195042,1.2138353952207328,1.2633448960581164,1.3120478887477542,1.3546714629551506,1.4594401273533388,1.5,0.5,1.0,0.1,1.0
1.6013177669511778,1.5863726527423827,1.8132910400280051,1.865935007712474,2.1752970109272316,1.8583664964648148,1.7191471272249548,1.5115387837764698,1.7121547974595663,1.586474421650698,1.6256999432284676,1.5,0.5,1.0,0.1,1.0
1.2421359599462345,1.2529650584523708,0.9784359277703324,1.0833387752467816,1.0141952674607213,0.9484467360974592,0.9342103704625958,1.0403907465861155,1.0938094292027858,0.9511297982014382,1.2352903280607923,1.5,0.5,1.0,0.1,1.0
1.463594779138759,1.351885451028267,1.4178800912841854,1.616461198703354,2.063725073856805,1.783413783596887,1.7588656742946525,1.7271175932278682,1.4031487381969472,1.2454076199879511,1.3658473534271454,1.5,0.5,1.0,0.1,1.0
1.8799035553680057,1.9864782948530095,1.9269347985561356,1.8089080879643755,1.770077335815672,1.4981983206623923,1.388159439106852,1.3790781660221176,1.442699605772501,1.400990972074902,1.3903104771776842,1.5,0.5,1.0,0.1,1.0
1.983782704378315,2.0239759298148887,1.6745863303178423,1.763613943617826,1.6235796860377936,1.681796448870742,1.6118454260349335,1.8056085004152111,1.7264099646938766,1.568571797911607,1.4023415014229756,1.5,0.5,1.0,0.1,1.0
1.910136302596656,1.7734424837779217,1.7737967785921651,1.6652584107723205,1.6896585478029051,1.76813651656003,1.8382849395500505,1.803596128178972,1.6878093121892217,1.7424691665608458,1.7526213227735787,1.5,0.5,1.0,0.1,1.0
0.8952544802509181,1.1002137040853377,1.0628751527513092,1.2401586879601192,1.2803747521679476,1.1255627567448554,1.4595887240502396,1.7505372034271725,1.9307875137914885,1.891216522701516,2.0069206734017584,1.5,0.5,1.0,0.1,1.0
1.264961769001797,1.438168427722426,1.6112590589855549,1.5414488499930088,1.5074006644149696,1.555085735110408,1.6762100389153514,1.6594764664553148,1.643165586494789,1.75909826597328,1.7082847602253726,1.5,0.5,1.0,0.1,1.0
1.1086636265751133,1.2186739689417403,1.097982729432195,1.0997893732002093,1.2187707032753492,1.1321454012576169,1.313297747627425,1.2912141837970683,1.1096180108826474,0.8950477906350216,1.044623572998438,1.5,0.5,1.0,0.1,1.0
1.4140078739413706,1.1408571542696118,1.1427290868086757,1.306458698615445,1.3767129142816388,1.3375240702144662,1.4672695133772289,1.4420827553740698,1.1424456291292353,1.1196257543316646,1.1395469361875703,1.5,0.5,1.0,0.1,1.0
1.307139131145978,1.0672206734920962,1.1634320426283815,1.4330220018439603,1.3775319699193924,1.4098569889610335,1.0794652221749648,1.1252601702060694,1.1618365637433867,1.2334142080059576,1.5366630299726654,1.5,0.5,1.0,0.1,1.0
1.567644525391986,1.5912336945900227,1.4671337097482666,1.3382029684459078,1.5080622356839075,1.336477549358006,1.3994028233564624,1.2771182002164865,1.101643034677625,1.323103834084162,1.2289758210866373,1.5,0.5,1.0,0.1,1.0
1.6741841617717153,1.721003521040123,1.7582332828060538,2.042129502172205,1.7599722038612562,1.7829466822014006,1.6344594898235765,1.8047685981992736,1.703680491193564,1.6612378997487698,1.4133100737903053,1.5,0.5,1.0,0.1,1.0
1.2866457056915224,1.241251645308666,0.9497107077091538,1.1857843476401295,1.2187236796485577,1.1074774098029143,1.1814333293049286,1.194442176791484,1.397663808813606,1.375395969278253,1.426026598565223,1.5,0.5,1.0,0.1,1.0
1.646963202399155,1.687570804052766,1.479848582143355,1.452533225797666,1.4605224146542015,1.3869986519895845,1.429814509189709,1.7298149620400467,1.8183789634089604,1.8111088980246275,1.8348581116014464,1.5,0.5,1.0,0.1,1.0
1.787881013163619,1.7569244020465764,1.85957528772636,1.878921153578282,2.1510186741413446,2.189642938204144,2.2098347236889606,2.0756902208336165,2.1297208161050767,1.901812765123941,1.835833695012152,1.5,0.5,1.0,0.1,1.0
0.6282613915507682,0.7323706037336295,0.9067063167057224,1.0000388963454037,1.0566338578795529,0.9736937240639552,1.2410747633673098,1.0060999012056593,1.0855064785543806,1.0546948660682822,1.1917785733089812,1.5,0.5,1.0,0.1,1.0
1.010035309986632,1.190104874710533,1.176944724446163,1.1796018903914944,1.2385763177486853,1.0791505159701285,1.1752887369698066,1.197662757668085,1.266959185142867,1.3410740861181705,1.520730193929828,1.5,0.5,1.0,0.1,1.0
0.4732717671710296,0.5722502486678522,0.5936797428995106,0.6615008992963036,0.5968418699915037,0.4080467457590316,0.7519877853947649,0.6442009671644948,0.7882534387229561,0.4981187321004077,0.8768422009863188,1.5,0.5,1.0,0.1,1.0
1.606761235700134,1.4531410892567471,1.2473037460404048,1.4942032992208265,1.620546174227041,1.5152398172152948,1.542460484201132,1.5651981175510157,1.583863098158109,1.5137560939633623,1.4288584679126957,1.5,0.5,1.0,0.1,1.0
2.0520037587417788,1.8675205427195385,1.9814145835310537,1.8102468313586824,1.7397751571972626,1.7241020364876314,1.736567113052948,1.794022737503346,1.9941905586941655,2.259354999693634,2.1333899919332304,1.5,0.5,1.0,0.1,1.0
1.3821504747775804,1.488391950514951,1.5462696138900367,1.65031038620361,1.6137412535713778,1.7033409676077509,1.5555681288934904,1.7849843288488385,1.8865006184334443,1.8669527856692956,1.6992768890895578,1.5,0.5,1.0,0.1,1.0
1.1489307975014933,1.2857531747474813,1.436082584832791,1.46358875455727,1.566540355086648,1.7417656957768954,1.614222710703488,1.7086093669037865,1.3959173567096663,1.5589073461494376,1.5696875415953857,1.5,0.5,1.0,0.1,1.0
1.7922439670980972,1.8511471028905588,1.7391002369966655,1.475931096854216,1.558772884422992,1.8036073432104751,1.6721293268506892,1.5571096386065977,1.4473383514458276,1.4858402321373525,1.17843150468679,1.5,0.5,1.0,0.1,1.0
2.0011948650780824,2.032206238287134,1.644144813885302,1.839242172145739,1.6294723847650507,1.9416501378871611,1.8598296377449264,1.52647988018003,1.640422315710948,1.561954776935745,1.490325112892407,1.5,0.5,1.0,0.1,1.0
2.0862648653114846,2.0351266476246557,2.323113518497176,2.117749002446849,2.1812713424725296,2.1899359031703507,1.9332764260957505,2.0971553681989654,2.1503593696618695,1.811392140569881,1.5655077334717526,1.5,0.5,1.0,0.1,1.0
1.3116692767363147,1.5241785613175929,1.3241850397761543,1.2075639581272255,1.0514818998370297,1.125854461807157,1.2590460292247354,1.1010433341120645,1.1044165954178249,1.137915934136693,1.381297019074745,1.5,0.5,1.0,0.1,1.0
1.7049482402758365,1.5992556205775006,1.5185664623157864,1.4139892469008115,1.2944387807033126,1.3084181792934482,1.1549403568550365,1.058271123253141,1.0408652117306894,0.9609334046001458,1.221794930335989,1.5,0.5,1.0,0.1,1.0
1.6462057480664258,1.7223956622964405,1.6785294669802928,1.7144439764359958,1.3427330556618315,1.3588422877621924,1.2363800485348713,1.3122478046471195,1.580011884823604,1.67912231704773,1.8427898940363063,1.5,0.5,1.0,0.1,1.0
2.012280758511879,1.894885014764636,1.719511403328733,1.5427386875636553,1.6455648986944895,1.6810922287760293,1.7688983435127563,1.9396412353743944,1.8549280956829597,1.6311762655434472,1.5732272343350664,1.5,0.5,1.0,0.1,1.0
1.9058176770526911,1.835195563484676,1.759381021518949,1.7302224521918264,1.7205241474163868,1.7126367374223546,1.6584540709117297,1.594767380347769,1.7206149559311747,1.8678673106997137,1.996358134891947,1.5,0.5,1.0,0.1,1.0
2.0590366868858565,2.2212598883234453,2.2540031324172367,2.2015681795375275,2.0993686769239543,1.980858151673389,1.9015549325566132,1.790019773753844,1.88683277629442,1.7662396111656038,1.6613039183471336,1.5,0.5,1.0,0.1,1.0
1.5569233795780044,1.914657273168621,1.7842087321385556,1.6483542639862816,1.4732575341060228,1.4287211496068335,1.609584959934391,1.5974045098159848,1.4859113664365944,1.4392076743372288,1.537205364202776,1.5,0.5,1.0,0.1,1.0
1.1387597818686823,1.0761534163974695,1.169554391333142,1.2645908002764077,1.292566790298756,1.4835688800937183,1.519736248906835,1.4125994921810967,1.1681470835982637,1.0770100190267604,0.8938314273843999,1.5,0.5,1.0,0.1,1.0
1.2466375485255508,1.4200645023844147,1.3815473925217483,1.368660136056394,1.5506568637663836,1.4175966166973188,1.1755186843117065,1.0611518809011269,1.0751338978574114,1.3531440266868064,1.4116371897900564,1.5,0.5,1.0,0.1,1.0
1.6867691849011994,1.754764147092018,1.7806195064272448,1.8988557096145489,1.9246409503127304,1.80990650713735,1.72475902812409,1.3777794140197126,1.7212908512986371,1.74393039668586,1.5904611176296752,1.5,0.5,1.0,0.1,1.0
1.4381559878401218,1.1046035947328878,0.8322484742331662,0.9342093724762044,0.7759221825418297,0.9003110073815014,0.861916674682454,1.0640692434062484,1.2383819150993098,1.3851852343632958,1.3644613805429788,1.5,0.5,1.0,0.1,1.0
1.608732490597977,1.6641706189248902,1.746528856076546,1.83963524195825,2.109664240004831,1.8638053791441735,1.8330524662203929,1.9658753542277976,1.928087370712287,2.025493920887936,1.8917082622437968,1.5,0.5,1.0,0.1,1.0
1.7702018446113377,1.5097707212206126,1.3279336469302825,1.2501243197231662,1.145040813161757,1.3329982412561356,1.315768373582115,1.1729805561980169,1.4150098775901752,1.5501657185914912,1.6088955873208426,1.5,0.5,1.0,0.1,1.0
1.165264076033376,1.2609922230021615,0.9078700265672464,0.9589137423078046,0.9093984628478566,1.1284346661216471,1.3650703098591797,1.561038461792616,1.374144703095212,0.9631342025285656,1.093884268652738,1.5,0.5,1.0,0.1,1.0
1.965887014950608,2.0297055392675665,1.8121931721001148,1.874034752590112,1.8312625161176583,1.9100555063270264,2.031194111735862,1.8558493870152857,1.8764014844205472,1.6871322825126591,1.2866693919064367,1.5,0.5,1.0,0.1,1.0
1.5503939906125046,1.5746016705408057,1.636118106056982,1.6704076409005528,1.787131181993235,1.7785481582061595,1.4131013296593444,1.678778321210492,1.7026780155591572,1.89203986959745,1.8216987903455577,1.5,0.5,1.0,0.1,1.0
1.5760572886359825,1.502468840023425,1.5497868274220257,1.572483781544728,1.7464687267090055,1.8309549920766048,1.6347399825466649,1.913550454424934,1.94697878674617,2.0026381641422684,2.0959972962526807,1.5,0.5,1.0,0.1,1.0
1.1736688053380018,1.4962463371172152,1.3564205518657122,1.469203866198484,1.5752298687505295,1.3318485553271242,1.1501376048800962,1.4280887156609552,1.4843257640933825,1.4186893806608838,1.5270938028909926,1.5,0.5,1.0,0.1,1.0
2.1843415153965275,1.9350224912859617,1.634772643428734,1.3315752182888172,1.4153666759425516,1.3797142954354045,1.2870605608428047,1.377588278823536,1.510259644626868,1.254778781038147,1.325380878138127,1.5,0.5,1.0,0.1,1.0
1.6710195248150792,1.6356454417380426,1.8677095890850048,1.8101707443093769,1.807887432154996,1.683301947118308,1.464762686730062,1.393435481566448,1.5735236620924864,1.600259335459557,1.680344588323309,1.5,0.5,1.0,0.1,1.0
2.176739394726929,2.0010638407983325,1.905778933133324,1.7268075432000694,1.7556264752622135,1.863097313413288,1.8061009002474604,1.6691401361510678,1.7145444981290552,1.7326292876287686,1.662892991530198,1.5,0.5,1.0,0.1,1.0
1.1476075729565167,0.999949429552786,0.9926003856896022,1.218936766836983,1.3678012528552923,1.3758504825459044,1.4044834369259729,1.4340631909112764,1.3484699612018474,1.516659110200047,1.5141773088784272,1.5,0.5,1.0,0.1,1.0
0.8571316955387698,1.138207659201081,1.1497838213363087,1.1918109795974734,1.3768198378659986,1.5453027069858856,1.4942527904806913,1.4790716644874626,1.4179751512121006,1.3184534915527717,1.5131132577013369,1.5,0.5,1.0,0.1,1.0
1.997798937947197,2.0349223112271893,2.0935557209162132,2.2348600020048575,2.2750536153003225,2.1324229894027193,1.8728056981490575,1.948810957631519,1.7379260783650756,1.548665886051454,1.412446112540768,1.5,0.5,1.0,0.1,1.0
1.8853232847314991,1.9927026254500704,1.8895606307491304,1.7309943515242885,1.900992188113374,1.8019402360634225,1.790525926237221,1.8157609348354824,1.7902218092300095,1.5589653415843212,1.7079355511601344,1.5,0.5,1.0,0.1,1.0
1.2065482451617455,1.1322242867788328,1.5027505658881988,1.6203176930442873,1.564343492956993,1.6228783937009892,1.5617640618562876,1.5774410851166747,1.5316602190807451,1.4540237086526289,1.8824733105164972,1.5,0.5,1.0,0.1,1.0
2.0186185477398975,1.7299422753280218,1.4150948720251937,1.5364273614908373,1.258811593165476,1.38340887411437,1.4131279095679206,1.5172351708777767,1.5549394815337128,1.538886944532726,1.6090965394403969,1.5,0.5,1.0,0.1,1.0
1.9487446865232387,1.987068219012232,1.9694864563850265,2.0664294071272944,2.0051840241543575,2.0059595208276453,1.9211715085545296,1.835334552614447,1.7838519802612811,1.8112207647036576,2.1101126434819086,1.5,0.5,1.0,0.1,1.0
1.3426303357475036,1.321524541623195,1.4092164303901964,1.532217205094599,1.3533731794312938,1.2097980022667902,1.1817577560279546,1.4627227415067865,1.4324092690378318,1.416504557283088,1.7777580558322537,1.5,0.5,1.0,0.1,1.0
1.777539489334801,1.814954157614976,1.7901831178884875,1.6184198120010935,1.6174115503571025,1.637366344198352,1.9989265927970443,2.1315224113230617,2.0226165835578342,1.8335692129147632,1.8690068222442495,1.5,0.5,1.0,0.1,1.0
1.3440958847144593,1.3344852213249412,1.2869881141588757,1.4594487825179472,1.6087962951403585,1.3755702814312074,1.3698113285499616,1.7690493180368885,1.9683492018376525,1.958504761358324,1.7845922991867933,1.5,0.5,1.0,0.1,1.0
2.199484699014401,2.153293663091146,2.360058113576124,2.179807479961426,2.32037775096578,2.3871295856234056,2.2440574146977865,2.317723264863717,2.488644375940061,2.509958042020865,2.3540916987825296,1.5,0.5,1.0,0.1,1.0
1.3755396977067396,1.4720556574942578,1.3706388080876195,1.6167320813000967,1.401710291437415,1.4945405685596294,1.6269135070647218,1.6193957102756358,1.5678973808389502,1.4621326416047606,1.2262877227437012,1.5,0.5,1.0,0.1,1.0
1.2871709571354293,1.0351473294100442,0.8644960510181785,0.6974236323821346,0.9162520350544584,0.8871789937094012,0.809310285414218,1.0644839547902067,1.1834602829201373,1.204175990054622,1.305478256275067,1.5,0.5,1.0,0.1,1.0
1.6086168271807513,1.4154409416227751,1.272864201743186,1.098038472771634,0.9446135256683708,1.0579631508289842,1.035456988468985,1.2117865261862908,1.3612264507500935,1.239369278198187,1.4563809675088435,1.5,0.5,1.0,0.1,1.0
1.7085150974664651,1.9199432939502492,1.9227980168144936,1.9662439297335512,1.8529379293475972,2.0200397331863775,1.7756278909731118,1.6442430089137532,1.2709715704761666,1.0728226639919924,1.3240784260737133,1.5,0.5,1.0,0.1,1.0
1.4022628259464474,1.5138149990559857,1.6150971343548577,1.6076425996207435,1.3613196047122085,1.2720121306339431,1.3094899997386418,1.3421769342490284,1.378138214936787,1.441009677139969,1.4024437435920032,1.5,0.5,1.0,0.1,1.0
1.6850904324438944,1.9563829858532893,2.266983936442269,2.2888226830058644,2.1204589683211776,2.275736807123698,2.1228198672834693,1.8846695941346503,2.0179985307189394,1.777614504771275,1.6107632842078012,1.5,0.5,1.0,0.1,1.0
1.377569956490219,1.3019961258774313,1.4411899461061504,1.7321957816407838,1.7478612457580869,2.163725270042391,2.113287932578477,1.7438587459743613,1.779413857094747,1.94593973402636,1.8102602031095063,1.5,0.5,1.0,0.1,1.0
1.3257824079395213,1.676589446747624,1.593061956668795,1.6652878858017983,1.8209739495941493,1.7223012027774751,1.4945879747928477,1.7666978490405172,1.833810481486555,1.767012934214404,1.9383684765828693,1.5,0.5,1.0,0.1,1.0
2.082117930197441,2.073710309592891,2.1285934064212952,2.330861481592253,2.4436758753315453,2.283582656155953,2.221105915589138,2.1998616908812876,2.349562199476342,2.319731217567857,2.136907794053813,1.5,0.5,1.0,0.1,1.0
2.034220129997094,2.1996223274852875,2.0741622599584377,1.9882604784725113,2.0222163808099265,1.9770064318577685,1.82846937764334,2.0262093946768847,1.9274220598032177,1.7899698345255368,1.808447422007964,1.5,0.5,1.0,0.1,1.0
2.3129552048744144,2.0708945974449526,2.1025217303619015,2.199613431276394,2.2273260355909414,2.178250742329101,2.0959491770638996,1.9416450607785989,2.14805651781481,2.0555424327203187,2.0826601089513344,1.5,0.5,1.0,0.1,1.0
1.302058723529714,1.3560812049941362,1.236221675032475,1.1091675124975573,1.011681956921404,0.8936191459839764,0.9279398127552184,1.132282897516275,0.8952649214991618,0.976439958705512,0.8761206704353741,1.5,0.5,1.0,0.1,1.0
1.898299740295526,1.8463664507491304,1.8146130233075215,1.7885914886585603,1.8913529970292196,1.7683954945372442,1.7244826314583603,1.6082776587784149,1.6316652076383449,1.5442054828862226,1.407830747712811,1.5,0.5,1.0,0.1,1.0
2.3107413626326365,2.21606683526018,2.218119246346188,2.0867002736642197,2.0660886089337263,1.9048093473991103,1.6160983230917263,1.4790174860297876,1.6016863449263552,1.4232782910992758,1.5814806706953832,1.5,0.5,1.0,0.1,1.0
1.0771719635193822,1.0507325964596352,0.9884278582627206,0.8916566645755117,0.95548151965992,1.0103045327967757,1.0608853620902257,1.1700311182891885,0.9363544341866248,1.0464927790942675,1.1702294196348535,1.5,0.5,1.0,0.1,1.0
1.5189064108500403,1.465055333022261,1.324601751149411,1.3184897482668805,1.5551730715365903,1.7387384378981707,1.6653800029117982,1.5530136119098992,1.6741250435593535,1.713355928637984,1.7699230096815404,1.5,0.5,1.0,0.1,1.0
1.3401042853871243,1.208226157029486,1.5196041016190192,1.5562728670416912,1.4676958620872318,1.2700528257664812,1.1079778656587764,1.0992305409262306,1.3111777314214752,1.2876360946105196,1.383667605773531,1.5,0.5,1.0,0.1,1.0
1.949519158018336,1.892539681983138,2.0361736072657246,1.4797497401585633,1.1430137560265143,1.1755415307072732,1.3437935102106549,1.3905595215637536,1.3618514150109915,1.4717897457052405,1.4413429571612577,1.5,0.5,1.0,0.1,1.0
1.7063776895068472,1.8070034053174888,1.7799258085285468,1.637947883088477,1.5856363697506088,1.5686418007905938,1.4226670305440865,1.395727781208422,1.1865496684295085,1.0582387018575603,1.1621743411552343,1.5,0.5,1.0,0.1,1.0
1.9766352648632424,1.7038657163120845,1.5346569738031866,1.517329753393025,1.3353511779554963,1.2265252762623868,1.194310186447726,1.4831988495377997,1.1763631305889923,1.3004905728408105,1.2990054072460464,1.5,0.5,1.0,0.1,1.0
1.3289602905880715,1.4413587894128892,1.4775176623792698,1.5015293531568623,1.434887567166932,1.361081908125159,1.585767155875333,1.407887711582645,1.511224804101703,1.4081461543887763,1.6459982491277887,1.5,0.5,1.0,0.1,1.0
2.3622517173204716,2.3603289177593494,2.384943213060507,2.165522174740263,2.0928487073573327,1.6584462112190304,1.3689100606188735,1.1076362879029191,1.075071695730296,1.060931836095985,1.2368514216259023,1.5,0.5,1.0,0.1,1.0
1.380852184350223,1.363468274074645,1.5227753599452911,1.36946194525428,1.3827527910561497,1.2386160111247784,1.3034054469976115,1.195368444829847,1.2004050340810128,1.0717524355505337,0.9660244158442316,1.5,0.5,1.0,0.1,1.0
1.2006838249544698,1.188633761851417,1.2496327117386823,1.4826829855121324,1.7048454650318376,1.616684779346614,1.6941660629857176,1.919804073106224,2.108693057420372,1.7973457709642633,1.6425670166732305,1.5,0.5,1.0,0.1,1.0
1.5608132590845196,1.414967219675678,1.5553264062106535,1.4775894672514671,1.4836270247606704,1.3652295165791566,1.4437026506899826,1.3485447758241256,1.29036827513951,1.300263396259993,1.360456248545275,1.5,0.5,1.0,0.1,1.0
1.999362784465421,2.279033823790408,2.447935357653039,2.2362289262953015,2.0066180457089056,1.9169891721035104,1.7550361557022014,1.906805131547903,1.7382986063399588,1.7754601756903832,2.0075108236848216,1.5,0.5,1.0,0.1,1.0
1.6921486349908303,1.9818061172784815,1.872072765113344,1.7448922644308698,2.031204756431391,1.716123414292957,1.4518152968820404,1.30643293092956,1.300636891555499,1.4974508269405735,1.3298945604578416,1.5,0.5,1.0,0.1,1.0
1.9145252142082876,1.6504513734428747,1.4806699997507295,1.4154976288507408,1.5518934131563955,1.6658890310155785,1.6048186427242628,1.4384055661765756,1.359280135841786,1.0519687843370602,0.8780281576008656,1.5,0.5,1.0,0.1,1.0
1.464750021678033,1.427503048069986,1.3607616755888712,1.2702068577812533,1.3658199144181409,1.475710125377521,1.8346648032069437,1.780458062565745,1.8217704959733425,1.8407419700059895,1.5807798550075365,1.5,0.5,1.0,0.1,1.0
1.5788633205132656,1.492147779861366,1.4901332556524025,1.5059580568017867,1.643546288630212,1.3096071309453852,1.2316389707563182,1.060518441441157,1.099478541933909,1.1202158812968253,1.0311837333407778,1.5,0.5,1.0,0.1,1.0
1.1435926004444166,0.6836969136910078,0.7849545194136411,0.8042265175665506,1.1261110085696897,0.965721307256628,1.0030881575410175,0.9798646446659556,1.5004111280887569,1.1871294633443734,1.1131850409574482,1.5,0.5,1.0,0.1,1.0
1.836522035637248,1.9817028175991704,1.883872561512667,1.7313931037475547,2.1013852204534356,2.0479323454700475,2.068662353657564,2.2408411066802825,2.0787787977829297,2.108999866791567,1.756732701811912,1.5,0.5,1.0,0.1,1.0
0.9396823210039412,1.0719589722744491,0.8812705549728655,0.937824180524474,1.20491449358327,1.268716667096952,1.0457478321482223,1.1881023609766053,1.563184718511223,1.5313341423317268,1.1533835709531826,1.5,0.5,1.0,0.1,1.0
1.5790561301954815,1.35472835623983,1.441487247606281,1.451475863745685,1.4428802196707642,1.7168241332166394,1.8202073709593871,1.9895593249166792,2.1242628919987587,1.85344110726707,1.9956859638944653,1.5,0.5,1.0,0.1,1.0
1.543690418888653,1.4670519492067722,1.574245616286371,1.7439108087823996,1.847503789688669,1.974136280213553,1.7961435422578056,1.9413097770415677,1.9480384046941217,1.752457908275817,1.9807391853391512,1.5,0.5,1.0,0.1,1.0
1.5877220866969997,1.6898357134887854,1.7513021299818048,1.7086110236218564,1.6263173748106574,1.3315061227922538,1.3711915570890634,1.2711693317399573,1.2785433627334737,1.3942676576294228,1.2960174261401929,1.5,0.5,1.0,0.1,1.0
1.567857780613726,1.2678190244143763,1.299265662011631,1.551472674960158,1.3107286359138277,1.353872312193975,1.670474973615218,1.932071102877964,1.982396507641308,1.8279785583797392,1.7127333458725091,1.5,0.5,1.0,0.1,1.0
1.710337143854152,1.675598015184966,1.3038679450905215,1.2980906322662658,1.165581030631264,1.5205883554300963,1.5864132898770482,1.8781542420677104,1.6456795018392818,1.596188706468843,1.3845032727571729,1.5,0.5,1.0,0.1,1.0
2.0745579601242308,2.144287367924336,1.9414617737709468,2.123946304163616,2.1938711463273717,2.3575950691194794,2.3941976081751823,2.2907791229306285,2.1805605713224807,2.1644279202786008,2.1265974749649392,1.5,0.5,1.0,0.1,1.0
1.7944754476915818,1.8082900314578112,1.6943662746127497,1.720182039820464,1.40789944492982,1.4755048341759327,1.4327417535211573,1.3242300712159516,1.666064458137262,1.4392052994247186,1.4482364392279197,1.5,0.5,1.0,0.1,1.0
1.8247773672695144,1.9831527665765665,1.938752911522424,2.1060701660967567,2.0448253290409273,1.9648171011770157,1.8262742264010048,1.7662397238423784,1.5259817462300185,1.5329716000326292,1.58404563680617,1.5,0.5,1.0,0.1,1.0
0.9162658670004118,1.1184096574792757,1.28639562493265,1.394875268833322,1.4673028884541677,1.5888770710296625,1.496698217085379,1.6897601711685923,1.823346167300735,1.9830842328107647,2.0259707762354733,1.5,0.5,1.0,0.1,1.0
1.8033713062668677,2.0447012182807613,1.9575648507712504,2.0572760546534106,1.86918868240761,2.019092984333449,1.8488059175900673,1.8761332688135064,1.7447795800886987,1.6706825207418745,1.505010566143156,1.5,0.5,1.0,0.1,1.0
1.5136301911818275,1.4384356104463965,1.8317779382593664,1.7826143915148285,1.8380114190894832,1.8832038245785827,2.0383728380263983,1.840838786103061,1.7854080131335768,1.9291518551752325,1.7552193460910508,1.5,0.5,1.0,0.1,1.0
1.6956950378756324,1.7460621812710304,1.5312097360669046,1.639815548107735,1.6020285507478578,1.4433791756574232,1.559720923764147,1.5799041073565172,1.5976139320708136,1.7501335000787928,1.681797818358063,1.5,0.5,1.0,0.1,1.0
1.4623383121088946,1.364914572662285,1.4267310539676754,1.4152747804520458,1.4502827491441417,1.2708466088860328,1.1661140023881014,1.1127430364787876,1.0411673453792616,1.1136542764163002,0.8433766670429735,1.5,0.5,1.0,0.1,1.0
1.34634751685552,1.0807763570163773,1.2800418177744088,1.1175137958887706,1.099720217132527,1.2160172498242887,1.2843317007274926,1.195721091956517,1.343606611115501,1.4838211555605174,1.45973792051081,1.5,0.5,1.0,0.1,1.0
1.7597788477053535,1.3386793751641453,1.3738576683597723,1.541768688073991,1.385236317282842,1.3686012215834586,1.4780152122241172,1.5833781082599074,1.6557779630984235,1.5600261068917178,1.619152971966419,1.5,0.5,1.0,0.1,1.0
1.5046251968871358,1.5267862264617835,1.4122425057775732,1.331062795204125,1.249113882372632,1.396502967124117,1.3680409745867832,1.2155702288312804,1.4086858907568922,1.1734655589580112,0.979414824313934,1.5,0.5,1.0,0.1,1.0
1.3607574698691962,1.4686032585811837,1.4780081257820965,1.58286113023104,1.5649655468104398,1.5482223922773972,1.6972179422110898,1.8899431855437836,1.6526831164814226,1.800414690646817,1.7847775223152476,1.5,0.5,1.0,0.1,1.0
1.6446667256646506,1.9004886042349445,1.7895838075610284,1.5805175129414863,1.3879808673034733,1.6926169934972786,1.6499716706277423,1.8140579911439667,1.7929509823747678,2.0532446449815764,1.9729018302298889,1.5,0.5,1.0,0.1,1.0
1.7401578049760358,1.5951890558997408,1.8004365012068344,1.7154710278364025,1.6845036680724657,1.7436693684145617,1.3849192186491974,1.3722982685562544,1.6000688336162094,1.558486357617534,1.3396618256566373,1.5,0.5,1.0,0.1,1.0
1.990453785743611,1.827236362818886,1.945489803168876,2.0337185623627403,2.1312399533893083,1.9943769990734297,2.1143429500343673,2.2274604453814417,2.253780115843141,2.2031668712325065,2.2343696356926013,1.5,0.5,1.0,0.1,1.0
1.73912171645198,1.6944983347513796,1.98506355164639,2.1395098535957504,2.372324285837542,2.134313422937758,2.004229169913225,1.9400512042389435,2.1787036706045493,2.0631077386451215,1.8393627201862064,1.5,0.5,1.0,0.1,1.0
0.8832385981677094,0.8198489687903843,0.9446467935035568,0.735228069009895,0.8925328018668113,0.943781976092794,1.192199075057384,1.2854945208033453,1.336521960224146,1.2695437520534083,1.496943157141052,1.5,0.5,1.0,0.1,1.0
1.512094483563463,1.7836348633827677,2.067283328143953,2.159480218703093,2.152248020652853,2.047970754240191,2.166923888142031,2.536985971742239,2.4181212909332617,2.165764435282724,1.887516502299739,1.5,0.5,1.0,0.1,1.0
1.7500377578152644,1.842877338048178,1.7169428807988816,1.456810856039737,1.4298457967922629,1.633470426863244,1.6322042924154498,1.6795331744211264,1.8869156927030692,1.6377906591800846,1.7720488663331306,1.5,0.5,1.0,0.1,1.0
2.4842821364709113,2.4112106674584326,2.3623935371650435,2.354121939040798,2.2770429950074704,2.3778496565513496,2.544203159381981,2.719281947355088,2.6482211411643113,2.4833078436009175,2.2330907157086544,1.5,0.5,1.0,0.1,1.0
1.7705844099211614,1.7500539208168144,1.543761632685139,1.5787803153062607,1.5902727438919249,1.4842800057266998,1.38063730985708,1.2149312014680576,1.2942177203110543,1.078234539792182,1.1672942797886126,1.5,0.5,1.0,0.1,1.0
1.355936286250983,1.3245028129080898,1.2430721641741824,1.31050032943609,1.2284690501545918,1.361375411413029,1.1879004122908396,1.37518750464759,1.2961555290774192,1.3422233589457797,1.190295815950639,1.5,0.5,1.0,0.1,1.0
0.8251159967625953,0.9544156059058811,0.9560640751255216,1.130309841415239,1.0907237895971496,1.1500810895996991,0.8794026884771899,1.060275335939196,1.0155897522090158,1.021752965878144,1.184726513346949,1.5,0.5,1.0,0.1,1.0
1.3199048593810767,1.5651203224514505,1.4112258012342602,1.4796729586338566,1.5439386859291249,1.4189219474492436,1.2627405496080737,1.2662308499443815,1.63566310493499,1.7200157156064608,1.5825657189664897,1.5,0.5,1.0,0.1,1.0
1.418992345579306,1.353977466127376,1.4604807439741787,1.585140025049787,1.6896524862479678,1.6221919378965068,1.3917695663844043,1.539915171633084,1.374401702374844,1.5834056312553575,1.5081414198866148,1.5,0.5,1.0,0.1,1.0
1.7182632119101195,1.7943853199945066,1.8459147846444384,1.8306693777593452,1.618939606106408,1.5144853662740452,1.764032524363523,1.8502127491591405,1.9432505622416567,1.9389669529773428,1.9470660602701857,1.5,0.5,1.0,0.1,1.0
1.5210515883665467,1.5299790358357843,1.432793124413911,1.4921814548546593,1.6248242989448998,1.5064569349345729,1.6900948963726812,1.8423365831125385,1.7939502092318782,2.0390793338138016,2.0567461152348616,1.5,0.5,1.0,0.1,1.0
1.3628878960891564,1.2606515351285192,1.5323590585095643,1.5979749287721343,1.4265163723754504,1.1425416006500466,1.0439274573197952,0.9092265647208198,1.3764944126861047,1.6399498061741853,1.9334719356958343,1.5,0.5,1.0,0.1,1.0
1.1738435687946085,1.1702199061695366,1.1993694845838831,1.3461889796155737,1.38638634202697,1.2919241155310175,1.1944658531405905,1.1595378958028462,1.253439151162245,1.1312396426002465,0.9340415282182264,1.5,0.5,1.0,0.1,1.0
1.1501382538312206,1.2575539532687272,1.2283290129607478,1.3605743103335095,1.2026490167880846,1.114249801774114,1.1216455697353072,1.2327355242897575,1.3788855318985698,1.325104839185378,1.2966871477003288,1.5,0.5,1.0,0.1,1.0
1.5692590368821444,1.1310929166627648,1.1987468336944411,1.4573107145260649,1.3496648487297678,1.2920041028156657,1.2445959624902594,1.1017435483591775,1.1842629489517609,1.1537089986709534,1.3039822188117385,1.5,0.5,1.0,0.1,1.0
1.107093606920529,1.350085781978975,1.5275949227738177,1.5881167357783783,1.438782220624106,1.317083556589601,0.8225656742415653,0.7959588436178066,0.6098802603785178,0.610029034495836,0.5505638987944419,1.5,0.5,1.0,0.1,1.0
1.5282907505197203,1.604168230965766,1.5504415654717116,1.5909510187908469,2.0795474070360456,2.1356267278956684,2.1357823474010393,2.1143475558831195,2.1124397848384096,2.242746632787781,2.178097361944956,1.5,0.5,1.0,0.1,1.0
1.4381549773447868,1.1834882331089078,1.038954536519627,1.0481699004794434,1.1094800036784362,1.214965373027865,1.3000277689853306,1.2705995187688677,1.5980990604626517,1.8240423138621296,1.8955052993705233,1.5,0.5,1.0,0.1,1.0
1.574806967283181,1.5303077414089452,1.4655982782843744,1.6135840925122626,1.5866614461123656,1.6890901676187149,1.7807570421798182,1.807210200033484,1.753363303970806,1.860979514860328,1.946517178024892,1.5,0.5,1.0,0.1,1.0
1.568945527726696,1.5245804354651058,1.313764229559787,1.4174682308584228,1.340325202638312,1.4924381392139143,1.6719457409468892,1.733901365435406,1.892388311573319,1.9430658275035744,2.03946817183346,1.5,0.5,1.0,0.1,1.0
1.389052521218202,1.433113714584695,1.2793519967129985,1.0150434152616643,1.0609410054388642,1.0643766692185874,0.982403446592778,1.122492101312977,1.2940919410065337,1.216902869773007,1.2433200863402338,1.5,0.5,1.0,0.1,1.0
1.0661688002992753,1.2659096225457782,1.5161403696818427,1.4198114010509502,1.6585253514028273,1.5202844094646846,1.13645046009211,1.2751800089108858,1.2953426866282944,1.2884206844650146,1.1122598933114802,1.5,0.5,1.0,0.1,1.0
1.5671042060654412,1.7894031188327622,1.5227012403438431,1.5895038707311124,1.53460135075583,1.549803783540053,1.5520147969941651,1.5877125620335804,1.590705705731512,1.6123263058673931,1.520387122315449,1.5,0.5,1.0,0.1,1.0
2.0988269042638463,2.236288209483845,2.266032589391959,1.9957751682542917,2.1241992111039023,1.9254035505082188,2.081886038091002,1.6539305011313292,1.7323931224848197,1.5674434192456446,1.4635489512431623,1.5,0.5,1.0,0.1,1.0
0.7566584171507403,0.9931524033485432,0.7916826632534809,0.7069484912295616,0.532497820084703,0.4904189474895279,0.4500052822342443,0.5370968472538644,0.633774140616948,0.7288056690686163,0.8977689090689895,1.5,0.5,1.0,0.1,1.0
1.3467566873630346,1.4502458110453422,1.69987122421727,1.5807460039139565,1.1994954539557934,1.3009538084837131,1.6413820207604737,1.7560200240133186,1.7956681579842524,1.595227100405737,1.5220827407056308,1.5,0.5,1.0,0.1,1.0
1.010224598653,1.0092540349213373,1.1636043345322522,1.3469286351666796,1.4311288052818083,1.172680860875201,1.4097019205770138,1.3401642617630236,1.2289390297529,1.1081741075170055,1.4885208183233762,1.5,0.5,1.0,0.1,1.0
