symbol,comp0_0,comp0_1,comp0_2,comp0_3,comp0_4,comp0_5,comp0_6,comp0_7,comp0_8,comp0_9,comp0_10,comp0_11,comp0_12,comp0_13,comp0_14,comp0_15,comp0_16,comp0_17,comp0_18,comp0_19,comp0_20,comp0_21,comp0_22,comp0_23,comp0_24,comp0_25,comp0_26,comp0_27,comp0_28,comp0_29,comp0_30,comp0_31,comp0_32,comp0_33,comp0_34,comp0_35,comp0_36,comp0_37,comp0_38,comp0_39,comp0_40,comp0_41,comp0_42,comp0_43,comp0_44,comp0_45,comp0_46,comp0_47,comp0_48,comp0_49,comp0_50,comp0_51,comp0_52,comp0_53,comp0_54,comp0_55,comp0_56,comp0_57,comp0_58,comp0_59,comp0_60,comp0_61,comp0_62,comp0_63,comp0_64,comp0_65,comp0_66,comp0_67,comp0_68,comp0_69,comp0_70,comp0_71,comp0_72,comp0_73,comp0_74,comp0_75,comp0_76,comp0_77,comp0_78,comp0_79,comp0_80,comp0_81,comp0_82,comp0_83,comp0_84,comp0_85,comp0_86,comp0_87,comp0_88,comp0_89,comp0_90,comp0_91,comp0_92,comp0_93,comp0_94,comp0_95,comp0_96,comp0_97,comp0_98,comp0_99,comp0_100,comp0_101,comp0_102,comp0_103,comp0_104,comp0_105,comp0_106,comp0_107,comp0_108,comp0_109,comp0_110,comp0_111,comp0_112,comp0_113,comp0_114,comp0_115,comp0_116,comp0_117,comp0_118,comp0_119,comp0_120,comp0_121,comp0_122,comp0_123,comp0_124,comp0_125,comp0_126,comp0_127,comp0_128,comp0_129,comp0_130,comp0_131,comp0_132,comp0_133,comp0_134,comp0_135,comp0_136,comp0_137,comp0_138,comp0_139,comp0_140,comp0_141,comp0_142,comp0_143,comp0_144,comp0_145,comp0_146,comp0_147,comp0_148,comp0_149,comp0_150,comp0_151,comp0_152,comp0_153,comp0_154,comp0_155,comp0_156,comp0_157,comp0_158,comp0_159,comp0_160,comp0_161,comp0_162,comp0_163,comp0_164,comp0_165,comp0_166,comp0_167,comp0_168,comp0_169,comp0_170,comp0_171,comp0_172,comp0_173,comp0_174,comp0_175,comp0_176,comp0_177,comp0_178,comp0_179,comp0_180,comp0_181,comp0_182,comp0_183,comp0_184,comp0_185,comp0_186,comp0_187,comp0_188,comp0_189,comp0_190,comp0_191,comp0_192,comp0_193,comp0_194,comp0_195,comp0_196,comp0_197,comp0_198,comp0_199,comp0_200
0,100,99,98,95,92,91,90,87,89,88,85,83,81,80,77,74,73,67,65,63,63,64,63,61,59,59,59,60,60,60,59,60,59,59,60,60,61,61,59,59,60,58,58,59,60,59,58,59,57,57,57,56,57,56,55,53,52,51,51,51,51,50,50,49,49,48,47,46,48,46,45,46,44,44,44,44,42,39,41,40,40,40,40,39,39,39,40,40,39,39,39,39,39,39,37,37,37,35,36,35,35,34,33,32,32,33,33,33,32,31,31,31,31,30,31,32,31,32,32,33,33,32,31,33,33,33,32,33,34,33,34,35,34,31,32,31,32,33,33,32,32,33,32,32,32,32,32,27,25,22,21,23,24,24,23,21,19,20,20,18,21,21,21,21,22,20,19,21,21,23,24,24,24,24,24,24,25,24,22,22,24,25,26,26,24,25,25,25,25,27,28,28,27,25,25,24,25,25,25,25,24
0,100,99,94,94,92,90,90,86,82,81,81,80,78,78,76,76,76,75,75,74,75,74,73,73,69,69,66,65,65,64,62,65,65,62,64,63,60,62,62,60,61,62,61,62,61,60,61,58,58,57,59,60,58,57,56,55,53,50,49,51,52,52,51,50,50,48,46,46,45,46,42,41,40,40,40,41,41,40,40,39,39,39,40,40,41,41,40,40,40,40,40,41,42,41,41,40,41,41,41,40,40,38,37,37,38,38,37,37,36,36,37,36,37,36,38,37,37,36,38,37,38,36,35,34,33,33,33,31,29,30,30,30,31,32,31,30,30,30,30,28,27,26,27,26,26,28,28,28,27,27,28,29,30,29,28,27,27,27,27,27,27,29,29,30,31,32,32,32,33,32,32,32,30,30,30,30,30,30,30,30,28,28,26,25,24,24,24,22,23,22,22,21,20,21,22,23,24,24,23,22,22
0,100,95,93,91,90,89,88,87,85,84,82,79,76,75,75,73,74,71,71,68,66,65,65,64,61,61,62,61,62,60,61,61,60,60,59,58,56,54,52,52,52,51,50,51,50,50,51,50,49,47,46,46,46,48,48,47,46,50,50,49,50,48,47,46,47,47,47,47,47,44,43,44,44,45,45,46,46,45,45,45,45,45,46,44,44,44,45,43,42,41,40,40,39,39,41,42,43,44,42,42,42,42,40,39,37,37,37,38,40,40,38,37,37,36,37,36,34,33,31,30,29,29,29,29,28,28,28,28,28,30,30,29,29,27,28,28,29,28,28,27,26,26,27,27,28,28,28,27,27,27,27,25,25,26,25,24,24,23,24,24,25,26,27,27,28,25,26,26,26,26,26,26,26,26,27,28,28,30,28,29,29,28,27,26,26,25,25,26,27,27,28,29,25,25,26,26,24,23,22,22,22
0,100,99,99,97,94,92,91,87,86,86,84,83,80,78,77,71,70,70,69,70,70,68,68,65,64,61,61,59,58,57,54,56,55,55,55,61,60,58,57,55,57,58,59,58,57,57,57,57,58,55,55,55,52,52,52,51,51,50,51,50,49,49,48,47,47,47,47,48,48,47,48,49,49,49,48,47,46,46,45,45,45,45,46,46,47,46,46,48,48,46,46,44,45,45,45,45,46,46,46,45,46,46,46,45,44,44,43,43,43,45,45,45,44,44,41,40,41,41,41,41,40,39,39,40,42,42,39,37,38,38,39,40,40,40,40,41,40,41,38,39,41,40,40,40,40,39,39,41,42,42,43,44,44,44,44,46,45,45,45,44,43,42,41,41,41,41,40,39,39,40,40,40,41,41,39,39,39,38,38,38,38,38,37,37,38,37,36,36,36,35,35,35,35,34,34,35,36,36,36,36,35
0,100,97,95,95,92,92,90,89,88,86,87,84,83,83,83,84,81,78,75,74,72,71,71,70,69,70,71,69,69,68,68,67,66,65,63,62,60,60,60,58,58,58,57,57,54,54,56,56,55,54,53,52,53,51,50,50,48,48,48,47,48,49,48,47,47,47,46,47,47,45,45,46,44,42,41,41,41,41,41,39,40,39,38,38,39,39,39,39,38,37,38,34,35,34,34,34,36,37,37,36,36,36,36,36,36,36,35,34,35,36,37,37,36,36,33,33,35,34,33,33,33,31,32,32,31,30,27,26,27,27,27,28,29,30,28,28,30,32,31,31,31,31,29,28,29,29,31,30,30,30,31,31,30,30,30,31,31,30,30,29,28,25,25,24,23,21,22,24,24,25,26,27,27,27,27,28,28,29,29,29,28,26,26,27,28,28,27,27,26,27,27,27,29,30,30,29,29,28,26,26,27
0,100,99,95,92,89,87,85,83,82,81,77,76,75,75,74,72,73,68,67,65,64,64,65,66,66,66,66,68,64,63,64,64,64,64,62,63,63,62,60,60,57,57,55,54,54,54,53,53,54,54,54,54,54,54,53,53,52,53,53,52,52,52,50,46,45,42,42,40,40,40,40,41,42,43,44,44,44,43,42,43,42,42,41,41,42,40,43,44,46,44,44,42,42,42,42,40,39,40,39,40,40,38,38,37,38,39,41,40,35,33,34,35,32,32,32,31,33,32,32,32,33,33,33,33,35,36,37,38,39,39,39,39,39,37,37,36,37,37,36,36,36,36,36,36,35,36,35,34,32,31,30,32,33,31,32,32,33,33,34,34,34,33,33,32,32,32,31,29,28,27,26,26,26,26,26,28,28,29,32,32,33,34,36,37,37,34,33,33,33,32,33,35,36,36,37,36,33,34,34,34,33
0,100,99,97,96,94,90,83,82,79,81,79,77,78,75,73,71,71,71,70,69,70,69,67,67,67,67,64,62,59,59,57,58,56,54,55,54,54,53,53,53,53,52,52,54,52,53,53,51,51,51,53,53,52,51,48,48,46,46,46,46,45,44,44,44,44,44,43,43,43,43,42,44,42,41,41,41,41,39,39,37,37,37,37,37,36,38,37,37,37,38,38,39,39,39,37,36,37,36,35,35,35,35,35,34,34,34,33,33,33,34,33,33,32,31,30,30,31,31,32,32,33,33,32,29,28,29,29,29,29,30,30,28,27,26,26,26,26,26,27,28,28,28,28,27,27,28,29,29,29,30,30,30,30,28,29,28,28,31,31,30,29,29,29,29,29,29,29,28,29,30,29,30,30,31,30,31,30,30,30,31,28,28,29,29,30,30,30,29,29,29,28,30,31,33,33,33,33,33,33,32,33
0,100,100,100,95,93,90,88,86,85,83,80,82,81,81,80,77,76,74,73,73,69,66,64,62,60,63,62,61,62,61,60,61,61,61,61,62,60,60,60,60,58,59,59,60,61,60,60,60,60,59,58,57,55,56,56,57,56,55,54,54,54,54,54,54,55,56,55,56,56,57,57,57,56,55,56,56,54,53,54,53,53,54,55,54,53,54,55,55,55,55,55,55,54,51,52,52,51,52,51,51,52,51,52,51,49,50,50,49,48,47,48,49,49,49,48,47,46,47,46,47,47,47,47,47,49,47,48,49,49,50,47,46,45,45,44,43,43,43,45,44,45,45,45,45,45,46,45,45,45,45,43,45,45,44,43,42,42,39,39,41,42,44,44,45,45,45,45,47,46,46,44,43,43,42,42,41,41,42,40,39,39,39,39,39,40,40,40,40,40,39,39,40,39,40,41,41,41,40,39,39,38
0,100,98,97,96,96,95,93,90,91,88,86,84,83,80,79,76,76,74,75,76,76,75,77,77,77,78,80,79,76,75,72,71,72,68,67,65,62,62,63,61,60,60,61,60,59,56,55,53,53,52,49,51,51,50,50,50,50,50,50,50,47,46,46,45,44,43,44,44,43,43,42,41,40,39,38,38,41,40,39,40,40,40,39,39,37,37,34,35,33,32,31,31,31,32,33,33,33,34,35,35,35,35,35,37,37,37,37,38,38,38,38,35,36,36,35,33,32,32,32,32,31,33,32,32,33,35,36,36,36,36,34,37,37,36,36,36,37,36,36,35,34,37,34,35,36,37,37,38,38,37,37,37,36,36,34,34,33,32,32,30,29,29,27,26,24,24,23,22,22,22,21,19,18,19,18,19,20,20,19,20,20,20,20,21,21,21,22,22,21,21,20,21,20,20,19,19,17,16,16,16,14
0,100,98,96,93,92,92,91,89,85,83,83,82,81,80,78,78,75,75,76,74,72,72,72,71,70,70,66,65,65,67,65,64,62,60,58,58,56,54,54,54,54,54,54,53,51,49,48,48,47,47,48,48,49,47,46,46,45,45,44,42,41,41,40,41,40,41,41,40,41,40,39,37,37,37,37,36,37,36,36,38,37,36,35,35,38,40,41,41,41,39,38,39,40,40,40,40,40,40,41,40,39,39,38,38,39,38,37,37,37,37,37,36,35,35,33,32,31,31,31,31,32,32,29,29,27,25,24,23,25,23,23,23,22,25,25,26,26,26,27,25,25,27,26,26,24,24,24,24,26,28,28,28,28,27,27,28,28,28,27,26,26,26,27,27,26,26,26,26,26,25,26,27,26,26,26,26,26,26,24,23,23,24,24,25,24,22,22,24,24,23,23,23,22,23,22,22,22,21,21,21,21
0,100,98,96,92,90,89,88,87,83,82,80,79,78,77,77,76,74,74,73,74,74,73,72,68,67,67,66,65,63,64,63,62,62,59,60,59,58,58,59,58,57,55,54,52,51,51,52,51,50,51,52,51,52,52,49,50,50,49,48,47,46,46,46,47,48,46,47,43,44,45,46,46,45,45,46,44,46,46,46,48,45,44,40,40,38,35,35,36,36,37,37,38,37,38,38,39,40,40,41,42,41,41,41,40,40,40,40,40,42,40,40,40,40,40,40,40,38,39,38,39,39,40,40,40,39,37,38,38,39,38,38,39,39,38,37,38,35,34,36,37,38,36,34,34,36,34,33,33,35,35,37,37,35,36,35,36,36,35,35,34,32,32,31,32,31,32,34,33,30,31,32,31,30,29,29,31,31,30,29,30,32,32,30,30,30,29,29,29,30,29,29,30,29,28,28,28,27,26,27,25,24
0,100,99,96,93,91,89,89,88,86,86,84,83,80,79,76,74,74,74,74,74,72,71,69,68,68,65,67,70,71,69,67,67,69,70,69,68,64,62,58,60,63,62,61,63,62,60,61,59,57,56,51,51,48,47,49,50,50,50,50,49,49,49,51,51,49,50,50,49,49,46,46,46,44,42,44,42,42,42,42,42,43,42,42,42,42,40,41,41,42,40,40,40,41,41,42,42,41,39,40,37,37,36,35,36,35,36,35,34,34,33,34,33,35,34,33,32,30,31,32,33,33,32,32,31,30,30,30,30,33,33,34,32,32,33,33,34,34,35,33,35,34,35,34,33,32,32,32,32,32,32,29,29,30,30,30,28,26,26,26,26,26,28,29,28,28,27,25,24,25,26,23,23,21,23,21,21,21,21,22,22,22,22,23,23,21,21,21,19,20,20,21,21,22,23,23,23,25,25,26,26,26
0,100,99,98,96,95,93,90,89,88,86,83,82,81,79,75,75,75,72,70,70,70,69,66,66,66,67,67,63,63,62,64,66,65,64,63,63,62,62,63,63,62,61,59,59,59,59,60,58,57,59,61,61,60,60,57,56,53,52,52,51,50,49,48,48,49,46,45,47,45,45,44,45,44,44,44,44,43,43,38,38,37,37,36,36,36,36,37,37,36,35,35,35,34,33,33,32,31,31,30,29,30,31,31,30,30,30,30,32,30,30,31,31,32,33,32,32,33,32,32,33,35,35,35,34,34,35,33,34,34,33,32,32,31,30,29,30,30,30,29,30,30,30,30,30,32,32,33,33,34,36,35,32,32,33,32,33,34,34,34,35,34,32,33,31,30,30,29,29,27,27,27,26,26,26,25,25,24,24,26,24,24,24,24,24,24,25,27,27,27,27,26,27,28,28,27,28,28,30,28,26,26
0,100,98,97,94,92,91,87,86,85,83,81,79,82,78,77,76,76,75,72,71,69,68,68,67,66,66,67,66,67,66,66,65,63,59,58,59,59,56,56,56,55,55,55,55,53,53,50,49,49,47,47,48,48,47,47,47,48,47,48,48,47,45,43,44,42,42,42,41,40,39,38,39,40,44,48,44,44,44,43,42,40,42,40,41,40,40,39,39,38,37,36,35,34,35,34,34,35,35,34,35,36,36,37,37,39,39,39,37,36,36,37,39,37,36,36,35,35,34,34,34,34,34,34,33,32,35,32,32,30,30,31,32,31,30,30,30,30,29,30,31,31,31,30,32,34,35,37,37,38,37,38,39,38,38,38,38,38,38,38,37,38,39,39,39,38,37,37,37,35,36,36,35,35,34,35,33,33,33,33,33,30,32,32,31,32,30,28,28,28,28,28,26,26,27,28,29,29,28,27,26,28
0,100,98,98,95,94,92,90,87,86,84,84,85,85,83,81,81,80,76,76,76,76,76,75,74,72,70,69,68,68,68,68,68,68,68,68,66,66,66,64,63,60,60,61,60,58,58,58,56,53,53,53,52,52,51,50,52,51,48,46,45,45,45,45,47,46,44,44,45,44,42,42,42,41,39,38,38,37,38,37,38,37,37,38,40,39,41,42,43,45,45,45,44,39,39,41,41,40,41,39,39,38,39,41,40,39,39,41,41,40,38,39,38,38,35,34,35,36,38,38,39,38,38,40,38,38,37,37,37,37,38,38,38,37,38,37,37,36,36,37,38,39,41,42,43,43,42,42,42,41,42,42,41,41,41,43,43,43,42,41,40,41,39,38,39,38,38,40,40,39,37,37,37,37,37,37,36,36,34,33,31,29,28,28,27,28,29,29,31,31,32,32,32,33,32,32,33,33,32,32,30,30
0,100,97,95,94,91,90,89,88,87,86,87,85,82,78,75,72,72,74,74,73,73,73,72,70,69,66,65,62,61,61,62,62,61,62,59,57,57,56,55,53,52,51,51,52,51,49,50,52,52,52,52,51,49,50,49,50,49,49,48,48,47,44,44,44,45,45,45,41,42,43,41,41,41,40,40,40,38,37,38,40,40,41,40,39,38,38,39,37,38,37,37,36,37,38,37,36,39,39,37,37,37,37,37,37,36,36,35,36,37,38,36,35,36,36,37,35,35,35,35,35,35,34,36,35,35,35,35,33,34,34,33,33,33,33,33,31,30,32,31,31,29,28,28,31,33,32,30,30,30,28,29,30,30,30,30,30,30,30,29,29,28,30,30,30,31,33,33,32,32,33,33,33,33,34,35,36,36,36,35,35,37,36,36,35,36,34,33,32,32,30,31,31,34,34,34,32,29,29,28,28,28
0,100,98,96,92,91,90,89,88,87,87,86,85,83,82,81,81,80,75,76,74,70,69,68,67,67,63,64,65,65,64,62,61,59,59,58,57,57,59,58,56,55,53,52,51,50,50,50,49,51,49,47,45,45,45,47,46,46,46,47,48,48,48,48,48,47,48,47,50,46,46,44,44,42,43,42,41,41,43,42,42,43,43,42,41,41,40,40,40,40,40,40,39,40,41,41,40,40,39,41,40,41,41,42,42,43,42,43,43,42,43,44,41,42,42,42,44,44,44,42,42,41,37,37,38,38,37,37,36,38,38,38,36,36,36,35,35,35,37,37,37,39,39,38,39,40,39,37,38,37,37,37,36,36,34,32,33,34,34,34,36,35,36,36,37,35,35,34,32,32,31,30,29,30,29,29,28,28,27,27,27,26,26,26,26,26,25,26,26,25,23,23,26,27,26,28,27,28,28,28,28,26
0,100,100,100,99,98,96,95,93,90,91,90,89,86,84,82,81,76,75,74,73,70,71,71,71,72,72,71,69,69,70,72,70,67,64,62,63,62,62,61,60,59,58,57,57,58,58,58,55,54,55,56,55,55,53,52,52,52,52,51,50,50,52,51,51,50,50,50,50,50,49,47,48,49,49,49,50,49,50,49,47,48,48,46,45,43,41,40,40,40,41,44,44,46,45,46,46,46,46,46,45,44,44,43,41,40,40,42,43,43,42,42,41,40,40,40,40,37,38,38,38,38,39,38,37,37,36,36,36,37,37,36,35,37,39,38,36,36,36,35,33,33,33,32,32,33,33,32,31,31,30,31,30,31,31,29,30,29,30,29,29,28,29,29,27,29,28,27,26,26,26,27,28,28,29,29,31,31,31,31,32,32,32,32,33,33,33,33,34,33,32,31,31,31,32,29,28,28,28,27,27,27
0,100,99,94,91,89,88,84,82,79,79,77,76,76,73,72,71,68,67,64,62,59,62,61,61,59,57,59,57,57,56,55,55,54,55,55,55,55,55,55,55,56,56,53,54,55,55,56,56,54,51,52,52,53,49,49,50,50,50,50,48,45,44,45,42,42,41,43,43,44,46,47,45,44,43,41,41,41,41,39,38,37,36,36,38,40,40,40,38,39,39,38,38,37,36,37,35,33,32,32,31,30,30,30,31,30,30,31,30,31,30,31,31,29,28,29,30,31,30,31,30,31,28,28,27,26,27,26,27,27,27,28,28,27,27,27,27,27,28,29,31,33,32,33,33,32,33,31,32,34,34,34,34,35,35,35,33,34,35,35,34,34,32,32,33,33,34,34,33,32,32,33,32,32,31,31,28,29,30,28,27,28,27,28,28,26,23,23,21,21,22,22,24,24,24,25,25,26,26,28,30,29
0,100,98,96,92,89,87,86,85,82,82,81,81,80,78,76,75,74,71,70,70,71,71,71,70,68,68,68,70,69,68,66,64,64,62,63,61,60,59,59,57,58,58,58,57,56,54,54,53,53,52,53,55,55,55,56,55,52,51,51,51,51,52,52,52,52,51,51,48,49,51,48,46,45,47,49,48,48,45,47,48,48,47,47,47,46,45,45,47,47,46,46,45,45,46,46,45,42,43,41,41,40,41,39,35,35,37,38,38,38,38,38,38,38,37,37,38,38,38,38,39,39,38,37,37,37,34,35,34,34,37,38,39,40,39,37,38,39,39,39,39,36,37,38,39,39,41,42,41,39,38,38,38,37,37,35,35,34,35,35,35,35,35,36,36,35,36,36,38,38,38,37,36,35,34,35,35,33,33,34,34,35,34,33,32,33,33,32,31,31,30,30,31,31,32,32,33,33,32,32,32,30
0,100,98,95,94,92,91,86,84,82,80,79,76,75,75,74,74,73,74,74,76,73,73,74,74,73,71,71,69,68,68,68,68,69,69,69,68,64,63,62,60,61,60,61,59,60,59,64,65,65,62,63,63,63,62,61,59,60,60,59,62,62,59,57,55,54,52,52,51,51,52,51,52,50,49,50,51,50,49,49,48,50,50,48,48,48,47,47,46,46,44,44,45,44,44,43,43,44,44,44,42,42,40,40,41,38,37,39,40,41,42,43,42,41,40,41,41,41,45,46,46,48,47,45,45,44,41,41,43,46,43,43,42,42,41,40,42,44,45,45,44,45,46,45,44,41,40,39,41,40,38,37,39,40,40,39,41,39,39,39,37,36,36,36,35,35,34,34,33,34,34,31,31,32,32,31,32,31,30,29,29,31,32,31,30,29,29,29,31,31,30,29,31,34,33,32,32,32,33,32,32,30
0,100,97,94,92,88,85,85,84,84,85,83,83,81,81,81,78,77,77,76,76,74,72,73,73,72,72,70,69,66,64,62,60,62,63,62,59,58,59,60,59,58,59,58,58,59,59,60,59,59,58,58,57,55,55,55,52,52,54,53,53,52,52,51,49,51,50,49,47,46,45,46,48,46,46,47,47,46,47,45,43,43,43,44,44,45,45,43,42,43,44,45,44,45,44,43,43,43,43,43,43,40,38,39,40,38,37,38,37,37,36,37,38,38,36,36,37,35,34,33,34,34,36,36,35,33,34,30,29,30,31,30,31,31,30,31,31,31,30,28,28,29,29,29,30,32,33,31,31,31,29,29,30,30,30,30,30,29,29,29,31,32,32,33,32,33,33,34,33,34,34,34,32,30,30,32,31,31,32,32,31,31,31,31,31,30,29,29,28,29,30,29,31,32,32,33,33,34,34,34,35,33
0,100,99,97,96,93,94,93,92,90,88,86,85,82,79,77,74,72,71,70,69,67,67,63,62,59,60,59,59,59,59,57,57,58,56,55,54,51,51,51,49,50,50,52,50,50,51,52,53,52,53,51,52,49,46,46,46,46,46,45,43,43,44,43,42,42,43,43,42,43,44,45,46,46,47,47,46,46,46,46,45,44,43,43,43,42,44,44,44,44,42,44,44,43,43,41,41,41,42,42,41,41,41,40,38,38,38,39,39,40,40,39,38,37,36,36,35,36,35,35,35,33,33,33,34,33,32,31,32,33,32,31,31,31,31,30,31,31,30,31,31,31,31,30,32,33,34,33,35,33,33,31,30,30,29,31,31,31,29,29,29,29,29,30,31,31,30,29,28,28,28,28,28,28,28,28,28,28,27,25,26,27,26,26,27,25,25,26,27,28,28,28,27,24,25,25,28,28,27,28,27,27
0,100,98,98,97,91,90,89,88,87,86,84,84,84,82,79,79,76,75,76,76,74,74,73,73,74,72,69,66,65,63,58,57,57,57,57,55,55,52,51,51,50,49,49,47,48,49,49,50,52,52,53,52,50,49,50,50,49,50,49,45,46,45,47,45,47,47,44,41,40,38,37,36,37,35,34,34,33,31,32,33,33,32,32,30,29,32,31,33,33,33,32,32,32,32,34,34,35,34,35,35,35,35,35,36,37,38,36,35,35,33,31,31,30,30,30,30,29,30,29,29,31,30,28,28,30,29,29,29,29,28,28,28,28,27,26,26,26,26,26,26,26,26,26,26,26,26,25,25,26,26,27,27,27,27,28,27,27,25,25,24,25,25,24,24,26,26,27,28,29,29,29,28,29,29,30,31,30,32,32,32,31,30,29,29,30,30,30,29,28,29,28,27,28,28,29,30,30,29,30,29,30
0,100,97,95,92,88,85,83,83,82,83,83,81,78,77,75,74,73,72,70,69,66,62,63,63,64,62,61,62,61,62,60,60,60,61,62,61,61,61,60,58,56,53,53,52,51,50,51,50,50,48,48,49,50,51,50,50,49,48,49,49,47,46,47,48,46,44,41,41,39,40,40,43,42,42,41,41,40,40,38,36,35,36,36,36,35,34,36,36,35,34,35,35,37,37,36,36,32,32,31,29,28,28,27,27,26,25,26,25,24,24,23,24,25,26,26,26,27,25,25,25,26,25,25,26,28,27,27,27,28,29,29,28,26,26,27,27,27,28,29,28,28,28,28,28,26,26,27,28,28,28,29,28,29,30,31,31,31,31,31,32,32,32,33,33,34,35,35,34,35,34,34,34,35,35,34,35,35,35,36,36,34,34,35,35,35,34,33,34,33,35,35,35,37,35,33,33,33,33,34,36,35
0,100,100,97,97,95,90,89,86,84,83,83,83,79,77,77,75,75,72,70,73,74,74,73,72,73,73,72,71,71,70,71,76,75,75,75,74,72,69,68,68,67,66,68,70,72,70,68,68,67,65,64,62,60,60,59,59,57,57,57,56,55,57,56,55,53,53,52,54,50,50,50,51,49,51,53,52,51,50,49,49,50,50,51,51,50,49,49,48,48,48,47,46,45,46,45,46,44,43,40,42,42,42,42,40,39,41,40,40,40,39,39,40,40,42,42,41,38,36,39,40,40,40,40,39,39,39,38,36,35,34,34,34,34,34,33,34,32,34,36,36,36,36,35,33,33,35,36,36,36,35,36,35,36,34,35,36,37,37,39,39,41,42,41,42,40,40,40,40,39,39,37,37,37,36,34,33,33,36,36,35,35,36,36,36,35,33,33,33,34,32,32,30,31,30,33,34,33,32,32,32,33
0,100,97,94,92,91,89,85,85,85,83,83,82,81,80,78,77,76,75,76,76,75,75,75,73,74,73,71,71,68,69,68,64,62,62,63,64,62,62,62,61,61,60,59,58,55,55,54,53,54,56,55,55,55,55,52,49,49,51,52,50,48,48,49,49,47,47,47,47,47,47,48,47,47,49,49,48,47,45,45,45,43,45,45,43,43,40,40,39,37,37,35,34,34,34,35,34,33,33,33,34,35,36,35,35,36,34,34,34,34,34,34,34,34,34,33,31,31,31,31,28,29,29,30,34,33,32,32,33,33,32,31,31,33,32,32,32,32,32,33,33,32,33,32,32,32,32,30,31,32,30,31,32,30,28,28,29,29,29,29,29,30,30,31,30,30,31,29,30,31,31,31,30,29,29,29,28,28,27,28,28,30,30,31,31,29,29,29,28,29,30,31,31,31,31,31,32,32,31,31,33,33
0,100,98,96,94,94,94,91,90,86,85,85,82,81,81,80,78,75,74,74,76,71,69,69,71,70,70,70,70,67,66,63,63,62,61,61,62,61,59,59,57,56,56,55,54,52,51,53,52,51,50,47,45,46,46,43,41,42,43,40,41,41,41,42,42,42,42,43,44,43,44,43,44,42,42,41,41,41,41,41,40,41,42,42,43,45,48,48,47,46,46,45,47,46,46,46,45,46,46,46,46,48,47,47,49,49,49,48,49,48,47,47,47,46,46,48,48,46,46,44,42,42,42,41,41,41,39,39,40,39,39,34,34,35,36,36,36,37,35,35,35,36,35,34,31,30,30,30,30,33,34,36,35,33,33,34,33,33,31,31,30,31,32,32,32,32,31,31,32,32,32,32,32,32,32,30,31,31,32,32,30,28,28,27,27,24,24,26,26,26,26,26,24,24,25,25,25,25,26,27,27,27
0,100,99,96,95,90,87,86,83,80,77,78,77,75,75,73,73,72,69,69,68,65,64,63,61,61,60,62,63,63,62,61,63,63,64,63,62,61,60,61,62,62,63,62,60,61,61,63,61,60,60,60,59,58,58,56,57,55,55,53,51,51,51,51,52,53,53,54,53,53,54,56,56,53,53,52,53,53,52,52,53,53,52,51,50,49,48,47,46,46,44,46,46,46,46,46,45,45,44,44,45,42,41,41,40,41,41,42,41,43,41,41,41,41,41,41,41,41,41,41,41,40,40,40,39,39,39,38,38,37,37,37,37,37,36,36,36,35,35,36,35,35,37,35,35,34,34,32,31,31,30,31,31,32,29,31,34,35,34,34,34,33,34,31,31,32,30,28,29,28,29,28,28,29,28,29,28,28,30,30,30,30,30,29,27,27,27,27,27,27,27,27,28,27,28,29,27,27,28,27,29,29
0,100,99,95,94,91,91,91,90,90,88,83,84,83,81,81,79,78,79,79,77,76,74,75,73,72,72,73,73,74,73,73,74,73,71,72,71,70,69,69,68,69,68,68,68,66,65,66,65,64,60,58,57,57,58,57,57,57,55,54,55,52,49,48,47,47,48,50,52,51,50,51,51,52,52,50,49,48,48,47,46,45,44,44,43,41,41,41,40,39,38,39,37,38,37,36,36,34,34,33,35,34,33,35,34,34,35,35,35,32,32,32,31,31,32,34,34,32,33,33,33,34,36,34,35,34,34,34,33,31,31,31,31,31,28,27,27,27,27,28,27,27,26,26,26,26,23,23,24,26,27,30,31,32,30,30,28,28,28,28,27,26,25,25,25,26,27,28,28,27,25,24,24,24,27,28,28,27,27,27,26,26,25,24,24,23,23,23,23,22,24,24,25,25,24,25,26,25,25,26,27,26
0,100,97,95,95,93,91,84,83,83,82,80,78,80,75,72,72,72,69,70,70,72,70,70,68,68,69,67,68,69,68,67,67,67,67,64,62,62,55,56,56,57,56,56,55,55,55,55,54,54,54,55,56,55,55,54,55,54,54,53,54,53,54,54,54,56,56,56,56,55,53,53,53,52,52,52,52,52,52,53,52,51,52,52,51,50,51,51,50,50,50,49,49,49,48,48,48,50,47,46,45,45,46,45,45,44,44,44,45,44,44,44,45,43,44,45,44,44,42,43,42,39,38,38,39,38,38,38,39,39,38,40,38,36,36,35,35,35,34,34,33,32,32,34,34,34,34,34,34,36,36,39,38,39,40,40,39,39,36,36,36,37,35,34,35,35,33,34,36,35,36,36,36,37,37,36,35,37,36,35,33,33,32,31,31,30,30,30,29,30,30,31,29,29,29,29,30,29,29,28,28,29
0,100,100,97,96,93,92,86,86,83,83,83,79,77,76,76,75,76,74,72,70,70,69,69,69,70,72,71,72,73,71,71,72,73,72,73,72,70,69,69,68,66,65,66,61,59,56,56,53,52,51,49,49,50,46,43,42,44,43,44,43,43,43,42,44,44,43,45,45,44,43,43,43,44,42,41,42,43,42,43,42,39,38,38,38,38,36,37,37,36,37,37,36,37,39,41,42,41,40,38,38,38,39,39,40,40,41,41,40,40,40,40,38,37,37,39,39,40,41,38,38,37,37,37,38,38,38,38,39,37,37,38,38,35,35,35,36,37,35,34,33,32,31,29,30,30,32,32,32,32,32,32,33,33,33,34,33,32,31,29,28,27,27,28,29,29,29,28,29,28,29,29,29,29,29,30,31,29,30,30,31,31,31,31,31,32,32,32,32,32,31,30,31,31,30,31,31,32,33,35,34,34
0,100,99,96,91,88,88,87,85,83,79,77,76,75,74,74,74,73,73,69,68,67,68,64,63,63,61,60,60,58,57,56,57,57,54,56,56,55,53,54,54,55,55,53,50,50,50,50,50,48,49,48,48,49,49,49,49,48,49,48,48,49,49,49,49,48,49,50,50,51,51,51,50,50,50,49,47,47,45,45,46,45,45,46,47,46,46,45,45,45,45,44,44,43,41,42,42,41,42,42,42,43,41,41,42,41,42,42,41,42,42,42,40,38,38,37,38,36,36,36,38,38,42,42,42,42,42,40,42,40,40,40,41,39,41,40,40,40,39,38,35,35,37,36,36,37,36,37,36,36,35,36,36,36,36,35,37,36,37,37,36,36,36,36,34,34,33,33,32,31,32,31,30,30,30,30,30,30,26,25,27,27,27,27,27,27,28,27,27,27,28,28,27,27,26,26,25,26,27,25,23,23
0,100,94,91,89,85,82,83,82,79,78,78,77,75,74,73,72,73,72,69,68,68,66,66,66,65,63,59,60,59,58,57,57,57,56,57,55,55,56,53,50,49,49,51,49,46,47,45,45,44,45,43,43,43,43,42,41,40,40,40,39,39,38,37,35,32,32,32,33,35,34,33,33,33,33,31,32,33,31,33,33,34,32,32,32,31,33,33,31,34,32,33,34,35,35,35,36,34,36,35,34,34,34,32,32,32,32,32,34,34,34,35,35,35,35,32,32,30,30,30,29,29,28,31,32,33,33,32,32,32,32,33,32,32,31,34,33,33,33,33,33,33,33,35,33,33,33,33,34,32,33,31,30,29,29,30,30,30,30,29,27,26,26,27,27,28,30,30,29,30,31,30,30,30,30,29,28,28,26,27,28,28,28,28,31,31,30,30,30,30,28,27,28,29,27,27,27,27,26,26,27,27
0,100,98,96,96,94,90,90,90,90,89,87,86,86,86,87,85,83,81,80,81,81,82,80,79,77,76,74,73,73,69,67,67,65,66,65,64,62,63,63,63,63,62,63,57,57,56,56,57,58,57,59,60,61,61,61,60,58,58,57,56,55,54,53,55,57,58,55,56,54,54,55,54,55,56,54,55,54,53,53,53,52,51,50,51,51,51,48,46,46,45,45,44,44,44,44,43,43,42,41,39,37,38,36,37,37,38,37,38,39,38,39,39,39,39,38,40,39,39,39,39,39,39,39,41,42,40,40,42,41,40,41,39,40,39,39,37,38,39,41,40,39,38,36,36,36,36,34,33,33,33,33,33,33,34,34,34,34,35,36,36,36,36,35,35,33,32,32,33,33,32,32,31,27,27,28,28,28,27,28,29,28,28,30,30,29,31,32,32,32,31,31,30,30,30,29,29,30,29,29,28,29
0,100,98,96,94,92,90,88,87,87,87,88,87,86,85,81,80,80,80,77,76,74,75,75,75,74,72,71,71,71,71,71,68,67,68,69,67,65,64,64,65,64,63,62,60,59,58,58,58,58,57,57,56,57,56,57,54,54,54,53,53,52,52,51,50,46,46,44,44,44,44,43,43,43,44,46,47,47,47,47,46,44,43,43,43,46,46,44,44,44,44,43,43,44,44,42,44,44,42,45,43,42,41,44,45,45,44,44,45,45,44,42,42,41,40,40,41,41,42,42,42,45,44,44,44,44,44,44,44,44,44,41,42,41,41,41,41,40,39,39,40,40,39,40,38,38,38,40,40,39,38,38,38,38,35,35,35,36,36,36,34,36,38,37,36,39,38,36,36,36,37,38,38,39,38,38,38,39,39,39,40,38,35,35,35,35,35,34,33,31,31,32,33,33,34,32,32,33,32,32,33,32
0,100,97,94,94,92,91,88,83,84,81,80,78,76,75,72,72,71,71,68,68,67,66,65,64,62,61,62,61,61,62,61,60,61,61,59,57,57,58,54,55,54,52,51,48,48,49,47,45,44,43,44,44,43,43,43,41,41,43,42,40,41,39,39,38,35,33,33,32,33,32,32,34,35,36,37,39,40,40,40,38,38,38,39,39,38,39,39,38,39,38,36,38,37,37,37,37,39,38,38,37,37,38,38,37,37,37,37,36,36,36,35,35,35,35,32,31,32,29,29,29,29,30,32,32,32,32,33,33,32,31,33,33,34,33,33,33,33,33,34,36,35,34,32,32,32,32,32,32,32,33,33,34,35,35,34,33,31,31,31,31,32,33,33,33,33,32,33,32,34,34,33,32,32,32,33,33,31,32,32,34,33,32,33,32,32,32,32,31,31,31,29,28,28,28,29,27,27,27,26,24,24
0,100,99,95,94,93,92,90,90,85,86,86,85,85,83,82,82,82,84,82,83,82,80,79,78,77,74,72,71,72,72,72,70,70,70,68,66,65,62,59,57,56,54,54,53,53,52,51,49,47,47,48,47,46,43,41,44,43,42,42,41,41,42,41,42,41,41,42,43,45,48,46,44,45,45,44,44,42,42,42,43,44,42,41,39,41,41,41,40,40,40,40,40,39,37,36,36,33,34,34,36,35,34,33,34,34,34,34,34,31,33,33,33,34,34,33,33,34,33,34,34,33,33,32,31,30,29,30,30,28,27,26,26,25,23,23,24,23,23,23,23,24,23,24,26,26,26,27,28,28,26,24,24,24,22,22,21,21,19,19,19,17,17,18,21,21,23,22,22,23,23,23,23,24,24,24,24,24,24,23,23,23,22,23,23,22,22,21,21,22,22,20,20,20,20,21,20,20,21,21,21,21
0,100,98,95,94,91,89,86,84,83,80,77,77,77,74,74,73,72,71,70,68,66,66,68,68,68,68,68,67,65,65,65,66,65,65,64,65,65,64,64,65,62,62,62,61,60,59,58,56,57,56,56,56,55,55,54,53,53,55,55,56,53,53,51,50,51,51,51,51,50,49,51,49,49,47,46,45,45,45,44,43,41,41,42,42,40,40,39,40,39,39,39,37,38,39,41,41,40,40,40,38,38,39,37,37,36,36,36,35,35,35,37,36,34,33,34,34,33,33,33,34,32,32,33,33,33,32,32,31,32,32,33,31,31,29,28,27,30,31,30,31,31,31,31,32,33,33,34,35,34,33,32,31,30,31,31,32,30,29,28,28,27,27,27,27,27,27,26,28,26,26,26,26,27,27,26,26,26,26,25,27,26,24,23,24,23,22,23,23,23,23,24,25,24,21,21,21,21,21,21,21,23
0,100,98,96,92,91,91,89,85,80,79,76,74,74,74,74,73,70,69,69,67,65,65,64,64,65,64,65,64,62,63,63,62,60,58,57,57,58,57,58,55,55,57,56,56,55,55,54,52,52,51,50,50,49,45,45,47,47,46,47,48,46,48,48,48,47,47,48,48,46,47,46,47,43,43,44,45,45,43,43,43,43,42,41,42,39,39,39,39,40,39,39,39,39,38,38,37,37,38,37,37,37,34,34,33,34,36,38,38,38,38,37,36,37,37,35,35,36,34,32,30,29,29,30,29,29,29,28,28,28,31,30,30,30,27,24,24,23,24,24,24,24,24,24,26,25,25,24,22,20,20,21,22,22,24,25,25,24,24,24,25,23,23,21,21,22,20,19,19,20,21,22,24,23,23,22,21,21,21,20,19,21,19,19,19,19,18,17,18,17,18,18,19,21,22,23,22,21,22,21,21,21
0,100,98,96,95,94,94,92,91,89,88,88,86,85,81,78,76,77,78,77,76,77,74,74,74,72,74,72,72,72,71,70,68,66,66,62,61,60,60,59,59,59,61,58,58,56,56,57,58,57,56,55,55,55,55,55,54,53,55,55,52,51,52,51,50,49,49,48,49,48,48,49,49,49,48,46,47,47,48,46,45,47,47,49,48,47,47,47,49,49,49,49,46,46,44,45,43,42,41,42,42,41,40,41,38,38,38,39,39,38,38,38,37,36,36,35,35,34,34,34,35,35,35,34,32,31,29,28,28,27,29,28,25,25,25,25,24,24,24,24,24,25,25,26,26,25,24,24,24,24,24,24,24,25,24,24,24,24,24,24,24,24,24,25,23,22,22,22,22,23,21,21,22,21,21,22,23,25,24,26,28,29,29,28,28,28,29,30,30,31,31,31,30,30,30,31,32,31,31,30,30,30
0,100,99,97,96,94,92,91,89,89,89,85,84,83,82,81,79,78,78,80,77,78,75,74,73,74,71,71,68,68,68,67,65,63,62,60,60,58,59,60,61,61,62,62,62,63,62,63,62,62,62,61,58,57,56,56,56,57,56,56,57,55,55,55,54,55,55,54,54,55,54,53,52,52,48,48,48,49,49,48,47,45,45,45,46,44,48,47,46,47,48,50,53,55,54,57,56,57,55,53,53,53,52,51,50,48,46,46,45,44,42,41,43,42,40,40,41,40,40,41,41,42,41,41,41,42,41,41,41,42,41,41,42,40,40,41,40,39,37,36,36,37,37,36,40,40,39,36,36,37,36,35,35,35,35,35,33,34,32,32,32,31,31,32,35,35,37,38,39,38,39,38,36,38,37,38,38,38,36,37,37,36,35,35,35,35,34,31,31,30,31,31,30,28,30,30,30,29,27,26,26,26
0,100,96,95,92,91,86,84,82,80,79,78,78,77,76,76,75,75,75,74,75,74,73,70,67,65,65,65,66,66,66,64,63,62,62,63,63,63,62,60,56,55,52,52,52,53,51,50,49,48,49,48,49,49,49,50,50,49,46,47,46,45,45,45,45,45,44,47,47,49,50,46,44,44,44,42,42,42,42,41,40,40,40,38,38,38,36,40,40,42,42,42,44,46,47,47,47,48,48,46,46,49,48,45,43,43,44,44,44,44,44,43,43,44,45,44,43,42,42,41,42,40,41,42,41,41,39,39,39,39,39,40,41,42,42,42,42,42,42,42,42,40,40,39,39,38,39,39,39,39,37,35,36,36,36,37,37,37,37,37,38,38,38,37,37,38,36,35,33,31,30,31,32,31,31,31,31,31,29,29,29,29,28,29,30,31,30,30,30,30,32,31,32,30,29,29,28,28,27,26,26,27
0,100,96,94,94,92,90,88,85,83,81,80,81,80,77,77,76,73,71,71,71,71,70,70,70,71,70,70,69,66,65,66,65,63,64,61,62,63,62,60,56,57,57,54,55,55,55,56,55,57,55,57,56,56,54,51,50,50,49,49,47,46,47,46,46,46,46,45,44,44,44,44,43,43,41,42,41,42,42,43,43,42,40,41,41,40,40,41,41,41,41,42,41,39,41,41,42,41,40,38,39,40,41,42,43,45,46,45,44,44,42,42,43,42,41,42,43,43,44,44,41,41,39,38,38,37,36,35,36,36,36,35,35,34,33,35,34,35,36,38,40,39,39,40,39,39,40,40,40,42,41,39,38,38,38,39,39,38,37,34,35,35,35,35,35,35,36,36,35,35,35,35,34,34,31,31,30,29,29,30,30,30,31,30,30,30,32,32,32,32,31,30,29,28,28,29,29,30,30,29,27,28
0,100,100,97,94,92,90,89,88,85,83,83,82,81,80,78,78,75,76,76,77,78,77,75,74,72,72,72,71,70,70,69,67,66,65,63,62,63,62,63,61,62,61,60,58,58,58,57,58,57,57,55,54,54,51,51,50,50,47,46,46,48,48,46,46,46,46,47,46,45,44,44,45,45,45,46,47,48,49,49,48,47,44,44,44,43,43,42,43,43,45,45,43,44,42,41,39,40,37,35,34,37,37,37,36,35,33,32,31,31,31,31,31,32,35,34,33,31,31,31,32,33,34,34,34,35,36,37,37,36,37,37,37,36,37,37,35,34,33,32,32,30,28,28,29,27,26,26,27,28,27,27,28,27,28,27,25,24,24,25,26,27,27,26,26,27,29,28,28,29,29,29,29,29,29,29,29,28,30,29,30,30,29,30,30,30,30,29,29,30,30,30,29,31,31,31,29,27,26,25,25,24
0,100,99,94,91,91,90,89,87,87,83,84,84,84,84,84,81,79,79,76,75,74,75,75,75,74,72,72,70,70,68,67,66,64,63,59,59,57,57,58,56,57,56,53,52,49,47,44,43,44,43,42,39,39,41,41,42,43,42,41,40,41,40,40,40,41,39,39,40,39,39,39,39,40,41,42,42,41,41,41,41,41,40,40,40,40,39,38,38,37,37,38,38,37,37,36,35,35,35,34,34,33,32,31,31,32,31,31,30,30,32,33,34,35,34,34,34,35,36,38,36,36,35,35,34,33,33,32,33,34,32,31,30,30,29,28,28,28,27,26,26,26,27,28,28,28,30,31,32,31,31,32,33,32,32,32,32,31,30,29,29,30,34,34,35,35,35,36,37,37,37,37,36,36,36,36,38,37,36,37,35,35,36,36,36,36,36,37,38,39,39,39,39,37,38,37,37,37,37,37,37,37
0,100,99,98,95,94,93,93,89,85,84,84,83,81,82,80,78,76,73,72,72,73,71,70,70,69,66,63,62,59,59,60,59,59,60,60,59,58,55,57,58,58,58,54,54,53,54,54,55,54,52,52,54,54,53,53,53,55,53,51,51,51,51,50,48,48,48,49,48,47,49,48,48,50,49,48,47,47,46,47,49,50,50,49,45,45,44,45,44,44,44,44,44,44,44,44,44,44,43,43,43,43,43,43,43,42,42,43,44,42,41,39,38,37,38,40,41,41,38,38,36,36,37,38,39,39,39,39,40,40,40,40,38,38,38,38,39,38,39,39,37,36,35,35,35,35,34,36,38,38,38,40,40,40,40,39,39,39,39,39,39,39,38,38,38,39,38,37,38,37,37,37,35,32,32,32,33,32,33,35,36,37,37,37,37,37,35,36,36,37,37,36,36,35,36,35,35,36,37,36,33,33
0,100,96,94,92,91,86,83,81,82,82,81,79,79,80,77,74,73,73,69,68,67,66,65,64,62,60,60,58,56,55,55,54,52,50,50,52,52,51,52,53,52,52,51,51,50,51,51,51,50,51,46,47,47,45,46,46,45,46,46,46,45,44,43,43,42,44,44,43,42,40,41,41,42,42,40,39,39,39,37,35,34,34,35,38,39,39,40,40,39,39,39,40,39,40,40,38,38,37,37,35,35,36,35,35,35,35,36,36,36,35,36,35,36,36,39,39,38,37,38,38,37,38,38,39,38,39,38,38,38,37,35,34,35,36,36,36,35,33,34,35,36,35,37,37,39,37,36,35,35,36,36,35,34,36,36,35,35,34,35,34,34,34,33,32,30,30,28,25,24,24,23,23,24,25,25,26,27,27,27,27,27,28,27,27,27,28,29,28,27,25,25,25,26,26,27,26,25,25,27,25,25
0,100,98,95,95,95,95,93,91,89,85,86,87,84,84,84,83,82,81,82,82,80,78,76,73,71,68,68,66,63,63,64,62,62,59,57,57,57,56,54,53,51,52,50,49,47,46,43,43,43,43,43,43,42,42,43,42,43,45,45,46,46,45,45,46,45,46,46,46,46,44,44,45,45,46,44,44,44,43,43,43,43,42,41,40,41,41,42,41,41,40,38,38,36,37,38,38,39,39,39,38,38,36,35,36,35,34,34,34,33,33,32,32,33,33,33,32,32,33,34,34,34,34,34,34,34,33,33,33,35,35,36,36,36,35,34,32,34,37,36,34,34,33,33,33,33,32,32,34,34,34,34,34,33,33,33,33,32,32,29,28,28,28,27,27,26,25,25,23,22,22,22,24,22,21,19,20,20,20,21,20,20,21,20,20,19,21,21,21,21,20,19,21,21,21,20,22,23,23,23,23,24
0,100,100,99,96,96,96,93,90,90,86,84,84,81,81,79,79,78,78,77,77,77,77,75,74,75,74,71,69,68,68,69,68,68,69,67,67,67,66,64,63,62,61,61,60,59,58,59,59,59,62,60,60,60,59,59,59,58,55,55,51,51,51,50,49,49,49,47,46,46,47,47,47,45,43,44,46,46,46,48,46,47,48,47,45,45,45,44,45,45,45,45,45,45,45,44,44,45,45,44,43,43,44,44,43,43,43,43,44,45,45,45,44,44,44,44,44,43,41,39,40,39,40,40,39,40,39,40,40,42,43,43,42,42,42,42,42,42,41,42,41,41,41,42,43,43,42,42,42,42,41,41,42,43,42,42,42,40,40,41,41,42,43,43,43,41,41,40,41,39,39,39,39,41,42,42,43,45,46,45,45,43,43,44,41,39,41,42,41,41,42,41,41,41,42,41,43,41,42,40,39,41
0,100,99,96,95,94,92,93,90,89,87,85,84,84,83,81,79,77,77,75,74,73,74,74,74,75,74,72,73,71,68,67,64,65,63,64,66,65,65,65,64,64,63,62,59,59,58,57,55,57,56,56,56,56,53,53,55,52,51,52,55,56,56,55,55,57,56,53,53,53,52,52,52,50,46,46,45,42,43,42,42,41,45,46,46,49,49,47,47,47,46,44,45,45,46,46,45,43,41,40,40,42,42,41,40,40,42,42,41,41,40,39,39,38,38,40,40,41,39,40,41,41,41,39,38,38,38,39,39,39,38,37,36,35,35,35,35,33,34,35,35,34,34,34,34,34,35,36,33,34,34,34,33,33,31,30,30,31,31,32,33,32,32,32,31,29,29,29,29,29,28,29,29,29,29,30,30,30,31,33,34,35,35,33,34,35,35,35,36,36,35,34,32,32,32,31,30,30,30,31,31,30
0,100,96,95,95,95,93,91,89,90,88,86,85,83,83,78,73,71,69,69,66,66,64,63,62,60,59,58,56,55,55,55,55,54,53,49,50,49,49,48,49,49,48,49,52,53,53,54,54,54,51,50,50,49,49,49,47,47,46,45,45,45,45,46,46,45,44,46,46,45,46,47,47,47,48,47,46,46,45,46,46,46,45,45,47,46,46,45,45,46,47,48,46,47,47,45,47,46,46,46,45,44,44,45,43,41,42,40,41,42,42,42,43,43,43,44,43,43,41,41,41,41,40,38,36,37,36,35,36,35,35,34,33,34,35,36,34,33,35,33,34,34,33,33,33,32,32,31,31,30,29,27,25,28,29,29,31,33,34,34,33,32,31,32,33,32,32,30,30,29,29,28,28,29,29,29,28,27,28,29,30,30,30,30,29,28,28,27,29,30,30,31,31,32,32,32,32,33,32,32,31,31
0,100,100,98,96,96,96,94,94,94,92,90,88,84,83,83,82,82,79,80,80,78,77,77,75,72,72,72,71,72,68,67,67,66,64,63,64,63,65,63,63,62,58,56,56,58,55,55,55,54,54,53,53,51,50,49,49,49,48,47,47,46,47,47,46,44,43,42,42,41,40,40,40,42,43,40,41,41,41,40,40,40,41,40,40,38,37,37,37,36,35,36,35,35,35,36,36,35,37,39,40,40,41,42,41,41,40,39,39,40,41,43,43,44,43,43,43,44,42,42,43,42,42,42,40,41,41,40,39,39,38,38,36,33,32,31,29,30,31,32,32,31,31,31,32,32,33,32,30,30,30,31,31,31,31,31,32,32,31,29,29,30,30,31,32,33,32,32,32,35,36,36,34,34,34,34,33,32,32,31,31,31,31,31,30,29,30,32,32,31,31,31,29,30,31,31,31,32,32,32,32,30
0,100,95,93,91,91,88,86,87,87,87,86,85,84,80,77,76,76,75,75,74,72,72,71,69,70,67,66,65,65,65,66,67,69,68,68,67,66,61,61,58,57,56,56,57,56,56,56,54,53,53,54,53,57,56,56,56,54,54,54,55,53,53,54,52,49,48,49,48,49,49,50,50,49,48,48,48,50,51,53,51,50,49,47,50,49,45,44,45,44,44,44,44,44,44,44,44,42,40,41,41,41,41,39,37,37,35,37,38,37,37,37,39,39,39,40,38,38,38,37,36,37,37,38,39,41,41,41,39,39,40,40,42,40,39,39,39,37,36,36,36,35,35,35,34,35,35,34,34,33,32,32,33,33,33,34,31,33,33,35,35,36,35,35,34,34,34,36,36,37,37,36,36,35,34,34,34,33,34,35,35,33,33,32,33,31,29,29,31,32,33,33,32,33,34,33,36,35,35,36,37,37
0,100,97,97,96,94,94,91,89,87,86,86,85,85,86,83,81,82,77,75,72,72,70,70,70,70,67,63,60,59,59,58,57,58,56,55,55,53,56,57,57,56,53,54,53,53,52,55,54,54,54,54,52,53,52,52,50,50,49,50,52,52,53,54,52,51,50,48,46,45,45,43,44,45,46,45,43,45,46,47,47,46,46,46,46,45,44,44,45,45,44,42,43,43,42,42,42,42,43,43,45,45,45,44,46,46,46,46,48,48,47,45,43,42,41,42,41,42,42,41,43,44,44,44,43,43,44,43,41,41,39,38,41,40,38,36,37,37,36,35,36,35,36,37,36,37,36,35,33,33,32,34,31,31,31,30,31,31,30,30,31,29,30,30,29,30,31,30,29,29,30,27,28,28,30,31,32,31,29,29,29,30,29,31,30,30,29,27,29,31,31,32,32,32,30,30,29,29,29,29,26,25
0,100,99,98,97,98,98,97,94,91,89,87,82,81,78,76,75,74,73,73,73,73,70,69,67,67,67,64,64,64,63,64,63,62,58,58,57,56,53,52,51,51,51,50,51,51,51,50,48,48,48,47,50,48,48,47,48,50,50,52,51,50,50,49,49,49,48,47,48,50,49,48,47,47,49,49,48,48,48,48,48,50,50,52,51,48,47,47,43,42,46,47,46,46,46,46,45,45,44,43,43,43,43,44,45,46,45,48,44,43,45,44,44,42,40,41,42,41,43,42,44,43,43,43,42,41,41,41,42,40,42,42,42,41,41,42,41,42,40,39,40,40,40,41,41,39,38,38,38,38,36,34,34,33,34,34,34,34,36,37,34,33,33,33,34,35,34,34,33,33,31,31,31,32,33,34,34,31,31,30,29,29,27,29,29,28,30,28,28,29,28,29,30,30,30,30,26,26,28,29,30,28
0,100,99,98,98,95,92,91,88,84,81,80,79,79,77,76,74,73,72,70,69,67,67,65,64,65,64,62,61,61,61,63,62,61,61,60,59,59,56,57,57,56,56,56,55,54,56,56,55,53,50,50,50,50,49,48,48,46,45,45,44,43,44,42,42,41,41,40,40,40,38,36,36,36,35,36,35,34,34,34,35,35,35,35,36,37,37,39,37,36,36,34,35,35,36,36,35,34,35,35,34,34,33,33,33,32,32,34,34,33,33,33,32,29,29,28,28,28,29,29,28,28,27,27,28,28,28,28,27,26,26,27,27,25,25,26,26,25,25,25,25,25,26,25,25,25,25,25,25,26,26,24,24,24,24,26,25,25,24,24,24,24,26,26,26,25,24,24,24,24,26,27,27,26,26,25,23,24,25,24,25,27,25,25,25,25,24,25,25,25,26,26,28,27,28,30,29,28,28,29,29,28
0,100,96,94,94,94,92,91,89,88,86,88,87,84,81,80,80,78,75,75,75,74,73,71,69,67,67,66,65,65,65,65,64,63,63,62,62,60,61,60,60,60,58,57,55,55,56,56,53,53,54,55,51,51,50,49,49,49,48,47,46,45,44,43,43,44,44,43,42,41,42,44,44,45,47,49,48,47,50,52,52,52,52,50,49,48,48,47,47,49,49,51,52,52,51,51,51,48,47,49,49,49,47,47,47,46,48,48,44,42,41,41,40,38,38,38,39,39,39,38,36,38,38,38,37,37,37,36,36,35,36,36,36,36,36,35,35,34,35,34,34,35,33,33,33,32,32,32,31,31,31,32,32,31,31,28,28,27,26,28,28,28,28,30,29,29,29,30,26,25,24,24,23,22,24,24,25,26,26,27,27,27,27,27,28,30,30,28,27,28,28,29,30,29,29,27,28,26,26,26,26,26
0,100,95,94,93,92,91,89,84,83,80,78,77,76,76,74,71,71,70,70,71,71,70,72,71,70,70,71,70,68,68,69,66,64,59,59,58,58,58,58,58,56,56,56,55,54,51,51,51,49,50,52,52,53,51,51,51,51,51,52,52,51,49,49,49,48,48,46,46,46,45,44,42,43,42,42,42,40,40,41,41,41,43,44,44,44,42,41,40,40,40,41,42,43,40,38,39,38,36,36,37,36,35,34,33,32,29,28,29,28,29,31,31,31,29,28,28,28,27,26,27,28,28,30,30,29,31,31,30,31,33,34,34,33,33,33,36,33,33,33,34,33,35,37,37,38,36,36,35,34,34,34,34,34,34,33,33,35,35,35,34,35,35,35,35,35,34,35,34,35,34,34,34,33,33,34,35,34,35,35,35,35,35,34,31,31,30,31,30,31,30,30,31,31,29,29,29,29,27,30,32,31
0,100,98,97,94,94,93,92,90,88,85,81,79,80,78,75,73,72,73,71,71,68,67,67,65,62,60,60,60,62,61,61,61,60,60,57,55,54,54,52,52,53,51,48,49,49,49,46,44,45,46,46,47,47,47,48,48,48,47,47,47,47,47,47,47,47,47,48,47,46,42,41,41,41,42,43,43,44,44,44,45,43,43,46,46,47,46,45,44,43,44,44,43,44,45,46,44,44,44,45,46,45,43,42,43,40,41,40,39,39,39,38,38,38,37,37,36,37,36,36,36,37,37,37,37,36,36,36,36,36,36,36,36,36,38,38,37,36,37,35,35,34,32,31,30,32,32,31,32,31,31,31,31,30,31,31,32,31,30,30,30,31,31,29,29,29,29,29,30,30,30,30,31,30,30,30,31,31,32,31,31,31,30,30,30,30,31,31,32,34,34,35,34,34,34,34,34,34,34,33,34,35
0,100,97,97,97,94,93,92,89,89,87,87,84,83,82,82,82,80,78,78,78,76,75,74,73,73,72,70,68,68,66,64,61,59,57,56,55,53,53,52,51,51,51,52,52,53,52,53,53,52,50,50,49,48,48,49,49,49,46,45,45,45,47,47,45,45,44,43,41,41,41,41,44,44,44,45,46,46,46,46,46,45,44,44,45,42,40,41,41,41,42,42,42,38,40,42,40,42,41,42,40,39,40,40,40,38,36,39,38,38,38,39,39,38,37,37,36,35,36,36,37,36,34,35,34,35,35,35,35,35,36,36,37,37,38,39,38,38,37,38,38,38,38,39,39,40,41,42,41,40,40,41,41,42,41,40,39,39,39,38,38,38,38,38,38,38,39,38,38,38,37,38,38,37,37,35,35,35,35,32,33,32,31,32,32,33,32,32,32,33,32,32,33,31,32,31,33,30,30,29,28,28
0,100,98,96,95,94,92,89,89,87,86,83,83,83,81,79,77,77,76,76,72,72,71,72,72,72,73,70,67,68,67,68,69,66,65,64,62,62,60,59,56,55,55,55,55,56,57,57,56,58,58,57,56,58,58,59,57,56,55,55,55,55,54,54,53,53,53,51,52,52,52,51,51,49,50,49,49,48,47,47,46,48,47,47,47,47,46,44,43,42,40,41,41,40,39,40,40,38,38,38,38,38,38,38,38,39,37,37,37,39,38,39,39,38,36,36,35,34,34,35,33,32,32,31,30,29,29,30,30,31,31,31,33,33,33,34,33,33,32,31,30,30,33,31,32,32,33,33,34,35,36,35,35,35,37,37,36,36,33,30,30,30,33,32,32,31,31,31,29,30,29,28,27,28,30,30,30,30,30,30,29,30,28,27,27,27,27,27,28,28,28,28,28,29,28,27,26,26,27,29,29,28
0,100,98,97,96,92,88,89,87,83,81,79,78,78,79,77,77,78,77,77,77,76,74,71,70,70,69,69,68,67,66,64,62,60,59,60,59,58,58,57,56,56,55,54,52,51,51,50,51,52,50,50,51,52,52,51,48,49,47,45,44,41,42,43,44,45,45,43,42,42,41,41,41,38,38,38,36,36,37,36,37,37,38,35,35,35,33,34,35,34,35,35,35,33,32,33,34,35,35,35,36,36,36,36,36,35,36,38,37,36,35,34,31,30,31,32,32,32,31,32,32,31,31,30,30,30,30,32,34,35,36,36,36,37,36,35,35,35,33,34,33,32,32,30,30,29,30,29,30,30,30,30,32,32,30,27,28,25,25,24,25,25,25,26,26,26,26,26,26,25,24,26,27,28,27,27,27,27,27,27,27,27,28,29,28,27,26,27,27,27,29,30,30,31,31,31,31,31,30,30,30,30
0,100,100,97,96,93,90,91,88,87,84,83,81,78,72,72,71,69,69,68,67,66,66,64,65,64,62,64,66,65,62,61,62,63,65,63,61,62,61,61,59,58,59,60,59,59,60,59,59,58,56,54,53,54,54,52,50,50,50,50,51,52,53,50,49,47,47,45,44,44,43,44,45,43,43,42,40,41,43,44,46,46,45,45,48,48,47,46,46,45,45,46,46,45,43,43,45,44,41,39,40,42,41,40,40,39,40,40,39,39,39,40,38,37,40,39,39,40,39,39,37,36,36,36,37,36,37,37,37,37,36,36,36,36,36,36,37,37,35,34,34,34,34,35,35,34,35,35,36,37,37,36,32,30,29,29,32,32,33,33,34,35,35,35,35,35,34,33,33,34,34,34,33,32,30,31,26,27,27,27,28,28,28,27,28,28,28,28,29,31,31,31,31,31,31,30,31,28,28,28,29,29
0,100,100,96,94,92,89,88,86,81,79,80,82,80,76,75,74,75,74,74,73,72,71,69,69,69,71,71,71,68,69,67,66,65,64,64,64,63,64,66,67,65,64,62,60,57,55,55,55,54,56,54,54,54,54,54,54,54,55,54,55,55,55,54,54,53,51,51,51,48,48,47,47,47,48,46,47,46,46,44,44,43,40,40,42,42,40,40,39,40,40,38,37,38,39,38,39,41,41,39,38,39,40,40,40,41,41,39,40,40,41,40,40,41,38,38,36,35,35,34,33,33,34,36,36,38,39,40,41,41,38,38,40,40,41,41,40,40,39,39,40,39,37,38,37,37,37,38,38,39,37,38,37,37,37,39,38,38,37,37,37,38,37,37,37,35,35,35,36,35,35,35,33,34,33,33,33,35,34,34,34,34,34,34,33,33,33,36,35,34,31,31,31,30,29,30,32,32,32,31,30,30
0,100,100,99,96,94,93,93,90,88,83,81,81,79,76,74,74,74,74,73,73,72,72,71,69,66,65,65,64,65,66,65,65,67,67,68,68,68,65,65,65,64,64,62,61,61,56,56,56,55,54,52,53,55,54,54,55,55,55,54,52,53,47,47,48,47,48,46,44,43,43,43,44,44,43,42,42,43,44,44,42,43,43,41,40,38,39,39,36,36,36,37,34,34,33,33,33,32,31,33,35,35,35,35,33,34,33,33,33,33,33,33,33,31,32,32,33,33,34,34,31,31,31,31,31,31,33,34,33,33,32,32,32,32,30,29,30,30,31,31,33,32,31,31,30,29,29,29,30,30,29,29,32,31,33,33,30,30,30,29,28,28,28,29,28,28,29,29,29,29,30,30,31,31,30,30,32,32,32,32,32,29,29,28,28,28,28,28,30,28,28,28,27,27,29,29,31,32,32,33,33,33
0,100,98,97,97,92,90,88,88,88,88,86,83,83,81,79,79,79,76,76,74,73,73,71,70,69,67,67,66,65,63,62,61,59,58,56,56,55,54,54,55,54,54,54,53,54,53,55,55,56,54,53,51,48,47,48,47,47,47,47,45,43,44,45,44,44,45,45,44,45,44,44,45,46,44,45,43,44,44,43,43,42,42,42,42,41,41,41,42,40,40,40,38,38,38,37,36,33,33,32,32,33,32,33,34,36,36,37,37,38,36,35,35,35,35,35,35,34,35,35,33,32,32,35,35,37,38,38,37,36,36,36,37,38,37,38,38,36,36,37,37,37,36,34,33,33,32,34,33,31,28,27,27,26,26,26,26,25,24,28,28,29,29,30,29,30,30,29,27,26,26,26,28,28,29,28,28,29,28,28,30,30,31,31,31,32,31,32,31,31,32,32,33,33,33,34,36,37,37,38,35,34
0,100,98,97,97,95,94,93,93,93,91,90,88,88,87,87,86,83,82,80,79,79,76,75,75,73,71,72,70,70,69,70,71,70,69,70,72,70,69,71,69,70,69,66,69,68,66,66,67,66,64,63,61,60,59,59,57,57,55,55,57,56,56,57,57,58,59,56,56,57,55,55,53,53,52,52,50,49,48,48,44,45,45,45,45,44,45,45,43,42,42,43,45,46,44,43,43,44,44,44,44,42,42,42,42,42,42,41,39,39,38,37,38,39,40,40,38,40,40,38,40,43,44,44,42,43,43,43,44,43,41,41,40,39,39,39,38,37,39,38,39,39,39,38,39,40,38,38,39,38,37,38,39,40,39,37,37,36,35,35,34,33,33,33,33,32,31,31,32,32,31,32,32,29,28,28,28,29,30,29,30,30,32,32,32,33,32,30,30,31,29,27,26,24,26,26,26,28,31,31,32,33
0,100,99,97,94,92,92,91,92,90,89,85,83,82,82,81,78,75,71,69,68,69,69,67,65,64,64,61,58,59,59,59,58,58,59,58,58,58,56,56,55,55,54,55,55,54,56,57,54,53,53,53,53,51,51,49,50,47,46,45,47,47,48,46,45,46,46,45,44,45,46,46,46,46,44,44,43,40,40,39,39,41,43,43,45,43,43,44,44,43,45,43,43,42,42,43,40,40,39,40,40,41,41,43,41,41,42,44,45,44,43,42,41,40,38,37,36,35,33,34,35,34,36,34,34,33,33,34,35,35,35,35,36,34,33,33,33,33,33,32,32,32,31,31,31,32,31,33,33,33,34,33,33,33,33,33,32,31,30,30,33,31,31,30,30,31,33,32,32,32,32,31,32,32,32,32,32,32,33,33,33,33,34,34,34,34,34,34,33,33,30,30,30,30,29,28,29,27,27,27,26,27
0,100,99,97,97,95,93,92,90,90,89,87,86,86,85,86,86,84,82,81,79,79,77,77,79,74,74,71,70,70,70,71,70,69,68,68,69,67,65,63,63,61,62,62,62,61,61,63,62,60,63,64,65,66,66,64,64,62,61,61,57,57,56,55,55,56,56,56,55,55,54,55,55,55,57,55,54,53,53,54,54,52,53,52,51,51,47,47,45,43,43,42,42,42,42,41,41,41,41,41,40,41,43,42,43,42,38,38,39,38,37,38,38,38,39,38,36,36,34,34,31,33,32,33,33,33,33,33,32,32,32,32,30,30,30,30,30,31,29,30,30,31,31,33,33,33,32,32,34,33,33,32,33,35,35,36,37,38,37,36,36,36,35,34,34,33,34,33,33,32,33,33,33,33,33,33,33,33,32,31,31,32,31,31,32,32,32,32,31,30,29,28,29,29,29,28,29,27,26,25,24,23
0,100,97,95,94,94,93,92,91,90,87,85,83,82,82,78,75,74,74,74,73,71,71,71,70,66,67,65,66,64,63,61,60,60,60,60,59,56,54,55,56,53,50,50,49,49,46,45,42,41,43,42,43,45,45,46,47,47,48,50,47,48,46,47,48,50,50,50,49,50,50,49,49,48,46,46,47,47,47,47,47,45,45,42,42,42,42,42,41,41,41,42,41,41,41,40,41,42,42,42,42,42,42,45,46,45,45,43,42,42,41,40,39,39,38,38,37,39,37,37,37,37,37,35,36,36,36,35,35,31,32,32,31,30,29,28,27,28,30,30,30,27,27,28,28,29,29,30,30,29,30,29,29,31,32,32,32,30,31,30,28,29,29,32,33,33,34,34,34,35,35,36,36,36,34,36,36,36,36,34,34,34,33,34,34,33,33,32,31,32,32,32,33,34,35,36,36,35,35,34,30,29
0,100,100,96,94,94,92,92,90,89,88,86,87,86,85,83,79,77,77,76,76,75,75,72,71,69,67,64,60,60,58,58,56,56,56,54,54,54,54,54,52,47,47,48,47,46,46,46,44,45,44,46,46,43,44,44,42,41,39,39,39,39,40,40,40,39,38,39,40,41,43,43,46,43,43,41,38,36,36,36,36,36,36,35,35,35,33,33,35,32,34,34,34,33,34,33,33,33,34,35,35,36,36,37,36,34,34,34,34,36,37,37,36,36,36,36,37,37,37,37,37,35,33,33,34,34,35,35,35,35,35,37,37,37,38,39,39,38,37,39,37,36,34,33,33,33,32,31,31,31,32,33,34,35,35,35,35,34,34,34,34,32,30,30,30,32,32,32,32,31,31,30,29,29,28,28,27,27,28,28,28,27,27,28,29,29,30,30,31,31,31,30,30,30,30,29,27,27,26,24,24,24
0,100,98,95,92,92,90,90,84,83,83,82,80,78,78,80,77,77,77,74,74,69,68,67,68,68,69,69,68,65,65,64,62,61,62,63,61,60,59,61,61,60,59,59,59,59,58,59,58,59,57,57,54,53,54,55,56,56,54,54,54,56,56,56,56,54,53,53,53,54,53,53,51,51,52,52,51,48,48,46,45,44,43,42,41,40,41,41,38,39,39,40,41,40,40,41,40,40,43,41,42,41,41,41,41,40,39,39,39,38,38,38,37,37,36,36,37,36,36,34,34,35,35,35,36,35,35,33,31,29,31,31,29,30,30,30,29,29,28,28,32,31,31,31,29,28,27,29,29,29,27,27,25,25,26,26,28,28,29,29,30,30,29,29,29,29,29,28,28,29,29,30,31,31,30,31,31,31,30,29,27,26,25,25,25,26,26,26,25,26,26,26,27,27,26,25,24,25,24,25,25,26
0,100,98,96,93,92,91,90,87,85,82,78,78,76,73,71,69,67,65,65,64,64,64,65,65,63,62,61,60,59,58,56,55,57,56,56,57,56,54,56,56,55,55,57,57,56,56,55,55,56,57,58,55,54,53,54,55,53,49,49,48,48,48,48,48,50,49,49,49,47,48,48,48,49,46,48,46,46,48,47,48,47,47,44,44,44,45,46,46,47,48,45,45,44,41,41,41,41,41,39,40,40,42,43,41,39,38,39,40,39,39,36,36,36,36,38,38,40,40,41,40,40,40,40,41,44,43,43,43,43,43,44,44,44,44,43,43,42,42,40,40,38,37,34,33,33,31,31,31,32,35,34,33,33,32,32,33,33,33,32,34,33,33,31,30,31,33,32,30,31,31,31,31,31,31,30,30,30,29,29,31,30,31,31,30,30,30,29,29,29,29,28,29,27,28,29,28,28,28,28,28,29
0,100,99,98,95,93,92,92,90,85,85,82,84,84,82,81,81,79,80,81,79,79,78,76,74,72,71,71,73,72,72,72,71,69,68,66,60,58,58,57,56,58,59,56,57,55,53,54,54,54,53,53,54,56,56,55,53,53,55,54,54,54,55,57,57,57,54,55,54,54,54,53,53,53,51,49,48,46,44,44,45,44,43,40,39,39,39,39,40,39,37,37,35,37,35,34,32,33,33,33,31,30,30,30,29,27,27,26,27,27,27,28,27,28,29,29,27,26,27,27,27,26,27,28,28,27,25,24,24,25,26,26,25,27,29,29,28,27,28,28,27,27,27,27,28,29,29,29,28,28,28,27,27,26,26,27,26,27,26,26,27,26,26,27,28,28,28,29,30,30,30,30,30,29,27,29,31,29,28,27,28,27,29,31,29,31,31,31,31,32,33,33,32,33,32,31,31,31,30,30,29,30
0,100,99,95,92,91,88,86,85,84,80,80,80,78,79,77,76,75,73,73,71,71,71,73,72,72,70,70,71,71,69,70,69,68,66,65,62,61,60,59,58,57,59,58,59,60,60,60,59,59,57,57,56,55,54,55,56,52,51,50,50,49,51,50,49,48,47,46,47,47,47,48,47,46,46,47,47,45,47,46,48,48,46,46,44,43,44,42,39,38,38,38,38,37,37,37,38,37,38,38,37,37,36,37,37,37,38,39,40,41,42,39,40,41,39,39,39,39,40,40,41,42,40,37,38,39,39,40,40,38,38,37,37,37,38,38,37,37,37,38,39,38,37,37,39,36,36,35,35,34,34,34,33,34,35,35,35,33,33,33,33,34,34,33,33,34,36,36,37,34,34,34,34,36,36,37,38,38,38,38,37,37,37,35,35,35,37,36,36,36,36,36,34,33,32,32,32,30,29,29,28,26
0,100,98,98,95,95,94,93,91,90,89,88,84,82,82,81,82,81,81,80,76,76,75,76,75,73,72,68,65,63,65,66,65,65,62,63,62,64,64,64,64,65,65,64,64,65,63,62,62,60,60,60,58,57,56,55,54,53,52,53,53,51,50,49,48,47,47,47,47,47,46,46,45,43,41,40,40,40,42,43,43,43,44,44,42,42,43,42,40,40,41,41,42,41,40,41,41,41,42,43,43,43,44,46,46,44,44,45,45,46,45,45,47,47,47,47,45,43,44,46,45,44,44,42,44,44,44,45,43,42,43,42,40,42,41,41,41,40,40,39,38,38,37,36,35,35,34,34,34,32,30,29,28,28,28,27,27,27,27,28,30,30,30,30,30,30,30,30,29,30,30,31,31,31,31,32,31,30,32,33,34,32,32,32,31,31,31,30,30,29,30,30,32,32,32,32,32,31,31,31,29,29
0,100,97,93,90,90,90,89,85,85,86,86,85,84,80,79,75,75,73,70,70,72,72,70,68,66,63,63,62,62,63,64,63,62,61,59,58,57,58,58,58,58,58,57,57,57,56,54,53,51,51,53,51,50,49,49,51,50,49,50,48,46,45,44,44,45,45,46,47,48,47,45,45,44,43,40,40,41,40,41,41,40,40,38,37,37,39,41,41,41,40,40,39,39,39,40,41,42,42,42,42,41,42,40,40,40,40,38,38,37,38,39,40,40,39,39,39,39,39,40,40,41,41,42,39,37,37,38,39,37,35,33,32,32,35,34,36,37,37,37,37,38,39,38,40,40,39,38,36,34,34,35,34,33,33,34,33,33,31,30,30,30,32,31,31,32,32,30,29,28,29,30,30,31,30,30,30,29,30,31,31,31,32,31,31,31,27,25,26,26,27,27,27,25,24,25,24,23,24,23,21,21
0,100,98,97,94,89,88,86,85,84,82,81,80,80,80,81,82,80,78,76,76,73,71,71,71,70,68,68,66,65,65,64,62,63,63,62,62,60,59,58,57,59,54,53,54,55,53,53,53,53,52,54,54,53,53,53,54,52,53,53,53,52,52,52,55,55,55,55,51,52,51,52,50,49,49,49,49,47,47,46,47,46,45,45,44,44,43,43,42,42,42,41,42,42,41,41,40,37,37,39,39,38,37,37,37,38,37,38,38,38,38,38,38,38,39,39,39,39,38,37,37,38,40,40,40,40,40,40,40,40,39,38,37,37,36,36,37,35,34,35,37,37,37,36,35,34,35,34,32,32,29,30,31,30,30,31,29,30,30,30,30,27,27,27,29,31,31,28,28,28,29,29,28,28,28,28,29,30,30,30,30,30,29,29,28,26,25,25,25,25,24,23,22,23,21,23,26,27,27,27,27,26
0,100,98,96,95,94,94,92,91,90,88,87,84,82,79,77,74,73,72,70,70,68,68,68,65,64,64,63,62,62,59,58,57,58,57,55,55,54,54,52,50,49,49,48,48,45,44,45,45,42,42,43,43,41,41,42,43,44,44,45,45,46,46,47,45,45,45,45,45,46,45,44,42,44,42,42,43,41,40,40,39,40,39,39,39,39,39,36,35,35,34,34,34,36,35,34,34,36,37,36,36,38,38,36,34,33,32,34,33,32,33,33,32,32,31,33,32,32,33,32,33,33,33,32,30,30,30,31,32,32,31,31,31,31,30,32,33,33,32,30,31,27,27,29,28,27,27,26,26,23,24,24,24,25,25,24,24,24,24,23,23,24,23,24,22,22,22,20,21,21,20,20,20,21,20,20,20,21,21,21,21,20,20,19,19,19,19,19,19,20,21,23,23,22,22,23,24,25,23,23,26,27
0,100,99,97,94,92,89,86,85,85,83,82,80,79,77,77,77,77,76,72,71,71,70,68,67,67,66,67,63,62,60,58,58,57,54,52,52,53,53,52,52,52,50,51,51,52,52,50,50,48,47,46,45,44,45,45,46,46,47,48,47,46,45,45,45,47,48,48,46,44,44,44,45,43,42,41,38,38,37,36,36,37,37,36,35,32,34,33,35,35,36,37,36,35,35,35,34,34,33,33,34,35,35,35,37,36,35,34,32,33,34,33,31,29,30,30,29,30,30,32,33,33,32,33,34,33,33,32,32,30,30,30,29,28,29,30,31,31,30,32,31,32,33,34,35,35,35,35,35,34,31,32,32,32,31,31,32,34,35,36,36,35,35,34,34,33,34,34,34,34,32,31,31,29,30,30,29,27,27,29,30,28,26,25,26,28,28,28,28,29,30,29,28,28,28,28,26,26,25,24,24,25
0,100,100,97,96,95,93,93,92,87,84,84,84,82,81,81,80,77,77,74,73,71,69,68,69,68,67,68,67,66,66,64,64,64,65,65,62,61,60,56,55,56,55,52,50,49,50,50,52,51,50,49,47,47,46,46,44,43,43,43,44,45,43,44,44,45,46,46,45,44,44,43,45,43,43,43,45,44,42,40,40,39,39,39,39,38,38,41,41,41,41,42,41,41,39,39,39,37,37,36,38,36,35,35,35,36,35,35,35,34,35,35,34,34,33,32,33,31,33,33,33,33,32,31,31,32,32,33,32,33,32,31,33,33,33,33,33,33,30,31,31,31,31,30,29,29,27,29,29,27,26,28,29,30,30,32,31,30,29,28,28,27,28,28,28,28,27,27,28,27,26,27,27,27,27,25,25,25,26,27,27,27,27,26,28,28,28,28,28,27,25,25,25,26,26,26,25,25,28,29,30,30
0,100,98,93,92,91,89,86,83,83,81,79,77,76,74,75,74,70,67,65,63,61,59,57,55,58,58,56,56,56,53,52,52,52,51,50,52,51,51,51,51,51,50,49,47,46,46,44,45,46,46,46,45,44,43,43,43,43,44,43,42,41,38,38,38,38,36,36,36,36,36,35,34,33,33,36,35,36,36,35,35,36,38,39,38,38,38,38,37,39,38,39,38,37,37,37,36,38,39,39,37,38,38,38,39,36,38,37,35,33,33,34,35,34,35,35,35,33,34,35,35,36,35,36,36,36,36,36,37,36,37,37,35,35,35,33,32,32,32,34,34,34,32,31,31,32,31,30,30,31,30,28,28,29,30,30,30,34,33,32,31,32,28,27,28,28,29,29,30,30,30,29,30,31,30,29,29,29,30,30,29,29,27,28,29,28,28,28,29,29,29,29,26,27,27,27,26,25,24,24,25,25
0,100,99,98,93,93,93,89,88,84,81,77,77,74,72,72,72,72,71,70,68,66,65,65,66,66,64,64,62,62,58,57,56,57,55,55,55,55,54,55,56,56,55,54,53,52,51,52,51,50,50,50,50,49,49,49,49,49,48,48,48,47,47,47,48,45,46,47,47,46,47,45,43,42,42,42,42,42,43,42,41,43,42,45,44,44,42,41,42,42,42,42,42,43,41,42,43,44,42,42,43,42,40,39,39,38,39,40,39,37,36,36,37,37,37,35,36,38,39,40,40,40,39,40,40,39,37,35,35,36,36,35,35,36,36,37,37,36,35,35,36,36,36,35,36,36,34,33,35,34,33,33,33,33,33,34,33,33,33,32,32,32,31,33,32,33,32,33,33,33,31,31,33,33,34,35,36,35,35,36,36,35,34,32,31,32,32,31,26,26,27,27,26,25,24,24,25,24,24,26,26,27
0,100,98,97,93,91,91,90,89,86,85,85,82,80,79,75,76,75,74,73,75,73,73,71,69,67,68,69,68,69,67,67,68,66,66,65,64,64,62,65,65,66,64,62,59,56,56,55,55,55,54,54,55,58,60,62,62,63,63,64,62,64,61,60,60,64,64,64,62,62,62,62,59,58,57,54,53,53,53,53,54,53,52,52,51,51,49,49,46,46,47,48,50,50,50,50,50,48,49,49,51,52,50,50,49,49,50,50,52,52,53,52,51,51,51,49,50,48,48,46,45,46,46,46,47,47,47,47,45,46,44,44,44,43,41,41,42,42,43,42,39,39,39,37,36,34,33,32,32,33,33,33,32,33,33,32,33,33,33,33,35,34,35,36,37,36,36,35,33,36,37,37,37,37,37,37,36,37,36,34,34,33,31,32,32,32,31,32,31,33,33,33,33,33,32,33,31,31,27,27,27,27
0,100,100,99,97,91,90,90,87,87,83,79,77,76,75,75,75,73,73,71,70,68,67,67,67,67,66,67,66,64,65,67,67,66,65,65,65,65,66,66,66,64,64,65,63,62,61,61,60,58,58,58,57,59,59,60,58,57,56,55,52,51,51,50,49,49,47,46,46,43,41,44,44,44,44,45,45,45,47,48,48,47,48,47,46,46,45,44,44,45,46,47,46,47,45,46,45,45,45,43,43,44,44,43,42,43,41,41,41,42,42,41,39,38,38,38,38,36,36,34,36,36,38,37,36,36,36,36,35,37,38,37,36,35,34,34,34,34,33,33,32,31,32,32,32,31,30,29,30,30,32,31,30,30,30,30,30,31,32,32,31,31,33,34,33,33,33,33,33,32,31,30,30,29,28,28,30,30,31,31,29,30,31,30,29,29,27,30,30,30,31,31,29,27,27,26,25,25,27,25,26,26
0,100,98,97,96,93,93,92,89,88,87,85,84,83,81,78,77,73,73,73,72,72,74,73,73,72,72,70,69,63,63,61,61,59,58,59,56,56,56,59,59,56,56,56,54,53,53,53,51,50,50,48,47,46,47,45,44,44,45,46,46,47,48,49,52,54,53,51,49,50,52,52,52,51,49,49,49,49,51,50,52,50,49,50,46,45,46,48,45,45,46,46,47,47,42,42,43,42,42,42,44,44,43,42,42,42,37,37,38,38,38,38,38,38,37,36,37,37,38,38,38,40,41,39,40,39,39,39,37,37,39,38,40,40,39,41,41,39,38,38,38,37,37,37,37,37,39,38,38,38,39,37,35,37,35,36,36,35,35,35,34,34,34,35,33,34,35,35,34,35,36,35,36,36,37,37,36,34,36,35,33,34,35,35,36,36,34,34,33,33,33,30,30,30,29,29,29,29,29,29,28,30
0,100,99,98,97,94,93,92,90,90,90,87,86,85,84,84,85,85,84,83,80,80,78,78,77,72,71,70,70,71,72,73,73,73,70,69,71,71,71,71,70,69,68,66,66,67,68,68,69,68,68,67,67,66,64,62,62,62,62,62,61,60,60,58,58,58,55,53,53,50,51,52,52,52,52,53,53,53,53,52,50,51,52,52,53,52,51,48,48,47,46,45,44,44,44,44,42,42,40,40,40,37,37,36,37,36,34,34,34,36,35,38,35,35,36,35,36,36,36,34,33,31,33,34,34,34,37,37,35,36,38,38,38,37,36,36,36,35,34,35,33,32,34,32,30,31,30,30,30,30,31,30,30,30,31,30,30,28,28,30,33,34,34,34,34,33,32,34,34,34,34,33,32,33,35,33,33,33,33,33,32,31,30,32,32,32,32,32,32,32,31,32,32,31,32,34,33,32,31,30,32,32
0,100,99,96,96,94,92,93,89,85,82,82,79,76,77,76,78,78,76,73,70,68,68,66,66,67,66,66,63,61,60,59,58,58,58,55,55,56,56,56,55,55,54,54,53,52,52,53,53,52,52,52,52,51,51,50,51,51,53,53,51,50,49,48,46,48,46,44,45,46,46,44,43,44,44,44,43,44,42,44,43,45,45,45,45,44,42,39,38,38,39,40,41,41,40,43,42,43,41,41,41,41,40,40,41,42,40,40,40,40,39,36,36,36,36,37,38,39,41,40,39,39,38,38,36,36,35,36,35,35,33,33,31,32,32,32,31,31,32,32,32,32,33,34,34,34,33,33,34,34,35,37,37,36,36,37,37,38,39,38,38,37,36,36,37,36,35,36,37,37,38,39,39,37,36,34,34,33,32,30,31,31,31,31,31,30,29,28,27,27,26,25,26,26,26,26,27,26,25,26,26,26
0,100,96,94,93,92,88,87,87,84,84,83,82,80,77,76,73,74,72,70,70,70,70,70,70,69,68,68,68,66,67,65,65,65,65,63,61,60,60,60,59,58,59,59,58,54,56,54,53,53,52,50,48,51,51,51,51,50,51,51,50,48,48,49,51,50,50,49,48,48,49,48,48,48,48,49,49,48,45,43,41,41,42,43,44,43,43,41,40,41,42,42,41,40,40,39,40,40,40,39,39,38,38,37,37,35,36,34,34,35,36,36,35,36,36,36,35,35,34,34,34,34,34,34,33,34,34,34,34,34,33,33,35,35,35,34,33,34,34,33,35,36,35,35,36,36,35,34,33,33,33,33,34,34,34,34,35,34,34,34,33,33,33,32,32,33,34,34,34,33,32,32,31,30,29,29,29,29,29,29,29,29,28,29,27,28,28,28,28,28,28,29,28,27,27,27,27,28,28,28,27,28
0,100,99,96,91,91,89,87,84,84,83,81,80,79,77,76,75,74,72,72,71,70,70,69,68,67,66,65,66,64,65,62,61,57,57,57,56,56,56,55,55,55,55,55,54,54,51,48,46,47,46,46,47,46,47,48,46,47,47,47,48,48,47,47,47,45,45,47,47,47,46,44,43,41,41,41,38,38,39,41,39,40,38,37,37,37,37,37,37,37,39,39,37,37,37,38,38,38,38,38,38,38,38,38,38,38,38,37,36,36,36,35,35,35,34,32,32,33,31,30,31,30,30,30,30,30,31,31,33,34,33,34,34,34,34,36,36,38,38,37,37,37,37,37,37,36,35,36,36,36,36,36,38,36,36,36,36,34,34,33,34,34,34,33,33,33,32,32,33,33,33,33,32,32,32,31,30,30,29,30,30,31,32,32,31,33,33,32,31,30,29,30,31,30,30,30,29,29,29,29,29,28
0,100,98,96,94,93,92,90,90,89,89,88,86,85,86,85,84,83,82,78,78,77,76,75,71,71,67,66,66,61,60,59,57,57,57,57,56,56,55,55,54,56,56,56,56,57,56,55,55,56,57,57,56,57,57,56,56,57,58,58,57,57,56,56,53,54,51,49,46,49,46,46,45,47,46,43,41,40,40,40,38,36,36,36,33,35,36,35,36,37,36,37,35,36,35,34,34,34,37,37,36,35,36,35,34,34,35,36,37,37,37,37,37,36,37,36,36,35,36,35,35,35,35,36,36,36,36,36,34,33,33,34,32,32,32,31,32,32,32,32,34,34,35,34,34,33,33,34,33,32,32,33,34,36,36,36,36,38,38,36,38,38,38,36,36,36,36,35,34,34,32,31,33,33,33,32,31,30,30,29,30,30,31,30,30,30,30,30,30,30,30,32,33,33,34,34,33,33,33,33,33,33
0,100,100,99,95,93,93,92,92,91,88,86,84,82,81,78,76,75,74,72,71,70,68,66,66,65,65,65,65,64,65,63,63,63,62,62,61,58,57,55,55,54,56,57,58,57,57,58,59,58,57,57,57,56,57,57,57,55,56,54,53,52,54,53,54,53,52,52,51,51,51,47,49,50,51,52,53,53,52,52,51,51,50,50,51,52,53,54,52,53,52,51,51,50,50,50,49,48,47,47,49,51,51,48,47,47,48,47,48,48,48,46,45,45,45,44,44,44,44,44,44,44,43,42,42,40,41,40,41,40,41,40,40,40,39,41,41,42,42,42,43,44,41,42,42,40,41,39,38,39,39,39,42,44,43,42,43,43,43,44,45,46,47,48,48,48,48,46,46,45,45,45,43,42,40,40,40,41,38,38,38,38,39,40,39,38,38,37,37,37,37,37,38,39,39,40,41,41,42,42,43,44
0,100,99,95,92,92,90,86,82,80,78,75,74,74,73,71,71,71,70,71,70,69,71,71,71,71,69,70,69,70,71,71,72,72,72,71,72,71,71,72,70,68,66,64,63,62,61,62,59,60,59,58,58,59,59,59,59,59,59,57,56,56,56,57,58,57,58,59,59,59,59,58,58,55,52,50,50,50,51,51,49,49,48,48,46,46,47,46,46,47,47,47,46,47,47,47,46,44,44,44,45,43,41,41,41,41,41,41,42,42,41,43,45,45,43,41,42,43,44,44,41,41,41,41,41,42,41,41,40,42,42,43,41,42,45,47,47,46,46,45,45,43,43,42,39,37,36,35,36,38,36,36,36,34,34,33,33,32,32,31,32,32,32,32,32,31,31,32,32,32,31,28,26,24,22,22,22,22,23,24,24,24,24,25,25,24,26,26,26,27,27,29,28,27,28,27,26,26,26,27,28,28
0,100,97,94,94,92,91,90,90,89,89,89,87,85,85,82,82,80,77,76,76,74,70,68,67,65,63,62,63,63,63,62,60,60,60,57,53,54,52,53,56,56,56,57,57,53,53,52,52,50,50,51,51,49,49,49,51,51,50,49,47,48,45,46,46,43,43,42,40,41,42,41,41,42,42,42,42,41,41,42,40,41,42,42,41,41,40,40,39,40,41,42,43,42,44,45,45,45,45,44,43,42,41,43,42,43,43,43,44,44,43,42,41,43,43,42,42,42,42,41,41,42,40,38,35,35,35,35,34,34,34,36,37,36,36,35,33,34,33,31,30,30,30,28,29,29,29,31,29,30,30,31,31,31,31,32,29,29,29,29,30,31,31,32,32,32,32,31,34,32,31,33,32,32,31,31,30,30,30,29,28,28,26,25,25,25,27,26,26,27,28,27,27,27,28,28,28,28,27,27,26,26
0,100,100,97,95,95,90,91,91,91,92,92,91,89,88,85,86,85,82,79,78,78,76,76,76,76,75,74,71,69,71,71,71,68,68,67,65,63,61,62,63,62,61,60,59,59,59,58,58,57,58,57,56,56,56,57,57,55,52,50,50,49,49,50,51,52,50,51,51,48,51,47,49,48,49,49,48,47,47,47,46,48,47,45,45,46,46,45,45,44,45,46,47,46,46,46,46,46,47,46,46,46,45,45,42,44,44,45,43,43,45,46,46,47,46,47,47,48,49,49,48,48,47,46,43,44,43,40,40,39,36,36,36,36,37,37,37,37,36,35,35,35,36,36,36,36,36,34,34,32,32,32,31,29,29,27,26,25,24,25,22,23,22,23,23,21,22,22,22,22,22,22,20,21,20,21,21,21,20,20,21,21,21,21,21,20,19,20,21,21,21,20,18,19,19,20,21,21,21,21,22,23
0,100,98,94,91,89,89,88,82,79,77,76,77,77,75,74,73,72,70,67,66,63,62,59,58,52,54,56,54,54,52,52,52,51,49,50,50,52,51,54,52,52,50,49,49,48,48,44,46,44,43,42,42,42,40,40,41,40,41,41,40,39,39,39,38,38,37,37,36,36,37,36,38,38,38,40,40,40,41,42,41,42,42,41,40,40,40,38,39,39,41,40,40,40,41,41,41,42,40,38,37,37,39,40,39,38,39,37,37,37,38,38,38,41,40,39,40,37,36,35,36,36,32,30,30,28,28,28,28,29,28,29,29,28,27,28,28,28,28,28,28,28,27,27,27,27,29,27,27,27,28,29,28,29,29,27,26,27,27,26,26,26,25,25,24,27,29,28,28,27,27,26,26,25,25,26,26,25,25,24,23,23,23,23,23,23,23,22,23,21,21,23,23,24,25,24,24,24,22,22,22,22
0,100,99,98,98,98,96,93,89,88,86,85,82,82,82,83,81,80,79,78,77,74,73,72,71,72,71,71,69,66,66,66,66,66,67,63,62,59,59,58,55,54,52,51,49,51,50,50,50,51,50,49,48,48,48,46,45,45,44,44,44,43,44,45,45,44,44,44,45,45,41,40,40,38,38,37,36,35,36,36,37,37,37,36,38,39,37,37,37,38,40,41,42,40,40,38,40,38,39,39,38,37,36,37,36,36,39,40,39,37,38,37,36,36,37,34,33,29,30,32,32,32,31,31,31,32,31,30,31,31,28,27,28,28,28,29,28,29,27,27,27,25,26,23,23,22,23,23,19,19,19,20,20,20,20,20,19,20,21,22,23,23,24,24,24,24,23,23,24,25,25,25,25,26,26,26,25,24,26,25,25,26,26,26,26,26,26,26,25,25,26,26,26,26,26,25,26,24,25,26,24,24
0,100,97,94,92,90,88,87,85,81,80,79,79,79,76,76,76,74,71,73,72,72,70,68,66,64,65,65,66,67,66,64,61,60,59,59,61,60,60,59,58,56,58,57,56,56,55,55,54,53,51,50,51,50,49,48,47,47,47,47,47,46,46,46,45,45,47,47,47,47,46,46,46,45,46,47,46,47,47,46,45,44,41,42,41,41,42,42,41,42,42,41,42,42,44,41,42,41,43,43,42,40,39,40,39,39,39,39,38,39,39,39,38,38,38,38,38,38,38,38,38,39,40,40,39,37,37,34,34,34,34,32,32,31,32,33,33,33,32,31,32,31,31,31,31,29,30,32,31,32,31,33,34,32,32,32,32,31,28,28,29,29,28,29,29,28,25,25,25,25,26,26,26,25,25,25,25,24,24,24,25,24,25,26,26,26,26,25,25,24,24,25,25,24,24,23,24,23,23,24,24,22
0,100,99,99,97,94,93,93,89,88,86,85,84,81,83,79,76,74,74,73,73,72,74,74,74,70,70,70,69,65,64,64,65,65,62,59,59,57,53,52,51,49,49,50,49,48,46,47,48,47,45,45,43,42,45,45,42,39,38,37,36,37,37,34,34,35,35,37,40,40,40,38,38,39,39,39,38,38,38,38,39,40,41,42,43,43,43,43,43,41,41,42,41,41,41,41,41,41,40,39,38,38,37,37,36,37,37,39,39,42,43,43,44,43,40,41,41,41,41,41,43,44,44,44,45,43,43,43,45,44,44,43,43,42,45,47,46,46,45,43,41,41,40,39,39,41,41,41,44,43,44,44,43,40,39,41,41,42,42,42,40,40,40,40,39,39,38,37,36,36,36,36,33,33,32,31,31,31,31,32,32,32,33,33,33,33,34,34,33,33,33,33,33,33,35,35,35,35,35,36,37,38
0,100,99,95,93,93,94,93,87,85,85,80,80,79,78,77,76,72,70,68,69,69,68,67,65,64,63,64,62,62,62,62,61,59,60,60,60,59,58,58,57,56,54,53,53,54,53,49,46,49,49,51,50,50,49,48,48,47,48,48,47,45,43,43,42,44,44,44,44,44,47,46,48,48,48,48,48,47,47,48,50,52,50,50,51,52,53,51,50,50,47,47,47,47,46,46,45,43,43,43,43,43,43,43,41,41,39,40,39,38,36,35,37,37,36,36,35,34,34,35,34,35,33,33,33,34,35,35,34,34,34,35,36,35,35,33,33,33,34,35,33,34,35,35,35,35,34,35,35,35,36,36,37,35,33,34,34,34,34,33,31,33,32,32,32,32,35,34,35,35,34,34,33,33,34,32,30,30,30,30,31,30,31,31,31,31,31,31,31,32,32,34,34,34,33,33,32,32,33,33,34,34
0,100,99,94,94,92,91,90,89,82,82,79,79,77,75,73,73,75,73,72,73,73,70,70,70,67,65,64,62,61,62,60,59,60,60,57,58,56,54,53,51,51,50,51,52,52,53,52,52,52,52,53,52,54,54,53,52,52,51,52,52,51,51,53,53,52,51,52,52,53,51,51,49,49,48,48,48,48,48,46,46,47,46,46,45,45,44,44,45,46,45,44,44,42,41,41,41,40,42,43,42,42,42,45,46,47,47,48,48,48,48,47,45,43,42,40,40,40,41,41,41,42,41,41,39,39,40,39,38,39,37,36,37,38,38,38,37,39,40,40,39,37,35,34,32,32,31,30,29,26,27,28,27,27,28,28,27,28,32,30,31,29,30,29,28,27,28,29,29,29,28,29,27,28,28,28,26,28,28,27,27,29,29,29,29,29,29,30,29,28,28,29,29,29,29,30,31,30,31,30,30,30
0,100,99,99,97,92,92,92,89,89,87,84,81,82,80,78,78,77,78,77,75,75,72,70,68,69,69,69,66,66,65,62,62,59,58,59,57,57,58,56,55,55,56,56,56,55,54,52,51,51,51,53,51,50,52,52,52,50,47,44,44,43,43,44,45,45,44,45,44,44,45,45,44,44,42,41,40,41,39,40,41,41,39,37,38,38,38,38,39,39,38,38,38,38,38,38,37,38,39,39,37,38,37,38,37,36,36,34,34,33,36,37,38,38,39,39,39,38,38,38,38,37,37,35,35,35,37,37,38,37,35,35,35,36,37,37,38,39,38,37,38,36,38,38,39,38,38,38,38,40,40,39,40,41,40,40,39,39,40,40,38,38,37,37,35,35,33,32,34,35,35,37,36,35,34,33,33,34,35,35,33,33,32,32,33,32,32,32,29,29,31,32,33,32,32,31,32,32,32,31,30,31
0,100,98,95,94,93,89,88,87,85,81,80,79,77,73,70,70,71,70,70,69,69,69,69,68,67,66,65,64,63,63,64,63,60,58,58,57,55,55,55,55,57,56,56,55,55,55,54,54,51,53,53,52,54,54,53,52,53,53,51,52,51,51,50,50,51,51,51,51,48,48,49,48,48,49,49,51,47,46,46,43,44,44,44,44,43,43,44,44,44,45,45,43,42,40,41,40,39,39,40,40,40,39,39,39,39,37,38,38,39,39,38,38,39,39,39,39,39,41,41,42,41,42,43,43,42,42,42,41,39,39,38,36,37,38,38,38,37,37,37,37,37,37,36,36,37,36,36,35,36,34,34,35,35,36,36,37,37,36,37,37,37,38,36,37,38,38,38,37,35,34,35,35,34,33,32,32,34,35,35,36,35,34,35,35,34,36,35,35,35,34,35,36,36,36,36,36,37,36,36,36,36
0,100,95,95,94,91,89,87,87,86,85,85,84,84,82,84,84,84,81,78,76,74,72,71,69,68,65,65,65,65,64,62,63,61,62,62,61,60,58,57,57,57,57,58,58,58,59,58,58,58,55,55,55,54,52,52,48,48,44,43,45,47,45,45,46,44,44,44,43,43,43,42,40,41,41,41,40,43,43,41,43,42,43,42,41,41,41,39,40,40,39,39,36,37,37,37,38,38,39,39,39,39,39,39,38,37,35,37,37,36,39,38,38,38,39,38,38,36,35,34,33,32,32,29,28,27,27,26,27,29,30,29,29,28,28,29,30,30,29,26,26,26,27,28,29,28,29,29,30,29,30,31,32,32,32,33,33,33,34,33,32,31,31,31,30,30,29,28,28,28,30,30,28,28,26,27,27,28,29,29,28,26,27,26,26,27,26,28,28,28,28,28,28,26,27,24,25,26,25,25,25,26
0,100,97,96,94,92,92,91,90,89,89,87,87,82,82,80,81,78,76,73,72,73,74,73,70,67,66,67,64,63,62,61,58,58,58,57,57,57,58,59,59,58,56,57,57,57,58,57,61,60,59,57,56,56,56,54,52,53,54,54,54,53,52,51,51,52,52,52,50,51,50,49,48,46,47,45,44,43,45,45,44,46,44,43,44,45,45,45,45,49,49,48,48,46,45,44,47,47,46,45,45,47,47,47,48,48,46,45,45,46,45,45,43,42,41,40,43,43,41,42,42,40,41,41,40,42,41,42,41,40,40,40,41,40,39,38,38,38,37,38,38,38,39,38,36,34,34,34,35,35,35,34,34,34,34,35,35,34,36,37,36,35,36,36,36,35,35,35,34,36,36,36,38,37,37,35,34,35,36,35,34,33,34,33,35,35,33,32,32,32,31,30,30,29,29,28,28,28,27,26,27,28
0,100,98,96,95,96,94,93,89,87,86,86,87,85,84,79,76,73,73,74,75,72,71,68,67,66,66,63,62,60,61,61,60,60,61,61,62,61,62,62,61,60,61,61,61,60,59,61,61,60,58,58,55,53,53,53,53,54,54,54,53,52,54,53,53,52,52,49,49,44,44,46,44,42,42,43,42,41,41,41,42,42,42,43,43,42,41,41,41,41,41,41,39,41,40,40,40,42,41,40,41,42,41,41,41,38,35,35,33,32,33,33,35,33,34,34,32,30,30,30,32,32,32,32,33,33,32,33,33,33,33,34,33,34,34,34,33,32,32,32,32,32,32,33,34,35,35,35,34,34,34,34,34,33,33,32,31,31,31,32,31,29,30,29,28,28,29,31,31,30,31,30,30,30,30,29,30,31,31,30,29,26,27,27,26,29,29,31,30,29,29,29,29,29,29,29,30,29,29,28,27,27
0,100,99,97,94,91,90,89,87,84,84,83,82,76,74,72,71,71,68,68,68,67,66,65,63,64,62,62,60,60,58,58,59,59,57,57,57,55,55,56,56,56,53,51,51,51,50,49,49,48,48,48,50,49,49,48,47,49,50,51,53,52,52,53,52,50,50,47,46,44,46,46,47,49,49,48,48,49,46,44,43,44,44,46,45,43,43,45,44,43,43,42,41,41,41,40,39,38,39,39,39,40,38,37,38,35,35,35,35,35,36,34,34,35,36,37,38,39,37,37,34,34,34,35,35,35,34,33,33,32,31,31,30,30,30,29,27,27,31,32,31,30,31,33,32,32,31,31,31,31,31,33,33,32,32,32,31,31,32,32,32,33,34,33,32,34,33,33,33,33,32,32,32,33,33,32,32,32,33,31,29,28,28,27,29,27,26,24,23,22,23,24,24,26,26,28,28,26,27,26,26,27
0,100,100,98,98,92,89,87,84,85,84,82,81,79,79,78,78,73,72,71,70,67,66,64,65,64,65,64,63,64,63,61,58,58,57,57,56,52,52,52,49,47,49,47,47,49,49,49,49,47,49,49,48,48,48,47,48,46,45,47,48,46,45,44,44,43,42,42,42,43,41,39,37,37,37,39,38,39,36,36,36,38,38,37,37,37,37,38,38,38,39,39,38,39,38,37,37,34,34,34,35,35,36,36,37,38,37,37,40,40,38,39,39,39,38,39,38,38,37,37,36,36,37,37,38,38,39,37,38,37,36,36,35,33,33,33,33,32,32,32,32,30,29,28,28,27,26,27,28,30,30,30,28,26,26,26,24,24,24,25,27,27,27,27,28,28,26,27,27,25,25,25,25,25,26,26,26,26,26,24,27,27,27,27,27,27,26,26,26,26,28,28,28,28,29,29,28,29,28,28,29,29
0,100,96,94,92,92,88,86,83,83,84,83,83,83,82,78,76,75,75,74,71,68,66,65,65,64,62,64,62,62,60,61,61,61,63,62,60,60,59,58,59,60,57,57,56,56,56,55,55,55,55,53,53,52,52,50,50,50,50,50,48,49,48,48,48,48,49,47,46,45,44,42,43,43,42,41,40,39,36,36,38,38,39,40,38,38,37,38,35,35,35,36,35,36,36,37,38,37,37,36,35,34,34,33,33,35,35,34,33,35,35,35,34,33,34,33,35,35,33,32,31,32,33,32,32,31,30,29,30,29,30,29,30,30,30,30,29,31,33,32,35,35,34,34,32,30,30,29,30,30,31,31,31,30,31,29,27,26,27,29,28,28,26,27,28,27,28,27,28,30,29,29,29,28,28,28,28,28,29,29,30,30,31,31,33,34,35,33,33,32,32,30,32,30,32,31,31,32,31,31,30,30
0,100,99,98,97,95,93,93,89,86,86,85,84,82,81,78,76,74,74,73,73,71,71,70,69,69,69,68,68,66,64,63,61,60,61,58,59,55,53,52,52,50,50,50,51,50,50,49,48,48,48,46,45,44,46,48,48,48,46,47,46,45,46,47,46,45,45,46,46,46,45,45,45,43,41,42,39,38,39,40,40,40,40,39,38,39,39,37,36,36,36,35,36,35,35,36,34,36,37,35,33,33,34,33,31,31,31,30,29,29,29,28,29,29,29,29,29,29,31,32,32,30,31,32,31,30,30,30,30,30,28,28,28,28,27,26,26,24,25,25,26,28,27,26,26,27,27,25,24,25,27,27,29,30,29,29,31,31,33,33,32,31,31,31,30,30,28,28,26,27,26,27,24,26,25,24,24,24,25,26,26,26,26,26,26,26,27,26,27,26,26,26,27,27,27,26,26,25,24,23,22,22
0,100,97,97,94,88,88,87,85,85,81,81,78,75,74,74,74,74,74,74,72,71,68,65,63,62,62,62,64,61,59,59,58,56,56,56,55,55,54,54,55,54,54,54,54,53,51,51,51,50,49,48,48,49,46,46,45,46,44,44,45,45,46,47,47,45,43,44,43,40,40,40,39,39,41,40,40,39,42,42,42,42,42,43,42,41,42,41,42,39,36,36,37,37,37,36,35,35,37,37,38,40,40,40,38,38,39,41,38,38,37,36,36,38,39,38,38,37,38,38,35,33,34,33,32,32,31,31,32,36,36,36,37,39,38,37,38,39,38,36,37,37,36,36,36,35,33,33,33,33,33,32,32,32,31,32,33,33,33,33,34,33,33,34,32,31,30,30,31,31,32,33,33,33,36,35,34,34,33,33,33,33,33,33,33,33,33,33,32,32,32,33,33,33,33,35,35,35,35,35,35,34
0,100,99,98,97,95,90,88,86,83,80,79,79,76,74,74,73,73,73,72,72,72,68,66,65,64,65,65,66,66,63,60,59,58,59,58,57,58,58,58,58,58,58,57,57,54,52,52,50,49,50,50,49,50,50,50,50,49,50,47,47,47,48,49,49,49,48,47,48,49,50,49,48,49,48,48,48,47,48,48,49,47,45,46,46,44,44,44,43,45,45,46,45,43,42,44,42,43,43,43,41,40,39,40,41,40,39,39,38,39,42,41,41,43,43,42,43,44,44,41,41,41,39,38,38,38,38,37,38,39,40,40,40,42,43,43,43,41,42,42,41,40,39,39,40,40,38,39,38,37,36,35,35,35,35,36,36,31,31,31,32,33,33,33,33,32,32,31,31,31,31,31,31,32,30,29,29,29,28,27,26,24,25,25,25,24,25,26,26,23,22,24,24,23,23,23,23,23,24,25,26,26
0,100,100,94,93,91,91,90,89,86,84,83,83,80,78,78,74,74,72,70,70,69,69,67,64,64,64,64,66,66,64,64,64,65,65,64,65,64,63,63,63,63,61,63,65,63,62,60,60,59,58,58,57,54,55,53,52,51,51,49,49,50,51,51,49,49,49,48,47,47,47,48,50,51,51,51,53,51,50,48,48,49,47,47,47,47,47,45,44,44,46,46,45,45,45,45,45,45,46,44,43,43,41,40,39,40,40,42,42,42,43,43,43,42,43,41,40,40,40,39,40,40,40,40,40,40,39,39,39,38,36,33,33,33,34,34,34,32,32,32,32,32,33,30,30,30,30,30,32,32,33,33,33,33,32,33,32,30,31,31,31,27,28,29,29,29,30,29,30,30,30,28,29,26,26,26,26,26,27,27,25,24,24,25,25,27,28,29,30,30,29,29,29,28,28,29,28,29,28,27,27,28
0,100,95,93,91,91,89,87,85,83,83,83,83,80,78,77,76,73,69,69,68,67,65,65,63,64,63,64,63,65,63,65,66,63,63,61,61,62,62,61,61,60,58,59,59,57,55,54,53,52,50,49,49,49,50,49,47,45,47,48,49,49,49,49,50,50,53,52,52,52,52,51,50,49,48,49,50,50,50,47,45,45,47,46,45,45,43,41,41,40,39,38,37,39,37,38,39,38,40,37,38,38,38,37,38,36,35,37,36,35,36,36,36,37,38,36,37,37,36,35,35,35,37,34,35,33,34,34,35,33,33,34,34,35,35,33,34,34,35,35,34,32,33,32,33,34,34,36,34,36,36,36,34,33,34,35,35,36,36,35,33,34,35,34,33,34,32,32,32,32,33,32,33,33,33,32,33,32,30,28,28,29,29,29,29,30,29,29,28,28,28,31,31,31,32,33,32,31,32,33,33,32
0,100,100,96,95,92,88,87,83,78,76,75,75,74,72,70,69,67,67,65,65,64,64,63,60,60,60,57,57,55,55,58,59,59,60,60,59,57,55,54,54,53,53,49,50,52,52,51,52,51,51,50,50,51,52,51,50,50,50,50,50,50,49,49,48,47,47,49,46,48,47,47,46,45,45,45,45,44,42,41,40,38,38,36,34,34,34,33,32,32,32,32,32,31,31,31,31,31,33,36,35,33,34,34,34,33,32,32,31,31,30,31,31,28,28,28,27,29,30,33,33,34,33,35,35,35,36,33,35,37,38,37,36,35,34,34,34,34,32,31,31,28,27,28,30,29,29,29,29,29,29,28,28,29,29,29,29,28,28,28,27,26,26,26,27,28,30,30,31,30,30,27,28,29,27,27,26,26,24,25,27,27,28,28,27,28,29,29,28,27,28,30,29,28,28,28,28,28,28,26,27,27
0,100,99,99,98,98,96,95,91,89,88,87,84,83,81,80,78,76,75,75,72,73,73,69,67,65,64,65,64,63,63,63,61,63,66,65,65,67,67,67,66,66,64,64,64,62,59,58,59,54,53,54,53,53,52,50,51,49,47,45,45,45,42,41,41,41,41,40,40,40,40,38,38,39,37,37,36,38,38,38,36,36,36,41,40,40,39,38,38,40,40,38,38,37,38,38,36,36,37,37,35,35,35,31,31,33,32,32,32,33,33,33,34,33,33,32,30,27,26,26,26,26,24,24,25,24,25,26,26,26,26,25,24,24,25,24,25,26,26,27,27,26,28,27,27,27,28,29,30,26,25,23,23,23,23,23,23,23,22,23,23,23,21,21,21,21,20,22,22,22,22,20,21,20,19,17,16,16,17,20,20,21,21,22,21,22,22,23,22,23,22,22,22,23,22,21,20,22,22,21,20,20
0,100,99,95,94,94,93,92,84,81,81,80,81,79,79,77,77,77,76,77,75,73,73,72,70,70,68,68,70,68,69,68,68,67,67,66,63,60,60,61,59,59,60,61,59,57,57,56,56,57,55,55,55,54,56,55,55,54,55,55,55,53,54,52,50,51,50,49,50,51,51,48,47,48,47,48,47,48,48,50,52,50,49,47,46,45,44,45,45,45,45,44,44,44,45,48,47,47,47,47,47,47,47,45,44,45,45,44,44,44,44,43,43,44,42,43,42,42,42,39,38,38,38,36,37,35,36,35,36,38,40,41,42,42,42,42,41,40,40,39,36,36,35,32,33,34,36,34,34,34,34,33,33,35,35,34,32,32,33,35,34,35,35,35,36,36,35,34,34,36,35,35,34,34,33,35,36,37,37,36,36,36,36,35,36,36,37,37,35,34,33,34,33,33,36,35,36,34,34,35,36,36
0,100,100,98,97,96,95,94,90,88,88,84,84,84,81,81,79,78,76,75,75,75,72,70,68,66,68,67,65,66,66,67,68,67,65,63,62,62,59,57,56,56,53,52,52,52,53,53,53,52,51,52,52,53,51,52,50,51,49,52,51,51,49,47,45,46,47,47,46,45,45,47,47,47,47,46,46,46,46,48,47,48,49,47,46,45,45,44,44,44,43,41,41,41,41,43,43,44,41,38,38,39,38,39,40,41,38,37,38,39,38,39,38,36,35,34,35,35,33,33,33,30,31,31,31,30,29,29,29,29,31,31,31,31,31,33,32,33,33,34,34,35,35,35,34,33,33,33,33,33,36,33,35,34,32,31,31,31,31,33,35,35,33,33,35,36,36,36,36,36,34,34,33,34,32,33,33,33,34,33,32,34,33,33,34,30,30,30,29,29,29,29,29,30,31,31,31,32,30,29,28,28
0,100,100,98,94,91,88,88,87,85,85,82,79,79,79,77,76,75,75,75,75,74,74,70,69,68,69,70,68,69,69,67,65,64,62,60,59,59,59,58,59,59,59,59,58,58,54,53,53,53,52,53,52,52,51,51,53,53,53,54,54,54,54,53,53,52,51,51,50,50,52,52,53,53,51,53,53,53,51,51,51,49,49,49,48,49,47,47,47,47,47,46,44,44,43,43,42,43,44,43,42,42,40,40,40,41,38,37,36,37,36,38,39,40,40,40,41,41,42,42,42,41,39,38,38,36,36,35,36,35,36,36,38,38,37,38,38,39,40,41,41,40,40,39,38,36,34,34,34,34,33,32,32,31,32,32,32,31,30,30,30,28,29,29,28,29,29,30,30,30,29,30,30,30,32,34,34,34,33,34,34,33,34,34,34,34,31,31,31,32,30,31,32,31,31,30,29,30,29,29,28,28
0,100,98,97,94,91,91,89,87,86,85,84,82,79,78,76,74,73,71,69,70,69,69,69,69,69,68,67,66,66,63,63,61,62,62,62,63,62,64,64,64,62,57,56,54,54,53,53,54,52,52,51,50,47,48,45,46,46,48,48,48,46,46,46,47,48,46,46,45,48,45,46,44,41,40,40,40,37,38,38,39,39,39,39,40,41,40,39,39,38,39,38,34,34,33,31,33,34,34,33,31,32,32,32,31,31,31,31,32,32,31,31,31,32,31,32,32,29,28,29,28,29,29,28,29,29,29,29,31,30,30,29,29,29,29,29,31,30,30,30,31,31,31,31,31,32,32,33,32,33,33,32,31,31,31,31,31,32,31,31,31,31,31,32,31,30,30,29,29,28,28,28,28,28,26,25,25,25,23,23,21,24,24,23,21,21,22,22,21,21,21,21,23,23,24,25,26,26,27,26,25,24
0,100,99,97,95,90,86,86,85,85,84,83,83,81,80,81,80,80,76,75,71,72,72,72,72,70,70,70,68,67,67,66,64,65,64,63,63,61,59,59,57,57,58,57,57,56,55,55,53,50,51,50,50,48,48,48,49,47,48,46,47,46,46,46,47,49,49,49,49,49,50,50,51,49,48,48,47,45,46,48,48,47,49,49,48,48,49,48,49,45,43,42,40,39,39,39,38,38,39,39,40,40,39,39,40,40,41,42,42,42,43,40,39,39,39,39,40,40,40,40,40,40,40,40,40,41,41,42,40,42,41,41,42,42,41,41,41,42,40,39,39,39,37,37,37,37,38,38,38,39,39,39,39,38,38,38,37,37,38,37,37,37,37,36,35,35,35,36,36,35,34,35,34,34,33,32,34,33,32,31,32,32,31,32,31,29,30,30,29,31,34,34,35,34,34,35,34,35,32,33,33,33
0,100,97,96,95,93,92,91,90,88,88,82,81,79,80,78,77,75,72,73,73,73,73,71,69,69,70,71,73,73,74,73,71,71,70,70,69,68,67,67,67,68,67,67,67,68,67,67,66,65,65,62,60,58,59,59,58,57,57,56,55,52,52,53,55,54,53,52,51,50,49,50,51,51,50,51,50,50,47,48,49,50,49,49,49,49,49,48,48,48,47,46,45,47,46,45,44,45,45,47,49,49,50,50,50,49,46,45,44,43,44,43,43,44,44,43,43,43,44,43,43,43,43,42,40,41,41,40,40,39,37,37,37,36,37,37,37,36,35,34,33,33,34,34,35,36,35,34,35,35,36,37,36,34,33,34,34,34,33,33,33,32,31,31,31,30,29,31,31,29,29,29,28,29,29,27,25,24,23,23,23,23,22,21,21,22,22,21,20,21,21,21,21,20,20,19,19,20,21,20,20,22
0,100,99,98,97,93,92,90,89,88,87,85,85,82,82,79,77,76,75,75,75,73,72,70,70,71,68,68,65,64,64,63,59,60,59,57,57,57,57,57,57,56,55,55,55,54,54,54,58,57,59,57,57,57,56,57,56,56,55,55,54,54,53,52,51,50,50,51,51,52,52,51,51,51,51,52,53,55,55,53,51,51,52,51,51,50,49,50,48,46,46,44,43,45,45,46,45,43,42,42,41,41,41,41,41,41,41,40,40,42,41,41,40,38,38,38,37,37,39,38,39,39,39,39,39,37,36,36,36,35,35,35,35,35,33,32,31,31,31,32,33,32,32,31,31,31,31,29,29,29,33,31,31,30,30,30,31,30,31,30,32,29,29,29,31,30,32,32,30,30,31,30,29,29,27,28,28,29,29,29,29,29,28,28,28,28,29,28,29,29,28,32,32,32,32,32,31,31,30,31,31,32
0,100,96,93,92,91,91,91,87,86,84,83,83,79,78,79,77,76,75,75,75,75,75,74,70,68,69,70,70,71,69,68,68,67,68,66,65,65,62,62,61,61,60,59,58,59,57,57,56,56,53,54,53,53,52,53,50,51,51,51,48,48,46,47,47,47,46,46,46,47,48,47,46,47,48,49,50,50,49,47,46,45,44,40,40,40,39,37,37,36,36,36,36,35,34,32,34,36,35,35,37,37,36,35,35,35,35,35,34,35,35,34,34,35,34,33,31,31,33,36,35,34,34,33,33,34,34,33,35,36,36,36,35,35,35,35,35,34,34,33,32,32,32,31,32,32,32,32,32,32,32,32,32,29,29,28,28,29,29,27,27,26,27,28,29,28,29,30,30,30,30,32,32,33,32,33,33,33,33,33,34,33,34,34,35,34,34,32,32,32,33,33,34,36,36,38,36,34,33,33,33,33
0,100,99,97,93,92,90,87,86,86,83,80,80,78,77,73,70,71,73,73,72,72,73,74,72,70,70,69,69,68,67,66,65,64,64,62,61,60,59,59,56,58,58,56,56,58,55,56,57,59,59,59,59,56,55,52,52,49,49,48,44,43,45,43,41,41,41,41,41,39,40,41,40,40,38,38,40,40,40,40,41,39,39,37,37,37,38,37,35,36,35,35,35,34,34,34,33,35,33,33,33,35,37,38,38,39,38,38,38,38,37,37,37,37,35,35,34,34,34,33,33,33,34,35,34,35,34,34,34,35,34,33,33,37,36,35,34,35,35,38,39,39,41,40,38,38,38,37,39,39,39,39,38,38,39,38,37,35,36,36,36,35,33,32,34,34,35,34,34,33,34,36,36,34,35,35,35,34,34,36,37,38,38,37,37,37,39,39,38,37,38,34,33,33,33,35,34,35,35,36,37,37
0,100,95,94,90,91,89,86,84,84,84,83,79,79,77,76,74,74,72,72,72,69,67,66,65,65,63,62,60,58,57,59,58,56,55,56,57,58,57,56,55,53,54,53,53,55,55,57,57,59,57,56,58,56,54,54,52,49,44,42,43,42,42,42,44,43,42,42,42,42,43,44,42,43,42,41,41,41,39,39,38,38,37,37,39,40,40,40,40,39,39,39,38,38,34,35,36,35,35,36,36,36,34,34,34,34,36,33,32,34,34,34,32,33,33,33,33,35,33,33,34,32,33,31,30,30,30,29,28,29,29,31,32,31,31,32,32,33,33,31,30,29,30,31,31,31,30,31,30,29,29,30,30,29,29,30,30,30,31,31,32,32,32,33,31,31,30,30,31,33,33,33,33,33,32,31,30,30,29,26,24,25,25,26,23,24,23,22,22,22,23,24,24,24,23,24,26,26,26,25,25,25
0,100,98,98,97,95,95,93,90,88,87,87,87,86,86,84,82,81,78,76,72,68,67,64,64,64,64,62,62,60,59,58,56,56,56,56,53,51,50,48,49,49,46,46,45,46,43,41,41,40,39,40,41,40,39,39,38,38,38,39,38,39,41,41,40,40,40,38,37,36,35,34,34,34,34,32,32,33,34,36,34,34,34,34,34,34,34,36,36,36,34,36,36,36,35,34,35,35,33,32,32,31,31,32,31,31,31,31,31,30,30,29,28,28,27,28,28,27,27,28,28,28,28,28,28,28,26,26,26,25,23,23,23,22,23,23,24,24,24,23,23,23,25,25,25,25,25,25,27,26,26,25,25,25,25,27,28,29,29,27,27,27,27,27,27,27,27,26,29,31,31,31,31,30,28,27,25,25,26,26,26,25,24,23,24,24,25,24,25,25,25,26,26,26,24,24,24,24,23,24,24,23
0,100,97,96,96,94,91,90,88,88,86,85,86,85,84,84,84,82,82,80,80,80,77,74,74,75,73,71,70,68,66,67,67,67,68,69,71,70,68,68,69,69,69,70,71,71,68,66,63,60,59,60,58,58,57,55,52,52,51,52,51,50,49,48,49,48,48,48,47,48,47,48,51,48,49,48,47,47,47,47,45,42,42,42,39,40,39,39,41,39,38,37,37,38,38,38,37,37,38,38,39,38,40,42,42,42,42,40,39,38,36,36,37,37,36,38,38,36,36,36,38,38,37,37,37,37,36,36,35,35,34,32,31,30,30,29,28,28,28,28,28,28,28,30,30,29,29,28,29,28,27,28,28,27,27,28,29,30,31,31,31,32,32,30,30,29,29,29,27,27,28,26,27,26,27,27,28,30,28,29,28,27,27,29,31,32,33,33,32,32,32,33,32,32,30,29,29,28,28,26,26,26
0,100,98,97,93,90,87,87,85,85,82,84,82,81,80,81,81,78,78,76,75,75,72,69,66,65,63,63,62,64,63,63,59,60,59,58,59,58,57,56,56,57,54,52,53,52,51,50,48,47,45,45,45,45,45,44,44,45,42,42,42,43,43,41,41,42,44,42,44,44,43,42,44,44,43,43,42,40,40,38,36,36,36,35,37,37,35,35,35,34,35,35,37,35,36,35,35,33,34,37,39,39,39,38,38,38,37,37,36,36,36,36,36,35,34,34,34,33,34,35,36,37,38,38,37,36,34,34,34,34,35,36,36,35,35,35,32,33,33,29,29,31,31,30,31,32,31,29,31,31,30,30,31,33,35,35,34,32,33,32,33,34,34,33,33,33,33,33,33,34,34,32,33,31,30,30,29,29,29,29,30,29,29,29,29,29,28,26,25,25,25,25,25,25,25,25,26,25,25,24,24,24
0,100,99,97,95,94,93,93,91,87,82,80,79,79,78,77,73,72,70,68,68,67,67,68,68,67,68,69,70,70,68,68,68,67,69,68,68,67,67,68,65,63,62,62,63,63,61,61,61,60,59,59,58,59,58,57,57,57,59,59,57,57,55,55,51,51,51,52,52,53,53,53,53,52,51,48,48,48,49,48,46,47,47,45,45,45,44,43,44,43,42,41,42,43,43,44,43,42,41,41,42,42,42,42,40,39,39,38,35,33,32,30,29,29,28,29,29,27,29,30,28,28,28,29,28,29,30,30,31,32,33,33,33,31,32,32,32,31,31,31,30,30,30,31,29,28,29,30,29,29,28,27,26,27,27,26,26,27,27,27,27,25,25,26,27,27,28,28,29,28,28,27,26,28,28,28,27,29,29,30,30,31,32,31,30,29,30,29,29,30,30,29,28,28,28,30,29,30,30,29,30,29
0,100,98,94,93,91,90,90,90,89,88,87,85,85,81,77,73,72,69,67,66,63,62,60,58,57,57,57,59,59,59,61,58,58,57,53,51,50,50,50,49,50,51,49,48,48,47,48,48,46,47,46,44,44,44,44,43,43,44,41,42,42,41,42,43,43,41,41,42,41,41,42,41,39,37,39,38,37,37,37,37,38,36,34,36,37,36,35,38,38,40,40,38,36,36,35,35,34,36,35,34,32,31,32,32,32,31,31,30,29,30,31,31,31,31,30,30,31,33,33,34,35,36,36,36,35,34,32,30,30,30,31,31,33,33,33,33,31,30,28,29,28,28,30,29,30,31,32,32,31,31,31,31,32,34,34,33,32,31,30,31,32,31,31,31,31,32,32,31,29,29,28,27,26,26,27,27,27,27,26,27,25,25,24,22,22,23,23,23,23,23,24,26,30,29,27,27,29,29,30,30,31
0,100,98,97,95,91,88,87,86,85,85,85,82,79,78,75,75,73,72,71,72,71,70,69,67,65,65,64,64,64,65,66,66,65,65,63,60,61,61,61,59,58,57,56,56,55,53,55,55,54,54,55,55,53,54,53,53,53,51,51,50,48,46,46,46,44,44,44,44,44,44,43,43,42,42,42,40,39,39,39,40,38,38,39,38,38,39,39,38,38,39,38,38,37,36,34,34,35,36,35,34,35,37,36,36,36,37,36,35,36,35,35,36,36,36,36,36,36,36,35,35,34,33,33,32,32,31,29,31,30,30,30,31,29,32,33,35,35,35,35,33,32,32,31,30,32,32,35,35,36,34,33,34,33,33,33,34,34,34,37,36,37,40,40,39,39,39,40,40,40,40,35,34,35,38,37,37,35,33,29,30,30,29,29,27,27,28,27,26,26,24,24,22,23,27,28,30,30,31,28,28,28
0,100,98,97,96,95,95,92,92,91,89,87,84,84,82,81,82,83,83,82,81,80,77,77,77,77,77,75,73,74,74,73,72,69,68,68,66,64,66,65,63,63,60,59,57,57,58,57,57,56,56,53,53,52,52,54,54,51,51,52,51,51,51,51,52,52,51,51,51,52,52,53,53,52,53,53,50,50,49,50,46,48,48,46,46,43,43,45,45,44,46,47,47,47,49,48,47,43,44,43,41,41,41,40,40,41,42,40,39,40,40,37,39,39,39,40,41,41,41,40,39,38,37,36,36,37,37,35,34,34,34,35,36,36,35,35,34,33,33,35,34,34,35,34,34,33,30,30,31,32,32,34,32,31,30,30,30,28,28,30,28,28,28,28,30,30,31,31,30,29,29,29,29,31,31,30,30,29,29,26,28,29,28,28,28,28,27,26,26,26,25,25,26,26,26,27,28,29,30,30,31,30
0,100,99,96,95,93,93,92,90,90,89,86,84,82,81,80,80,75,73,73,71,69,71,70,69,68,68,68,65,64,64,61,61,61,57,57,59,58,57,56,56,55,54,51,51,52,52,51,51,51,50,51,52,52,51,50,50,50,49,48,47,45,42,41,41,39,39,40,40,40,40,40,41,40,40,39,39,38,37,37,37,36,35,35,34,36,34,34,34,34,34,33,36,37,36,37,38,38,37,37,37,36,35,34,34,34,34,33,32,32,33,33,32,32,33,32,32,32,33,33,32,31,31,30,29,31,30,30,29,30,29,29,28,29,30,31,30,31,30,31,30,31,33,35,34,33,34,33,34,34,35,33,32,32,32,32,30,30,31,31,31,32,31,33,33,31,31,30,30,32,33,34,34,33,33,34,35,35,36,36,35,33,33,33,28,28,29,29,29,29,27,26,26,27,27,28,28,27,26,25,26,26
0,100,98,95,95,94,92,91,89,86,87,86,84,82,82,78,77,75,75,76,72,72,72,71,70,70,68,66,66,61,62,65,66,69,68,67,65,65,64,65,64,64,65,64,62,62,60,60,59,57,55,54,55,55,54,55,55,55,53,55,53,53,52,52,53,52,53,55,53,53,52,50,48,50,49,49,50,49,48,49,47,48,47,46,46,45,45,43,43,42,43,41,40,39,37,36,36,36,34,34,33,34,37,38,35,33,34,33,33,33,34,34,34,35,37,37,39,41,42,42,42,41,41,40,39,39,41,39,38,38,37,36,36,35,35,35,35,35,35,35,36,34,34,33,34,33,33,31,30,30,31,31,33,32,32,32,30,30,28,28,27,28,27,27,27,27,28,29,30,29,30,30,29,29,29,30,30,29,29,30,29,29,30,29,28,28,27,28,27,28,29,29,30,31,32,32,31,33,32,32,33,34
0,100,99,96,96,93,89,89,87,87,87,83,80,80,78,79,77,76,76,74,70,70,70,68,68,68,65,66,66,65,69,67,66,63,63,64,64,64,64,64,64,63,61,61,61,61,62,63,62,59,59,58,56,55,55,53,54,54,54,53,55,55,53,54,52,53,54,54,52,51,49,49,49,49,48,49,48,48,47,45,46,42,41,42,43,40,40,41,42,40,40,40,41,40,38,36,35,34,31,30,28,31,33,34,34,34,35,34,34,36,35,34,34,34,32,32,31,30,31,32,32,31,30,30,30,30,32,32,32,35,34,34,35,34,34,32,33,35,35,37,37,36,34,34,33,33,33,32,32,33,34,35,34,33,33,36,36,35,36,36,36,36,36,35,34,35,34,34,34,33,33,33,33,33,34,33,34,34,34,33,34,32,34,37,36,35,34,35,37,37,36,36,36,36,36,35,35,35,37,37,36,34
0,100,98,97,96,94,93,89,85,85,84,85,85,83,81,81,77,75,73,72,72,71,69,67,66,66,65,60,60,59,59,59,57,60,61,61,59,60,61,60,60,62,59,57,56,54,56,56,54,54,54,54,54,54,53,53,55,54,54,53,52,52,53,53,54,54,52,54,52,51,52,53,52,52,52,49,50,50,50,48,48,46,44,44,44,44,43,43,43,42,42,41,42,41,38,39,37,37,37,37,35,34,34,33,35,35,33,32,32,33,34,33,33,33,33,33,33,33,34,33,32,32,31,30,31,31,30,31,30,30,32,32,32,33,32,32,34,33,35,37,37,37,35,36,37,36,36,36,36,36,37,36,36,35,35,35,35,34,35,33,34,34,34,31,30,29,29,30,31,30,30,30,28,30,32,33,34,34,35,34,32,32,32,32,32,32,33,31,31,32,32,32,32,31,32,33,33,33,32,30,30,31
0,100,99,98,97,93,93,91,86,83,81,81,79,77,77,76,72,69,68,65,66,65,65,64,64,63,62,57,56,57,56,54,54,54,53,51,51,51,51,51,50,51,49,48,48,48,48,51,49,48,50,53,54,53,53,52,52,51,51,51,51,53,52,52,51,51,49,49,49,49,50,49,49,51,52,51,53,54,53,54,55,55,56,55,55,55,55,53,51,50,50,50,49,51,50,50,51,51,52,51,51,52,49,47,47,49,49,48,48,48,46,46,44,42,42,40,42,41,43,41,43,42,45,44,45,45,44,42,42,41,42,41,40,40,39,39,38,38,38,40,38,38,37,38,39,37,37,36,39,40,40,39,39,39,39,40,40,40,39,38,39,40,39,40,38,37,38,37,36,36,37,36,35,35,36,34,35,35,34,35,35,35,35,32,33,33,34,32,32,33,33,33,32,31,31,32,32,31,31,32,34,33
0,100,100,100,98,96,94,91,91,91,90,88,87,86,85,82,79,77,77,72,72,71,71,69,68,69,67,66,65,66,66,63,61,62,61,61,61,58,56,56,54,53,54,53,57,57,57,55,53,52,51,51,50,49,50,49,48,49,48,47,47,49,48,49,47,47,44,44,44,43,44,44,45,44,44,43,42,41,43,41,42,42,42,41,40,42,42,42,42,42,41,42,41,39,40,43,43,42,44,44,43,43,42,41,39,39,38,38,39,38,37,36,35,35,34,33,34,34,37,36,35,35,34,34,35,36,35,35,36,35,34,32,31,30,31,30,30,29,30,32,32,31,29,29,27,25,23,24,24,24,23,24,24,28,28,28,28,28,27,27,26,26,26,24,24,24,24,23,24,26,26,26,27,27,25,26,27,26,26,26,26,26,26,26,24,24,24,24,24,23,23,23,22,21,21,21,23,21,20,18,18,18
0,100,98,95,93,89,88,85,85,85,83,81,81,81,78,80,79,78,77,73,70,68,67,67,65,64,64,64,62,60,59,58,59,58,60,59,60,60,60,60,56,56,56,54,56,56,57,55,54,52,53,53,51,51,51,50,47,45,47,45,44,46,47,47,48,49,49,48,48,47,45,44,44,42,42,39,40,39,40,42,42,40,41,43,45,44,44,45,45,44,43,43,41,40,40,39,40,40,40,38,38,36,34,33,33,33,34,34,33,33,33,31,32,33,32,33,33,33,34,35,33,33,34,34,33,34,33,35,33,33,33,33,33,34,34,35,34,36,35,35,35,34,33,32,33,33,33,34,34,34,33,35,34,33,35,37,37,36,35,33,33,34,33,32,30,31,31,31,32,32,31,31,31,31,32,32,32,32,32,33,33,33,34,33,33,33,33,32,31,31,30,31,31,32,32,32,32,33,33,33,32,32
0,100,100,99,98,97,94,93,92,88,86,84,82,81,78,76,75,74,72,71,69,68,66,66,66,66,66,66,65,64,66,65,61,61,60,59,60,59,55,55,55,55,55,54,53,53,51,51,51,51,50,51,52,53,52,52,51,50,51,51,50,48,48,47,48,48,47,49,48,47,46,45,42,42,41,42,41,41,41,40,39,39,40,39,39,38,39,37,37,38,37,37,37,38,37,37,37,38,39,39,39,39,36,36,36,36,34,35,35,36,35,35,35,35,35,35,35,36,35,33,33,33,33,35,34,32,32,32,29,29,30,32,32,33,32,34,35,34,35,33,33,34,32,30,30,32,33,34,32,30,30,29,29,31,30,30,31,31,30,30,30,30,30,30,30,30,29,29,30,29,27,29,28,28,27,27,28,26,26,27,28,28,26,26,24,24,27,27,25,25,24,25,24,22,21,21,22,21,20,20,21,21
0,100,97,93,90,88,85,82,79,77,77,78,77,79,79,77,77,76,73,75,73,70,67,66,63,63,61,61,61,59,59,56,57,57,56,55,55,54,53,54,53,54,51,51,53,52,52,51,52,52,52,51,48,50,50,50,49,51,51,50,51,51,50,49,47,47,47,48,49,49,47,45,43,43,43,43,43,43,46,47,47,45,44,44,44,44,44,43,43,41,39,38,38,39,39,38,36,36,36,36,36,36,34,35,35,32,33,33,32,32,31,31,30,30,30,29,29,28,28,27,25,26,26,26,26,27,29,30,28,28,27,28,29,27,26,26,26,25,25,25,25,26,27,26,25,25,24,25,24,25,23,23,24,24,24,24,24,24,24,23,21,23,24,25,25,25,24,24,25,25,25,25,25,25,25,24,25,24,24,24,24,24,25,24,24,23,23,21,20,19,19,19,20,21,21,21,21,22,22,24,24,24
0,100,95,94,89,88,85,84,82,80,79,80,78,77,77,74,74,72,69,67,67,64,61,60,59,59,59,60,61,61,61,62,62,64,64,63,62,60,60,61,61,61,63,62,61,60,58,58,58,59,58,58,57,58,56,55,54,51,53,54,54,54,55,55,54,53,54,54,51,52,52,52,51,52,51,49,48,49,49,50,48,47,47,48,50,49,47,44,43,42,43,44,44,45,45,44,44,42,39,39,39,38,38,37,37,37,36,36,38,36,37,37,38,38,38,39,41,42,42,41,40,41,41,41,41,42,41,39,40,39,38,38,36,36,38,37,38,37,36,37,37,36,35,33,32,33,32,33,33,32,33,32,30,30,29,29,29,29,27,29,29,29,29,28,27,28,27,26,27,27,27,27,28,29,28,27,27,26,26,26,26,26,25,25,24,24,24,22,20,20,21,20,20,21,20,20,19,19,20,19,20,19
0,100,99,98,96,95,93,91,90,89,87,87,85,81,80,79,77,73,71,71,70,67,66,66,65,66,63,62,63,62,62,59,58,59,60,59,59,58,59,57,57,56,57,56,57,59,57,57,59,58,57,56,56,55,54,55,55,55,55,54,54,54,54,54,53,52,53,52,49,47,46,45,44,43,43,42,42,42,43,40,42,44,45,44,44,45,44,43,43,41,42,43,41,41,41,41,41,40,38,37,37,36,35,35,36,36,35,32,30,30,30,31,31,31,30,31,31,29,29,30,31,32,32,32,31,29,31,31,31,32,30,29,29,29,28,28,28,28,27,28,28,28,28,27,30,29,29,28,27,26,28,28,28,27,27,29,28,28,28,28,28,29,28,28,27,26,26,26,24,26,26,26,26,26,26,24,25,26,27,26,28,28,27,27,28,27,25,25,26,25,25,25,25,26,27,27,27,27,25,25,24,22
0,100,100,96,96,96,94,93,91,90,88,89,86,83,84,81,80,78,74,72,73,71,70,69,69,71,70,69,67,66,66,66,63,63,61,59,59,59,59,59,59,58,56,56,57,57,57,60,59,58,57,56,56,55,54,55,54,54,52,52,51,51,50,51,51,49,49,50,49,50,48,47,47,47,48,47,47,48,48,49,46,45,45,43,43,43,41,40,40,40,40,41,42,42,43,43,41,42,41,40,41,43,41,40,36,36,35,38,36,34,34,34,32,32,32,33,33,33,33,34,35,36,36,36,36,36,36,36,36,36,36,36,38,39,36,36,35,35,34,31,31,33,32,33,33,33,33,35,37,38,39,39,39,39,38,38,38,38,36,38,38,38,36,35,34,36,36,36,36,35,32,32,32,33,32,31,29,27,29,29,30,28,27,27,27,27,26,26,26,26,23,23,22,22,22,23,23,20,21,23,22,24
0,100,98,98,97,95,95,94,92,90,90,90,89,89,88,86,85,84,80,79,78,77,76,75,74,72,73,72,71,68,68,69,68,64,64,61,61,60,60,59,59,60,58,59,60,61,62,60,59,59,59,59,59,58,56,53,52,51,49,49,49,50,49,50,48,49,49,48,49,49,49,50,50,50,46,45,45,43,43,43,42,44,44,45,45,45,44,43,43,42,42,42,40,40,39,40,40,40,41,42,43,44,44,43,44,44,44,43,44,43,43,43,43,43,42,42,42,41,41,41,40,42,40,41,41,38,37,38,38,39,38,38,38,37,37,36,36,36,37,38,37,38,38,38,39,40,41,42,44,44,45,45,44,44,43,45,44,42,41,41,41,41,41,41,40,42,42,41,41,39,37,37,36,36,37,36,34,35,36,36,33,34,35,34,34,34,33,33,33,32,31,31,30,29,28,28,28,30,31,30,30,29
0,100,96,96,94,93,90,88,87,87,84,82,83,83,82,80,75,75,75,75,74,74,72,72,72,69,68,67,63,61,60,59,59,58,58,56,56,56,55,55,55,51,51,48,46,44,44,45,45,45,45,44,44,43,43,40,41,40,41,39,39,39,37,37,38,35,35,35,33,34,32,32,32,33,34,35,36,35,35,33,34,34,34,35,35,34,33,34,33,33,32,33,32,33,33,32,32,30,31,31,31,32,33,33,33,32,33,32,33,32,33,33,33,33,31,31,30,30,29,29,28,27,25,23,22,22,23,24,24,24,24,25,25,25,25,24,24,25,25,25,25,29,28,30,29,29,30,31,32,29,31,29,30,31,30,30,31,31,31,30,27,26,27,28,29,29,28,28,27,27,29,28,29,27,27,28,27,28,28,28,29,29,27,27,27,28,28,28,28,26,26,26,27,28,28,28,28,28,29,29,29,29
0,100,99,98,97,94,92,92,91,86,86,84,80,78,77,76,75,74,74,74,71,71,70,66,65,65,65,66,65,62,61,62,62,62,59,58,61,60,60,58,58,58,57,57,57,57,56,54,56,56,56,55,54,56,55,55,54,52,52,54,55,55,54,53,50,50,48,48,47,47,47,46,45,44,44,45,46,46,45,46,46,45,45,43,44,41,41,41,41,42,42,42,39,40,40,43,41,41,40,41,41,40,40,40,39,40,40,38,37,37,37,34,33,35,34,33,33,33,31,31,31,31,30,30,28,29,29,29,29,30,29,29,30,30,32,31,30,31,32,32,33,32,32,32,31,29,30,30,32,32,33,33,32,32,32,31,33,30,30,30,31,31,31,33,35,35,36,37,37,37,36,35,35,35,34,35,34,34,33,33,32,31,29,29,28,27,27,28,28,30,31,33,33,33,33,32,33,33,33,34,35,34
0,100,97,96,92,91,90,90,88,86,85,84,82,80,80,78,76,76,75,76,74,73,72,72,72,66,65,66,65,65,66,67,65,63,62,63,62,58,57,56,54,54,55,55,56,56,54,53,53,52,50,52,50,50,49,48,46,45,44,43,44,43,44,43,42,42,42,41,40,40,38,39,38,38,38,37,35,35,35,33,33,34,35,35,35,33,34,34,34,32,33,34,34,33,35,36,38,37,34,34,34,33,32,33,32,30,30,29,28,29,29,29,29,29,29,27,26,24,22,22,21,21,21,22,23,24,26,27,26,26,26,25,25,25,25,24,23,24,24,25,26,26,25,23,23,23,23,24,24,22,22,22,23,24,24,24,25,25,26,25,26,26,27,27,27,27,27,28,28,27,28,26,24,23,23,20,18,19,20,24,24,24,24,25,26,26,26,25,25,25,25,25,25,26,24,24,24,24,24,26,25,26
0,100,98,97,94,93,91,89,85,84,81,80,77,74,74,74,72,71,70,69,69,70,70,71,71,72,71,71,70,70,70,68,67,67,65,64,63,62,65,65,62,61,60,58,59,59,58,58,56,56,55,52,52,52,51,50,48,47,47,46,48,48,47,48,48,47,46,47,46,46,45,46,46,47,46,42,44,45,46,43,43,42,41,40,41,41,40,41,41,40,40,40,41,41,43,42,42,41,39,41,40,39,40,39,37,36,35,35,38,36,35,36,36,36,36,36,34,34,34,33,33,33,32,31,31,31,32,32,32,33,32,33,34,34,35,35,35,33,34,33,33,33,33,34,35,35,34,34,35,34,36,37,37,35,34,36,35,36,37,35,34,33,29,29,27,25,25,25,26,27,29,30,30,27,27,26,27,26,26,27,27,27,27,27,27,27,26,28,29,28,28,28,28,30,28,28,28,29,27,28,26,25
0,100,99,98,95,93,90,88,86,84,85,84,80,77,77,76,74,74,74,72,70,70,67,67,67,67,67,65,64,65,66,64,62,60,61,60,61,60,58,59,59,58,57,56,54,53,51,52,51,51,51,52,51,50,49,49,48,47,49,46,46,45,46,45,46,43,44,43,43,43,44,45,44,42,42,42,41,41,43,43,41,41,40,39,40,39,41,40,40,40,39,39,37,37,37,36,35,34,34,33,32,31,31,31,31,30,31,28,28,28,29,28,28,28,27,27,26,27,30,30,30,29,32,31,31,29,28,28,28,28,28,28,28,28,28,28,30,29,28,28,30,31,31,31,31,30,30,30,30,29,29,30,29,31,31,31,31,31,30,29,29,30,29,28,28,27,28,29,29,29,29,29,29,29,29,29,29,29,29,30,29,28,27,25,25,25,24,25,25,25,24,24,25,24,24,24,24,24,24,23,24,24
0,100,98,94,93,91,89,87,86,85,81,81,80,79,79,78,76,77,75,74,74,73,73,72,72,72,70,68,67,65,66,64,63,63,63,63,61,60,59,60,61,61,62,61,61,62,62,62,61,59,61,60,60,58,58,57,54,53,52,52,49,51,51,53,51,51,53,54,56,57,55,56,53,51,50,51,49,51,50,50,49,49,46,46,46,47,48,48,47,47,46,47,46,46,46,45,45,45,42,42,43,45,45,44,44,44,44,45,45,45,45,43,41,40,42,42,42,44,44,44,43,45,45,45,45,43,43,42,43,41,40,40,41,41,41,39,38,39,40,40,40,37,37,37,37,38,39,38,38,38,38,36,37,38,39,38,38,38,36,35,35,34,32,32,31,30,29,31,31,31,33,33,34,35,36,37,39,39,38,36,34,35,36,34,34,35,34,34,34,34,34,34,33,33,33,32,31,30,28,26,23,23
0,100,99,97,96,94,92,88,84,81,78,77,75,74,74,75,75,72,70,69,68,67,64,66,64,64,65,66,65,67,68,67,65,65,65,65,65,64,62,63,62,59,57,57,57,57,55,55,54,53,52,51,50,50,50,51,50,50,53,52,52,51,49,48,46,46,45,44,43,43,43,43,42,42,42,43,44,45,45,44,43,43,44,44,42,43,44,42,42,44,42,40,40,38,38,39,39,38,38,39,38,37,37,37,37,38,37,38,38,39,39,40,41,41,41,40,38,37,37,36,33,36,36,37,37,39,38,36,37,36,36,38,38,37,38,38,37,36,37,36,34,34,35,35,35,35,35,35,35,35,35,34,36,36,37,37,36,37,37,37,37,37,37,36,34,34,35,36,35,36,36,38,37,37,38,37,38,35,35,33,32,33,36,35,34,34,34,33,31,31,31,31,29,30,31,29,30,30,30,29,26,26
0,100,97,96,95,94,91,88,87,79,80,79,78,77,74,70,70,70,70,69,69,68,68,68,68,68,66,65,65,65,64,61,61,62,60,59,59,59,59,57,55,56,54,54,53,52,53,54,53,54,56,56,55,58,57,52,52,51,52,52,51,52,52,51,51,50,49,51,51,47,46,47,47,48,48,49,48,49,49,48,47,47,46,46,46,48,46,46,47,47,45,44,43,42,41,39,40,40,40,41,42,41,41,42,42,42,42,42,41,41,40,39,39,40,39,39,38,37,37,37,36,37,35,36,35,34,34,32,30,30,30,30,30,28,28,28,26,28,27,26,27,27,26,26,25,25,26,28,29,29,31,31,31,30,29,29,31,33,32,32,33,33,32,31,31,31,31,32,31,31,31,31,31,31,31,32,32,31,32,32,31,31,31,29,28,28,27,28,28,27,26,26,27,26,26,27,27,27,26,25,24,23
0,100,97,93,91,92,91,91,83,84,83,83,80,78,77,77,76,74,74,70,69,69,65,64,63,63,63,64,62,61,61,59,59,61,61,62,64,62,61,62,62,62,60,60,59,60,60,61,61,62,62,63,63,62,62,61,61,62,63,62,59,58,57,56,54,57,56,55,54,55,55,55,53,51,50,51,49,48,49,49,49,47,48,47,46,47,44,44,44,44,45,45,45,46,47,48,48,48,49,48,47,47,48,48,48,49,48,48,48,45,44,44,42,43,45,43,44,44,43,43,40,39,40,40,39,40,38,38,38,39,40,39,39,37,38,37,37,37,39,38,36,34,33,32,32,32,30,30,31,31,32,31,31,32,33,31,31,30,29,30,30,31,31,31,27,27,28,27,27,27,26,27,26,27,28,26,28,28,29,28,29,31,32,32,33,35,35,34,33,31,29,26,25,24,24,24,25,27,25,25,23,23
0,100,100,99,98,97,96,96,93,91,89,87,83,81,81,79,77,76,75,74,72,70,70,69,69,68,67,67,66,67,65,65,64,64,62,62,62,63,64,64,64,63,63,62,61,58,57,58,58,60,60,59,59,59,59,59,58,57,56,55,55,55,54,53,53,51,51,51,50,51,51,48,46,46,45,45,44,45,44,44,43,43,42,41,41,41,40,39,40,41,41,43,41,40,41,43,43,44,43,43,42,43,42,42,43,43,43,43,42,42,42,42,42,42,40,40,40,40,41,41,40,40,39,40,39,39,38,39,40,40,41,42,42,42,40,39,38,37,37,36,35,35,36,35,34,34,33,31,31,32,32,32,30,29,32,32,32,34,32,30,30,31,30,32,31,33,32,32,32,35,35,35,36,37,36,36,35,35,36,36,36,37,39,39,39,37,37,37,37,38,39,39,40,40,40,39,41,40,40,40,37,36
0,100,99,99,96,95,94,92,90,90,89,88,85,82,80,79,79,78,75,76,75,75,74,73,72,70,70,69,70,68,69,67,63,62,61,61,62,61,59,58,59,57,54,54,55,56,56,57,54,51,52,51,51,50,51,52,49,47,46,47,47,47,46,45,45,46,48,48,49,49,51,50,50,49,51,52,50,48,48,48,49,51,52,51,50,50,50,49,46,45,44,45,44,46,46,47,48,47,46,43,43,43,42,41,43,42,40,39,40,40,37,36,34,33,33,36,33,32,32,31,30,27,27,27,27,28,28,29,29,29,29,29,30,30,29,29,29,30,28,28,26,27,26,27,27,26,26,27,27,27,28,28,28,27,27,26,27,28,27,28,28,27,26,27,27,26,27,25,24,23,23,24,25,25,26,25,26,27,27,28,28,30,31,31,30,29,29,28,29,29,30,31,31,32,32,33,31,31,31,31,31,31
0,100,100,97,96,94,91,89,87,86,85,84,85,84,82,79,77,76,76,75,73,72,72,71,70,68,70,67,61,61,61,60,58,58,56,56,55,54,52,52,50,50,51,52,52,51,52,52,51,48,48,49,49,49,47,48,47,46,44,44,43,39,40,39,37,35,33,33,36,38,37,38,37,35,35,34,35,36,37,38,38,39,40,40,41,41,42,42,42,41,41,42,40,40,39,41,41,42,43,39,39,39,39,41,41,42,41,42,44,43,42,42,42,42,42,41,42,40,41,42,41,39,40,38,39,39,40,40,39,40,39,39,38,38,39,39,39,38,36,36,37,36,37,37,38,39,36,36,35,35,35,35,37,35,34,34,33,33,34,34,33,33,33,33,34,33,32,34,34,33,33,32,33,35,34,34,34,34,34,33,33,34,34,30,30,29,28,27,27,27,27,27,26,26,26,26,28,29,30,31,30,31
0,100,97,94,92,90,89,88,88,88,88,88,84,83,82,80,80,78,79,78,78,78,77,77,76,77,76,75,73,73,74,72,70,70,66,65,65,65,65,66,65,63,62,62,61,61,59,60,60,59,60,59,58,56,57,57,55,55,55,55,55,54,54,54,53,50,50,50,50,49,53,52,52,52,52,51,52,52,52,51,51,51,50,50,50,50,48,48,48,47,45,44,44,43,42,41,42,43,42,40,41,40,38,35,35,35,35,34,32,34,32,33,35,35,34,31,29,29,30,30,29,30,29,29,29,28,27,27,27,24,26,24,26,24,25,26,26,26,27,26,27,27,26,28,28,26,26,25,25,24,24,24,23,23,25,24,25,24,24,24,24,24,24,24,23,22,22,22,22,22,22,22,22,24,24,24,23,23,22,22,22,23,23,22,22,22,22,22,22,22,23,22,23,23,24,25,24,24,24,26,25,25
0,100,99,95,94,94,94,91,87,87,86,85,84,83,79,78,78,76,77,75,73,74,70,69,67,67,66,63,61,60,57,56,56,54,51,53,51,51,50,49,49,49,50,50,50,49,49,47,46,44,44,45,46,47,46,45,45,46,45,45,44,46,47,48,49,49,48,46,46,46,46,44,43,44,43,42,39,38,39,36,36,38,37,36,36,35,34,34,34,33,34,33,34,35,36,37,38,37,36,35,35,36,36,36,36,35,34,34,36,37,36,36,35,35,32,33,33,32,32,32,32,32,31,31,32,32,34,33,31,30,29,28,27,28,28,27,27,27,28,30,30,30,30,31,31,32,33,33,31,31,32,31,30,30,31,31,31,30,30,30,30,30,29,28,28,29,29,28,27,28,26,26,26,27,26,27,27,28,28,30,31,32,32,34,35,34,35,35,35,35,30,30,30,30,30,29,29,30,31,29,27,26
0,100,100,98,97,96,97,96,96,95,94,90,90,89,89,88,88,88,88,90,90,91,90,87,85,80,78,78,79,78,76,74,73,75,77,75,75,74,72,72,72,72,70,71,72,70,71,71,70,70,69,68,64,62,61,63,60,57,58,59,59,57,56,56,55,55,54,54,54,54,52,52,51,50,49,48,48,49,49,49,48,48,48,49,48,49,49,49,49,49,48,47,45,44,45,44,42,42,43,42,41,41,41,41,41,40,41,41,41,42,42,41,41,42,42,42,42,42,41,41,39,36,36,35,34,35,35,35,37,39,37,38,37,37,38,39,38,38,39,39,39,39,39,39,38,38,38,38,37,37,38,38,38,38,37,36,36,36,34,34,35,34,34,32,31,33,30,30,29,29,29,29,31,31,31,31,31,31,32,33,33,32,33,33,33,31,31,30,30,29,28,29,31,31,33,33,32,32,33,34,33,33
0,100,100,97,97,95,95,93,92,91,91,87,88,85,84,83,81,80,77,75,74,73,72,71,67,68,65,65,66,66,66,65,64,66,65,65,61,59,59,57,58,58,58,57,55,53,51,51,51,48,48,48,46,45,44,45,44,42,41,41,42,42,41,42,40,40,41,38,38,37,37,39,38,39,40,41,42,43,44,43,42,42,42,41,42,43,43,42,41,40,40,39,39,39,38,38,39,38,38,38,37,37,36,35,34,34,35,36,35,35,34,33,33,32,31,31,31,31,30,29,28,27,25,25,25,27,26,26,25,21,21,20,20,21,21,21,19,18,19,19,19,19,19,19,20,19,17,19,19,19,20,20,20,22,22,22,21,20,21,21,21,20,19,20,21,21,21,20,20,21,21,21,24,26,25,25,25,25,25,25,25,27,26,26,28,29,29,31,30,30,28,29,30,29,31,30,30,31,29,27,28,28
0,100,98,96,95,92,89,88,86,86,85,85,82,80,78,75,75,73,73,71,70,68,65,64,65,64,63,60,59,58,57,58,58,59,59,58,57,57,57,56,55,55,56,57,57,55,54,54,53,54,52,52,51,50,50,51,51,50,49,49,47,44,44,43,42,43,43,45,45,43,43,43,43,44,44,44,44,44,45,46,46,46,45,44,44,43,42,43,41,42,42,41,41,41,42,43,41,40,39,38,37,36,36,34,35,35,37,36,35,35,34,31,31,31,29,27,26,26,25,25,26,26,26,25,24,24,25,24,23,23,22,22,21,22,22,24,24,24,24,26,26,26,26,25,25,26,25,25,24,24,23,23,23,23,23,23,23,23,23,22,21,21,21,22,22,22,22,21,21,21,22,24,25,24,25,26,24,23,24,24,26,26,26,25,26,26,26,26,27,27,27,27,27,27,28,27,30,30,29,31,31,31
0,100,100,98,98,97,96,94,92,89,89,89,87,86,85,82,82,81,79,75,73,73,71,71,71,71,71,70,71,67,67,63,60,60,56,56,56,56,57,53,53,52,52,52,51,50,48,47,45,45,44,45,45,45,45,45,46,46,47,46,43,42,42,41,41,41,41,40,39,37,39,38,39,37,37,36,35,36,37,36,35,35,35,35,35,35,37,35,35,34,32,33,34,34,32,32,32,32,32,33,34,34,34,34,33,33,35,35,36,34,33,32,32,33,33,32,32,32,33,32,34,35,33,33,34,33,35,35,34,35,36,36,36,35,35,35,37,37,36,36,35,37,37,37,37,37,37,38,37,38,37,36,36,36,35,35,35,35,35,35,35,33,33,34,33,32,31,31,31,32,31,31,30,30,31,32,32,31,32,31,31,32,33,34,34,34,36,35,35,35,35,35,34,33,33,33,33,33,32,34,34,33
0,100,97,94,94,94,88,88,86,84,83,82,79,78,76,74,74,74,74,73,73,73,71,71,67,67,66,65,65,67,67,65,65,63,63,62,60,58,58,58,56,57,54,56,56,53,53,54,55,54,54,53,53,54,54,53,51,49,48,48,48,46,47,49,50,49,50,49,48,47,45,46,46,44,44,45,43,41,42,41,40,40,39,39,40,42,42,41,41,41,43,42,41,37,37,35,35,35,34,32,32,33,34,34,32,32,32,31,31,28,28,28,28,29,28,27,25,25,25,26,26,26,26,25,25,26,26,23,24,24,26,26,26,26,26,27,28,26,26,25,25,25,25,26,24,23,23,23,21,23,23,24,24,24,26,26,25,25,27,27,27,26,26,26,25,25,26,25,25,25,26,26,25,25,25,25,25,24,24,24,24,25,24,26,30,31,31,29,31,31,31,32,32,31,31,32,31,31,30,31,31,29
0,100,97,93,89,88,88,86,87,86,83,84,82,81,77,76,78,76,75,74,73,71,71,69,70,70,69,65,63,61,59,61,59,61,60,60,61,61,60,60,59,58,58,56,56,57,56,52,52,53,52,51,50,49,47,47,47,46,47,49,49,49,49,48,49,48,50,50,50,50,48,47,45,46,47,49,49,51,51,50,48,47,46,46,44,44,46,47,47,46,45,46,45,43,44,43,39,41,38,38,38,39,40,41,41,41,40,38,37,36,34,35,33,32,32,32,32,32,32,33,33,33,33,32,32,31,30,31,31,31,31,32,33,35,35,34,34,35,35,35,35,33,30,30,30,29,30,29,28,28,28,26,26,28,27,27,28,27,24,25,25,25,25,26,26,27,26,27,28,29,29,29,28,29,29,28,32,32,32,32,31,31,31,31,31,33,28,27,26,26,25,26,26,26,27,27,28,28,29,30,29,29
0,100,99,97,94,94,91,90,87,87,84,83,80,78,79,78,78,77,76,76,74,74,74,74,72,72,72,71,70,68,68,68,67,64,66,64,61,62,62,62,62,62,59,58,57,55,55,54,54,52,52,52,52,51,49,47,48,47,47,46,45,43,43,43,42,41,41,39,40,41,41,40,38,39,39,38,37,37,38,39,40,38,39,41,39,39,39,39,39,39,39,39,40,40,40,40,39,39,41,41,40,40,39,39,38,37,37,36,37,36,36,37,35,35,33,33,31,31,31,30,29,29,27,27,28,28,30,29,29,29,28,29,30,29,29,29,28,29,28,28,28,27,27,27,27,26,26,25,25,28,28,29,29,28,27,26,28,28,28,28,27,27,28,29,29,30,29,28,29,28,29,28,29,29,29,28,31,33,32,32,31,31,32,33,32,32,32,32,33,33,33,32,32,32,32,31,32,31,30,30,30,31
0,100,97,96,92,87,84,81,80,77,74,74,73,73,74,73,72,70,71,70,70,68,68,67,64,62,62,61,62,62,62,60,61,60,60,56,57,59,59,55,55,57,57,57,56,54,54,53,52,52,53,54,54,55,55,55,54,53,54,53,52,52,51,50,49,49,49,48,48,47,46,46,46,45,45,43,43,41,37,38,38,39,37,38,36,35,35,35,34,35,34,35,36,33,34,33,33,33,32,32,32,31,32,32,30,30,30,32,31,31,30,28,29,29,30,30,30,30,28,29,29,30,30,29,28,28,28,27,25,26,28,29,29,29,28,29,29,29,28,27,28,28,27,26,26,26,26,27,25,25,27,27,26,26,24,25,25,24,24,24,23,23,24,24,25,24,25,25,23,24,24,24,24,24,24,23,24,24,25,25,26,26,26,26,26,25,27,26,26,25,25,25,26,25,25,24,24,25,25,25,25,24
0,100,97,96,95,94,94,92,91,89,89,88,87,87,85,83,81,79,78,76,78,78,74,73,73,71,70,67,66,67,66,66,65,64,63,61,60,61,61,60,60,59,61,60,60,58,58,55,53,53,53,53,54,53,53,54,53,51,51,51,52,51,50,48,49,47,47,46,47,47,46,46,47,46,44,44,45,44,43,42,43,43,43,43,41,40,39,38,36,37,35,33,32,32,34,33,32,32,31,31,31,33,34,37,34,34,35,35,36,37,37,39,38,37,37,38,38,38,36,36,38,39,39,39,41,39,39,40,38,37,38,38,38,37,38,38,38,36,36,33,35,33,34,34,34,34,33,33,33,31,29,29,29,30,30,32,32,32,31,31,31,31,31,30,31,30,31,30,28,28,28,27,26,24,22,23,24,27,27,29,32,32,32,29,27,26,26,26,25,23,23,21,21,19,19,21,22,23,23,22,21,21
0,100,96,95,94,94,93,90,88,88,85,83,82,80,80,77,74,74,73,72,71,71,70,68,67,66,66,66,64,64,63,63,63,65,66,65,64,65,64,64,64,64,63,64,64,63,62,61,60,59,58,57,58,57,56,56,55,54,55,56,54,56,54,53,53,53,51,50,49,48,48,49,48,48,46,47,45,44,44,44,44,44,43,44,44,42,40,39,39,41,40,41,41,41,40,40,41,40,39,37,37,36,37,37,37,37,38,38,38,38,37,37,39,39,38,40,40,40,40,42,42,44,43,42,42,42,40,38,38,36,36,36,37,36,34,33,32,32,32,36,34,34,34,31,31,31,31,31,30,29,30,27,25,25,26,26,26,27,26,27,28,28,29,28,29,31,30,30,29,29,28,29,30,29,29,30,32,32,32,35,34,36,36,35,36,36,37,35,35,35,32,31,30,30,31,28,28,29,30,30,29,27
0,100,98,97,94,92,92,89,89,91,87,85,82,82,81,80,79,78,78,76,75,77,75,74,70,69,69,67,66,67,67,67,64,64,64,64,63,62,60,60,59,57,55,52,52,54,54,53,53,52,51,49,49,50,50,50,50,50,49,49,48,48,48,48,47,45,44,42,42,42,44,43,44,44,43,45,47,46,47,45,45,47,46,46,46,45,44,43,42,42,42,42,41,39,38,35,35,36,36,36,32,32,32,32,29,29,29,31,31,31,32,31,31,31,31,31,31,29,28,28,31,32,34,33,34,33,33,34,32,33,31,32,30,30,31,34,34,35,37,36,36,36,35,34,33,31,30,30,29,29,26,26,27,28,30,30,30,29,29,29,29,26,26,27,25,26,27,28,28,27,27,26,27,27,27,28,29,30,28,28,28,27,28,28,28,28,28,28,29,30,29,29,27,25,24,24,23,24,23,24,23,23
0,100,97,96,92,88,88,88,87,86,86,82,81,80,80,80,78,76,77,76,74,74,73,70,69,70,70,70,68,68,67,66,66,66,64,64,63,61,60,59,59,60,61,60,60,58,55,54,51,50,51,50,49,47,47,48,48,46,48,47,44,43,43,44,44,44,43,43,44,43,42,42,42,41,43,43,42,41,41,42,44,44,44,43,42,42,43,44,44,45,42,40,40,40,42,42,43,43,42,42,42,42,43,42,43,44,40,40,39,39,40,41,41,40,42,41,41,41,40,40,38,38,38,36,35,36,35,36,36,36,37,35,38,38,39,40,39,40,40,41,41,40,38,37,37,36,36,36,36,36,36,37,36,36,37,37,37,38,38,38,37,38,36,34,34,33,32,33,34,31,30,30,32,31,31,31,32,33,33,36,37,36,36,36,36,37,36,36,36,36,36,37,37,37,36,36,36,36,36,36,36,35
0,100,99,95,95,92,90,89,87,86,85,81,79,79,79,75,75,75,73,71,70,69,68,68,66,65,65,65,64,63,62,60,60,58,57,58,57,58,58,58,57,57,55,56,56,54,52,53,52,50,50,49,51,50,51,49,50,50,50,48,48,48,48,47,45,45,45,46,44,44,43,46,45,45,45,42,45,45,45,43,43,42,41,40,40,41,41,41,43,44,44,45,43,42,42,43,43,41,41,40,40,38,38,40,39,40,41,41,39,39,39,38,38,37,37,38,39,37,36,33,31,31,31,30,29,28,27,27,27,27,28,29,28,27,28,28,26,28,26,26,26,27,27,26,26,25,22,22,23,25,23,25,25,24,25,25,26,26,26,26,27,27,24,25,26,27,26,29,31,30,29,28,28,28,28,28,29,29,29,27,27,27,27,28,29,29,29,29,30,29,29,30,30,30,30,30,30,30,30,30,29,29
0,100,98,97,94,94,92,89,87,86,86,86,85,80,80,76,77,75,74,67,64,63,65,64,64,62,62,60,60,60,58,57,56,55,52,52,51,52,51,53,53,50,50,50,48,47,45,47,47,47,47,47,46,46,45,47,46,49,48,48,49,50,48,46,47,43,44,43,44,45,44,43,44,44,43,44,44,42,41,42,43,42,44,44,43,46,46,45,45,45,46,47,48,46,45,44,43,42,41,40,40,38,38,39,39,40,41,42,42,41,42,42,40,41,42,43,43,42,42,43,43,43,42,40,40,39,40,42,42,42,40,42,43,42,40,38,38,39,38,38,39,39,40,40,40,43,42,43,42,41,41,41,40,39,40,39,38,38,37,37,36,37,37,37,36,36,37,37,37,37,37,37,36,36,36,36,34,37,37,35,35,37,37,37,38,38,39,38,37,37,36,35,35,33,31,31,29,31,28,30,31,31
0,100,99,97,96,92,88,84,84,82,80,81,80,80,78,76,76,74,72,71,68,67,66,67,68,67,66,65,66,66,68,65,64,66,66,67,65,63,63,62,60,61,61,61,60,60,58,58,57,55,55,56,54,52,53,52,51,50,50,52,52,51,51,52,51,51,53,53,54,53,53,52,51,50,51,51,50,50,50,50,49,49,49,48,45,45,44,43,43,43,42,43,41,42,42,43,43,41,43,43,41,41,40,39,38,39,38,38,37,37,39,38,38,37,36,35,37,36,35,36,36,35,34,34,36,38,39,39,39,38,39,38,38,38,38,38,37,38,38,38,38,37,37,37,35,36,34,33,34,33,31,33,34,33,33,32,33,34,32,32,33,33,31,32,33,33,33,32,33,32,31,31,31,30,28,28,27,26,26,28,27,27,27,25,25,25,26,25,25,26,26,29,29,29,30,29,28,28,28,28,28,28
0,100,97,96,95,94,91,90,90,88,86,86,86,85,84,81,81,80,79,79,77,75,74,75,74,73,72,70,69,68,67,65,63,62,63,63,63,62,61,59,58,56,55,56,54,54,53,53,53,53,54,56,58,57,59,56,55,55,54,52,52,53,55,54,53,53,53,52,51,51,49,48,48,46,45,46,48,49,48,48,48,47,47,46,47,47,48,47,48,48,49,48,48,49,49,50,47,47,48,49,49,50,50,50,49,49,48,48,48,48,48,47,45,46,47,47,48,48,47,45,43,43,43,41,39,39,41,42,39,40,39,39,38,39,40,41,41,40,42,42,42,42,42,40,41,42,42,43,43,43,42,40,40,39,38,37,34,33,34,35,36,37,37,36,36,36,36,39,41,40,39,38,37,37,36,36,36,35,35,36,36,36,37,36,38,38,39,39,38,38,38,38,35,35,35,35,35,34,35,35,36,35
0,100,99,95,94,92,89,87,84,80,81,80,79,76,76,75,76,74,75,74,73,73,74,74,74,71,69,69,68,68,67,65,64,65,65,64,64,62,62,61,59,58,60,59,58,55,53,52,50,47,47,46,46,45,45,45,44,42,44,46,46,45,44,43,43,44,43,42,44,43,41,42,41,41,44,43,43,43,43,43,43,44,43,42,40,42,41,42,45,45,44,43,44,45,45,45,46,46,46,45,45,45,44,44,44,43,44,44,44,44,43,43,42,42,41,43,43,43,40,36,38,37,37,35,35,35,35,35,35,36,37,37,40,37,36,34,32,32,32,32,33,30,31,34,35,35,34,31,31,31,34,34,34,34,33,33,34,33,34,33,31,30,29,28,27,28,28,30,30,31,30,30,32,32,32,32,32,31,30,31,30,32,32,33,33,34,35,33,32,31,30,30,31,29,29,28,28,28,28,27,25,25
0,100,99,94,90,87,84,83,81,81,80,79,78,77,73,73,72,72,70,70,69,70,68,67,65,62,61,61,58,58,58,57,56,55,53,53,52,50,50,50,49,49,49,47,45,45,45,45,43,43,43,43,44,43,42,39,40,40,41,41,42,41,44,44,44,45,42,41,43,43,43,42,40,40,39,38,40,41,41,39,38,37,37,38,39,36,35,35,36,35,36,35,36,36,36,36,35,35,37,38,36,35,36,37,37,37,37,37,36,35,35,36,35,35,35,34,35,34,34,34,35,34,33,31,31,32,32,33,33,33,32,33,32,32,32,33,31,32,32,33,34,34,34,34,34,34,33,32,29,26,27,27,27,28,27,25,24,25,24,25,23,23,22,22,22,21,22,21,21,21,22,22,21,22,23,22,22,20,20,19,19,18,18,19,20,20,21,22,24,23,25,28,28,28,29,29,29,28,27,27,27,26
0,100,99,94,92,92,92,90,87,85,84,83,81,81,80,77,76,74,69,69,67,66,65,65,64,65,63,61,61,61,59,60,59,57,56,55,56,56,57,55,55,56,55,56,54,55,57,56,56,55,54,57,56,53,51,51,50,50,49,47,46,48,46,47,47,47,46,46,46,46,46,45,44,44,44,43,46,46,46,45,45,43,42,42,41,40,39,38,36,36,37,36,36,34,35,36,36,36,35,34,33,33,33,32,30,31,32,34,33,34,35,35,33,33,32,31,31,31,31,32,31,32,31,31,30,30,30,29,30,29,29,28,29,28,27,27,29,29,27,28,30,31,31,31,31,30,28,28,28,26,26,26,26,26,26,27,27,27,27,25,25,24,23,23,23,24,23,25,25,25,25,24,25,25,26,25,24,26,25,25,26,26,28,26,28,28,29,28,27,27,29,28,28,29,28,28,28,28,27,28,28,29
0,100,98,97,97,94,93,91,89,87,86,86,85,85,85,83,83,83,80,78,77,72,72,74,71,70,70,68,67,65,64,63,62,60,62,60,60,59,57,56,57,54,52,51,51,49,49,49,50,50,49,51,51,50,48,47,47,46,43,44,44,44,44,43,43,42,43,42,42,42,44,45,46,46,45,46,45,46,45,45,44,44,44,43,43,44,46,46,44,43,43,43,43,43,42,44,43,41,42,41,40,41,41,40,40,41,39,39,38,38,36,36,36,38,38,37,37,37,38,39,39,38,38,37,37,38,38,37,37,36,36,35,38,37,37,36,32,35,35,34,32,35,36,34,34,33,33,33,34,34,35,34,34,32,32,33,32,33,33,34,35,36,35,34,35,34,34,34,33,32,31,32,30,33,34,34,34,33,33,34,34,33,35,36,34,34,34,34,35,34,34,33,32,32,32,32,31,32,32,31,30,28
0,100,97,96,95,93,90,90,88,89,88,86,84,84,81,81,77,77,77,77,75,74,71,71,71,70,69,68,67,68,66,65,65,65,65,64,61,59,58,57,56,56,58,56,54,55,55,52,52,52,52,51,52,51,49,48,46,44,44,43,41,40,40,39,39,42,41,40,40,39,41,41,41,39,38,37,36,38,36,36,36,35,36,36,37,37,37,39,37,38,39,38,37,37,37,36,36,35,34,33,33,33,34,35,34,35,33,33,33,33,33,32,32,33,32,33,33,32,31,32,32,31,33,33,33,33,31,32,31,32,32,32,31,31,31,32,30,31,31,31,32,32,29,29,29,31,28,27,27,27,27,28,28,29,30,30,30,28,27,25,26,27,27,28,28,27,27,26,27,26,27,27,27,26,25,25,24,22,23,23,23,24,23,23,24,24,26,26,26,26,25,25,25,24,25,25,26,27,28,28,28,28
0,100,98,97,96,88,88,87,86,85,83,83,81,81,79,78,78,78,78,79,76,74,74,72,72,72,71,69,69,68,65,65,65,65,64,62,62,61,60,58,59,57,57,58,58,56,53,52,51,52,52,51,52,50,48,47,46,46,47,46,47,46,47,47,48,48,49,49,48,48,46,46,46,46,44,43,43,43,42,42,44,44,45,45,45,44,43,43,43,43,42,42,43,42,42,43,43,41,41,41,41,41,41,42,43,39,38,39,39,38,40,39,41,41,43,43,43,44,44,43,43,42,42,41,43,43,44,43,44,42,42,43,41,41,40,40,39,38,37,36,34,36,35,34,34,34,34,34,33,32,33,32,31,31,32,32,32,32,31,31,28,28,28,28,28,27,27,27,27,26,27,27,28,28,27,27,29,28,29,28,29,29,29,30,30,28,27,27,27,26,25,26,25,23,23,24,26,25,23,23,24,26
0,100,94,92,92,90,88,88,87,87,88,88,87,86,86,86,85,84,80,80,80,78,75,73,72,69,65,63,63,63,65,63,61,59,58,58,58,56,56,55,57,56,55,55,54,54,51,50,50,49,50,48,46,47,46,45,46,45,44,43,43,45,42,42,42,42,42,42,43,44,43,43,43,42,42,42,42,41,40,40,41,41,41,41,40,40,40,39,39,39,39,39,35,33,33,32,34,35,35,35,34,34,33,35,35,35,33,33,33,34,34,32,32,31,31,30,30,31,31,30,31,32,32,33,32,33,31,31,30,29,29,30,30,29,28,30,30,32,34,35,33,32,31,31,32,32,31,31,31,32,31,31,31,31,31,32,32,31,31,31,31,29,29,29,29,30,33,35,34,36,33,32,30,29,29,29,30,31,32,32,32,31,32,33,34,34,35,35,35,35,36,38,38,38,38,38,37,37,38,38,38,37
0,100,97,96,94,94,94,93,90,89,87,86,84,82,80,78,74,73,74,74,72,72,71,69,69,69,68,67,68,67,68,68,67,65,62,60,57,57,54,54,52,52,52,53,52,51,52,54,50,49,47,47,46,46,47,46,46,43,43,43,40,39,39,42,42,41,41,40,41,39,40,38,39,41,41,40,40,40,41,40,37,36,36,35,35,35,33,33,34,34,35,35,34,32,33,31,31,30,30,27,26,26,26,25,25,25,26,23,22,22,22,22,22,23,24,25,26,26,27,26,25,25,25,25,24,24,23,23,22,22,23,23,23,23,22,23,25,25,26,27,27,26,25,26,23,21,20,19,21,21,22,23,23,24,24,24,22,23,21,21,23,24,23,23,24,25,28,26,26,27,28,28,28,28,27,28,27,27,29,28,27,28,28,28,27,28,30,28,25,25,23,22,21,20,20,21,20,19,18,18,16,16
0,100,97,96,95,89,89,87,85,83,80,79,77,74,73,72,71,69,68,68,68,67,64,64,64,62,64,65,64,64,64,65,63,60,58,58,59,60,59,59,58,58,54,53,53,52,52,52,49,49,45,46,46,46,46,47,49,47,47,47,47,47,46,46,46,47,47,47,46,46,47,48,49,49,49,48,51,49,49,49,50,49,48,46,46,45,44,43,44,43,43,42,38,39,39,39,38,37,37,40,39,40,39,38,38,38,36,36,36,36,39,38,38,41,40,41,39,37,38,37,35,35,35,34,34,37,35,34,33,33,31,32,33,33,31,32,32,32,35,35,36,36,36,35,37,36,36,37,36,35,34,34,34,34,34,35,35,35,35,35,35,35,34,34,33,35,36,37,36,35,35,36,36,37,36,33,35,35,35,35,35,35,33,33,33,32,31,32,30,29,28,28,28,25,25,24,26,26,26,27,28,27
0,100,100,96,95,92,91,85,85,84,81,80,82,80,76,76,74,71,69,67,67,66,64,63,59,59,59,58,57,56,55,55,54,52,51,48,48,47,47,47,49,48,48,46,45,45,47,45,46,46,43,44,44,44,44,44,44,47,47,47,46,44,45,44,41,42,43,43,41,41,42,42,41,41,41,42,41,43,44,45,44,45,45,44,44,43,43,41,39,36,36,36,37,38,39,38,36,36,36,35,35,33,30,30,31,32,31,28,29,28,28,27,27,26,26,25,25,26,26,28,30,31,30,31,31,29,27,27,27,27,27,27,27,27,26,26,26,26,25,25,26,25,25,25,24,24,24,24,23,23,21,21,21,21,22,23,23,22,23,25,26,26,27,29,29,29,29,28,28,28,29,30,30,28,28,28,28,30,31,31,32,33,33,33,32,32,33,32,28,27,27,28,28,27,26,25,25,25,26,26,25,25
0,100,99,94,92,89,87,85,85,83,82,82,82,80,79,80,78,78,77,77,77,74,72,71,71,71,72,71,73,73,70,68,65,63,62,62,63,64,65,62,60,62,61,60,61,61,61,60,59,59,58,58,58,56,56,58,58,56,56,55,54,53,53,53,55,53,51,50,49,49,48,47,46,46,46,45,46,46,46,47,45,46,47,44,45,43,46,47,46,46,47,48,48,45,48,49,49,48,47,47,47,47,46,47,48,49,47,49,48,48,50,48,47,46,48,48,47,47,46,47,47,47,45,45,46,43,45,45,45,45,46,47,45,44,43,42,40,39,38,38,39,37,36,36,37,36,35,34,35,35,33,31,32,30,30,31,31,32,35,36,36,36,36,37,36,38,36,35,35,34,34,36,37,37,37,36,35,36,35,33,33,31,32,34,33,33,31,29,28,29,29,31,33,33,33,33,35,35,34,34,32,31
0,100,96,95,95,92,90,90,86,84,84,79,77,77,77,77,76,76,74,74,74,74,73,71,68,68,68,67,67,67,66,65,64,65,64,64,65,63,62,61,60,59,58,57,56,54,53,50,50,48,48,47,48,47,47,48,48,49,49,50,50,49,48,46,46,45,46,45,44,46,45,45,43,43,42,42,41,40,41,40,39,40,40,40,41,42,43,42,42,43,42,42,42,43,42,42,42,39,37,36,35,36,35,35,35,35,35,35,34,34,34,34,35,32,31,31,31,31,32,33,32,32,32,32,32,31,30,30,29,28,30,31,31,31,31,30,31,32,32,32,32,34,36,35,33,32,33,32,33,35,34,34,35,34,33,33,33,33,33,33,34,35,35,33,32,32,33,31,31,31,31,31,30,29,30,31,30,30,30,29,29,29,29,27,27,28,28,27,27,29,29,30,30,30,31,31,31,32,32,32,31,31
0,100,98,95,93,92,89,87,87,86,87,86,83,80,81,79,77,75,73,72,72,70,71,69,70,68,66,65,64,64,63,62,62,63,61,59,59,58,59,60,60,59,60,59,63,63,63,61,62,61,60,61,59,58,58,58,55,56,55,54,56,55,54,52,51,51,52,52,52,48,47,45,45,45,45,45,45,43,40,39,39,41,40,40,38,38,39,40,39,38,37,37,38,38,37,38,39,39,38,39,40,40,40,42,44,43,43,42,42,44,45,46,43,44,44,43,43,43,42,44,45,47,48,48,49,48,48,48,48,47,48,48,47,45,44,44,45,45,43,43,41,40,37,36,36,37,38,40,39,41,42,40,41,41,41,40,41,41,41,39,40,40,40,39,39,42,41,40,40,42,41,39,39,39,37,39,35,35,36,37,36,37,36,34,32,33,33,33,32,33,33,34,34,33,32,31,33,32,32,31,31,32
0,100,99,98,97,95,94,93,92,92,89,88,88,86,86,86,85,84,83,83,81,82,84,82,79,79,79,77,76,76,76,75,77,77,77,77,77,77,77,75,75,74,73,72,70,70,70,68,68,70,69,68,66,66,64,63,62,62,60,60,62,61,60,58,58,58,58,57,55,53,52,52,52,52,49,49,48,47,47,47,46,45,44,44,45,44,43,43,42,42,43,44,44,44,42,41,41,41,41,42,41,39,40,40,40,40,39,38,38,38,37,37,38,37,35,35,35,35,34,34,34,34,34,35,36,36,36,34,35,32,33,32,32,32,32,33,34,31,32,31,32,34,34,35,36,36,36,34,35,35,36,35,35,34,34,34,34,33,34,34,34,34,34,35,35,36,36,37,35,35,35,34,33,34,34,34,34,34,34,34,34,32,32,31,32,33,32,34,33,33,32,31,30,30,32,33,33,32,32,32,30,27
0,100,98,98,97,97,96,95,92,90,89,87,85,85,82,81,79,77,74,74,71,70,71,68,68,67,65,65,64,60,59,59,59,57,57,56,53,52,50,51,52,53,53,51,49,50,51,52,50,49,46,48,45,47,46,46,46,45,44,43,42,41,40,39,41,39,40,41,41,41,40,40,38,38,37,36,35,34,35,37,38,38,39,39,38,36,33,33,35,36,36,35,33,35,34,32,35,34,33,34,34,33,32,31,32,31,31,31,33,34,33,32,36,35,32,30,31,30,30,29,28,28,27,27,27,28,28,28,29,29,29,30,30,30,30,29,29,29,30,31,30,30,29,29,29,31,32,32,31,30,30,29,29,28,28,27,27,25,25,26,26,27,26,26,26,27,27,28,28,29,29,28,27,27,26,25,26,28,26,27,28,25,24,24,25,25,26,26,27,23,23,24,24,24,23,24,24,23,23,22,21,22
0,100,98,95,94,93,92,91,89,87,86,85,84,84,84,82,80,77,75,74,71,69,69,67,66,65,61,61,59,59,59,56,55,51,52,53,52,50,49,50,50,51,50,49,48,45,45,46,47,47,46,46,45,45,46,45,45,48,49,48,48,45,45,45,47,48,47,48,46,46,45,44,44,43,42,41,41,41,40,40,40,39,40,40,42,41,41,41,41,41,42,42,42,43,42,40,39,39,39,35,33,32,30,31,31,33,34,34,35,33,32,32,31,34,35,35,35,34,32,31,30,30,29,29,29,30,30,30,30,31,31,31,31,32,33,34,33,32,32,32,31,30,28,28,29,29,29,29,30,30,29,29,28,27,27,28,28,29,29,30,30,29,29,30,30,29,29,28,28,28,28,27,28,28,27,27,26,24,25,25,26,26,27,26,26,26,26,26,27,26,25,25,26,26,24,24,25,26,25,25,23,23
0,100,97,96,95,95,94,92,91,91,89,87,84,85,84,83,83,82,80,79,76,75,74,73,72,69,69,68,67,65,64,64,64,62,62,61,57,57,54,55,56,53,53,53,51,51,50,51,53,52,50,50,50,50,50,48,50,51,51,51,51,49,49,49,46,46,45,46,47,48,47,46,47,46,43,42,45,45,45,46,47,46,46,46,45,43,43,43,43,43,45,46,47,46,46,44,42,42,43,42,41,40,40,42,41,41,41,40,39,37,38,37,37,36,36,38,38,38,39,39,40,42,43,43,42,41,41,41,41,40,40,39,39,40,40,39,38,38,37,37,38,41,42,43,41,41,40,39,37,39,37,37,37,39,41,42,42,42,40,40,40,39,38,38,38,38,37,37,37,37,36,35,35,33,33,33,33,32,33,32,32,32,31,32,33,33,33,34,35,35,35,35,34,32,31,33,33,37,37,37,36,35
0,100,99,97,97,95,92,90,88,86,83,80,80,80,77,75,71,71,72,72,73,72,71,72,72,73,72,69,66,64,64,65,62,63,62,60,60,58,57,55,54,53,52,53,52,52,51,51,52,53,53,52,52,52,51,50,50,52,50,50,51,50,49,50,49,50,49,48,46,45,43,45,42,41,42,41,41,41,44,42,42,42,39,39,40,40,40,41,41,41,42,43,43,43,43,41,40,38,36,36,37,36,36,36,37,36,36,36,36,39,40,40,39,39,40,40,41,42,41,41,43,43,43,43,42,42,41,40,39,39,37,36,36,37,38,38,39,39,38,38,35,33,34,34,34,34,34,32,30,28,27,27,26,27,28,29,28,28,28,27,27,28,27,28,27,28,27,27,25,25,25,27,28,29,27,27,25,25,26,27,28,28,27,27,28,27,26,27,26,29,30,28,29,30,30,30,30,29,29,29,28,28
0,100,99,98,97,97,96,96,94,93,94,91,89,88,86,84,82,81,81,81,80,81,75,73,73,74,74,69,70,69,67,64,64,62,62,61,60,61,60,59,59,58,57,57,57,56,57,59,59,62,61,61,61,63,61,61,61,61,60,61,61,59,59,57,57,57,53,51,50,48,47,46,42,41,40,39,39,40,39,38,39,38,36,35,35,35,36,36,36,36,36,36,37,36,36,38,38,36,36,37,37,37,37,36,36,35,35,35,36,36,35,34,34,34,34,34,33,31,31,31,31,31,34,34,35,35,34,34,32,31,31,31,30,31,28,29,30,30,29,30,30,32,33,34,35,34,34,34,36,36,36,36,36,37,36,34,33,34,35,35,35,34,34,34,35,35,34,33,32,33,33,33,32,31,31,31,31,29,29,31,32,32,32,32,32,33,34,35,35,34,33,32,32,32,31,30,30,30,31,30,30,31
0,100,99,96,94,92,92,91,90,89,88,87,86,84,84,81,77,75,75,74,74,74,72,72,71,71,70,68,67,66,67,67,66,66,66,63,64,62,63,62,63,62,62,60,59,58,54,54,52,50,48,47,47,46,45,46,45,47,47,46,45,47,47,47,49,49,48,48,47,48,49,49,49,48,46,45,46,45,43,44,46,44,44,44,44,43,43,44,42,41,41,41,41,42,43,43,42,42,42,42,41,40,39,38,37,36,34,33,33,31,32,30,31,30,30,31,32,31,32,34,36,36,36,37,36,38,37,37,36,36,36,36,37,36,36,36,35,35,35,35,36,38,38,38,39,39,39,38,38,38,38,38,38,38,37,36,35,34,32,32,31,31,31,31,30,31,32,33,32,31,32,32,32,32,32,33,35,34,34,33,33,32,32,32,34,35,35,36,35,35,36,36,37,37,37,38,39,39,38,37,38,38
0,100,99,98,93,92,89,88,85,82,81,82,78,77,77,74,74,74,72,72,70,68,66,66,66,66,66,63,63,63,62,62,62,60,60,57,57,57,57,54,53,51,51,50,50,47,44,44,44,46,47,47,46,44,44,44,44,44,45,44,43,43,42,42,40,40,40,40,40,40,43,42,42,41,40,40,45,45,45,45,43,44,42,39,39,39,39,41,42,42,41,41,43,42,42,40,38,39,38,36,35,36,36,36,34,35,35,36,36,38,38,38,39,39,40,40,39,40,40,37,36,36,35,36,35,32,32,32,32,33,33,31,31,30,30,30,29,30,29,29,28,28,28,28,28,28,28,28,28,28,29,30,30,31,29,28,28,28,28,28,28,27,27,26,25,27,26,25,23,24,25,24,24,22,23,23,25,25,27,29,28,29,29,30,29,29,29,27,26,26,26,25,25,28,28,28,27,27,27,27,28,28
0,100,98,96,96,94,91,90,85,84,83,84,82,82,80,77,76,74,74,71,70,70,68,67,67,65,65,65,65,64,66,64,61,61,61,59,59,60,56,56,55,53,53,53,54,54,54,52,52,52,51,49,49,46,46,47,48,47,46,47,47,48,48,46,45,46,44,44,43,41,41,39,38,40,40,39,41,42,40,40,41,40,40,39,38,37,38,37,37,36,36,36,36,39,39,40,40,42,42,43,43,42,41,40,41,41,40,42,43,43,44,45,46,45,44,44,44,45,44,43,43,44,44,44,44,46,46,46,47,47,47,46,46,46,46,46,48,47,45,45,45,43,43,40,40,41,41,39,38,35,35,35,35,33,31,31,29,30,30,30,31,31,32,32,31,30,29,30,31,31,31,33,34,35,34,35,33,32,33,30,30,30,29,28,27,28,28,30,29,29,29,27,27,27,25,24,24,24,23,24,26,26
0,100,98,97,96,96,95,93,93,89,86,83,80,78,74,72,71,70,67,66,65,66,64,62,62,62,61,60,58,58,56,55,55,53,52,52,49,50,51,48,48,47,48,48,50,51,50,50,48,46,45,46,46,46,47,47,47,44,44,46,46,46,45,44,43,43,42,39,40,41,40,38,40,41,41,40,40,41,41,40,39,38,39,39,39,38,38,38,38,38,37,37,36,37,37,37,37,39,39,39,37,39,38,38,38,40,41,42,41,41,40,37,36,35,36,36,36,36,37,36,35,34,34,34,33,32,32,32,30,31,31,32,32,32,34,36,35,34,34,35,34,33,33,32,32,30,29,28,30,30,29,29,30,29,29,30,29,30,28,30,30,30,29,30,31,33,33,31,29,29,30,31,31,30,31,31,31,32,32,31,31,32,31,31,30,31,31,30,29,29,29,29,28,28,29,30,32,31,31,29,30,29
0,100,100,96,92,91,90,87,86,84,82,80,76,75,74,75,74,72,72,72,73,72,72,73,69,69,67,69,69,70,69,67,67,67,66,66,67,69,65,63,63,61,62,62,60,58,57,58,57,58,57,57,56,56,57,57,58,57,55,55,53,54,53,51,52,53,53,50,45,43,44,45,44,45,45,44,46,46,45,43,41,38,38,38,37,36,37,36,34,33,32,33,34,34,34,34,37,35,36,37,39,40,40,40,39,38,40,41,40,40,40,38,38,37,39,40,40,40,40,40,38,39,36,36,36,35,37,37,37,38,37,38,38,38,39,37,37,37,37,37,36,34,33,34,34,35,33,33,33,33,33,32,32,30,30,32,31,29,29,29,28,28,28,28,27,25,27,27,27,27,27,28,29,29,30,30,28,27,25,25,24,26,26,24,26,28,29,29,28,28,28,28,28,29,29,28,27,27,26,26,26,26
0,100,100,97,92,92,90,88,88,88,87,81,79,79,78,78,78,77,74,73,72,68,67,68,68,66,65,60,60,59,60,60,60,59,57,56,54,53,52,54,52,53,55,55,56,55,54,54,55,55,56,55,55,55,54,55,55,54,53,51,51,50,48,47,49,49,49,50,49,46,46,45,44,46,48,49,49,49,47,47,46,45,46,46,46,47,46,45,41,40,38,37,37,37,36,35,35,36,35,34,35,35,34,31,31,33,33,34,34,35,36,37,38,37,36,35,35,36,36,34,35,35,32,32,32,32,31,30,30,30,31,29,29,29,28,27,27,26,27,27,27,29,29,30,31,30,30,29,29,28,26,26,26,26,27,26,27,26,23,24,22,21,22,24,24,23,25,25,25,25,25,25,25,25,25,25,24,24,24,24,23,24,25,24,24,22,23,22,22,22,22,23,22,22,22,22,23,25,26,26,26,26
0,100,100,97,94,94,90,88,86,85,84,80,79,78,77,78,76,75,73,70,70,69,67,67,65,62,60,59,58,55,54,55,53,53,52,49,50,50,51,51,50,50,51,51,50,52,51,50,51,51,50,50,49,48,46,44,45,46,47,47,46,47,48,47,45,46,46,47,46,44,43,43,45,45,42,43,44,42,41,41,40,39,39,40,41,39,40,41,41,42,42,40,40,41,40,40,40,40,42,41,39,39,38,36,34,33,32,33,33,33,33,33,33,34,34,34,34,34,32,32,33,33,31,31,31,32,32,31,32,35,35,34,32,32,32,33,34,34,33,33,33,34,33,32,32,33,33,32,31,31,30,30,30,30,29,29,28,28,28,29,30,30,31,30,29,30,29,29,28,27,26,27,27,28,27,27,28,27,26,26,26,24,23,21,20,20,18,20,21,22,22,23,22,18,17,16,15,14,14,14,15,15
0,100,98,98,96,94,92,91,89,87,86,84,81,79,78,78,76,75,74,74,75,75,71,67,67,68,70,71,71,71,71,71,70,69,69,67,66,66,68,68,68,68,68,66,67,64,64,64,62,61,59,58,57,55,55,55,54,52,50,50,50,51,50,50,50,49,48,49,48,47,47,47,47,46,48,47,46,44,43,41,40,40,39,38,37,37,39,38,38,38,38,39,39,38,37,35,34,31,33,37,39,39,40,38,38,37,36,35,37,37,37,36,36,36,36,36,37,39,39,39,39,39,39,40,39,39,40,40,40,38,38,39,40,40,41,39,36,36,37,37,37,37,37,38,38,37,35,35,35,36,36,36,37,38,39,39,40,39,38,38,36,36,36,34,36,36,38,39,39,39,38,40,40,39,39,39,38,39,40,37,36,35,34,36,35,35,36,36,36,36,35,36,36,36,37,37,37,37,35,35,34,35
0,100,98,97,94,93,92,89,87,86,86,85,84,81,80,78,79,79,77,76,75,74,73,73,72,68,69,70,66,65,63,63,64,63,61,60,59,60,61,62,62,62,63,64,63,63,61,60,59,57,58,57,54,54,53,52,52,52,53,51,49,46,45,45,46,45,45,45,45,45,46,45,45,45,44,43,42,43,42,41,41,41,41,41,40,40,40,40,40,39,37,37,36,37,40,39,40,39,38,38,38,38,36,36,38,38,38,38,38,38,36,34,34,33,33,34,33,35,36,34,36,36,36,36,38,38,38,36,34,35,34,34,34,35,35,37,36,36,36,33,33,34,33,33,34,34,34,34,32,31,28,29,29,29,27,28,27,26,24,25,26,26,25,24,24,25,24,24,23,23,23,23,23,21,21,22,22,22,23,23,23,23,22,22,23,23,23,22,23,24,24,23,22,23,23,22,23,23,23,23,24,24
0,100,96,95,94,93,91,90,90,90,88,87,86,85,85,82,81,80,79,78,75,71,71,70,71,70,69,68,66,64,64,63,62,63,61,61,60,63,61,61,61,61,61,59,60,60,58,59,58,56,56,56,54,55,54,52,52,51,51,53,53,53,52,51,51,51,50,50,49,49,49,49,50,50,50,50,50,51,50,50,51,50,51,51,50,49,47,49,49,50,49,50,48,47,46,45,42,42,43,42,42,43,44,43,44,44,44,45,44,43,44,44,44,45,45,44,44,43,42,40,39,41,40,42,40,40,41,38,37,35,33,33,33,34,34,34,33,33,31,30,30,30,30,30,29,31,31,31,34,31,28,28,28,27,27,28,29,31,30,29,29,29,28,27,26,25,25,25,24,23,22,23,23,24,24,23,23,24,24,26,26,26,28,29,29,32,32,34,36,37,36,36,31,31,30,29,29,32,32,33,31,32
0,100,97,95,94,94,91,90,88,86,86,86,82,81,81,80,79,80,79,78,76,77,77,74,73,72,68,66,66,66,65,66,65,64,64,63,61,62,59,59,58,57,55,54,53,53,54,52,52,53,52,51,51,51,49,50,49,52,52,49,48,49,49,49,49,49,47,45,44,43,42,41,41,40,39,39,38,38,37,32,33,33,35,35,35,35,36,36,35,36,36,36,38,38,36,36,37,37,38,37,37,40,40,41,40,39,39,41,43,44,44,45,43,44,44,44,44,44,44,44,44,44,42,40,39,39,39,38,35,35,35,35,34,33,34,34,34,36,36,35,34,34,36,36,37,35,35,33,34,33,34,33,33,33,33,31,32,33,33,33,33,33,33,31,30,29,29,30,29,29,29,29,28,30,30,29,30,30,31,30,30,30,30,28,28,30,31,31,32,34,34,33,35,34,34,35,35,32,31,33,33,35
0,100,97,96,95,94,91,91,90,88,85,81,77,75,76,72,71,70,67,63,64,63,63,63,62,62,63,62,61,59,60,60,61,60,61,61,59,58,59,58,59,60,60,59,56,56,55,54,53,50,50,50,51,51,50,49,48,47,44,43,42,43,42,42,42,42,42,46,46,44,44,43,45,46,46,45,44,44,43,46,48,47,47,48,48,48,48,45,46,46,46,48,49,47,46,45,44,44,44,45,45,44,44,42,43,42,42,42,41,39,39,38,38,36,37,38,37,38,37,38,38,38,38,36,36,35,34,33,31,30,30,29,27,27,28,28,29,27,27,28,28,29,28,28,28,28,27,27,26,25,23,24,24,24,24,23,23,23,23,24,22,22,21,20,20,20,20,23,23,21,22,22,22,22,21,23,23,24,23,24,24,24,23,22,23,23,23,24,23,22,22,20,22,22,22,22,22,22,21,21,20,19
0,100,95,88,88,87,85,85,83,84,82,81,80,79,78,76,76,74,71,71,71,70,67,67,67,67,67,67,68,67,65,62,62,62,62,62,62,60,61,60,59,58,56,57,57,57,54,54,55,54,53,53,54,52,53,52,53,53,53,53,53,52,52,53,53,51,51,51,51,48,48,50,50,50,48,49,50,49,50,49,49,49,49,49,50,49,49,50,50,51,51,51,52,52,52,53,53,53,50,50,50,48,48,48,48,49,48,49,46,47,48,48,47,47,47,47,46,45,47,47,48,49,51,46,44,45,43,42,40,37,37,36,36,36,36,37,38,37,38,38,38,38,38,38,38,37,37,37,36,36,35,35,35,32,32,32,32,29,30,31,31,31,31,30,31,31,31,32,30,31,31,30,29,29,29,29,29,30,30,29,31,30,31,31,31,29,29,29,31,32,31,32,32,33,33,31,30,31,30,31,30,30
0,100,99,98,97,96,93,92,91,89,85,85,83,81,81,79,77,76,76,76,72,71,69,69,67,67,65,63,62,62,61,60,63,62,62,61,61,61,60,61,61,58,59,57,57,57,56,56,55,50,51,51,52,52,50,51,49,50,49,46,45,43,42,42,42,42,42,41,42,41,41,38,38,38,39,39,37,37,36,35,35,38,38,38,38,39,39,39,40,42,43,43,43,40,41,41,41,41,40,40,41,41,40,41,40,40,41,38,38,37,35,36,36,34,34,34,34,35,35,35,34,34,35,32,32,35,35,36,35,36,36,35,36,33,34,34,33,33,36,38,38,38,35,34,34,33,31,32,31,33,33,33,34,34,34,34,33,36,36,35,34,33,34,33,35,34,34,33,34,34,34,33,32,32,33,33,35,35,34,33,33,32,32,30,30,31,30,29,28,28,28,28,27,28,27,25,25,26,26,27,28,28
0,100,98,95,93,93,90,87,84,84,83,81,80,79,79,78,76,73,69,67,69,68,67,66,63,61,59,59,60,59,58,56,54,53,51,51,50,50,49,50,51,54,53,53,52,52,51,49,48,48,48,51,50,50,50,51,52,53,52,51,51,52,53,53,53,53,52,52,52,50,50,51,50,49,49,49,47,49,47,46,46,47,49,47,46,45,46,44,42,44,41,41,40,38,36,36,34,36,35,34,36,36,36,37,35,34,36,36,36,36,36,37,39,39,37,36,35,35,35,36,37,38,38,38,38,38,38,38,38,36,36,35,34,32,31,30,30,31,31,31,32,34,33,33,32,32,31,30,28,30,30,30,32,33,33,31,32,33,32,31,31,31,30,30,30,30,30,31,31,30,28,28,30,30,30,28,28,27,30,30,30,29,29,29,28,26,25,25,24,24,25,24,24,24,25,27,27,27,27,27,29,28
0,100,97,96,93,92,87,84,79,79,78,77,76,75,73,72,72,74,72,71,68,67,69,68,69,68,67,66,65,64,64,61,61,62,61,60,60,59,58,59,59,58,58,56,55,52,52,50,49,47,43,42,41,39,40,39,40,42,44,43,41,41,40,42,43,41,40,42,43,40,40,40,39,40,39,39,39,39,39,38,37,36,37,38,37,36,36,35,36,35,34,36,36,38,38,37,37,37,36,38,37,36,35,35,35,38,39,38,38,39,39,39,40,40,40,41,43,43,41,40,39,38,38,37,35,34,35,35,35,35,35,33,34,35,35,34,34,33,34,35,35,36,36,38,40,38,35,34,34,34,33,34,34,34,31,31,31,30,30,30,30,31,30,32,31,31,30,31,30,30,31,31,31,32,32,32,32,32,32,33,33,33,34,32,31,31,31,32,31,33,32,29,30,29,29,31,30,30,30,29,28,29
0,100,95,92,90,90,87,87,88,86,83,80,79,79,78,76,75,73,70,67,65,64,64,64,64,63,64,63,62,60,62,61,59,59,58,56,56,56,56,56,56,56,56,59,58,56,55,56,54,55,51,49,50,50,50,47,45,44,44,45,44,47,47,47,46,45,42,43,44,43,41,41,40,40,40,40,42,43,43,42,41,39,39,39,38,38,38,37,36,34,33,35,37,38,38,37,38,39,40,39,38,38,36,37,36,37,36,36,36,37,37,35,34,34,34,35,35,37,37,37,38,39,38,37,37,33,34,33,31,31,29,29,31,31,30,31,31,31,31,31,29,29,29,28,28,27,27,25,25,24,24,23,24,24,24,22,23,24,24,26,27,27,27,27,27,27,28,29,30,30,28,28,28,28,28,28,28,28,27,27,30,29,28,28,29,28,28,30,30,30,29,29,31,31,28,29,28,28,25,25,25,26
0,100,99,100,99,98,97,93,90,87,84,81,81,83,81,79,79,79,78,75,74,73,70,71,69,70,67,65,65,66,66,65,63,61,61,62,62,59,57,57,55,56,58,58,57,57,56,55,53,52,50,50,48,48,47,49,48,45,45,45,45,42,43,41,41,40,39,37,36,37,37,39,39,38,37,39,39,40,40,40,40,40,39,39,39,39,38,37,37,36,35,35,34,34,34,34,34,34,34,34,33,32,32,32,30,29,28,29,29,29,28,27,26,26,28,28,28,28,28,26,26,25,25,24,25,26,26,28,27,27,27,26,28,27,27,28,28,28,26,27,27,28,28,27,26,26,27,26,25,26,25,25,23,23,22,23,23,23,24,24,24,24,23,25,26,26,26,25,24,24,27,25,25,25,24,23,23,22,22,21,20,21,22,21,20,20,19,18,20,21,22,23,23,21,21,22,22,20,20,20,22,22
0,100,98,99,97,97,92,91,89,88,88,84,82,78,77,76,74,69,67,66,67,66,66,64,63,65,65,63,63,64,59,58,59,59,59,60,59,57,57,56,58,55,56,55,53,49,49,50,50,50,50,49,49,49,49,48,47,45,45,45,45,45,46,45,44,43,43,43,43,44,43,43,40,39,37,37,36,35,35,37,38,34,35,36,35,35,36,36,36,37,38,38,40,40,38,37,38,37,38,36,35,33,32,31,30,29,29,28,28,28,30,30,30,30,30,30,29,29,30,30,29,29,30,31,30,29,29,29,28,28,28,29,29,30,29,27,28,29,29,29,28,29,29,28,26,27,26,26,26,28,26,23,24,26,26,25,23,22,22,21,20,21,20,20,21,22,22,22,23,23,24,22,23,24,24,25,26,26,25,25,24,24,23,23,25,26,25,25,25,25,28,28,28,28,28,29,29,29,29,28,27,26
0,100,98,98,93,90,90,84,82,83,83,82,83,83,83,79,80,78,78,76,76,74,72,72,72,71,70,72,70,68,67,67,64,65,62,58,59,60,58,59,58,57,57,54,53,54,55,52,54,54,53,52,51,52,51,53,53,50,50,50,49,47,47,47,48,50,52,54,55,54,54,53,53,53,52,50,48,47,47,44,44,43,42,41,43,42,41,42,44,42,40,39,38,36,36,37,37,36,35,35,33,34,35,35,34,36,35,35,34,34,34,33,35,35,36,37,37,36,36,36,35,35,34,34,34,33,33,32,32,32,33,32,31,31,31,31,31,31,32,33,33,33,33,33,34,34,35,36,34,34,34,34,33,34,33,32,33,33,33,33,33,34,35,35,35,34,33,34,34,32,31,30,28,29,29,32,32,33,34,35,35,35,35,36,35,36,35,35,35,35,34,34,34,34,31,31,30,31,30,30,29,29
0,100,97,95,95,95,93,91,90,90,87,86,86,84,81,79,77,76,75,77,77,76,76,76,76,74,74,74,75,75,73,73,73,72,70,69,68,69,66,65,61,61,60,60,59,58,57,59,59,59,59,60,57,56,49,49,51,52,49,51,51,51,49,50,51,48,48,48,49,48,48,47,48,48,49,49,49,49,48,48,48,50,48,50,49,50,50,51,51,50,48,48,48,44,46,45,44,43,44,44,44,44,44,43,44,44,44,43,44,45,45,42,40,40,40,39,40,40,38,37,38,37,37,36,36,37,37,35,34,34,35,36,36,36,38,38,39,36,35,36,37,37,36,36,36,35,35,36,36,36,36,36,37,37,38,37,36,36,37,36,36,37,37,37,36,36,35,34,34,34,34,36,36,35,34,35,35,35,33,32,31,32,32,34,36,35,35,34,34,32,33,34,32,32,32,32,33,32,32,31,31,32
0,100,98,94,94,93,93,91,91,89,89,88,86,85,84,81,80,79,76,78,78,77,76,75,72,71,68,67,65,66,65,65,63,62,61,60,60,59,58,59,59,56,55,56,56,56,57,57,58,57,58,59,59,55,54,53,53,54,52,52,52,50,50,45,45,46,46,47,47,46,47,46,47,47,48,46,43,41,41,42,44,44,43,43,41,41,40,39,39,38,35,35,34,33,34,34,34,34,34,34,32,31,31,32,31,32,30,28,27,28,28,30,30,30,31,32,33,33,32,32,33,33,33,30,29,30,29,29,29,28,28,25,24,22,22,21,21,21,20,20,20,21,21,21,22,22,22,23,23,25,24,22,21,22,23,24,22,23,24,24,24,24,24,25,24,25,26,25,23,23,23,23,23,23,23,25,26,28,29,29,29,28,28,26,28,28,28,28,28,27,28,28,29,29,29,31,32,32,28,26,26,26
0,100,98,95,92,90,89,88,86,85,83,82,81,79,77,75,74,73,72,72,71,69,69,69,69,69,69,68,66,64,62,61,61,59,57,57,56,57,57,57,56,56,54,56,56,55,53,53,54,52,51,53,53,52,53,52,53,52,52,51,48,47,47,46,46,45,44,42,43,42,43,44,43,43,41,40,40,41,40,39,39,42,41,41,42,41,41,43,44,43,43,41,43,40,39,37,37,34,34,35,36,33,32,35,34,34,33,33,32,33,33,33,32,32,31,31,31,29,30,27,27,27,27,27,27,27,27,28,29,30,30,32,31,31,32,32,30,31,32,32,32,32,31,30,28,27,28,30,31,31,31,31,31,29,28,28,28,29,30,30,31,32,33,32,32,32,32,30,30,30,31,31,30,30,30,29,29,28,27,27,27,26,25,26,27,28,27,26,25,25,27,27,28,29,29,29,30,28,28,29,29,30
0,100,100,98,96,96,94,94,93,89,88,87,87,84,83,80,77,74,72,72,72,72,71,70,70,70,68,65,65,64,62,61,59,59,59,58,57,57,58,56,56,54,54,54,54,55,55,54,54,53,52,52,50,51,50,49,51,51,50,48,47,47,45,45,44,44,44,45,44,44,43,39,38,38,37,37,38,39,38,34,32,32,31,31,32,32,32,31,31,31,29,29,29,29,30,31,32,32,33,33,33,33,32,30,32,30,28,28,27,27,25,24,24,25,26,26,26,26,26,26,25,25,24,25,25,25,25,25,25,25,26,27,26,26,25,24,25,28,28,29,28,28,28,28,27,26,26,25,26,27,28,28,29,29,30,29,28,28,30,28,28,29,29,28,29,29,29,29,27,27,26,26,26,25,25,24,27,26,27,28,29,28,26,23,23,24,26,25,25,24,23,24,25,24,24,27,28,30,29,29,30,31
0,100,100,98,95,94,93,91,89,86,85,83,83,82,81,80,79,76,77,73,73,73,72,70,71,70,70,67,65,62,60,61,61,58,61,60,58,58,57,57,56,56,55,55,54,55,55,57,56,53,53,53,53,54,53,51,52,49,49,47,45,45,46,46,47,45,45,44,43,42,43,42,42,41,41,41,40,41,41,40,39,39,39,41,41,41,41,41,42,45,46,45,44,41,41,40,40,41,44,43,42,41,44,44,44,43,41,41,41,41,42,42,40,41,42,43,42,42,42,44,44,45,44,44,43,43,43,44,44,42,42,42,43,44,44,43,43,43,44,44,42,41,40,40,39,39,38,38,38,37,36,35,35,35,35,36,37,37,36,37,37,37,35,35,34,34,34,34,34,34,35,37,38,38,37,37,38,36,34,33,31,34,33,33,33,33,33,34,34,34,33,33,34,35,37,36,35,34,34,34,35,35
0,100,97,96,92,89,89,85,84,84,82,82,82,79,78,76,75,74,70,70,69,70,69,69,67,65,63,62,61,61,60,57,58,55,54,54,53,52,53,51,50,50,49,50,48,48,47,46,46,47,46,45,44,43,42,42,40,41,42,41,41,41,42,41,40,41,39,39,41,43,44,46,44,41,41,43,43,43,45,46,45,43,45,45,44,43,40,39,38,37,35,33,34,33,33,34,36,35,35,34,33,34,35,35,35,36,36,34,34,32,32,31,31,30,30,28,28,29,29,29,29,27,26,26,29,29,29,27,26,26,25,25,25,26,26,25,27,26,26,27,28,28,29,29,29,29,27,27,25,25,26,26,25,25,25,26,26,26,27,26,27,29,28,27,27,27,28,28,27,27,27,26,25,23,23,23,23,22,22,22,21,21,22,22,23,23,23,23,23,23,22,22,21,21,22,25,26,25,25,24,24,22
0,100,99,98,96,94,92,91,89,87,86,85,84,84,80,78,76,76,76,74,75,71,69,69,69,68,67,65,64,63,64,63,61,58,58,59,58,57,55,55,57,56,56,53,51,49,48,49,50,47,47,48,48,45,45,44,44,43,41,42,44,43,45,43,43,43,43,42,43,42,42,42,41,39,40,39,40,40,40,39,42,42,39,36,36,36,35,36,37,38,38,37,38,39,38,38,38,38,40,39,40,40,40,40,39,39,39,38,38,39,41,42,42,42,42,42,42,43,42,43,43,41,38,35,35,36,36,36,36,35,34,34,34,33,33,34,33,34,33,33,33,32,31,31,32,32,32,32,32,31,31,33,33,33,34,34,35,35,35,35,33,33,34,34,34,37,37,35,34,34,36,36,36,36,36,35,33,31,30,30,30,29,28,28,29,29,29,29,29,29,29,28,27,26,25,25,27,23,21,20,19,19
0,100,100,100,99,99,98,97,94,94,94,91,91,92,93,89,90,88,87,86,85,83,83,83,84,84,84,84,82,80,77,77,75,75,75,73,71,73,73,73,69,68,65,63,60,59,59,57,55,53,53,53,52,52,50,50,49,50,49,48,48,49,47,44,46,49,49,49,49,49,49,46,47,47,46,46,46,47,47,46,44,46,47,46,45,44,44,45,45,45,45,45,46,45,44,45,44,42,42,41,40,40,41,40,38,37,37,36,35,37,36,35,36,37,37,36,36,36,35,35,33,32,33,33,33,32,31,31,31,31,33,33,32,32,32,31,31,30,31,31,30,29,27,26,25,25,26,27,28,27,27,29,29,30,31,30,30,31,32,31,32,31,30,31,32,33,30,29,29,31,31,31,33,32,32,32,30,30,30,30,30,31,30,30,32,32,32,33,33,32,33,33,32,31,33,33,32,31,32,32,31,31
0,100,100,99,98,95,95,95,93,93,91,87,86,85,83,82,80,78,78,77,77,76,74,73,72,71,72,72,72,71,69,69,65,63,60,60,61,61,61,61,61,64,63,64,62,60,59,59,58,56,55,54,53,52,52,52,52,52,52,51,52,51,51,49,49,49,51,52,53,53,54,53,55,56,55,54,53,53,51,50,50,50,48,48,48,48,48,47,44,45,44,45,44,44,42,43,42,42,40,39,39,38,39,39,40,42,41,41,39,39,39,37,36,36,36,35,35,37,37,35,35,35,34,34,32,32,32,33,35,34,33,34,33,33,32,31,33,33,33,31,33,31,30,30,30,30,30,29,28,26,27,26,26,26,25,25,25,26,26,26,25,25,25,26,25,28,28,28,28,28,30,29,29,29,28,26,25,25,26,26,25,23,23,24,25,25,26,27,27,26,26,27,28,28,29,28,28,28,29,29,30,29
0,100,99,99,98,98,98,97,94,92,92,91,90,88,85,84,82,82,82,81,79,76,77,76,72,72,72,70,68,65,66,65,65,66,66,65,62,63,58,59,59,60,60,60,59,58,57,57,56,53,54,53,54,54,54,55,56,54,55,54,55,55,55,56,56,57,58,61,61,61,60,59,58,59,55,54,51,48,48,48,48,48,48,48,48,44,43,42,43,41,40,40,37,37,39,39,38,37,37,37,36,35,36,38,38,38,39,40,40,40,41,40,40,41,42,42,42,40,40,42,42,41,40,39,39,39,41,40,41,41,40,40,41,42,40,38,39,39,39,38,38,38,37,35,36,36,34,34,33,34,35,33,33,33,35,36,36,36,36,35,36,37,37,35,36,36,36,36,36,36,35,35,37,38,38,37,34,35,35,35,36,35,35,36,36,35,35,35,35,34,35,35,34,35,33,34,34,33,32,31,31,32
0,100,96,93,93,92,89,86,86,85,84,80,80,79,77,74,74,73,72,68,66,64,65,64,63,62,63,62,62,60,58,59,59,60,60,59,57,56,54,53,51,50,50,49,51,54,55,55,55,55,56,56,57,57,59,59,59,57,55,53,53,50,50,48,47,48,47,47,49,46,48,48,48,48,48,47,47,47,47,46,46,47,46,45,44,44,46,46,44,44,41,39,39,38,39,39,39,35,36,37,37,37,36,36,35,35,35,36,36,36,36,36,36,36,35,36,36,36,37,38,38,37,37,38,37,38,38,37,37,37,37,35,35,34,35,35,34,35,35,34,34,36,35,35,35,35,36,37,38,38,37,36,36,33,33,31,32,32,32,32,32,32,30,29,29,29,29,29,29,29,28,24,24,25,26,27,27,28,26,28,28,28,29,28,27,27,27,26,26,27,27,28,28,26,27,26,26,26,26,27,27,26
0,100,100,98,97,97,93,91,89,88,88,86,83,83,80,78,80,79,78,78,77,73,75,73,74,73,71,71,71,70,68,67,66,65,64,62,62,61,59,57,55,54,55,55,55,55,58,58,57,58,55,55,54,53,51,51,53,54,53,51,51,48,47,46,45,45,47,47,48,44,43,43,42,42,41,39,39,37,37,37,37,38,37,34,35,34,34,32,32,33,32,34,34,35,33,33,32,31,31,32,32,32,31,32,30,31,31,30,32,32,34,34,34,33,33,32,31,30,31,32,33,31,30,30,28,28,26,25,26,26,27,28,28,29,28,28,30,29,30,31,33,32,32,33,33,32,32,31,30,28,28,27,29,29,30,31,30,30,29,29,29,30,31,32,33,34,35,33,34,33,34,32,32,33,32,30,28,28,27,26,26,26,27,26,27,27,28,29,29,29,29,29,31,30,31,31,32,30,29,29,27,27
0,100,100,97,97,95,92,88,85,79,77,76,75,73,72,71,69,67,66,66,63,60,59,59,60,61,64,64,61,63,60,60,62,61,60,56,56,56,57,56,55,53,53,52,51,51,50,49,49,48,47,48,48,48,46,44,45,48,45,45,44,44,42,42,42,40,37,37,36,35,34,35,35,38,38,38,39,40,40,40,40,40,39,40,41,41,43,44,45,44,44,43,42,39,39,37,37,38,37,36,36,38,39,39,39,39,39,40,40,39,39,39,40,39,37,38,37,36,35,36,36,37,37,36,36,36,37,36,34,34,35,35,33,33,33,32,31,32,31,31,31,32,32,33,34,34,35,39,37,36,35,35,33,31,32,30,30,30,30,30,33,33,33,31,32,30,29,30,30,31,30,31,30,29,26,24,24,23,24,23,24,23,23,25,26,25,25,25,25,25,23,21,22,22,21,22,22,24,24,25,25,25
0,100,97,95,90,85,84,83,82,79,78,76,71,70,69,71,70,71,69,71,68,67,66,64,63,63,66,67,65,63,62,62,60,57,56,55,54,54,54,54,53,51,50,48,48,47,47,48,49,49,48,49,49,46,45,45,45,46,47,46,46,47,48,48,44,43,43,42,42,40,38,39,38,37,37,38,38,39,41,41,41,40,40,41,43,43,45,42,43,42,42,43,43,42,41,41,40,40,43,44,42,43,42,43,41,44,44,43,42,40,40,41,41,42,41,40,39,39,40,40,39,40,42,41,40,40,41,41,41,38,38,40,40,40,41,40,40,40,41,42,42,40,41,41,41,41,41,42,41,41,41,40,40,40,40,39,38,38,37,37,37,39,40,40,40,40,41,41,38,40,39,41,42,41,40,37,34,35,33,32,32,32,32,31,31,30,29,29,28,28,30,31,30,32,33,32,32,32,31,29,30,29
0,100,100,100,98,96,95,94,93,92,90,88,86,83,82,84,80,78,78,78,77,74,74,74,73,73,74,73,72,71,69,69,69,67,68,66,65,62,60,60,60,59,59,61,62,60,59,59,60,57,56,55,55,53,52,51,51,51,51,47,46,45,45,45,45,44,44,43,44,43,43,44,42,42,41,40,39,38,37,37,38,39,40,40,41,40,41,39,42,42,42,42,42,42,44,45,44,43,43,43,44,44,44,40,40,37,38,37,37,38,38,38,37,36,35,35,34,35,35,35,35,36,37,35,35,34,32,31,28,28,31,31,31,29,29,31,30,31,28,30,30,30,30,30,29,27,28,29,29,29,29,29,31,30,31,31,32,29,33,34,32,33,30,29,29,29,29,29,29,29,30,30,31,31,30,32,32,31,31,29,30,30,31,31,31,32,31,32,32,32,32,32,32,31,30,29,30,30,30,30,30,30
0,100,97,95,92,90,90,90,89,89,87,86,87,85,82,81,81,81,80,81,79,78,78,76,76,76,75,72,71,71,69,65,65,63,61,60,60,59,59,59,59,58,56,56,57,56,56,54,55,55,56,55,56,55,55,54,55,55,54,52,51,52,50,49,48,47,46,46,46,46,46,45,44,44,44,42,43,45,43,42,42,42,42,41,40,39,38,38,38,38,38,39,39,38,36,37,37,37,35,35,36,36,37,36,36,36,36,39,38,39,38,38,41,40,39,40,38,38,38,39,38,38,38,39,40,39,41,41,41,38,37,37,36,37,37,36,36,36,35,33,32,32,33,32,32,30,27,27,25,26,25,25,26,26,26,24,24,23,23,23,21,20,22,23,22,23,24,24,22,26,26,26,27,27,27,28,28,27,26,27,28,27,26,26,26,25,25,26,27,28,27,27,27,26,26,25,25,24,24,25,28,29
0,100,98,94,92,91,86,84,84,84,85,84,84,84,84,82,81,77,76,72,70,70,69,69,64,64,65,64,64,62,61,61,62,58,57,60,59,58,57,56,56,58,58,58,58,60,59,57,55,56,57,59,59,58,55,53,54,52,50,51,52,52,52,49,48,47,49,49,50,52,53,56,55,55,55,57,56,55,56,54,55,55,54,53,52,53,51,48,49,50,48,46,46,46,46,46,47,47,44,44,44,43,44,41,41,41,39,40,43,45,45,43,41,40,40,41,41,41,42,42,42,41,41,41,40,39,38,38,39,38,39,38,37,37,37,37,37,38,38,37,37,37,36,37,36,38,39,40,40,39,39,38,36,37,37,36,36,37,35,34,34,34,34,34,34,35,35,36,36,36,37,37,37,38,37,37,37,36,35,35,35,35,35,34,35,35,37,36,36,36,36,35,36,35,34,34,32,32,29,28,26,26
0,100,99,96,97,96,92,92,91,86,88,88,86,83,81,81,81,80,78,78,78,77,74,73,72,72,72,70,70,70,69,70,67,67,64,63,62,61,61,61,59,59,58,57,58,55,57,56,54,55,56,56,56,56,57,57,56,55,53,52,50,50,49,48,47,45,45,44,45,45,45,45,44,43,44,42,44,44,45,45,44,42,40,39,39,39,39,39,39,39,40,41,42,43,42,42,40,40,39,39,39,39,37,37,36,37,38,38,39,39,38,38,39,38,38,37,36,36,35,35,35,33,34,35,35,36,35,36,36,36,36,36,35,35,33,34,34,34,34,34,34,33,31,31,31,31,32,32,31,31,32,31,31,32,33,33,33,31,30,30,30,30,28,27,26,27,29,29,29,30,29,30,29,29,29,30,30,29,28,28,29,28,28,28,27,28,27,26,26,26,26,25,25,24,25,25,26,26,26,27,27,27
0,100,98,95,93,91,90,88,88,86,84,83,80,78,77,76,75,73,73,73,69,68,68,67,65,66,65,64,66,65,64,63,63,64,62,66,67,66,66,66,66,64,63,61,59,58,56,57,56,56,57,56,57,59,58,60,59,59,58,56,56,56,54,54,53,54,54,55,55,55,53,51,50,48,48,47,48,48,48,48,47,49,48,48,48,48,48,44,43,44,44,44,46,46,46,46,44,44,44,43,42,42,43,43,42,41,42,42,41,40,39,39,40,40,38,38,37,34,35,34,33,32,34,34,34,33,33,33,33,34,34,34,33,32,32,31,32,35,37,39,37,36,38,36,35,36,35,37,39,39,38,36,35,34,34,33,33,33,33,31,32,29,29,29,30,30,31,31,32,33,34,32,33,32,32,31,31,31,31,30,31,31,31,31,30,31,31,31,29,28,28,29,29,29,28,27,27,26,25,27,26,25
0,100,99,99,99,98,97,94,92,92,89,88,86,82,79,79,78,76,75,75,76,77,75,73,74,74,74,73,72,70,70,68,67,67,65,64,64,64,63,63,63,62,62,61,61,61,61,58,56,55,54,52,51,52,52,51,51,53,55,54,51,51,52,53,53,53,52,53,55,54,54,54,54,54,55,54,53,53,54,53,54,51,48,45,43,42,44,43,43,41,42,42,42,41,41,43,41,40,41,40,40,40,39,38,36,36,36,35,35,34,33,32,32,32,32,30,30,31,30,29,31,30,30,30,30,30,29,27,27,26,26,27,28,28,28,29,29,29,31,32,32,33,31,32,31,32,32,30,31,33,35,34,31,31,31,31,31,31,31,34,34,35,34,33,32,32,32,33,33,34,34,33,36,34,34,34,35,34,33,32,30,30,30,29,30,29,31,31,32,31,30,31,31,30,30,30,30,30,32,31,30,30
0,100,98,96,92,92,89,86,82,76,75,75,75,73,70,72,72,70,68,64,61,61,61,60,61,60,61,60,58,58,59,58,57,56,55,52,52,50,49,47,44,44,44,46,46,43,43,44,44,43,43,42,40,38,38,39,38,36,36,35,37,35,37,36,34,33,33,33,34,33,33,31,32,34,34,35,34,33,32,33,33,33,33,33,32,32,32,33,36,35,34,34,33,32,32,33,34,33,33,32,33,35,35,33,30,29,28,28,29,29,29,28,27,28,27,28,27,28,28,27,28,29,28,27,27,25,25,28,27,26,25,25,24,25,24,24,25,26,26,26,25,25,25,26,26,26,26,26,25,24,25,25,26,26,27,26,24,24,25,25,25,24,24,25,23,21,21,21,21,21,21,21,22,21,23,22,22,21,21,21,22,23,24,25,26,25,26,25,24,24,24,25,23,24,26,26,26,26,26,26,26,27
0,100,99,99,99,96,95,93,92,90,88,87,84,82,78,78,78,78,79,78,75,75,75,76,73,72,71,67,65,63,64,61,57,57,56,57,58,57,57,57,56,55,55,54,52,52,51,49,49,49,49,49,48,47,48,49,48,49,49,49,48,47,48,49,48,48,47,46,44,44,45,46,48,48,49,48,48,48,46,44,43,43,42,40,38,37,37,36,37,35,35,35,34,35,36,37,38,38,38,41,40,40,42,41,41,42,43,43,43,41,41,40,39,39,38,36,37,37,37,36,34,35,35,38,37,37,38,38,38,38,38,38,37,37,36,36,36,35,35,35,34,33,32,32,32,32,32,30,29,29,30,28,28,31,31,33,33,32,32,32,35,34,35,35,34,35,35,33,34,36,36,37,36,35,34,34,33,34,34,35,34,34,34,34,33,34,34,33,34,34,34,34,35,35,34,34,33,34,33,33,33,33
0,100,98,99,92,91,90,90,88,85,82,79,77,76,74,74,73,74,72,73,72,70,68,67,65,65,63,61,58,60,60,59,60,56,55,52,53,52,52,51,52,52,53,51,50,49,53,51,49,48,47,48,46,47,45,45,43,44,43,43,43,42,43,45,45,44,45,46,42,42,41,43,44,43,43,43,43,43,43,42,43,43,43,42,41,43,44,44,44,44,43,43,44,43,43,44,44,43,42,40,40,40,41,38,38,38,38,38,36,36,35,35,33,32,32,31,31,30,31,32,31,33,31,32,32,33,32,32,32,34,34,33,33,35,34,35,33,32,29,30,31,29,29,27,28,27,28,28,26,25,24,25,26,26,27,28,28,27,27,25,26,25,26,26,26,25,25,25,26,28,28,28,28,27,27,26,26,26,26,25,25,26,28,28,28,28,28,26,25,25,25,26,28,28,28,28,27,25,24,24,24,24
0,100,97,94,91,88,86,86,83,83,82,78,75,73,71,69,67,65,63,61,62,64,63,62,60,60,58,57,55,54,52,53,52,51,50,51,52,52,52,50,49,48,48,48,49,48,49,48,46,45,44,44,44,44,44,42,41,39,38,38,38,39,39,38,40,38,37,36,36,36,37,37,37,36,36,36,34,33,33,32,33,32,32,32,31,31,31,32,33,34,33,32,33,33,35,33,33,31,30,29,30,30,32,33,33,32,32,33,33,32,31,32,31,30,32,29,28,27,27,27,27,26,27,27,27,28,29,29,29,28,26,26,26,28,27,28,27,28,30,30,30,30,30,30,28,27,26,27,28,28,26,26,26,25,25,25,25,24,24,23,23,24,25,25,26,26,27,28,31,31,30,29,30,30,28,27,26,25,24,24,24,25,24,23,23,22,21,22,22,23,22,22,23,23,23,26,26,26,26,27,27,29
0,100,98,97,96,95,92,89,89,87,85,84,83,83,81,80,78,77,78,76,76,73,72,72,70,70,70,67,67,66,67,66,64,63,63,64,63,62,62,63,63,63,59,58,57,59,58,58,58,60,61,59,57,56,56,57,58,56,56,56,56,56,55,54,53,54,54,51,51,51,51,51,51,51,52,52,51,50,50,48,49,48,50,49,50,51,50,50,50,48,46,43,44,44,43,42,42,44,42,42,43,41,41,40,40,40,39,39,37,36,40,38,37,38,39,35,35,37,38,37,39,41,38,38,40,38,36,37,38,37,37,38,38,38,37,35,35,35,36,36,36,36,36,35,34,34,33,32,33,33,34,34,34,34,33,30,29,29,28,29,27,26,28,25,25,25,25,25,26,26,26,26,27,28,27,26,27,27,27,27,29,28,27,28,28,25,26,26,26,26,26,25,25,26,26,26,25,26,25,24,25,25
0,100,98,97,92,90,89,88,86,83,79,80,80,80,80,80,80,78,76,74,72,70,67,65,65,64,63,60,60,59,58,60,59,60,59,57,58,59,59,57,55,55,57,54,55,55,54,52,53,53,52,54,53,52,53,52,52,50,49,49,48,47,49,47,48,47,44,45,46,46,45,45,44,44,44,44,43,43,44,44,46,45,45,44,44,44,45,44,43,45,45,44,44,42,41,39,38,40,39,37,37,35,36,35,36,36,35,37,35,33,32,34,33,33,31,30,28,28,29,30,32,32,33,33,34,34,34,35,34,35,35,34,35,35,34,34,34,33,33,34,34,34,34,34,33,33,33,33,32,31,33,34,35,34,33,32,34,34,37,37,37,35,36,35,35,36,36,35,35,34,34,33,32,35,34,32,31,31,30,29,29,29,31,30,29,28,29,30,31,31,30,29,29,29,29,29,29,28,28,29,29,29
0,100,96,97,95,94,89,87,84,78,77,76,76,75,73,73,71,71,70,67,67,64,63,64,64,63,62,63,62,60,60,62,62,60,57,57,54,54,54,54,54,55,56,56,53,52,52,51,50,50,51,49,48,46,46,46,45,46,45,43,44,44,43,44,45,44,41,38,37,37,36,36,35,34,33,32,31,30,31,31,31,34,32,32,32,31,29,31,32,31,31,30,29,30,28,27,27,25,25,24,24,23,22,24,24,24,24,24,24,24,25,24,24,25,25,25,26,25,25,26,26,27,27,28,27,28,28,28,27,26,26,25,25,26,27,26,26,25,25,25,25,25,25,25,24,24,24,25,25,26,24,25,25,25,26,25,26,26,28,28,28,28,27,26,26,26,25,26,27,28,27,27,25,23,22,22,24,23,22,22,21,21,21,22,20,21,20,21,21,22,27,26,28,28,28,30,31,31,31,31,31,29
0,100,100,97,96,95,94,93,91,90,88,85,82,80,78,75,74,73,72,69,67,68,68,68,69,67,67,67,67,67,67,65,65,66,64,66,67,68,67,67,66,65,66,67,67,67,67,66,65,65,62,61,58,55,55,54,53,53,54,53,53,52,51,52,52,49,47,47,49,47,46,44,44,43,43,42,42,42,42,41,38,39,39,39,40,39,38,36,35,35,34,34,35,33,33,34,34,33,34,33,33,33,33,33,34,35,35,35,35,35,35,36,36,37,35,36,35,35,35,35,34,34,33,33,31,30,31,31,31,31,31,32,32,33,34,33,34,34,35,34,34,31,31,32,32,33,32,30,30,28,27,27,28,26,27,28,27,31,31,32,30,30,30,32,32,31,31,33,34,34,33,33,32,32,30,31,29,28,28,28,30,28,29,29,30,31,32,33,33,34,34,34,33,32,32,30,30,31,31,31,28,28
0,100,97,97,97,97,95,94,92,88,88,85,82,80,79,79,79,80,77,76,76,74,72,71,72,68,67,67,65,65,65,64,64,64,64,65,65,66,66,64,66,65,65,66,66,66,66,66,69,69,68,66,64,63,63,62,62,59,59,58,56,57,56,57,57,55,54,55,54,55,55,55,55,55,53,53,53,54,54,53,49,49,47,48,47,48,49,47,47,47,46,44,44,43,41,40,40,40,40,40,43,44,43,42,42,42,43,42,42,42,42,43,42,42,43,41,41,43,42,42,42,41,39,40,40,38,38,37,35,37,36,36,36,37,36,34,36,36,36,36,35,34,36,37,37,38,40,40,40,40,39,38,37,36,35,35,36,35,34,34,34,34,33,34,34,33,33,35,35,35,36,36,35,35,35,35,36,35,35,34,34,34,33,33,33,34,35,37,36,36,35,36,33,33,32,32,32,32,32,30,30,30
0,100,98,93,92,92,92,91,90,87,85,79,78,79,79,79,78,78,74,70,67,66,66,65,64,62,61,60,59,58,58,59,60,60,57,57,55,54,51,49,48,49,48,48,47,46,46,45,45,44,44,42,42,41,43,44,47,46,46,44,45,44,47,47,45,44,45,45,45,45,47,47,49,50,50,51,51,51,50,50,48,45,45,44,42,43,42,43,44,45,44,43,41,41,41,41,42,42,42,39,39,36,35,35,35,34,34,34,34,35,35,36,36,35,38,38,39,42,42,42,41,42,41,41,41,40,40,41,41,41,41,42,43,43,44,43,44,43,42,43,42,41,41,41,40,40,39,39,40,40,39,39,40,40,41,42,43,42,42,42,41,40,41,41,41,39,39,39,40,38,37,37,37,34,32,32,31,29,28,28,29,28,27,26,24,24,24,23,23,24,24,24,25,25,25,25,24,24,24,24,25,25
0,100,99,95,94,91,91,90,89,90,87,86,85,81,81,81,80,78,77,75,73,74,73,73,72,68,68,66,65,64,64,62,64,63,63,63,62,59,59,55,54,55,53,53,54,56,57,55,54,52,51,49,48,49,48,47,46,46,47,45,44,45,45,46,45,46,47,46,46,46,46,45,45,47,45,44,43,42,42,41,40,38,37,37,35,35,36,36,35,35,37,38,39,39,38,39,39,39,39,38,38,37,39,39,40,40,39,37,38,37,38,39,40,41,43,42,42,42,42,42,41,42,41,41,42,42,41,40,40,36,33,33,35,33,34,33,33,33,32,31,31,30,30,30,30,29,27,28,28,26,26,26,25,26,26,25,25,25,24,24,25,25,25,26,25,25,25,25,26,26,27,27,27,27,29,28,28,28,30,29,28,26,28,29,30,29,29,29,29,28,29,29,28,27,26,26,25,24,24,25,24,21
0,100,98,95,95,94,93,92,91,89,88,87,85,82,79,79,79,79,77,79,75,74,73,74,73,71,69,69,67,65,65,64,65,64,63,60,59,56,58,57,58,59,59,59,56,56,56,52,51,52,50,49,48,49,49,47,48,48,49,49,49,50,48,48,50,48,47,46,44,42,42,43,45,43,43,42,43,42,43,42,41,42,42,40,41,39,40,41,42,41,40,37,38,38,37,36,35,36,34,34,34,35,37,35,32,33,31,31,31,31,32,33,32,31,31,31,31,31,31,31,31,31,31,31,32,31,31,31,34,32,32,32,31,31,29,29,30,27,29,29,29,28,26,25,24,25,25,26,25,24,25,24,24,25,26,25,27,29,25,26,27,28,28,27,27,26,27,26,27,26,26,26,26,26,24,24,24,24,24,24,25,25,24,23,22,21,20,20,20,20,20,20,21,21,20,21,21,21,21,22,23,23
0,100,100,99,96,92,91,88,85,83,80,80,80,80,79,78,76,74,74,73,73,71,71,68,67,68,70,68,68,67,68,67,66,65,64,65,65,66,65,65,63,61,59,59,61,60,59,58,57,56,56,55,54,51,51,49,49,50,49,50,51,51,49,49,51,51,51,50,50,50,52,51,50,50,51,51,51,52,51,49,48,46,46,43,42,41,42,41,41,41,45,47,47,47,46,47,48,48,47,47,47,45,44,43,44,43,43,42,41,41,41,41,41,44,43,43,41,41,41,42,41,39,40,38,37,37,37,35,34,35,35,36,37,38,38,38,38,39,40,40,39,39,38,37,36,37,37,36,35,35,35,35,35,34,34,34,33,32,32,32,34,35,35,35,35,35,35,33,33,33,32,31,30,29,29,28,28,29,30,29,29,28,28,28,27,27,27,27,27,27,26,27,27,26,27,28,28,27,27,27,27,27
0,100,99,95,95,90,87,87,85,83,82,81,79,77,76,75,76,76,73,74,72,73,72,72,66,64,62,61,59,59,57,57,57,56,53,53,55,54,54,54,55,56,57,59,58,59,60,60,56,56,56,56,55,53,52,53,53,52,53,51,53,53,52,53,54,53,51,51,50,50,50,50,52,52,52,52,52,51,50,50,48,47,47,47,47,45,46,46,48,49,50,50,50,50,50,49,49,46,46,45,46,47,47,47,45,45,43,42,41,41,40,40,39,38,37,37,38,37,37,36,36,35,34,32,31,31,31,33,32,33,33,34,33,34,34,33,34,34,34,35,34,36,34,34,33,32,32,31,33,32,31,31,30,29,29,28,28,28,28,27,27,27,28,28,28,28,26,27,28,28,28,26,27,28,28,28,28,28,27,27,26,26,28,27,27,27,28,27,28,26,27,24,26,25,25,24,23,23,23,24,24,25
0,100,95,95,93,92,91,90,89,87,87,81,80,80,79,78,75,73,72,72,72,72,73,72,72,69,68,67,66,68,68,68,66,64,62,62,61,58,55,54,53,52,52,53,53,52,51,50,50,51,50,50,49,49,50,48,49,50,50,52,51,50,49,49,47,50,48,48,46,46,46,47,46,47,45,44,45,44,42,40,42,42,43,43,43,43,42,43,43,41,40,39,40,42,42,41,41,41,41,39,37,38,37,37,36,35,36,37,37,36,35,35,35,35,34,31,31,31,31,29,29,30,29,27,28,28,27,28,25,25,25,22,22,20,22,22,25,25,25,26,27,29,29,30,31,31,31,33,34,34,34,33,33,34,34,35,36,37,37,37,37,34,32,31,32,32,32,32,33,33,32,29,28,28,28,28,28,28,26,28,28,27,27,27,28,28,28,28,28,28,27,26,26,27,27,27,25,25,26,26,27,27
0,100,95,94,89,89,89,88,88,88,87,85,85,83,83,81,79,80,79,78,74,72,72,71,71,68,68,68,66,66,66,64,62,61,62,63,63,63,63,62,62,61,61,59,56,56,54,53,50,50,50,51,50,48,48,47,46,43,42,42,41,40,39,39,40,42,41,39,42,42,43,42,41,40,39,38,36,37,37,36,36,37,38,39,38,40,43,43,42,42,44,45,45,45,47,47,46,45,45,43,42,43,43,40,41,40,39,39,40,38,40,41,40,38,38,39,39,39,39,39,38,37,38,38,37,38,42,42,42,41,42,42,42,42,42,43,43,44,46,48,48,49,49,48,47,47,47,48,45,45,44,45,43,41,42,42,42,41,41,41,41,41,41,40,39,39,38,38,37,38,38,37,36,35,35,34,33,34,33,30,30,29,29,28,29,29,29,29,29,30,30,28,28,29,29,30,30,28,28,26,27,27
0,100,99,99,97,94,94,92,92,91,91,89,89,87,85,83,81,78,79,77,76,76,75,73,72,72,70,68,64,61,60,60,59,58,58,58,57,57,57,55,53,53,53,55,54,54,54,51,51,52,53,55,55,55,54,55,55,55,53,54,52,50,52,52,50,49,48,47,46,47,46,44,44,45,43,43,42,42,42,41,43,44,43,45,44,45,44,44,44,42,43,43,42,41,41,41,40,40,40,40,39,35,35,38,38,39,37,35,35,36,37,37,37,34,33,33,32,31,31,27,26,27,27,27,26,27,27,31,31,32,33,33,34,32,31,32,33,33,30,30,31,31,31,29,27,25,24,23,23,23,25,24,24,26,26,27,26,26,23,23,24,25,24,24,24,24,23,23,23,25,24,27,27,28,29,29,29,29,28,27,27,27,26,27,27,29,29,29,29,29,29,29,28,28,27,27,26,25,24,26,27,25
0,100,97,97,96,95,94,92,89,88,87,85,85,83,86,86,84,83,82,80,79,75,74,75,74,72,70,68,65,63,60,57,55,56,59,58,56,56,55,54,55,56,55,55,56,55,54,53,54,55,55,53,52,50,51,52,51,54,53,53,50,49,49,48,49,49,48,47,47,45,44,43,44,45,45,46,46,47,46,45,45,45,45,45,46,45,44,45,45,47,46,45,47,48,48,48,48,49,49,50,50,50,50,50,48,47,47,48,47,44,44,44,44,44,45,46,45,47,47,48,49,49,49,47,46,48,48,48,48,47,46,44,45,44,43,43,42,41,42,42,43,43,44,44,43,43,43,44,43,41,40,38,37,34,33,32,33,33,32,35,34,33,33,34,34,34,35,34,34,33,33,31,30,31,31,28,28,28,29,28,28,29,29,28,28,28,28,28,27,26,26,26,24,23,22,21,22,23,23,23,22,22
0,100,94,91,89,86,86,85,85,85,84,83,78,77,77,78,78,77,75,75,72,72,69,67,67,66,64,64,62,63,63,64,63,62,60,60,60,59,59,57,56,52,53,52,51,51,49,48,48,48,48,46,47,46,44,43,43,44,42,46,46,45,46,46,46,47,48,47,47,47,49,49,47,46,46,46,46,47,47,48,48,46,46,46,47,48,47,48,47,47,48,48,48,47,48,49,50,49,50,50,50,51,51,51,49,50,50,49,49,46,44,44,45,45,43,42,41,39,40,40,38,38,38,39,39,40,41,41,39,38,38,36,35,35,34,34,34,34,34,34,36,36,33,34,33,33,32,32,31,30,31,30,31,31,30,29,30,30,30,28,28,27,27,27,27,27,28,28,30,30,30,30,30,29,29,28,29,30,29,28,28,28,28,28,28,26,26,24,23,22,23,22,21,21,21,21,22,20,21,24,26,27
0,100,98,92,90,89,90,88,85,83,79,80,78,77,75,74,72,69,69,65,64,64,64,63,60,60,61,62,62,64,63,61,62,62,62,61,59,60,60,59,59,60,61,59,59,59,57,56,56,54,55,54,54,54,54,53,54,56,55,53,53,52,51,53,54,54,54,52,51,50,50,49,52,50,50,49,45,45,44,44,44,44,44,41,41,42,43,41,41,41,42,41,41,42,43,41,41,40,39,40,40,38,38,38,38,38,38,38,40,40,39,38,37,35,34,34,33,33,33,33,32,32,31,33,32,33,34,34,36,36,35,33,32,32,33,34,33,35,35,35,36,34,34,35,36,36,36,36,37,34,33,32,32,32,32,33,33,34,33,32,32,32,33,32,31,30,29,28,29,29,30,31,32,33,31,30,31,32,32,32,31,32,31,30,30,29,29,30,29,29,29,32,31,30,29,30,29,31,31,31,31,30
0,100,100,99,97,97,96,95,91,90,86,84,82,82,81,80,80,78,76,75,74,72,71,71,71,68,65,63,63,63,63,62,63,64,64,65,66,66,63,62,61,61,61,60,59,59,58,55,55,55,55,54,53,52,52,51,49,48,49,48,48,49,47,48,48,47,44,45,45,45,46,46,45,44,43,43,40,39,40,40,40,39,39,41,39,39,38,37,36,38,41,41,40,39,38,38,37,39,39,37,37,35,34,33,35,34,34,34,33,31,32,34,34,34,32,32,33,34,33,35,34,34,33,32,32,32,30,29,29,28,26,25,26,26,25,24,24,24,24,24,24,24,25,28,28,27,28,28,29,29,29,28,28,28,28,29,29,29,28,29,30,30,32,31,31,32,33,34,34,35,32,31,29,28,28,29,29,29,29,31,31,31,31,30,31,31,30,31,32,31,31,30,28,28,29,27,28,28,28,27,27,28
0,100,98,97,96,95,94,91,86,86,82,79,79,77,73,70,70,69,67,67,64,64,63,63,63,60,60,59,58,56,56,53,51,49,48,48,45,44,43,45,47,47,49,47,48,46,49,50,50,51,51,48,48,49,50,49,47,47,48,45,45,44,42,43,44,44,43,43,42,42,40,41,39,41,42,40,39,39,38,35,36,34,34,34,35,36,35,35,36,37,38,38,38,39,38,38,38,38,35,36,36,35,35,36,35,35,36,35,35,38,38,37,38,39,38,38,38,38,38,38,36,35,35,35,34,35,35,32,32,33,32,34,36,34,33,33,32,32,31,31,31,31,31,31,31,31,34,33,32,33,33,34,34,33,34,34,33,33,34,35,35,35,35,33,32,32,32,33,31,32,32,32,31,32,32,31,31,32,31,31,31,31,31,32,33,31,31,31,30,28,26,26,27,25,25,26,26,27,27,27,27,28
0,100,100,99,97,94,92,90,90,88,87,88,88,87,86,83,81,82,82,82,80,81,79,78,77,77,76,75,76,74,72,72,72,73,73,73,73,71,72,71,70,69,69,70,70,68,68,67,68,68,65,65,66,64,62,57,54,54,51,51,49,49,48,48,47,47,49,50,51,52,52,51,53,54,55,55,54,52,53,53,52,52,52,51,50,47,47,47,46,44,45,43,42,45,46,44,43,42,41,40,40,40,40,40,41,40,41,41,41,38,37,38,38,40,40,40,40,41,40,40,41,41,41,42,42,43,42,42,42,41,41,41,40,40,39,39,38,38,38,38,39,37,36,35,36,37,37,38,37,39,38,37,37,38,38,37,36,36,37,37,36,35,35,35,33,33,33,33,33,33,32,30,31,30,31,31,31,30,30,31,32,31,31,30,29,29,30,31,30,30,29,28,29,29,28,29,30,30,31,30,31,32
0,100,98,97,96,93,94,94,93,93,92,90,91,91,91,90,91,89,86,84,83,82,82,82,80,78,77,76,76,77,76,77,76,76,76,74,72,72,72,71,72,74,76,72,70,71,69,68,66,64,64,65,64,64,65,65,65,65,65,65,62,60,59,57,56,57,59,58,58,57,58,56,55,52,53,50,48,49,48,48,50,50,50,52,52,52,51,49,47,47,44,43,44,45,45,45,45,47,50,49,47,47,49,52,52,50,51,51,50,47,46,46,42,42,43,43,42,41,40,39,39,39,38,38,37,38,38,38,37,40,39,39,39,39,37,37,38,37,37,36,36,36,37,38,37,37,37,37,37,37,35,34,33,33,32,33,32,33,33,33,32,34,33,32,32,32,31,31,30,28,28,28,30,31,32,32,33,34,33,32,32,32,32,32,32,32,30,30,30,29,29,27,27,26,26,26,28,29,29,28,29,29
0,100,97,96,92,90,88,88,86,85,81,80,78,78,78,78,75,74,75,70,71,68,67,66,65,65,63,63,61,61,61,60,57,56,56,57,56,53,50,51,51,50,50,48,49,48,48,48,49,49,47,47,48,48,48,47,48,46,41,40,41,41,40,39,40,40,42,42,40,39,39,41,41,41,42,41,42,40,40,42,42,39,39,39,38,38,39,39,41,41,40,41,39,38,38,37,37,38,39,39,39,43,44,43,43,41,40,41,42,41,37,37,37,36,36,36,34,34,34,34,34,31,31,32,33,33,33,33,35,36,37,37,36,35,34,35,34,34,34,34,34,33,32,32,32,36,35,33,30,28,29,30,29,30,31,31,34,34,34,34,33,33,34,35,35,34,34,33,33,34,34,33,34,34,35,35,36,36,35,35,34,34,32,32,32,32,31,29,28,28,27,25,27,27,27,28,29,31,32,29,29,29
0,100,100,100,98,95,95,95,94,92,91,86,86,84,84,84,80,76,74,71,69,71,71,70,70,68,66,66,67,67,66,68,67,67,67,65,65,64,63,63,64,64,65,61,60,57,56,57,56,56,57,57,55,54,54,54,54,52,52,52,53,54,50,50,51,53,55,56,57,56,53,53,54,55,53,52,50,49,49,48,48,48,47,48,48,48,47,48,49,49,45,43,42,44,45,43,42,41,39,40,40,40,39,39,39,40,40,42,43,43,44,43,45,44,46,46,43,43,42,42,44,43,42,41,41,40,40,40,41,40,38,38,35,34,34,34,33,31,31,31,31,32,33,31,32,31,31,32,32,30,30,30,28,28,29,28,28,28,28,28,28,29,29,28,28,29,29,28,28,27,28,28,29,29,29,28,27,27,26,26,28,28,28,27,27,27,28,28,27,25,25,27,28,28,27,27,27,26,26,25,25,25
0,100,99,95,93,90,87,86,86,85,84,81,78,78,75,77,73,71,69,67,64,63,62,61,61,64,63,63,63,62,63,61,62,62,62,61,61,62,61,61,59,59,57,57,56,55,55,53,53,54,54,56,56,55,54,54,53,51,51,51,51,49,47,47,46,45,45,43,43,42,40,39,37,37,36,36,38,38,38,39,39,40,40,39,41,41,41,41,40,40,40,39,39,39,39,40,39,39,40,40,40,40,39,39,38,38,36,35,34,34,35,34,33,32,33,33,34,33,34,33,33,31,31,31,29,29,29,29,29,29,29,28,30,29,29,28,27,28,28,28,29,30,30,31,31,32,32,33,33,33,33,33,34,36,34,33,33,33,32,32,33,33,34,34,34,33,32,31,31,32,29,29,29,30,30,32,32,33,33,32,31,31,31,31,30,30,29,29,30,30,32,31,30,30,30,28,29,30,30,30,31,30
0,100,96,95,93,92,92,89,86,84,81,80,79,78,77,77,76,76,76,74,67,65,65,64,65,65,63,63,62,63,63,62,62,62,60,59,59,58,59,58,59,59,59,60,60,58,58,56,55,55,56,56,56,56,56,56,56,55,56,56,55,53,54,53,51,50,50,50,49,48,49,48,48,46,45,44,43,42,41,41,42,40,42,42,43,44,44,45,44,44,44,44,44,44,43,44,45,45,44,43,42,42,42,41,41,40,39,39,39,38,38,37,37,36,36,34,33,34,33,31,30,30,29,30,31,29,30,28,28,28,29,30,30,29,29,30,29,29,30,29,31,31,33,34,33,32,32,32,33,32,32,33,32,32,33,33,32,30,27,28,27,28,29,29,25,24,24,25,25,25,25,25,26,25,23,22,21,21,21,22,20,23,23,22,22,22,20,20,19,19,20,20,19,18,19,19,20,21,19,20,20,20
0,100,96,94,91,86,84,83,80,79,78,76,74,72,71,70,69,69,67,68,66,65,64,63,65,64,65,63,62,62,61,60,61,61,62,63,62,61,59,59,59,57,54,52,52,50,50,51,48,48,47,49,50,49,48,48,49,49,49,47,47,45,44,43,43,43,41,38,37,37,36,37,37,39,41,39,38,37,38,36,34,36,38,38,38,38,37,36,35,35,34,34,33,35,35,34,34,34,34,35,34,34,34,34,32,33,35,35,34,34,35,36,36,36,37,38,37,36,36,35,34,34,34,34,34,32,31,30,30,29,28,28,29,30,30,30,28,28,30,29,30,29,29,28,28,29,30,30,28,27,27,27,27,26,28,28,26,28,28,30,28,29,28,26,25,24,23,22,20,21,20,20,19,19,19,19,21,22,22,22,23,23,23,24,25,26,26,26,28,28,28,28,29,30,29,29,27,26,26,27,26,24
0,100,99,97,93,91,87,87,86,85,83,83,81,80,79,79,77,77,77,77,77,77,75,75,71,68,68,67,65,63,60,63,64,63,64,64,63,61,60,61,62,63,63,62,62,62,62,61,62,64,63,62,63,62,61,63,60,57,56,57,56,54,54,54,52,52,52,51,50,49,48,48,48,49,49,50,50,51,52,51,49,49,49,48,48,50,50,51,52,50,50,50,50,49,48,47,46,46,44,43,43,44,44,46,47,47,47,47,46,45,43,42,43,41,42,44,46,45,44,45,45,43,43,43,41,41,39,39,38,39,39,39,39,39,38,38,39,39,38,39,39,38,37,37,36,33,33,33,33,33,34,33,34,32,30,30,29,29,28,26,26,25,26,26,23,23,23,23,24,23,23,23,24,24,25,25,25,24,26,26,26,27,28,27,27,26,25,25,24,23,23,23,23,22,21,21,21,21,22,22,23,23
0,100,97,96,93,93,91,91,88,86,82,77,78,77,78,77,75,71,72,68,67,64,63,64,61,62,62,63,64,63,63,64,64,63,63,62,62,61,61,60,58,55,54,54,54,53,54,54,53,53,53,52,50,51,51,51,52,53,53,51,52,52,52,52,51,47,46,45,47,45,44,44,44,44,43,43,42,40,41,40,39,40,41,40,41,40,40,40,42,44,43,44,45,45,45,43,42,40,38,37,37,37,39,38,38,36,34,34,34,33,33,33,32,34,34,34,35,36,37,36,36,36,36,36,35,35,33,32,34,34,33,34,34,33,34,34,34,34,34,35,34,36,35,33,34,35,34,34,35,36,37,37,38,37,36,36,36,37,37,36,36,37,37,37,39,39,39,39,37,37,37,36,35,35,33,33,33,32,32,31,29,27,26,25,22,23,23,22,24,24,24,24,23,26,26,25,24,23,23,23,24,25
0,100,98,98,96,94,89,87,85,85,85,83,81,80,79,78,77,75,74,73,68,70,67,69,68,69,68,67,67,66,63,61,62,59,59,59,57,57,57,57,56,54,53,54,54,53,53,52,51,51,50,50,49,49,49,49,50,50,48,47,48,50,50,49,47,50,48,48,47,48,47,47,49,47,48,49,49,49,48,49,48,49,50,47,48,45,46,46,46,47,46,43,43,41,41,40,39,39,37,37,36,36,36,35,35,34,35,37,36,35,37,38,39,39,39,40,40,40,39,38,37,37,37,37,38,37,37,38,37,38,38,38,38,36,36,36,37,36,38,38,37,35,35,34,34,35,35,34,33,34,34,34,33,34,33,31,31,30,29,29,29,31,30,33,32,33,33,33,35,35,35,35,35,32,32,33,32,31,31,30,30,32,31,30,30,31,30,30,30,30,31,32,31,33,32,33,33,32,31,30,29,29
0,100,96,92,92,90,90,90,90,87,84,82,76,75,71,70,67,66,66,67,67,66,67,64,64,64,63,63,63,60,58,58,56,56,56,53,52,54,54,53,53,53,55,53,50,49,49,47,47,46,46,44,43,42,42,41,43,42,42,41,41,41,42,40,39,39,40,39,39,39,40,40,39,38,37,35,34,34,35,34,33,32,33,35,38,38,37,37,37,35,34,35,36,37,36,37,38,37,36,36,37,36,34,33,34,36,37,38,38,39,39,39,39,39,35,34,35,34,33,33,34,34,33,33,34,35,34,33,32,33,33,33,34,34,33,32,32,33,33,34,35,35,34,35,37,36,36,35,37,36,37,37,37,37,37,37,34,33,34,34,31,32,32,32,32,33,35,35,37,36,34,34,34,35,35,35,36,35,35,35,38,36,36,35,35,35,35,36,35,34,34,33,35,35,36,36,36,36,36,36,37,38
0,100,98,96,93,90,88,87,83,81,80,80,79,77,77,74,74,74,73,72,70,69,68,66,65,66,62,61,60,59,58,58,56,57,57,56,56,57,57,57,56,57,54,53,53,53,54,55,54,53,55,54,53,53,52,54,53,52,50,48,48,49,49,50,51,51,48,46,47,48,46,43,43,43,41,42,42,41,42,41,40,42,41,41,39,39,39,39,39,37,38,38,40,40,41,40,39,40,41,40,39,38,39,39,40,41,40,40,38,38,37,37,35,34,31,29,29,28,29,29,29,29,29,30,31,30,31,29,28,28,27,28,30,29,27,26,26,27,28,29,29,30,29,30,30,29,29,29,29,29,30,31,32,32,32,32,31,30,30,30,31,31,31,32,31,30,30,30,28,28,27,26,28,28,26,26,26,23,24,25,25,26,27,28,26,27,27,27,28,29,29,29,29,29,29,27,27,28,28,26,27,27
0,100,98,97,95,95,93,93,92,91,91,90,89,89,88,86,86,82,81,77,74,75,74,74,75,73,73,72,71,71,72,71,70,69,69,70,66,63,61,60,60,57,57,57,57,57,56,55,55,54,54,53,53,53,52,51,50,48,50,49,49,49,50,49,50,50,51,50,48,47,48,47,46,46,47,47,49,47,47,47,46,48,47,47,47,48,48,48,48,47,45,46,46,45,45,46,49,49,47,46,46,48,46,45,44,41,40,41,39,38,38,37,38,37,37,37,37,38,38,40,38,37,37,37,36,36,36,35,35,34,35,35,33,32,33,32,31,31,31,30,30,30,30,29,28,28,27,25,26,26,25,24,24,24,24,26,28,28,29,29,29,29,29,29,29,29,28,25,24,26,28,29,31,31,29,28,27,25,24,24,26,26,25,27,27,27,27,25,25,25,24,23,23,21,21,21,21,22,22,21,20,20
0,100,99,98,97,94,94,94,93,93,92,89,88,86,85,86,85,84,84,79,80,80,79,78,76,73,73,73,72,71,69,67,65,68,68,67,66,64,63,62,60,60,59,59,61,59,57,57,56,57,55,54,55,55,54,52,52,50,50,50,51,50,50,51,51,52,53,50,50,48,48,49,47,46,44,45,44,44,46,46,46,46,48,47,47,46,45,44,44,44,43,43,43,43,42,41,41,41,41,42,43,41,41,42,43,44,44,41,41,40,40,39,39,39,38,38,37,36,36,36,37,37,35,35,35,33,33,33,34,35,35,35,36,35,35,35,34,35,34,33,33,32,32,32,32,33,33,33,34,34,32,32,31,31,32,32,33,33,33,33,33,32,37,37,37,35,39,40,38,39,39,39,39,39,39,41,41,41,42,41,40,40,41,41,42,40,40,40,39,38,40,41,40,38,37,37,37,36,37,36,37,37
0,100,98,93,90,90,88,86,84,83,80,76,76,78,78,78,75,76,76,74,72,71,73,70,68,70,69,69,68,68,68,69,69,69,68,67,66,64,63,62,61,61,60,61,58,57,57,57,56,54,50,51,47,47,45,47,47,46,46,45,45,45,44,41,41,43,42,43,43,40,42,42,42,44,43,43,41,40,39,38,38,37,40,41,40,42,42,42,41,38,38,37,38,38,38,37,36,36,36,34,33,33,33,31,27,26,25,27,27,28,25,26,26,27,27,27,28,28,28,27,27,26,25,26,24,21,23,23,23,19,19,18,21,21,22,22,22,23,23,21,20,20,20,20,20,19,18,16,18,19,20,22,22,22,24,25,26,25,25,27,27,28,30,31,32,33,33,32,30,29,29,30,30,30,31,32,32,32,30,30,27,24,25,25,26,26,27,28,28,27,27,25,25,25,26,26,22,21,21,23,23,24
0,100,96,95,94,93,93,92,89,88,87,85,84,82,80,78,75,76,75,78,76,75,75,71,70,68,67,68,67,68,68,64,64,63,59,56,55,54,55,54,56,53,53,53,52,51,53,54,54,52,52,53,55,56,57,56,56,55,58,60,61,60,59,58,58,59,56,55,54,53,53,54,54,54,48,48,47,48,48,47,47,47,46,47,48,50,49,48,48,48,48,47,47,45,45,47,46,46,46,44,43,43,41,41,40,40,38,38,38,38,39,38,38,38,39,39,38,39,38,38,37,37,38,36,36,36,35,35,35,34,33,30,31,32,31,32,31,29,29,28,29,28,28,28,29,29,28,27,28,28,29,27,27,26,26,24,26,26,25,25,26,26,24,23,23,23,22,21,21,23,23,24,24,24,23,23,23,23,23,23,22,21,22,22,22,20,19,20,22,23,23,21,20,19,19,18,19,19,20,21,22,20
0,100,100,99,98,97,95,92,91,90,86,87,87,85,84,82,82,80,79,80,77,75,73,72,72,70,69,67,67,66,63,61,58,59,58,58,58,56,54,54,54,53,53,53,53,49,50,48,49,50,50,51,51,51,50,49,48,48,48,48,48,49,49,50,49,49,49,48,47,47,46,46,45,45,44,44,41,41,40,39,38,39,40,40,39,40,41,39,39,39,39,40,41,42,43,39,38,36,35,37,38,37,35,35,35,35,35,33,32,32,32,33,33,34,34,34,35,34,35,34,34,34,34,33,35,34,34,35,35,34,34,34,33,32,32,33,34,34,36,34,32,31,30,31,30,30,28,29,30,30,30,30,31,33,32,32,32,33,34,32,32,32,31,31,31,33,33,33,30,30,30,31,31,32,33,32,32,33,34,34,39,39,38,37,37,37,36,35,36,36,36,33,34,35,35,35,34,34,34,32,32,30
0,100,98,96,94,93,91,90,89,88,86,85,84,84,84,84,82,79,79,78,77,78,78,77,77,77,73,73,74,73,72,72,69,68,66,63,62,63,64,65,62,60,62,62,62,62,61,61,60,59,60,57,56,54,55,57,56,54,52,52,52,53,52,51,51,53,53,53,52,50,49,49,51,51,50,50,50,51,50,50,49,50,50,51,53,53,51,49,50,50,50,48,45,43,43,43,43,43,44,44,44,44,45,44,43,45,45,46,47,47,49,48,48,46,47,44,45,44,44,43,45,45,45,46,44,42,42,41,41,40,39,39,39,39,40,41,39,39,39,37,37,37,37,37,37,36,35,34,33,32,34,34,34,33,31,30,29,30,30,30,30,30,31,31,32,33,32,32,33,34,33,34,34,35,34,34,33,34,34,36,36,36,36,37,37,37,38,37,38,38,37,38,37,37,37,38,38,40,38,39,38,38
0,100,99,94,93,91,86,84,83,83,79,76,76,73,71,71,71,69,70,70,68,67,65,64,63,63,60,60,61,62,63,63,61,59,60,59,60,63,61,62,62,62,60,60,61,60,58,58,58,54,51,49,50,49,49,48,47,46,44,44,45,46,46,45,44,45,44,44,44,43,42,40,40,40,39,39,39,36,37,36,36,34,37,37,36,36,36,34,33,33,32,32,32,35,37,37,38,37,37,37,36,37,36,35,34,35,35,34,34,33,32,33,32,33,34,33,33,33,32,33,33,33,33,33,32,32,33,33,32,30,30,28,28,27,28,29,30,30,30,30,29,29,29,29,30,31,33,32,29,29,30,32,32,32,30,30,30,30,30,29,28,27,27,28,26,26,24,24,24,24,24,24,22,22,21,18,18,18,18,20,19,19,20,19,19,19,19,18,19,20,20,20,20,20,22,22,22,22,22,22,23,26
0,100,99,96,94,94,90,89,88,86,85,83,83,81,78,77,78,80,80,80,78,78,79,79,78,77,78,76,75,76,74,73,71,67,65,63,62,62,59,59,57,58,56,57,56,57,57,54,55,54,54,53,50,50,50,48,50,51,52,50,49,49,49,50,48,48,47,49,46,46,45,45,44,45,47,47,46,47,45,45,46,45,46,44,43,45,45,44,42,42,37,38,37,37,37,39,39,40,40,40,38,36,36,36,35,35,36,37,37,37,39,39,39,39,36,35,37,36,37,37,36,35,35,36,35,35,36,38,37,34,34,34,34,34,34,35,35,35,35,35,35,35,37,36,36,36,35,34,32,31,30,31,29,27,28,28,29,29,30,31,34,33,32,32,32,32,32,31,31,35,36,35,35,34,34,34,31,29,29,29,30,29,29,27,27,27,25,25,25,24,24,25,26,26,26,27,27,27,27,26,25,26
0,100,97,97,93,93,92,92,91,91,89,89,86,86,83,81,79,78,78,79,77,75,73,71,70,68,67,66,66,65,66,65,64,61,61,60,61,61,60,60,61,61,59,59,59,57,56,57,58,57,56,55,55,53,53,51,49,47,48,47,47,45,46,47,47,46,46,46,45,47,46,46,45,44,44,42,42,42,41,41,43,41,41,41,43,42,42,44,39,39,39,40,40,39,40,39,37,36,36,37,37,37,39,40,40,40,37,38,37,36,34,32,31,33,32,33,33,33,32,31,32,31,32,35,35,33,32,31,30,29,28,28,29,31,30,29,29,29,30,31,31,30,31,31,31,31,32,31,30,29,28,28,27,28,28,29,28,28,25,25,24,24,25,23,23,22,21,23,23,21,21,21,21,22,23,23,23,23,24,24,24,24,24,23,24,24,24,25,25,25,24,22,21,21,22,22,22,22,22,22,22,24
0,100,99,98,95,92,92,90,90,90,87,85,84,86,85,85,83,81,79,77,75,73,70,70,70,70,71,68,67,67,63,62,63,62,61,60,58,58,57,57,57,57,55,54,53,54,53,54,53,52,54,53,53,54,55,56,54,54,54,52,49,47,47,46,45,45,46,45,44,46,46,47,46,46,47,47,48,47,49,47,48,47,47,46,46,45,45,46,46,49,45,45,47,47,48,49,48,48,48,48,47,47,45,45,45,44,43,42,43,44,42,40,41,41,42,42,41,39,38,38,37,38,37,37,37,36,39,39,39,38,39,38,37,36,34,33,34,33,33,32,34,32,32,34,34,34,34,34,33,33,33,34,33,34,34,34,33,33,33,32,32,34,33,34,33,32,33,33,34,35,36,36,36,35,35,36,36,36,35,34,36,34,34,35,36,35,34,38,39,37,37,39,39,37,38,38,37,37,36,35,36,36
0,100,98,98,96,91,88,86,86,84,84,82,80,79,77,75,74,72,71,72,72,70,71,71,72,70,69,67,68,68,67,66,66,66,66,67,69,70,69,70,68,69,67,66,65,66,66,65,65,64,64,63,65,65,64,61,56,55,55,55,54,54,54,50,52,51,52,51,51,51,51,50,50,50,50,49,48,48,47,49,49,50,50,51,49,50,48,47,48,48,48,49,50,51,51,53,51,51,49,49,51,49,49,48,48,49,44,42,43,42,43,43,42,41,41,42,41,42,43,41,42,42,41,42,42,41,40,40,40,40,41,40,39,39,39,38,37,38,40,40,42,41,39,38,37,37,38,36,36,36,35,34,34,36,36,35,31,30,31,33,33,32,31,31,31,30,31,31,31,30,28,26,26,26,25,26,25,25,25,27,27,27,27,26,24,21,20,19,19,19,19,19,19,17,17,17,19,19,20,20,20,24
0,100,98,96,95,92,92,91,87,86,82,82,79,79,78,77,75,75,72,69,69,70,67,68,65,66,65,64,65,63,64,63,61,60,61,60,60,55,53,54,55,54,53,53,52,52,53,53,55,54,54,53,53,55,53,52,53,53,52,52,50,50,49,48,48,47,46,46,43,43,44,42,42,42,40,40,42,41,40,40,40,40,39,37,36,35,35,36,38,38,37,38,39,40,40,38,38,38,38,39,39,39,38,37,37,37,36,36,36,33,33,34,34,35,36,34,35,35,36,35,35,33,35,35,35,35,32,34,35,36,36,36,37,35,33,31,31,31,30,29,30,31,30,31,31,33,33,33,34,32,32,33,35,34,35,36,36,36,35,33,35,34,34,33,32,33,34,32,32,32,34,35,35,35,35,36,36,36,36,35,35,32,32,32,33,32,33,33,33,33,33,31,30,30,31,30,30,30,30,30,29,29
0,100,98,97,94,93,89,85,83,82,82,81,81,78,76,74,72,71,71,71,70,70,69,69,70,68,64,64,64,64,63,63,60,59,58,57,56,56,56,54,54,54,52,52,52,52,49,47,44,44,45,46,45,47,48,47,44,44,44,43,41,41,41,41,41,43,41,41,42,40,40,40,39,40,40,40,40,40,41,43,43,40,39,39,40,41,41,40,40,39,38,37,37,37,36,34,35,35,35,36,35,37,39,39,38,41,42,42,42,43,42,41,39,38,37,37,36,36,36,36,37,38,37,37,37,37,37,34,35,34,34,35,35,37,37,39,37,38,38,37,37,38,38,37,37,35,34,36,35,36,35,37,37,37,36,37,37,36,36,35,36,36,35,34,35,34,34,34,35,35,36,36,36,33,31,30,30,30,29,29,30,29,28,27,28,30,30,30,28,27,27,27,26,24,24,23,24,24,23,23,22,19
0,100,96,95,95,93,93,91,86,82,80,79,79,79,79,77,76,75,75,72,71,70,68,64,62,60,60,59,56,55,54,55,56,55,56,55,55,55,54,55,54,52,51,52,50,51,51,50,51,50,48,50,49,49,51,52,50,49,48,48,47,47,46,46,46,46,46,46,47,49,49,48,49,47,47,49,49,50,51,52,52,52,52,53,52,51,50,50,48,45,44,44,44,45,44,44,43,42,40,40,41,41,42,45,44,44,43,43,45,45,45,43,43,42,44,42,43,43,43,42,41,41,41,40,41,42,41,42,39,40,39,40,40,39,38,38,37,36,33,32,30,30,30,31,31,31,31,32,33,33,32,34,35,35,34,34,31,30,31,32,32,32,32,32,34,34,34,34,34,31,31,31,32,31,30,32,32,32,33,33,33,31,30,31,32,31,31,32,33,33,35,36,36,35,35,32,34,34,36,36,36,36
0,100,96,94,94,93,92,89,87,83,83,83,80,81,81,81,80,79,79,80,80,79,78,76,74,73,73,72,68,66,66,61,59,59,58,58,57,56,56,58,58,56,56,58,59,59,59,58,58,58,57,58,58,55,55,55,55,56,56,55,54,54,51,50,50,50,49,48,48,47,46,47,47,48,49,48,48,47,46,46,44,44,45,46,46,44,43,42,41,41,40,39,37,36,36,38,40,40,39,39,39,38,36,37,38,36,37,37,37,38,39,39,39,36,37,37,34,35,35,34,34,35,36,36,37,35,34,34,35,34,33,34,34,34,34,33,34,35,35,35,34,35,34,32,33,35,36,38,38,35,35,33,34,33,33,33,33,33,32,32,31,31,31,30,30,30,29,30,28,28,27,27,26,26,25,24,23,22,23,23,22,23,24,25,26,25,22,22,24,24,24,24,24,24,23,23,25,25,25,25,24,25
0,100,97,96,94,93,92,91,88,87,88,86,83,83,81,79,76,77,77,77,77,77,75,74,74,74,68,67,67,65,66,65,62,62,63,63,62,63,60,59,58,54,54,54,54,53,50,49,47,48,47,47,50,51,49,51,51,50,50,47,47,49,48,49,49,48,46,44,44,44,45,44,43,43,42,40,40,38,37,37,37,38,39,38,38,38,37,37,35,32,31,32,31,30,32,33,33,33,33,33,32,32,32,33,34,33,31,31,32,32,31,31,31,31,32,32,29,29,28,26,27,28,28,27,25,24,27,29,28,28,28,28,29,29,28,28,28,26,27,27,29,30,29,30,30,29,29,29,29,29,29,31,30,30,30,30,31,34,32,33,31,33,32,30,31,33,34,34,33,33,32,33,34,33,31,30,28,26,25,25,25,26,25,24,25,26,28,27,27,27,27,27,29,29,29,31,33,32,32,31,31,31
0,100,96,94,92,90,90,90,88,85,86,85,83,84,82,78,72,70,71,71,71,68,66,65,63,62,64,64,62,62,60,60,60,60,61,59,58,58,59,59,58,55,55,53,54,53,55,55,53,54,54,52,52,51,51,53,52,51,50,49,49,49,50,50,50,49,47,46,46,46,39,40,40,40,41,43,44,42,41,44,42,41,40,41,42,41,41,39,36,36,36,37,37,37,38,38,40,38,38,38,40,40,42,42,41,40,40,41,38,36,36,36,36,36,36,35,33,32,31,30,30,29,28,28,29,29,29,28,28,26,27,26,26,27,26,27,26,27,26,25,27,26,25,25,25,26,26,26,28,28,28,27,28,28,27,28,26,27,27,26,25,26,26,26,27,27,28,27,27,27,27,26,27,26,28,28,28,26,26,26,25,25,26,26,26,26,26,27,27,27,25,26,26,25,25,26,26,27,27,27,28,24
0,100,98,94,91,91,89,88,86,86,87,82,81,81,81,81,81,79,76,76,74,74,73,72,73,71,68,68,68,63,59,59,59,58,59,59,56,55,53,52,50,49,48,47,46,46,45,45,45,46,44,44,43,45,44,46,45,45,44,43,43,42,40,40,40,40,39,38,39,39,40,40,41,42,39,38,37,35,36,36,35,34,34,36,36,36,36,35,34,34,33,34,34,36,36,36,36,36,37,35,35,35,34,34,33,35,35,35,35,35,36,36,36,35,35,35,34,33,35,33,33,32,31,30,29,30,30,30,30,30,29,29,27,27,27,27,28,27,28,29,30,29,28,28,30,30,29,30,30,30,30,30,30,30,28,29,30,30,30,29,29,29,27,27,28,27,28,26,27,27,26,25,27,26,26,27,27,26,28,28,28,29,29,29,28,28,28,28,28,26,26,25,25,25,27,27,26,26,25,25,24,26
0,100,97,95,92,92,91,90,91,90,89,87,85,82,80,79,78,76,76,75,73,74,72,70,71,70,69,67,67,68,67,64,63,63,59,60,60,58,59,59,57,59,58,57,51,51,50,50,49,50,48,49,49,50,50,50,47,45,44,46,46,46,44,44,43,42,40,43,42,41,41,42,42,40,40,39,38,36,37,37,38,38,38,37,37,37,37,36,35,35,36,37,38,35,36,36,37,36,36,37,36,37,37,37,37,37,36,36,35,34,33,33,33,31,31,31,32,33,34,33,33,34,33,33,33,32,32,32,34,33,32,33,34,32,31,31,32,32,33,34,35,35,34,35,34,34,34,33,33,34,35,36,36,36,36,34,35,36,37,37,37,38,36,34,34,34,35,35,35,34,32,33,32,33,32,34,34,35,37,37,38,38,37,38,38,37,38,38,37,38,36,36,37,37,39,37,37,39,39,39,38,39
0,100,98,97,92,91,91,91,89,87,86,85,83,81,80,79,78,78,76,75,73,75,76,78,79,78,75,73,71,67,67,68,67,66,64,62,62,63,62,61,61,61,61,61,61,60,58,57,56,56,54,53,50,49,49,49,48,48,47,45,45,47,47,47,48,48,48,47,46,46,45,43,42,42,40,39,40,41,42,43,44,45,42,42,41,40,40,38,38,41,41,40,37,37,35,35,35,35,36,37,37,38,38,38,39,42,43,43,42,42,42,42,43,44,43,45,44,44,42,42,43,43,43,44,44,46,45,45,43,42,41,41,41,40,39,39,40,40,40,42,41,40,40,39,38,39,38,37,38,38,38,38,39,38,37,37,38,40,39,38,39,39,38,38,37,38,37,37,38,38,39,39,38,37,35,35,34,35,34,35,35,35,33,34,32,33,32,32,31,31,30,31,30,30,29,28,28,29,29,29,29,29
0,100,100,97,95,94,94,90,87,86,84,81,81,82,80,80,79,78,76,76,76,73,72,69,70,67,67,65,65,62,62,62,62,61,63,62,62,63,62,61,61,61,62,62,60,58,57,56,56,55,55,54,55,56,55,55,55,52,50,49,49,49,48,48,48,51,51,52,52,53,53,52,54,52,52,50,50,50,48,47,46,46,46,48,47,46,46,46,45,46,46,46,45,44,44,44,43,43,44,44,44,44,44,45,44,46,46,45,46,45,45,45,45,44,44,43,43,43,43,41,40,40,39,38,39,38,37,37,35,35,35,33,34,35,36,35,34,35,34,32,32,33,32,32,31,30,31,32,34,34,34,34,35,33,33,33,32,33,31,30,29,30,29,28,27,27,27,26,28,28,29,29,26,26,26,25,27,27,27,26,26,26,27,26,25,25,27,27,28,27,27,27,26,27,26,26,25,26,28,29,29,28
0,100,96,94,90,89,87,84,82,83,81,79,78,75,71,71,65,65,65,64,63,64,64,66,66,64,61,61,60,58,57,56,56,55,55,55,55,53,51,50,49,49,50,49,50,50,47,49,49,49,48,46,46,46,46,48,48,47,47,47,47,47,47,48,47,47,47,47,46,46,47,45,45,44,44,42,44,44,45,46,46,47,46,46,44,43,42,42,41,41,39,38,38,37,36,37,36,36,36,33,34,33,34,34,35,35,36,37,38,39,41,40,40,40,41,40,37,38,37,37,36,36,35,36,35,34,34,32,33,33,32,30,29,29,30,31,32,33,34,35,35,34,34,35,34,34,34,33,34,35,34,34,34,34,34,35,34,37,36,36,37,37,36,37,38,38,38,38,39,38,38,37,36,36,35,35,35,35,35,35,34,33,32,31,29,31,30,28,28,29,30,30,30,30,30,28,28,28,27,29,31,31
0,100,99,96,96,94,92,91,88,87,86,80,79,78,77,74,73,73,74,73,72,71,71,71,68,66,64,64,63,62,61,63,63,65,64,65,64,62,58,57,56,56,55,57,55,55,55,54,54,52,53,53,54,55,57,54,54,53,54,53,51,53,52,50,50,50,48,47,47,46,46,46,49,48,46,47,46,44,44,44,44,44,45,44,45,44,44,45,45,45,45,45,45,44,44,43,41,41,42,43,38,39,39,39,39,38,38,38,38,40,40,41,39,39,37,36,35,36,37,36,34,35,35,33,34,33,34,33,32,34,34,34,32,33,34,34,34,32,31,31,31,29,28,28,28,28,28,28,29,29,29,28,27,27,27,27,24,25,24,25,24,23,24,24,25,25,24,26,27,26,27,27,28,26,27,27,25,25,23,23,23,24,23,23,24,24,26,24,24,25,29,27,27,27,27,27,27,27,27,24,23,23
0,100,97,96,94,93,91,87,86,82,78,80,78,77,76,75,73,71,72,68,68,67,63,64,65,65,63,63,63,63,61,60,64,64,63,62,62,60,60,59,57,58,56,57,58,53,52,53,52,53,54,51,51,51,51,49,48,49,52,52,53,54,54,53,52,53,53,53,55,54,54,53,54,56,53,52,52,53,54,55,53,53,54,53,52,52,51,48,48,48,46,46,44,42,40,41,41,42,38,37,38,37,36,36,36,34,32,32,32,33,35,35,36,36,37,36,35,35,35,36,40,42,42,41,41,38,39,38,36,34,34,34,33,34,33,32,32,32,32,33,33,34,35,34,34,31,32,31,30,30,29,28,29,29,28,28,28,28,29,28,28,28,27,28,29,30,29,27,26,26,26,27,26,26,27,26,27,28,30,30,31,32,32,33,32,32,32,32,31,31,33,31,31,31,32,31,31,31,30,30,29,28
0,100,96,96,90,88,84,82,79,79,78,76,77,75,73,72,72,71,71,71,70,69,66,65,67,68,69,66,67,67,65,64,64,62,63,63,62,62,61,60,62,60,60,59,59,60,60,58,57,56,56,57,54,53,53,52,49,49,50,52,52,52,52,51,51,51,51,51,50,50,50,52,51,50,48,47,47,47,45,45,43,42,42,40,40,39,38,39,39,41,42,43,43,43,44,44,43,43,43,43,43,43,44,43,43,42,43,42,40,39,38,37,34,33,33,32,31,31,31,31,31,30,31,30,29,28,27,29,29,29,30,31,30,30,32,31,31,31,33,32,31,30,29,28,29,30,33,33,34,33,34,34,34,32,34,34,33,34,34,34,34,33,32,32,31,31,29,29,29,29,29,28,28,29,31,30,30,29,29,28,27,26,25,25,26,26,23,22,22,24,25,26,27,27,28,28,28,28,29,29,29,29
0,100,98,98,97,94,90,86,86,80,78,77,77,74,72,72,71,70,69,68,67,65,64,61,63,61,61,62,62,61,61,61,61,61,60,60,60,58,55,55,56,56,54,55,52,51,50,49,49,49,49,47,46,47,47,46,44,43,43,42,42,42,39,39,39,39,39,39,38,37,36,37,37,34,34,33,34,36,35,35,36,36,37,36,35,35,33,31,31,31,32,32,33,33,32,32,33,31,32,31,32,33,34,33,34,35,35,35,34,31,31,32,30,30,29,30,30,32,32,31,32,33,33,31,32,33,31,30,28,29,28,28,27,27,28,29,30,30,29,29,30,30,30,29,31,32,31,31,31,31,30,31,32,31,32,31,31,30,29,30,31,31,30,30,29,29,29,26,29,29,30,30,30,30,30,30,30,29,30,29,28,28,28,29,28,27,26,27,28,28,29,28,28,26,28,30,30,29,31,31,31,30
0,100,99,96,93,92,88,86,85,83,82,82,82,81,80,79,76,75,74,71,71,69,68,69,64,61,61,61,60,57,55,55,53,51,50,54,53,52,53,53,53,53,53,54,54,54,50,50,49,49,48,48,46,45,44,45,45,43,44,44,42,41,40,40,40,40,39,39,39,39,38,38,38,37,36,36,36,36,37,35,36,36,36,38,36,36,37,36,36,35,36,34,35,36,36,35,35,36,35,35,35,35,34,35,33,33,33,32,33,33,32,32,32,32,32,33,32,32,32,33,33,33,32,32,32,32,32,31,33,32,32,31,30,30,30,30,30,29,30,30,30,31,31,30,31,31,31,30,30,30,30,31,31,30,28,27,27,28,29,29,30,31,30,30,30,30,30,31,30,26,25,26,27,27,27,27,27,27,27,28,28,28,29,29,30,29,28,28,29,29,28,27,28,27,27,27,27,27,26,25,25,26
0,100,99,98,95,93,93,90,88,88,88,87,83,82,82,81,79,79,78,75,73,70,68,65,64,65,62,60,58,55,54,55,54,53,54,53,53,53,52,52,49,49,47,47,47,47,45,46,45,47,45,45,45,45,44,43,42,43,42,42,41,41,42,43,44,44,44,44,43,41,42,43,44,46,46,45,44,44,42,42,42,42,38,38,38,41,41,41,42,43,41,41,41,40,40,41,40,39,39,39,38,38,38,38,39,37,37,37,36,34,34,34,33,32,32,32,32,31,32,33,34,34,34,35,36,36,37,37,36,37,36,37,37,37,38,39,40,41,40,41,40,39,38,40,40,41,41,40,40,40,39,39,38,39,38,39,38,37,37,37,36,38,39,38,38,37,36,38,39,38,41,40,39,38,36,34,34,32,32,33,32,30,29,29,28,30,30,31,30,30,29,28,28,28,29,29,29,29,29,28,28,27
0,100,99,97,96,94,91,89,88,85,83,82,82,82,79,78,77,78,77,75,73,71,70,70,69,68,69,67,66,65,65,65,65,63,62,62,62,60,59,58,59,58,58,56,57,58,58,59,57,58,55,53,53,51,50,51,49,48,49,50,49,46,47,47,47,46,47,47,46,46,46,46,45,44,42,41,41,40,40,40,41,41,40,42,42,41,39,39,38,39,39,38,38,38,38,38,38,36,37,37,36,37,37,38,37,37,37,36,35,35,35,35,35,37,37,38,38,37,37,36,36,36,36,35,38,37,37,38,39,39,40,40,41,40,39,41,41,40,41,39,39,38,37,37,34,35,36,35,36,36,34,34,35,36,35,37,38,36,38,39,40,39,41,42,41,40,41,37,37,36,36,35,35,36,34,34,34,32,30,33,34,33,33,34,33,33,33,31,31,29,29,31,33,33,32,32,32,28,28,29,28,28
0,100,99,98,96,92,90,90,90,88,84,84,84,81,78,77,75,73,72,72,73,71,69,69,70,70,69,68,67,67,67,67,64,64,63,63,62,62,60,59,59,58,57,56,55,56,57,54,54,53,54,55,54,52,52,51,52,53,51,51,48,49,48,49,49,48,48,49,46,46,44,44,44,46,47,46,47,45,46,43,43,43,44,44,45,44,42,42,42,43,44,42,43,44,45,45,44,44,44,42,42,43,43,42,43,44,43,43,42,41,40,39,38,38,38,39,38,36,36,37,37,35,36,35,35,36,37,36,35,35,35,38,39,39,39,40,41,40,40,39,39,39,40,40,39,39,39,38,37,37,38,38,38,40,40,39,40,39,39,37,36,37,39,38,37,38,38,39,39,41,40,39,39,39,39,38,38,37,37,38,38,39,38,37,37,36,36,36,38,38,40,38,37,38,37,38,38,38,37,37,36,36
1,0,0,0,0,0,0,0,0,0,0,0,0,0,0,0,0,0,0,0,0,0,0,0,0,0,0,0,0,0,0,0,0,0,0,0,0,0,0,0,0,0,0,0,0,0,0,0,0,0,0,100,97,96,96,92,93,91,90,90,90,90,89,87,84,84,79,79,77,77,78,75,74,74,73,71,69,67,66,64,62,62,61,61,60,59,58,58,58,55,56,57,56,56,56,54,56,55,55,54,52,51,51,51,50,51,51,50,48,48,49,49,50,51,52,53,52,51,51,51,49,48,48,49,48,47,46,47,47,47,45,45,45,44,45,44,47,48,47,48,48,48,50,51,51,51,50,49,48,46,46,46,45,45,46,45,45,44,41,42,40,40,40,41,40,39,37,34,35,34,33,33,33,33,34,33,33,34,34,34,33,33,34,32,34,33,34,33,32,31,31,32,32,32,31,32,31,31,31,33,34,34
1,0,0,0,0,0,0,0,0,0,0,0,0,0,0,0,0,0,0,0,0,0,0,0,0,0,0,0,0,0,0,0,0,0,0,0,0,0,0,0,0,0,0,0,0,0,0,0,0,0,0,100,98,96,96,97,94,91,89,86,84,82,80,78,76,73,69,70,69,69,68,68,69,70,70,70,69,70,69,68,67,66,64,64,62,62,60,59,59,58,58,56,55,53,52,52,52,53,53,53,51,49,49,48,47,47,47,47,45,45,47,48,48,47,46,43,39,39,38,39,39,41,41,42,43,42,41,43,44,42,43,41,39,38,37,35,36,35,34,34,33,31,29,29,28,26,27,28,28,29,28,28,29,30,30,29,30,29,30,31,29,27,27,28,28,28,28,28,29,30,30,32,32,31,31,31,32,32,32,33,33,34,34,32,33,32,33,33,33,34,34,34,33,33,34,32,33,34,35,35,33,32
1,0,0,0,0,0,0,0,0,0,0,0,0,0,0,0,0,0,0,0,0,0,0,0,0,0,0,0,0,0,0,0,0,0,0,0,0,0,0,0,0,0,0,0,0,0,0,0,0,0,0,100,99,99,99,97,93,92,90,89,89,86,85,82,78,79,77,73,75,72,70,68,66,65,64,63,61,60,58,57,58,56,55,54,54,56,56,55,56,56,55,54,54,54,54,53,52,52,50,49,48,48,48,47,47,46,45,43,43,42,42,42,40,40,40,40,40,40,40,39,40,40,42,37,37,37,37,35,34,34,33,31,33,33,34,33,34,34,33,34,34,33,35,35,35,35,34,33,34,35,34,34,34,33,32,33,32,33,33,32,33,33,34,34,33,33,33,32,32,33,33,34,34,33,29,29,29,29,27,28,27,27,27,26,25,26,25,24,24,26,28,29,30,30,29,31,31,31,30,29,29,29
1,0,0,0,0,0,0,0,0,0,0,0,0,0,0,0,0,0,0,0,0,0,0,0,0,0,0,0,0,0,0,0,0,0,0,0,0,0,0,0,0,0,0,0,0,0,0,0,0,0,0,100,98,94,94,91,87,87,84,81,78,78,76,73,74,73,73,73,72,70,70,70,70,70,71,70,67,66,67,64,61,60,61,61,60,60,60,61,58,58,57,56,54,53,51,50,49,49,49,50,51,52,51,54,50,49,47,46,47,49,49,48,49,50,51,51,51,52,52,52,50,50,50,50,50,49,47,46,46,45,44,44,43,42,41,41,41,42,41,41,41,40,40,41,39,37,37,37,37,37,37,38,39,39,38,38,40,39,39,39,39,40,41,38,36,36,35,34,34,34,34,34,33,32,32,32,32,32,32,33,35,35,35,35,37,37,38,37,36,34,33,32,32,31,31,30,30,30,31,31,32,32
1,0,0,0,0,0,0,0,0,0,0,0,0,0,0,0,0,0,0,0,0,0,0,0,0,0,0,0,0,0,0,0,0,0,0,0,0,0,0,0,0,0,0,0,0,0,0,0,0,0,0,100,100,100,95,92,88,87,86,87,84,80,80,80,80,80,80,80,78,80,77,76,77,77,76,77,77,75,74,71,70,70,67,66,66,65,64,63,61,60,60,58,57,55,54,53,52,53,53,54,53,54,55,55,53,52,52,52,52,54,54,52,53,53,55,56,56,56,56,55,54,54,55,54,54,54,53,52,51,48,46,43,43,42,41,41,42,41,41,40,40,40,40,40,39,41,41,40,41,42,42,41,41,41,41,42,41,41,41,42,42,44,43,43,42,44,44,44,44,44,44,46,46,45,45,44,44,43,43,44,44,43,41,39,39,41,41,42,41,40,39,40,39,38,36,37,35,36,36,38,39,43
1,0,0,0,0,0,0,0,0,0,0,0,0,0,0,0,0,0,0,0,0,0,0,0,0,0,0,0,0,0,0,0,0,0,0,0,0,0,0,0,0,0,0,0,0,0,0,0,0,0,0,100,99,99,97,95,91,90,88,89,86,84,83,81,81,79,79,77,78,76,75,75,74,75,73,72,72,71,71,71,71,69,69,68,67,65,64,63,63,62,59,58,58,58,62,63,62,61,58,58,58,59,59,57,55,54,51,50,50,47,48,47,45,45,44,43,40,40,40,40,41,42,44,44,46,45,44,44,44,43,45,46,46,46,46,47,46,47,45,45,44,41,42,42,42,44,41,41,41,42,42,42,42,42,41,39,41,41,42,42,40,41,40,40,40,41,41,41,40,40,41,41,41,40,39,39,39,39,40,39,39,39,40,40,40,40,40,39,38,38,37,36,38,40,40,41,41,42,41,40,39,39
1,0,0,0,0,0,0,0,0,0,0,0,0,0,0,0,0,0,0,0,0,0,0,0,0,0,0,0,0,0,0,0,0,0,0,0,0,0,0,0,0,0,0,0,0,0,0,0,0,0,0,100,98,97,95,93,92,92,88,86,83,81,81,78,78,79,77,76,75,75,74,73,72,71,71,70,73,71,70,69,68,67,67,67,67,67,67,67,65,61,62,60,58,61,59,58,59,59,56,55,54,56,56,56,55,55,53,52,51,49,50,49,45,44,45,44,45,45,46,44,43,42,41,44,44,40,40,40,42,43,43,43,44,45,45,45,45,43,43,43,39,39,39,38,37,37,36,37,36,37,37,38,36,36,35,36,35,35,34,34,34,35,34,31,32,32,32,32,35,33,33,33,34,34,35,35,35,36,36,35,36,37,38,37,36,37,37,38,37,38,38,37,37,38,38,38,38,38,37,38,37,36
1,0,0,0,0,0,0,0,0,0,0,0,0,0,0,0,0,0,0,0,0,0,0,0,0,0,0,0,0,0,0,0,0,0,0,0,0,0,0,0,0,0,0,0,0,0,0,0,0,0,0,100,97,95,92,92,90,90,89,84,83,82,78,76,75,75,73,72,70,70,69,70,70,70,70,65,65,67,66,67,66,67,66,66,67,68,69,69,68,67,66,66,66,67,66,63,62,62,61,62,62,60,57,58,57,56,55,54,53,51,52,48,48,47,47,48,48,48,45,44,43,43,43,43,43,43,44,43,44,42,44,45,45,43,44,47,48,49,48,46,47,47,47,47,47,44,45,47,48,47,46,44,41,41,40,40,40,40,41,42,43,45,45,44,44,43,42,43,43,44,43,42,42,41,41,43,42,42,44,44,43,43,43,43,43,44,45,46,45,45,44,43,44,43,43,42,42,41,43,44,44,46
1,0,0,0,0,0,0,0,0,0,0,0,0,0,0,0,0,0,0,0,0,0,0,0,0,0,0,0,0,0,0,0,0,0,0,0,0,0,0,0,0,0,0,0,0,0,0,0,0,0,0,100,99,99,98,94,94,94,93,92,89,88,87,86,85,84,84,84,84,81,80,81,80,81,78,79,76,77,77,76,76,76,75,72,73,72,72,72,69,67,64,65,65,64,64,63,62,62,62,62,60,63,63,61,61,61,61,61,60,60,58,58,58,58,59,58,58,56,54,50,48,48,47,47,46,46,48,49,48,47,46,45,44,45,45,45,46,47,45,44,44,46,46,45,45,46,47,47,45,46,44,45,42,41,40,41,41,38,36,36,35,35,36,36,36,36,35,35,33,34,33,32,32,35,35,36,36,36,36,36,36,34,33,33,35,34,33,33,35,34,34,32,32,32,35,35,34,34,34,34,32,32
1,0,0,0,0,0,0,0,0,0,0,0,0,0,0,0,0,0,0,0,0,0,0,0,0,0,0,0,0,0,0,0,0,0,0,0,0,0,0,0,0,0,0,0,0,0,0,0,0,0,0,100,100,98,93,92,93,93,90,90,86,84,83,82,82,79,77,75,72,71,72,71,70,66,64,66,66,64,65,65,65,64,64,64,64,61,63,60,57,55,55,53,52,53,52,52,52,49,49,49,49,49,46,45,43,45,44,45,44,46,45,47,47,48,49,47,48,46,48,48,50,48,45,45,47,47,47,47,47,47,46,48,48,48,47,47,46,45,46,44,44,44,42,42,41,40,36,37,40,39,40,40,40,41,41,41,39,39,37,36,35,36,35,34,34,34,34,34,36,36,35,34,35,36,35,33,34,35,37,38,38,37,36,36,35,34,33,34,34,33,33,35,35,33,31,30,30,31,30,28,27,27
1,0,0,0,0,0,0,0,0,0,0,0,0,0,0,0,0,0,0,0,0,0,0,0,0,0,0,0,0,0,0,0,0,0,0,0,0,0,0,0,0,0,0,0,0,0,0,0,0,0,0,100,97,94,94,92,89,87,87,86,86,85,84,81,80,76,73,71,68,69,68,67,66,65,66,66,66,64,66,65,63,63,61,62,62,62,63,62,58,56,56,57,57,57,56,56,56,54,55,50,49,49,51,51,51,51,50,52,50,50,49,49,50,48,46,46,44,46,45,44,42,43,44,45,44,45,46,45,45,45,45,42,38,39,39,38,37,35,34,33,33,33,34,35,34,33,33,31,30,29,30,29,27,27,28,29,30,31,32,31,31,32,33,32,31,32,32,34,34,34,36,37,37,36,36,36,36,35,35,37,36,36,36,34,33,32,32,33,32,32,31,31,30,30,30,31,31,31,31,31,31,33
1,0,0,0,0,0,0,0,0,0,0,0,0,0,0,0,0,0,0,0,0,0,0,0,0,0,0,0,0,0,0,0,0,0,0,0,0,0,0,0,0,0,0,0,0,0,0,0,0,0,0,100,98,96,96,95,93,92,89,88,86,84,80,79,78,77,76,75,75,72,70,70,70,69,70,69,69,66,65,63,63,61,60,59,58,57,55,55,54,54,52,51,52,52,50,50,52,53,51,51,52,49,47,46,44,43,43,41,44,44,42,43,42,42,43,41,40,40,40,42,41,41,41,40,40,40,40,39,40,40,40,38,39,38,38,39,38,39,40,40,39,39,37,36,36,36,38,36,36,36,37,38,39,38,39,37,37,36,37,37,36,35,36,35,35,34,34,33,33,34,34,34,34,32,31,30,30,30,30,30,31,30,30,33,32,31,31,30,31,33,35,35,36,34,33,32,32,31,32,32,32,32
1,0,0,0,0,0,0,0,0,0,0,0,0,0,0,0,0,0,0,0,0,0,0,0,0,0,0,0,0,0,0,0,0,0,0,0,0,0,0,0,0,0,0,0,0,0,0,0,0,0,0,100,99,95,95,91,89,87,82,82,82,82,81,80,79,78,76,75,76,74,74,69,68,67,66,64,63,63,64,63,62,62,61,57,56,59,59,59,60,61,61,60,59,59,60,56,56,57,56,53,52,52,52,51,52,54,52,51,50,50,49,50,50,49,49,49,48,46,46,47,48,47,46,44,44,46,44,41,40,40,40,39,39,38,37,36,37,39,40,41,41,38,37,37,37,38,37,38,39,38,37,36,34,34,35,34,34,34,34,33,34,35,35,34,35,35,34,34,33,33,34,34,37,36,35,34,35,34,34,34,31,29,29,29,29,31,31,32,32,31,33,33,34,32,33,34,35,35,35,35,35,36
1,0,0,0,0,0,0,0,0,0,0,0,0,0,0,0,0,0,0,0,0,0,0,0,0,0,0,0,0,0,0,0,0,0,0,0,0,0,0,0,0,0,0,0,0,0,0,0,0,0,0,100,97,93,92,87,86,86,84,83,84,82,82,80,77,76,75,74,72,72,71,68,67,66,66,64,62,62,58,58,58,57,57,54,52,52,51,52,54,55,55,53,53,51,50,50,49,49,49,49,49,51,50,51,51,51,51,51,50,48,48,45,44,44,45,44,44,43,43,43,43,42,42,41,39,38,38,38,38,38,37,36,36,36,36,35,34,34,33,36,34,34,34,35,34,32,33,34,34,34,35,36,38,38,38,38,38,36,36,34,33,33,33,33,34,34,33,33,34,32,32,31,29,31,31,31,31,32,31,31,32,32,30,29,27,26,24,25,27,25,26,29,28,28,28,28,29,28,28,27,24,25
1,0,0,0,0,0,0,0,0,0,0,0,0,0,0,0,0,0,0,0,0,0,0,0,0,0,0,0,0,0,0,0,0,0,0,0,0,0,0,0,0,0,0,0,0,0,0,0,0,0,0,100,99,98,95,90,90,90,89,87,83,81,79,79,78,75,75,75,75,72,72,72,71,68,67,67,65,65,64,63,63,62,61,60,58,61,59,57,57,57,56,53,51,51,51,50,49,47,45,47,48,48,46,48,46,46,46,46,44,43,43,41,40,38,38,38,39,40,39,39,40,39,38,37,36,36,35,36,37,36,33,32,30,31,31,30,30,30,30,29,28,29,29,29,31,31,31,31,29,29,28,27,27,27,26,27,29,27,26,26,26,26,27,24,24,25,25,27,27,29,29,29,29,30,29,30,29,29,26,27,27,27,28,28,28,28,30,31,31,31,31,31,33,31,31,31,31,30,30,30,29,28
1,0,0,0,0,0,0,0,0,0,0,0,0,0,0,0,0,0,0,0,0,0,0,0,0,0,0,0,0,0,0,0,0,0,0,0,0,0,0,0,0,0,0,0,0,0,0,0,0,0,0,100,99,98,97,94,90,90,89,87,87,86,83,79,80,79,77,75,74,75,75,74,73,72,70,70,69,69,66,66,64,63,63,63,63,64,66,64,64,65,66,64,63,62,60,59,58,57,57,55,56,55,53,53,53,55,54,54,54,54,53,53,53,52,52,49,49,46,45,45,46,46,44,44,42,43,42,42,43,43,40,40,40,40,39,38,39,39,38,40,37,37,37,37,35,35,35,35,34,35,33,34,34,33,32,32,33,35,37,37,35,38,38,38,38,37,36,37,36,36,36,36,36,36,35,33,34,34,34,35,36,34,35,35,36,35,35,34,33,32,31,28,27,28,28,28,28,28,27,28,33,34
1,0,0,0,0,0,0,0,0,0,0,0,0,0,0,0,0,0,0,0,0,0,0,0,0,0,0,0,0,0,0,0,0,0,0,0,0,0,0,0,0,0,0,0,0,0,0,0,0,0,0,100,98,97,97,96,94,92,91,92,90,84,84,83,81,82,81,82,80,80,80,76,75,76,74,73,74,73,72,67,64,63,61,59,58,59,60,61,60,59,59,59,57,54,53,52,52,51,51,51,54,52,52,49,48,44,42,39,37,39,38,39,38,37,37,39,36,36,36,37,38,38,35,36,34,34,34,34,33,33,31,31,32,33,33,35,35,34,33,33,34,32,32,32,32,33,33,34,34,33,34,33,33,33,33,32,32,31,32,32,31,32,32,31,28,29,27,26,26,27,27,26,27,27,28,29,28,29,29,28,28,28,29,30,30,29,28,28,28,26,27,26,26,26,28,28,26,26,24,26,26,25
1,0,0,0,0,0,0,0,0,0,0,0,0,0,0,0,0,0,0,0,0,0,0,0,0,0,0,0,0,0,0,0,0,0,0,0,0,0,0,0,0,0,0,0,0,0,0,0,0,0,0,100,100,97,94,95,94,89,86,84,81,79,76,76,74,73,71,67,65,65,65,66,63,63,62,60,58,56,56,56,58,57,56,59,58,57,58,56,57,56,54,57,57,56,56,52,53,53,53,53,54,52,52,52,53,53,52,51,51,50,48,47,48,46,45,47,47,47,47,46,46,46,46,46,46,46,45,46,46,46,46,44,41,40,41,42,41,40,41,42,42,41,40,40,40,37,39,40,41,41,40,41,42,41,40,42,39,39,38,38,38,38,38,37,36,36,35,36,36,35,34,34,34,33,33,32,32,32,32,32,31,29,30,30,32,30,29,30,29,31,32,31,31,32,32,34,33,32,31,31,32,32
1,0,0,0,0,0,0,0,0,0,0,0,0,0,0,0,0,0,0,0,0,0,0,0,0,0,0,0,0,0,0,0,0,0,0,0,0,0,0,0,0,0,0,0,0,0,0,0,0,0,0,100,99,98,96,93,89,86,83,82,82,81,80,78,74,72,73,74,73,75,71,71,72,69,69,70,68,68,65,64,63,60,59,59,56,52,51,54,52,52,51,53,55,56,56,57,57,55,56,53,51,53,53,53,53,50,49,52,49,49,48,49,48,47,46,46,45,46,46,47,47,47,47,47,47,47,48,48,48,46,46,47,47,47,48,47,47,49,50,49,50,49,50,50,47,48,47,47,45,46,43,43,43,43,44,45,46,44,45,44,43,43,41,41,41,40,39,39,39,39,40,38,38,37,36,37,38,38,38,37,36,37,36,35,36,36,35,34,33,33,32,32,32,33,33,33,33,34,34,34,35,35
1,0,0,0,0,0,0,0,0,0,0,0,0,0,0,0,0,0,0,0,0,0,0,0,0,0,0,0,0,0,0,0,0,0,0,0,0,0,0,0,0,0,0,0,0,0,0,0,0,0,0,100,100,98,98,98,98,97,92,92,91,89,89,88,86,84,84,83,84,81,80,79,77,75,73,70,69,67,67,63,64,64,62,63,63,62,61,59,58,58,58,59,59,58,58,59,57,56,56,54,52,51,50,48,46,45,45,47,48,46,45,45,44,44,44,43,43,47,48,47,48,48,47,46,45,46,46,47,47,47,46,46,45,49,47,47,46,45,44,43,43,42,41,41,39,39,39,38,38,39,37,37,37,36,36,36,39,39,40,37,38,38,40,38,38,37,39,39,38,37,35,36,36,34,35,35,35,34,33,34,34,37,37,36,36,35,34,34,32,31,31,31,33,36,38,38,39,40,42,42,42,40
1,0,0,0,0,0,0,0,0,0,0,0,0,0,0,0,0,0,0,0,0,0,0,0,0,0,0,0,0,0,0,0,0,0,0,0,0,0,0,0,0,0,0,0,0,0,0,0,0,0,0,100,99,95,91,91,90,87,85,83,78,75,72,69,68,70,67,67,65,64,64,63,63,62,60,58,57,56,55,55,54,52,50,50,48,47,47,47,48,47,49,51,50,50,49,50,50,49,51,50,49,48,49,49,49,49,50,47,45,44,46,46,46,47,47,46,46,44,44,42,43,42,41,41,40,38,37,37,37,37,34,34,35,35,38,35,34,36,36,38,38,37,37,37,37,37,37,35,35,35,34,34,33,34,31,31,32,32,32,31,30,29,28,28,27,26,25,27,28,28,28,26,26,25,25,25,24,24,23,22,22,20,19,20,21,21,21,21,22,22,21,21,20,20,21,21,22,22,20,20,20,19
1,0,0,0,0,0,0,0,0,0,0,0,0,0,0,0,0,0,0,0,0,0,0,0,0,0,0,0,0,0,0,0,0,0,0,0,0,0,0,0,0,0,0,0,0,0,0,0,0,0,0,100,100,100,98,95,94,92,92,89,87,86,84,84,81,78,77,78,79,79,75,76,77,76,75,75,72,72,72,69,68,62,62,61,59,59,57,55,55,56,55,52,51,51,51,50,49,48,48,47,47,46,47,45,45,46,44,44,44,44,43,43,43,42,41,41,39,37,40,40,42,41,39,39,39,40,39,39,39,41,41,42,39,39,37,36,35,35,35,35,36,36,36,37,39,39,37,35,35,36,33,35,34,33,34,34,34,35,37,35,34,34,35,38,39,39,38,37,37,38,39,37,37,36,39,37,38,38,35,32,32,32,34,33,33,34,33,34,34,35,35,36,36,37,37,35,33,34,33,33,33,33
1,0,0,0,0,0,0,0,0,0,0,0,0,0,0,0,0,0,0,0,0,0,0,0,0,0,0,0,0,0,0,0,0,0,0,0,0,0,0,0,0,0,0,0,0,0,0,0,0,0,0,100,96,95,94,90,90,87,87,88,88,84,84,83,82,80,78,75,73,73,72,72,73,71,71,69,67,66,66,67,65,64,63,62,61,59,61,60,57,57,56,54,51,51,50,48,48,48,47,44,46,48,50,50,49,48,48,47,47,48,47,47,47,48,48,47,49,48,47,48,48,48,47,47,46,45,45,44,45,46,47,48,48,47,47,48,44,43,42,44,45,47,47,46,47,46,47,47,47,46,45,42,41,41,39,39,38,39,39,37,37,39,38,37,37,37,37,36,35,34,36,36,36,36,36,35,36,35,36,34,35,37,35,34,34,34,35,35,34,34,34,34,34,34,33,32,32,33,32,32,33,32
1,0,0,0,0,0,0,0,0,0,0,0,0,0,0,0,0,0,0,0,0,0,0,0,0,0,0,0,0,0,0,0,0,0,0,0,0,0,0,0,0,0,0,0,0,0,0,0,0,0,0,100,98,94,94,93,93,91,90,91,89,86,84,83,83,84,80,78,78,76,76,75,74,74,74,72,70,69,67,67,68,66,66,68,65,64,64,63,64,64,62,62,61,62,60,64,64,65,63,64,63,63,63,61,60,60,60,58,56,57,57,56,56,57,57,57,56,53,53,54,52,51,50,51,50,50,51,52,52,51,49,46,44,45,45,45,42,42,42,43,42,41,39,41,42,43,43,44,44,44,44,44,42,43,44,43,43,44,45,46,46,46,45,46,46,45,45,46,45,44,45,43,42,41,39,41,42,43,44,44,42,41,41,42,43,42,41,39,38,38,36,34,32,31,32,31,30,31,31,32,32,33
1,0,0,0,0,0,0,0,0,0,0,0,0,0,0,0,0,0,0,0,0,0,0,0,0,0,0,0,0,0,0,0,0,0,0,0,0,0,0,0,0,0,0,0,0,0,0,0,0,0,0,100,99,97,95,91,90,86,83,81,79,77,75,72,71,71,71,71,70,68,67,62,62,63,61,60,60,61,59,59,59,56,56,58,59,59,57,57,56,57,58,56,56,54,52,52,52,52,50,49,48,48,48,48,49,49,49,49,48,48,48,49,50,49,50,50,48,48,49,48,48,48,47,49,49,50,50,50,48,49,48,48,47,47,46,45,44,45,45,46,46,45,44,42,41,38,39,39,39,39,38,39,38,36,35,35,35,34,35,37,36,37,38,38,40,41,41,40,39,40,39,40,40,42,43,41,42,42,42,40,42,42,39,39,38,37,36,34,34,33,35,35,35,36,36,36,36,35,34,36,36,36
1,0,0,0,0,0,0,0,0,0,0,0,0,0,0,0,0,0,0,0,0,0,0,0,0,0,0,0,0,0,0,0,0,0,0,0,0,0,0,0,0,0,0,0,0,0,0,0,0,0,0,100,98,97,94,92,90,89,88,87,88,85,82,81,80,81,78,77,76,76,76,73,73,74,74,74,74,71,71,69,67,68,67,67,65,64,63,60,59,59,59,55,56,55,54,53,53,52,51,48,48,47,46,48,49,50,50,52,52,51,51,50,48,47,46,46,46,45,44,44,43,43,42,42,42,42,42,44,44,45,46,45,45,45,44,44,44,44,44,42,42,42,41,41,41,39,38,37,39,37,36,35,34,33,33,31,30,29,28,27,28,29,29,31,31,31,30,30,28,26,26,26,26,26,26,26,28,28,30,29,30,31,30,29,31,31,31,30,30,30,31,29,29,31,30,30,28,28,28,28,28,25
1,0,0,0,0,0,0,0,0,0,0,0,0,0,0,0,0,0,0,0,0,0,0,0,0,0,0,0,0,0,0,0,0,0,0,0,0,0,0,0,0,0,0,0,0,0,0,0,0,0,0,100,99,97,92,89,86,84,84,84,83,83,85,84,83,83,81,77,77,75,73,70,74,73,71,72,71,68,69,69,67,65,64,63,63,61,60,58,59,58,58,58,57,57,56,57,56,55,55,54,53,54,54,55,53,52,50,49,48,48,50,49,49,48,47,45,42,41,42,43,42,44,45,45,45,45,45,44,44,44,44,45,45,44,43,43,41,39,39,39,38,38,38,36,35,32,31,32,32,32,32,32,31,32,34,35,35,33,33,33,31,29,28,30,30,31,32,31,31,28,28,26,26,24,24,24,25,26,28,30,31,31,34,34,33,35,35,34,33,34,32,35,35,36,36,36,36,36,36,36,36,36
1,0,0,0,0,0,0,0,0,0,0,0,0,0,0,0,0,0,0,0,0,0,0,0,0,0,0,0,0,0,0,0,0,0,0,0,0,0,0,0,0,0,0,0,0,0,0,0,0,0,0,100,95,95,93,92,90,88,86,85,85,84,84,81,81,80,78,78,77,78,78,76,77,76,74,72,70,70,69,68,67,67,66,65,65,64,62,62,60,58,56,55,55,57,58,59,58,57,57,56,56,56,55,56,54,52,50,50,48,48,48,46,45,42,43,41,38,41,41,41,41,41,43,43,41,42,40,41,43,42,43,43,43,41,41,42,40,41,39,39,40,41,40,38,36,35,35,36,35,33,33,34,35,36,38,39,39,40,42,42,41,41,39,39,38,38,40,38,39,39,38,38,40,42,42,41,42,43,44,45,45,45,44,45,46,45,45,42,43,44,45,45,45,45,46,43,42,43,44,44,46,46
1,0,0,0,0,0,0,0,0,0,0,0,0,0,0,0,0,0,0,0,0,0,0,0,0,0,0,0,0,0,0,0,0,0,0,0,0,0,0,0,0,0,0,0,0,0,0,0,0,0,0,100,97,94,92,88,82,77,78,77,76,75,75,73,73,73,73,72,73,70,72,72,72,73,72,70,68,67,66,65,62,62,62,62,59,58,59,59,58,59,59,59,59,59,59,59,60,61,61,63,67,64,63,59,60,59,57,58,58,60,61,59,56,56,56,57,57,55,55,54,53,53,54,54,53,53,55,53,52,51,51,51,51,50,50,51,51,49,49,49,48,47,48,47,47,48,47,47,46,47,47,46,44,42,41,41,42,42,40,40,40,39,39,39,37,37,37,38,38,40,40,38,38,38,37,38,37,36,37,36,37,37,38,38,37,36,36,34,35,35,35,34,33,34,31,31,31,30,30,31,29,27
1,0,0,0,0,0,0,0,0,0,0,0,0,0,0,0,0,0,0,0,0,0,0,0,0,0,0,0,0,0,0,0,0,0,0,0,0,0,0,0,0,0,0,0,0,0,0,0,0,0,0,100,99,98,96,93,88,84,83,82,81,81,82,80,80,78,77,77,75,75,72,72,69,67,64,64,65,67,66,66,65,65,65,64,65,64,64,63,61,61,60,60,59,57,57,57,56,53,52,53,53,52,52,52,52,51,50,48,47,47,48,47,48,49,49,47,46,46,45,45,45,45,45,45,45,45,45,45,45,44,43,45,45,43,41,42,40,40,42,44,44,42,42,43,43,43,44,44,44,43,43,43,42,41,41,38,40,39,41,41,40,42,41,41,40,40,39,38,39,38,37,35,34,34,34,34,37,37,39,41,39,39,40,40,41,41,40,39,39,39,39,37,37,35,36,34,35,36,35,35,34,32
1,0,0,0,0,0,0,0,0,0,0,0,0,0,0,0,0,0,0,0,0,0,0,0,0,0,0,0,0,0,0,0,0,0,0,0,0,0,0,0,0,0,0,0,0,0,0,0,0,0,0,100,100,98,95,90,89,89,87,82,81,79,78,72,71,70,68,66,64,59,58,58,58,58,57,56,54,54,54,52,52,52,51,51,49,49,49,50,51,51,50,50,48,48,46,48,48,49,48,49,48,50,49,47,46,46,46,47,47,47,43,43,44,41,40,39,39,42,39,40,40,40,41,43,40,41,39,40,41,40,40,42,41,41,41,40,40,42,42,41,41,40,39,37,35,36,36,37,37,35,35,35,34,35,33,35,34,34,35,35,34,34,36,35,36,36,36,37,35,35,38,38,37,38,39,38,37,35,39,38,39,40,40,39,40,42,42,42,42,42,41,41,41,40,40,39,39,38,37,35,32,30
1,0,0,0,0,0,0,0,0,0,0,0,0,0,0,0,0,0,0,0,0,0,0,0,0,0,0,0,0,0,0,0,0,0,0,0,0,0,0,0,0,0,0,0,0,0,0,0,0,0,0,100,99,98,95,95,93,92,89,88,88,86,86,84,82,79,78,77,75,74,73,72,72,71,67,66,65,63,62,63,63,63,64,64,61,59,59,61,59,62,62,61,59,60,59,56,55,51,50,49,49,48,47,46,47,48,48,46,46,46,43,40,39,40,40,40,39,37,37,38,39,38,40,41,40,40,40,40,40,37,36,36,36,35,36,37,38,38,37,36,37,38,34,34,33,34,33,32,33,33,33,32,31,30,29,29,29,29,29,31,32,33,32,32,32,32,32,30,29,28,28,27,27,26,26,26,26,26,26,26,28,29,29,27,27,28,29,29,28,27,26,24,23,23,22,22,22,22,23,24,25,25
1,0,0,0,0,0,0,0,0,0,0,0,0,0,0,0,0,0,0,0,0,0,0,0,0,0,0,0,0,0,0,0,0,0,0,0,0,0,0,0,0,0,0,0,0,0,0,0,0,0,0,100,99,98,97,94,91,87,83,82,79,76,76,75,75,73,72,72,71,70,70,67,63,66,66,65,68,69,65,64,64,65,67,67,66,67,67,64,64,61,62,60,60,60,59,58,58,59,58,58,59,58,58,57,55,55,57,54,54,52,52,53,53,52,49,48,47,47,47,45,45,45,47,48,48,48,51,50,50,51,50,49,48,48,46,45,45,45,44,44,44,43,41,41,44,42,45,44,43,42,42,41,40,37,39,38,38,37,36,35,33,33,32,32,32,33,33,35,34,33,33,33,34,34,34,34,34,36,35,35,35,37,35,34,33,34,32,33,33,31,31,30,31,31,31,31,31,31,31,30,30,29
1,0,0,0,0,0,0,0,0,0,0,0,0,0,0,0,0,0,0,0,0,0,0,0,0,0,0,0,0,0,0,0,0,0,0,0,0,0,0,0,0,0,0,0,0,0,0,0,0,0,0,100,99,97,96,92,88,88,86,86,85,84,83,84,84,83,82,82,81,80,79,77,73,73,70,69,68,68,66,65,67,66,64,62,63,63,63,64,64,63,62,63,62,63,64,63,63,61,60,59,58,59,59,59,60,62,61,62,63,62,61,62,61,60,61,61,61,60,58,58,57,57,58,57,57,57,56,57,54,53,52,53,53,52,52,54,54,53,54,53,55,53,53,52,52,53,53,52,50,49,47,47,45,44,44,45,41,40,41,42,41,40,39,39,38,36,35,37,37,37,37,36,36,36,37,37,37,36,35,35,34,35,35,35,35,36,38,39,39,39,39,39,39,39,39,40,38,37,35,34,33,35
1,0,0,0,0,0,0,0,0,0,0,0,0,0,0,0,0,0,0,0,0,0,0,0,0,0,0,0,0,0,0,0,0,0,0,0,0,0,0,0,0,0,0,0,0,0,0,0,0,0,0,100,98,94,93,89,87,85,85,86,84,83,83,83,81,80,78,73,70,70,70,69,70,69,67,68,66,64,66,66,65,64,60,59,59,59,61,61,61,64,62,62,59,58,59,60,58,58,59,59,56,53,49,46,46,45,45,45,44,45,45,44,41,40,40,41,42,42,43,43,44,44,43,42,42,40,37,38,35,35,35,35,34,33,30,30,30,31,33,32,32,32,32,31,29,28,28,27,29,27,27,27,26,26,25,24,24,23,22,22,21,20,19,19,21,22,22,25,25,25,25,25,25,25,24,22,23,22,25,25,24,22,24,27,28,28,28,28,26,26,26,24,24,23,23,22,22,22,22,22,22,20
1,0,0,0,0,0,0,0,0,0,0,0,0,0,0,0,0,0,0,0,0,0,0,0,0,0,0,0,0,0,0,0,0,0,0,0,0,0,0,0,0,0,0,0,0,0,0,0,0,0,0,100,99,95,91,90,87,86,87,83,81,81,80,79,78,77,77,74,72,71,70,68,67,67,68,65,63,61,62,62,61,60,59,60,59,60,60,58,58,56,58,58,58,56,56,57,59,59,59,59,58,57,57,57,57,55,55,55,55,54,53,56,55,54,54,54,54,55,54,56,55,55,55,53,50,50,49,49,50,50,50,50,49,50,50,53,53,52,51,51,51,51,51,48,47,46,48,50,50,47,47,45,45,46,46,45,44,44,43,42,41,42,42,41,41,41,40,39,38,40,39,37,36,35,33,33,35,36,37,33,32,31,32,31,32,32,31,29,30,30,29,30,31,32,33,34,34,33,33,33,32,32
1,0,0,0,0,0,0,0,0,0,0,0,0,0,0,0,0,0,0,0,0,0,0,0,0,0,0,0,0,0,0,0,0,0,0,0,0,0,0,0,0,0,0,0,0,0,0,0,0,0,0,100,98,96,94,93,92,91,87,87,87,86,84,83,84,82,81,79,78,77,77,76,75,72,73,72,74,73,71,71,70,67,66,65,67,63,63,62,59,61,61,62,61,62,63,62,57,56,56,56,56,57,57,56,54,54,54,55,54,54,54,53,52,52,51,51,52,52,52,52,52,53,52,53,52,54,53,52,51,52,51,51,50,49,49,49,50,51,50,49,47,47,46,46,45,46,44,43,43,43,43,43,43,43,44,45,45,45,44,41,41,40,40,40,40,40,38,36,37,37,38,37,37,37,37,37,37,38,37,37,36,36,33,33,33,32,32,32,31,31,31,31,33,32,32,31,31,31,31,31,31,31
1,0,0,0,0,0,0,0,0,0,0,0,0,0,0,0,0,0,0,0,0,0,0,0,0,0,0,0,0,0,0,0,0,0,0,0,0,0,0,0,0,0,0,0,0,0,0,0,0,0,0,100,97,96,93,92,92,90,88,86,85,81,81,81,79,80,78,77,77,74,71,72,71,67,64,64,63,63,61,61,61,58,57,56,55,55,57,55,54,52,54,53,53,54,52,53,53,51,53,52,51,51,51,51,53,53,53,53,53,51,50,50,50,51,49,48,50,49,46,44,44,43,43,43,43,41,40,39,37,35,35,35,34,33,34,33,35,33,33,34,34,33,32,31,29,30,31,31,31,30,30,31,33,33,33,33,33,34,33,33,33,31,31,29,28,27,27,27,27,27,27,29,28,27,27,26,26,26,25,24,25,24,23,22,23,20,22,23,23,22,22,20,20,19,18,19,21,21,21,20,22,23
1,0,0,0,0,0,0,0,0,0,0,0,0,0,0,0,0,0,0,0,0,0,0,0,0,0,0,0,0,0,0,0,0,0,0,0,0,0,0,0,0,0,0,0,0,0,0,0,0,0,0,100,96,95,90,88,86,85,82,82,83,83,81,80,80,78,76,76,76,76,76,74,73,73,71,70,70,71,70,70,69,69,67,65,66,64,63,63,60,60,59,57,56,54,54,53,53,53,53,55,54,54,55,55,52,51,52,53,51,51,51,51,49,49,48,49,47,48,48,48,47,46,45,45,46,44,43,44,44,43,42,40,38,38,38,38,38,37,38,39,40,41,40,40,40,40,40,39,40,40,38,37,36,35,34,34,34,34,35,34,34,33,33,33,33,35,35,33,33,33,33,32,31,31,30,31,29,29,30,30,30,29,27,28,28,29,28,29,27,26,25,24,23,22,23,22,21,21,22,23,22,23
1,0,0,0,0,0,0,0,0,0,0,0,0,0,0,0,0,0,0,0,0,0,0,0,0,0,0,0,0,0,0,0,0,0,0,0,0,0,0,0,0,0,0,0,0,0,0,0,0,0,0,100,98,95,94,93,92,90,88,85,81,78,74,72,71,70,71,69,69,67,66,62,61,62,63,62,61,60,59,59,58,55,54,56,56,56,56,56,58,60,57,56,54,54,53,54,55,53,53,53,49,48,48,49,50,50,48,47,47,49,50,48,49,47,47,48,48,46,46,45,45,46,45,47,45,44,42,42,41,41,38,37,38,39,38,37,38,39,41,40,39,39,38,38,37,37,37,37,37,35,34,34,33,34,34,34,34,35,35,35,35,36,36,36,36,36,35,35,35,36,35,36,36,36,35,34,35,34,33,34,33,32,31,31,32,33,35,35,36,36,34,34,34,32,32,31,30,31,32,35,35,34
1,0,0,0,0,0,0,0,0,0,0,0,0,0,0,0,0,0,0,0,0,0,0,0,0,0,0,0,0,0,0,0,0,0,0,0,0,0,0,0,0,0,0,0,0,0,0,0,0,0,0,100,100,96,95,95,93,92,91,87,84,83,83,83,81,82,82,80,79,78,75,74,73,72,70,70,69,69,68,67,66,66,64,64,64,64,63,62,62,62,60,59,57,54,53,50,50,49,47,47,47,47,46,46,47,47,47,48,48,47,47,47,46,45,44,44,43,44,43,43,43,42,39,39,38,39,40,39,39,40,40,39,37,37,36,37,37,37,37,37,35,34,35,33,34,34,35,34,34,35,35,35,34,34,34,34,33,32,32,32,33,31,31,32,33,33,34,34,34,34,34,34,33,34,34,36,37,37,37,38,36,36,36,36,36,38,37,37,37,38,37,37,37,37,37,36,36,35,35,36,36,34
1,0,0,0,0,0,0,0,0,0,0,0,0,0,0,0,0,0,0,0,0,0,0,0,0,0,0,0,0,0,0,0,0,0,0,0,0,0,0,0,0,0,0,0,0,0,0,0,0,0,0,100,98,96,92,91,89,88,88,88,88,87,83,82,79,77,77,74,73,71,70,72,68,67,66,66,64,62,57,58,58,56,56,54,54,52,51,52,52,52,53,54,54,54,52,51,53,53,52,52,52,49,49,50,50,50,48,48,48,48,45,44,45,45,45,43,44,46,47,48,47,49,48,49,49,51,51,52,51,50,48,48,49,49,49,49,46,48,49,48,48,48,47,49,48,47,47,46,47,47,46,46,46,46,46,45,45,45,44,45,46,45,46,44,44,43,42,43,42,41,41,39,40,42,40,40,40,38,38,37,36,38,40,39,39,39,39,38,40,39,39,39,36,37,38,38,35,35,36,36,37,36
1,0,0,0,0,0,0,0,0,0,0,0,0,0,0,0,0,0,0,0,0,0,0,0,0,0,0,0,0,0,0,0,0,0,0,0,0,0,0,0,0,0,0,0,0,0,0,0,0,0,0,100,97,96,95,94,92,90,87,84,83,80,80,79,77,76,75,76,75,74,71,69,68,65,66,65,65,64,64,62,60,62,62,60,61,61,61,61,60,58,57,58,58,59,59,58,57,57,55,55,56,55,54,56,53,51,50,49,50,50,49,48,48,48,48,48,48,47,47,47,45,45,45,45,47,48,48,48,48,47,44,43,45,45,45,43,42,42,40,40,43,41,41,41,44,43,43,42,42,42,42,43,41,41,41,42,42,45,46,46,46,44,44,42,41,41,42,43,43,43,43,44,43,43,42,41,44,43,42,41,42,40,40,41,45,43,43,42,43,41,40,40,39,38,37,36,36,38,40,42,41,42
1,0,0,0,0,0,0,0,0,0,0,0,0,0,0,0,0,0,0,0,0,0,0,0,0,0,0,0,0,0,0,0,0,0,0,0,0,0,0,0,0,0,0,0,0,0,0,0,0,0,0,100,98,93,90,90,88,87,86,85,85,84,81,78,78,77,76,69,69,68,65,63,64,62,60,57,56,57,58,57,56,56,58,56,52,50,50,49,46,44,44,42,41,42,43,41,42,42,41,39,40,40,40,42,42,41,40,39,40,39,38,37,36,35,37,37,40,40,39,40,41,41,41,42,42,42,42,42,43,43,42,39,40,40,39,38,38,38,40,40,39,38,36,34,36,36,34,34,33,32,33,32,31,31,31,30,30,28,27,28,28,29,30,32,32,33,33,33,33,33,35,35,35,35,35,35,35,33,36,36,37,36,35,35,34,33,32,33,33,33,32,32,33,33,33,32,33,34,35,32,30,31
1,0,0,0,0,0,0,0,0,0,0,0,0,0,0,0,0,0,0,0,0,0,0,0,0,0,0,0,0,0,0,0,0,0,0,0,0,0,0,0,0,0,0,0,0,0,0,0,0,0,0,100,100,98,95,91,90,90,89,88,87,86,86,85,85,84,84,84,85,85,84,84,83,83,81,79,78,78,75,74,74,74,73,71,71,69,70,67,65,64,64,63,62,62,61,59,59,61,59,60,57,55,53,50,49,49,48,47,46,47,46,48,47,46,46,45,43,42,41,41,43,43,41,38,38,36,36,36,37,38,39,37,35,35,37,38,37,36,35,36,37,36,37,38,37,39,39,38,39,39,39,37,38,37,37,38,39,41,43,43,43,42,42,42,42,41,42,39,39,38,37,37,36,36,37,36,36,37,37,38,38,38,37,35,36,35,35,36,35,35,36,36,35,36,37,36,36,35,35,32,32,32
1,0,0,0,0,0,0,0,0,0,0,0,0,0,0,0,0,0,0,0,0,0,0,0,0,0,0,0,0,0,0,0,0,0,0,0,0,0,0,0,0,0,0,0,0,0,0,0,0,0,0,100,99,97,96,92,92,91,86,86,85,84,78,78,79,77,76,76,75,74,75,76,75,73,70,69,68,68,66,65,64,63,62,61,63,62,61,60,58,56,55,56,57,57,56,58,57,57,59,58,57,56,56,55,55,55,54,55,55,55,53,52,52,52,51,50,48,43,45,46,45,45,45,44,45,46,47,47,47,46,46,45,45,44,45,45,45,42,41,40,39,38,38,35,35,34,34,35,34,34,33,32,32,32,34,33,33,35,35,34,33,33,35,35,35,33,33,34,34,35,36,36,38,37,37,37,35,35,31,31,31,31,32,33,32,30,30,30,30,31,30,29,29,30,29,30,30,29,33,33,32,33
1,0,0,0,0,0,0,0,0,0,0,0,0,0,0,0,0,0,0,0,0,0,0,0,0,0,0,0,0,0,0,0,0,0,0,0,0,0,0,0,0,0,0,0,0,0,0,0,0,0,0,100,97,96,94,90,88,86,80,79,79,77,76,75,72,68,65,66,64,64,64,63,63,64,66,66,66,66,66,64,63,64,64,65,63,62,63,63,63,61,60,61,59,59,58,53,51,49,49,49,47,45,45,44,46,45,45,45,44,46,45,46,45,45,45,47,47,45,44,46,45,45,44,43,43,42,40,39,39,39,41,42,41,40,40,39,40,39,40,39,35,35,36,36,34,34,35,38,38,40,40,40,40,40,38,39,39,38,41,41,39,40,38,38,38,39,40,39,40,38,39,40,39,39,40,38,38,37,39,38,39,40,40,41,41,41,40,39,38,38,37,36,35,35,36,36,36,37,36,36,35,33
1,0,0,0,0,0,0,0,0,0,0,0,0,0,0,0,0,0,0,0,0,0,0,0,0,0,0,0,0,0,0,0,0,0,0,0,0,0,0,0,0,0,0,0,0,0,0,0,0,0,0,100,99,96,94,93,93,91,89,85,83,83,82,80,79,78,77,77,77,77,75,76,75,76,73,71,70,70,68,67,67,66,66,66,66,67,69,65,66,65,64,64,61,60,59,59,61,58,58,58,56,55,55,55,53,53,51,52,50,49,50,50,48,47,48,47,47,47,46,47,46,43,44,45,45,44,42,41,39,38,39,37,39,38,38,38,38,37,37,37,38,39,35,35,36,37,37,38,37,34,34,32,32,33,33,33,34,34,35,36,36,36,35,33,32,32,33,34,34,34,34,35,36,36,35,34,34,31,30,31,31,31,31,30,30,30,31,29,28,27,30,30,30,30,30,30,27,26,25,25,27,28
1,0,0,0,0,0,0,0,0,0,0,0,0,0,0,0,0,0,0,0,0,0,0,0,0,0,0,0,0,0,0,0,0,0,0,0,0,0,0,0,0,0,0,0,0,0,0,0,0,0,0,100,98,96,94,92,90,89,87,85,84,82,82,81,81,81,81,80,78,79,77,75,73,73,71,70,70,67,66,66,64,64,65,63,62,61,61,62,60,59,58,58,59,59,57,59,58,57,55,56,55,52,54,52,53,52,51,48,48,48,48,50,50,51,52,51,51,51,50,48,47,46,46,46,44,43,43,43,41,41,39,38,35,36,36,35,35,35,37,37,39,38,39,39,39,35,37,38,39,39,41,41,39,37,36,34,32,32,32,33,34,34,35,35,34,36,36,36,34,34,34,34,34,34,34,34,32,31,31,31,31,32,33,34,34,34,34,36,35,33,34,35,35,33,34,34,33,33,33,33,32,30
1,0,0,0,0,0,0,0,0,0,0,0,0,0,0,0,0,0,0,0,0,0,0,0,0,0,0,0,0,0,0,0,0,0,0,0,0,0,0,0,0,0,0,0,0,0,0,0,0,0,0,100,99,98,97,97,97,95,91,91,92,89,88,87,85,83,83,82,79,78,76,74,72,73,74,74,74,74,74,72,70,68,67,66,65,64,62,61,61,60,59,58,59,58,61,62,61,57,57,54,54,52,51,50,49,52,53,52,51,52,53,52,52,52,50,49,47,46,47,47,47,46,44,44,42,41,41,39,40,39,40,41,42,43,43,42,44,40,40,39,40,39,38,40,38,37,37,37,39,37,37,37,39,40,40,41,41,42,41,41,41,42,43,43,41,41,40,41,39,38,38,40,41,40,38,39,41,41,41,41,41,46,43,42,43,44,45,45,43,43,42,42,42,44,41,41,40,40,40,40,40,41
1,0,0,0,0,0,0,0,0,0,0,0,0,0,0,0,0,0,0,0,0,0,0,0,0,0,0,0,0,0,0,0,0,0,0,0,0,0,0,0,0,0,0,0,0,0,0,0,0,0,0,100,98,95,92,90,88,86,84,84,81,78,79,79,79,78,75,75,75,75,74,71,67,65,63,62,62,63,64,62,61,62,63,61,58,58,59,58,57,55,54,54,52,50,50,48,46,44,43,43,41,42,42,43,42,42,42,43,42,42,40,39,39,39,39,37,37,38,35,35,35,36,37,38,37,37,36,35,37,40,40,42,43,43,44,43,46,45,45,44,43,43,43,41,41,41,41,43,45,44,43,42,42,41,38,37,35,34,34,31,33,33,33,33,35,36,36,38,40,41,40,40,39,38,37,36,35,35,33,33,33,33,29,27,27,28,28,28,28,29,29,28,29,29,30,30,30,30,31,31,29,28
1,0,0,0,0,0,0,0,0,0,0,0,0,0,0,0,0,0,0,0,0,0,0,0,0,0,0,0,0,0,0,0,0,0,0,0,0,0,0,0,0,0,0,0,0,0,0,0,0,0,0,100,100,98,97,96,93,91,88,89,89,87,85,84,82,80,79,79,78,77,77,76,75,74,71,70,69,68,67,68,69,68,67,68,69,69,69,70,69,69,68,67,66,67,66,62,61,62,61,60,59,59,58,56,58,59,60,59,59,58,58,58,56,57,53,54,54,53,55,53,52,51,49,49,48,47,47,47,48,47,48,49,48,47,47,49,47,44,45,44,44,45,47,47,47,46,45,44,43,43,44,45,44,43,43,43,43,43,43,42,43,43,44,43,42,41,40,39,38,38,37,37,39,38,40,38,37,37,37,37,37,39,38,39,37,36,37,39,37,35,35,35,33,32,32,30,31,32,32,31,31,33
1,0,0,0,0,0,0,0,0,0,0,0,0,0,0,0,0,0,0,0,0,0,0,0,0,0,0,0,0,0,0,0,0,0,0,0,0,0,0,0,0,0,0,0,0,0,0,0,0,0,0,100,100,97,96,96,91,91,90,88,87,86,84,82,80,79,77,76,75,73,71,70,67,67,66,66,65,64,63,63,64,63,62,62,60,60,61,60,62,61,57,56,57,56,56,58,56,56,54,53,53,54,55,55,56,57,56,55,54,51,52,53,52,51,49,50,52,51,51,50,50,50,50,50,50,50,50,51,51,52,53,52,52,50,48,48,46,46,46,46,46,46,46,46,45,44,43,42,41,41,41,41,39,38,39,39,38,37,38,39,38,39,39,39,41,41,40,39,38,38,38,38,37,37,35,35,33,33,34,34,33,33,31,31,31,33,34,34,33,33,32,32,33,33,32,32,32,32,30,30,30,31
1,0,0,0,0,0,0,0,0,0,0,0,0,0,0,0,0,0,0,0,0,0,0,0,0,0,0,0,0,0,0,0,0,0,0,0,0,0,0,0,0,0,0,0,0,0,0,0,0,0,0,100,97,96,94,92,88,88,86,86,85,83,83,83,84,80,80,80,79,77,77,77,77,76,75,73,74,72,72,71,71,69,71,70,70,70,70,70,67,66,65,65,66,64,64,65,63,63,61,61,61,62,61,60,59,58,58,59,59,58,58,59,58,59,60,60,61,61,61,61,61,60,59,58,57,56,54,54,53,51,48,49,48,48,49,48,46,46,43,43,42,42,42,42,43,42,43,43,43,43,44,44,43,43,43,43,44,44,43,43,43,44,43,46,47,45,45,44,42,42,40,39,39,38,38,38,39,40,40,40,39,39,39,40,40,39,38,38,37,37,36,36,34,35,37,37,36,37,36,34,35,34
1,0,0,0,0,0,0,0,0,0,0,0,0,0,0,0,0,0,0,0,0,0,0,0,0,0,0,0,0,0,0,0,0,0,0,0,0,0,0,0,0,0,0,0,0,0,0,0,0,0,0,100,99,99,95,93,88,85,84,82,76,76,74,72,72,73,71,69,68,68,66,66,64,63,65,67,65,65,62,63,61,60,61,61,61,59,58,58,58,58,58,58,56,55,55,58,60,60,58,56,56,55,54,54,53,53,55,53,52,52,49,49,49,48,46,45,43,41,41,41,39,39,39,39,38,37,36,36,35,34,35,35,35,35,35,36,36,35,34,32,33,32,33,35,36,36,37,37,36,35,35,36,35,34,34,31,30,30,33,31,31,31,31,31,31,30,31,31,31,31,30,29,28,28,28,28,28,29,28,27,27,28,27,27,26,26,26,27,27,27,26,25,26,26,26,27,28,27,26,27,26,27
1,0,0,0,0,0,0,0,0,0,0,0,0,0,0,0,0,0,0,0,0,0,0,0,0,0,0,0,0,0,0,0,0,0,0,0,0,0,0,0,0,0,0,0,0,0,0,0,0,0,0,100,96,94,94,93,91,89,88,86,86,86,84,84,81,79,79,78,75,72,70,72,73,73,74,73,73,72,73,68,69,67,68,68,69,68,66,67,68,69,69,69,69,70,67,66,64,62,62,60,58,55,54,53,54,54,54,55,55,50,48,45,46,47,47,47,47,45,43,44,42,41,42,43,42,41,41,41,40,42,41,41,40,41,41,42,41,39,36,39,38,36,36,36,36,37,39,37,38,38,37,35,37,36,35,37,37,36,38,37,36,36,34,32,33,34,34,35,35,34,34,33,33,31,32,32,30,29,27,27,26,28,28,28,26,27,27,27,28,27,27,28,29,29,30,30,28,28,27,27,28,28
1,0,0,0,0,0,0,0,0,0,0,0,0,0,0,0,0,0,0,0,0,0,0,0,0,0,0,0,0,0,0,0,0,0,0,0,0,0,0,0,0,0,0,0,0,0,0,0,0,0,0,100,93,93,93,92,91,89,85,84,84,82,80,79,80,77,74,75,74,73,73,73,72,70,70,70,69,67,67,66,67,66,66,65,64,61,59,59,59,57,57,55,55,55,55,55,54,54,52,49,49,50,49,49,49,49,48,48,47,45,44,43,42,43,41,40,43,43,43,43,43,44,44,43,43,44,45,44,44,44,44,43,44,44,44,44,45,45,45,44,44,44,42,42,41,43,43,42,42,42,41,43,43,42,42,42,39,39,36,36,36,37,37,37,38,37,38,37,37,36,35,37,36,36,36,35,34,33,33,35,35,35,35,35,34,34,34,34,34,34,36,36,35,35,34,33,33,32,32,32,33,33
1,0,0,0,0,0,0,0,0,0,0,0,0,0,0,0,0,0,0,0,0,0,0,0,0,0,0,0,0,0,0,0,0,0,0,0,0,0,0,0,0,0,0,0,0,0,0,0,0,0,0,100,99,97,95,95,92,92,91,91,89,88,88,83,83,83,81,81,79,77,75,73,70,69,69,69,70,70,68,66,65,66,64,63,64,64,62,62,61,59,55,54,54,54,55,55,55,55,53,54,53,52,50,52,52,51,51,51,49,47,46,47,48,49,49,50,49,47,49,48,47,46,46,46,45,46,44,42,41,40,38,39,37,38,38,40,41,41,41,40,39,39,38,37,37,35,35,35,34,36,37,37,38,38,39,38,35,35,35,35,34,35,34,35,36,36,36,36,37,36,36,34,34,34,34,33,34,33,33,33,31,32,32,33,33,32,32,31,31,30,31,31,31,31,31,31,31,30,30,31,32,31
1,0,0,0,0,0,0,0,0,0,0,0,0,0,0,0,0,0,0,0,0,0,0,0,0,0,0,0,0,0,0,0,0,0,0,0,0,0,0,0,0,0,0,0,0,0,0,0,0,0,0,100,97,97,91,89,89,85,86,87,87,87,84,84,81,80,78,77,77,76,76,74,74,70,71,69,67,66,65,65,65,66,65,64,64,64,65,62,61,59,60,62,59,58,59,59,59,59,60,58,58,56,55,56,56,55,54,54,54,55,55,55,54,54,55,55,54,52,51,52,53,52,54,52,52,52,50,49,49,49,47,46,46,44,43,43,41,41,39,39,40,40,40,38,38,37,39,37,40,40,37,39,39,39,41,42,40,38,38,37,38,38,39,39,38,38,37,37,38,38,38,38,37,38,37,38,38,39,37,36,36,36,35,35,34,34,33,34,34,35,36,34,34,35,34,31,32,30,29,29,31,29
1,0,0,0,0,0,0,0,0,0,0,0,0,0,0,0,0,0,0,0,0,0,0,0,0,0,0,0,0,0,0,0,0,0,0,0,0,0,0,0,0,0,0,0,0,0,0,0,0,0,0,100,97,97,98,93,90,89,87,85,83,83,81,80,79,77,75,76,76,73,71,69,69,69,70,69,67,68,66,62,64,64,63,62,59,57,55,55,56,57,55,53,54,54,55,55,53,54,58,56,56,56,56,54,54,54,52,53,53,52,49,47,46,45,45,45,45,45,44,44,45,42,42,41,39,40,41,43,42,43,42,42,41,40,39,40,41,42,41,41,40,40,41,40,41,41,41,41,42,42,44,44,44,40,40,41,40,40,41,41,42,42,43,44,44,43,42,40,40,39,39,39,41,41,41,42,43,43,40,39,37,37,37,36,35,35,38,38,39,38,38,36,36,36,35,35,34,34,33,33,33,36
1,0,0,0,0,0,0,0,0,0,0,0,0,0,0,0,0,0,0,0,0,0,0,0,0,0,0,0,0,0,0,0,0,0,0,0,0,0,0,0,0,0,0,0,0,0,0,0,0,0,0,100,98,96,95,94,93,91,88,86,85,85,82,82,78,78,75,72,70,69,70,67,66,67,67,66,66,65,64,63,61,60,57,55,53,55,55,56,56,57,57,57,55,56,56,57,56,54,54,54,53,52,51,52,53,53,53,53,53,53,52,53,52,53,52,50,50,47,47,48,46,46,44,46,45,45,45,45,46,46,45,43,43,41,43,42,42,41,41,41,39,38,38,38,35,34,35,36,36,35,34,34,33,34,33,34,36,37,37,39,38,38,38,39,38,40,39,39,39,40,41,41,40,39,38,37,37,35,34,34,36,35,37,37,38,37,38,39,39,39,39,39,38,39,39,39,37,38,38,39,38,36
1,0,0,0,0,0,0,0,0,0,0,0,0,0,0,0,0,0,0,0,0,0,0,0,0,0,0,0,0,0,0,0,0,0,0,0,0,0,0,0,0,0,0,0,0,0,0,0,0,0,0,100,100,97,96,96,94,93,92,87,82,82,81,80,79,77,73,70,68,66,66,65,64,62,64,63,62,61,61,61,63,63,61,62,58,56,52,53,52,52,51,50,52,52,50,51,50,51,51,50,51,52,52,52,53,50,49,50,49,47,46,46,46,45,44,45,45,43,42,42,42,42,42,42,42,43,42,43,43,43,43,41,39,39,38,38,37,37,37,37,38,38,38,39,39,40,40,40,41,43,43,44,44,42,41,39,39,37,37,36,37,37,37,35,33,33,34,34,34,34,35,36,36,36,34,35,36,36,37,36,35,35,35,37,38,37,37,37,37,36,35,36,35,35,34,34,33,32,30,30,30,29
1,0,0,0,0,0,0,0,0,0,0,0,0,0,0,0,0,0,0,0,0,0,0,0,0,0,0,0,0,0,0,0,0,0,0,0,0,0,0,0,0,0,0,0,0,0,0,0,0,0,0,100,99,97,97,96,93,92,92,92,92,91,89,89,89,89,88,85,81,82,84,84,83,81,80,78,76,75,74,73,74,71,67,67,66,66,66,64,63,63,62,61,59,57,57,56,56,56,54,53,53,54,54,54,53,53,53,52,52,54,51,51,50,49,48,47,48,47,47,47,44,43,42,43,44,45,46,49,49,49,47,46,48,44,43,42,41,41,41,43,43,42,41,41,40,40,40,40,39,38,39,40,40,39,41,41,41,41,40,39,39,40,40,40,40,40,39,39,40,41,41,40,40,38,39,39,39,39,42,40,41,41,42,42,42,42,42,41,39,37,36,36,37,35,34,32,32,33,33,34,35,33
1,0,0,0,0,0,0,0,0,0,0,0,0,0,0,0,0,0,0,0,0,0,0,0,0,0,0,0,0,0,0,0,0,0,0,0,0,0,0,0,0,0,0,0,0,0,0,0,0,0,0,100,98,95,95,93,91,89,89,86,85,82,82,79,76,77,75,74,73,72,71,71,72,70,68,66,66,66,64,64,64,64,62,62,61,59,57,57,58,57,56,57,55,56,56,55,54,53,52,52,51,52,51,50,50,49,53,52,52,52,53,52,51,50,49,48,48,48,48,46,46,45,47,47,47,46,46,46,46,47,47,46,46,45,45,44,45,45,45,45,44,43,43,41,40,40,39,39,38,37,38,37,37,36,36,32,31,30,31,32,32,32,32,33,33,33,31,31,32,31,29,30,29,30,30,31,31,31,31,31,31,29,28,28,27,26,27,28,27,27,27,26,25,26,26,27,28,28,30,29,29,27
1,0,0,0,0,0,0,0,0,0,0,0,0,0,0,0,0,0,0,0,0,0,0,0,0,0,0,0,0,0,0,0,0,0,0,0,0,0,0,0,0,0,0,0,0,0,0,0,0,0,0,100,100,96,96,92,91,91,90,89,87,87,85,82,81,78,77,75,72,68,68,67,66,66,66,65,67,66,66,63,61,57,55,55,54,52,51,50,50,52,52,52,50,49,51,51,51,52,51,50,50,48,47,47,48,46,47,46,45,44,45,45,42,44,44,42,42,43,42,43,42,43,42,42,41,41,41,41,42,41,41,39,40,39,39,37,37,38,38,38,39,38,38,38,38,38,39,38,38,40,40,39,39,39,38,39,39,40,39,37,36,36,37,36,34,34,36,35,33,33,33,33,31,30,30,29,29,29,30,31,30,31,32,32,33,33,30,30,31,31,30,30,30,31,32,32,32,31,31,32,31,31
1,0,0,0,0,0,0,0,0,0,0,0,0,0,0,0,0,0,0,0,0,0,0,0,0,0,0,0,0,0,0,0,0,0,0,0,0,0,0,0,0,0,0,0,0,0,0,0,0,0,0,100,97,95,93,92,92,91,88,85,83,84,84,82,81,79,78,78,78,78,77,76,75,74,72,71,72,71,71,70,69,67,66,64,65,64,62,62,61,61,59,59,58,56,55,53,51,49,49,47,46,47,47,45,45,45,45,45,46,45,46,45,47,46,46,45,44,43,41,40,41,40,39,39,37,37,38,38,38,37,38,38,37,39,39,39,39,39,40,38,39,41,41,41,42,44,45,43,41,41,41,41,42,42,44,43,43,42,41,38,40,40,42,42,43,43,45,44,43,43,44,42,41,41,41,43,43,42,42,41,41,41,40,38,39,39,38,38,39,39,37,37,36,35,35,35,34,32,31,31,33,34
1,0,0,0,0,0,0,0,0,0,0,0,0,0,0,0,0,0,0,0,0,0,0,0,0,0,0,0,0,0,0,0,0,0,0,0,0,0,0,0,0,0,0,0,0,0,0,0,0,0,0,100,99,96,95,92,93,87,87,84,80,77,76,76,76,74,72,72,72,70,70,67,63,63,64,63,61,61,60,60,60,60,58,58,57,56,54,54,53,51,53,53,53,52,49,49,49,46,47,49,49,49,49,48,48,46,46,46,46,44,44,44,43,43,44,43,43,44,44,43,42,41,39,39,40,40,42,42,44,44,44,43,44,45,46,46,46,47,47,46,46,47,48,47,45,43,42,43,42,41,41,42,42,43,43,45,45,46,45,45,48,47,48,48,49,49,47,47,45,44,44,42,39,38,38,40,39,39,38,37,36,35,35,35,35,35,35,34,33,32,32,31,31,30,30,32,34,35,35,35,36,37
1,0,0,0,0,0,0,0,0,0,0,0,0,0,0,0,0,0,0,0,0,0,0,0,0,0,0,0,0,0,0,0,0,0,0,0,0,0,0,0,0,0,0,0,0,0,0,0,0,0,0,100,99,99,96,93,89,88,86,83,79,79,78,77,77,76,76,76,74,69,66,65,65,63,63,61,62,61,60,60,59,58,58,58,57,54,54,51,51,48,47,48,46,45,45,46,46,47,46,47,50,49,49,49,49,48,46,45,42,41,41,41,39,38,38,38,37,37,37,39,39,38,38,39,37,36,36,36,36,36,36,35,34,34,34,36,37,35,33,33,33,34,35,35,36,34,34,35,34,33,32,30,30,29,28,28,28,26,25,25,26,26,25,25,23,24,25,26,27,27,27,27,27,27,26,25,25,26,26,24,25,25,25,27,28,28,28,27,28,27,26,26,27,26,27,27,26,26,26,26,28,28
1,0,0,0,0,0,0,0,0,0,0,0,0,0,0,0,0,0,0,0,0,0,0,0,0,0,0,0,0,0,0,0,0,0,0,0,0,0,0,0,0,0,0,0,0,0,0,0,0,0,0,100,98,98,97,97,97,95,94,92,90,88,88,84,83,81,80,79,75,73,72,72,71,72,72,71,70,68,67,69,67,66,64,63,63,62,64,64,63,65,64,65,62,62,62,61,62,61,61,60,60,57,55,55,55,55,53,52,52,52,52,53,52,51,50,50,51,49,47,47,48,48,45,43,41,38,39,38,38,39,40,39,38,40,38,38,38,37,37,38,37,37,37,36,37,37,38,37,39,39,40,39,39,38,39,39,40,40,38,40,41,41,42,42,43,44,44,44,44,43,45,45,44,44,45,45,43,41,40,40,40,41,40,38,38,36,35,35,33,35,33,33,32,30,29,31,31,30,32,33,33,31
1,0,0,0,0,0,0,0,0,0,0,0,0,0,0,0,0,0,0,0,0,0,0,0,0,0,0,0,0,0,0,0,0,0,0,0,0,0,0,0,0,0,0,0,0,0,0,0,0,0,0,100,99,96,95,94,94,93,92,91,89,86,85,84,81,81,79,80,79,79,79,77,75,74,73,72,71,69,69,67,63,62,61,61,62,63,61,61,61,60,58,58,59,59,61,60,60,58,57,59,60,59,59,61,61,60,61,60,58,57,60,59,60,61,61,60,58,59,54,53,52,50,51,51,50,50,49,49,48,49,49,50,49,46,46,47,47,47,47,47,47,46,46,46,44,43,43,44,43,44,45,44,44,47,45,44,45,44,44,45,46,45,44,42,41,40,41,40,40,41,40,40,41,41,41,43,43,43,43,43,45,45,45,43,44,44,44,46,46,45,44,44,44,41,41,41,40,41,40,40,40,39
1,0,0,0,0,0,0,0,0,0,0,0,0,0,0,0,0,0,0,0,0,0,0,0,0,0,0,0,0,0,0,0,0,0,0,0,0,0,0,0,0,0,0,0,0,0,0,0,0,0,0,100,99,97,95,95,94,93,92,89,87,86,84,83,82,81,82,82,80,78,77,77,73,71,71,71,70,69,69,67,67,67,66,65,65,65,63,65,65,65,64,62,63,63,62,61,58,58,58,60,59,57,57,57,55,57,55,54,56,54,54,52,52,50,51,50,50,50,51,48,46,46,43,43,43,44,44,44,44,43,42,43,43,42,42,41,41,40,40,41,42,42,41,42,43,41,41,40,39,38,39,40,40,42,41,41,42,42,42,42,41,41,39,37,37,37,36,37,38,37,37,36,36,36,37,37,37,37,37,37,36,35,37,39,39,40,39,38,37,38,38,37,36,36,37,37,38,38,38,37,38,38
1,0,0,0,0,0,0,0,0,0,0,0,0,0,0,0,0,0,0,0,0,0,0,0,0,0,0,0,0,0,0,0,0,0,0,0,0,0,0,0,0,0,0,0,0,0,0,0,0,0,0,100,97,95,95,91,91,89,88,86,83,82,79,81,81,79,79,78,78,77,77,76,75,73,73,71,70,69,70,67,66,64,61,59,59,58,58,55,52,50,51,51,52,52,50,47,50,50,51,50,51,51,49,49,50,51,53,54,54,53,52,53,53,53,53,53,53,54,53,53,54,54,52,53,54,54,54,57,57,55,55,54,53,55,56,54,54,54,53,51,50,50,50,48,49,47,48,48,47,46,41,40,42,42,42,40,41,39,39,38,39,38,41,40,38,39,38,38,38,38,39,40,40,40,38,36,36,37,38,38,39,39,38,37,36,37,38,38,38,40,40,39,39,39,39,39,40,40,39,38,38,38
1,0,0,0,0,0,0,0,0,0,0,0,0,0,0,0,0,0,0,0,0,0,0,0,0,0,0,0,0,0,0,0,0,0,0,0,0,0,0,0,0,0,0,0,0,0,0,0,0,0,0,100,98,97,93,93,92,90,88,86,84,82,82,80,78,78,78,75,74,72,72,72,70,71,69,69,69,67,67,64,62,61,59,60,61,62,61,62,58,58,57,56,56,54,55,57,54,49,49,48,49,47,44,45,45,46,44,45,46,46,44,45,47,46,46,46,46,43,42,43,44,45,47,48,49,49,46,45,47,47,47,47,46,44,44,42,41,41,40,39,40,40,42,41,41,41,41,42,40,40,39,37,37,36,35,38,38,37,39,37,39,38,36,34,34,34,36,37,36,36,35,36,36,36,36,35,35,33,33,32,31,31,31,31,31,30,29,29,28,29,29,29,29,28,30,29,29,29,29,30,32,31
1,0,0,0,0,0,0,0,0,0,0,0,0,0,0,0,0,0,0,0,0,0,0,0,0,0,0,0,0,0,0,0,0,0,0,0,0,0,0,0,0,0,0,0,0,0,0,0,0,0,0,100,98,95,90,89,88,88,85,84,83,81,82,81,79,77,77,76,76,76,76,75,75,75,75,73,71,71,71,71,70,67,65,65,66,67,67,65,64,63,63,63,63,61,61,59,58,57,57,57,57,56,54,53,53,53,52,50,50,49,48,48,48,46,45,45,44,43,42,43,44,46,44,45,45,46,45,44,44,43,44,44,45,45,44,43,44,45,43,43,43,42,43,43,43,40,43,43,43,43,43,41,40,40,41,41,40,40,36,36,33,32,35,35,36,38,39,39,38,39,39,40,41,41,41,39,39,39,38,37,37,33,33,34,34,34,33,34,34,34,34,33,33,33,33,32,32,33,32,32,32,32
1,0,0,0,0,0,0,0,0,0,0,0,0,0,0,0,0,0,0,0,0,0,0,0,0,0,0,0,0,0,0,0,0,0,0,0,0,0,0,0,0,0,0,0,0,0,0,0,0,0,0,100,98,97,95,93,90,88,85,82,82,77,77,75,74,70,69,68,68,68,64,63,65,65,66,63,64,62,58,57,59,59,61,61,58,57,58,56,58,56,55,52,52,52,52,53,54,55,54,54,54,53,54,53,53,51,51,50,49,49,50,51,49,50,47,47,47,48,49,48,48,47,48,48,46,45,46,44,45,45,44,43,42,44,43,42,44,43,43,41,41,41,41,41,40,39,38,39,37,36,37,36,35,34,34,34,35,36,36,37,37,37,36,36,36,36,35,39,36,37,38,37,39,39,40,41,40,38,36,36,35,36,35,35,35,34,34,34,33,33,33,33,32,32,30,29,30,30,31,30,30,29
1,0,0,0,0,0,0,0,0,0,0,0,0,0,0,0,0,0,0,0,0,0,0,0,0,0,0,0,0,0,0,0,0,0,0,0,0,0,0,0,0,0,0,0,0,0,0,0,0,0,0,100,100,100,96,92,91,88,87,85,83,80,80,80,80,75,74,72,70,70,70,67,68,65,67,66,67,67,66,63,61,61,60,59,56,58,58,58,57,56,56,56,55,54,53,52,50,50,49,49,47,46,47,46,45,44,44,45,44,44,44,42,42,41,43,43,43,43,43,43,43,44,42,41,40,38,37,36,37,39,38,39,38,38,40,42,43,42,42,42,41,40,40,40,42,41,41,41,41,42,41,42,43,41,40,37,37,37,37,36,35,37,35,35,34,34,33,33,33,33,35,35,36,36,36,35,35,35,34,32,33,35,35,34,33,33,33,31,30,29,29,29,29,27,28,28,27,27,27,28,28,29
1,0,0,0,0,0,0,0,0,0,0,0,0,0,0,0,0,0,0,0,0,0,0,0,0,0,0,0,0,0,0,0,0,0,0,0,0,0,0,0,0,0,0,0,0,0,0,0,0,0,0,100,96,96,94,95,93,93,91,88,87,85,83,83,82,81,79,79,79,79,76,77,75,75,73,71,71,70,71,68,66,68,66,65,65,66,63,62,60,61,61,61,60,58,58,58,59,57,56,55,54,56,56,55,54,54,54,50,47,45,47,46,45,44,42,42,44,44,44,45,45,44,42,41,41,40,39,38,38,38,38,37,37,38,39,38,35,35,37,37,37,38,38,40,40,39,40,40,39,39,40,39,39,40,37,36,37,37,38,38,39,36,34,32,34,35,34,34,35,33,33,33,31,31,31,30,30,30,29,28,28,28,28,27,27,29,28,27,27,28,27,27,28,26,27,27,27,28,28,28,28,28
1,0,0,0,0,0,0,0,0,0,0,0,0,0,0,0,0,0,0,0,0,0,0,0,0,0,0,0,0,0,0,0,0,0,0,0,0,0,0,0,0,0,0,0,0,0,0,0,0,0,0,100,98,97,97,96,95,95,94,91,90,92,90,87,86,85,83,79,77,74,73,72,70,70,67,67,66,66,64,63,61,59,60,62,61,58,59,58,58,58,58,58,56,54,54,52,52,52,50,46,47,44,43,44,46,46,46,46,46,46,42,41,43,43,42,41,43,42,41,41,41,43,43,43,43,42,43,44,45,46,46,46,46,48,47,47,45,44,43,43,42,42,41,42,42,42,42,41,40,40,39,38,39,38,38,37,36,35,34,36,34,34,34,33,33,32,33,34,36,37,33,33,32,32,33,34,35,35,35,32,32,33,34,33,31,32,30,31,30,30,30,31,30,30,30,30,29,30,30,31,31,31
1,0,0,0,0,0,0,0,0,0,0,0,0,0,0,0,0,0,0,0,0,0,0,0,0,0,0,0,0,0,0,0,0,0,0,0,0,0,0,0,0,0,0,0,0,0,0,0,0,0,0,100,99,97,96,94,93,91,91,90,86,83,83,82,81,79,79,80,80,79,77,74,74,73,70,70,68,66,64,63,61,61,61,62,59,58,56,54,51,51,50,50,50,50,50,52,52,53,53,50,48,46,45,45,47,48,50,50,51,52,51,50,47,47,46,46,45,45,45,44,42,44,45,47,44,44,44,44,43,41,39,39,39,39,39,39,38,38,38,38,39,40,40,40,40,42,42,42,44,43,42,40,39,40,41,42,40,41,37,36,37,39,39,38,37,38,38,37,37,38,38,37,37,35,36,35,35,35,35,36,35,37,38,38,38,38,39,36,36,36,35,36,34,36,35,36,36,39,38,38,37,35
1,0,0,0,0,0,0,0,0,0,0,0,0,0,0,0,0,0,0,0,0,0,0,0,0,0,0,0,0,0,0,0,0,0,0,0,0,0,0,0,0,0,0,0,0,0,0,0,0,0,0,100,100,100,98,95,94,94,92,91,91,91,87,87,85,85,82,78,78,75,75,73,70,69,71,70,70,67,68,68,67,67,67,67,65,63,63,62,60,59,56,55,54,55,55,55,54,52,50,49,50,49,47,47,46,46,47,48,48,50,51,51,49,47,50,51,50,49,47,48,47,48,48,48,48,46,45,44,43,43,43,41,39,37,36,37,37,35,35,36,38,38,39,41,40,40,42,40,40,43,40,41,42,43,42,41,41,42,41,42,42,44,45,46,46,45,42,43,44,43,43,43,42,40,39,38,38,38,36,37,37,36,36,36,36,37,37,37,36,35,36,36,35,35,35,36,36,36,37,35,34,33
1,0,0,0,0,0,0,0,0,0,0,0,0,0,0,0,0,0,0,0,0,0,0,0,0,0,0,0,0,0,0,0,0,0,0,0,0,0,0,0,0,0,0,0,0,0,0,0,0,0,0,100,97,95,95,93,90,86,86,83,83,81,81,80,79,75,71,72,72,71,72,71,70,69,66,63,63,64,65,64,64,64,62,63,64,63,64,64,64,65,65,64,61,59,60,60,59,59,59,60,57,56,56,56,54,53,51,48,47,45,45,43,42,39,39,38,36,35,38,38,37,36,36,35,36,37,35,35,34,35,34,33,33,31,31,32,33,33,33,33,35,34,34,34,33,33,34,34,34,34,34,34,34,34,34,33,29,29,29,29,31,31,32,33,33,32,31,32,32,34,35,37,35,36,36,35,36,36,36,35,34,34,33,34,32,33,33,33,32,32,33,34,34,35,33,32,31,31,31,30,30,31
1,0,0,0,0,0,0,0,0,0,0,0,0,0,0,0,0,0,0,0,0,0,0,0,0,0,0,0,0,0,0,0,0,0,0,0,0,0,0,0,0,0,0,0,0,0,0,0,0,0,0,100,99,96,94,94,92,90,89,89,89,89,89,87,87,86,85,85,84,83,81,78,77,76,72,70,67,67,68,65,64,64,64,63,61,61,60,60,58,58,58,58,55,53,53,53,53,52,52,50,49,50,50,51,51,50,48,46,45,44,44,44,46,45,44,44,44,41,41,41,41,41,43,43,43,44,44,45,45,43,41,42,42,43,42,43,43,43,43,41,38,38,38,37,37,36,36,36,37,35,35,33,33,35,35,37,38,39,39,39,36,36,36,37,36,35,34,32,33,32,33,33,31,31,31,32,32,33,34,34,35,34,33,33,33,30,30,28,28,28,28,28,28,27,26,27,27,30,29,29,29,28
1,0,0,0,0,0,0,0,0,0,0,0,0,0,0,0,0,0,0,0,0,0,0,0,0,0,0,0,0,0,0,0,0,0,0,0,0,0,0,0,0,0,0,0,0,0,0,0,0,0,0,100,94,90,90,89,89,89,90,90,90,90,90,89,89,88,88,86,85,84,83,83,78,77,76,76,76,77,74,74,72,72,70,69,68,66,64,65,65,66,66,64,60,61,61,61,61,61,60,54,55,56,54,55,56,57,55,55,55,55,56,56,54,54,53,51,52,53,52,53,51,51,52,51,51,51,50,47,47,47,47,46,45,46,46,46,46,46,46,45,46,45,46,46,46,46,46,47,45,44,45,45,42,43,41,41,39,40,40,39,38,38,38,37,35,34,34,32,31,32,31,31,31,31,33,33,33,33,33,33,32,32,30,31,31,31,30,30,30,30,31,30,29,29,29,28,27,26,27,29,28,25
1,0,0,0,0,0,0,0,0,0,0,0,0,0,0,0,0,0,0,0,0,0,0,0,0,0,0,0,0,0,0,0,0,0,0,0,0,0,0,0,0,0,0,0,0,0,0,0,0,0,0,100,99,98,96,95,91,89,87,86,86,85,85,83,83,82,82,83,82,80,79,79,79,79,78,77,74,74,74,74,74,74,73,72,72,70,69,67,66,65,64,67,66,64,65,63,63,63,63,64,62,63,62,63,63,63,62,61,61,60,58,58,58,59,58,59,57,56,56,55,54,55,55,51,50,47,48,45,47,46,46,46,46,45,44,43,42,41,41,38,37,38,37,39,40,40,41,39,38,38,39,39,38,37,37,37,36,37,36,36,35,35,34,33,33,33,33,32,31,30,30,32,33,34,34,34,33,32,31,31,31,30,32,32,31,32,31,31,31,29,30,30,30,30,29,27,27,28,27,27,27,27
1,0,0,0,0,0,0,0,0,0,0,0,0,0,0,0,0,0,0,0,0,0,0,0,0,0,0,0,0,0,0,0,0,0,0,0,0,0,0,0,0,0,0,0,0,0,0,0,0,0,0,100,98,93,92,92,90,89,87,85,83,80,77,75,75,74,74,74,72,71,71,71,69,68,66,67,67,66,65,61,61,60,59,59,60,57,55,53,53,51,50,51,51,51,51,51,50,49,50,51,51,49,49,49,49,48,49,49,49,50,50,50,49,50,49,48,47,45,46,47,45,45,44,44,46,45,45,42,42,43,45,46,46,44,44,43,42,42,42,40,41,41,41,41,39,38,38,36,38,40,39,40,38,36,37,38,37,37,36,36,36,39,40,39,39,39,41,38,39,39,38,38,38,39,38,37,37,37,36,34,33,32,33,33,34,34,36,37,35,35,35,35,35,37,36,36,37,37,36,35,36,36
1,0,0,0,0,0,0,0,0,0,0,0,0,0,0,0,0,0,0,0,0,0,0,0,0,0,0,0,0,0,0,0,0,0,0,0,0,0,0,0,0,0,0,0,0,0,0,0,0,0,0,100,96,94,92,94,93,93,92,90,86,85,84,82,81,80,79,79,78,78,77,77,77,75,75,77,75,73,72,70,67,65,66,65,65,63,62,63,64,63,64,62,62,62,62,61,59,58,58,58,54,52,52,52,50,51,50,50,51,51,52,51,51,49,50,47,48,48,48,48,50,49,49,49,47,46,46,46,45,45,45,43,44,44,45,46,46,46,46,47,45,43,43,44,43,44,42,41,41,41,41,42,42,42,41,39,39,39,39,39,39,39,39,36,35,34,34,33,32,32,33,33,32,32,32,31,31,30,30,30,29,29,29,27,26,26,27,25,25,26,26,28,29,30,31,31,31,30,30,29,29,28
1,0,0,0,0,0,0,0,0,0,0,0,0,0,0,0,0,0,0,0,0,0,0,0,0,0,0,0,0,0,0,0,0,0,0,0,0,0,0,0,0,0,0,0,0,0,0,0,0,0,0,100,95,95,93,92,87,86,84,82,79,79,77,74,71,71,73,72,68,68,67,65,64,65,65,66,67,66,65,64,64,63,61,62,59,59,57,55,56,55,55,55,54,49,50,51,50,48,47,46,47,48,48,47,48,47,47,47,46,44,42,40,41,39,39,38,39,39,36,36,38,40,40,39,38,41,41,42,41,44,46,46,46,45,45,46,46,44,43,43,42,42,39,40,38,37,34,34,36,36,38,37,36,36,36,36,37,38,37,36,35,35,35,36,36,37,37,38,41,40,40,39,41,41,40,42,43,44,44,42,42,41,40,41,41,41,40,41,42,41,40,40,43,43,43,41,41,42,41,41,40,40
1,0,0,0,0,0,0,0,0,0,0,0,0,0,0,0,0,0,0,0,0,0,0,0,0,0,0,0,0,0,0,0,0,0,0,0,0,0,0,0,0,0,0,0,0,0,0,0,0,0,0,100,98,95,94,91,88,86,85,83,82,82,80,77,76,73,74,74,71,70,70,72,73,71,69,66,67,64,64,63,62,60,59,57,56,56,57,56,54,54,53,52,51,52,52,51,51,50,53,53,53,58,58,58,56,57,58,55,54,53,53,52,52,52,53,54,53,52,52,51,50,50,49,47,48,49,48,48,49,48,46,45,42,41,39,39,41,38,36,32,33,33,33,33,33,34,34,34,34,33,33,33,33,31,32,32,31,33,34,35,34,34,34,36,36,36,36,37,37,37,35,34,31,31,29,27,27,25,24,24,24,23,24,25,25,25,24,22,22,23,22,24,24,24,22,22,23,23,23,24,23,23
1,0,0,0,0,0,0,0,0,0,0,0,0,0,0,0,0,0,0,0,0,0,0,0,0,0,0,0,0,0,0,0,0,0,0,0,0,0,0,0,0,0,0,0,0,0,0,0,0,0,0,100,100,99,95,92,89,89,86,84,85,83,81,80,78,76,76,76,74,71,68,68,66,64,65,65,66,65,65,63,61,58,55,54,55,54,57,58,58,57,58,57,57,57,57,56,55,55,53,53,54,53,53,54,54,53,53,54,54,54,54,54,53,53,51,53,52,52,50,49,51,51,51,51,52,51,50,51,51,52,52,52,51,51,50,48,47,47,48,48,49,48,47,47,42,40,40,41,39,40,39,40,41,41,39,38,39,39,39,37,36,36,34,35,35,35,35,37,38,38,38,39,38,39,38,37,37,37,36,37,38,38,39,39,38,39,38,37,37,36,36,36,34,35,36,35,36,35,34,34,32,34
1,0,0,0,0,0,0,0,0,0,0,0,0,0,0,0,0,0,0,0,0,0,0,0,0,0,0,0,0,0,0,0,0,0,0,0,0,0,0,0,0,0,0,0,0,0,0,0,0,0,0,100,98,94,92,91,91,89,88,86,83,82,81,76,76,76,75,71,71,67,65,63,62,61,61,61,60,60,58,56,55,54,53,54,55,53,51,48,50,49,48,46,44,45,45,43,43,45,44,44,44,44,43,43,43,44,44,44,43,42,43,41,41,41,40,39,38,37,37,37,38,38,40,39,37,37,36,34,34,32,33,35,34,33,35,35,34,35,36,35,34,33,31,31,31,31,30,31,29,30,30,30,28,28,28,31,33,33,31,32,28,28,27,25,26,25,25,25,26,26,26,27,27,27,27,26,26,26,25,24,25,25,23,23,23,23,23,25,24,26,26,26,26,26,27,28,26,27,27,27,26,25
1,0,0,0,0,0,0,0,0,0,0,0,0,0,0,0,0,0,0,0,0,0,0,0,0,0,0,0,0,0,0,0,0,0,0,0,0,0,0,0,0,0,0,0,0,0,0,0,0,0,0,100,99,94,93,92,91,90,88,87,86,87,84,85,82,81,80,79,76,74,72,72,70,68,67,63,61,60,60,60,61,57,58,57,56,55,55,54,54,52,50,50,48,49,49,48,46,44,43,43,43,43,43,41,40,41,41,38,37,40,40,39,40,42,41,41,42,43,42,43,44,42,41,41,41,43,43,43,44,43,42,42,40,40,40,40,39,39,39,39,40,41,42,42,42,42,41,44,42,42,42,41,39,39,40,40,42,42,41,42,42,42,42,41,42,40,40,39,40,40,40,39,40,40,39,39,39,40,40,40,40,40,40,40,42,42,42,42,42,41,40,40,41,41,41,42,42,42,41,41,39,39
1,0,0,0,0,0,0,0,0,0,0,0,0,0,0,0,0,0,0,0,0,0,0,0,0,0,0,0,0,0,0,0,0,0,0,0,0,0,0,0,0,0,0,0,0,0,0,0,0,0,0,100,96,93,92,92,90,87,85,85,83,82,80,80,80,79,77,76,72,72,72,70,68,66,65,63,63,62,59,58,57,56,55,52,51,50,49,49,48,46,45,46,47,47,48,49,49,47,47,47,48,48,45,44,44,44,47,49,48,48,48,48,47,47,47,48,48,45,44,46,43,43,42,41,42,40,40,39,38,38,37,37,34,34,35,36,36,36,35,37,37,35,35,35,37,37,37,35,36,35,36,37,37,37,37,34,34,34,35,36,37,35,35,35,36,37,36,36,38,40,40,39,40,41,41,40,41,41,40,40,37,35,33,34,35,33,33,33,33,33,33,31,29,29,30,31,32,31,29,29,30,31
1,0,0,0,0,0,0,0,0,0,0,0,0,0,0,0,0,0,0,0,0,0,0,0,0,0,0,0,0,0,0,0,0,0,0,0,0,0,0,0,0,0,0,0,0,0,0,0,0,0,0,100,96,95,95,94,87,86,87,85,82,80,77,74,75,74,73,72,70,70,69,69,70,69,69,68,67,67,65,65,65,63,62,62,63,62,62,59,61,61,62,61,61,62,61,62,61,60,60,59,59,59,56,56,54,53,52,52,52,53,53,52,51,51,50,52,53,55,53,55,54,51,49,50,51,50,51,51,51,51,51,51,49,48,48,49,48,46,45,45,46,48,48,47,45,45,46,48,47,46,45,46,45,45,46,46,45,45,47,45,48,46,48,44,45,45,46,44,44,43,42,42,42,42,43,43,44,43,43,44,44,45,45,45,44,43,44,44,41,40,42,45,45,45,45,43,42,43,41,41,41,40
1,0,0,0,0,0,0,0,0,0,0,0,0,0,0,0,0,0,0,0,0,0,0,0,0,0,0,0,0,0,0,0,0,0,0,0,0,0,0,0,0,0,0,0,0,0,0,0,0,0,0,100,97,96,93,90,89,87,87,85,83,83,81,80,79,76,76,75,74,74,73,71,70,68,68,68,65,63,64,63,62,62,60,60,58,61,59,58,58,57,58,60,58,58,59,58,54,53,52,50,48,50,50,49,49,49,49,48,47,45,46,47,47,48,48,45,44,44,43,42,44,42,44,44,46,48,48,47,47,44,43,42,43,42,42,40,42,43,44,43,44,44,42,42,40,39,38,40,39,39,41,41,39,41,40,41,41,39,39,38,38,39,41,41,40,40,41,42,43,43,43,41,42,42,42,42,42,41,42,40,39,37,37,36,38,39,37,40,39,39,38,39,37,36,36,36,34,34,32,32,32,33
1,0,0,0,0,0,0,0,0,0,0,0,0,0,0,0,0,0,0,0,0,0,0,0,0,0,0,0,0,0,0,0,0,0,0,0,0,0,0,0,0,0,0,0,0,0,0,0,0,0,0,100,99,97,94,94,94,92,91,92,89,87,87,86,85,84,83,80,80,78,75,76,74,72,72,72,69,66,66,66,67,67,67,68,65,65,64,63,61,59,61,60,57,57,55,54,54,54,52,48,47,47,47,45,46,46,47,46,45,43,42,42,43,44,44,45,45,46,46,47,48,48,47,47,48,47,47,46,46,44,43,43,42,42,41,37,38,38,36,36,36,35,35,35,35,35,36,36,35,35,37,38,38,38,39,38,37,37,36,33,33,34,34,35,35,36,37,38,38,38,38,38,37,39,40,40,40,38,39,38,38,38,39,39,41,41,41,41,40,40,40,42,42,39,37,36,34,32,33,33,34,34
1,0,0,0,0,0,0,0,0,0,0,0,0,0,0,0,0,0,0,0,0,0,0,0,0,0,0,0,0,0,0,0,0,0,0,0,0,0,0,0,0,0,0,0,0,0,0,0,0,0,0,100,96,95,93,92,93,90,90,88,86,87,86,83,82,81,80,79,78,77,76,74,72,69,69,68,69,72,71,72,71,69,68,67,66,66,66,63,62,62,61,59,58,58,59,59,57,56,57,56,56,55,55,56,54,53,51,49,48,49,49,48,48,46,46,46,45,44,46,45,45,45,43,42,43,43,42,42,41,42,43,41,41,39,41,41,41,41,41,41,40,39,38,38,38,39,39,40,40,40,40,39,39,40,38,39,38,37,37,37,38,38,38,39,39,39,40,40,41,41,40,40,40,40,39,39,40,40,41,41,41,38,38,38,38,38,37,37,39,37,37,38,38,38,38,36,37,36,35,36,37,39
1,0,0,0,0,0,0,0,0,0,0,0,0,0,0,0,0,0,0,0,0,0,0,0,0,0,0,0,0,0,0,0,0,0,0,0,0,0,0,0,0,0,0,0,0,0,0,0,0,0,0,100,98,98,98,97,96,93,92,90,88,88,88,85,84,84,83,82,82,82,79,79,78,79,77,78,78,78,73,74,75,76,75,72,72,73,70,68,67,65,64,63,62,63,61,60,60,59,55,55,54,53,52,49,47,47,47,48,45,42,39,39,39,40,38,37,38,39,39,39,39,39,39,39,40,38,38,37,38,39,39,38,37,37,38,37,36,36,37,37,36,36,35,36,35,34,34,34,33,33,35,34,33,33,33,35,34,35,36,36,38,39,36,35,35,35,35,35,35,34,33,33,33,33,32,33,35,34,34,37,37,39,38,37,38,37,36,36,35,34,34,35,35,34,33,31,31,30,30,31,32,31
1,0,0,0,0,0,0,0,0,0,0,0,0,0,0,0,0,0,0,0,0,0,0,0,0,0,0,0,0,0,0,0,0,0,0,0,0,0,0,0,0,0,0,0,0,0,0,0,0,0,0,100,99,96,94,91,89,86,86,86,84,83,82,81,79,72,71,71,71,69,67,64,61,59,57,57,56,57,59,59,59,59,61,57,54,52,53,52,50,49,46,47,45,46,47,48,47,46,46,43,44,45,44,43,44,45,45,44,43,43,41,40,40,39,37,39,39,38,36,37,36,36,36,36,36,35,35,33,35,36,36,36,34,33,33,32,32,33,33,33,33,34,34,33,33,34,34,35,35,35,35,33,33,33,32,31,32,33,32,32,31,31,29,29,28,27,27,26,25,23,22,22,22,23,24,24,26,25,26,25,24,26,28,28,29,29,29,32,33,33,34,34,34,34,34,34,33,33,33,32,31,33
1,0,0,0,0,0,0,0,0,0,0,0,0,0,0,0,0,0,0,0,0,0,0,0,0,0,0,0,0,0,0,0,0,0,0,0,0,0,0,0,0,0,0,0,0,0,0,0,0,0,0,100,99,96,95,95,93,94,89,85,84,83,84,85,83,81,80,80,78,77,75,73,74,73,70,66,66,66,67,66,64,64,62,62,62,61,59,59,57,57,56,56,58,57,56,55,54,53,55,54,51,50,48,48,47,47,48,49,51,51,48,46,47,46,47,42,41,40,40,38,37,37,37,34,34,33,31,29,30,30,31,31,30,32,31,30,29,30,30,30,30,30,32,31,31,31,33,32,34,35,36,36,36,37,36,36,35,36,36,36,36,35,35,33,34,35,34,34,34,35,35,33,34,35,36,36,38,38,39,39,42,42,42,43,41,41,41,41,38,38,38,38,39,39,39,39,38,39,40,39,40,39
1,0,0,0,0,0,0,0,0,0,0,0,0,0,0,0,0,0,0,0,0,0,0,0,0,0,0,0,0,0,0,0,0,0,0,0,0,0,0,0,0,0,0,0,0,0,0,0,0,0,0,100,97,95,90,89,85,85,85,84,83,84,82,79,74,72,72,72,71,67,68,67,66,63,63,64,65,63,63,62,62,62,63,63,62,60,59,59,59,58,58,57,57,55,55,55,53,54,53,55,55,55,54,55,54,54,54,52,50,50,49,51,50,48,49,49,49,47,47,48,49,49,51,50,49,48,49,48,47,46,47,47,47,47,49,49,49,49,49,51,54,53,51,50,50,48,48,48,48,47,48,50,50,50,49,46,44,43,44,44,45,43,43,41,41,38,39,38,39,38,36,37,38,37,36,35,35,37,37,38,41,43,42,42,42,43,41,41,40,39,37,38,38,36,35,35,35,35,34,34,34,35
1,0,0,0,0,0,0,0,0,0,0,0,0,0,0,0,0,0,0,0,0,0,0,0,0,0,0,0,0,0,0,0,0,0,0,0,0,0,0,0,0,0,0,0,0,0,0,0,0,0,0,100,95,93,91,91,89,88,88,88,87,86,83,84,80,79,78,78,79,76,74,73,74,73,70,68,69,69,69,68,66,66,66,66,66,66,67,66,66,68,68,65,62,61,61,60,59,57,54,51,49,50,50,50,52,52,51,51,50,50,50,50,49,48,46,45,45,45,44,43,43,41,41,39,39,39,40,40,40,41,41,42,42,41,41,42,42,43,44,43,42,42,43,44,44,45,47,44,43,42,42,41,43,42,42,41,40,40,36,35,34,34,34,34,33,34,33,31,32,33,34,35,36,36,37,38,37,36,37,37,37,38,38,39,38,38,35,34,33,30,30,32,32,32,32,31,30,30,30,31,30,30
1,0,0,0,0,0,0,0,0,0,0,0,0,0,0,0,0,0,0,0,0,0,0,0,0,0,0,0,0,0,0,0,0,0,0,0,0,0,0,0,0,0,0,0,0,0,0,0,0,0,0,100,96,93,93,92,89,87,82,81,79,79,78,77,76,76,75,73,70,69,66,66,65,62,61,61,59,59,57,59,59,58,58,60,58,57,55,53,50,51,50,50,51,49,49,49,49,48,47,48,47,48,47,49,50,48,47,47,45,44,45,44,43,41,40,39,38,38,37,37,36,36,35,35,35,34,34,32,33,33,31,31,33,34,34,34,34,34,35,34,34,33,36,37,37,37,36,36,37,37,35,35,35,35,35,34,33,31,32,31,32,32,32,32,33,33,31,31,30,29,29,29,30,29,30,31,31,32,32,31,31,32,32,32,31,30,29,28,28,28,28,29,29,29,29,27,27,26,26,26,26,26
1,0,0,0,0,0,0,0,0,0,0,0,0,0,0,0,0,0,0,0,0,0,0,0,0,0,0,0,0,0,0,0,0,0,0,0,0,0,0,0,0,0,0,0,0,0,0,0,0,0,0,100,100,100,98,97,96,94,94,92,90,89,87,85,84,82,82,80,77,76,75,74,72,72,72,72,69,69,67,64,63,60,60,60,59,60,63,61,59,59,58,56,55,52,53,53,53,55,55,54,48,48,44,44,43,42,43,45,44,45,45,45,46,45,46,45,43,43,42,42,43,44,44,41,40,38,38,38,38,39,39,38,36,36,35,34,35,35,34,35,34,34,34,34,34,34,35,34,36,36,32,33,34,36,35,36,36,36,35,35,33,33,33,34,31,32,33,33,33,33,33,34,33,32,31,30,31,31,30,30,29,27,29,30,31,31,31,31,31,30,30,30,29,30,29,29,28,28,29,28,28,28
1,0,0,0,0,0,0,0,0,0,0,0,0,0,0,0,0,0,0,0,0,0,0,0,0,0,0,0,0,0,0,0,0,0,0,0,0,0,0,0,0,0,0,0,0,0,0,0,0,0,0,100,97,94,93,90,86,85,84,82,81,80,79,79,78,77,75,75,75,75,74,74,70,68,66,66,66,65,65,64,64,64,63,63,64,63,63,65,65,65,63,61,62,61,58,56,54,54,54,55,56,57,55,55,54,55,55,54,54,54,53,52,53,53,52,52,50,50,50,51,52,51,50,50,47,47,48,49,50,48,49,49,50,49,50,49,50,49,49,48,48,49,51,52,51,49,49,47,47,46,47,46,46,46,46,46,44,45,44,44,42,44,43,43,44,44,45,44,42,42,42,42,41,41,42,42,42,42,40,39,39,40,38,37,37,36,35,36,34,35,34,36,35,35,33,34,34,36,36,35,35,34
1,0,0,0,0,0,0,0,0,0,0,0,0,0,0,0,0,0,0,0,0,0,0,0,0,0,0,0,0,0,0,0,0,0,0,0,0,0,0,0,0,0,0,0,0,0,0,0,0,0,0,100,99,94,93,89,87,86,84,84,83,82,79,77,75,73,71,71,68,67,66,66,64,61,62,61,60,58,60,59,58,58,57,57,56,56,53,53,53,54,55,52,50,50,50,49,49,46,47,47,46,47,46,46,45,45,44,44,44,43,44,42,44,46,47,46,46,46,44,45,47,45,46,46,47,46,44,44,43,43,42,43,43,43,44,46,46,47,47,47,45,44,44,43,44,46,46,45,46,45,44,43,45,44,45,42,41,39,39,40,41,40,42,42,42,42,41,40,39,39,39,39,41,40,39,38,38,38,36,36,36,34,33,33,33,34,35,35,35,35,34,36,38,36,36,36,39,39,38,38,35,37
1,0,0,0,0,0,0,0,0,0,0,0,0,0,0,0,0,0,0,0,0,0,0,0,0,0,0,0,0,0,0,0,0,0,0,0,0,0,0,0,0,0,0,0,0,0,0,0,0,0,0,100,97,91,89,86,84,80,82,78,77,77,75,73,72,73,71,68,68,65,64,60,60,60,60,59,59,55,55,54,52,51,48,48,49,50,52,52,53,55,54,54,49,49,48,50,48,45,45,45,46,47,48,45,41,39,41,43,43,42,41,41,40,39,39,38,37,37,36,37,37,37,37,37,36,36,38,38,37,38,38,38,40,40,42,42,42,41,39,38,39,37,35,35,34,32,31,31,32,32,32,33,34,35,36,36,36,36,35,36,36,36,37,38,38,38,37,37,35,35,35,36,36,36,35,35,35,35,35,35,35,34,33,33,33,32,31,29,30,33,33,32,32,33,33,32,32,33,34,35,34,34
1,0,0,0,0,0,0,0,0,0,0,0,0,0,0,0,0,0,0,0,0,0,0,0,0,0,0,0,0,0,0,0,0,0,0,0,0,0,0,0,0,0,0,0,0,0,0,0,0,0,0,100,99,97,97,95,96,94,92,91,87,85,85,82,80,79,77,76,74,73,75,72,72,72,73,73,72,70,69,69,69,66,66,65,67,68,67,67,65,64,62,61,59,58,57,55,55,54,54,53,53,51,48,45,46,46,47,45,43,43,44,44,45,44,43,41,42,42,43,43,42,43,44,43,42,42,43,42,41,42,43,43,42,42,41,41,40,40,40,39,38,37,34,34,33,34,32,33,33,34,33,31,31,31,31,30,31,31,32,33,33,32,30,30,31,31,30,29,28,27,26,23,24,24,24,24,23,23,23,25,25,24,24,27,27,28,26,25,24,23,22,23,24,25,25,24,24,26,26,25,25,27
1,0,0,0,0,0,0,0,0,0,0,0,0,0,0,0,0,0,0,0,0,0,0,0,0,0,0,0,0,0,0,0,0,0,0,0,0,0,0,0,0,0,0,0,0,0,0,0,0,0,0,100,99,98,95,92,91,88,86,85,85,82,81,81,77,76,75,74,73,72,71,68,69,69,69,69,68,68,66,67,69,69,67,66,66,65,67,67,66,64,62,60,59,58,57,55,51,51,49,49,49,49,49,49,48,46,45,44,44,43,43,44,44,42,43,45,44,45,46,45,46,45,43,43,40,41,41,41,41,41,42,43,43,43,42,41,41,41,41,40,39,39,40,40,39,39,40,38,38,36,36,36,36,35,34,34,34,35,33,33,31,31,32,32,31,32,30,29,29,30,30,31,32,33,33,32,32,32,32,31,31,31,30,30,29,29,30,31,31,31,31,32,32,31,32,32,30,32,33,33,35,35
1,0,0,0,0,0,0,0,0,0,0,0,0,0,0,0,0,0,0,0,0,0,0,0,0,0,0,0,0,0,0,0,0,0,0,0,0,0,0,0,0,0,0,0,0,0,0,0,0,0,0,100,97,96,95,92,89,88,86,86,85,85,83,82,79,75,73,72,72,72,71,68,68,68,68,67,65,66,68,66,65,64,63,64,62,58,57,55,55,54,54,55,53,50,51,52,52,53,52,53,53,51,54,54,53,53,55,51,51,51,51,51,50,49,49,51,51,49,48,48,46,46,46,46,47,48,48,47,46,43,43,44,42,42,42,40,41,43,40,41,40,40,40,41,41,41,41,41,41,41,41,40,38,37,35,34,34,35,33,31,32,32,30,30,30,30,29,29,28,28,27,27,28,28,30,31,31,31,28,27,27,26,27,27,26,25,25,25,25,26,26,26,25,26,28,27,27,27,26,25,25,26
1,0,0,0,0,0,0,0,0,0,0,0,0,0,0,0,0,0,0,0,0,0,0,0,0,0,0,0,0,0,0,0,0,0,0,0,0,0,0,0,0,0,0,0,0,0,0,0,0,0,0,100,99,99,94,94,91,91,91,90,89,85,83,82,79,78,77,76,74,71,71,72,70,65,64,67,65,62,61,60,58,57,56,57,57,56,56,56,57,58,58,58,59,60,62,61,60,60,62,62,61,58,57,55,55,55,57,57,56,57,56,54,55,53,52,53,53,53,54,54,56,55,53,53,52,51,49,48,47,47,47,44,44,45,44,45,44,45,44,45,45,44,43,43,43,42,41,41,42,43,42,42,41,40,41,41,44,44,43,43,43,42,43,41,42,41,39,41,43,43,43,42,42,42,41,41,40,39,39,38,35,35,35,32,29,28,26,26,26,26,27,27,30,30,30,31,28,30,31,31,32,32
1,0,0,0,0,0,0,0,0,0,0,0,0,0,0,0,0,0,0,0,0,0,0,0,0,0,0,0,0,0,0,0,0,0,0,0,0,0,0,0,0,0,0,0,0,0,0,0,0,0,0,100,99,98,97,96,95,94,90,87,87,85,85,83,81,79,79,80,75,72,70,69,72,70,69,67,66,65,67,65,64,63,65,62,62,63,62,62,61,61,58,56,57,55,55,55,53,53,53,52,52,51,51,50,50,50,49,49,48,48,48,47,45,44,44,44,44,43,44,44,43,42,40,37,37,38,37,37,36,36,37,37,36,36,39,36,36,37,36,34,35,35,36,37,37,37,37,38,38,39,37,38,40,40,40,41,40,41,42,43,42,44,43,42,41,41,42,42,43,42,43,42,41,43,42,42,42,45,46,46,45,44,44,44,43,43,42,42,44,44,43,43,42,41,41,39,39,38,37,37,35,37
1,0,0,0,0,0,0,0,0,0,0,0,0,0,0,0,0,0,0,0,0,0,0,0,0,0,0,0,0,0,0,0,0,0,0,0,0,0,0,0,0,0,0,0,0,0,0,0,0,0,0,100,98,99,97,96,93,93,88,86,84,84,84,84,84,79,79,79,78,77,75,73,72,72,71,69,70,69,68,67,66,66,67,67,67,67,64,62,61,60,61,59,58,59,61,61,61,63,62,60,60,59,57,57,56,54,55,56,57,59,58,58,57,58,59,57,55,54,55,55,54,55,54,54,55,53,51,48,48,48,45,44,44,45,45,45,45,45,45,45,45,45,44,44,45,47,45,48,48,48,46,44,46,46,46,46,44,43,42,43,44,43,43,43,42,42,40,41,42,42,41,40,40,40,40,38,38,38,38,38,37,37,38,38,37,38,38,38,39,38,37,36,37,36,36,36,37,36,35,36,36,34
1,0,0,0,0,0,0,0,0,0,0,0,0,0,0,0,0,0,0,0,0,0,0,0,0,0,0,0,0,0,0,0,0,0,0,0,0,0,0,0,0,0,0,0,0,0,0,0,0,0,0,100,97,96,91,90,91,89,88,87,87,85,84,85,86,82,81,81,78,77,77,76,76,74,75,76,73,74,74,74,72,71,71,70,70,70,70,70,72,69,70,69,69,70,70,69,68,67,67,66,66,67,64,64,62,63,63,63,61,61,61,57,57,56,58,56,56,58,58,56,54,53,53,51,52,53,53,50,46,46,44,44,45,46,43,42,42,41,42,42,40,40,40,42,42,43,45,44,43,43,43,43,43,38,37,36,37,37,38,36,35,35,37,37,38,37,38,39,38,39,40,39,40,40,39,41,41,41,41,40,41,39,38,39,39,39,38,39,39,38,39,39,40,38,40,40,40,41,41,43,42,44
1,0,0,0,0,0,0,0,0,0,0,0,0,0,0,0,0,0,0,0,0,0,0,0,0,0,0,0,0,0,0,0,0,0,0,0,0,0,0,0,0,0,0,0,0,0,0,0,0,0,0,100,99,96,94,91,88,86,85,85,83,81,80,77,78,78,74,72,70,68,67,67,66,64,63,63,62,61,60,58,56,55,54,53,52,54,54,53,53,53,52,48,44,45,46,46,47,47,47,48,48,46,46,47,45,46,46,44,44,43,43,43,41,39,38,40,40,39,38,37,37,36,34,35,34,34,34,33,33,33,31,30,29,31,32,32,32,32,30,30,30,29,29,30,30,33,34,35,35,34,34,34,33,32,30,32,32,32,35,35,36,35,34,35,36,36,35,35,34,37,40,41,39,40,40,40,37,36,36,36,34,35,35,35,34,34,34,34,34,33,31,32,34,35,33,33,33,31,32,32,32,31
1,0,0,0,0,0,0,0,0,0,0,0,0,0,0,0,0,0,0,0,0,0,0,0,0,0,0,0,0,0,0,0,0,0,0,0,0,0,0,0,0,0,0,0,0,0,0,0,0,0,0,100,100,96,91,90,89,86,87,85,79,76,75,77,76,76,74,73,74,74,74,75,74,73,72,71,71,71,69,67,64,64,63,63,63,62,59,57,56,55,54,54,55,53,54,55,56,56,54,54,55,55,54,55,55,54,55,55,55,53,54,54,54,53,52,48,48,49,49,49,48,48,47,46,46,46,47,45,45,45,44,44,43,43,42,43,44,44,45,44,43,42,43,43,43,42,42,40,41,39,38,38,37,38,38,38,38,37,39,41,42,42,42,42,43,43,44,44,45,45,44,43,40,40,40,40,39,41,40,39,38,38,37,38,36,36,34,35,35,35,35,36,36,38,38,36,36,36,36,36,36,37
1,0,0,0,0,0,0,0,0,0,0,0,0,0,0,0,0,0,0,0,0,0,0,0,0,0,0,0,0,0,0,0,0,0,0,0,0,0,0,0,0,0,0,0,0,0,0,0,0,0,0,100,96,93,90,90,86,86,87,87,83,81,80,80,75,72,72,73,69,68,67,67,65,65,65,64,64,63,63,63,63,63,61,62,62,60,57,58,58,55,55,56,55,55,55,54,53,52,53,52,52,52,52,51,51,51,51,51,51,50,47,49,46,42,39,42,41,40,39,40,39,38,38,39,40,41,41,41,39,41,40,41,41,40,41,40,39,39,37,37,37,34,36,37,38,37,36,35,33,32,32,31,30,30,29,29,30,30,30,30,30,28,29,30,30,28,28,28,28,29,29,29,29,29,28,28,27,27,27,27,27,28,28,28,28,29,27,27,26,25,26,26,28,27,26,26,26,26,25,29,30,32
1,0,0,0,0,0,0,0,0,0,0,0,0,0,0,0,0,0,0,0,0,0,0,0,0,0,0,0,0,0,0,0,0,0,0,0,0,0,0,0,0,0,0,0,0,0,0,0,0,0,0,100,99,97,97,95,91,89,86,84,86,84,84,83,81,80,80,78,76,75,72,74,74,74,74,73,71,73,72,72,73,74,70,69,68,67,66,67,67,66,66,66,65,63,63,62,59,58,59,59,61,61,61,59,58,57,56,57,58,56,54,53,53,53,51,51,50,51,50,50,50,47,47,46,44,44,45,45,45,45,44,43,43,45,45,45,44,43,42,43,42,42,41,40,40,40,41,41,41,41,42,42,44,42,44,42,42,41,41,42,41,40,40,39,40,39,36,36,35,31,31,31,33,33,31,32,32,31,31,32,30,32,32,33,31,32,32,32,33,33,33,32,33,34,34,33,32,33,33,33,31,32
1,0,0,0,0,0,0,0,0,0,0,0,0,0,0,0,0,0,0,0,0,0,0,0,0,0,0,0,0,0,0,0,0,0,0,0,0,0,0,0,0,0,0,0,0,0,0,0,0,0,0,100,99,96,96,94,94,90,90,89,87,85,84,83,83,83,83,82,80,80,76,76,74,71,71,70,70,69,68,68,66,64,61,60,59,57,57,58,58,57,58,59,60,58,57,55,53,53,52,50,49,49,50,50,51,46,46,46,45,45,42,41,41,41,43,44,46,48,49,51,51,50,51,50,47,47,45,43,41,43,43,44,43,41,38,39,39,40,40,40,41,39,39,38,37,37,36,36,35,35,34,35,35,34,33,35,35,35,35,35,35,34,36,34,34,34,34,34,35,35,35,35,34,34,36,35,36,36,36,34,33,34,34,32,32,31,31,30,30,30,31,26,25,25,25,24,24,25,23,23,24,24
1,0,0,0,0,0,0,0,0,0,0,0,0,0,0,0,0,0,0,0,0,0,0,0,0,0,0,0,0,0,0,0,0,0,0,0,0,0,0,0,0,0,0,0,0,0,0,0,0,0,0,100,99,95,95,93,92,92,91,89,88,86,82,82,81,80,79,79,78,78,77,76,76,75,74,74,74,73,72,69,68,65,63,62,61,61,60,59,58,59,57,57,57,58,55,55,53,51,50,50,52,53,53,53,54,54,53,53,54,53,52,52,52,52,53,53,52,51,51,51,51,51,50,48,47,46,46,42,39,38,37,38,37,37,37,36,36,36,37,39,41,41,41,40,41,39,39,38,39,40,39,39,40,41,41,41,41,40,40,40,39,38,39,38,39,38,37,38,38,38,38,39,38,39,39,38,38,38,38,38,37,37,35,38,37,38,37,38,38,37,36,36,35,33,35,35,34,36,36,34,33,32
1,0,0,0,0,0,0,0,0,0,0,0,0,0,0,0,0,0,0,0,0,0,0,0,0,0,0,0,0,0,0,0,0,0,0,0,0,0,0,0,0,0,0,0,0,0,0,0,0,0,0,100,99,97,96,93,91,87,87,86,85,84,80,79,78,79,79,77,76,78,74,73,70,68,68,68,67,67,69,69,69,65,65,64,64,62,62,61,60,58,59,60,61,61,61,59,57,57,55,57,57,58,58,57,58,56,56,55,54,56,56,56,56,55,56,55,54,53,49,49,50,49,51,51,49,50,49,49,47,47,46,47,46,45,42,40,39,37,36,36,36,35,37,37,37,37,38,37,37,41,39,39,40,41,43,44,43,43,43,42,39,38,38,37,38,38,37,37,37,38,38,38,37,36,35,35,35,34,34,34,34,35,33,32,32,32,32,32,32,30,30,30,30,30,29,30,29,26,26,26,27,28
1,0,0,0,0,0,0,0,0,0,0,0,0,0,0,0,0,0,0,0,0,0,0,0,0,0,0,0,0,0,0,0,0,0,0,0,0,0,0,0,0,0,0,0,0,0,0,0,0,0,0,100,97,96,95,91,88,89,87,84,79,77,77,73,71,72,72,70,70,69,67,67,66,66,66,67,64,64,63,64,63,63,63,62,62,59,57,56,55,56,55,55,53,51,49,47,45,44,44,45,44,45,47,48,47,46,45,46,45,44,42,41,42,40,39,38,41,41,41,41,40,40,40,41,41,42,41,42,41,40,40,38,36,35,37,37,38,39,39,40,39,39,40,39,37,37,36,37,36,36,38,38,38,39,39,40,41,40,38,36,37,37,37,38,39,39,40,38,37,35,35,33,33,31,31,31,31,31,30,32,34,35,35,35,35,35,35,37,36,35,33,34,35,35,35,33,33,32,32,32,32,32
1,0,0,0,0,0,0,0,0,0,0,0,0,0,0,0,0,0,0,0,0,0,0,0,0,0,0,0,0,0,0,0,0,0,0,0,0,0,0,0,0,0,0,0,0,0,0,0,0,0,0,100,99,96,92,93,90,87,86,85,85,84,84,82,81,81,82,81,79,75,71,71,70,67,67,65,65,66,66,66,66,65,65,64,64,64,63,57,56,55,55,55,55,54,53,51,51,50,50,47,48,50,50,49,49,51,51,50,51,51,52,52,51,50,50,48,46,46,46,47,46,44,45,46,47,47,45,47,45,45,45,43,43,44,43,43,42,42,41,41,38,38,39,37,37,37,35,34,35,35,37,36,35,35,33,33,33,32,32,30,29,30,30,31,29,30,29,30,28,28,29,30,29,28,29,30,30,29,30,31,32,32,31,31,31,31,33,31,28,30,30,31,30,32,33,33,33,33,34,35,37,37
1,0,0,0,0,0,0,0,0,0,0,0,0,0,0,0,0,0,0,0,0,0,0,0,0,0,0,0,0,0,0,0,0,0,0,0,0,0,0,0,0,0,0,0,0,0,0,0,0,0,0,100,99,97,97,97,95,95,92,89,88,84,83,82,81,81,78,77,75,73,75,74,75,73,71,68,69,68,66,66,65,63,62,62,61,61,58,60,60,60,60,59,58,56,56,55,54,56,55,54,55,52,53,52,51,49,46,48,50,49,50,51,52,51,52,50,50,48,53,52,51,49,49,48,48,45,45,44,44,43,43,42,40,41,41,42,41,40,40,39,39,38,38,39,38,39,40,40,39,38,37,37,36,39,38,37,37,37,38,36,37,37,37,36,37,40,40,40,39,39,39,38,40,40,40,40,39,41,40,42,42,41,41,40,40,41,41,41,40,39,39,38,38,38,36,37,38,39,39,38,37,35
1,0,0,0,0,0,0,0,0,0,0,0,0,0,0,0,0,0,0,0,0,0,0,0,0,0,0,0,0,0,0,0,0,0,0,0,0,0,0,0,0,0,0,0,0,0,0,0,0,0,0,100,99,96,95,93,92,90,88,85,83,79,76,76,74,78,76,75,75,77,74,74,74,74,75,74,74,75,73,71,70,68,67,66,64,66,63,61,60,59,57,55,54,55,56,54,53,53,53,51,52,54,52,51,52,51,52,53,54,54,52,52,52,51,51,51,51,50,48,47,49,46,46,44,44,43,42,42,42,41,41,40,39,40,39,39,40,40,40,41,40,41,41,42,42,42,42,44,44,44,44,43,44,43,43,41,43,43,42,43,42,41,41,41,41,42,43,43,43,43,42,40,40,39,40,40,39,37,35,34,33,34,34,33,34,33,33,33,32,31,29,29,30,30,31,29,30,31,31,32,32,30
1,0,0,0,0,0,0,0,0,0,0,0,0,0,0,0,0,0,0,0,0,0,0,0,0,0,0,0,0,0,0,0,0,0,0,0,0,0,0,0,0,0,0,0,0,0,0,0,0,0,0,100,100,98,96,96,95,92,89,88,86,85,84,80,79,81,79,77,76,76,76,73,75,74,74,74,74,70,69,70,69,69,67,65,65,65,64,64,65,65,64,64,64,61,60,58,59,57,56,57,58,58,57,57,56,56,57,54,54,51,49,51,50,50,48,47,48,47,46,46,46,46,47,47,47,48,49,49,48,47,47,47,46,47,47,48,49,47,45,43,42,43,42,40,42,42,41,39,36,36,36,35,35,35,34,34,33,33,34,33,33,33,32,32,31,30,30,31,30,30,32,33,34,35,34,36,35,33,31,34,33,34,33,33,37,35,36,35,34,33,35,35,35,36,35,37,39,39,40,40,39,38
1,0,0,0,0,0,0,0,0,0,0,0,0,0,0,0,0,0,0,0,0,0,0,0,0,0,0,0,0,0,0,0,0,0,0,0,0,0,0,0,0,0,0,0,0,0,0,0,0,0,0,100,96,95,95,94,91,90,89,89,88,85,85,84,83,81,81,81,78,74,76,75,70,70,71,71,70,67,67,65,65,63,59,58,57,56,56,56,54,54,54,52,51,51,50,51,50,50,50,50,48,51,51,50,50,49,47,48,49,48,49,47,48,48,50,50,49,49,47,46,46,46,47,46,47,48,45,44,42,42,40,39,39,39,40,41,40,41,41,40,41,41,41,42,43,42,41,39,41,41,42,41,40,39,40,40,40,39,39,39,38,37,38,38,40,39,39,38,38,37,40,42,41,39,38,37,36,36,34,34,35,34,34,34,35,35,36,33,33,30,29,29,28,29,30,30,30,30,31,31,30,30
1,0,0,0,0,0,0,0,0,0,0,0,0,0,0,0,0,0,0,0,0,0,0,0,0,0,0,0,0,0,0,0,0,0,0,0,0,0,0,0,0,0,0,0,0,0,0,0,0,0,0,100,99,99,96,96,95,94,93,91,89,86,83,80,78,74,73,71,69,65,63,63,65,66,67,66,67,66,66,65,63,62,57,58,57,58,56,56,56,56,57,55,51,51,50,50,49,51,51,50,48,49,48,47,46,46,44,45,44,44,44,44,45,44,44,43,43,42,40,40,41,41,40,41,40,39,39,38,38,39,38,38,39,37,36,35,36,37,37,38,40,38,36,37,37,37,36,36,35,36,32,32,31,33,35,35,33,33,33,33,34,35,35,36,36,36,36,38,38,37,35,36,34,32,33,33,32,32,31,31,31,31,31,31,30,29,30,31,30,30,30,29,29,29,32,33,33,33,33,33,34,35
1,0,0,0,0,0,0,0,0,0,0,0,0,0,0,0,0,0,0,0,0,0,0,0,0,0,0,0,0,0,0,0,0,0,0,0,0,0,0,0,0,0,0,0,0,0,0,0,0,0,0,100,99,99,99,96,94,92,90,85,82,81,77,77,77,75,74,72,69,70,70,69,69,68,65,63,62,60,57,56,57,54,55,56,56,55,56,56,56,56,55,54,54,54,53,52,49,48,49,47,46,45,43,43,44,43,43,44,44,45,43,43,43,42,44,43,43,43,43,42,42,43,43,43,42,42,43,42,41,41,40,39,40,42,42,42,42,41,40,40,40,40,39,38,38,38,38,38,39,38,37,35,36,35,37,37,38,38,39,38,38,38,39,39,41,41,39,36,36,35,36,36,36,35,35,36,35,36,38,40,40,40,39,40,41,39,39,39,39,37,38,40,41,41,42,42,43,44,44,45,44,43
1,0,0,0,0,0,0,0,0,0,0,0,0,0,0,0,0,0,0,0,0,0,0,0,0,0,0,0,0,0,0,0,0,0,0,0,0,0,0,0,0,0,0,0,0,0,0,0,0,0,0,100,96,96,97,95,90,88,88,86,87,86,86,84,83,80,80,78,77,77,76,76,73,70,73,73,73,71,69,70,68,64,65,64,65,65,63,62,64,66,65,64,65,65,62,63,61,60,58,59,56,56,59,58,58,58,58,58,58,59,62,62,61,59,58,56,53,51,51,48,48,48,47,48,48,51,51,51,51,51,49,50,48,45,45,46,45,46,45,45,44,44,43,43,43,44,43,43,43,41,43,43,42,40,40,41,41,41,39,39,39,39,40,39,39,39,39,41,40,38,38,37,37,36,36,36,36,34,35,34,34,32,31,31,31,30,30,30,31,31,29,29,29,30,29,28,29,28,30,33,34,34
1,0,0,0,0,0,0,0,0,0,0,0,0,0,0,0,0,0,0,0,0,0,0,0,0,0,0,0,0,0,0,0,0,0,0,0,0,0,0,0,0,0,0,0,0,0,0,0,0,0,0,100,97,94,90,88,86,83,82,82,79,76,75,72,71,67,68,68,66,67,69,68,68,67,66,66,68,68,68,67,66,64,63,62,63,62,61,60,59,59,57,58,57,54,54,54,54,54,54,52,51,49,49,48,48,48,48,50,49,49,49,49,49,49,49,48,46,45,46,44,44,44,44,43,42,45,46,46,48,49,48,47,48,46,46,45,45,44,45,45,45,43,42,41,39,38,37,37,37,38,39,39,41,42,41,42,43,43,43,41,40,38,38,38,38,38,40,40,41,40,40,40,39,39,39,39,40,39,39,39,38,37,37,37,38,38,37,37,38,38,39,39,38,39,38,36,35,35,35,35,35,35
1,0,0,0,0,0,0,0,0,0,0,0,0,0,0,0,0,0,0,0,0,0,0,0,0,0,0,0,0,0,0,0,0,0,0,0,0,0,0,0,0,0,0,0,0,0,0,0,0,0,0,100,98,96,92,92,91,87,84,84,83,82,79,80,79,79,79,79,78,78,76,75,76,75,75,76,73,71,71,71,70,68,68,66,67,68,68,66,65,61,60,60,58,57,59,59,59,57,55,57,55,55,57,56,55,55,56,57,54,53,53,52,53,53,52,51,48,49,49,48,47,47,47,46,45,44,45,44,44,44,45,46,45,46,46,45,46,46,45,44,43,42,41,41,43,43,45,45,44,44,44,43,43,43,44,43,42,39,38,41,40,41,39,38,37,36,37,37,36,36,37,36,36,35,35,33,34,35,35,35,35,35,35,35,34,33,32,33,33,34,33,34,34,34,34,33,35,35,33,35,37,36
1,0,0,0,0,0,0,0,0,0,0,0,0,0,0,0,0,0,0,0,0,0,0,0,0,0,0,0,0,0,0,0,0,0,0,0,0,0,0,0,0,0,0,0,0,0,0,0,0,0,0,100,96,94,93,91,89,91,89,87,87,85,87,86,86,86,84,83,82,81,81,81,80,77,73,72,70,70,70,69,67,65,65,65,65,62,60,59,57,57,56,54,53,52,51,50,49,49,49,51,52,51,50,50,49,48,49,46,45,44,44,44,44,44,43,40,36,38,41,40,39,37,38,39,39,40,42,41,41,39,42,41,41,42,43,44,42,42,42,42,43,43,42,42,42,41,40,39,40,40,40,40,38,40,38,38,38,40,39,39,38,38,40,40,40,39,39,37,37,35,35,35,35,36,35,33,33,33,32,32,30,29,28,28,28,28,29,27,24,24,26,25,25,25,24,24,24,24,25,24,24,25
1,0,0,0,0,0,0,0,0,0,0,0,0,0,0,0,0,0,0,0,0,0,0,0,0,0,0,0,0,0,0,0,0,0,0,0,0,0,0,0,0,0,0,0,0,0,0,0,0,0,0,100,98,94,91,91,89,87,88,88,88,83,81,78,78,75,74,72,68,67,64,64,63,61,61,64,65,65,65,65,65,64,61,62,61,61,62,63,60,58,55,55,55,55,55,53,53,53,53,51,52,53,54,54,54,55,55,52,51,52,52,52,50,50,49,51,51,52,52,48,47,47,47,45,43,44,44,45,45,46,48,48,49,49,49,48,49,47,46,46,45,43,43,44,45,45,43,43,43,43,44,42,42,42,42,42,42,41,42,43,43,43,42,40,40,41,39,38,39,39,38,39,40,40,40,41,40,40,37,37,37,38,38,38,38,40,39,38,37,38,40,39,39,39,39,39,38,38,38,37,35,33
1,0,0,0,0,0,0,0,0,0,0,0,0,0,0,0,0,0,0,0,0,0,0,0,0,0,0,0,0,0,0,0,0,0,0,0,0,0,0,0,0,0,0,0,0,0,0,0,0,0,0,100,100,99,96,96,96,94,94,93,91,90,86,86,85,84,84,82,78,76,76,75,75,74,74,74,73,72,72,70,69,67,66,63,62,63,62,60,60,60,60,60,61,61,61,60,60,57,57,58,57,56,56,52,51,50,50,49,49,49,47,49,49,49,48,47,46,45,44,43,41,42,43,43,44,44,46,46,46,46,46,44,43,43,41,40,38,36,37,36,36,37,37,37,37,37,38,39,39,38,36,35,35,37,37,38,38,37,36,37,38,37,38,37,38,36,35,35,35,36,37,37,37,38,38,37,37,38,37,37,37,37,38,37,37,37,38,38,37,37,36,37,40,40,39,37,40,40,40,39,41,41
1,0,0,0,0,0,0,0,0,0,0,0,0,0,0,0,0,0,0,0,0,0,0,0,0,0,0,0,0,0,0,0,0,0,0,0,0,0,0,0,0,0,0,0,0,0,0,0,0,0,0,100,97,95,95,93,91,90,90,90,90,90,91,89,89,88,88,84,83,83,83,81,80,78,78,78,76,75,74,73,72,70,70,69,69,69,69,69,68,69,69,70,69,68,69,69,63,63,62,60,59,58,58,59,58,56,56,56,57,57,56,55,52,52,50,51,51,52,48,46,48,48,43,43,42,41,41,41,41,40,38,37,37,36,39,36,36,35,35,37,37,40,42,40,40,39,37,37,39,43,42,43,42,43,43,43,42,42,42,42,42,40,39,38,38,38,37,38,38,37,39,39,40,40,39,41,40,40,40,38,38,39,38,36,36,36,36,36,35,34,33,33,33,34,34,32,32,33,32,34,34,32
1,0,0,0,0,0,0,0,0,0,0,0,0,0,0,0,0,0,0,0,0,0,0,0,0,0,0,0,0,0,0,0,0,0,0,0,0,0,0,0,0,0,0,0,0,0,0,0,0,0,0,100,97,96,91,87,86,85,84,83,81,81,81,81,80,78,78,78,76,74,71,70,68,68,64,63,60,58,57,55,54,54,54,55,56,54,52,51,52,53,52,51,49,49,48,46,47,46,48,48,48,47,45,45,46,45,44,42,44,45,44,44,43,44,46,46,44,44,42,41,41,44,45,44,43,43,42,42,43,42,40,41,43,44,43,44,43,44,43,43,43,43,43,43,43,42,42,41,41,37,36,37,39,38,36,36,37,37,37,38,39,40,40,39,40,39,40,39,36,36,36,34,36,35,35,33,34,34,32,33,33,33,33,31,30,30,29,29,30,32,33,33,34,34,33,33,33,33,33,34,34,33
1,0,0,0,0,0,0,0,0,0,0,0,0,0,0,0,0,0,0,0,0,0,0,0,0,0,0,0,0,0,0,0,0,0,0,0,0,0,0,0,0,0,0,0,0,0,0,0,0,0,0,100,98,97,96,96,95,93,92,89,88,84,81,82,83,83,84,83,83,81,81,81,80,77,76,72,72,70,71,70,70,68,68,66,61,62,62,61,60,60,58,55,55,54,54,53,52,53,54,54,52,50,49,48,47,46,47,49,49,50,49,49,51,49,49,48,46,45,44,45,44,44,42,42,41,40,41,40,40,40,40,41,42,40,39,39,41,38,36,36,35,37,35,34,35,35,36,35,36,35,36,35,34,33,32,31,35,36,34,36,36,36,35,35,35,34,34,36,34,34,35,36,37,37,36,37,37,37,33,32,32,31,31,31,29,30,30,27,27,28,28,29,29,26,27,25,25,25,25,24,24,24
1,0,0,0,0,0,0,0,0,0,0,0,0,0,0,0,0,0,0,0,0,0,0,0,0,0,0,0,0,0,0,0,0,0,0,0,0,0,0,0,0,0,0,0,0,0,0,0,0,0,0,100,99,96,93,93,91,89,89,86,85,83,80,80,79,78,77,76,76,74,70,69,69,67,66,65,63,61,60,59,58,59,58,58,58,59,58,59,57,57,57,56,55,56,57,57,57,59,59,59,58,57,59,59,58,58,56,56,57,57,57,56,56,55,52,49,50,50,51,48,47,46,46,46,45,42,42,42,43,43,44,41,41,40,40,39,39,38,37,37,37,38,38,39,37,35,34,33,33,33,34,32,32,33,32,31,33,33,33,33,32,31,31,30,31,31,31,31,30,30,29,30,31,32,31,32,31,33,32,32,33,34,34,34,34,34,35,34,34,35,36,36,37,36,35,36,36,34,32,32,32,30
1,0,0,0,0,0,0,0,0,0,0,0,0,0,0,0,0,0,0,0,0,0,0,0,0,0,0,0,0,0,0,0,0,0,0,0,0,0,0,0,0,0,0,0,0,0,0,0,0,0,0,100,96,94,92,88,86,85,80,76,71,70,65,64,63,62,62,59,56,56,58,56,56,54,55,54,53,52,51,51,50,50,49,48,53,53,55,52,52,52,51,49,49,49,49,51,50,50,49,49,49,48,49,46,48,48,46,47,46,45,46,45,46,46,44,44,43,43,44,45,45,44,43,43,41,41,42,41,40,39,40,39,37,37,38,39,39,40,41,41,41,41,41,40,40,41,43,44,44,45,46,47,47,48,47,47,47,46,46,45,44,45,43,43,44,43,45,46,46,44,44,44,42,42,42,42,43,41,40,39,37,37,35,35,36,35,35,32,33,32,33,33,32,32,32,31,33,33,34,34,34,33
1,0,0,0,0,0,0,0,0,0,0,0,0,0,0,0,0,0,0,0,0,0,0,0,0,0,0,0,0,0,0,0,0,0,0,0,0,0,0,0,0,0,0,0,0,0,0,0,0,0,0,100,98,95,94,93,92,91,90,88,86,85,84,82,82,80,79,79,78,76,75,73,75,73,72,69,69,69,67,66,63,64,63,63,60,58,57,56,60,60,57,58,57,57,56,55,55,54,55,54,54,55,54,53,51,53,51,49,46,45,45,47,44,45,46,46,45,45,45,44,43,43,43,42,43,43,39,38,37,36,36,36,36,36,35,35,34,34,36,36,35,36,34,37,37,38,35,36,36,38,39,39,37,37,38,39,37,37,38,37,37,38,37,38,34,34,33,33,34,33,33,32,32,32,31,28,28,29,29,31,30,30,32,35,36,37,36,36,36,36,36,37,38,40,40,38,38,34,33,33,33,33
1,0,0,0,0,0,0,0,0,0,0,0,0,0,0,0,0,0,0,0,0,0,0,0,0,0,0,0,0,0,0,0,0,0,0,0,0,0,0,0,0,0,0,0,0,0,0,0,0,0,0,100,98,98,97,94,91,90,91,86,84,81,79,79,77,76,76,74,70,70,69,69,70,68,66,66,66,65,63,63,62,64,63,61,59,58,58,55,53,54,55,56,57,57,57,56,58,59,60,60,58,59,59,58,58,58,57,55,54,56,55,55,53,52,51,50,49,49,49,48,48,50,46,46,46,45,46,44,44,43,42,41,40,40,39,40,39,40,38,37,37,36,35,33,32,33,33,33,33,32,32,32,31,33,34,35,36,36,35,34,34,34,35,35,35,33,34,34,34,34,35,35,34,33,30,30,30,30,30,28,27,27,27,25,28,27,28,29,31,30,30,30,27,28,27,27,27,26,25,25,26,26
1,0,0,0,0,0,0,0,0,0,0,0,0,0,0,0,0,0,0,0,0,0,0,0,0,0,0,0,0,0,0,0,0,0,0,0,0,0,0,0,0,0,0,0,0,0,0,0,0,0,0,100,97,95,93,91,89,88,83,82,80,78,75,74,73,73,70,71,70,68,68,68,68,67,66,65,66,66,63,65,63,61,60,60,59,58,59,59,56,55,56,55,54,53,54,54,53,54,54,52,51,51,49,47,46,46,44,43,41,42,41,41,41,39,38,38,39,39,39,40,40,39,38,38,38,37,38,39,43,44,42,43,41,40,42,42,39,39,39,37,38,38,38,38,38,38,37,37,36,38,37,37,35,37,38,40,40,41,42,42,42,41,41,39,39,39,39,39,37,35,35,35,34,34,35,35,34,35,35,36,36,34,34,34,33,33,32,32,31,29,29,28,29,31,30,30,29,27,26,26,26,25
1,0,0,0,0,0,0,0,0,0,0,0,0,0,0,0,0,0,0,0,0,0,0,0,0,0,0,0,0,0,0,0,0,0,0,0,0,0,0,0,0,0,0,0,0,0,0,0,0,0,0,100,95,93,92,90,89,88,87,84,83,82,81,80,81,81,79,78,78,78,79,79,79,77,76,74,73,72,70,72,71,70,71,69,66,65,66,64,61,61,60,59,60,61,60,58,57,56,56,54,54,54,53,52,53,53,54,54,52,52,51,52,51,50,52,52,51,51,50,49,49,48,47,46,46,46,46,48,48,46,45,45,44,44,47,47,47,47,45,45,45,45,46,46,47,47,46,46,46,46,43,42,40,41,41,42,41,40,40,40,38,37,37,38,37,39,39,39,39,39,41,40,40,39,38,38,39,40,41,40,40,40,39,39,37,37,36,34,34,34,32,34,33,32,32,31,31,31,32,32,31,32
1,0,0,0,0,0,0,0,0,0,0,0,0,0,0,0,0,0,0,0,0,0,0,0,0,0,0,0,0,0,0,0,0,0,0,0,0,0,0,0,0,0,0,0,0,0,0,0,0,0,0,100,98,97,96,95,92,89,89,87,86,84,82,80,80,76,73,71,71,68,66,63,60,58,58,59,59,58,58,59,59,58,59,60,57,56,56,56,56,56,56,55,53,52,53,51,50,49,48,48,47,48,49,48,48,49,50,49,48,47,48,49,50,49,49,52,52,52,51,50,50,51,51,50,50,48,46,48,49,49,47,47,47,45,46,46,45,46,47,47,46,46,45,43,44,46,45,45,44,42,43,43,44,44,43,45,45,46,46,46,46,46,47,48,48,47,47,46,45,44,42,42,41,42,41,38,37,36,35,35,33,33,33,32,33,33,31,32,32,35,35,33,34,34,31,28,27,30,28,28,30,30
1,0,0,0,0,0,0,0,0,0,0,0,0,0,0,0,0,0,0,0,0,0,0,0,0,0,0,0,0,0,0,0,0,0,0,0,0,0,0,0,0,0,0,0,0,0,0,0,0,0,0,100,97,94,92,90,88,86,84,82,80,78,77,77,77,76,75,75,73,72,72,72,70,69,66,65,60,59,57,56,55,54,54,54,54,54,55,55,55,54,55,55,54,52,53,53,51,51,51,50,50,47,47,48,48,49,46,45,46,46,46,44,44,43,43,43,41,40,38,37,36,37,35,35,35,35,35,35,35,34,34,34,34,34,34,36,35,37,37,36,37,37,35,36,36,35,33,32,32,32,33,34,32,31,31,31,29,29,32,31,32,32,30,29,29,30,29,30,30,31,32,32,32,32,32,32,32,32,32,32,32,31,32,31,32,31,30,29,27,26,27,28,27,26,26,26,25,25,22,23,23,23
1,0,0,0,0,0,0,0,0,0,0,0,0,0,0,0,0,0,0,0,0,0,0,0,0,0,0,0,0,0,0,0,0,0,0,0,0,0,0,0,0,0,0,0,0,0,0,0,0,0,0,100,96,93,93,93,89,86,85,82,82,82,82,81,81,77,77,76,76,76,76,74,73,75,71,71,71,69,69,67,66,63,60,59,57,57,58,57,58,58,54,54,54,54,55,56,54,51,51,49,49,47,48,47,49,49,51,50,50,49,50,49,45,45,44,44,46,46,47,47,45,46,46,44,43,44,43,43,43,43,42,41,42,43,42,43,42,43,45,44,44,44,42,42,42,41,41,40,40,41,41,41,40,40,39,40,40,38,38,40,40,40,40,38,37,37,37,36,34,35,36,36,36,36,37,37,37,38,37,36,36,35,34,33,33,32,33,33,33,30,30,30,30,30,29,29,29,29,28,29,29,28
1,0,0,0,0,0,0,0,0,0,0,0,0,0,0,0,0,0,0,0,0,0,0,0,0,0,0,0,0,0,0,0,0,0,0,0,0,0,0,0,0,0,0,0,0,0,0,0,0,0,0,100,100,96,92,91,90,92,91,87,86,84,82,81,76,76,75,74,73,71,70,70,68,68,66,66,65,62,60,57,56,56,55,54,50,50,51,51,50,49,50,49,49,47,47,46,46,47,48,48,48,48,50,50,51,50,50,50,49,46,46,46,45,44,44,44,44,45,44,45,46,46,45,43,43,45,46,46,48,46,46,46,45,45,45,43,44,46,46,44,43,44,44,43,42,42,41,39,38,38,38,37,37,36,38,39,37,37,36,37,37,38,37,36,37,37,36,35,33,34,35,37,36,36,36,37,37,36,36,34,32,34,34,33,33,34,32,33,33,33,32,28,27,28,27,26,27,26,25,26,27,25
1,0,0,0,0,0,0,0,0,0,0,0,0,0,0,0,0,0,0,0,0,0,0,0,0,0,0,0,0,0,0,0,0,0,0,0,0,0,0,0,0,0,0,0,0,0,0,0,0,0,0,100,98,91,90,88,86,85,82,81,77,78,74,74,74,73,73,71,72,73,72,72,71,70,70,68,66,65,63,64,63,63,60,62,61,61,61,61,62,63,62,62,63,60,61,61,61,58,58,58,60,59,58,55,54,55,55,55,55,54,53,51,48,49,49,48,49,48,48,47,48,49,49,47,45,44,46,46,44,45,45,45,44,43,42,42,42,41,40,39,39,39,41,42,42,39,40,40,41,40,42,43,42,42,42,43,42,40,38,39,39,40,41,43,40,40,40,39,39,39,38,38,38,37,38,38,38,38,37,36,36,37,38,38,38,38,37,37,38,38,39,38,37,37,36,36,35,36,37,37,36,36
1,0,0,0,0,0,0,0,0,0,0,0,0,0,0,0,0,0,0,0,0,0,0,0,0,0,0,0,0,0,0,0,0,0,0,0,0,0,0,0,0,0,0,0,0,0,0,0,0,0,0,100,98,97,96,95,93,91,90,89,85,84,78,78,77,76,76,74,73,71,69,68,69,67,67,66,66,65,63,62,62,60,60,60,60,61,59,59,58,56,55,54,53,53,54,55,54,54,56,55,54,54,53,53,52,52,52,51,52,50,50,48,48,46,45,44,44,45,43,42,39,39,37,35,37,37,38,38,36,38,37,37,36,37,37,38,38,38,37,36,34,33,35,36,36,35,35,35,34,35,37,38,38,37,35,35,34,33,34,33,32,31,30,29,29,27,28,30,30,31,32,30,29,29,29,30,27,26,27,26,25,25,26,28,28,29,29,30,29,28,29,30,31,31,30,30,30,31,30,29,29,29
1,0,0,0,0,0,0,0,0,0,0,0,0,0,0,0,0,0,0,0,0,0,0,0,0,0,0,0,0,0,0,0,0,0,0,0,0,0,0,0,0,0,0,0,0,0,0,0,0,0,0,100,98,98,95,94,90,89,89,89,86,85,84,82,78,75,76,75,72,73,70,73,71,69,69,69,69,71,70,69,67,67,65,65,64,64,64,61,61,58,56,55,53,54,55,54,53,52,50,50,51,49,46,46,47,48,47,46,47,47,45,46,46,46,46,48,47,47,47,47,49,50,48,49,49,49,46,45,45,44,43,43,43,43,43,40,41,43,44,43,43,44,44,44,44,45,46,46,45,45,43,43,43,43,42,42,41,41,41,39,40,39,39,38,40,41,40,40,40,41,41,41,41,41,39,38,36,36,36,36,37,37,37,37,38,38,38,37,36,36,36,36,34,34,36,36,35,34,35,34,34,34
1,0,0,0,0,0,0,0,0,0,0,0,0,0,0,0,0,0,0,0,0,0,0,0,0,0,0,0,0,0,0,0,0,0,0,0,0,0,0,0,0,0,0,0,0,0,0,0,0,0,0,100,98,97,96,94,89,88,88,87,86,86,81,80,76,75,73,73,73,73,74,73,72,72,74,73,71,70,69,69,69,69,68,67,69,68,69,67,67,64,66,64,65,64,63,61,60,61,62,61,61,62,62,61,58,56,55,55,52,52,51,51,50,49,51,53,51,51,49,47,49,50,51,49,49,50,50,50,50,50,49,49,48,47,48,47,48,48,49,49,49,49,46,45,44,41,41,40,39,40,38,39,40,41,41,40,39,39,38,36,34,34,34,34,36,36,38,35,35,35,35,35,36,36,37,35,35,37,38,36,37,37,38,40,39,37,37,35,38,40,42,42,41,42,42,42,43,43,42,41,43,40
1,0,0,0,0,0,0,0,0,0,0,0,0,0,0,0,0,0,0,0,0,0,0,0,0,0,0,0,0,0,0,0,0,0,0,0,0,0,0,0,0,0,0,0,0,0,0,0,0,0,0,100,99,96,95,94,93,92,91,90,89,87,85,82,80,79,76,75,75,74,71,70,69,70,69,67,68,68,68,67,68,69,69,68,68,65,65,66,65,67,68,69,68,66,65,64,62,62,60,62,62,61,60,58,58,58,58,56,57,54,54,54,53,51,50,49,48,48,48,47,46,44,43,46,46,46,47,48,46,45,44,44,44,43,45,44,44,45,45,44,43,45,44,44,44,42,41,41,39,40,40,40,39,39,40,39,42,43,41,43,42,42,43,43,40,42,43,42,40,38,38,38,36,37,38,39,38,38,37,34,34,33,33,33,33,34,36,36,38,39,38,37,37,37,36,38,38,37,39,39,39,37
1,0,0,0,0,0,0,0,0,0,0,0,0,0,0,0,0,0,0,0,0,0,0,0,0,0,0,0,0,0,0,0,0,0,0,0,0,0,0,0,0,0,0,0,0,0,0,0,0,0,0,100,99,94,92,91,88,87,85,84,81,83,80,79,78,75,75,74,72,71,69,70,69,69,69,68,65,66,64,63,65,64,63,65,65,64,64,63,61,63,63,61,59,59,59,59,61,61,61,59,59,57,57,54,50,48,48,48,50,50,50,49,48,47,48,47,49,50,50,49,49,49,49,47,44,43,43,44,43,41,40,40,38,38,38,38,40,41,40,39,39,40,39,38,37,38,39,38,39,40,40,40,41,41,39,40,41,40,42,40,41,41,42,41,40,40,40,41,41,42,39,36,36,36,36,36,36,36,35,35,35,35,34,34,34,34,34,34,35,34,34,34,32,31,31,30,30,30,30,29,29,29
1,0,0,0,0,0,0,0,0,0,0,0,0,0,0,0,0,0,0,0,0,0,0,0,0,0,0,0,0,0,0,0,0,0,0,0,0,0,0,0,0,0,0,0,0,0,0,0,0,0,0,100,96,96,94,91,91,89,87,87,84,82,81,79,75,74,72,71,71,70,69,68,70,71,69,67,64,65,63,63,61,60,57,56,57,57,56,55,55,54,52,52,54,53,52,54,54,50,49,47,47,46,46,47,48,48,48,49,50,48,47,45,45,45,40,42,45,44,43,43,43,43,46,47,46,47,46,45,46,45,44,43,42,41,41,42,41,40,41,41,40,41,41,42,42,41,41,41,41,40,41,41,41,41,41,42,41,41,42,43,44,44,46,47,47,49,49,47,45,45,46,47,48,48,46,44,45,42,40,39,38,38,38,38,37,38,38,40,38,39,36,36,34,35,36,37,37,38,37,37,35,31
1,0,0,0,0,0,0,0,0,0,0,0,0,0,0,0,0,0,0,0,0,0,0,0,0,0,0,0,0,0,0,0,0,0,0,0,0,0,0,0,0,0,0,0,0,0,0,0,0,0,0,100,98,97,95,90,88,86,84,83,82,79,78,76,79,77,78,76,73,72,70,70,66,63,62,59,59,59,59,56,55,57,56,57,58,58,58,57,58,60,60,59,59,59,59,57,55,55,54,53,52,53,54,54,52,52,52,53,52,52,51,52,52,50,51,50,51,49,49,49,48,48,47,45,46,46,45,44,44,46,45,47,46,47,47,48,48,48,48,49,48,48,47,46,46,48,47,47,46,44,42,42,41,39,38,38,37,37,37,37,35,36,35,38,39,39,37,37,35,35,35,34,33,33,33,33,32,32,33,33,32,32,31,32,32,30,29,31,32,32,33,33,31,28,30,30,31,28,30,30,28,28
1,0,0,0,0,0,0,0,0,0,0,0,0,0,0,0,0,0,0,0,0,0,0,0,0,0,0,0,0,0,0,0,0,0,0,0,0,0,0,0,0,0,0,0,0,0,0,0,0,0,0,100,98,97,94,91,90,89,88,87,85,84,80,76,74,72,70,69,70,67,65,63,61,60,61,60,59,59,59,60,58,59,59,60,59,57,57,57,58,57,55,54,55,55,54,52,52,51,51,51,49,48,47,47,47,48,47,45,45,43,44,45,44,43,42,42,42,43,44,43,42,43,43,42,41,40,39,38,39,39,39,37,37,37,36,33,34,33,35,36,36,35,35,33,34,34,33,34,32,32,32,34,33,33,33,32,33,33,32,29,31,31,31,31,31,31,31,31,31,31,33,31,31,32,31,31,28,28,27,27,28,29,29,30,28,28,27,26,26,26,27,27,26,27,29,28,28,27,26,25,25,24
1,0,0,0,0,0,0,0,0,0,0,0,0,0,0,0,0,0,0,0,0,0,0,0,0,0,0,0,0,0,0,0,0,0,0,0,0,0,0,0,0,0,0,0,0,0,0,0,0,0,0,100,99,98,97,97,95,94,93,90,89,87,86,83,79,76,75,74,72,70,68,71,68,68,68,65,63,63,62,62,61,60,58,58,57,57,57,56,58,58,59,58,57,57,59,58,61,62,60,59,60,59,58,60,59,58,57,57,53,52,52,51,50,50,48,49,48,48,47,47,48,50,49,48,49,50,50,48,48,48,46,45,44,41,44,45,45,45,45,45,45,45,44,43,41,39,38,38,38,38,38,36,36,38,40,40,39,39,39,37,36,34,32,32,30,30,30,31,32,33,32,31,31,32,32,33,34,35,37,39,39,39,35,34,34,33,35,36,36,36,36,36,36,34,35,37,37,36,35,35,34,34
1,0,0,0,0,0,0,0,0,0,0,0,0,0,0,0,0,0,0,0,0,0,0,0,0,0,0,0,0,0,0,0,0,0,0,0,0,0,0,0,0,0,0,0,0,0,0,0,0,0,0,100,97,97,94,91,88,87,87,86,84,83,83,83,82,81,80,78,78,78,77,75,74,73,72,71,72,72,71,69,67,62,62,62,61,61,60,60,58,57,56,55,56,57,55,56,56,57,57,56,58,58,56,56,55,50,49,49,49,49,50,50,49,48,48,48,49,47,48,46,47,46,45,46,45,44,45,46,46,45,47,48,45,46,46,44,45,46,47,45,43,44,43,43,43,42,42,41,40,40,38,42,42,41,42,41,41,41,42,39,40,41,41,42,41,41,41,41,41,41,41,42,41,40,41,41,40,40,39,40,41,41,40,39,40,40,39,40,40,41,40,40,38,38,36,35,34,36,35,35,35,35
1,0,0,0,0,0,0,0,0,0,0,0,0,0,0,0,0,0,0,0,0,0,0,0,0,0,0,0,0,0,0,0,0,0,0,0,0,0,0,0,0,0,0,0,0,0,0,0,0,0,0,100,98,97,96,96,94,93,91,89,88,87,85,81,79,79,76,75,71,72,72,72,71,71,68,69,70,69,69,70,70,69,67,66,65,64,65,63,61,62,61,60,61,61,58,57,57,57,57,53,53,50,49,47,47,47,46,46,46,47,45,46,46,45,45,45,46,46,43,43,43,43,41,38,38,38,35,32,32,34,32,32,31,31,32,33,32,34,33,34,33,32,31,31,31,32,33,36,37,38,38,37,36,35,35,35,36,35,35,35,36,36,35,33,34,34,33,32,32,32,32,32,32,32,33,32,30,30,30,29,29,27,28,30,33,34,34,34,35,33,33,33,32,31,31,32,31,29,31,31,32,31
1,0,0,0,0,0,0,0,0,0,0,0,0,0,0,0,0,0,0,0,0,0,0,0,0,0,0,0,0,0,0,0,0,0,0,0,0,0,0,0,0,0,0,0,0,0,0,0,0,0,0,100,98,96,94,92,91,88,85,82,80,79,79,76,76,77,77,77,76,73,74,71,70,68,68,63,63,62,62,62,61,59,58,58,59,58,57,56,56,55,55,55,55,58,60,61,61,59,57,57,58,59,58,56,54,53,53,53,53,52,52,52,51,50,51,48,48,45,46,46,46,44,45,45,44,44,44,44,45,45,45,46,46,44,47,46,47,48,47,46,45,42,41,41,39,39,42,42,43,41,40,40,41,40,40,39,39,40,41,41,43,42,42,41,40,40,40,37,36,36,36,34,34,34,34,33,34,35,36,36,37,36,36,37,37,37,35,34,33,32,32,32,30,30,29,31,31,32,32,32,32,29
1,0,0,0,0,0,0,0,0,0,0,0,0,0,0,0,0,0,0,0,0,0,0,0,0,0,0,0,0,0,0,0,0,0,0,0,0,0,0,0,0,0,0,0,0,0,0,0,0,0,0,100,99,97,92,90,88,88,86,83,82,79,78,77,76,75,72,74,74,74,74,74,72,71,71,68,67,66,63,63,63,61,60,60,58,58,58,54,56,54,53,53,54,54,53,51,51,50,49,49,50,50,50,51,50,49,49,49,49,48,48,47,49,50,51,51,52,53,52,53,54,52,51,51,50,50,49,49,48,48,47,48,46,47,46,46,44,46,49,49,49,48,43,44,43,43,42,41,41,39,37,38,39,38,37,37,35,34,34,35,34,34,35,36,36,35,34,35,35,36,36,34,35,37,37,35,36,37,38,35,36,36,36,36,35,34,33,34,34,33,32,30,30,31,32,32,31,29,28,29,29,28
1,0,0,0,0,0,0,0,0,0,0,0,0,0,0,0,0,0,0,0,0,0,0,0,0,0,0,0,0,0,0,0,0,0,0,0,0,0,0,0,0,0,0,0,0,0,0,0,0,0,0,100,100,99,95,93,86,83,82,78,76,76,75,73,71,68,69,67,64,65,64,65,65,65,65,65,63,62,62,62,63,64,63,61,61,59,59,58,58,55,55,54,54,55,52,52,52,50,49,50,48,47,50,50,50,50,50,51,53,53,54,54,52,53,53,52,50,49,50,50,47,47,46,43,40,39,40,40,39,38,39,39,39,37,36,37,37,38,39,39,39,39,39,39,39,41,40,38,37,37,37,36,34,32,34,35,34,32,32,34,34,34,33,32,33,33,33,30,30,30,29,30,30,30,28,27,28,28,27,27,26,26,27,27,27,25,24,24,24,26,26,26,26,27,25,24,24,24,25,24,24,24
1,0,0,0,0,0,0,0,0,0,0,0,0,0,0,0,0,0,0,0,0,0,0,0,0,0,0,0,0,0,0,0,0,0,0,0,0,0,0,0,0,0,0,0,0,0,0,0,0,0,0,100,98,95,95,90,89,88,88,84,84,84,83,82,81,78,78,77,74,73,72,68,68,69,69,68,68,68,68,69,68,69,70,69,65,65,66,64,64,63,62,61,59,60,60,61,60,60,59,59,59,60,59,59,59,57,55,56,53,52,52,52,50,51,52,50,52,51,50,51,52,52,51,51,52,52,53,52,52,53,53,51,52,52,51,52,53,49,48,47,46,46,45,45,45,44,44,44,44,43,41,42,43,43,42,41,41,43,42,41,41,40,40,43,42,42,42,41,39,39,39,38,37,38,38,38,38,39,39,38,38,36,35,35,34,35,32,31,31,29,29,28,29,28,28,28,26,26,26,26,26,26
1,0,0,0,0,0,0,0,0,0,0,0,0,0,0,0,0,0,0,0,0,0,0,0,0,0,0,0,0,0,0,0,0,0,0,0,0,0,0,0,0,0,0,0,0,0,0,0,0,0,0,100,97,97,94,91,90,90,85,82,80,76,75,73,71,68,65,65,65,63,63,61,60,60,59,59,58,56,58,58,59,60,61,61,58,60,59,58,57,56,55,56,57,58,56,53,52,52,51,52,52,53,52,51,51,50,49,49,47,48,50,50,50,48,48,48,46,46,46,46,43,44,44,44,45,45,46,45,45,43,42,41,41,41,40,39,40,42,42,41,39,39,39,39,39,39,38,38,39,39,37,37,38,39,39,38,38,38,37,37,37,36,36,36,36,36,36,35,35,36,36,37,36,35,35,35,37,38,38,38,38,38,37,36,34,34,35,35,35,35,35,35,35,34,32,32,33,33,34,34,35,35
1,0,0,0,0,0,0,0,0,0,0,0,0,0,0,0,0,0,0,0,0,0,0,0,0,0,0,0,0,0,0,0,0,0,0,0,0,0,0,0,0,0,0,0,0,0,0,0,0,0,0,100,99,94,93,91,87,87,86,84,81,82,80,79,78,78,76,76,75,77,74,74,73,71,71,71,69,69,67,69,66,66,65,64,66,64,65,65,65,65,65,64,62,62,62,62,59,58,56,55,55,54,53,53,53,49,48,48,46,46,47,47,48,47,48,48,48,49,49,48,47,46,44,43,42,41,42,42,42,42,42,41,41,39,39,39,39,38,37,39,38,39,38,40,40,39,39,35,38,37,38,37,37,36,36,37,35,35,36,34,36,36,36,35,32,30,31,31,31,30,29,28,28,27,28,29,30,28,28,28,29,30,30,31,32,31,30,30,30,32,33,32,30,30,30,30,29,29,29,29,27,28
1,0,0,0,0,0,0,0,0,0,0,0,0,0,0,0,0,0,0,0,0,0,0,0,0,0,0,0,0,0,0,0,0,0,0,0,0,0,0,0,0,0,0,0,0,0,0,0,0,0,0,100,96,96,92,92,91,90,88,86,85,84,84,84,82,80,78,77,77,77,75,74,74,73,72,72,70,69,68,69,67,66,64,61,62,62,62,60,60,60,59,59,60,60,60,57,58,57,58,59,58,57,55,55,56,55,55,53,54,54,53,50,51,49,49,49,49,49,48,48,49,49,49,49,49,47,45,45,43,43,42,43,43,42,43,43,43,42,42,43,44,45,41,39,39,39,37,37,37,37,37,37,38,34,34,35,35,35,34,32,33,34,35,37,37,37,38,38,36,35,34,35,34,34,35,35,34,33,33,33,33,34,34,33,32,31,31,31,32,31,31,30,31,31,32,30,30,29,30,30,31,33
1,0,0,0,0,0,0,0,0,0,0,0,0,0,0,0,0,0,0,0,0,0,0,0,0,0,0,0,0,0,0,0,0,0,0,0,0,0,0,0,0,0,0,0,0,0,0,0,0,0,0,100,100,100,96,93,89,89,90,89,85,84,84,82,79,76,73,70,68,67,66,65,64,64,63,63,61,61,60,61,62,60,60,59,59,59,59,58,58,58,58,59,56,55,57,55,53,52,52,51,50,48,47,47,46,46,43,44,41,42,43,43,44,42,43,43,44,42,40,39,40,41,41,41,38,38,37,38,38,41,41,42,41,42,41,42,43,41,41,41,42,41,40,40,40,38,39,39,37,38,39,40,36,37,38,37,38,37,35,35,38,37,37,37,38,39,38,37,38,38,39,39,39,40,40,41,40,40,39,40,39,37,36,36,36,36,35,37,38,37,36,36,36,36,36,37,36,37,37,36,37,35
1,0,0,0,0,0,0,0,0,0,0,0,0,0,0,0,0,0,0,0,0,0,0,0,0,0,0,0,0,0,0,0,0,0,0,0,0,0,0,0,0,0,0,0,0,0,0,0,0,0,0,100,99,98,96,95,93,91,88,86,85,81,81,81,80,80,79,79,75,76,76,74,75,75,75,76,76,73,73,71,69,69,70,69,67,65,66,66,64,63,61,61,61,61,60,59,59,59,58,57,57,57,55,56,55,54,53,52,52,52,51,50,51,48,47,45,46,47,44,46,45,43,46,47,47,46,46,46,45,45,46,46,46,47,45,46,45,45,44,44,44,44,43,43,44,43,42,41,41,39,39,36,38,38,38,38,37,39,39,37,35,36,36,37,37,37,39,37,36,37,38,38,38,37,36,37,36,37,37,36,38,39,37,37,38,38,38,38,38,38,37,37,38,37,36,36,36,36,35,35,34,35
1,0,0,0,0,0,0,0,0,0,0,0,0,0,0,0,0,0,0,0,0,0,0,0,0,0,0,0,0,0,0,0,0,0,0,0,0,0,0,0,0,0,0,0,0,0,0,0,0,0,0,100,96,93,92,90,90,90,90,92,90,90,87,85,81,80,80,80,80,76,78,77,75,74,75,75,75,74,74,74,71,70,69,68,68,64,63,64,63,63,62,61,61,57,58,59,57,59,59,59,58,58,57,53,53,53,51,52,52,52,53,53,53,53,52,52,52,50,48,48,50,49,48,48,48,49,48,48,47,46,46,47,46,45,45,45,41,40,40,40,42,42,42,44,42,42,41,41,41,42,44,42,41,41,41,42,42,42,41,41,40,40,40,40,40,39,38,38,39,39,39,39,38,38,39,39,38,38,39,40,39,38,39,39,40,40,40,40,41,40,41,42,42,41,40,39,39,38,37,37,35,35
1,0,0,0,0,0,0,0,0,0,0,0,0,0,0,0,0,0,0,0,0,0,0,0,0,0,0,0,0,0,0,0,0,0,0,0,0,0,0,0,0,0,0,0,0,0,0,0,0,0,0,100,96,93,92,90,90,88,84,83,83,82,82,82,78,77,76,74,72,72,70,67,68,66,64,64,65,63,62,62,63,62,61,59,59,59,59,59,59,60,60,61,59,59,59,58,56,55,55,53,52,52,51,51,50,50,51,48,47,48,50,47,47,46,45,44,41,40,40,40,40,38,38,38,37,37,37,36,36,36,34,34,35,33,32,32,31,32,31,32,31,31,31,33,34,34,33,33,33,33,33,34,34,33,33,32,33,35,36,36,36,34,34,33,33,34,35,36,36,36,37,35,33,32,31,31,29,29,28,29,28,27,27,25,27,29,29,28,27,26,25,25,23,22,22,22,21,21,19,19,22,22
1,0,0,0,0,0,0,0,0,0,0,0,0,0,0,0,0,0,0,0,0,0,0,0,0,0,0,0,0,0,0,0,0,0,0,0,0,0,0,0,0,0,0,0,0,0,0,0,0,0,0,100,98,97,93,92,92,91,91,90,89,89,90,90,87,86,84,84,84,81,81,80,80,80,77,76,75,74,73,74,75,74,73,71,69,66,66,65,65,63,63,63,61,61,58,57,57,54,54,55,55,56,55,56,57,59,57,57,57,56,56,57,56,55,55,53,52,52,52,52,51,51,49,49,48,48,47,46,44,43,43,44,45,46,46,45,44,43,44,43,43,43,41,40,42,44,42,42,42,41,41,41,41,42,43,43,42,41,41,40,42,44,44,45,45,42,42,43,42,42,43,41,39,39,39,38,40,41,41,41,41,40,38,36,37,37,39,39,41,41,41,40,40,41,41,40,41,41,40,40,39,39
1,0,0,0,0,0,0,0,0,0,0,0,0,0,0,0,0,0,0,0,0,0,0,0,0,0,0,0,0,0,0,0,0,0,0,0,0,0,0,0,0,0,0,0,0,0,0,0,0,0,0,100,97,95,95,91,90,89,86,85,86,86,84,84,84,84,81,80,78,75,72,73,71,68,70,68,68,68,66,64,60,59,58,60,59,60,59,59,57,58,58,56,57,57,57,56,56,56,56,56,56,55,56,56,56,54,53,51,49,49,49,48,47,46,46,47,48,47,46,45,46,45,46,48,47,47,49,50,50,48,46,46,43,43,42,42,42,41,43,43,42,42,42,42,43,41,43,44,44,44,44,44,44,42,41,40,41,40,40,39,37,36,37,37,36,38,34,36,36,37,37,38,38,39,39,40,38,38,39,40,40,40,39,40,40,40,39,41,38,38,39,39,38,36,35,35,35,35,34,34,36,36
1,0,0,0,0,0,0,0,0,0,0,0,0,0,0,0,0,0,0,0,0,0,0,0,0,0,0,0,0,0,0,0,0,0,0,0,0,0,0,0,0,0,0,0,0,0,0,0,0,0,0,100,98,94,90,91,91,91,88,87,83,83,82,81,81,80,81,79,75,70,70,70,68,67,64,63,63,63,62,62,61,56,57,56,56,56,55,55,53,55,57,55,55,54,55,57,52,54,55,54,54,55,55,56,54,55,53,54,52,51,51,49,48,48,48,48,47,49,50,49,48,48,49,48,47,46,45,43,42,42,41,42,39,40,41,42,41,38,39,38,38,41,41,41,41,41,42,43,43,43,41,40,39,40,39,37,38,36,37,37,38,37,37,36,36,37,36,36,37,37,37,37,38,35,35,35,34,35,33,33,33,34,35,36,34,34,34,32,32,32,33,34,34,34,32,31,32,30,34,34,35,35
1,0,0,0,0,0,0,0,0,0,0,0,0,0,0,0,0,0,0,0,0,0,0,0,0,0,0,0,0,0,0,0,0,0,0,0,0,0,0,0,0,0,0,0,0,0,0,0,0,0,0,100,98,95,94,94,94,93,91,90,91,90,85,87,87,85,84,83,81,81,77,75,74,73,72,73,74,72,72,71,69,69,67,68,68,66,62,62,62,61,59,59,59,59,60,58,58,57,57,54,55,54,51,51,53,52,53,54,53,53,52,50,48,49,48,47,47,47,46,47,45,45,45,43,42,42,42,41,42,42,41,41,42,43,42,41,40,37,36,36,37,37,37,38,37,36,34,34,35,35,35,35,34,34,34,33,33,30,31,31,31,32,34,35,38,39,38,40,42,41,41,43,46,46,47,47,47,47,45,45,45,45,45,42,43,43,44,43,43,43,43,43,38,37,35,36,36,36,35,35,35,34
1,0,0,0,0,0,0,0,0,0,0,0,0,0,0,0,0,0,0,0,0,0,0,0,0,0,0,0,0,0,0,0,0,0,0,0,0,0,0,0,0,0,0,0,0,0,0,0,0,0,0,100,100,98,97,95,94,92,92,90,87,85,82,80,77,78,77,75,76,75,72,71,71,69,69,68,67,67,66,66,67,64,63,64,63,64,63,63,62,63,61,59,59,60,60,59,59,58,57,58,57,58,57,56,55,57,55,56,54,53,54,52,52,53,51,50,48,48,47,47,43,44,44,46,45,45,44,43,41,41,41,41,43,45,45,46,45,46,45,47,47,45,44,44,44,44,43,44,44,44,42,42,42,44,44,44,45,44,44,42,42,42,43,42,42,41,41,41,40,40,40,41,39,40,40,40,39,39,38,37,38,38,36,35,35,35,33,34,32,32,31,30,31,32,32,31,31,30,31,32,31,30
1,0,0,0,0,0,0,0,0,0,0,0,0,0,0,0,0,0,0,0,0,0,0,0,0,0,0,0,0,0,0,0,0,0,0,0,0,0,0,0,0,0,0,0,0,0,0,0,0,0,0,100,95,94,94,92,91,87,87,88,87,86,86,86,85,83,80,79,78,79,80,74,72,73,73,73,74,74,73,73,72,71,70,71,70,70,68,67,68,67,67,67,67,65,65,63,64,64,63,62,63,62,61,60,59,56,56,55,55,56,55,56,54,54,53,53,52,52,51,51,51,51,51,54,53,52,50,47,48,48,48,48,48,48,49,47,45,45,46,48,48,47,48,48,49,47,44,44,43,41,42,42,41,41,42,43,44,44,44,42,42,42,43,44,44,42,42,42,41,41,44,46,46,46,47,47,47,44,42,42,40,40,41,41,41,41,41,43,41,40,40,39,39,39,40,39,38,38,38,37,37,38
1,0,0,0,0,0,0,0,0,0,0,0,0,0,0,0,0,0,0,0,0,0,0,0,0,0,0,0,0,0,0,0,0,0,0,0,0,0,0,0,0,0,0,0,0,0,0,0,0,0,0,100,100,100,98,96,96,96,93,91,90,89,87,84,82,80,80,78,78,78,75,71,70,71,70,71,69,66,66,66,64,62,60,59,58,58,62,61,59,59,59,58,57,55,54,54,55,55,54,49,49,48,49,50,50,49,48,48,48,48,45,44,45,45,45,45,46,47,45,45,46,45,45,46,46,47,48,48,47,45,44,46,45,46,45,45,47,47,46,43,43,43,42,42,42,42,42,43,42,40,41,43,44,46,44,43,43,43,44,44,44,45,45,44,44,43,42,41,41,41,41,39,39,40,39,38,40,38,38,37,38,37,35,35,35,35,34,36,36,36,36,36,36,36,34,33,32,32,33,33,34,33
1,0,0,0,0,0,0,0,0,0,0,0,0,0,0,0,0,0,0,0,0,0,0,0,0,0,0,0,0,0,0,0,0,0,0,0,0,0,0,0,0,0,0,0,0,0,0,0,0,0,0,100,96,94,93,92,93,93,89,88,88,88,86,85,83,81,79,78,78,75,75,74,73,72,72,72,73,72,71,70,65,64,64,63,63,61,62,60,60,59,60,60,57,55,55,52,50,49,47,48,48,49,48,48,47,45,43,43,44,48,47,45,45,44,43,44,43,41,42,40,42,41,38,39,38,38,38,39,37,38,38,38,37,38,37,37,37,38,38,37,36,37,37,37,38,41,40,38,36,34,35,35,36,38,38,37,35,36,39,39,38,36,35,36,38,38,39,39,39,39,39,40,40,40,40,40,40,40,41,41,41,41,39,41,43,41,41,39,39,39,37,37,37,37,37,36,35,36,39,39,39,39
1,0,0,0,0,0,0,0,0,0,0,0,0,0,0,0,0,0,0,0,0,0,0,0,0,0,0,0,0,0,0,0,0,0,0,0,0,0,0,0,0,0,0,0,0,0,0,0,0,0,0,100,98,97,97,95,91,89,86,84,81,80,80,79,76,75,72,69,69,69,69,70,69,69,69,69,67,67,65,62,64,63,62,60,59,59,59,57,56,56,56,57,55,55,56,56,55,53,50,50,50,51,51,48,49,48,50,50,51,51,50,49,49,48,46,45,45,45,45,45,45,45,44,45,45,45,45,45,45,45,45,45,44,43,42,40,40,40,39,40,41,41,41,42,42,43,43,43,42,45,44,44,44,43,46,46,46,45,44,45,44,44,44,43,44,45,43,41,42,42,40,37,38,38,37,38,38,38,37,37,35,36,34,35,35,32,32,33,33,33,33,33,35,35,35,36,36,34,34,33,34,35
1,0,0,0,0,0,0,0,0,0,0,0,0,0,0,0,0,0,0,0,0,0,0,0,0,0,0,0,0,0,0,0,0,0,0,0,0,0,0,0,0,0,0,0,0,0,0,0,0,0,0,100,98,96,93,91,91,88,87,86,83,83,84,82,81,82,82,80,79,77,75,75,73,72,69,69,70,69,71,70,68,67,65,64,63,62,61,60,61,60,60,60,59,57,56,56,55,53,52,53,51,51,52,48,48,49,49,48,46,45,43,45,43,44,46,45,44,42,42,43,40,41,41,42,43,40,41,42,40,38,38,37,35,35,35,35,35,35,35,36,37,37,37,36,36,35,35,34,35,34,33,33,33,35,32,31,30,31,30,30,30,31,31,31,31,32,33,34,34,32,32,31,31,30,31,31,31,30,30,30,30,30,31,31,31,30,27,28,27,26,26,27,27,28,29,30,31,30,30,30,29,27
1,0,0,0,0,0,0,0,0,0,0,0,0,0,0,0,0,0,0,0,0,0,0,0,0,0,0,0,0,0,0,0,0,0,0,0,0,0,0,0,0,0,0,0,0,0,0,0,0,0,0,100,98,95,93,88,85,82,82,82,82,82,82,82,82,82,82,80,76,75,73,73,73,71,72,71,69,70,67,68,65,63,62,60,57,57,54,55,55,54,53,53,51,50,51,53,53,53,54,52,51,52,52,51,52,53,53,53,51,50,51,50,48,45,46,46,45,46,45,47,48,47,46,46,46,42,39,39,39,40,39,37,37,37,37,37,38,38,37,36,36,34,35,35,37,38,37,37,38,38,39,39,38,38,39,40,40,39,38,37,38,38,38,40,38,39,39,39,38,37,37,38,38,39,39,39,39,39,38,39,39,37,37,37,37,37,38,37,36,36,37,37,34,34,34,36,34,33,33,32,33,34
1,0,0,0,0,0,0,0,0,0,0,0,0,0,0,0,0,0,0,0,0,0,0,0,0,0,0,0,0,0,0,0,0,0,0,0,0,0,0,0,0,0,0,0,0,0,0,0,0,0,0,100,97,96,96,95,92,91,89,85,83,80,79,79,77,76,76,74,74,73,71,69,68,69,68,67,66,66,67,67,65,64,63,63,63,61,61,60,60,60,58,57,55,53,53,51,51,51,49,51,53,52,53,52,52,53,54,56,55,56,56,55,54,55,54,55,55,56,56,56,55,55,56,55,54,54,54,51,50,49,51,50,48,46,46,46,46,45,45,46,45,46,46,46,44,44,44,43,43,45,43,44,43,43,42,42,41,41,40,41,42,41,42,40,39,38,37,36,36,38,36,35,35,37,39,40,41,41,41,41,40,38,38,39,40,39,39,39,39,39,39,39,40,40,41,41,40,40,39,40,40,40
1,0,0,0,0,0,0,0,0,0,0,0,0,0,0,0,0,0,0,0,0,0,0,0,0,0,0,0,0,0,0,0,0,0,0,0,0,0,0,0,0,0,0,0,0,0,0,0,0,0,0,100,98,97,96,95,95,93,87,83,82,82,82,82,82,78,76,74,70,68,68,66,65,63,61,61,61,61,59,60,62,60,58,57,57,59,59,57,55,54,54,49,50,50,48,47,48,47,47,46,48,49,50,50,50,52,51,50,50,48,48,47,46,47,47,48,47,47,47,50,48,49,49,48,47,45,45,45,45,43,43,43,43,41,40,40,41,40,40,39,36,35,36,36,35,35,35,36,34,35,34,32,32,30,31,32,31,29,29,32,32,31,31,31,30,30,30,29,28,30,29,26,26,26,26,26,26,25,25,25,27,26,28,28,27,26,24,25,25,25,23,22,22,24,26,25,29,30,30,29,29,29
1,0,0,0,0,0,0,0,0,0,0,0,0,0,0,0,0,0,0,0,0,0,0,0,0,0,0,0,0,0,0,0,0,0,0,0,0,0,0,0,0,0,0,0,0,0,0,0,0,0,0,100,98,94,93,93,92,92,90,88,86,87,87,84,82,82,80,79,77,73,74,70,69,66,65,64,62,61,61,60,62,63,63,61,61,61,59,59,59,59,58,60,60,61,62,61,59,56,55,54,52,50,52,53,55,54,52,52,52,53,53,53,53,53,55,54,53,52,52,54,52,52,53,53,54,53,51,48,47,45,45,44,44,44,43,42,43,42,40,40,41,41,40,41,39,39,39,39,38,39,39,37,37,38,39,38,39,39,39,39,40,40,41,41,41,41,41,41,41,41,41,40,41,41,41,40,40,40,40,38,38,38,39,37,38,39,39,39,38,37,37,37,38,37,38,36,34,33,32,32,31,32
1,0,0,0,0,0,0,0,0,0,0,0,0,0,0,0,0,0,0,0,0,0,0,0,0,0,0,0,0,0,0,0,0,0,0,0,0,0,0,0,0,0,0,0,0,0,0,0,0,0,0,100,95,93,90,90,88,85,85,84,83,82,81,79,78,76,75,73,72,72,72,72,70,69,66,63,63,62,61,60,58,59,60,60,60,59,59,59,57,57,57,55,53,52,51,50,47,47,45,43,42,42,42,40,39,39,42,44,43,43,42,40,40,43,43,43,43,44,45,45,46,45,44,43,44,45,44,44,43,42,39,42,43,41,42,43,43,43,44,42,43,41,43,43,43,41,41,38,38,37,38,38,40,41,41,43,44,44,45,43,43,42,41,42,42,43,42,42,42,41,40,40,41,40,41,42,42,41,39,37,39,39,37,36,37,36,36,37,36,36,35,37,37,37,35,35,35,34,34,32,33,33
1,0,0,0,0,0,0,0,0,0,0,0,0,0,0,0,0,0,0,0,0,0,0,0,0,0,0,0,0,0,0,0,0,0,0,0,0,0,0,0,0,0,0,0,0,0,0,0,0,0,0,100,98,98,95,93,90,86,86,85,85,83,84,84,81,79,77,76,75,74,72,70,69,69,69,69,70,69,68,68,68,66,63,63,62,61,61,61,60,60,58,56,53,50,50,51,52,51,52,52,52,52,54,53,51,49,48,48,47,47,47,44,45,45,40,40,40,39,40,38,38,38,36,37,41,41,41,40,40,41,43,42,41,42,40,38,38,38,42,42,42,40,40,40,39,39,39,37,36,37,39,37,37,37,37,38,39,38,38,35,34,35,36,36,37,38,38,38,37,36,37,37,39,40,41,38,38,39,40,41,41,40,42,42,42,42,44,45,43,42,42,41,38,36,36,36,37,35,35,35,35,34
1,0,0,0,0,0,0,0,0,0,0,0,0,0,0,0,0,0,0,0,0,0,0,0,0,0,0,0,0,0,0,0,0,0,0,0,0,0,0,0,0,0,0,0,0,0,0,0,0,0,0,100,97,92,89,89,88,87,86,85,86,84,84,83,79,79,77,75,77,77,75,72,70,67,67,64,63,60,58,57,56,57,55,54,55,53,53,53,53,50,49,49,47,47,44,42,42,41,40,41,41,40,40,40,39,38,37,37,38,38,37,38,36,37,32,32,32,28,29,30,30,28,28,29,30,30,31,31,30,27,26,26,26,27,27,26,26,23,22,23,24,23,22,22,23,22,22,24,24,24,24,24,24,26,25,26,27,27,25,25,25,25,25,25,23,23,23,23,23,24,24,24,23,22,22,22,22,22,24,24,23,23,25,25,26,25,27,27,27,29,29,28,26,25,25,24,24,24,26,23,24,24
1,0,0,0,0,0,0,0,0,0,0,0,0,0,0,0,0,0,0,0,0,0,0,0,0,0,0,0,0,0,0,0,0,0,0,0,0,0,0,0,0,0,0,0,0,0,0,0,0,0,0,100,98,98,98,96,92,92,92,89,88,88,88,85,84,84,85,84,82,79,76,75,75,75,72,67,65,66,65,65,65,64,63,63,63,63,65,65,63,63,62,62,61,59,60,60,60,59,59,60,59,59,58,58,57,57,55,54,54,53,51,50,49,48,48,51,51,50,51,53,52,54,53,55,54,53,52,51,51,51,51,50,51,51,51,50,49,49,48,47,48,46,46,45,46,45,46,46,48,47,48,48,46,46,44,45,45,45,46,46,45,45,44,41,42,43,43,41,41,39,37,37,37,37,36,37,37,37,40,38,37,36,37,38,38,38,39,39,39,41,40,39,36,33,35,35,34,36,37,37,40,41
1,0,0,0,0,0,0,0,0,0,0,0,0,0,0,0,0,0,0,0,0,0,0,0,0,0,0,0,0,0,0,0,0,0,0,0,0,0,0,0,0,0,0,0,0,0,0,0,0,0,0,100,99,95,94,92,91,88,84,80,80,79,81,80,78,75,74,74,74,74,69,70,68,66,64,64,64,64,62,61,63,64,62,61,58,58,58,59,59,60,59,57,56,54,54,55,53,51,51,48,49,49,48,46,44,44,43,42,41,41,41,39,40,40,39,40,40,41,42,42,42,40,40,40,41,39,39,38,39,38,38,38,36,39,39,38,37,37,36,36,37,37,38,37,36,36,36,34,34,33,33,33,32,33,32,32,34,34,33,31,27,26,26,27,27,26,25,25,25,24,25,25,25,25,25,24,25,27,28,28,28,27,29,29,29,28,29,28,28,27,27,27,25,24,24,23,23,23,23,22,21,20
1,0,0,0,0,0,0,0,0,0,0,0,0,0,0,0,0,0,0,0,0,0,0,0,0,0,0,0,0,0,0,0,0,0,0,0,0,0,0,0,0,0,0,0,0,0,0,0,0,0,0,100,100,96,95,94,91,90,90,88,85,86,84,82,82,81,81,80,80,79,80,79,80,78,78,78,77,74,72,72,69,68,69,69,69,70,69,67,65,65,67,66,64,64,65,63,62,64,62,60,60,60,58,58,57,57,56,56,53,50,49,47,47,47,47,46,45,44,43,44,42,40,40,40,38,39,40,39,38,38,38,39,39,39,38,37,36,37,37,37,35,35,35,34,34,34,33,33,32,32,31,30,31,33,32,34,35,34,34,34,35,37,37,34,34,33,33,33,31,30,31,30,31,32,32,32,32,31,32,33,34,34,33,31,30,31,30,27,27,26,26,25,25,26,24,24,23,22,22,22,25,24
1,0,0,0,0,0,0,0,0,0,0,0,0,0,0,0,0,0,0,0,0,0,0,0,0,0,0,0,0,0,0,0,0,0,0,0,0,0,0,0,0,0,0,0,0,0,0,0,0,0,0,100,99,97,95,94,91,91,91,90,91,90,90,88,85,84,83,82,81,78,78,78,76,75,75,75,74,74,71,68,66,63,61,61,61,58,56,57,58,58,54,56,56,56,55,53,53,55,52,52,50,48,47,46,45,44,43,41,40,39,37,37,38,38,39,39,39,41,40,40,41,40,40,38,36,37,38,36,35,35,37,36,35,37,38,39,38,38,40,41,38,38,37,36,37,36,35,33,33,33,34,33,32,31,31,30,31,33,34,35,34,35,35,35,35,33,32,32,33,32,31,32,31,31,31,31,30,30,29,29,29,26,26,26,25,25,25,27,31,31,31,31,32,32,32,31,30,28,28,28,29,28
1,0,0,0,0,0,0,0,0,0,0,0,0,0,0,0,0,0,0,0,0,0,0,0,0,0,0,0,0,0,0,0,0,0,0,0,0,0,0,0,0,0,0,0,0,0,0,0,0,0,0,100,99,95,94,91,90,89,86,84,82,82,80,79,80,77,73,71,70,71,69,67,65,64,64,63,61,61,62,59,59,59,58,59,60,59,58,58,59,59,58,59,59,58,57,59,56,55,52,53,52,53,53,53,50,50,51,48,48,50,51,51,50,48,48,47,45,47,47,46,47,48,47,46,45,46,47,46,45,44,44,44,44,44,44,43,43,43,43,41,41,42,42,41,41,41,41,41,42,42,43,41,42,42,41,41,42,42,39,37,36,37,36,35,35,36,36,38,39,40,41,41,41,40,41,42,42,39,39,37,39,38,37,35,34,33,34,35,34,34,35,34,33,33,33,32,32,32,31,30,30,29
1,0,0,0,0,0,0,0,0,0,0,0,0,0,0,0,0,0,0,0,0,0,0,0,0,0,0,0,0,0,0,0,0,0,0,0,0,0,0,0,0,0,0,0,0,0,0,0,0,0,0,100,97,94,92,90,87,88,87,85,83,81,80,77,76,76,76,73,71,70,70,70,69,69,68,66,66,66,64,63,62,62,61,60,60,59,60,59,58,57,56,56,56,55,54,52,51,51,53,53,53,54,52,50,47,47,47,47,47,48,47,47,48,48,45,45,45,43,43,44,43,43,45,45,44,44,44,43,41,43,41,42,41,42,40,40,42,41,41,40,41,39,37,38,35,35,36,37,37,38,37,38,38,38,36,36,36,38,38,36,34,35,35,36,37,38,37,37,34,33,35,36,36,35,35,35,35,34,34,33,33,33,33,33,35,36,36,37,39,39,38,39,36,36,36,35,35,34,35,35,34,35
1,0,0,0,0,0,0,0,0,0,0,0,0,0,0,0,0,0,0,0,0,0,0,0,0,0,0,0,0,0,0,0,0,0,0,0,0,0,0,0,0,0,0,0,0,0,0,0,0,0,0,100,100,97,94,94,92,90,89,87,86,86,83,80,77,75,73,73,72,71,69,68,68,68,66,64,63,63,63,60,60,60,59,59,56,56,56,57,56,57,54,55,56,56,54,54,56,55,55,55,53,53,53,52,53,53,51,51,49,50,51,49,48,48,47,47,45,44,44,44,44,41,43,41,40,40,38,38,38,38,37,37,38,38,38,38,37,37,36,36,35,35,38,37,39,40,40,40,41,41,41,40,38,38,37,36,36,38,38,36,37,38,41,39,39,38,39,39,40,40,40,41,41,43,43,43,43,44,44,41,37,37,37,36,37,38,37,38,35,35,34,34,32,31,30,29,29,32,31,32,33,33
1,0,0,0,0,0,0,0,0,0,0,0,0,0,0,0,0,0,0,0,0,0,0,0,0,0,0,0,0,0,0,0,0,0,0,0,0,0,0,0,0,0,0,0,0,0,0,0,0,0,0,100,95,93,92,91,88,86,86,84,85,83,80,80,79,80,76,74,73,72,73,75,73,72,70,69,68,66,64,64,62,61,59,59,60,60,60,60,60,59,58,58,57,56,53,54,53,52,52,53,53,52,51,48,47,47,49,50,49,48,47,47,48,48,44,42,43,43,41,41,42,43,42,43,43,43,43,44,45,44,43,44,43,40,41,41,41,41,42,41,43,43,44,43,43,40,39,39,37,38,38,38,37,37,37,37,37,37,36,35,35,34,35,35,35,35,34,33,32,33,33,33,33,33,35,34,34,34,34,35,34,33,34,32,31,31,31,32,32,32,33,32,32,32,30,30,29,29,29,29,30,30
1,0,0,0,0,0,0,0,0,0,0,0,0,0,0,0,0,0,0,0,0,0,0,0,0,0,0,0,0,0,0,0,0,0,0,0,0,0,0,0,0,0,0,0,0,0,0,0,0,0,0,100,96,97,95,92,90,87,85,85,84,81,78,78,78,78,76,75,72,71,70,70,69,67,67,64,64,65,65,64,63,62,63,62,62,61,61,60,58,57,57,58,58,58,58,57,59,56,56,54,54,54,53,52,51,51,53,53,52,52,50,50,50,51,50,48,45,44,45,43,41,41,39,39,39,38,38,37,36,37,36,35,34,34,34,33,32,33,33,33,33,35,35,34,34,34,35,34,36,36,37,36,36,36,35,36,35,36,36,36,36,35,34,34,34,34,35,33,35,35,37,37,36,36,35,36,35,36,36,36,37,37,36,36,35,32,31,31,31,30,30,30,31,32,30,31,31,32,32,31,31,30
1,0,0,0,0,0,0,0,0,0,0,0,0,0,0,0,0,0,0,0,0,0,0,0,0,0,0,0,0,0,0,0,0,0,0,0,0,0,0,0,0,0,0,0,0,0,0,0,0,0,0,100,98,98,98,96,94,93,92,90,85,85,84,83,82,83,81,79,80,79,78,79,79,77,75,73,72,69,68,69,67,66,67,65,65,64,62,62,61,61,59,59,61,62,62,61,59,56,56,56,55,53,51,49,48,50,50,50,49,48,48,46,44,44,44,44,44,41,39,38,37,37,36,36,35,36,37,35,35,36,36,36,36,35,35,37,35,36,37,40,41,41,40,39,38,38,38,41,43,43,43,44,44,42,43,42,40,40,40,40,37,38,38,37,35,34,33,33,34,33,33,31,31,30,29,29,28,27,26,26,26,27,29,31,31,32,32,31,31,32,32,32,31,31,34,32,32,32,32,31,31,31
1,0,0,0,0,0,0,0,0,0,0,0,0,0,0,0,0,0,0,0,0,0,0,0,0,0,0,0,0,0,0,0,0,0,0,0,0,0,0,0,0,0,0,0,0,0,0,0,0,0,0,100,98,95,93,92,91,87,85,83,81,79,77,76,77,76,75,72,72,73,70,70,68,67,67,65,62,60,59,58,57,57,58,58,57,56,54,55,56,56,55,55,54,54,53,53,51,52,53,52,50,49,49,49,50,49,49,49,47,46,47,50,49,49,54,53,52,52,51,51,50,49,48,47,45,44,45,46,47,47,48,46,46,45,45,44,41,42,41,42,42,42,42,39,38,37,36,34,34,34,35,34,35,34,33,33,33,32,30,31,31,29,28,28,29,29,30,30,31,31,30,30,28,31,30,32,31,31,31,32,30,30,29,31,30,29,27,27,26,27,25,24,25,24,26,27,26,25,24,26,26,27
1,0,0,0,0,0,0,0,0,0,0,0,0,0,0,0,0,0,0,0,0,0,0,0,0,0,0,0,0,0,0,0,0,0,0,0,0,0,0,0,0,0,0,0,0,0,0,0,0,0,0,100,99,98,96,95,91,89,88,86,84,84,83,79,77,76,74,74,74,73,73,71,71,72,72,71,67,66,65,61,59,59,60,58,57,57,56,56,56,55,51,49,49,49,50,51,49,48,47,47,47,47,46,45,43,43,44,44,45,45,44,44,42,40,39,39,40,40,40,39,40,39,41,44,43,41,40,40,39,39,40,39,40,41,41,40,40,42,42,43,40,40,39,39,39,37,39,38,38,36,36,35,34,35,35,34,34,33,33,33,34,34,34,33,32,33,33,32,32,34,33,33,33,33,32,31,32,31,31,33,32,30,31,31,32,32,32,31,31,31,31,31,30,30,29,30,29,29,27,26,26,27
1,0,0,0,0,0,0,0,0,0,0,0,0,0,0,0,0,0,0,0,0,0,0,0,0,0,0,0,0,0,0,0,0,0,0,0,0,0,0,0,0,0,0,0,0,0,0,0,0,0,0,100,98,97,94,93,91,88,85,85,80,79,76,75,74,72,71,70,71,69,68,66,68,68,66,64,63,62,61,60,57,56,55,54,51,51,52,49,49,48,48,48,49,50,49,49,51,54,53,55,56,56,54,53,52,52,51,52,53,53,53,54,54,53,54,52,51,51,51,51,52,48,47,47,46,45,46,47,48,48,47,48,46,45,43,43,41,40,39,38,37,36,36,36,32,32,33,33,33,32,31,33,34,34,35,34,34,34,30,30,32,31,32,33,34,33,33,33,31,32,32,31,31,32,29,29,30,30,31,33,34,35,35,35,36,34,34,34,34,34,35,35,35,35,34,32,31,32,32,33,33,34
1,0,0,0,0,0,0,0,0,0,0,0,0,0,0,0,0,0,0,0,0,0,0,0,0,0,0,0,0,0,0,0,0,0,0,0,0,0,0,0,0,0,0,0,0,0,0,0,0,0,0,100,100,100,97,93,92,85,81,80,77,76,77,76,76,75,75,73,73,71,71,68,67,66,66,66,66,65,67,67,67,67,65,66,66,63,62,62,61,62,63,60,58,57,56,56,55,55,54,54,54,54,53,53,54,55,52,52,52,50,48,48,49,47,47,47,47,45,46,44,45,44,42,41,41,43,44,45,44,43,45,43,43,42,42,42,43,42,41,38,40,40,38,39,39,39,41,41,42,40,41,39,39,39,39,39,39,39,41,38,38,40,40,39,39,39,40,40,40,39,36,37,37,36,36,35,36,35,35,33,35,34,34,35,34,33,32,32,32,30,32,33,33,34,34,33,33,33,34,33,33,32
1,0,0,0,0,0,0,0,0,0,0,0,0,0,0,0,0,0,0,0,0,0,0,0,0,0,0,0,0,0,0,0,0,0,0,0,0,0,0,0,0,0,0,0,0,0,0,0,0,0,0,100,96,95,93,90,88,88,88,85,84,79,82,81,81,77,76,77,77,77,74,72,71,72,72,71,69,69,68,67,67,68,65,64,64,64,63,63,62,60,58,58,58,58,56,56,53,52,53,54,54,52,51,51,52,52,50,48,48,46,46,46,44,43,42,41,41,40,40,39,40,41,41,41,40,42,39,40,41,41,40,40,39,38,38,38,38,38,38,38,38,37,35,35,37,38,40,41,42,41,41,41,41,42,43,46,46,45,45,44,40,41,41,40,39,38,36,35,34,35,35,35,35,35,35,35,34,34,34,34,34,35,35,34,34,34,34,35,34,33,33,33,33,32,28,31,32,32,32,31,32,32
1,0,0,0,0,0,0,0,0,0,0,0,0,0,0,0,0,0,0,0,0,0,0,0,0,0,0,0,0,0,0,0,0,0,0,0,0,0,0,0,0,0,0,0,0,0,0,0,0,0,0,100,98,96,96,96,94,93,91,89,87,88,87,85,81,80,80,79,79,76,76,75,75,75,74,72,71,71,70,68,68,68,66,65,66,66,66,63,63,63,63,62,61,61,59,56,55,55,55,55,55,55,54,53,55,58,58,58,60,60,56,56,55,55,55,54,54,54,54,55,52,52,53,53,54,51,52,52,52,51,49,48,48,48,48,48,47,47,48,47,45,45,45,43,43,43,43,44,45,44,44,43,43,44,43,43,44,42,43,40,38,38,37,39,40,40,41,41,39,39,39,38,38,38,41,41,41,41,40,40,40,40,40,40,40,39,38,39,38,37,36,36,36,35,35,35,36,36,36,38,39,38
1,0,0,0,0,0,0,0,0,0,0,0,0,0,0,0,0,0,0,0,0,0,0,0,0,0,0,0,0,0,0,0,0,0,0,0,0,0,0,0,0,0,0,0,0,0,0,0,0,0,0,100,98,98,93,92,91,91,90,90,90,90,87,84,83,82,80,79,78,78,79,77,73,72,73,72,71,69,67,65,65,63,62,62,63,64,64,65,62,60,60,59,59,59,58,56,55,57,58,58,56,56,56,55,53,52,51,49,51,50,51,53,52,52,51,49,47,46,45,44,44,44,43,43,43,43,43,44,44,44,43,42,41,41,42,39,38,39,40,38,38,37,37,37,38,38,38,37,38,38,37,37,39,37,36,38,40,39,39,38,38,39,37,37,36,38,39,37,37,38,38,38,38,38,39,37,36,36,37,36,37,37,37,37,38,37,37,38,38,38,37,36,34,35,34,34,34,34,38,39,37,37
1,0,0,0,0,0,0,0,0,0,0,0,0,0,0,0,0,0,0,0,0,0,0,0,0,0,0,0,0,0,0,0,0,0,0,0,0,0,0,0,0,0,0,0,0,0,0,0,0,0,0,100,98,97,95,95,95,94,92,90,86,85,84,83,83,82,80,79,78,75,76,75,74,73,71,70,71,71,71,69,69,68,67,69,67,66,65,62,63,63,63,62,63,62,63,62,62,61,58,58,57,56,57,56,57,55,56,55,54,53,52,51,50,49,48,48,46,42,42,44,42,42,44,45,45,44,43,42,41,39,38,37,37,38,38,36,37,38,38,37,37,36,35,35,35,36,36,35,34,33,34,36,36,35,34,33,32,33,33,32,31,33,33,32,32,30,31,31,31,33,32,31,33,31,31,30,31,31,31,33,33,32,31,32,31,31,32,32,32,33,32,31,32,32,30,29,29,28,30,32,32,32
1,0,0,0,0,0,0,0,0,0,0,0,0,0,0,0,0,0,0,0,0,0,0,0,0,0,0,0,0,0,0,0,0,0,0,0,0,0,0,0,0,0,0,0,0,0,0,0,0,0,0,100,97,96,94,91,89,89,89,89,90,90,87,84,84,82,84,83,80,80,79,77,76,77,77,77,76,75,76,75,76,74,72,72,71,71,71,70,70,69,67,68,66,67,67,67,67,66,66,65,65,63,64,63,62,60,60,59,57,57,56,55,55,55,55,57,56,56,56,55,54,52,51,51,50,50,49,49,47,49,48,47,48,48,47,45,45,43,43,42,44,43,43,42,42,39,37,37,37,36,37,37,37,35,35,36,35,33,34,34,34,32,30,30,31,31,30,31,32,34,34,34,33,34,34,35,36,35,35,35,35,36,36,36,36,36,35,35,34,31,31,31,33,33,33,34,35,35,35,36,36,36
1,0,0,0,0,0,0,0,0,0,0,0,0,0,0,0,0,0,0,0,0,0,0,0,0,0,0,0,0,0,0,0,0,0,0,0,0,0,0,0,0,0,0,0,0,0,0,0,0,0,0,100,98,95,93,93,93,92,91,90,88,88,84,81,79,76,74,73,69,69,67,66,64,64,64,65,65,65,62,62,60,61,61,61,60,58,58,52,54,54,55,56,57,56,57,56,56,55,53,53,52,51,49,50,47,47,48,49,47,47,47,47,46,46,46,46,45,45,45,44,43,43,43,41,39,41,41,41,39,39,39,39,39,39,38,38,40,38,37,36,34,33,33,33,33,33,33,33,34,32,36,35,35,35,35,33,33,32,32,31,31,32,33,34,34,34,33,33,34,34,34,34,33,33,35,34,35,33,34,34,32,32,31,30,30,28,27,27,26,24,26,26,27,27,27,27,27,27,28,28,28,28
1,0,0,0,0,0,0,0,0,0,0,0,0,0,0,0,0,0,0,0,0,0,0,0,0,0,0,0,0,0,0,0,0,0,0,0,0,0,0,0,0,0,0,0,0,0,0,0,0,0,0,100,98,98,93,91,88,87,87,86,83,82,80,78,77,75,73,73,72,72,70,68,68,69,66,65,61,61,58,59,60,60,60,60,59,58,57,57,57,54,52,52,53,52,51,48,47,45,44,43,45,45,46,44,46,44,44,43,43,42,41,40,42,42,40,40,39,41,40,41,40,41,42,42,43,44,42,41,41,41,41,40,38,36,34,36,37,37,37,37,36,34,35,34,35,34,35,34,33,33,34,34,36,37,37,37,35,34,34,33,33,32,33,34,35,36,35,36,35,36,35,35,35,36,35,34,35,32,31,31,31,32,34,35,35,36,37,34,35,34,33,35,35,35,35,35,36,34,35,35,36,36
1,0,0,0,0,0,0,0,0,0,0,0,0,0,0,0,0,0,0,0,0,0,0,0,0,0,0,0,0,0,0,0,0,0,0,0,0,0,0,0,0,0,0,0,0,0,0,0,0,0,0,100,97,93,92,90,89,86,86,84,81,80,77,75,74,71,70,70,69,68,68,65,64,63,63,61,60,58,57,56,55,56,57,56,55,55,54,55,53,50,52,53,52,50,53,54,54,54,53,55,56,56,55,54,54,53,52,52,50,51,51,51,52,51,49,47,48,47,47,46,46,46,47,47,48,48,47,47,46,44,41,39,38,39,38,36,35,35,36,39,36,34,35,36,35,36,36,34,35,36,35,35,35,35,34,36,35,35,33,31,31,30,32,32,32,32,33,34,34,31,31,32,32,31,31,30,28,28,28,27,27,29,29,30,31,30,29,29,28,27,27,28,28,30,28,27,27,26,26,25,26,26
1,0,0,0,0,0,0,0,0,0,0,0,0,0,0,0,0,0,0,0,0,0,0,0,0,0,0,0,0,0,0,0,0,0,0,0,0,0,0,0,0,0,0,0,0,0,0,0,0,0,0,100,100,97,96,93,92,88,88,85,85,83,81,79,79,78,77,76,77,74,73,73,72,68,67,67,67,63,62,62,59,57,56,55,54,54,54,56,57,57,56,56,55,53,54,54,55,55,55,56,56,55,57,56,53,53,49,49,47,47,46,48,51,52,51,51,49,48,49,48,49,47,47,47,47,46,45,45,46,45,44,43,42,40,41,41,39,37,37,37,37,38,39,39,39,39,39,39,39,37,36,35,35,34,35,36,38,38,38,38,38,38,38,39,39,38,39,39,38,39,40,40,40,40,41,41,43,43,45,46,44,44,44,45,45,45,44,41,40,40,41,41,40,40,40,40,40,40,39,38,38,37
1,0,0,0,0,0,0,0,0,0,0,0,0,0,0,0,0,0,0,0,0,0,0,0,0,0,0,0,0,0,0,0,0,0,0,0,0,0,0,0,0,0,0,0,0,0,0,0,0,0,0,100,99,97,97,97,93,90,87,87,85,85,83,78,76,75,74,73,73,70,66,63,59,59,57,57,57,55,55,54,54,54,54,53,52,51,52,52,50,51,52,53,51,50,49,49,50,49,50,51,53,51,51,50,50,52,53,55,56,55,54,56,56,56,57,57,55,51,49,48,50,49,50,53,54,54,54,53,51,50,49,48,48,46,46,44,41,41,41,41,41,40,38,36,34,34,36,36,36,36,36,35,35,36,34,35,35,34,34,34,34,34,35,35,35,35,36,35,34,33,33,33,33,34,34,35,35,36,36,37,36,35,35,35,36,34,33,33,32,32,33,33,32,32,32,32,32,32,34,35,36,35
1,0,0,0,0,0,0,0,0,0,0,0,0,0,0,0,0,0,0,0,0,0,0,0,0,0,0,0,0,0,0,0,0,0,0,0,0,0,0,0,0,0,0,0,0,0,0,0,0,0,0,100,99,96,96,95,92,88,87,86,84,82,82,81,78,76,74,73,71,72,70,66,62,61,61,61,62,63,63,62,58,57,55,53,52,51,51,52,53,55,54,55,55,56,56,55,53,51,51,50,50,49,49,47,45,44,45,44,44,44,44,44,46,43,42,42,42,42,43,44,42,43,43,43,43,44,45,45,45,45,44,42,41,42,42,42,42,40,38,39,38,38,37,37,37,38,37,36,37,36,34,34,34,35,35,34,33,33,34,35,35,35,35,36,36,35,36,36,36,37,34,33,34,33,34,37,36,36,38,39,39,40,39,39,35,34,33,32,32,30,29,29,28,28,27,28,28,28,28,26,26,25
1,0,0,0,0,0,0,0,0,0,0,0,0,0,0,0,0,0,0,0,0,0,0,0,0,0,0,0,0,0,0,0,0,0,0,0,0,0,0,0,0,0,0,0,0,0,0,0,0,0,0,100,98,92,87,83,82,81,81,82,81,83,82,82,82,81,79,78,78,78,75,74,74,75,73,71,70,69,70,68,67,66,63,63,59,59,57,57,54,53,52,51,52,54,54,54,53,53,56,55,54,54,53,52,51,51,51,51,49,48,48,46,48,47,44,43,43,43,42,42,43,42,44,42,42,40,40,42,42,43,41,41,41,40,41,42,41,39,39,38,39,39,38,38,37,36,35,37,37,37,37,38,36,37,37,39,40,39,40,41,40,40,38,37,37,35,36,36,36,36,39,39,40,40,40,40,38,39,39,40,41,40,39,38,38,37,38,37,37,36,35,36,35,35,35,33,33,33,31,31,30,31
1,0,0,0,0,0,0,0,0,0,0,0,0,0,0,0,0,0,0,0,0,0,0,0,0,0,0,0,0,0,0,0,0,0,0,0,0,0,0,0,0,0,0,0,0,0,0,0,0,0,0,100,98,93,90,88,87,86,85,83,80,78,76,75,74,73,72,71,70,68,67,65,64,63,65,64,64,62,60,59,58,58,56,56,52,52,51,51,52,50,50,50,51,51,50,49,48,47,45,42,40,40,42,42,42,42,43,40,40,38,39,38,38,37,36,37,36,36,36,36,37,35,33,33,33,33,35,35,33,33,33,33,32,32,32,34,33,33,33,32,31,31,31,31,31,33,33,34,34,36,35,35,36,35,36,36,35,36,35,35,36,35,34,34,33,33,32,33,33,34,33,33,33,33,32,32,30,30,31,31,31,33,33,34,32,32,32,32,34,32,31,30,30,30,30,30,30,29,29,28,27,28
1,0,0,0,0,0,0,0,0,0,0,0,0,0,0,0,0,0,0,0,0,0,0,0,0,0,0,0,0,0,0,0,0,0,0,0,0,0,0,0,0,0,0,0,0,0,0,0,0,0,0,100,98,95,93,92,88,88,85,84,82,81,77,77,78,77,75,76,75,74,72,69,66,66,65,63,65,65,63,62,60,59,60,59,58,56,57,56,57,54,52,52,52,48,49,49,49,50,48,48,48,47,47,45,45,43,45,43,42,41,41,41,41,41,41,40,42,41,41,42,43,42,42,41,41,40,39,41,40,38,37,36,36,35,33,33,35,36,34,35,35,35,34,34,35,36,37,39,39,38,39,39,38,35,34,34,34,34,34,36,36,34,32,33,32,31,30,30,30,30,30,30,30,33,35,34,33,35,35,35,33,32,32,31,31,31,31,31,32,32,31,33,33,32,34,34,33,32,31,32,33,32
1,0,0,0,0,0,0,0,0,0,0,0,0,0,0,0,0,0,0,0,0,0,0,0,0,0,0,0,0,0,0,0,0,0,0,0,0,0,0,0,0,0,0,0,0,0,0,0,0,0,0,100,99,97,96,96,92,90,89,88,86,85,83,81,81,83,82,82,81,81,82,82,79,78,78,76,76,73,73,71,70,69,68,68,68,67,63,63,62,62,59,60,59,57,57,57,57,55,54,53,53,55,56,56,57,56,56,55,54,52,51,52,51,51,49,50,50,49,49,50,49,49,49,49,46,46,45,44,46,46,46,45,43,42,41,43,43,43,41,41,42,42,42,42,43,43,45,45,45,44,43,44,44,44,43,44,44,41,42,44,43,40,40,40,39,40,38,38,38,39,38,37,37,37,36,35,35,33,34,35,35,33,32,30,29,29,29,28,29,29,30,31,33,33,33,33,34,33,31,31,30,31
1,0,0,0,0,0,0,0,0,0,0,0,0,0,0,0,0,0,0,0,0,0,0,0,0,0,0,0,0,0,0,0,0,0,0,0,0,0,0,0,0,0,0,0,0,0,0,0,0,0,0,100,96,97,97,94,92,83,80,78,77,74,72,69,69,69,69,69,69,67,67,67,65,63,64,62,62,62,61,61,61,58,58,59,59,57,57,58,58,56,56,55,56,54,56,53,52,54,53,53,51,51,52,52,52,52,51,48,47,47,47,44,42,42,42,42,44,45,46,47,50,53,52,52,51,50,49,47,48,47,47,47,47,46,46,45,46,46,44,44,43,44,44,44,45,45,46,44,43,43,41,41,41,39,39,39,40,39,39,39,38,39,39,40,40,41,42,42,41,41,42,40,39,38,39,39,40,39,38,38,35,36,35,35,33,32,33,34,34,32,32,33,34,36,37,36,36,36,36,36,36,34
1,0,0,0,0,0,0,0,0,0,0,0,0,0,0,0,0,0,0,0,0,0,0,0,0,0,0,0,0,0,0,0,0,0,0,0,0,0,0,0,0,0,0,0,0,0,0,0,0,0,0,100,97,96,96,94,89,87,86,86,83,83,84,85,84,83,77,72,73,71,71,68,68,68,67,67,66,66,65,61,59,60,58,57,57,58,58,58,57,56,56,55,54,53,53,53,53,51,54,54,55,55,55,53,52,53,55,55,55,55,56,55,55,56,55,54,53,53,53,53,52,52,51,50,50,50,50,48,47,48,48,46,45,47,47,47,47,47,45,44,43,42,42,42,43,41,39,41,37,37,38,37,37,36,36,36,36,35,35,36,35,34,34,32,32,31,31,34,34,32,32,31,28,27,29,29,29,30,30,30,30,29,30,30,28,28,28,29,30,30,29,29,28,27,27,28,27,28,28,28,28,27
1,0,0,0,0,0,0,0,0,0,0,0,0,0,0,0,0,0,0,0,0,0,0,0,0,0,0,0,0,0,0,0,0,0,0,0,0,0,0,0,0,0,0,0,0,0,0,0,0,0,0,100,100,99,98,97,96,94,90,88,84,82,81,79,78,78,78,79,78,77,77,74,75,73,68,67,66,64,63,62,59,58,58,60,60,61,60,59,61,58,58,56,55,57,58,54,53,51,53,53,52,52,53,53,53,55,54,51,50,51,51,50,53,52,50,51,50,49,49,49,50,52,52,50,50,48,47,47,47,46,45,45,45,46,45,44,42,42,41,39,39,39,38,38,38,36,36,36,36,36,39,39,38,39,38,39,39,39,38,40,39,38,37,36,37,36,36,35,34,34,33,33,34,33,34,33,34,35,35,34,35,35,36,35,36,36,37,36,37,38,37,37,37,37,38,37,37,36,37,37,37,36
1,0,0,0,0,0,0,0,0,0,0,0,0,0,0,0,0,0,0,0,0,0,0,0,0,0,0,0,0,0,0,0,0,0,0,0,0,0,0,0,0,0,0,0,0,0,0,0,0,0,0,100,96,94,89,87,86,86,84,83,82,82,82,80,80,78,76,75,73,72,72,72,72,70,68,67,66,64,64,64,64,63,62,61,64,63,64,63,63,61,60,60,57,56,56,54,54,52,52,53,52,52,52,51,50,48,48,49,49,48,48,49,48,48,47,46,46,45,45,46,47,46,46,46,46,44,45,43,43,43,43,42,42,42,43,43,41,42,41,41,41,41,42,43,44,43,43,44,43,43,41,41,41,41,42,41,41,40,39,40,41,41,42,40,40,39,40,38,34,34,31,31,31,29,30,29,30,28,28,28,29,29,29,29,28,27,28,28,26,26,26,25,25,25,25,25,23,22,23,23,23,23
1,0,0,0,0,0,0,0,0,0,0,0,0,0,0,0,0,0,0,0,0,0,0,0,0,0,0,0,0,0,0,0,0,0,0,0,0,0,0,0,0,0,0,0,0,0,0,0,0,0,0,100,99,98,98,94,94,93,90,89,88,83,78,78,76,74,73,72,72,71,68,68,68,69,70,69,68,68,68,69,68,64,63,63,62,59,60,59,59,58,58,58,57,57,56,55,56,55,55,55,55,57,53,52,50,50,49,49,50,50,48,45,46,45,45,46,47,46,47,47,48,49,50,51,52,52,52,52,54,54,52,53,51,51,51,51,50,50,48,47,47,49,48,49,49,48,45,45,45,45,44,44,44,40,39,40,39,40,39,39,39,38,38,38,39,39,38,36,36,37,38,37,37,38,39,39,40,42,42,42,41,41,40,41,40,40,40,41,41,40,39,39,38,41,40,38,38,38,37,37,38,39
1,0,0,0,0,0,0,0,0,0,0,0,0,0,0,0,0,0,0,0,0,0,0,0,0,0,0,0,0,0,0,0,0,0,0,0,0,0,0,0,0,0,0,0,0,0,0,0,0,0,0,100,98,97,95,94,91,91,91,90,89,87,85,85,83,79,76,76,75,73,72,72,71,68,68,67,67,66,65,63,61,58,57,55,56,54,55,54,55,54,53,52,52,50,50,50,51,51,50,50,49,48,47,48,47,46,47,46,46,46,45,45,47,45,46,46,46,45,43,43,44,45,45,46,45,45,45,45,45,44,45,45,45,42,41,40,41,39,39,39,41,42,43,43,43,43,43,43,44,45,45,45,45,46,45,46,46,46,47,45,45,45,45,45,44,43,44,42,42,42,41,41,41,40,40,40,40,38,39,40,39,38,39,37,37,39,38,38,38,36,35,35,34,33,33,32,30,29,29,29,29,31
1,0,0,0,0,0,0,0,0,0,0,0,0,0,0,0,0,0,0,0,0,0,0,0,0,0,0,0,0,0,0,0,0,0,0,0,0,0,0,0,0,0,0,0,0,0,0,0,0,0,0,100,99,99,97,96,94,93,91,88,86,83,81,79,77,77,74,74,72,70,68,67,67,65,63,63,64,64,63,61,61,59,61,61,61,62,63,63,63,61,60,60,59,57,56,55,57,59,60,60,59,59,59,59,58,57,57,57,58,57,56,56,57,55,55,55,54,52,54,53,53,54,53,52,51,51,51,52,51,49,48,49,49,49,50,51,51,50,49,50,49,49,49,48,49,50,50,49,47,46,47,47,48,48,46,46,46,45,47,47,46,46,45,45,45,44,44,43,43,42,43,39,39,38,39,39,38,37,37,35,36,36,36,36,37,38,40,40,40,40,39,40,39,39,37,37,36,38,38,38,38,38
1,0,0,0,0,0,0,0,0,0,0,0,0,0,0,0,0,0,0,0,0,0,0,0,0,0,0,0,0,0,0,0,0,0,0,0,0,0,0,0,0,0,0,0,0,0,0,0,0,0,0,100,99,98,97,93,92,91,91,90,90,90,88,85,84,81,80,78,76,75,73,74,72,72,70,68,63,61,63,60,59,59,58,54,54,55,53,51,44,46,46,46,46,47,47,45,46,45,44,44,43,44,43,42,42,44,43,44,43,43,45,48,49,49,47,46,45,43,41,42,43,43,43,40,41,42,41,40,37,36,36,35,35,34,34,34,34,33,33,35,34,34,34,33,31,31,31,30,31,31,30,30,29,28,28,27,27,27,26,26,24,25,26,28,30,28,28,28,29,28,28,28,31,30,30,32,33,34,33,32,31,30,30,30,29,28,30,30,29,29,29,28,28,30,30,30,28,28,28,29,29,30
1,0,0,0,0,0,0,0,0,0,0,0,0,0,0,0,0,0,0,0,0,0,0,0,0,0,0,0,0,0,0,0,0,0,0,0,0,0,0,0,0,0,0,0,0,0,0,0,0,0,0,100,100,99,94,91,90,89,85,81,80,79,78,77,75,74,73,73,71,71,69,69,68,66,65,63,65,66,64,66,68,67,67,64,64,65,63,64,63,61,59,58,57,56,55,56,56,57,57,55,55,53,54,53,54,52,50,50,50,48,48,47,46,47,46,45,45,45,45,46,47,46,47,46,46,47,46,47,46,45,46,45,44,45,43,44,43,42,42,41,39,38,36,35,34,35,36,36,35,35,36,36,35,35,35,36,36,37,38,37,36,36,35,35,36,38,38,38,38,38,36,36,34,31,31,31,31,31,33,31,33,34,35,33,32,32,31,31,33,31,33,34,34,33,33,35,34,34,33,32,30,31
1,0,0,0,0,0,0,0,0,0,0,0,0,0,0,0,0,0,0,0,0,0,0,0,0,0,0,0,0,0,0,0,0,0,0,0,0,0,0,0,0,0,0,0,0,0,0,0,0,0,0,100,96,95,95,91,90,86,83,82,81,79,77,76,75,74,75,74,71,69,70,69,67,64,65,64,64,65,67,66,63,63,63,61,62,63,62,62,59,60,60,59,60,58,57,57,56,54,53,53,54,52,52,51,50,50,50,51,49,49,50,49,51,53,51,51,52,51,51,51,51,51,52,52,51,49,48,48,49,50,51,52,50,48,48,47,47,45,44,45,46,45,42,40,40,39,38,39,41,40,40,39,37,38,37,35,35,34,34,35,33,34,34,34,34,34,33,35,34,34,33,33,34,33,32,32,31,31,32,32,32,31,27,27,28,27,27,28,28,28,29,28,26,24,23,23,25,25,24,24,24,27
1,0,0,0,0,0,0,0,0,0,0,0,0,0,0,0,0,0,0,0,0,0,0,0,0,0,0,0,0,0,0,0,0,0,0,0,0,0,0,0,0,0,0,0,0,0,0,0,0,0,0,100,98,97,96,94,94,93,91,92,89,91,88,86,83,81,79,78,76,76,77,77,77,77,75,74,74,74,74,72,70,69,69,70,70,70,67,68,66,67,67,66,65,67,66,67,68,67,65,63,59,58,58,57,56,55,55,54,53,52,51,53,54,54,54,55,55,55,55,52,50,49,48,47,47,47,47,48,49,47,47,46,46,47,48,48,47,46,46,45,44,45,44,42,42,44,45,45,45,43,43,41,41,37,36,36,37,36,35,37,37,38,38,37,37,36,36,36,35,35,35,32,33,33,35,35,36,37,37,35,36,39,37,37,37,34,36,35,34,34,34,34,34,36,36,35,33,31,32,33,34,33
1,0,0,0,0,0,0,0,0,0,0,0,0,0,0,0,0,0,0,0,0,0,0,0,0,0,0,0,0,0,0,0,0,0,0,0,0,0,0,0,0,0,0,0,0,0,0,0,0,0,0,100,98,97,96,96,95,95,95,94,92,91,91,90,89,89,89,87,86,84,83,81,80,78,73,73,75,75,73,72,71,68,68,66,66,65,63,64,62,62,62,63,62,61,60,58,57,58,56,55,56,54,53,52,52,52,51,53,53,53,52,51,50,50,51,51,49,48,49,50,47,46,48,49,49,49,49,50,51,49,48,48,48,45,46,43,42,42,43,43,43,43,41,39,39,42,42,45,44,43,42,43,42,41,42,41,42,42,43,44,43,43,42,41,41,42,42,41,38,38,39,39,38,38,37,37,37,36,34,35,33,32,30,30,30,29,29,31,32,32,32,32,33,33,34,35,34,35,35,35,35,36
1,0,0,0,0,0,0,0,0,0,0,0,0,0,0,0,0,0,0,0,0,0,0,0,0,0,0,0,0,0,0,0,0,0,0,0,0,0,0,0,0,0,0,0,0,0,0,0,0,0,0,100,98,95,92,92,91,89,88,87,85,84,80,79,77,74,75,72,68,68,66,66,65,64,62,60,58,57,56,56,55,54,54,53,53,53,52,54,57,57,55,52,52,49,50,48,48,47,47,49,50,51,51,51,51,50,49,47,48,50,50,50,49,47,47,47,47,46,45,45,41,39,40,39,39,41,41,43,43,45,46,45,43,42,41,40,39,39,39,40,39,38,37,38,39,37,38,37,37,37,37,37,33,31,31,32,32,32,32,34,34,32,31,32,30,31,31,31,31,33,33,33,34,34,34,33,34,34,34,34,35,35,34,32,35,36,35,36,34,35,33,33,33,33,33,33,32,32,33,33,35,36
1,0,0,0,0,0,0,0,0,0,0,0,0,0,0,0,0,0,0,0,0,0,0,0,0,0,0,0,0,0,0,0,0,0,0,0,0,0,0,0,0,0,0,0,0,0,0,0,0,0,0,100,97,97,97,95,92,91,84,83,83,82,81,81,79,79,79,78,79,78,76,71,71,71,70,69,68,66,67,64,62,63,64,64,65,64,61,60,62,60,58,57,56,56,53,52,52,52,49,49,48,48,47,45,44,45,42,42,41,41,41,40,40,40,42,40,39,39,38,38,39,40,40,40,39,38,38,37,36,35,35,35,35,33,34,34,34,34,34,33,34,35,36,36,36,35,37,38,37,37,36,36,36,37,38,37,39,41,41,41,39,39,39,39,38,37,36,36,36,35,36,35,36,35,37,37,36,36,36,38,37,36,35,34,33,33,33,33,32,33,33,32,31,31,33,33,33,32,31,31,31,32
1,0,0,0,0,0,0,0,0,0,0,0,0,0,0,0,0,0,0,0,0,0,0,0,0,0,0,0,0,0,0,0,0,0,0,0,0,0,0,0,0,0,0,0,0,0,0,0,0,0,0,100,100,97,94,94,93,90,90,90,87,87,84,84,83,82,80,78,78,77,77,75,75,73,72,72,70,70,69,68,66,65,63,62,62,63,62,64,63,60,61,62,61,61,60,60,59,58,57,62,62,60,55,54,52,50,47,46,46,46,46,48,49,47,47,46,44,45,46,44,43,44,43,45,44,46,46,46,46,46,45,45,42,41,41,40,40,40,40,40,40,38,37,36,37,37,37,39,39,39,40,41,41,41,42,42,41,41,41,41,43,42,42,41,39,39,38,39,40,39,37,34,31,33,31,31,32,31,30,32,32,33,33,34,34,34,34,35,33,35,34,35,36,37,35,35,36,36,34,35,35,34
1,0,0,0,0,0,0,0,0,0,0,0,0,0,0,0,0,0,0,0,0,0,0,0,0,0,0,0,0,0,0,0,0,0,0,0,0,0,0,0,0,0,0,0,0,0,0,0,0,0,0,100,99,95,93,88,86,85,79,77,77,76,76,75,76,75,73,72,73,73,73,72,72,72,71,68,68,64,61,62,61,62,62,63,62,63,61,58,55,52,53,53,51,48,46,46,42,43,42,41,39,40,38,38,39,37,36,37,37,35,34,33,35,35,35,34,34,36,35,34,33,34,36,36,36,36,35,38,37,36,37,39,38,39,40,37,37,37,37,36,35,36,35,36,36,34,32,32,31,33,34,37,37,37,36,36,36,35,35,36,35,35,35,37,40,38,38,40,38,38,36,38,37,37,37,36,36,36,36,37,37,37,35,35,35,34,34,33,30,30,29,27,28,28,28,27,28,29,30,30,31,32
1,0,0,0,0,0,0,0,0,0,0,0,0,0,0,0,0,0,0,0,0,0,0,0,0,0,0,0,0,0,0,0,0,0,0,0,0,0,0,0,0,0,0,0,0,0,0,0,0,0,0,100,97,95,95,93,92,92,90,86,85,86,85,84,82,82,80,77,75,74,72,69,69,70,68,66,67,69,69,70,67,66,66,66,66,65,65,65,64,60,62,62,61,61,60,60,59,57,59,59,59,58,55,54,53,53,53,53,51,52,52,50,48,47,47,47,47,46,45,46,44,46,47,47,46,44,44,47,46,47,46,45,44,44,45,45,46,47,46,44,44,46,46,46,45,41,42,45,45,45,45,47,45,45,43,43,43,42,41,41,40,38,35,35,33,33,33,32,33,33,34,33,34,34,33,34,33,32,33,33,32,33,31,30,31,30,31,29,28,28,27,27,27,27,27,27,27,29,29,29,29,28
1,0,0,0,0,0,0,0,0,0,0,0,0,0,0,0,0,0,0,0,0,0,0,0,0,0,0,0,0,0,0,0,0,0,0,0,0,0,0,0,0,0,0,0,0,0,0,0,0,0,0,100,99,97,95,93,90,87,87,86,85,85,84,82,81,79,78,78,77,76,77,75,74,72,72,72,72,70,68,66,65,65,65,65,65,65,67,64,61,62,63,59,57,57,58,57,55,56,56,55,54,54,54,53,53,53,54,54,53,52,53,53,54,54,51,51,52,52,51,44,44,42,43,44,45,44,43,43,44,44,43,45,44,43,42,42,42,42,41,40,40,39,37,35,36,36,35,37,39,38,38,38,36,36,37,38,38,37,38,38,38,38,38,38,39,41,37,36,36,36,36,36,36,35,36,35,35,35,35,32,33,34,34,34,33,36,34,34,30,31,30,29,28,28,28,30,28,28,29,30,30,30
1,0,0,0,0,0,0,0,0,0,0,0,0,0,0,0,0,0,0,0,0,0,0,0,0,0,0,0,0,0,0,0,0,0,0,0,0,0,0,0,0,0,0,0,0,0,0,0,0,0,0,100,98,96,93,91,89,88,88,87,85,83,83,82,77,75,73,72,71,70,69,69,68,68,69,66,66,66,65,65,66,65,63,64,63,62,60,60,61,59,58,57,58,56,56,56,55,54,54,53,54,52,52,52,52,51,51,49,47,45,43,43,43,43,43,41,41,41,41,42,44,46,46,47,48,48,48,48,49,47,44,44,44,44,46,46,44,44,43,42,44,45,44,43,42,42,42,43,42,41,43,42,42,42,41,42,42,41,41,39,40,36,37,36,35,35,36,35,35,35,34,34,33,33,34,35,36,36,36,36,37,32,33,33,33,34,34,34,33,32,33,33,34,34,33,32,32,32,32,32,31,32
1,0,0,0,0,0,0,0,0,0,0,0,0,0,0,0,0,0,0,0,0,0,0,0,0,0,0,0,0,0,0,0,0,0,0,0,0,0,0,0,0,0,0,0,0,0,0,0,0,0,0,100,99,97,96,96,93,92,93,92,92,91,87,86,84,84,83,79,77,76,74,73,71,72,72,71,70,69,68,69,70,69,68,68,68,67,68,70,70,68,68,67,67,66,64,63,62,62,62,62,61,62,60,61,61,59,59,56,55,54,51,51,52,48,48,45,44,43,43,41,40,39,38,39,38,39,38,37,37,35,35,36,36,36,37,37,37,39,40,41,42,41,42,42,42,42,41,40,40,39,38,38,38,36,37,38,36,34,34,34,34,32,32,30,31,31,33,33,33,33,33,33,33,34,34,35,36,36,36,34,34,34,35,37,37,37,39,38,38,38,39,39,39,38,38,37,36,35,34,34,32,28
1,0,0,0,0,0,0,0,0,0,0,0,0,0,0,0,0,0,0,0,0,0,0,0,0,0,0,0,0,0,0,0,0,0,0,0,0,0,0,0,0,0,0,0,0,0,0,0,0,0,0,100,93,93,92,89,87,84,82,77,75,75,73,74,74,74,75,72,71,68,70,69,68,67,65,66,67,66,65,64,64,63,58,58,59,59,57,58,58,58,58,59,58,58,57,54,54,53,51,48,47,48,47,47,46,47,45,44,42,42,42,43,44,43,42,40,40,40,38,37,37,38,36,36,35,33,30,30,30,32,32,31,32,33,33,32,33,34,36,36,34,34,34,35,36,35,34,34,35,36,34,35,35,35,35,36,35,36,37,37,37,38,39,38,37,38,39,40,40,40,39,39,38,36,35,35,36,34,35,34,32,32,33,33,35,34,34,34,33,32,32,32,32,33,33,33,33,32,34,35,36,37
1,0,0,0,0,0,0,0,0,0,0,0,0,0,0,0,0,0,0,0,0,0,0,0,0,0,0,0,0,0,0,0,0,0,0,0,0,0,0,0,0,0,0,0,0,0,0,0,0,0,0,100,98,98,95,94,92,87,87,85,85,83,82,80,80,79,77,77,76,76,75,75,74,72,70,69,69,68,69,67,65,65,65,60,58,58,58,58,55,56,56,56,56,55,55,55,55,57,57,53,53,53,52,50,48,46,45,45,43,43,44,43,43,44,43,41,41,43,41,42,42,40,39,41,39,39,39,38,38,40,39,39,39,40,40,39,38,37,38,39,36,36,35,36,36,37,37,37,38,38,35,34,34,33,34,34,34,34,36,35,36,36,36,37,34,34,34,36,35,34,34,34,34,34,34,34,34,33,32,32,29,29,29,29,28,29,30,29,28,28,28,29,28,27,27,27,26,26,26,26,26,26
1,0,0,0,0,0,0,0,0,0,0,0,0,0,0,0,0,0,0,0,0,0,0,0,0,0,0,0,0,0,0,0,0,0,0,0,0,0,0,0,0,0,0,0,0,0,0,0,0,0,0,100,98,96,95,91,87,86,84,85,83,83,84,82,79,78,79,79,78,75,75,76,75,73,72,71,69,69,70,69,69,69,68,67,65,66,67,64,64,62,61,60,60,60,60,58,57,55,55,54,54,55,57,56,57,57,57,58,56,55,55,55,54,54,55,53,55,53,53,50,49,49,48,47,46,46,46,46,45,45,45,44,44,45,47,47,47,45,44,44,44,42,42,42,40,39,38,36,38,37,37,38,36,36,36,35,35,33,33,33,34,35,34,35,36,34,33,34,35,34,33,33,34,35,35,35,37,36,35,34,33,33,33,32,33,34,33,33,32,32,32,31,30,30,30,30,30,31,31,32,31,31
1,0,0,0,0,0,0,0,0,0,0,0,0,0,0,0,0,0,0,0,0,0,0,0,0,0,0,0,0,0,0,0,0,0,0,0,0,0,0,0,0,0,0,0,0,0,0,0,0,0,0,100,99,97,96,95,95,94,94,91,91,90,88,88,87,82,82,78,78,76,75,74,73,70,70,70,70,69,69,68,68,71,70,70,67,67,68,69,68,65,66,66,64,64,64,63,63,63,65,64,65,63,62,62,62,62,60,60,62,62,61,61,61,57,57,57,57,55,54,54,53,52,53,52,51,52,50,49,49,48,49,48,48,49,50,49,50,51,49,49,50,49,47,48,50,51,50,49,47,47,46,45,44,43,45,43,42,42,42,42,41,43,43,44,44,43,45,45,44,44,44,46,46,45,45,43,43,42,42,42,42,41,41,42,42,41,41,39,39,41,39,38,39,38,38,36,34,35,35,32,32,32
1,0,0,0,0,0,0,0,0,0,0,0,0,0,0,0,0,0,0,0,0,0,0,0,0,0,0,0,0,0,0,0,0,0,0,0,0,0,0,0,0,0,0,0,0,0,0,0,0,0,0,100,97,96,97,96,94,93,92,91,91,90,90,91,90,87,84,83,79,74,74,71,72,72,72,73,70,71,71,70,69,70,69,68,67,69,69,69,68,68,66,66,64,62,60,57,56,55,55,55,56,55,53,53,51,51,51,51,51,53,53,53,52,51,50,48,48,47,45,43,44,44,45,46,45,47,46,44,45,45,45,46,46,45,44,43,43,43,43,45,45,44,44,42,42,39,39,39,39,38,39,39,38,38,37,38,38,38,38,39,38,38,37,36,35,35,34,34,34,35,35,34,34,36,37,35,34,35,36,36,36,35,36,36,36,36,36,37,37,38,35,33,33,32,31,32,33,33,33,33,31,33
1,0,0,0,0,0,0,0,0,0,0,0,0,0,0,0,0,0,0,0,0,0,0,0,0,0,0,0,0,0,0,0,0,0,0,0,0,0,0,0,0,0,0,0,0,0,0,0,0,0,0,100,97,96,93,92,92,92,92,89,88,87,86,84,85,82,80,79,76,74,69,66,66,66,64,65,64,64,64,64,62,63,64,65,65,65,64,62,62,61,61,58,62,58,58,58,58,56,56,56,55,52,50,52,51,50,47,48,48,50,48,49,48,48,47,47,47,47,47,47,46,47,47,48,47,45,46,47,45,44,45,45,45,45,46,44,45,45,43,41,41,42,41,41,39,38,38,38,39,40,39,40,39,40,40,40,38,38,39,39,39,37,38,38,39,37,36,36,35,35,37,38,39,38,38,39,38,38,38,38,38,38,38,39,40,36,35,35,33,30,28,28,28,27,28,26,28,26,29,31,31,31
1,0,0,0,0,0,0,0,0,0,0,0,0,0,0,0,0,0,0,0,0,0,0,0,0,0,0,0,0,0,0,0,0,0,0,0,0,0,0,0,0,0,0,0,0,0,0,0,0,0,0,100,97,96,94,93,92,91,91,90,90,90,87,87,86,84,80,79,78,78,76,77,78,76,75,75,74,72,74,74,74,75,75,75,74,73,72,70,69,70,70,70,69,70,68,68,67,66,66,66,66,65,65,62,61,58,58,56,55,55,56,56,55,55,54,54,54,53,52,52,54,53,51,51,50,51,51,49,48,45,44,44,42,42,41,41,40,39,38,41,43,43,43,45,44,43,42,42,44,45,45,45,45,43,43,43,42,40,41,41,41,41,39,40,40,40,39,37,37,37,36,35,35,36,36,37,37,35,35,35,36,35,36,36,35,35,36,35,35,36,36,36,36,36,36,36,35,34,34,34,35,34
1,0,0,0,0,0,0,0,0,0,0,0,0,0,0,0,0,0,0,0,0,0,0,0,0,0,0,0,0,0,0,0,0,0,0,0,0,0,0,0,0,0,0,0,0,0,0,0,0,0,0,100,96,95,93,93,92,89,88,90,89,87,85,84,83,82,82,80,79,78,79,78,77,76,73,71,70,68,68,68,69,68,66,64,64,64,64,64,64,63,63,63,61,59,58,56,55,55,54,52,53,52,52,52,50,51,50,47,45,43,41,42,40,40,39,37,37,37,37,36,35,34,33,32,33,33,32,33,33,34,34,34,33,32,31,31,31,31,30,31,32,30,29,29,29,31,30,30,29,29,30,31,32,31,30,32,32,32,30,30,30,31,31,30,31,31,30,30,31,30,29,29,28,28,27,28,28,28,27,27,27,25,25,26,28,28,28,28,29,29,29,30,29,27,27,27,28,29,29,28,28,29
1,0,0,0,0,0,0,0,0,0,0,0,0,0,0,0,0,0,0,0,0,0,0,0,0,0,0,0,0,0,0,0,0,0,0,0,0,0,0,0,0,0,0,0,0,0,0,0,0,0,0,100,99,99,97,92,89,89,89,88,86,85,84,80,81,79,79,78,77,78,77,76,77,77,78,77,77,75,75,74,72,72,69,68,67,68,66,66,66,65,64,60,59,55,55,55,53,53,52,54,53,54,56,57,54,52,53,50,49,46,46,45,46,47,44,44,43,43,44,45,45,46,47,47,46,44,44,46,47,46,44,42,41,41,41,41,43,42,40,40,40,38,39,39,38,38,39,39,38,37,37,36,35,34,35,34,33,34,36,36,36,36,35,34,34,33,35,34,34,33,33,32,31,32,33,34,33,34,34,33,32,32,30,30,29,30,31,29,28,28,28,28,29,29,28,29,30,29,29,30,30,30
1,0,0,0,0,0,0,0,0,0,0,0,0,0,0,0,0,0,0,0,0,0,0,0,0,0,0,0,0,0,0,0,0,0,0,0,0,0,0,0,0,0,0,0,0,0,0,0,0,0,0,100,98,95,91,88,86,86,86,84,82,82,80,80,76,74,73,73,72,72,71,70,68,66,65,64,63,62,61,60,57,58,59,57,55,54,51,49,51,50,50,49,48,44,44,43,44,43,42,42,43,43,43,43,43,43,42,43,44,43,41,41,41,42,41,41,42,43,42,42,40,37,38,38,38,40,40,39,40,38,38,40,40,41,41,42,42,42,42,41,41,42,41,38,38,39,40,38,39,38,38,37,37,37,35,36,37,38,38,37,36,37,36,36,38,38,38,40,41,42,41,42,40,38,39,39,39,41,40,40,41,40,39,40,40,39,40,41,41,41,40,38,38,38,37,37,36,35,36,33,33,33
1,0,0,0,0,0,0,0,0,0,0,0,0,0,0,0,0,0,0,0,0,0,0,0,0,0,0,0,0,0,0,0,0,0,0,0,0,0,0,0,0,0,0,0,0,0,0,0,0,0,0,100,98,94,93,91,89,87,87,86,82,82,79,75,75,75,73,71,71,67,66,66,66,66,67,66,66,63,60,60,59,60,58,58,58,57,57,56,56,53,53,52,52,52,52,54,53,53,54,53,52,52,51,52,53,51,50,49,50,49,47,46,45,45,45,43,42,42,40,40,41,41,39,39,37,37,36,37,37,39,40,43,45,44,43,43,44,43,42,41,40,40,40,39,39,38,37,36,37,37,37,37,38,37,39,39,38,37,37,37,36,36,35,35,35,34,33,31,31,31,29,29,28,27,26,25,26,26,27,27,27,27,26,26,27,26,26,25,25,24,25,25,25,25,25,25,24,24,24,24,24,24
1,0,0,0,0,0,0,0,0,0,0,0,0,0,0,0,0,0,0,0,0,0,0,0,0,0,0,0,0,0,0,0,0,0,0,0,0,0,0,0,0,0,0,0,0,0,0,0,0,0,0,100,98,96,96,96,95,94,94,90,89,84,84,81,80,80,79,77,73,71,69,69,69,69,69,67,67,65,64,61,61,59,58,56,53,54,52,54,53,53,53,51,48,47,48,47,48,49,49,48,46,45,48,46,46,45,43,44,45,44,46,47,47,48,50,49,48,48,50,47,47,45,46,44,41,41,42,42,42,41,42,41,40,40,41,40,40,41,41,42,42,41,38,38,40,42,40,39,37,38,37,37,37,37,37,37,39,39,38,37,36,34,34,33,33,34,36,35,34,31,31,31,32,30,30,30,30,29,30,30,30,30,30,31,30,29,29,29,29,29,28,27,27,25,25,24,24,23,23,23,22,20
1,0,0,0,0,0,0,0,0,0,0,0,0,0,0,0,0,0,0,0,0,0,0,0,0,0,0,0,0,0,0,0,0,0,0,0,0,0,0,0,0,0,0,0,0,0,0,0,0,0,0,100,100,99,99,96,95,93,91,89,86,86,83,80,78,77,75,77,77,75,75,74,72,68,68,68,68,67,67,65,65,62,60,60,60,60,61,57,56,56,56,56,56,57,54,54,53,51,47,47,45,45,44,44,43,43,42,41,41,43,42,42,42,42,43,41,43,42,43,45,46,47,47,47,47,47,47,48,49,50,48,47,46,47,45,44,44,44,42,42,41,40,40,40,40,39,39,39,39,39,40,40,40,39,39,40,42,42,41,43,44,44,44,42,42,42,41,42,42,42,44,43,44,44,44,44,42,42,41,41,40,41,40,39,38,40,41,41,42,42,41,39,39,39,38,36,33,32,31,32,32,30
1,0,0,0,0,0,0,0,0,0,0,0,0,0,0,0,0,0,0,0,0,0,0,0,0,0,0,0,0,0,0,0,0,0,0,0,0,0,0,0,0,0,0,0,0,0,0,0,0,0,0,100,100,99,99,95,94,91,89,87,87,86,85,85,84,82,83,83,81,81,79,80,80,78,76,76,75,74,74,73,71,69,68,67,67,66,67,67,65,63,63,64,65,65,64,64,63,60,62,60,59,58,57,57,57,58,58,57,57,55,54,54,54,54,54,54,53,52,51,50,51,50,49,50,48,47,47,45,45,42,43,42,40,38,38,40,39,38,38,40,41,42,43,42,43,42,41,42,44,43,41,41,41,41,41,41,42,42,41,40,41,41,40,39,39,39,39,40,39,38,37,37,34,34,35,35,35,37,38,39,38,38,36,35,34,35,36,37,37,36,35,34,34,34,35,37,37,36,38,36,36,34
1,0,0,0,0,0,0,0,0,0,0,0,0,0,0,0,0,0,0,0,0,0,0,0,0,0,0,0,0,0,0,0,0,0,0,0,0,0,0,0,0,0,0,0,0,0,0,0,0,0,0,100,100,96,93,91,90,87,84,81,77,75,74,74,73,72,71,69,70,69,67,66,68,66,64,62,62,62,61,62,62,61,59,58,59,59,56,58,56,55,55,52,52,50,51,48,47,47,48,48,48,46,45,44,44,43,45,41,40,39,39,38,39,38,37,36,37,38,37,37,37,35,33,30,28,26,28,29,29,29,28,28,29,28,28,27,28,28,28,28,26,26,26,26,26,27,27,27,27,27,27,25,24,23,23,25,26,25,25,24,24,24,25,26,25,26,26,26,25,25,24,26,26,27,28,29,31,31,31,31,30,29,30,29,31,29,29,30,29,28,27,27,28,27,26,27,27,26,25,24,25,24
1,0,0,0,0,0,0,0,0,0,0,0,0,0,0,0,0,0,0,0,0,0,0,0,0,0,0,0,0,0,0,0,0,0,0,0,0,0,0,0,0,0,0,0,0,0,0,0,0,0,0,100,99,97,95,93,91,87,86,86,87,86,86,83,83,81,81,77,75,75,72,72,68,69,69,69,68,67,64,59,59,56,56,55,55,56,56,53,53,53,54,53,54,52,54,55,57,56,56,55,55,56,54,54,52,52,52,53,54,54,54,51,52,53,52,50,50,52,52,52,52,52,52,51,50,46,44,45,46,46,45,45,43,43,42,41,39,39,38,39,39,40,38,38,38,38,40,38,38,38,38,37,37,37,36,35,35,36,33,32,33,33,33,33,33,32,32,31,32,32,33,32,33,33,34,34,32,33,34,35,34,36,35,32,31,30,31,31,32,31,31,30,30,30,30,28,28,27,27,25,26,28
1,0,0,0,0,0,0,0,0,0,0,0,0,0,0,0,0,0,0,0,0,0,0,0,0,0,0,0,0,0,0,0,0,0,0,0,0,0,0,0,0,0,0,0,0,0,0,0,0,0,0,100,98,98,96,95,95,93,89,88,85,83,83,82,83,82,82,80,78,78,77,75,74,76,77,76,74,74,74,73,73,72,72,70,70,70,70,68,67,66,64,65,62,61,59,57,55,54,54,54,54,54,49,50,50,48,48,48,45,47,46,48,48,50,51,51,51,51,52,53,53,53,53,53,53,53,53,54,52,52,49,48,49,48,45,46,45,43,42,41,40,39,41,42,45,45,45,42,40,40,41,40,38,37,39,39,40,38,40,40,40,41,41,40,39,38,37,37,35,34,34,35,34,34,33,32,31,31,31,31,29,30,30,31,33,32,32,33,33,34,33,33,32,32,35,35,33,33,34,34,33,33
1,0,0,0,0,0,0,0,0,0,0,0,0,0,0,0,0,0,0,0,0,0,0,0,0,0,0,0,0,0,0,0,0,0,0,0,0,0,0,0,0,0,0,0,0,0,0,0,0,0,0,100,98,97,93,93,90,87,87,85,77,76,76,75,75,74,72,71,70,71,72,71,67,65,63,63,63,62,62,61,61,62,61,57,55,54,53,52,51,51,50,48,48,47,48,46,46,46,45,44,43,40,40,42,41,40,40,40,38,39,38,36,37,36,36,37,38,39,38,38,38,37,39,39,40,40,41,39,40,38,39,35,35,35,34,34,33,33,34,36,36,39,38,37,37,37,38,38,41,40,39,39,39,39,39,40,40,41,41,40,39,40,41,40,40,39,40,41,41,43,43,43,42,42,42,42,42,41,41,41,40,40,41,41,41,40,41,41,41,40,40,40,39,38,37,38,39,38,40,40,40,39
1,0,0,0,0,0,0,0,0,0,0,0,0,0,0,0,0,0,0,0,0,0,0,0,0,0,0,0,0,0,0,0,0,0,0,0,0,0,0,0,0,0,0,0,0,0,0,0,0,0,0,100,98,95,91,92,90,89,88,86,83,80,80,83,78,77,77,75,75,74,72,71,69,67,67,64,63,62,62,61,60,60,60,61,63,61,63,61,61,59,55,54,53,53,51,48,49,48,48,48,47,46,45,47,48,48,48,47,46,47,47,49,50,50,52,52,51,49,48,49,50,49,49,49,49,46,48,48,46,48,47,45,45,44,42,43,43,43,42,41,41,41,41,39,37,38,38,38,40,40,40,39,39,40,39,39,40,40,40,37,36,36,35,34,34,32,33,35,34,37,37,36,36,36,34,33,33,33,30,31,31,32,31,30,30,30,31,31,31,31,33,34,36,36,36,36,36,35,34,35,34,34
1,0,0,0,0,0,0,0,0,0,0,0,0,0,0,0,0,0,0,0,0,0,0,0,0,0,0,0,0,0,0,0,0,0,0,0,0,0,0,0,0,0,0,0,0,0,0,0,0,0,0,100,98,96,95,93,90,88,85,83,81,79,76,73,74,75,73,74,71,72,73,74,72,71,72,71,69,69,68,67,66,67,66,65,64,64,64,65,65,64,63,62,61,60,59,61,63,62,61,60,59,59,57,56,53,51,52,51,51,50,48,48,49,49,49,48,48,49,49,48,47,47,47,47,47,47,46,45,45,44,44,43,43,42,40,39,38,38,38,38,37,38,38,36,37,38,39,41,42,43,44,45,44,42,42,42,43,43,43,45,44,42,41,42,43,43,43,43,40,40,39,38,38,36,37,37,36,37,34,33,33,32,32,32,32,32,31,31,30,31,30,32,33,32,33,33,33,32,29,30,31,31
1,0,0,0,0,0,0,0,0,0,0,0,0,0,0,0,0,0,0,0,0,0,0,0,0,0,0,0,0,0,0,0,0,0,0,0,0,0,0,0,0,0,0,0,0,0,0,0,0,0,0,100,97,97,94,93,92,90,90,85,85,85,84,81,79,76,74,73,72,71,70,69,67,67,66,65,64,62,60,59,59,58,59,55,58,58,57,55,53,52,53,52,51,51,52,53,54,53,52,53,54,53,54,55,55,55,54,53,53,52,52,51,52,52,50,50,49,48,47,48,47,48,48,48,49,50,50,50,51,53,53,52,53,55,54,53,53,53,53,55,54,54,53,53,53,53,53,53,53,54,53,55,57,55,55,55,54,55,56,57,54,50,48,50,50,50,49,48,48,49,47,46,45,44,43,44,46,45,45,44,44,44,46,44,43,42,42,42,41,38,39,39,39,39,39,40,40,40,40,38,39,39
1,0,0,0,0,0,0,0,0,0,0,0,0,0,0,0,0,0,0,0,0,0,0,0,0,0,0,0,0,0,0,0,0,0,0,0,0,0,0,0,0,0,0,0,0,0,0,0,0,0,0,100,96,93,93,93,94,92,90,89,87,85,84,82,82,83,80,79,79,78,77,76,76,75,73,73,70,68,68,67,67,64,63,63,61,60,60,58,57,57,56,56,57,53,55,56,55,53,54,56,56,54,54,52,52,50,49,49,51,49,50,50,49,49,51,51,51,50,49,49,46,47,44,46,47,48,47,47,48,49,48,50,50,50,49,49,48,48,49,47,47,43,43,43,43,41,37,35,35,35,35,36,36,35,35,37,35,35,36,35,36,37,38,38,36,35,35,35,35,35,35,35,32,30,30,28,28,29,30,30,28,30,30,30,30,29,29,28,29,27,28,29,30,30,30,29,29,30,30,30,29,28
1,0,0,0,0,0,0,0,0,0,0,0,0,0,0,0,0,0,0,0,0,0,0,0,0,0,0,0,0,0,0,0,0,0,0,0,0,0,0,0,0,0,0,0,0,0,0,0,0,0,0,100,98,96,96,95,93,90,88,87,87,85,84,85,82,82,82,82,80,78,79,77,75,74,73,71,70,68,67,66,65,64,60,62,62,61,58,57,57,54,55,55,55,56,56,56,56,55,57,60,60,60,60,59,56,55,55,54,53,53,52,52,50,49,49,49,48,46,45,44,44,44,44,45,44,43,43,43,42,43,42,41,40,38,39,38,38,40,39,39,39,37,37,38,38,37,36,34,35,34,33,32,32,32,32,31,31,30,32,32,32,31,31,32,31,31,30,29,29,31,30,30,29,27,27,27,26,25,25,25,26,25,23,27,26,25,26,29,29,29,29,30,30,30,29,29,28,27,27,27,25,25
1,0,0,0,0,0,0,0,0,0,0,0,0,0,0,0,0,0,0,0,0,0,0,0,0,0,0,0,0,0,0,0,0,0,0,0,0,0,0,0,0,0,0,0,0,0,0,0,0,0,0,100,98,96,94,91,91,90,87,87,87,84,86,84,82,79,79,78,75,72,72,73,72,71,69,69,70,70,67,65,64,62,61,60,59,57,57,56,55,54,52,52,52,50,50,51,51,50,49,49,51,51,52,51,49,49,49,49,49,50,49,48,45,44,42,41,41,41,40,40,41,42,44,46,45,43,40,40,40,44,44,44,42,42,40,40,41,41,38,38,38,37,35,33,31,31,31,33,33,33,34,36,35,34,34,35,34,33,32,32,32,32,33,32,31,31,30,30,30,28,29,28,29,28,27,28,30,29,28,27,25,26,27,25,25,27,27,27,27,27,26,27,27,27,25,25,25,26,26,25,26,27
1,0,0,0,0,0,0,0,0,0,0,0,0,0,0,0,0,0,0,0,0,0,0,0,0,0,0,0,0,0,0,0,0,0,0,0,0,0,0,0,0,0,0,0,0,0,0,0,0,0,0,100,98,96,94,92,91,90,88,88,86,83,82,79,76,75,74,73,74,74,72,70,69,67,66,64,63,61,60,61,60,59,57,56,57,58,56,57,56,53,53,51,52,52,53,54,52,50,48,46,47,46,46,45,45,44,43,44,45,41,41,39,40,40,42,41,41,42,43,44,46,47,46,44,43,42,41,41,42,41,39,39,36,36,34,36,36,38,36,37,36,37,39,40,41,41,39,40,41,40,38,38,39,38,36,36,33,35,38,38,37,38,40,40,40,40,38,37,35,35,35,34,33,32,31,31,31,33,30,32,32,32,33,32,31,31,31,32,33,31,33,34,35,36,36,35,35,31,31,30,29,31
1,0,0,0,0,0,0,0,0,0,0,0,0,0,0,0,0,0,0,0,0,0,0,0,0,0,0,0,0,0,0,0,0,0,0,0,0,0,0,0,0,0,0,0,0,0,0,0,0,0,0,100,95,93,90,89,85,82,83,81,80,77,77,76,75,75,74,74,73,74,74,70,69,68,68,68,66,64,63,62,61,61,59,58,56,55,57,56,56,57,57,56,57,57,54,53,54,55,55,56,54,55,56,54,50,49,49,49,48,47,44,44,44,42,41,40,41,39,37,38,37,38,39,38,40,41,40,41,41,42,41,42,43,45,43,43,43,43,42,42,42,42,43,43,40,41,41,38,39,38,38,39,39,38,38,39,37,36,36,36,35,32,32,32,30,30,32,34,33,33,36,35,34,35,34,34,34,35,34,33,33,33,32,31,32,32,31,30,30,30,30,30,30,29,30,30,31,32,33,35,35,36
1,0,0,0,0,0,0,0,0,0,0,0,0,0,0,0,0,0,0,0,0,0,0,0,0,0,0,0,0,0,0,0,0,0,0,0,0,0,0,0,0,0,0,0,0,0,0,0,0,0,0,100,96,94,92,92,90,89,88,86,86,84,83,79,77,76,74,73,71,71,71,71,73,73,73,70,70,70,69,68,64,63,60,61,60,60,54,53,53,52,54,54,54,54,54,53,50,49,47,47,46,46,45,45,47,48,46,44,44,44,43,43,43,44,43,42,42,42,41,39,39,41,43,42,42,43,42,42,41,41,42,42,41,41,42,43,43,42,41,41,40,39,40,40,40,40,40,42,41,39,39,39,38,38,36,37,38,37,37,36,36,35,35,37,36,37,35,33,33,33,31,31,32,33,33,33,34,33,32,33,32,32,32,31,32,32,32,32,31,30,30,31,31,32,32,32,31,30,30,31,30,30
1,0,0,0,0,0,0,0,0,0,0,0,0,0,0,0,0,0,0,0,0,0,0,0,0,0,0,0,0,0,0,0,0,0,0,0,0,0,0,0,0,0,0,0,0,0,0,0,0,0,0,100,99,98,97,97,95,95,92,91,86,85,83,81,78,78,78,79,78,78,77,76,75,74,72,73,70,70,70,71,69,67,67,66,65,64,62,58,60,60,59,59,60,60,58,59,57,56,54,52,49,47,47,46,47,46,43,43,44,44,45,45,45,44,43,43,43,43,41,40,41,42,41,40,39,39,39,39,37,37,39,39,39,39,39,38,38,38,37,38,39,39,38,39,38,39,40,39,37,37,37,35,33,33,33,33,33,34,34,32,31,31,33,33,31,31,31,30,30,31,32,31,30,32,32,31,30,31,32,30,30,31,31,29,29,29,29,29,28,28,27,26,26,26,27,28,27,26,26,26,27,25
1,0,0,0,0,0,0,0,0,0,0,0,0,0,0,0,0,0,0,0,0,0,0,0,0,0,0,0,0,0,0,0,0,0,0,0,0,0,0,0,0,0,0,0,0,0,0,0,0,0,0,100,100,99,97,94,93,91,89,90,89,88,86,83,82,82,80,79,76,76,75,74,72,72,72,71,70,69,69,69,69,67,66,65,62,62,61,60,58,58,55,54,53,53,50,50,50,49,46,48,47,47,48,45,44,44,44,43,41,41,41,43,43,43,43,43,42,43,41,41,40,40,40,39,39,40,41,41,40,41,44,44,44,44,44,44,44,43,40,40,41,40,39,39,39,39,38,37,38,39,38,38,38,37,37,39,38,38,37,36,36,37,36,37,37,35,35,34,35,35,36,36,34,36,36,35,35,34,35,36,36,37,38,39,37,36,37,36,33,34,35,36,36,36,36,34,35,35,35,35,36,37
1,0,0,0,0,0,0,0,0,0,0,0,0,0,0,0,0,0,0,0,0,0,0,0,0,0,0,0,0,0,0,0,0,0,0,0,0,0,0,0,0,0,0,0,0,0,0,0,0,0,0,100,96,94,91,91,89,89,90,90,90,90,89,88,85,83,82,83,83,81,79,79,77,75,73,71,70,71,71,71,69,65,64,62,61,62,62,61,60,61,60,61,60,60,62,61,61,61,61,61,61,59,60,58,57,56,55,56,56,55,54,54,54,52,52,52,51,52,51,49,47,46,46,45,44,44,45,46,44,44,44,43,42,42,41,40,39,41,42,43,43,45,45,45,41,41,42,41,40,40,41,41,40,39,39,40,39,39,38,39,39,38,36,36,36,36,37,35,36,36,36,35,34,31,31,31,31,32,33,32,32,32,32,34,33,33,33,32,32,33,32,30,29,29,29,30,29,27,30,27,26,25
1,0,0,0,0,0,0,0,0,0,0,0,0,0,0,0,0,0,0,0,0,0,0,0,0,0,0,0,0,0,0,0,0,0,0,0,0,0,0,0,0,0,0,0,0,0,0,0,0,0,0,100,97,96,96,93,94,90,90,90,90,90,89,89,88,87,86,87,84,84,83,84,81,80,80,80,78,77,78,75,75,74,71,71,70,70,68,67,68,68,68,65,64,64,64,60,58,60,58,60,61,62,61,61,59,59,58,57,59,58,57,56,56,56,56,55,53,52,52,53,52,52,53,53,50,54,55,54,53,51,52,51,51,49,48,49,49,49,49,50,49,49,48,45,44,46,47,47,49,49,48,46,44,44,43,43,41,42,40,40,39,38,37,36,36,34,33,34,33,32,32,31,32,31,33,34,35,34,36,35,35,36,34,34,32,32,31,31,32,32,32,34,34,35,37,36,36,36,35,32,32,32
1,0,0,0,0,0,0,0,0,0,0,0,0,0,0,0,0,0,0,0,0,0,0,0,0,0,0,0,0,0,0,0,0,0,0,0,0,0,0,0,0,0,0,0,0,0,0,0,0,0,0,100,99,98,92,90,87,85,85,85,86,81,80,80,80,79,77,77,77,77,77,76,76,75,77,76,75,71,71,70,68,67,67,64,63,62,61,60,60,58,58,56,55,56,55,55,55,54,54,54,55,56,55,54,54,54,52,51,51,51,50,49,47,46,45,45,47,47,47,47,46,45,45,45,44,43,43,42,41,41,41,43,43,43,44,44,45,44,44,44,45,44,43,42,43,42,40,40,39,39,39,40,39,38,40,38,39,39,38,37,35,36,37,37,38,37,36,36,31,31,30,29,28,27,26,26,26,28,28,29,29,30,30,29,29,29,30,30,30,31,31,29,29,30,31,31,31,31,31,32,32,33
1,0,0,0,0,0,0,0,0,0,0,0,0,0,0,0,0,0,0,0,0,0,0,0,0,0,0,0,0,0,0,0,0,0,0,0,0,0,0,0,0,0,0,0,0,0,0,0,0,0,0,100,96,95,93,91,88,83,81,81,80,75,73,73,71,72,70,70,67,65,63,61,61,61,61,59,58,58,57,56,56,55,54,54,53,51,54,54,54,54,54,50,49,49,49,49,48,50,49,46,46,46,46,48,46,46,46,44,42,42,41,40,40,39,38,39,39,39,39,38,37,37,36,36,37,36,35,35,36,38,38,38,36,34,33,34,34,35,34,33,34,36,38,38,37,36,36,36,36,36,36,37,36,36,39,39,38,36,36,35,36,37,37,37,37,35,35,32,31,31,32,32,31,32,32,34,34,33,32,32,32,31,30,29,29,29,28,28,29,26,26,26,26,24,23,22,23,25,26,23,23,23
1,0,0,0,0,0,0,0,0,0,0,0,0,0,0,0,0,0,0,0,0,0,0,0,0,0,0,0,0,0,0,0,0,0,0,0,0,0,0,0,0,0,0,0,0,0,0,0,0,0,0,100,95,92,92,88,86,84,81,80,78,73,72,71,69,69,69,68,68,67,66,65,66,66,65,65,65,63,63,63,61,62,61,59,58,56,57,57,56,57,56,57,59,60,61,60,58,58,57,57,58,58,58,56,57,58,57,55,55,55,54,53,53,54,55,54,55,55,55,55,53,54,53,51,52,52,52,52,53,52,52,53,53,53,52,52,52,52,52,53,53,51,50,51,51,51,51,50,47,44,46,47,48,49,48,48,47,46,46,47,47,46,45,43,42,41,41,40,40,41,40,39,38,39,38,38,38,37,37,37,37,38,39,40,41,42,43,43,43,43,44,45,46,45,45,44,44,44,43,41,39,41
1,0,0,0,0,0,0,0,0,0,0,0,0,0,0,0,0,0,0,0,0,0,0,0,0,0,0,0,0,0,0,0,0,0,0,0,0,0,0,0,0,0,0,0,0,0,0,0,0,0,0,100,99,94,93,93,90,88,87,85,84,81,81,80,80,76,76,74,73,73,72,70,71,69,68,66,66,65,64,65,66,66,65,64,64,65,65,62,62,62,64,63,60,61,61,62,61,60,60,62,60,58,57,57,55,54,55,56,56,57,55,57,58,58,57,54,53,53,50,51,50,49,50,51,50,52,51,54,54,54,52,52,51,51,49,47,46,45,45,44,44,44,43,43,44,45,45,46,45,47,44,42,41,37,38,38,39,37,38,39,38,38,38,37,37,38,37,35,32,31,30,30,28,27,27,28,27,28,28,27,28,27,28,29,30,31,33,34,34,36,36,36,35,36,36,35,36,37,36,37,38,38
1,0,0,0,0,0,0,0,0,0,0,0,0,0,0,0,0,0,0,0,0,0,0,0,0,0,0,0,0,0,0,0,0,0,0,0,0,0,0,0,0,0,0,0,0,0,0,0,0,0,0,100,99,98,96,93,93,88,87,85,84,82,83,81,77,73,72,69,67,67,64,63,63,62,61,59,57,59,58,57,56,59,61,62,57,57,57,57,57,56,56,54,51,54,53,52,52,52,50,50,50,50,51,56,56,56,58,58,56,57,57,57,55,55,54,55,55,53,51,54,50,53,52,53,55,55,54,54,56,57,54,53,54,52,52,54,53,53,53,52,51,52,52,51,51,50,51,51,50,48,50,50,48,47,47,47,49,50,51,51,49,49,49,49,49,48,48,49,49,50,51,51,51,51,49,49,51,51,50,50,50,50,48,46,46,44,44,44,43,45,45,44,44,43,41,40,37,37,37,39,39,38
1,0,0,0,0,0,0,0,0,0,0,0,0,0,0,0,0,0,0,0,0,0,0,0,0,0,0,0,0,0,0,0,0,0,0,0,0,0,0,0,0,0,0,0,0,0,0,0,0,0,0,100,99,99,95,94,94,93,91,90,87,85,84,83,79,77,77,76,75,74,71,71,70,71,69,68,69,68,68,65,66,65,65,64,62,62,62,62,59,60,58,57,57,56,57,53,52,50,51,48,49,49,48,47,48,48,48,47,48,46,44,44,44,43,43,42,42,41,40,40,39,38,37,38,36,37,36,35,34,35,35,34,34,34,35,36,34,33,33,32,32,30,30,31,31,31,32,29,29,28,28,28,28,28,28,31,31,32,33,34,32,31,32,31,26,27,27,27,28,27,27,27,28,28,27,27,28,29,29,29,29,31,30,30,31,30,29,31,30,30,30,30,29,30,30,31,30,30,30,29,29,29
1,0,0,0,0,0,0,0,0,0,0,0,0,0,0,0,0,0,0,0,0,0,0,0,0,0,0,0,0,0,0,0,0,0,0,0,0,0,0,0,0,0,0,0,0,0,0,0,0,0,0,100,97,96,94,90,89,88,87,82,81,81,79,77,76,74,74,75,74,75,74,74,73,73,71,69,68,66,66,64,62,61,61,61,59,59,57,56,53,52,48,47,47,48,46,46,46,44,42,42,43,44,44,44,44,44,44,44,43,45,45,44,44,45,45,46,42,41,40,38,39,40,39,39,39,40,39,39,39,39,38,38,38,36,36,37,37,36,36,35,34,35,35,37,37,37,37,38,38,35,35,34,35,35,34,35,33,31,32,32,32,33,32,32,32,32,32,32,31,30,31,31,32,34,33,33,33,32,31,31,30,31,31,30,31,29,29,28,31,30,31,32,32,31,31,27,26,27,24,24,24,25
1,0,0,0,0,0,0,0,0,0,0,0,0,0,0,0,0,0,0,0,0,0,0,0,0,0,0,0,0,0,0,0,0,0,0,0,0,0,0,0,0,0,0,0,0,0,0,0,0,0,0,100,98,94,90,88,89,88,87,81,79,79,78,76,76,75,74,69,67,64,63,62,63,63,63,66,64,63,62,63,62,63,63,62,61,60,60,59,59,59,57,57,59,57,54,55,52,52,52,50,49,48,48,48,48,49,48,47,45,45,46,47,45,44,43,40,38,37,38,38,37,38,39,38,38,38,38,38,39,39,39,40,41,41,38,37,39,37,38,38,37,35,35,33,35,33,34,34,34,36,36,36,35,37,36,38,38,37,36,36,36,36,35,34,34,34,34,34,34,35,35,36,34,35,34,34,35,35,35,34,35,34,32,32,30,30,30,29,29,29,29,28,26,25,25,25,25,24,24,23,23,23
1,0,0,0,0,0,0,0,0,0,0,0,0,0,0,0,0,0,0,0,0,0,0,0,0,0,0,0,0,0,0,0,0,0,0,0,0,0,0,0,0,0,0,0,0,0,0,0,0,0,0,100,99,98,93,93,92,90,88,87,87,85,84,81,82,77,77,74,73,75,74,72,70,70,68,66,63,63,64,62,61,62,61,60,60,59,58,59,60,60,59,58,58,58,58,58,56,56,55,54,54,53,51,49,50,48,50,47,48,47,48,48,48,48,47,46,42,42,41,40,37,36,36,36,35,35,34,35,37,36,36,36,34,36,34,35,34,33,33,32,32,33,33,33,33,34,34,35,35,36,37,36,35,35,33,31,31,34,34,33,33,34,34,32,31,31,31,31,31,31,31,31,30,29,28,27,27,26,25,26,26,26,25,25,25,25,24,24,24,26,25,24,23,23,24,24,25,25,25,25,25,24
1,0,0,0,0,0,0,0,0,0,0,0,0,0,0,0,0,0,0,0,0,0,0,0,0,0,0,0,0,0,0,0,0,0,0,0,0,0,0,0,0,0,0,0,0,0,0,0,0,0,0,100,99,98,98,95,92,91,87,86,83,83,83,82,84,82,80,81,81,79,80,81,79,75,74,73,68,68,69,68,66,65,64,64,63,64,63,62,63,63,63,61,65,63,62,62,62,62,62,62,61,60,60,59,58,58,58,56,56,56,56,57,56,53,53,51,52,52,54,54,53,51,51,52,53,51,51,51,49,49,48,49,48,49,49,48,46,44,42,42,43,43,42,42,42,41,42,44,44,43,42,42,42,42,41,40,41,40,40,40,39,40,41,40,41,42,41,42,42,42,42,42,43,43,43,43,43,43,42,42,41,41,42,41,41,43,46,46,44,43,43,40,40,39,38,38,35,34,34,34,34,34
1,0,0,0,0,0,0,0,0,0,0,0,0,0,0,0,0,0,0,0,0,0,0,0,0,0,0,0,0,0,0,0,0,0,0,0,0,0,0,0,0,0,0,0,0,0,0,0,0,0,0,100,99,95,94,90,89,88,89,88,86,84,84,83,81,81,79,77,78,79,78,78,76,75,75,73,70,70,70,70,70,70,68,68,65,65,62,63,63,62,61,62,62,61,63,62,62,60,60,59,57,57,57,57,58,54,53,53,53,50,50,49,49,48,47,47,45,44,42,40,39,42,42,41,41,40,41,43,43,43,41,40,39,37,37,37,36,37,37,37,37,36,35,33,32,34,32,32,30,30,30,32,28,31,32,31,31,29,28,28,28,29,29,30,30,31,32,33,33,33,33,31,32,32,31,31,30,31,29,29,28,27,29,27,25,25,26,27,27,26,25,26,26,27,28,28,28,27,27,26,27,28
1,0,0,0,0,0,0,0,0,0,0,0,0,0,0,0,0,0,0,0,0,0,0,0,0,0,0,0,0,0,0,0,0,0,0,0,0,0,0,0,0,0,0,0,0,0,0,0,0,0,0,100,96,92,91,90,85,83,83,82,81,79,78,77,76,76,76,75,74,73,72,71,70,69,70,69,69,67,68,67,66,66,67,66,64,63,61,61,62,61,61,62,59,59,59,57,57,59,59,59,58,57,53,53,53,52,52,49,46,44,44,43,46,46,46,43,42,42,41,42,42,42,42,42,41,41,41,41,42,42,41,41,42,41,39,38,40,40,41,41,39,39,39,40,39,39,40,40,40,41,40,40,39,40,40,41,40,39,39,40,41,43,43,43,42,42,42,41,41,41,38,37,38,38,38,36,36,36,36,36,35,35,35,36,37,38,38,38,35,34,33,31,29,27,27,27,28,28,31,31,30,32
1,0,0,0,0,0,0,0,0,0,0,0,0,0,0,0,0,0,0,0,0,0,0,0,0,0,0,0,0,0,0,0,0,0,0,0,0,0,0,0,0,0,0,0,0,0,0,0,0,0,0,100,96,93,89,88,87,86,81,81,79,76,75,73,73,71,71,68,67,68,66,68,66,68,68,65,66,65,61,61,60,61,60,60,61,61,59,58,56,57,56,54,53,54,55,55,54,54,53,55,53,55,54,54,53,53,53,52,52,52,53,51,50,48,48,48,49,49,48,47,47,47,47,47,47,45,41,41,39,39,40,39,39,40,41,40,41,39,41,42,42,41,41,40,38,39,37,38,38,37,40,39,38,37,36,36,37,38,37,38,37,37,38,37,39,40,40,37,35,35,38,39,40,38,36,37,37,38,38,37,37,37,38,37,37,37,37,37,37,37,38,39,36,37,35,34,34,33,31,31,33,33
1,0,0,0,0,0,0,0,0,0,0,0,0,0,0,0,0,0,0,0,0,0,0,0,0,0,0,0,0,0,0,0,0,0,0,0,0,0,0,0,0,0,0,0,0,0,0,0,0,0,0,100,98,98,96,94,93,93,89,87,84,84,80,77,75,73,71,69,67,66,64,64,64,61,59,58,58,57,57,58,55,55,54,55,54,53,53,54,52,53,53,52,52,52,49,49,48,46,46,47,47,48,45,45,44,45,45,45,45,45,46,43,41,42,42,40,40,39,38,39,37,37,36,36,35,36,35,32,31,30,31,30,31,30,29,29,28,30,30,29,32,32,34,34,36,36,36,37,36,36,37,37,39,41,42,43,44,43,41,42,41,37,35,34,32,31,32,34,35,35,37,37,36,35,36,37,38,37,38,38,39,38,37,37,36,35,33,33,35,36,37,38,38,38,39,38,38,36,36,37,37,37
1,0,0,0,0,0,0,0,0,0,0,0,0,0,0,0,0,0,0,0,0,0,0,0,0,0,0,0,0,0,0,0,0,0,0,0,0,0,0,0,0,0,0,0,0,0,0,0,0,0,0,100,98,94,93,92,90,88,86,85,83,81,77,75,69,68,69,69,67,66,67,66,66,66,66,66,63,65,63,61,62,63,62,61,61,61,59,58,58,56,56,56,58,58,57,58,57,58,57,56,56,55,52,52,51,52,52,53,53,53,52,53,53,53,52,51,54,53,51,50,48,49,47,47,47,44,44,44,45,46,46,46,48,47,47,47,44,42,41,41,44,45,46,46,45,44,43,43,43,44,43,42,43,40,41,41,40,40,40,39,39,36,35,34,35,35,33,34,34,34,32,32,31,31,30,33,32,34,35,35,34,34,33,33,34,35,35,34,35,38,38,37,36,36,36,35,35,35,37,36,36,38
1,0,0,0,0,0,0,0,0,0,0,0,0,0,0,0,0,0,0,0,0,0,0,0,0,0,0,0,0,0,0,0,0,0,0,0,0,0,0,0,0,0,0,0,0,0,0,0,0,0,0,100,98,95,95,94,92,86,82,83,81,79,78,75,74,73,73,72,71,70,70,69,72,72,71,70,69,67,66,64,64,63,63,63,63,63,62,59,60,61,60,58,55,54,54,54,51,52,51,51,52,50,48,45,42,42,41,39,39,38,38,42,41,40,43,45,45,46,45,45,44,43,43,44,44,45,45,45,44,43,43,43,39,39,40,39,39,39,38,39,40,37,37,38,39,39,39,37,35,35,35,36,36,35,34,33,35,34,34,32,32,33,34,34,34,33,33,36,36,35,34,35,34,35,35,34,33,32,34,35,34,34,35,36,35,35,37,36,36,35,35,36,35,34,35,35,37,37,38,37,36,36
1,0,0,0,0,0,0,0,0,0,0,0,0,0,0,0,0,0,0,0,0,0,0,0,0,0,0,0,0,0,0,0,0,0,0,0,0,0,0,0,0,0,0,0,0,0,0,0,0,0,0,100,98,93,92,92,91,90,90,88,86,86,84,83,79,78,76,75,72,71,70,67,69,71,73,73,73,74,71,71,69,69,67,68,66,65,66,67,68,68,68,64,63,62,61,61,61,58,58,59,57,58,57,58,58,56,54,52,49,50,51,51,50,51,49,51,50,47,47,45,44,45,48,47,45,47,46,47,44,43,42,41,42,39,40,41,43,41,40,40,41,39,39,37,38,39,38,37,36,34,30,29,29,30,30,29,30,31,30,30,29,28,31,32,32,31,32,32,31,31,32,32,32,33,32,33,33,35,35,36,33,35,37,38,38,40,40,39,39,39,39,39,40,40,40,36,35,36,36,35,34,35
1,0,0,0,0,0,0,0,0,0,0,0,0,0,0,0,0,0,0,0,0,0,0,0,0,0,0,0,0,0,0,0,0,0,0,0,0,0,0,0,0,0,0,0,0,0,0,0,0,0,0,100,99,97,97,95,95,95,94,94,92,91,90,90,89,86,84,83,82,83,82,79,79,79,79,78,77,79,77,75,75,72,70,71,71,71,70,68,65,63,61,61,61,61,60,60,59,60,60,59,59,59,60,61,56,55,56,56,56,57,56,56,55,54,56,55,55,53,53,53,53,54,52,52,51,50,49,47,47,47,47,45,46,44,43,43,43,43,43,44,45,44,44,44,44,43,43,43,44,44,44,46,46,47,47,47,47,46,46,45,44,47,43,40,40,41,42,42,41,42,41,38,39,40,39,37,36,38,37,37,36,36,35,35,35,35,35,36,36,36,36,37,37,36,35,36,36,36,37,38,41,41
1,0,0,0,0,0,0,0,0,0,0,0,0,0,0,0,0,0,0,0,0,0,0,0,0,0,0,0,0,0,0,0,0,0,0,0,0,0,0,0,0,0,0,0,0,0,0,0,0,0,0,100,98,95,93,91,89,88,85,83,82,81,80,80,79,78,78,76,75,73,71,70,68,67,66,63,61,61,61,62,59,58,59,59,56,58,58,57,57,59,57,55,55,55,54,54,54,53,51,49,49,49,48,48,49,49,49,49,48,48,50,46,47,44,43,43,42,42,41,42,42,43,42,42,41,43,44,44,44,43,41,39,38,38,36,37,36,36,38,39,39,39,40,39,40,40,42,42,43,41,39,37,37,35,35,33,33,34,32,30,31,33,33,31,30,31,29,29,30,31,32,34,34,35,35,36,37,35,35,34,35,34,34,34,33,33,34,36,35,35,35,35,35,36,36,36,36,36,32,32,33,32
1,0,0,0,0,0,0,0,0,0,0,0,0,0,0,0,0,0,0,0,0,0,0,0,0,0,0,0,0,0,0,0,0,0,0,0,0,0,0,0,0,0,0,0,0,0,0,0,0,0,0,100,99,98,99,98,97,95,94,94,94,93,92,85,84,79,78,78,77,75,72,72,71,70,70,70,67,67,68,66,63,64,63,64,61,60,57,57,57,57,57,57,57,56,56,54,53,52,52,50,51,50,49,48,50,49,49,48,48,46,45,43,43,43,43,41,41,40,41,42,42,44,44,45,46,45,44,44,44,44,44,45,45,45,44,46,43,43,40,39,39,39,38,35,36,36,36,35,36,36,35,34,33,32,31,31,32,32,33,31,30,28,27,27,28,29,30,32,32,32,31,29,29,29,29,28,29,28,27,27,27,27,27,27,28,28,28,27,27,28,28,28,30,31,31,30,32,31,32,32,32,32
1,0,0,0,0,0,0,0,0,0,0,0,0,0,0,0,0,0,0,0,0,0,0,0,0,0,0,0,0,0,0,0,0,0,0,0,0,0,0,0,0,0,0,0,0,0,0,0,0,0,0,100,98,98,97,95,94,94,92,89,89,87,88,86,86,85,85,84,81,80,80,77,74,74,72,73,73,72,71,70,69,68,67,64,62,60,61,58,55,55,55,56,53,53,54,55,53,52,53,52,52,50,50,50,48,48,48,47,45,46,45,45,44,44,45,45,44,44,45,46,44,43,43,40,39,38,36,36,34,33,32,33,32,33,33,35,34,34,33,31,31,29,29,28,28,27,28,25,26,26,26,27,29,29,29,28,28,27,26,25,25,25,26,26,25,25,25,26,27,27,27,27,24,25,25,27,27,26,25,25,24,23,22,22,23,23,22,22,21,22,24,23,24,25,24,24,25,22,22,24,23,21
1,0,0,0,0,0,0,0,0,0,0,0,0,0,0,0,0,0,0,0,0,0,0,0,0,0,0,0,0,0,0,0,0,0,0,0,0,0,0,0,0,0,0,0,0,0,0,0,0,0,0,100,96,92,92,90,88,85,81,79,78,78,76,74,74,73,73,72,69,70,69,70,69,66,67,67,65,63,63,63,61,58,58,56,55,56,54,56,57,56,52,50,50,50,51,52,51,49,50,50,51,50,51,49,49,48,50,52,51,49,52,51,51,49,49,49,51,51,50,47,45,45,43,42,42,45,45,47,46,47,46,45,44,43,44,45,45,45,46,46,46,44,45,45,46,45,45,44,46,46,46,45,45,45,45,44,42,41,41,42,41,41,39,39,39,39,36,36,37,35,33,33,33,33,32,32,29,29,28,28,29,28,30,30,29,29,29,30,30,29,29,30,29,29,29,30,30,29,28,29,28,28
1,0,0,0,0,0,0,0,0,0,0,0,0,0,0,0,0,0,0,0,0,0,0,0,0,0,0,0,0,0,0,0,0,0,0,0,0,0,0,0,0,0,0,0,0,0,0,0,0,0,0,100,99,96,95,91,89,86,83,80,80,78,78,77,75,75,74,73,73,73,70,69,69,68,66,64,66,68,66,65,64,62,61,61,60,60,59,58,59,58,57,57,55,55,57,56,57,58,58,58,59,59,59,57,57,58,56,57,55,54,54,52,53,51,49,49,50,48,50,50,52,53,53,53,51,51,50,50,50,49,49,48,49,48,46,44,43,42,41,41,41,40,38,38,38,38,40,40,41,39,42,43,42,42,42,42,42,42,41,41,39,36,35,37,38,38,37,37,37,37,35,36,36,36,37,36,35,35,34,35,37,37,40,38,37,35,34,35,35,34,35,36,37,39,41,43,43,43,43,40,39,38
1,0,0,0,0,0,0,0,0,0,0,0,0,0,0,0,0,0,0,0,0,0,0,0,0,0,0,0,0,0,0,0,0,0,0,0,0,0,0,0,0,0,0,0,0,0,0,0,0,0,0,100,97,96,96,92,89,89,86,83,80,81,79,75,74,74,73,72,72,72,71,71,69,69,70,69,70,68,70,69,67,67,65,65,63,61,57,56,55,53,53,56,53,51,50,50,49,49,49,49,48,48,50,50,50,49,49,49,49,48,49,49,49,50,50,50,49,47,47,47,47,48,47,48,49,51,50,50,50,49,45,45,45,45,43,45,43,43,43,43,42,41,42,42,41,41,38,37,39,38,38,38,38,39,38,37,36,34,34,33,34,35,36,37,37,37,37,37,36,35,35,35,35,33,32,31,31,32,33,32,31,31,31,31,31,31,32,33,34,35,35,35,36,34,33,33,33,32,31,32,31,30
1,0,0,0,0,0,0,0,0,0,0,0,0,0,0,0,0,0,0,0,0,0,0,0,0,0,0,0,0,0,0,0,0,0,0,0,0,0,0,0,0,0,0,0,0,0,0,0,0,0,0,100,95,94,93,91,88,88,88,85,81,80,77,77,78,77,76,74,73,73,73,73,72,71,71,71,70,70,70,68,66,64,64,64,63,61,62,61,59,58,56,55,57,57,55,55,55,55,55,54,53,53,53,55,55,55,55,53,53,54,56,55,54,50,49,49,50,48,48,47,47,47,46,45,44,45,44,45,45,45,44,42,42,42,41,40,40,41,40,39,38,38,37,38,39,39,40,41,41,41,39,40,39,39,38,38,38,40,39,39,41,41,40,39,41,41,40,41,41,42,42,40,38,35,35,35,33,34,33,32,27,27,25,24,24,24,24,24,25,25,26,27,27,26,27,27,27,27,28,26,27,25
1,0,0,0,0,0,0,0,0,0,0,0,0,0,0,0,0,0,0,0,0,0,0,0,0,0,0,0,0,0,0,0,0,0,0,0,0,0,0,0,0,0,0,0,0,0,0,0,0,0,0,100,97,91,89,86,84,82,80,78,77,75,73,73,71,71,71,69,67,65,64,63,63,63,62,62,62,61,61,61,60,60,58,57,56,56,54,53,52,53,54,54,54,52,52,51,52,52,51,51,50,51,51,50,48,47,46,46,45,45,47,47,48,48,47,47,47,47,50,51,52,52,51,48,48,49,47,45,44,44,42,42,41,41,40,39,40,43,42,43,42,41,41,39,37,37,36,37,37,36,34,34,35,36,36,36,35,33,33,33,33,32,32,31,31,31,32,31,30,29,31,31,32,29,27,27,27,26,26,26,27,28,28,28,28,27,28,29,28,27,27,29,30,29,28,28,27,27,27,27,25,23
1,0,0,0,0,0,0,0,0,0,0,0,0,0,0,0,0,0,0,0,0,0,0,0,0,0,0,0,0,0,0,0,0,0,0,0,0,0,0,0,0,0,0,0,0,0,0,0,0,0,0,100,99,99,98,97,96,95,93,90,89,87,87,87,84,84,84,82,79,78,76,75,73,69,68,68,68,67,66,66,66,65,64,65,63,62,62,62,62,60,58,58,58,55,53,53,54,53,53,54,52,53,53,53,53,54,52,51,52,52,51,51,51,50,50,51,49,48,46,46,45,40,40,43,42,42,42,41,41,41,41,41,41,41,38,38,37,37,37,37,36,34,35,35,36,37,36,36,33,34,36,35,36,37,38,39,40,39,39,38,38,37,37,38,40,40,40,41,42,43,43,44,43,44,44,43,43,41,41,43,43,43,44,43,44,46,45,45,46,45,45,45,43,40,40,39,39,39,39,38,39,37
1,0,0,0,0,0,0,0,0,0,0,0,0,0,0,0,0,0,0,0,0,0,0,0,0,0,0,0,0,0,0,0,0,0,0,0,0,0,0,0,0,0,0,0,0,0,0,0,0,0,0,100,97,93,92,93,92,92,91,90,90,90,89,88,85,84,83,83,81,81,80,80,78,79,78,77,73,73,71,69,69,68,66,65,65,64,61,59,58,58,58,56,56,53,52,53,50,49,50,50,52,51,49,49,47,48,47,46,46,44,43,41,41,40,36,34,35,35,35,36,36,36,35,35,36,35,38,38,36,36,36,39,41,39,39,38,38,39,37,37,37,38,38,39,40,38,39,37,38,38,36,37,40,39,37,38,40,41,41,41,38,39,35,34,35,34,34,34,35,35,34,33,32,33,34,34,34,34,33,34,35,34,32,33,34,34,35,35,35,35,36,38,37,37,36,36,36,37,35,36,36,35
1,0,0,0,0,0,0,0,0,0,0,0,0,0,0,0,0,0,0,0,0,0,0,0,0,0,0,0,0,0,0,0,0,0,0,0,0,0,0,0,0,0,0,0,0,0,0,0,0,0,0,100,99,96,95,93,93,92,89,89,87,87,84,80,78,77,77,76,76,74,72,72,68,66,66,67,66,66,66,63,65,63,62,61,61,62,61,61,62,61,61,60,59,60,58,58,56,56,57,55,54,53,53,50,50,48,48,49,47,45,41,41,41,43,43,42,41,43,43,44,43,43,44,46,46,45,43,43,42,41,40,42,41,42,42,40,39,38,37,35,34,33,33,32,32,32,34,32,32,32,32,33,30,30,32,29,28,29,29,28,28,27,29,27,25,25,25,27,27,27,26,24,25,25,24,26,26,26,27,26,26,25,25,26,26,26,25,25,23,23,22,22,23,19,22,21,21,22,22,23,21,23
1,0,0,0,0,0,0,0,0,0,0,0,0,0,0,0,0,0,0,0,0,0,0,0,0,0,0,0,0,0,0,0,0,0,0,0,0,0,0,0,0,0,0,0,0,0,0,0,0,0,0,100,98,98,97,96,94,93,91,89,89,87,86,84,82,82,79,78,79,79,79,76,76,76,74,73,73,73,70,67,67,68,67,65,64,64,63,62,59,61,60,58,55,53,53,53,52,53,52,51,50,50,48,48,48,47,45,45,45,45,46,46,46,46,46,47,46,45,45,45,45,45,45,44,43,42,41,41,41,39,39,38,36,38,40,42,42,42,43,43,44,44,43,42,43,43,43,44,44,43,41,40,41,43,43,43,41,41,40,39,39,37,38,39,39,39,36,36,36,36,36,37,38,40,40,40,40,41,39,39,36,36,36,36,35,36,36,36,32,33,33,33,33,35,34,33,31,34,35,35,35,34
1,0,0,0,0,0,0,0,0,0,0,0,0,0,0,0,0,0,0,0,0,0,0,0,0,0,0,0,0,0,0,0,0,0,0,0,0,0,0,0,0,0,0,0,0,0,0,0,0,0,0,100,98,96,96,96,95,93,93,91,88,86,85,85,86,85,85,81,78,76,74,73,71,71,68,68,69,65,62,62,60,59,61,63,60,59,59,59,58,58,58,57,59,57,56,58,57,56,53,53,52,52,52,52,50,50,48,48,49,48,48,47,46,46,45,45,45,45,46,46,46,45,45,44,42,42,42,44,43,44,45,43,42,42,42,42,41,41,40,40,39,39,39,39,38,37,39,39,38,39,39,40,39,38,37,38,40,38,38,38,40,41,39,39,38,39,39,40,40,41,40,41,41,40,40,41,42,42,41,42,40,39,38,39,37,37,38,40,40,39,37,37,38,37,37,38,38,38,38,36,34,35
1,0,0,0,0,0,0,0,0,0,0,0,0,0,0,0,0,0,0,0,0,0,0,0,0,0,0,0,0,0,0,0,0,0,0,0,0,0,0,0,0,0,0,0,0,0,0,0,0,0,0,100,100,99,100,97,93,90,91,87,86,85,84,82,80,78,78,78,79,80,76,74,70,68,67,66,66,66,67,68,66,69,66,64,63,63,65,65,64,62,62,60,60,59,56,55,54,54,55,55,55,55,53,50,49,48,47,48,48,48,49,49,49,50,48,49,49,47,48,48,47,48,44,46,44,45,47,47,49,48,47,44,45,46,45,44,44,44,45,44,45,44,42,41,41,42,43,43,42,41,41,40,40,38,39,38,36,36,39,39,37,36,38,38,37,35,36,35,35,33,32,32,30,31,33,33,33,34,36,36,36,37,36,37,37,36,36,36,36,37,35,34,31,32,34,35,35,35,37,37,36,36
1,0,0,0,0,0,0,0,0,0,0,0,0,0,0,0,0,0,0,0,0,0,0,0,0,0,0,0,0,0,0,0,0,0,0,0,0,0,0,0,0,0,0,0,0,0,0,0,0,0,0,100,98,95,95,94,92,89,88,88,88,87,86,84,82,82,81,80,78,75,74,74,68,67,66,64,64,63,62,60,58,58,59,59,57,58,57,56,56,57,56,54,53,52,52,52,52,50,49,50,51,50,49,51,50,50,46,46,46,44,46,46,49,49,48,48,49,48,49,49,48,48,48,48,48,49,49,49,48,48,47,47,47,48,47,47,47,47,44,43,42,42,43,42,41,42,40,39,39,38,38,39,38,37,36,36,38,38,38,37,37,37,37,37,39,41,41,41,42,40,39,39,39,39,39,38,39,39,39,39,40,38,39,39,39,39,39,39,38,40,40,40,40,41,41,41,42,42,41,41,40,41
2,0,0,0,0,0,0,0,0,0,0,0,0,0,0,0,0,0,0,0,0,0,0,0,0,0,0,0,0,0,0,0,0,0,0,0,0,0,0,0,0,0,0,0,0,0,0,0,0,0,0,0,0,0,0,0,0,0,0,0,0,0,0,0,0,0,0,0,0,0,0,0,0,0,0,0,0,0,0,0,0,0,0,0,0,0,0,0,0,0,0,0,0,0,0,0,0,0,0,0,0,100,95,96,92,89,87,87,85,84,83,83,82,81,80,80,80,78,77,77,76,75,72,69,72,71,70,70,72,67,66,63,62,61,59,59,58,57,56,52,49,49,50,49,50,48,48,46,44,46,43,42,41,44,45,43,43,46,46,47,47,47,45,44,44,44,45,45,43,44,44,43,41,42,41,41,40,37,36,37,38,36,34,34,33,33,32,32,36,36,37,37,36,36,35,34,31,31,32,32,32,32
2,0,0,0,0,0,0,0,0,0,0,0,0,0,0,0,0,0,0,0,0,0,0,0,0,0,0,0,0,0,0,0,0,0,0,0,0,0,0,0,0,0,0,0,0,0,0,0,0,0,0,0,0,0,0,0,0,0,0,0,0,0,0,0,0,0,0,0,0,0,0,0,0,0,0,0,0,0,0,0,0,0,0,0,0,0,0,0,0,0,0,0,0,0,0,0,0,0,0,0,0,100,98,98,96,92,90,88,88,87,85,83,84,83,82,82,82,79,77,75,75,72,72,72,71,70,68,68,64,62,62,61,62,60,59,59,59,59,58,59,58,57,54,51,53,53,52,50,51,53,52,51,50,47,43,43,43,42,43,41,42,41,41,41,39,39,39,40,40,40,40,40,41,40,40,40,41,41,43,45,42,41,41,41,40,39,39,38,38,39,40,39,39,39,38,38,37,37,38,38,37,37
2,0,0,0,0,0,0,0,0,0,0,0,0,0,0,0,0,0,0,0,0,0,0,0,0,0,0,0,0,0,0,0,0,0,0,0,0,0,0,0,0,0,0,0,0,0,0,0,0,0,0,0,0,0,0,0,0,0,0,0,0,0,0,0,0,0,0,0,0,0,0,0,0,0,0,0,0,0,0,0,0,0,0,0,0,0,0,0,0,0,0,0,0,0,0,0,0,0,0,0,0,100,99,97,96,94,93,92,92,92,90,90,89,86,85,82,81,80,80,81,81,80,80,80,78,77,72,70,70,70,69,69,70,69,67,66,66,65,64,64,64,63,62,61,61,60,62,62,58,58,58,55,55,56,58,60,59,58,57,56,56,55,55,55,56,54,50,48,49,49,47,49,49,45,46,47,48,48,46,45,45,44,44,43,41,41,42,40,37,38,39,39,39,38,38,38,41,39,38,38,38,39
2,0,0,0,0,0,0,0,0,0,0,0,0,0,0,0,0,0,0,0,0,0,0,0,0,0,0,0,0,0,0,0,0,0,0,0,0,0,0,0,0,0,0,0,0,0,0,0,0,0,0,0,0,0,0,0,0,0,0,0,0,0,0,0,0,0,0,0,0,0,0,0,0,0,0,0,0,0,0,0,0,0,0,0,0,0,0,0,0,0,0,0,0,0,0,0,0,0,0,0,0,100,99,97,96,93,90,90,86,84,82,81,81,81,79,79,74,74,73,72,71,72,72,66,66,66,65,64,61,62,62,61,60,60,58,57,57,57,55,53,53,53,52,50,49,50,49,48,46,46,47,46,45,47,44,43,43,44,45,44,47,48,48,47,47,47,46,45,44,44,43,45,44,43,43,44,42,44,45,45,43,41,43,43,41,42,43,43,43,42,42,40,40,39,39,37,36,37,37,38,38,38
2,0,0,0,0,0,0,0,0,0,0,0,0,0,0,0,0,0,0,0,0,0,0,0,0,0,0,0,0,0,0,0,0,0,0,0,0,0,0,0,0,0,0,0,0,0,0,0,0,0,0,0,0,0,0,0,0,0,0,0,0,0,0,0,0,0,0,0,0,0,0,0,0,0,0,0,0,0,0,0,0,0,0,0,0,0,0,0,0,0,0,0,0,0,0,0,0,0,0,0,0,100,99,97,96,94,91,88,86,86,83,81,78,76,74,74,73,72,72,72,70,68,68,66,63,62,63,63,61,62,61,61,61,60,58,58,57,56,56,56,52,52,51,51,51,53,51,50,49,46,46,45,42,42,42,42,41,44,42,43,43,43,43,44,45,45,45,46,46,45,46,47,48,47,48,48,48,47,45,43,42,43,42,41,41,42,41,41,41,41,41,41,40,41,43,44,44,42,42,41,41,42
2,0,0,0,0,0,0,0,0,0,0,0,0,0,0,0,0,0,0,0,0,0,0,0,0,0,0,0,0,0,0,0,0,0,0,0,0,0,0,0,0,0,0,0,0,0,0,0,0,0,0,0,0,0,0,0,0,0,0,0,0,0,0,0,0,0,0,0,0,0,0,0,0,0,0,0,0,0,0,0,0,0,0,0,0,0,0,0,0,0,0,0,0,0,0,0,0,0,0,0,0,100,98,96,95,94,90,87,85,84,83,78,77,76,75,75,74,73,73,71,70,70,68,67,67,67,67,67,65,66,66,65,65,65,66,64,64,64,63,61,60,60,59,56,56,56,56,55,57,55,55,57,58,56,54,54,53,54,55,53,52,51,51,51,51,51,50,50,50,49,49,49,49,48,48,48,48,49,48,49,47,46,45,45,45,44,42,42,40,38,39,38,38,38,39,40,42,42,40,40,39,41
2,0,0,0,0,0,0,0,0,0,0,0,0,0,0,0,0,0,0,0,0,0,0,0,0,0,0,0,0,0,0,0,0,0,0,0,0,0,0,0,0,0,0,0,0,0,0,0,0,0,0,0,0,0,0,0,0,0,0,0,0,0,0,0,0,0,0,0,0,0,0,0,0,0,0,0,0,0,0,0,0,0,0,0,0,0,0,0,0,0,0,0,0,0,0,0,0,0,0,0,0,100,97,95,93,92,91,90,89,87,87,87,86,84,84,84,84,81,79,76,76,74,74,71,73,73,72,71,71,69,69,68,66,65,65,63,64,65,60,56,56,58,57,56,53,51,50,47,49,47,47,46,46,45,44,45,44,44,41,40,40,41,41,40,39,39,38,39,42,43,44,42,41,40,40,41,40,39,40,40,40,39,39,39,40,39,37,39,38,39,38,38,41,41,41,42,42,41,42,42,41,42
2,0,0,0,0,0,0,0,0,0,0,0,0,0,0,0,0,0,0,0,0,0,0,0,0,0,0,0,0,0,0,0,0,0,0,0,0,0,0,0,0,0,0,0,0,0,0,0,0,0,0,0,0,0,0,0,0,0,0,0,0,0,0,0,0,0,0,0,0,0,0,0,0,0,0,0,0,0,0,0,0,0,0,0,0,0,0,0,0,0,0,0,0,0,0,0,0,0,0,0,0,100,98,98,97,94,93,92,91,89,87,86,85,85,84,84,80,80,79,77,78,76,74,74,72,72,69,66,66,65,64,64,63,62,61,59,57,55,56,58,56,56,56,58,58,57,56,55,56,53,51,49,49,48,46,47,46,46,46,45,45,46,46,45,45,43,41,42,41,41,42,42,41,39,37,36,36,36,38,38,39,38,38,38,38,37,37,36,35,34,33,33,32,31,31,30,30,30,30,30,30,30
2,0,0,0,0,0,0,0,0,0,0,0,0,0,0,0,0,0,0,0,0,0,0,0,0,0,0,0,0,0,0,0,0,0,0,0,0,0,0,0,0,0,0,0,0,0,0,0,0,0,0,0,0,0,0,0,0,0,0,0,0,0,0,0,0,0,0,0,0,0,0,0,0,0,0,0,0,0,0,0,0,0,0,0,0,0,0,0,0,0,0,0,0,0,0,0,0,0,0,0,0,100,95,92,92,88,85,84,82,80,79,78,75,73,72,72,71,70,69,69,67,66,66,66,63,59,59,58,58,56,56,53,51,51,50,49,49,46,45,43,44,46,46,46,46,47,47,47,47,45,45,45,47,46,46,46,47,49,50,50,49,46,46,47,48,49,46,45,44,42,42,41,41,41,43,42,43,41,39,37,38,39,39,38,37,36,37,36,35,34,34,31,32,30,31,31,31,32,35,36,36,36
2,0,0,0,0,0,0,0,0,0,0,0,0,0,0,0,0,0,0,0,0,0,0,0,0,0,0,0,0,0,0,0,0,0,0,0,0,0,0,0,0,0,0,0,0,0,0,0,0,0,0,0,0,0,0,0,0,0,0,0,0,0,0,0,0,0,0,0,0,0,0,0,0,0,0,0,0,0,0,0,0,0,0,0,0,0,0,0,0,0,0,0,0,0,0,0,0,0,0,0,0,100,99,97,95,94,93,91,91,90,88,87,85,84,85,84,83,83,83,82,81,80,79,78,75,73,70,70,70,70,70,69,71,69,68,70,68,64,61,59,57,58,57,57,59,59,61,59,59,59,59,58,56,57,56,56,55,56,56,56,54,55,54,54,53,53,53,53,53,50,52,53,51,51,52,52,52,52,51,51,48,47,47,47,47,47,46,46,47,48,47,46,44,44,45,44,43,43,42,42,42,42
2,0,0,0,0,0,0,0,0,0,0,0,0,0,0,0,0,0,0,0,0,0,0,0,0,0,0,0,0,0,0,0,0,0,0,0,0,0,0,0,0,0,0,0,0,0,0,0,0,0,0,0,0,0,0,0,0,0,0,0,0,0,0,0,0,0,0,0,0,0,0,0,0,0,0,0,0,0,0,0,0,0,0,0,0,0,0,0,0,0,0,0,0,0,0,0,0,0,0,0,0,100,96,94,92,92,92,92,91,91,87,86,83,83,82,82,84,83,83,85,84,84,84,82,81,81,80,81,82,82,79,78,77,77,77,77,73,72,72,70,70,67,68,67,66,63,63,60,61,60,59,59,59,59,60,59,60,59,59,59,59,58,57,57,57,57,57,59,60,58,59,59,58,56,55,55,55,56,57,57,56,54,52,53,51,51,50,49,47,47,46,46,48,49,48,48,48,47,46,46,46,44
2,0,0,0,0,0,0,0,0,0,0,0,0,0,0,0,0,0,0,0,0,0,0,0,0,0,0,0,0,0,0,0,0,0,0,0,0,0,0,0,0,0,0,0,0,0,0,0,0,0,0,0,0,0,0,0,0,0,0,0,0,0,0,0,0,0,0,0,0,0,0,0,0,0,0,0,0,0,0,0,0,0,0,0,0,0,0,0,0,0,0,0,0,0,0,0,0,0,0,0,0,100,95,94,92,91,90,88,85,83,82,82,79,77,77,74,75,76,72,69,72,72,69,69,66,63,63,64,61,60,60,60,61,60,59,60,60,57,55,55,53,53,49,49,49,50,50,49,48,50,49,48,48,48,49,49,49,47,45,46,46,47,46,47,47,46,46,45,44,44,43,43,42,43,43,43,41,41,42,42,42,42,44,41,43,43,44,44,45,45,44,44,42,42,43,39,40,40,40,40,37,37
2,0,0,0,0,0,0,0,0,0,0,0,0,0,0,0,0,0,0,0,0,0,0,0,0,0,0,0,0,0,0,0,0,0,0,0,0,0,0,0,0,0,0,0,0,0,0,0,0,0,0,0,0,0,0,0,0,0,0,0,0,0,0,0,0,0,0,0,0,0,0,0,0,0,0,0,0,0,0,0,0,0,0,0,0,0,0,0,0,0,0,0,0,0,0,0,0,0,0,0,0,100,97,96,95,94,94,92,92,90,90,87,84,84,82,81,76,75,75,73,71,66,65,65,64,63,64,64,63,62,61,60,58,59,61,61,61,61,61,60,64,64,63,63,62,61,60,61,58,57,56,54,55,54,53,52,52,52,52,49,49,49,49,47,45,44,45,45,44,43,43,43,41,42,39,40,41,41,42,42,44,41,43,43,42,42,43,44,45,45,45,45,45,46,48,46,47,46,45,44,44,44
2,0,0,0,0,0,0,0,0,0,0,0,0,0,0,0,0,0,0,0,0,0,0,0,0,0,0,0,0,0,0,0,0,0,0,0,0,0,0,0,0,0,0,0,0,0,0,0,0,0,0,0,0,0,0,0,0,0,0,0,0,0,0,0,0,0,0,0,0,0,0,0,0,0,0,0,0,0,0,0,0,0,0,0,0,0,0,0,0,0,0,0,0,0,0,0,0,0,0,0,0,100,98,94,91,91,91,89,87,88,88,86,85,82,81,80,78,78,80,75,75,74,74,72,70,70,71,72,72,70,70,70,71,71,69,69,66,67,65,63,61,60,59,61,60,57,57,55,52,50,48,47,46,47,47,46,45,46,44,47,47,47,46,44,43,43,44,44,44,43,40,38,37,37,38,36,35,36,36,36,36,36,34,32,31,33,34,34,33,34,34,35,35,36,35,37,37,40,40,41,40,40
2,0,0,0,0,0,0,0,0,0,0,0,0,0,0,0,0,0,0,0,0,0,0,0,0,0,0,0,0,0,0,0,0,0,0,0,0,0,0,0,0,0,0,0,0,0,0,0,0,0,0,0,0,0,0,0,0,0,0,0,0,0,0,0,0,0,0,0,0,0,0,0,0,0,0,0,0,0,0,0,0,0,0,0,0,0,0,0,0,0,0,0,0,0,0,0,0,0,0,0,0,100,99,98,94,90,88,87,86,82,81,81,81,79,75,73,72,70,69,69,67,67,63,63,61,60,61,61,59,58,57,55,53,52,52,54,53,53,54,53,52,52,51,51,53,49,46,46,45,46,45,41,41,41,39,38,38,37,37,39,39,41,42,44,39,40,39,41,40,40,40,40,40,40,41,41,43,43,42,42,42,43,42,43,43,43,42,42,41,41,41,41,41,42,43,41,41,41,41,40,38,39
2,0,0,0,0,0,0,0,0,0,0,0,0,0,0,0,0,0,0,0,0,0,0,0,0,0,0,0,0,0,0,0,0,0,0,0,0,0,0,0,0,0,0,0,0,0,0,0,0,0,0,0,0,0,0,0,0,0,0,0,0,0,0,0,0,0,0,0,0,0,0,0,0,0,0,0,0,0,0,0,0,0,0,0,0,0,0,0,0,0,0,0,0,0,0,0,0,0,0,0,0,100,100,98,96,94,91,89,89,88,86,86,85,80,76,76,76,76,75,74,74,71,69,72,72,72,72,72,73,72,72,70,70,70,71,70,67,66,65,65,63,59,59,62,60,59,59,59,58,57,57,56,58,57,57,55,56,56,57,57,58,57,56,55,53,54,54,54,53,51,49,48,49,49,48,49,50,49,48,48,48,47,47,46,46,43,43,42,41,42,41,40,38,40,40,39,39,38,37,37,39,37
2,0,0,0,0,0,0,0,0,0,0,0,0,0,0,0,0,0,0,0,0,0,0,0,0,0,0,0,0,0,0,0,0,0,0,0,0,0,0,0,0,0,0,0,0,0,0,0,0,0,0,0,0,0,0,0,0,0,0,0,0,0,0,0,0,0,0,0,0,0,0,0,0,0,0,0,0,0,0,0,0,0,0,0,0,0,0,0,0,0,0,0,0,0,0,0,0,0,0,0,0,100,98,97,95,93,91,90,88,89,87,87,86,82,81,81,82,80,78,78,79,75,73,74,74,74,73,71,69,64,65,66,66,66,65,65,62,64,62,59,59,59,60,57,57,57,55,54,53,52,51,51,51,51,50,47,47,48,49,49,49,48,48,49,49,47,47,47,47,47,47,47,46,45,45,46,45,45,46,46,44,44,40,40,40,35,35,35,35,36,36,34,33,30,30,33,34,34,34,36,35,34
2,0,0,0,0,0,0,0,0,0,0,0,0,0,0,0,0,0,0,0,0,0,0,0,0,0,0,0,0,0,0,0,0,0,0,0,0,0,0,0,0,0,0,0,0,0,0,0,0,0,0,0,0,0,0,0,0,0,0,0,0,0,0,0,0,0,0,0,0,0,0,0,0,0,0,0,0,0,0,0,0,0,0,0,0,0,0,0,0,0,0,0,0,0,0,0,0,0,0,0,0,100,99,97,97,96,93,89,87,85,83,84,80,77,75,76,76,75,75,75,75,72,71,71,69,69,69,67,67,65,64,65,61,61,60,60,61,60,59,58,56,55,55,55,56,55,54,53,53,53,51,52,52,51,52,52,51,51,51,49,50,51,51,51,51,53,52,51,48,48,49,48,48,48,48,49,46,47,47,47,47,49,48,48,47,46,44,43,42,42,41,40,41,41,43,42,41,40,41,41,40,40
2,0,0,0,0,0,0,0,0,0,0,0,0,0,0,0,0,0,0,0,0,0,0,0,0,0,0,0,0,0,0,0,0,0,0,0,0,0,0,0,0,0,0,0,0,0,0,0,0,0,0,0,0,0,0,0,0,0,0,0,0,0,0,0,0,0,0,0,0,0,0,0,0,0,0,0,0,0,0,0,0,0,0,0,0,0,0,0,0,0,0,0,0,0,0,0,0,0,0,0,0,100,100,100,98,96,92,90,88,87,84,83,84,84,83,83,83,83,83,82,82,78,76,73,71,68,66,63,63,61,58,57,56,56,56,57,55,54,55,56,54,53,52,51,52,47,45,46,45,44,44,44,44,45,46,46,45,45,44,42,43,44,43,43,44,43,44,47,45,45,44,44,45,45,46,45,46,44,44,43,44,44,46,45,45,45,43,44,44,43,44,44,44,44,45,44,44,43,43,43,41,40
2,0,0,0,0,0,0,0,0,0,0,0,0,0,0,0,0,0,0,0,0,0,0,0,0,0,0,0,0,0,0,0,0,0,0,0,0,0,0,0,0,0,0,0,0,0,0,0,0,0,0,0,0,0,0,0,0,0,0,0,0,0,0,0,0,0,0,0,0,0,0,0,0,0,0,0,0,0,0,0,0,0,0,0,0,0,0,0,0,0,0,0,0,0,0,0,0,0,0,0,0,100,99,96,95,95,91,89,87,86,85,86,84,79,78,78,77,75,74,73,73,72,70,70,72,71,68,63,63,63,62,63,59,59,58,56,56,55,54,54,54,52,52,52,49,47,50,50,51,51,51,50,50,50,51,53,55,54,53,53,53,49,47,46,48,48,46,46,46,46,47,47,48,48,47,46,46,48,49,47,46,45,45,46,48,48,48,46,45,45,47,47,47,48,49,48,48,45,45,46,47,46
2,0,0,0,0,0,0,0,0,0,0,0,0,0,0,0,0,0,0,0,0,0,0,0,0,0,0,0,0,0,0,0,0,0,0,0,0,0,0,0,0,0,0,0,0,0,0,0,0,0,0,0,0,0,0,0,0,0,0,0,0,0,0,0,0,0,0,0,0,0,0,0,0,0,0,0,0,0,0,0,0,0,0,0,0,0,0,0,0,0,0,0,0,0,0,0,0,0,0,0,0,100,99,95,93,89,87,83,82,82,83,81,81,81,81,76,75,73,73,71,68,67,67,66,66,68,68,68,69,68,68,68,67,67,64,63,64,63,61,63,60,61,60,58,58,58,59,60,62,61,60,58,58,58,61,61,59,58,61,59,60,57,56,57,57,56,54,54,54,54,53,52,50,49,49,45,45,46,45,46,49,48,47,48,48,47,48,45,45,43,43,44,44,44,44,44,43,44,43,40,38,37
2,0,0,0,0,0,0,0,0,0,0,0,0,0,0,0,0,0,0,0,0,0,0,0,0,0,0,0,0,0,0,0,0,0,0,0,0,0,0,0,0,0,0,0,0,0,0,0,0,0,0,0,0,0,0,0,0,0,0,0,0,0,0,0,0,0,0,0,0,0,0,0,0,0,0,0,0,0,0,0,0,0,0,0,0,0,0,0,0,0,0,0,0,0,0,0,0,0,0,0,0,100,96,95,93,92,91,89,87,86,85,84,83,81,80,80,78,77,74,74,74,75,74,72,70,69,69,68,68,68,66,66,68,68,69,71,70,69,69,68,65,65,64,62,59,60,61,60,62,63,63,63,62,63,63,62,62,62,62,62,59,60,61,62,62,61,59,57,60,59,59,57,58,57,54,52,51,49,49,50,50,51,48,46,42,43,41,41,42,43,44,44,45,45,46,46,45,43,43,44,43,43
2,0,0,0,0,0,0,0,0,0,0,0,0,0,0,0,0,0,0,0,0,0,0,0,0,0,0,0,0,0,0,0,0,0,0,0,0,0,0,0,0,0,0,0,0,0,0,0,0,0,0,0,0,0,0,0,0,0,0,0,0,0,0,0,0,0,0,0,0,0,0,0,0,0,0,0,0,0,0,0,0,0,0,0,0,0,0,0,0,0,0,0,0,0,0,0,0,0,0,0,0,100,97,97,96,93,92,89,89,87,85,83,81,81,81,81,79,77,78,75,75,74,72,72,71,69,70,67,66,67,67,65,64,63,63,61,60,59,59,59,58,57,57,57,58,58,57,56,55,55,56,56,56,55,56,57,55,54,54,53,52,50,48,47,47,45,43,43,45,45,45,46,46,46,46,45,45,44,45,44,44,42,42,41,40,41,42,42,44,44,42,42,39,39,40,40,39,39,37,37,37,39
2,0,0,0,0,0,0,0,0,0,0,0,0,0,0,0,0,0,0,0,0,0,0,0,0,0,0,0,0,0,0,0,0,0,0,0,0,0,0,0,0,0,0,0,0,0,0,0,0,0,0,0,0,0,0,0,0,0,0,0,0,0,0,0,0,0,0,0,0,0,0,0,0,0,0,0,0,0,0,0,0,0,0,0,0,0,0,0,0,0,0,0,0,0,0,0,0,0,0,0,0,100,100,100,98,96,96,94,90,88,86,81,78,76,75,74,74,74,72,71,70,70,69,71,68,69,65,62,56,56,55,53,52,52,55,54,51,50,49,50,50,50,49,47,48,48,49,48,46,46,47,49,48,46,46,44,41,40,39,38,37,36,35,34,34,34,33,33,32,33,34,34,35,34,31,33,33,32,33,33,35,35,36,37,37,35,34,34,34,32,31,30,29,28,28,28,28,28,29,29,29,29
2,0,0,0,0,0,0,0,0,0,0,0,0,0,0,0,0,0,0,0,0,0,0,0,0,0,0,0,0,0,0,0,0,0,0,0,0,0,0,0,0,0,0,0,0,0,0,0,0,0,0,0,0,0,0,0,0,0,0,0,0,0,0,0,0,0,0,0,0,0,0,0,0,0,0,0,0,0,0,0,0,0,0,0,0,0,0,0,0,0,0,0,0,0,0,0,0,0,0,0,0,100,100,98,97,97,97,96,96,95,95,94,93,93,95,96,93,89,86,86,84,85,83,83,82,82,82,81,79,79,79,76,76,76,75,75,73,70,71,70,67,65,64,64,64,63,63,62,60,59,59,59,56,55,56,55,53,52,52,52,51,50,50,49,50,51,51,49,48,48,47,46,46,48,49,49,48,49,49,48,47,47,46,45,41,39,38,36,35,35,33,33,34,35,36,35,35,34,35,34,34,33
2,0,0,0,0,0,0,0,0,0,0,0,0,0,0,0,0,0,0,0,0,0,0,0,0,0,0,0,0,0,0,0,0,0,0,0,0,0,0,0,0,0,0,0,0,0,0,0,0,0,0,0,0,0,0,0,0,0,0,0,0,0,0,0,0,0,0,0,0,0,0,0,0,0,0,0,0,0,0,0,0,0,0,0,0,0,0,0,0,0,0,0,0,0,0,0,0,0,0,0,0,100,100,97,93,94,91,89,87,86,85,85,86,85,85,82,82,81,80,81,78,78,77,75,71,70,69,66,68,67,67,67,65,61,61,58,58,57,57,55,53,55,54,52,51,52,51,50,51,49,49,51,52,50,49,50,49,50,50,51,52,52,51,52,49,50,52,53,51,51,51,51,51,51,51,52,50,50,51,51,50,49,46,45,45,44,44,44,44,46,46,48,48,49,48,48,47,48,46,46,47,47
2,0,0,0,0,0,0,0,0,0,0,0,0,0,0,0,0,0,0,0,0,0,0,0,0,0,0,0,0,0,0,0,0,0,0,0,0,0,0,0,0,0,0,0,0,0,0,0,0,0,0,0,0,0,0,0,0,0,0,0,0,0,0,0,0,0,0,0,0,0,0,0,0,0,0,0,0,0,0,0,0,0,0,0,0,0,0,0,0,0,0,0,0,0,0,0,0,0,0,0,0,100,97,97,95,93,93,92,89,87,85,84,82,80,80,80,76,75,75,76,77,77,75,74,75,73,72,70,69,67,67,65,64,63,62,60,59,59,58,58,59,58,58,56,53,54,53,53,54,55,54,52,52,53,52,53,53,54,52,51,49,51,51,51,51,50,49,49,49,49,50,49,49,48,47,48,48,50,50,50,49,48,47,48,50,50,49,49,49,49,48,45,45,45,44,45,43,41,41,41,41,42
2,0,0,0,0,0,0,0,0,0,0,0,0,0,0,0,0,0,0,0,0,0,0,0,0,0,0,0,0,0,0,0,0,0,0,0,0,0,0,0,0,0,0,0,0,0,0,0,0,0,0,0,0,0,0,0,0,0,0,0,0,0,0,0,0,0,0,0,0,0,0,0,0,0,0,0,0,0,0,0,0,0,0,0,0,0,0,0,0,0,0,0,0,0,0,0,0,0,0,0,0,100,100,97,96,96,95,90,87,87,85,83,83,81,79,77,76,75,76,74,74,73,73,72,69,67,66,65,61,61,63,62,63,62,61,61,62,61,62,62,61,61,61,61,61,60,61,61,61,59,61,60,59,58,59,58,55,54,54,52,52,52,53,51,52,53,52,52,51,50,48,47,47,48,47,46,48,46,49,49,49,51,51,47,48,45,45,45,46,46,44,43,42,42,41,41,43,42,43,46,45,45
2,0,0,0,0,0,0,0,0,0,0,0,0,0,0,0,0,0,0,0,0,0,0,0,0,0,0,0,0,0,0,0,0,0,0,0,0,0,0,0,0,0,0,0,0,0,0,0,0,0,0,0,0,0,0,0,0,0,0,0,0,0,0,0,0,0,0,0,0,0,0,0,0,0,0,0,0,0,0,0,0,0,0,0,0,0,0,0,0,0,0,0,0,0,0,0,0,0,0,0,0,100,97,95,95,94,94,94,93,89,88,86,86,85,85,84,83,81,80,79,79,79,79,78,77,75,73,73,74,74,71,71,71,70,67,65,64,63,61,61,59,59,57,58,56,55,55,53,52,52,51,51,50,52,50,50,49,50,48,47,48,48,48,47,47,47,47,46,45,46,47,46,46,47,49,47,49,49,47,45,43,40,40,38,36,34,33,34,35,35,32,31,30,30,29,29,29,29,29,28,29,31
2,0,0,0,0,0,0,0,0,0,0,0,0,0,0,0,0,0,0,0,0,0,0,0,0,0,0,0,0,0,0,0,0,0,0,0,0,0,0,0,0,0,0,0,0,0,0,0,0,0,0,0,0,0,0,0,0,0,0,0,0,0,0,0,0,0,0,0,0,0,0,0,0,0,0,0,0,0,0,0,0,0,0,0,0,0,0,0,0,0,0,0,0,0,0,0,0,0,0,0,0,100,98,94,94,94,92,91,91,89,89,89,89,86,86,86,83,81,79,80,79,79,77,76,76,73,73,70,69,69,66,66,66,66,65,63,61,60,56,53,53,51,50,51,52,52,47,48,48,49,48,47,45,46,46,46,48,46,45,43,41,41,41,41,40,40,39,39,39,39,39,39,38,39,39,38,38,39,39,40,40,41,40,40,41,38,39,40,40,41,40,39,39,39,39,37,37,36,35,35,36,37
2,0,0,0,0,0,0,0,0,0,0,0,0,0,0,0,0,0,0,0,0,0,0,0,0,0,0,0,0,0,0,0,0,0,0,0,0,0,0,0,0,0,0,0,0,0,0,0,0,0,0,0,0,0,0,0,0,0,0,0,0,0,0,0,0,0,0,0,0,0,0,0,0,0,0,0,0,0,0,0,0,0,0,0,0,0,0,0,0,0,0,0,0,0,0,0,0,0,0,0,0,100,99,98,96,95,93,88,87,84,82,81,80,79,76,76,78,77,75,73,72,71,69,70,71,70,70,72,72,72,71,70,70,69,69,67,67,66,67,69,68,66,63,62,62,58,56,56,55,54,53,54,52,51,52,51,51,48,44,41,40,41,39,39,40,42,43,43,42,41,40,39,38,37,38,38,40,39,39,38,38,36,35,36,36,37,34,34,37,34,36,35,35,35,34,35,36,35,35,36,38,39
2,0,0,0,0,0,0,0,0,0,0,0,0,0,0,0,0,0,0,0,0,0,0,0,0,0,0,0,0,0,0,0,0,0,0,0,0,0,0,0,0,0,0,0,0,0,0,0,0,0,0,0,0,0,0,0,0,0,0,0,0,0,0,0,0,0,0,0,0,0,0,0,0,0,0,0,0,0,0,0,0,0,0,0,0,0,0,0,0,0,0,0,0,0,0,0,0,0,0,0,0,100,98,98,94,92,92,91,84,84,84,84,85,86,86,81,79,78,79,77,76,74,73,73,68,68,65,63,61,59,60,60,61,62,61,60,59,59,59,60,60,60,59,60,59,57,56,55,55,57,57,57,57,58,58,58,57,53,55,56,55,56,53,53,51,51,51,52,52,52,51,49,47,46,46,46,46,45,46,46,47,47,47,46,46,47,45,44,45,43,43,41,40,39,39,41,41,40,39,38,36,36
2,0,0,0,0,0,0,0,0,0,0,0,0,0,0,0,0,0,0,0,0,0,0,0,0,0,0,0,0,0,0,0,0,0,0,0,0,0,0,0,0,0,0,0,0,0,0,0,0,0,0,0,0,0,0,0,0,0,0,0,0,0,0,0,0,0,0,0,0,0,0,0,0,0,0,0,0,0,0,0,0,0,0,0,0,0,0,0,0,0,0,0,0,0,0,0,0,0,0,0,0,100,99,96,96,93,91,91,89,88,89,86,86,85,85,84,83,83,82,77,74,74,75,76,74,74,72,73,71,69,64,61,60,61,59,60,58,58,59,60,57,58,58,58,55,55,52,55,54,54,54,55,54,52,52,53,52,52,53,52,51,49,48,51,49,49,48,50,51,51,50,50,50,51,51,51,51,51,50,49,48,46,48,48,46,48,48,49,49,51,51,51,50,49,46,45,46,47,49,49,45,45
2,0,0,0,0,0,0,0,0,0,0,0,0,0,0,0,0,0,0,0,0,0,0,0,0,0,0,0,0,0,0,0,0,0,0,0,0,0,0,0,0,0,0,0,0,0,0,0,0,0,0,0,0,0,0,0,0,0,0,0,0,0,0,0,0,0,0,0,0,0,0,0,0,0,0,0,0,0,0,0,0,0,0,0,0,0,0,0,0,0,0,0,0,0,0,0,0,0,0,0,0,100,98,95,92,92,92,90,88,87,86,85,82,79,80,77,75,75,73,74,73,72,71,70,70,70,69,67,65,64,63,65,64,61,61,59,57,56,56,55,55,55,53,52,53,52,52,54,56,57,56,54,54,54,53,53,53,55,54,53,53,53,54,54,55,55,54,55,57,54,55,54,53,52,51,52,52,53,54,52,50,50,51,53,52,53,51,49,49,47,47,46,47,50,52,51,49,49,49,49,49,49
2,0,0,0,0,0,0,0,0,0,0,0,0,0,0,0,0,0,0,0,0,0,0,0,0,0,0,0,0,0,0,0,0,0,0,0,0,0,0,0,0,0,0,0,0,0,0,0,0,0,0,0,0,0,0,0,0,0,0,0,0,0,0,0,0,0,0,0,0,0,0,0,0,0,0,0,0,0,0,0,0,0,0,0,0,0,0,0,0,0,0,0,0,0,0,0,0,0,0,0,0,100,99,95,93,91,91,89,88,85,83,78,77,76,75,71,68,67,65,61,59,58,58,58,60,61,64,63,63,63,60,61,58,58,57,56,53,52,51,53,53,52,53,53,53,53,51,52,53,52,53,52,51,49,49,46,44,44,45,45,45,45,44,45,45,47,47,47,46,46,44,44,44,44,45,47,45,45,45,46,46,44,43,44,41,41,40,39,39,38,37,37,37,36,35,37,37,38,38,37,38,38
2,0,0,0,0,0,0,0,0,0,0,0,0,0,0,0,0,0,0,0,0,0,0,0,0,0,0,0,0,0,0,0,0,0,0,0,0,0,0,0,0,0,0,0,0,0,0,0,0,0,0,0,0,0,0,0,0,0,0,0,0,0,0,0,0,0,0,0,0,0,0,0,0,0,0,0,0,0,0,0,0,0,0,0,0,0,0,0,0,0,0,0,0,0,0,0,0,0,0,0,0,100,97,95,95,93,90,89,88,86,84,80,79,77,75,73,72,71,73,73,71,71,70,68,67,66,67,63,64,64,64,63,61,60,55,56,56,56,55,57,57,59,59,59,61,63,65,63,63,63,63,63,63,61,60,59,59,59,58,55,54,55,54,54,54,55,56,55,55,55,56,56,55,57,57,57,56,55,56,55,55,55,55,55,56,54,55,49,47,45,43,43,44,44,46,45,47,47,48,48,48,47
2,0,0,0,0,0,0,0,0,0,0,0,0,0,0,0,0,0,0,0,0,0,0,0,0,0,0,0,0,0,0,0,0,0,0,0,0,0,0,0,0,0,0,0,0,0,0,0,0,0,0,0,0,0,0,0,0,0,0,0,0,0,0,0,0,0,0,0,0,0,0,0,0,0,0,0,0,0,0,0,0,0,0,0,0,0,0,0,0,0,0,0,0,0,0,0,0,0,0,0,0,100,98,98,95,95,93,91,91,89,87,85,85,85,83,81,79,77,77,75,74,70,66,65,64,63,62,61,61,62,62,60,60,60,58,56,54,53,50,47,47,47,47,46,46,47,47,48,49,46,45,45,45,43,43,43,42,43,44,44,45,45,45,45,46,44,43,43,43,44,45,44,44,43,43,42,41,41,40,38,38,38,38,38,39,39,38,37,37,35,34,36,37,36,36,35,36,36,36,36,36,34
2,0,0,0,0,0,0,0,0,0,0,0,0,0,0,0,0,0,0,0,0,0,0,0,0,0,0,0,0,0,0,0,0,0,0,0,0,0,0,0,0,0,0,0,0,0,0,0,0,0,0,0,0,0,0,0,0,0,0,0,0,0,0,0,0,0,0,0,0,0,0,0,0,0,0,0,0,0,0,0,0,0,0,0,0,0,0,0,0,0,0,0,0,0,0,0,0,0,0,0,0,100,99,98,97,94,88,87,84,83,82,82,82,80,79,79,75,76,73,74,72,73,74,73,72,70,68,68,69,69,70,72,71,69,68,67,67,68,67,66,65,64,63,63,61,61,60,59,59,57,58,60,61,59,57,55,55,55,55,55,55,56,54,55,56,55,54,55,54,54,53,53,53,52,51,51,49,45,45,46,46,47,48,48,47,48,48,47,46,45,45,43,43,44,42,43,42,42,44,44,44,44
2,0,0,0,0,0,0,0,0,0,0,0,0,0,0,0,0,0,0,0,0,0,0,0,0,0,0,0,0,0,0,0,0,0,0,0,0,0,0,0,0,0,0,0,0,0,0,0,0,0,0,0,0,0,0,0,0,0,0,0,0,0,0,0,0,0,0,0,0,0,0,0,0,0,0,0,0,0,0,0,0,0,0,0,0,0,0,0,0,0,0,0,0,0,0,0,0,0,0,0,0,100,100,97,94,93,90,89,87,85,82,81,78,77,75,74,75,75,74,68,69,69,69,65,64,60,60,59,60,61,62,59,57,55,54,54,54,54,55,53,53,53,52,51,53,52,52,52,52,53,52,50,51,52,53,53,53,54,52,51,52,53,53,50,47,46,46,45,44,44,42,44,43,43,43,42,42,40,40,37,36,35,36,36,36,35,36,37,37,36,35,36,35,34,32,32,32,34,34,33,31,32
2,0,0,0,0,0,0,0,0,0,0,0,0,0,0,0,0,0,0,0,0,0,0,0,0,0,0,0,0,0,0,0,0,0,0,0,0,0,0,0,0,0,0,0,0,0,0,0,0,0,0,0,0,0,0,0,0,0,0,0,0,0,0,0,0,0,0,0,0,0,0,0,0,0,0,0,0,0,0,0,0,0,0,0,0,0,0,0,0,0,0,0,0,0,0,0,0,0,0,0,0,100,99,99,97,96,93,92,91,88,86,85,82,79,77,74,75,75,73,72,71,72,70,68,68,68,68,68,68,67,64,64,62,61,63,61,61,59,58,58,59,58,57,58,57,56,57,59,56,54,55,56,56,55,53,50,50,48,46,47,43,43,43,44,43,41,40,40,42,43,42,43,42,43,42,41,40,39,39,39,38,37,38,38,37,36,37,36,36,37,37,37,36,36,37,38,38,39,39,39,39,40
2,0,0,0,0,0,0,0,0,0,0,0,0,0,0,0,0,0,0,0,0,0,0,0,0,0,0,0,0,0,0,0,0,0,0,0,0,0,0,0,0,0,0,0,0,0,0,0,0,0,0,0,0,0,0,0,0,0,0,0,0,0,0,0,0,0,0,0,0,0,0,0,0,0,0,0,0,0,0,0,0,0,0,0,0,0,0,0,0,0,0,0,0,0,0,0,0,0,0,0,0,100,97,94,92,90,88,87,84,84,82,81,82,82,80,78,77,77,75,73,71,71,70,69,67,65,64,62,61,57,56,55,56,53,51,50,50,50,49,49,50,47,48,48,50,50,50,51,50,49,49,46,45,44,45,46,45,45,44,42,43,40,40,40,40,39,39,38,38,37,38,39,39,40,40,41,40,40,38,38,38,36,35,37,37,36,34,34,35,36,35,35,34,36,35,34,33,33,33,33,33,33
2,0,0,0,0,0,0,0,0,0,0,0,0,0,0,0,0,0,0,0,0,0,0,0,0,0,0,0,0,0,0,0,0,0,0,0,0,0,0,0,0,0,0,0,0,0,0,0,0,0,0,0,0,0,0,0,0,0,0,0,0,0,0,0,0,0,0,0,0,0,0,0,0,0,0,0,0,0,0,0,0,0,0,0,0,0,0,0,0,0,0,0,0,0,0,0,0,0,0,0,0,100,98,95,93,93,91,90,88,84,83,82,82,80,79,79,75,73,71,70,69,69,68,68,66,66,64,62,61,60,61,61,62,61,60,57,54,55,54,53,54,54,54,54,54,52,51,53,54,55,54,54,53,53,55,54,55,54,54,54,56,55,57,56,55,54,54,53,53,53,53,52,52,51,51,52,52,52,54,53,52,52,51,50,49,47,47,46,45,45,44,43,44,44,43,44,45,45,43,42,38,36
2,0,0,0,0,0,0,0,0,0,0,0,0,0,0,0,0,0,0,0,0,0,0,0,0,0,0,0,0,0,0,0,0,0,0,0,0,0,0,0,0,0,0,0,0,0,0,0,0,0,0,0,0,0,0,0,0,0,0,0,0,0,0,0,0,0,0,0,0,0,0,0,0,0,0,0,0,0,0,0,0,0,0,0,0,0,0,0,0,0,0,0,0,0,0,0,0,0,0,0,0,100,98,96,95,93,91,92,92,90,85,84,81,79,78,75,75,73,74,74,74,73,73,73,71,69,67,65,66,65,63,61,59,60,61,63,63,61,59,59,59,58,56,56,56,56,55,56,56,56,55,53,52,50,49,46,46,46,47,46,46,46,45,45,48,47,45,44,44,44,44,45,44,44,43,46,47,47,47,46,49,50,50,50,49,49,45,45,45,45,44,43,44,43,42,40,38,38,36,37,35,35
2,0,0,0,0,0,0,0,0,0,0,0,0,0,0,0,0,0,0,0,0,0,0,0,0,0,0,0,0,0,0,0,0,0,0,0,0,0,0,0,0,0,0,0,0,0,0,0,0,0,0,0,0,0,0,0,0,0,0,0,0,0,0,0,0,0,0,0,0,0,0,0,0,0,0,0,0,0,0,0,0,0,0,0,0,0,0,0,0,0,0,0,0,0,0,0,0,0,0,0,0,100,98,96,94,93,92,91,90,92,91,89,89,89,88,88,86,84,82,81,80,78,74,73,71,70,71,71,71,70,67,67,68,68,70,70,68,67,67,66,64,63,62,60,57,56,57,54,53,53,52,53,52,53,53,53,55,55,55,54,53,52,52,50,48,47,47,48,49,48,48,48,46,45,47,47,47,46,46,46,47,47,45,45,45,44,43,43,43,41,41,42,44,44,42,42,41,41,41,39,38,37
2,0,0,0,0,0,0,0,0,0,0,0,0,0,0,0,0,0,0,0,0,0,0,0,0,0,0,0,0,0,0,0,0,0,0,0,0,0,0,0,0,0,0,0,0,0,0,0,0,0,0,0,0,0,0,0,0,0,0,0,0,0,0,0,0,0,0,0,0,0,0,0,0,0,0,0,0,0,0,0,0,0,0,0,0,0,0,0,0,0,0,0,0,0,0,0,0,0,0,0,0,100,98,94,94,90,88,87,86,82,83,82,81,81,75,75,76,76,76,74,74,73,69,69,68,68,66,66,65,65,65,63,62,62,60,58,59,58,59,56,54,53,51,49,50,48,50,49,49,48,50,51,50,51,51,52,51,51,53,52,52,52,50,51,51,50,48,47,47,46,46,46,47,47,47,46,43,43,43,41,40,39,37,36,35,34,33,33,33,33,32,32,33,33,33,32,33,33,32,32,33,33
2,0,0,0,0,0,0,0,0,0,0,0,0,0,0,0,0,0,0,0,0,0,0,0,0,0,0,0,0,0,0,0,0,0,0,0,0,0,0,0,0,0,0,0,0,0,0,0,0,0,0,0,0,0,0,0,0,0,0,0,0,0,0,0,0,0,0,0,0,0,0,0,0,0,0,0,0,0,0,0,0,0,0,0,0,0,0,0,0,0,0,0,0,0,0,0,0,0,0,0,0,100,98,97,94,92,90,90,89,89,91,88,89,89,87,85,81,79,79,78,79,76,76,73,70,69,66,67,67,67,68,68,67,65,66,66,65,67,66,65,64,64,62,63,60,58,58,54,54,54,55,56,55,55,56,56,54,52,54,55,51,50,49,48,52,52,52,50,52,52,53,52,52,51,51,51,51,51,52,50,48,49,50,48,49,50,50,49,51,52,52,51,50,48,46,45,45,45,44,43,44,44
2,0,0,0,0,0,0,0,0,0,0,0,0,0,0,0,0,0,0,0,0,0,0,0,0,0,0,0,0,0,0,0,0,0,0,0,0,0,0,0,0,0,0,0,0,0,0,0,0,0,0,0,0,0,0,0,0,0,0,0,0,0,0,0,0,0,0,0,0,0,0,0,0,0,0,0,0,0,0,0,0,0,0,0,0,0,0,0,0,0,0,0,0,0,0,0,0,0,0,0,0,100,99,98,98,95,95,93,90,88,85,84,86,86,86,85,84,85,79,80,79,78,77,76,76,73,70,70,70,70,69,66,66,65,63,62,58,59,57,53,53,52,52,52,49,50,50,45,45,46,47,46,48,46,47,47,43,42,43,43,43,42,42,41,41,41,40,39,39,40,39,39,38,37,36,36,37,38,39,39,38,37,36,36,37,36,37,37,36,36,37,38,38,37,37,38,36,36,35,36,36,37
2,0,0,0,0,0,0,0,0,0,0,0,0,0,0,0,0,0,0,0,0,0,0,0,0,0,0,0,0,0,0,0,0,0,0,0,0,0,0,0,0,0,0,0,0,0,0,0,0,0,0,0,0,0,0,0,0,0,0,0,0,0,0,0,0,0,0,0,0,0,0,0,0,0,0,0,0,0,0,0,0,0,0,0,0,0,0,0,0,0,0,0,0,0,0,0,0,0,0,0,0,100,98,95,90,89,88,87,85,84,85,84,83,84,84,83,81,80,78,77,75,74,75,75,73,74,71,70,70,71,72,70,70,67,68,65,65,64,64,60,60,60,56,54,53,53,51,50,52,51,50,51,49,51,49,49,48,48,47,48,45,46,44,43,44,43,45,45,46,45,47,48,48,47,48,50,48,48,47,47,44,44,43,43,42,42,43,44,41,40,40,40,40,40,39,38,38,38,36,36,35,35
2,0,0,0,0,0,0,0,0,0,0,0,0,0,0,0,0,0,0,0,0,0,0,0,0,0,0,0,0,0,0,0,0,0,0,0,0,0,0,0,0,0,0,0,0,0,0,0,0,0,0,0,0,0,0,0,0,0,0,0,0,0,0,0,0,0,0,0,0,0,0,0,0,0,0,0,0,0,0,0,0,0,0,0,0,0,0,0,0,0,0,0,0,0,0,0,0,0,0,0,0,100,100,98,98,97,97,96,92,91,91,87,85,84,82,83,82,82,79,78,77,75,74,73,73,72,71,70,68,70,71,70,70,67,66,65,66,65,66,64,60,60,60,57,57,56,55,54,54,56,56,57,56,56,54,54,51,51,50,50,50,48,49,50,51,51,51,50,47,47,47,46,45,46,45,44,43,43,43,45,48,47,47,47,49,48,49,48,48,48,48,49,51,52,52,50,49,50,49,49,48,45
2,0,0,0,0,0,0,0,0,0,0,0,0,0,0,0,0,0,0,0,0,0,0,0,0,0,0,0,0,0,0,0,0,0,0,0,0,0,0,0,0,0,0,0,0,0,0,0,0,0,0,0,0,0,0,0,0,0,0,0,0,0,0,0,0,0,0,0,0,0,0,0,0,0,0,0,0,0,0,0,0,0,0,0,0,0,0,0,0,0,0,0,0,0,0,0,0,0,0,0,0,100,97,94,92,92,91,90,90,90,89,87,86,86,86,84,82,80,78,76,74,72,72,72,72,70,70,65,65,64,65,62,62,62,61,61,62,61,57,56,54,55,54,52,52,52,52,53,52,53,55,54,54,54,52,51,50,50,50,46,47,48,47,47,47,47,48,48,48,44,41,41,42,42,43,44,42,43,43,44,43,42,45,44,42,40,40,40,41,42,43,43,42,42,42,41,42,41,40,40,41,39
2,0,0,0,0,0,0,0,0,0,0,0,0,0,0,0,0,0,0,0,0,0,0,0,0,0,0,0,0,0,0,0,0,0,0,0,0,0,0,0,0,0,0,0,0,0,0,0,0,0,0,0,0,0,0,0,0,0,0,0,0,0,0,0,0,0,0,0,0,0,0,0,0,0,0,0,0,0,0,0,0,0,0,0,0,0,0,0,0,0,0,0,0,0,0,0,0,0,0,0,0,100,98,96,95,93,93,91,89,85,84,84,83,82,82,79,79,78,79,79,77,71,68,67,66,66,64,63,64,66,65,63,63,63,63,63,63,59,60,59,58,56,55,54,53,53,55,55,53,53,52,49,49,51,50,47,47,47,45,44,43,43,42,42,42,41,40,39,40,39,38,37,37,39,39,38,39,39,38,37,36,36,37,36,35,35,34,34,35,34,36,35,34,32,32,32,33,33,34,33,32,29
2,0,0,0,0,0,0,0,0,0,0,0,0,0,0,0,0,0,0,0,0,0,0,0,0,0,0,0,0,0,0,0,0,0,0,0,0,0,0,0,0,0,0,0,0,0,0,0,0,0,0,0,0,0,0,0,0,0,0,0,0,0,0,0,0,0,0,0,0,0,0,0,0,0,0,0,0,0,0,0,0,0,0,0,0,0,0,0,0,0,0,0,0,0,0,0,0,0,0,0,0,100,96,92,92,89,87,88,87,86,83,80,78,77,76,75,75,76,76,74,72,73,72,68,68,67,63,64,63,63,62,61,60,61,61,63,62,61,60,60,60,60,60,58,57,57,57,56,56,56,54,52,49,48,45,44,45,43,43,41,42,43,43,42,41,41,41,40,42,41,40,41,40,41,41,41,39,40,41,40,37,37,37,35,33,32,32,33,34,34,36,35,36,36,36,36,36,36,37,37,38,37
2,0,0,0,0,0,0,0,0,0,0,0,0,0,0,0,0,0,0,0,0,0,0,0,0,0,0,0,0,0,0,0,0,0,0,0,0,0,0,0,0,0,0,0,0,0,0,0,0,0,0,0,0,0,0,0,0,0,0,0,0,0,0,0,0,0,0,0,0,0,0,0,0,0,0,0,0,0,0,0,0,0,0,0,0,0,0,0,0,0,0,0,0,0,0,0,0,0,0,0,0,100,98,98,98,96,95,95,94,92,91,90,88,82,82,82,81,81,77,76,76,74,74,71,70,68,67,66,66,65,64,65,64,64,63,63,61,60,61,59,59,59,59,57,56,54,53,53,55,53,53,52,51,49,49,49,50,49,48,48,48,47,47,43,43,44,42,41,40,41,41,40,39,39,39,41,41,40,42,40,38,38,39,37,37,36,38,42,41,40,39,37,38,39,40,40,40,41,40,39,39,39
2,0,0,0,0,0,0,0,0,0,0,0,0,0,0,0,0,0,0,0,0,0,0,0,0,0,0,0,0,0,0,0,0,0,0,0,0,0,0,0,0,0,0,0,0,0,0,0,0,0,0,0,0,0,0,0,0,0,0,0,0,0,0,0,0,0,0,0,0,0,0,0,0,0,0,0,0,0,0,0,0,0,0,0,0,0,0,0,0,0,0,0,0,0,0,0,0,0,0,0,0,100,99,98,97,93,90,90,88,88,86,85,85,83,78,76,76,75,75,73,72,69,67,65,64,62,63,61,62,63,63,59,56,55,54,53,52,52,52,50,51,51,52,52,52,51,49,50,50,50,51,50,50,50,48,49,50,48,48,48,51,51,52,52,50,49,48,48,49,47,48,48,48,46,44,41,37,38,38,38,39,40,39,39,37,34,36,36,34,33,32,32,32,32,33,32,31,31,32,33,34,34
2,0,0,0,0,0,0,0,0,0,0,0,0,0,0,0,0,0,0,0,0,0,0,0,0,0,0,0,0,0,0,0,0,0,0,0,0,0,0,0,0,0,0,0,0,0,0,0,0,0,0,0,0,0,0,0,0,0,0,0,0,0,0,0,0,0,0,0,0,0,0,0,0,0,0,0,0,0,0,0,0,0,0,0,0,0,0,0,0,0,0,0,0,0,0,0,0,0,0,0,0,100,98,97,93,90,89,86,85,83,82,82,83,77,76,74,73,73,72,72,71,68,67,66,65,64,65,64,65,63,63,62,62,63,64,63,62,60,63,61,58,56,57,57,58,58,58,59,60,61,61,60,59,59,59,59,57,56,55,55,55,56,55,55,55,54,54,55,55,53,53,53,52,53,51,50,52,53,53,53,52,50,50,50,51,52,51,52,52,50,49,49,48,47,47,47,47,47,47,47,48,47
2,0,0,0,0,0,0,0,0,0,0,0,0,0,0,0,0,0,0,0,0,0,0,0,0,0,0,0,0,0,0,0,0,0,0,0,0,0,0,0,0,0,0,0,0,0,0,0,0,0,0,0,0,0,0,0,0,0,0,0,0,0,0,0,0,0,0,0,0,0,0,0,0,0,0,0,0,0,0,0,0,0,0,0,0,0,0,0,0,0,0,0,0,0,0,0,0,0,0,0,0,100,96,94,93,91,90,88,87,86,86,85,84,83,81,82,81,78,76,76,74,72,71,69,67,65,66,66,65,65,64,65,63,61,62,62,63,62,60,61,61,61,61,61,62,63,65,65,65,65,64,64,63,62,60,58,59,58,57,57,57,56,55,54,52,52,53,53,53,54,52,53,52,51,51,51,51,51,50,49,47,46,44,45,43,43,42,41,40,40,41,40,41,40,42,42,42,41,41,40,38,38
2,0,0,0,0,0,0,0,0,0,0,0,0,0,0,0,0,0,0,0,0,0,0,0,0,0,0,0,0,0,0,0,0,0,0,0,0,0,0,0,0,0,0,0,0,0,0,0,0,0,0,0,0,0,0,0,0,0,0,0,0,0,0,0,0,0,0,0,0,0,0,0,0,0,0,0,0,0,0,0,0,0,0,0,0,0,0,0,0,0,0,0,0,0,0,0,0,0,0,0,0,100,96,93,90,88,85,84,84,84,80,77,77,77,77,75,73,71,69,68,68,65,65,65,65,64,64,63,62,60,58,58,58,57,55,55,52,53,54,54,52,53,53,54,54,53,50,50,50,50,49,48,46,47,49,48,47,47,44,46,48,48,49,50,50,48,48,48,48,46,47,47,47,48,49,47,46,45,46,45,45,47,46,45,44,43,42,41,41,43,41,41,43,44,44,42,42,40,39,39,38,37
2,0,0,0,0,0,0,0,0,0,0,0,0,0,0,0,0,0,0,0,0,0,0,0,0,0,0,0,0,0,0,0,0,0,0,0,0,0,0,0,0,0,0,0,0,0,0,0,0,0,0,0,0,0,0,0,0,0,0,0,0,0,0,0,0,0,0,0,0,0,0,0,0,0,0,0,0,0,0,0,0,0,0,0,0,0,0,0,0,0,0,0,0,0,0,0,0,0,0,0,0,100,99,98,96,95,90,91,89,86,85,83,82,79,78,79,80,78,78,78,79,77,75,75,71,71,71,69,68,67,66,65,65,65,64,64,63,63,61,60,59,59,57,57,54,54,52,53,52,53,52,52,51,52,53,53,51,51,52,50,49,48,49,50,45,45,45,45,45,45,45,45,44,44,45,44,44,44,44,42,42,43,43,44,44,44,44,46,46,44,46,45,46,44,39,39,39,39,39,40,38,39
2,0,0,0,0,0,0,0,0,0,0,0,0,0,0,0,0,0,0,0,0,0,0,0,0,0,0,0,0,0,0,0,0,0,0,0,0,0,0,0,0,0,0,0,0,0,0,0,0,0,0,0,0,0,0,0,0,0,0,0,0,0,0,0,0,0,0,0,0,0,0,0,0,0,0,0,0,0,0,0,0,0,0,0,0,0,0,0,0,0,0,0,0,0,0,0,0,0,0,0,0,100,98,94,93,92,91,89,87,86,84,84,81,80,79,78,79,78,79,79,77,74,73,73,73,73,72,70,68,67,66,65,63,63,64,63,61,61,58,59,57,56,56,55,53,52,51,53,53,55,54,52,51,51,50,49,48,49,49,49,50,51,51,51,50,45,45,43,42,41,40,41,40,38,37,36,37,36,38,39,38,38,39,38,38,37,37,36,35,34,36,36,37,37,38,39,40,40,39,41,40,38
2,0,0,0,0,0,0,0,0,0,0,0,0,0,0,0,0,0,0,0,0,0,0,0,0,0,0,0,0,0,0,0,0,0,0,0,0,0,0,0,0,0,0,0,0,0,0,0,0,0,0,0,0,0,0,0,0,0,0,0,0,0,0,0,0,0,0,0,0,0,0,0,0,0,0,0,0,0,0,0,0,0,0,0,0,0,0,0,0,0,0,0,0,0,0,0,0,0,0,0,0,100,100,96,96,94,94,92,91,90,88,86,84,84,84,82,81,80,78,78,77,78,77,77,76,72,72,72,67,66,64,64,64,64,64,64,63,63,61,60,58,57,56,55,56,54,51,53,53,52,50,52,53,49,48,47,44,44,44,44,46,45,44,44,43,44,44,46,47,46,45,46,45,45,46,45,45,46,49,48,46,43,41,41,41,42,42,40,41,43,43,43,45,44,44,45,43,41,41,42,41,40
2,0,0,0,0,0,0,0,0,0,0,0,0,0,0,0,0,0,0,0,0,0,0,0,0,0,0,0,0,0,0,0,0,0,0,0,0,0,0,0,0,0,0,0,0,0,0,0,0,0,0,0,0,0,0,0,0,0,0,0,0,0,0,0,0,0,0,0,0,0,0,0,0,0,0,0,0,0,0,0,0,0,0,0,0,0,0,0,0,0,0,0,0,0,0,0,0,0,0,0,0,100,95,95,92,91,89,87,83,83,82,80,80,78,73,71,69,69,70,70,69,67,66,65,62,63,61,59,57,56,57,57,57,57,56,59,56,58,60,60,58,57,58,57,57,55,55,56,56,58,57,56,55,55,54,54,54,55,56,56,56,57,54,54,54,51,50,50,51,54,54,54,53,51,51,51,51,50,49,48,48,48,49,46,46,45,45,46,47,48,48,48,47,47,46,48,48,46,46,45,45,45
2,0,0,0,0,0,0,0,0,0,0,0,0,0,0,0,0,0,0,0,0,0,0,0,0,0,0,0,0,0,0,0,0,0,0,0,0,0,0,0,0,0,0,0,0,0,0,0,0,0,0,0,0,0,0,0,0,0,0,0,0,0,0,0,0,0,0,0,0,0,0,0,0,0,0,0,0,0,0,0,0,0,0,0,0,0,0,0,0,0,0,0,0,0,0,0,0,0,0,0,0,100,99,97,95,93,91,91,91,90,89,88,87,85,87,87,83,81,76,75,73,71,70,70,65,62,64,65,63,63,63,60,60,59,58,58,60,58,58,58,57,55,54,52,50,50,51,51,51,50,51,50,50,52,50,50,48,48,48,50,50,50,45,46,45,45,46,45,47,47,46,45,45,44,43,43,43,45,44,43,43,42,42,42,39,39,37,40,41,41,42,44,45,46,45,44,42,42,42,41,41,42
2,0,0,0,0,0,0,0,0,0,0,0,0,0,0,0,0,0,0,0,0,0,0,0,0,0,0,0,0,0,0,0,0,0,0,0,0,0,0,0,0,0,0,0,0,0,0,0,0,0,0,0,0,0,0,0,0,0,0,0,0,0,0,0,0,0,0,0,0,0,0,0,0,0,0,0,0,0,0,0,0,0,0,0,0,0,0,0,0,0,0,0,0,0,0,0,0,0,0,0,0,100,98,96,96,94,89,87,85,84,82,81,81,78,76,76,75,75,75,75,72,71,71,70,70,68,68,68,68,67,66,65,64,61,61,59,58,58,58,56,56,56,55,56,57,55,54,54,53,51,48,47,46,45,46,48,49,48,49,49,48,48,47,45,46,47,47,45,43,43,44,44,43,43,41,41,39,39,40,40,41,40,37,37,37,37,37,37,37,37,36,35,34,33,33,34,35,35,35,35,36,35
2,0,0,0,0,0,0,0,0,0,0,0,0,0,0,0,0,0,0,0,0,0,0,0,0,0,0,0,0,0,0,0,0,0,0,0,0,0,0,0,0,0,0,0,0,0,0,0,0,0,0,0,0,0,0,0,0,0,0,0,0,0,0,0,0,0,0,0,0,0,0,0,0,0,0,0,0,0,0,0,0,0,0,0,0,0,0,0,0,0,0,0,0,0,0,0,0,0,0,0,0,100,99,98,95,94,93,92,91,90,88,87,86,83,82,82,81,80,79,76,73,72,71,70,70,65,64,61,59,58,58,56,55,54,54,53,52,51,51,51,51,52,49,48,49,47,45,48,50,50,53,51,53,53,53,52,51,50,50,50,51,51,49,50,49,50,51,51,50,49,47,46,44,43,42,43,42,43,43,45,45,44,45,43,43,44,44,44,43,43,40,40,40,40,39,38,38,39,39,36,36,36
2,0,0,0,0,0,0,0,0,0,0,0,0,0,0,0,0,0,0,0,0,0,0,0,0,0,0,0,0,0,0,0,0,0,0,0,0,0,0,0,0,0,0,0,0,0,0,0,0,0,0,0,0,0,0,0,0,0,0,0,0,0,0,0,0,0,0,0,0,0,0,0,0,0,0,0,0,0,0,0,0,0,0,0,0,0,0,0,0,0,0,0,0,0,0,0,0,0,0,0,0,100,97,97,93,91,92,91,90,89,89,88,88,88,87,84,83,83,82,80,79,78,77,75,73,70,69,68,68,67,65,64,64,63,61,59,57,55,56,54,55,53,52,53,53,53,54,53,51,51,50,51,52,50,50,48,45,44,45,44,46,46,46,46,48,48,46,45,46,46,45,46,44,45,45,47,46,46,45,46,47,48,46,45,43,41,41,41,41,40,41,39,39,39,39,38,39,40,39,38,37,36
2,0,0,0,0,0,0,0,0,0,0,0,0,0,0,0,0,0,0,0,0,0,0,0,0,0,0,0,0,0,0,0,0,0,0,0,0,0,0,0,0,0,0,0,0,0,0,0,0,0,0,0,0,0,0,0,0,0,0,0,0,0,0,0,0,0,0,0,0,0,0,0,0,0,0,0,0,0,0,0,0,0,0,0,0,0,0,0,0,0,0,0,0,0,0,0,0,0,0,0,0,100,99,96,95,92,91,88,87,85,83,82,80,80,80,77,75,74,74,73,72,71,71,69,68,68,69,68,66,63,63,62,61,62,61,59,60,59,60,61,61,60,59,60,58,57,57,60,61,61,60,59,58,57,55,53,51,49,49,50,51,50,49,49,49,48,49,48,49,47,44,43,42,42,43,44,44,40,38,36,38,35,35,33,33,33,34,33,33,35,36,38,38,37,38,37,36,35,35,36,35,35
2,0,0,0,0,0,0,0,0,0,0,0,0,0,0,0,0,0,0,0,0,0,0,0,0,0,0,0,0,0,0,0,0,0,0,0,0,0,0,0,0,0,0,0,0,0,0,0,0,0,0,0,0,0,0,0,0,0,0,0,0,0,0,0,0,0,0,0,0,0,0,0,0,0,0,0,0,0,0,0,0,0,0,0,0,0,0,0,0,0,0,0,0,0,0,0,0,0,0,0,0,100,99,97,93,92,92,91,89,88,86,85,85,82,81,76,78,80,80,80,79,77,78,76,76,73,72,70,74,70,71,67,64,63,63,61,59,57,56,52,49,48,48,47,46,46,47,47,44,44,44,45,44,44,44,44,45,47,46,45,44,45,45,44,44,44,42,42,43,43,45,44,43,42,42,42,43,42,38,38,40,38,39,38,37,36,35,34,34,34,34,35,35,35,36,36,35,34,34,34,33,33
2,0,0,0,0,0,0,0,0,0,0,0,0,0,0,0,0,0,0,0,0,0,0,0,0,0,0,0,0,0,0,0,0,0,0,0,0,0,0,0,0,0,0,0,0,0,0,0,0,0,0,0,0,0,0,0,0,0,0,0,0,0,0,0,0,0,0,0,0,0,0,0,0,0,0,0,0,0,0,0,0,0,0,0,0,0,0,0,0,0,0,0,0,0,0,0,0,0,0,0,0,100,97,94,94,94,92,91,90,88,84,84,82,81,78,78,80,78,77,75,72,73,73,71,70,71,68,68,68,66,65,63,62,63,61,62,61,60,60,59,59,57,57,57,56,54,53,53,51,51,54,52,53,53,53,52,52,52,51,50,50,51,51,51,52,51,50,49,49,45,42,45,46,44,43,42,42,42,42,41,41,41,40,40,39,40,40,41,41,42,40,40,40,39,39,39,38,37,37,37,38,39
2,0,0,0,0,0,0,0,0,0,0,0,0,0,0,0,0,0,0,0,0,0,0,0,0,0,0,0,0,0,0,0,0,0,0,0,0,0,0,0,0,0,0,0,0,0,0,0,0,0,0,0,0,0,0,0,0,0,0,0,0,0,0,0,0,0,0,0,0,0,0,0,0,0,0,0,0,0,0,0,0,0,0,0,0,0,0,0,0,0,0,0,0,0,0,0,0,0,0,0,0,100,99,95,93,92,89,88,87,85,83,82,81,79,77,78,79,79,78,78,78,77,76,75,74,72,70,68,66,66,67,67,66,67,66,65,65,64,64,63,63,61,58,55,54,53,54,55,52,52,50,50,52,50,50,50,49,48,48,47,48,48,48,48,47,46,47,48,48,50,50,49,49,49,48,51,49,50,51,51,51,52,51,49,47,47,45,45,45,46,46,44,44,44,42,41,41,41,41,41,42,42
2,0,0,0,0,0,0,0,0,0,0,0,0,0,0,0,0,0,0,0,0,0,0,0,0,0,0,0,0,0,0,0,0,0,0,0,0,0,0,0,0,0,0,0,0,0,0,0,0,0,0,0,0,0,0,0,0,0,0,0,0,0,0,0,0,0,0,0,0,0,0,0,0,0,0,0,0,0,0,0,0,0,0,0,0,0,0,0,0,0,0,0,0,0,0,0,0,0,0,0,0,100,97,94,90,90,89,88,85,85,84,83,82,80,77,76,76,76,75,73,73,73,71,70,68,67,68,68,67,65,65,64,63,63,60,61,59,59,59,57,56,57,57,57,57,56,55,54,55,55,53,54,52,53,53,51,51,52,51,53,51,50,50,51,52,52,52,51,49,48,48,48,46,46,47,48,49,49,46,45,43,42,39,40,40,42,41,38,37,37,37,38,37,37,35,36,36,36,36,37,37,39
2,0,0,0,0,0,0,0,0,0,0,0,0,0,0,0,0,0,0,0,0,0,0,0,0,0,0,0,0,0,0,0,0,0,0,0,0,0,0,0,0,0,0,0,0,0,0,0,0,0,0,0,0,0,0,0,0,0,0,0,0,0,0,0,0,0,0,0,0,0,0,0,0,0,0,0,0,0,0,0,0,0,0,0,0,0,0,0,0,0,0,0,0,0,0,0,0,0,0,0,0,100,98,96,93,89,89,88,85,85,84,83,79,77,73,72,69,68,66,65,64,64,63,62,60,61,59,60,61,61,60,61,62,62,61,60,59,56,56,56,55,55,55,55,56,57,57,56,54,54,54,53,51,50,48,47,47,46,47,48,48,48,47,48,48,49,49,48,46,45,45,46,43,42,41,39,39,37,33,37,37,34,34,35,37,38,34,34,34,35,36,35,34,35,35,34,35,34,34,34,35,35
2,0,0,0,0,0,0,0,0,0,0,0,0,0,0,0,0,0,0,0,0,0,0,0,0,0,0,0,0,0,0,0,0,0,0,0,0,0,0,0,0,0,0,0,0,0,0,0,0,0,0,0,0,0,0,0,0,0,0,0,0,0,0,0,0,0,0,0,0,0,0,0,0,0,0,0,0,0,0,0,0,0,0,0,0,0,0,0,0,0,0,0,0,0,0,0,0,0,0,0,0,100,99,99,97,96,95,95,94,94,90,87,84,83,83,83,83,81,81,78,77,76,77,77,74,73,73,72,70,69,66,67,66,63,62,61,61,61,62,61,60,58,55,55,57,57,58,56,55,54,53,52,53,53,51,53,53,53,54,53,50,51,49,49,50,49,49,49,48,47,47,46,45,44,43,45,45,45,45,43,42,42,42,42,42,42,40,40,39,38,39,40,39,39,40,40,39,37,37,34,33,33
2,0,0,0,0,0,0,0,0,0,0,0,0,0,0,0,0,0,0,0,0,0,0,0,0,0,0,0,0,0,0,0,0,0,0,0,0,0,0,0,0,0,0,0,0,0,0,0,0,0,0,0,0,0,0,0,0,0,0,0,0,0,0,0,0,0,0,0,0,0,0,0,0,0,0,0,0,0,0,0,0,0,0,0,0,0,0,0,0,0,0,0,0,0,0,0,0,0,0,0,0,100,97,96,95,95,92,91,89,86,83,83,83,83,78,76,74,74,73,74,73,71,69,68,64,65,64,63,63,61,60,60,59,56,55,54,54,51,50,50,50,50,49,50,49,50,52,51,50,50,49,48,48,48,47,46,46,47,47,46,48,47,46,50,49,49,49,47,47,45,43,42,44,45,47,46,47,46,45,45,44,42,39,39,39,40,40,38,39,40,40,39,38,39,39,41,41,40,39,39,39,39
2,0,0,0,0,0,0,0,0,0,0,0,0,0,0,0,0,0,0,0,0,0,0,0,0,0,0,0,0,0,0,0,0,0,0,0,0,0,0,0,0,0,0,0,0,0,0,0,0,0,0,0,0,0,0,0,0,0,0,0,0,0,0,0,0,0,0,0,0,0,0,0,0,0,0,0,0,0,0,0,0,0,0,0,0,0,0,0,0,0,0,0,0,0,0,0,0,0,0,0,0,100,99,97,96,94,92,90,88,88,86,86,82,81,80,79,78,78,78,77,76,74,69,70,67,65,65,64,62,63,62,60,60,59,56,58,56,57,57,57,56,54,53,54,53,54,54,54,54,53,52,52,52,50,46,46,46,46,46,44,42,42,44,44,42,42,43,42,41,41,40,40,41,41,40,40,41,41,41,40,40,41,40,41,41,41,41,40,40,40,40,39,38,38,38,38,39,38,39,37,37,37
2,0,0,0,0,0,0,0,0,0,0,0,0,0,0,0,0,0,0,0,0,0,0,0,0,0,0,0,0,0,0,0,0,0,0,0,0,0,0,0,0,0,0,0,0,0,0,0,0,0,0,0,0,0,0,0,0,0,0,0,0,0,0,0,0,0,0,0,0,0,0,0,0,0,0,0,0,0,0,0,0,0,0,0,0,0,0,0,0,0,0,0,0,0,0,0,0,0,0,0,0,100,97,97,95,93,91,89,85,85,82,81,80,79,78,80,79,74,75,72,72,69,69,66,65,64,63,63,62,62,61,59,58,56,55,55,53,51,49,48,45,45,45,46,44,44,45,43,43,43,45,45,46,46,44,43,43,41,41,41,42,43,43,41,39,38,39,38,38,38,38,39,37,36,36,36,36,36,36,35,38,38,38,39,39,37,37,37,37,37,38,38,37,36,37,37,37,35,34,33,33,35
2,0,0,0,0,0,0,0,0,0,0,0,0,0,0,0,0,0,0,0,0,0,0,0,0,0,0,0,0,0,0,0,0,0,0,0,0,0,0,0,0,0,0,0,0,0,0,0,0,0,0,0,0,0,0,0,0,0,0,0,0,0,0,0,0,0,0,0,0,0,0,0,0,0,0,0,0,0,0,0,0,0,0,0,0,0,0,0,0,0,0,0,0,0,0,0,0,0,0,0,0,100,98,96,92,91,90,87,85,84,84,85,81,78,78,76,77,76,74,74,72,72,72,71,71,71,70,70,69,67,66,65,64,62,63,61,59,60,59,58,57,56,54,54,54,52,51,52,54,54,54,52,55,53,53,51,49,48,47,47,45,43,40,39,40,40,40,40,38,39,39,40,41,41,41,41,41,41,40,39,38,37,37,36,36,36,36,35,36,37,38,38,37,36,36,36,36,36,37,37,35,35
2,0,0,0,0,0,0,0,0,0,0,0,0,0,0,0,0,0,0,0,0,0,0,0,0,0,0,0,0,0,0,0,0,0,0,0,0,0,0,0,0,0,0,0,0,0,0,0,0,0,0,0,0,0,0,0,0,0,0,0,0,0,0,0,0,0,0,0,0,0,0,0,0,0,0,0,0,0,0,0,0,0,0,0,0,0,0,0,0,0,0,0,0,0,0,0,0,0,0,0,0,100,98,97,95,93,92,91,90,87,83,83,82,81,80,81,80,78,77,74,74,73,72,72,71,71,71,66,65,65,62,61,56,56,58,59,58,58,57,58,57,55,54,54,53,53,52,50,48,48,45,44,45,46,45,45,45,45,46,46,46,46,47,47,47,47,46,45,45,45,44,44,45,43,43,43,42,40,38,39,39,38,38,38,39,39,37,37,36,36,36,35,35,33,33,33,33,33,32,34,34,35
2,0,0,0,0,0,0,0,0,0,0,0,0,0,0,0,0,0,0,0,0,0,0,0,0,0,0,0,0,0,0,0,0,0,0,0,0,0,0,0,0,0,0,0,0,0,0,0,0,0,0,0,0,0,0,0,0,0,0,0,0,0,0,0,0,0,0,0,0,0,0,0,0,0,0,0,0,0,0,0,0,0,0,0,0,0,0,0,0,0,0,0,0,0,0,0,0,0,0,0,0,100,97,96,96,94,89,88,87,87,84,80,78,76,75,75,73,74,73,73,71,71,72,71,72,72,70,69,68,68,70,68,68,63,63,64,62,61,59,57,57,57,57,55,53,54,54,53,52,50,48,49,50,50,49,46,45,44,45,45,43,43,42,43,46,45,42,42,42,40,44,43,44,46,44,45,43,40,38,37,36,37,37,37,37,37,36,35,36,35,37,38,36,36,37,37,36,33,33,34,32,33
2,0,0,0,0,0,0,0,0,0,0,0,0,0,0,0,0,0,0,0,0,0,0,0,0,0,0,0,0,0,0,0,0,0,0,0,0,0,0,0,0,0,0,0,0,0,0,0,0,0,0,0,0,0,0,0,0,0,0,0,0,0,0,0,0,0,0,0,0,0,0,0,0,0,0,0,0,0,0,0,0,0,0,0,0,0,0,0,0,0,0,0,0,0,0,0,0,0,0,0,0,100,100,98,95,93,93,92,91,88,85,85,86,86,84,80,77,76,76,76,75,73,72,73,68,67,65,64,63,62,58,55,54,53,52,51,52,51,51,50,49,50,46,46,45,44,41,40,41,41,42,43,45,44,44,43,44,43,43,44,42,39,40,40,39,40,39,39,39,38,36,36,39,39,36,37,36,36,36,38,39,37,38,38,38,38,38,39,40,41,40,42,41,40,41,41,41,40,41,40,40,40
2,0,0,0,0,0,0,0,0,0,0,0,0,0,0,0,0,0,0,0,0,0,0,0,0,0,0,0,0,0,0,0,0,0,0,0,0,0,0,0,0,0,0,0,0,0,0,0,0,0,0,0,0,0,0,0,0,0,0,0,0,0,0,0,0,0,0,0,0,0,0,0,0,0,0,0,0,0,0,0,0,0,0,0,0,0,0,0,0,0,0,0,0,0,0,0,0,0,0,0,0,100,98,95,93,91,91,90,89,90,88,88,87,85,85,84,82,81,81,77,78,77,75,74,72,72,69,67,65,62,63,61,61,60,59,57,54,53,51,51,52,50,49,49,47,48,46,46,47,48,48,49,46,46,46,47,44,43,41,42,42,42,43,43,45,44,45,45,46,46,46,46,45,44,46,47,45,44,44,43,43,42,42,42,40,41,40,39,38,37,38,37,37,39,38,37,38,38,37,35,33,32
2,0,0,0,0,0,0,0,0,0,0,0,0,0,0,0,0,0,0,0,0,0,0,0,0,0,0,0,0,0,0,0,0,0,0,0,0,0,0,0,0,0,0,0,0,0,0,0,0,0,0,0,0,0,0,0,0,0,0,0,0,0,0,0,0,0,0,0,0,0,0,0,0,0,0,0,0,0,0,0,0,0,0,0,0,0,0,0,0,0,0,0,0,0,0,0,0,0,0,0,0,100,100,99,98,97,93,91,88,88,87,85,81,81,80,76,73,70,69,69,69,67,67,67,68,69,69,68,67,68,67,66,64,65,65,64,64,63,62,62,61,61,61,60,60,59,60,56,56,55,54,51,50,50,50,50,49,49,46,47,46,46,44,43,40,40,40,40,41,41,40,39,40,43,43,43,42,42,43,43,43,41,42,41,39,38,38,38,39,38,37,35,35,35,35,34,33,33,32,31,32,32
2,0,0,0,0,0,0,0,0,0,0,0,0,0,0,0,0,0,0,0,0,0,0,0,0,0,0,0,0,0,0,0,0,0,0,0,0,0,0,0,0,0,0,0,0,0,0,0,0,0,0,0,0,0,0,0,0,0,0,0,0,0,0,0,0,0,0,0,0,0,0,0,0,0,0,0,0,0,0,0,0,0,0,0,0,0,0,0,0,0,0,0,0,0,0,0,0,0,0,0,0,100,99,97,95,92,89,88,86,86,83,83,80,80,81,80,80,79,79,74,73,72,70,71,70,69,69,68,67,66,65,65,65,67,64,61,59,61,63,61,60,57,56,55,53,54,55,53,53,54,54,53,52,53,55,56,52,52,51,50,48,47,45,44,44,43,43,43,42,42,42,40,41,44,42,42,41,41,41,41,41,40,40,41,42,42,41,40,38,39,38,39,39,39,37,38,38,37,36,36,37,37
2,0,0,0,0,0,0,0,0,0,0,0,0,0,0,0,0,0,0,0,0,0,0,0,0,0,0,0,0,0,0,0,0,0,0,0,0,0,0,0,0,0,0,0,0,0,0,0,0,0,0,0,0,0,0,0,0,0,0,0,0,0,0,0,0,0,0,0,0,0,0,0,0,0,0,0,0,0,0,0,0,0,0,0,0,0,0,0,0,0,0,0,0,0,0,0,0,0,0,0,0,100,98,96,93,91,90,88,87,85,84,85,82,79,79,80,78,79,79,78,77,77,77,77,77,75,73,72,69,67,66,64,62,64,66,65,64,64,64,64,63,60,58,59,60,59,59,59,59,60,60,58,55,53,52,49,49,50,51,52,51,51,49,49,47,46,47,46,47,49,49,50,49,50,50,50,50,50,47,47,47,48,47,48,48,49,47,47,47,47,47,45,46,46,46,47,47,47,46,46,44,44
2,0,0,0,0,0,0,0,0,0,0,0,0,0,0,0,0,0,0,0,0,0,0,0,0,0,0,0,0,0,0,0,0,0,0,0,0,0,0,0,0,0,0,0,0,0,0,0,0,0,0,0,0,0,0,0,0,0,0,0,0,0,0,0,0,0,0,0,0,0,0,0,0,0,0,0,0,0,0,0,0,0,0,0,0,0,0,0,0,0,0,0,0,0,0,0,0,0,0,0,0,100,100,98,95,92,90,87,85,84,83,82,83,84,83,82,81,78,78,78,78,77,76,76,76,77,77,76,78,78,77,76,73,71,72,69,66,65,63,63,61,60,60,57,55,55,53,53,54,53,51,49,48,48,47,45,45,46,45,45,46,46,46,46,47,47,46,47,49,47,47,43,42,39,40,40,41,40,40,39,39,39,39,38,36,36,35,34,33,35,34,35,35,36,36,36,35,35,34,34,30,31
2,0,0,0,0,0,0,0,0,0,0,0,0,0,0,0,0,0,0,0,0,0,0,0,0,0,0,0,0,0,0,0,0,0,0,0,0,0,0,0,0,0,0,0,0,0,0,0,0,0,0,0,0,0,0,0,0,0,0,0,0,0,0,0,0,0,0,0,0,0,0,0,0,0,0,0,0,0,0,0,0,0,0,0,0,0,0,0,0,0,0,0,0,0,0,0,0,0,0,0,0,100,99,97,94,90,90,90,89,88,87,86,85,82,81,81,81,80,80,78,75,74,75,73,70,70,67,65,64,63,61,62,63,65,65,65,66,65,64,65,67,67,67,65,64,64,64,65,63,61,60,61,59,57,58,53,53,51,53,53,52,51,51,51,52,52,52,51,50,49,48,49,50,49,50,49,48,49,50,49,48,49,47,45,43,42,42,44,46,47,46,44,45,46,47,46,44,45,45,45,44,43
2,0,0,0,0,0,0,0,0,0,0,0,0,0,0,0,0,0,0,0,0,0,0,0,0,0,0,0,0,0,0,0,0,0,0,0,0,0,0,0,0,0,0,0,0,0,0,0,0,0,0,0,0,0,0,0,0,0,0,0,0,0,0,0,0,0,0,0,0,0,0,0,0,0,0,0,0,0,0,0,0,0,0,0,0,0,0,0,0,0,0,0,0,0,0,0,0,0,0,0,0,100,97,95,91,89,86,85,83,80,78,73,72,71,70,69,70,71,70,70,68,67,65,65,63,57,55,55,56,56,55,52,52,51,51,50,50,48,49,48,48,47,48,49,47,47,48,47,47,50,49,50,52,52,53,52,53,52,50,49,54,53,54,54,51,48,48,49,48,48,49,48,46,45,44,42,41,40,40,40,39,38,37,35,34,35,34,34,34,33,34,35,35,37,37,35,34,32,32,32,32,32
2,0,0,0,0,0,0,0,0,0,0,0,0,0,0,0,0,0,0,0,0,0,0,0,0,0,0,0,0,0,0,0,0,0,0,0,0,0,0,0,0,0,0,0,0,0,0,0,0,0,0,0,0,0,0,0,0,0,0,0,0,0,0,0,0,0,0,0,0,0,0,0,0,0,0,0,0,0,0,0,0,0,0,0,0,0,0,0,0,0,0,0,0,0,0,0,0,0,0,0,0,100,95,94,92,89,87,85,83,80,82,81,79,78,79,79,80,78,77,73,72,72,70,71,68,67,67,66,65,63,64,64,62,61,60,63,62,60,59,58,61,61,60,58,57,57,58,56,54,53,52,52,52,50,50,50,50,49,49,49,48,46,47,48,48,48,47,47,47,47,47,46,46,48,48,48,49,48,49,46,46,45,44,42,43,43,44,45,42,40,40,40,40,40,41,41,39,38,39,39,39,39
2,0,0,0,0,0,0,0,0,0,0,0,0,0,0,0,0,0,0,0,0,0,0,0,0,0,0,0,0,0,0,0,0,0,0,0,0,0,0,0,0,0,0,0,0,0,0,0,0,0,0,0,0,0,0,0,0,0,0,0,0,0,0,0,0,0,0,0,0,0,0,0,0,0,0,0,0,0,0,0,0,0,0,0,0,0,0,0,0,0,0,0,0,0,0,0,0,0,0,0,0,100,98,95,94,92,91,90,86,84,83,82,79,79,79,78,78,77,76,75,71,70,67,66,64,62,61,61,60,61,59,57,56,55,56,56,57,57,57,57,54,54,53,53,53,53,54,54,55,55,55,54,52,50,49,49,49,47,47,44,43,42,42,42,42,42,41,42,44,44,44,44,44,43,44,44,44,43,46,44,44,43,46,46,47,48,46,47,48,47,48,49,48,45,45,44,42,42,43,41,40,40
2,0,0,0,0,0,0,0,0,0,0,0,0,0,0,0,0,0,0,0,0,0,0,0,0,0,0,0,0,0,0,0,0,0,0,0,0,0,0,0,0,0,0,0,0,0,0,0,0,0,0,0,0,0,0,0,0,0,0,0,0,0,0,0,0,0,0,0,0,0,0,0,0,0,0,0,0,0,0,0,0,0,0,0,0,0,0,0,0,0,0,0,0,0,0,0,0,0,0,0,0,100,99,98,96,95,93,91,91,90,90,88,86,86,81,81,80,78,79,80,79,74,71,70,71,71,73,71,71,67,66,65,64,63,63,62,62,61,62,62,62,63,62,62,62,60,58,57,56,57,55,55,53,52,53,52,49,48,48,46,45,45,45,44,45,45,44,44,44,44,43,42,42,42,42,44,43,41,41,41,41,39,39,39,39,37,39,36,36,37,37,36,36,38,38,38,38,37,37,36,36,34
2,0,0,0,0,0,0,0,0,0,0,0,0,0,0,0,0,0,0,0,0,0,0,0,0,0,0,0,0,0,0,0,0,0,0,0,0,0,0,0,0,0,0,0,0,0,0,0,0,0,0,0,0,0,0,0,0,0,0,0,0,0,0,0,0,0,0,0,0,0,0,0,0,0,0,0,0,0,0,0,0,0,0,0,0,0,0,0,0,0,0,0,0,0,0,0,0,0,0,0,0,100,98,98,97,96,95,93,92,89,85,82,79,78,77,78,77,77,75,76,73,72,72,70,71,70,68,68,66,66,63,63,63,60,59,58,58,59,59,58,58,58,58,60,60,60,59,57,57,54,52,51,50,50,49,49,47,47,46,45,45,44,47,45,45,46,47,47,48,48,47,46,45,45,45,44,41,40,41,39,36,36,38,35,34,34,35,35,35,36,37,36,36,39,39,38,40,41,42,43,44,44
2,0,0,0,0,0,0,0,0,0,0,0,0,0,0,0,0,0,0,0,0,0,0,0,0,0,0,0,0,0,0,0,0,0,0,0,0,0,0,0,0,0,0,0,0,0,0,0,0,0,0,0,0,0,0,0,0,0,0,0,0,0,0,0,0,0,0,0,0,0,0,0,0,0,0,0,0,0,0,0,0,0,0,0,0,0,0,0,0,0,0,0,0,0,0,0,0,0,0,0,0,100,99,98,97,96,92,91,88,88,89,87,85,83,83,82,85,84,84,80,78,77,76,75,74,75,74,73,72,70,68,68,68,68,68,67,68,67,70,69,65,65,62,60,60,59,60,58,57,57,56,54,54,55,55,57,53,54,53,52,51,51,50,51,52,52,54,54,53,53,53,53,54,54,51,49,50,50,48,49,49,48,48,48,48,48,49,50,48,44,43,42,40,40,39,40,41,41,41,41,43,43
2,0,0,0,0,0,0,0,0,0,0,0,0,0,0,0,0,0,0,0,0,0,0,0,0,0,0,0,0,0,0,0,0,0,0,0,0,0,0,0,0,0,0,0,0,0,0,0,0,0,0,0,0,0,0,0,0,0,0,0,0,0,0,0,0,0,0,0,0,0,0,0,0,0,0,0,0,0,0,0,0,0,0,0,0,0,0,0,0,0,0,0,0,0,0,0,0,0,0,0,0,100,97,97,93,92,90,89,90,86,83,79,77,74,75,75,75,74,72,72,71,73,74,70,70,70,68,68,72,72,73,72,71,70,69,67,67,66,67,65,63,64,63,64,63,62,63,61,61,62,61,61,61,60,59,59,57,59,58,58,57,56,54,56,56,56,56,57,53,53,52,51,50,48,48,47,47,50,51,50,49,48,45,43,43,43,44,43,42,43,44,43,42,41,40,40,40,42,42,43,43,44
2,0,0,0,0,0,0,0,0,0,0,0,0,0,0,0,0,0,0,0,0,0,0,0,0,0,0,0,0,0,0,0,0,0,0,0,0,0,0,0,0,0,0,0,0,0,0,0,0,0,0,0,0,0,0,0,0,0,0,0,0,0,0,0,0,0,0,0,0,0,0,0,0,0,0,0,0,0,0,0,0,0,0,0,0,0,0,0,0,0,0,0,0,0,0,0,0,0,0,0,0,100,100,95,93,91,89,87,84,82,81,81,80,79,78,77,76,75,75,75,73,72,73,72,70,70,69,71,74,72,71,72,74,71,67,68,67,65,65,64,62,59,59,57,58,58,59,59,59,58,57,55,53,54,55,54,51,52,51,50,52,52,53,52,53,53,53,50,51,51,51,51,50,53,52,52,52,51,50,48,48,48,48,48,50,46,47,45,45,42,42,41,41,41,37,36,36,36,36,34,32,32
2,0,0,0,0,0,0,0,0,0,0,0,0,0,0,0,0,0,0,0,0,0,0,0,0,0,0,0,0,0,0,0,0,0,0,0,0,0,0,0,0,0,0,0,0,0,0,0,0,0,0,0,0,0,0,0,0,0,0,0,0,0,0,0,0,0,0,0,0,0,0,0,0,0,0,0,0,0,0,0,0,0,0,0,0,0,0,0,0,0,0,0,0,0,0,0,0,0,0,0,0,100,97,97,93,92,91,91,90,88,81,81,83,82,81,79,76,76,74,74,74,72,70,69,69,68,68,68,68,70,70,70,71,72,71,66,65,66,66,65,64,64,65,62,61,60,60,59,59,58,55,55,54,53,51,51,51,49,49,49,49,48,49,45,45,46,45,44,43,42,42,41,42,42,42,41,44,43,42,42,40,40,40,40,40,40,40,41,39,38,36,36,36,36,36,36,36,35,35,35,36,37
2,0,0,0,0,0,0,0,0,0,0,0,0,0,0,0,0,0,0,0,0,0,0,0,0,0,0,0,0,0,0,0,0,0,0,0,0,0,0,0,0,0,0,0,0,0,0,0,0,0,0,0,0,0,0,0,0,0,0,0,0,0,0,0,0,0,0,0,0,0,0,0,0,0,0,0,0,0,0,0,0,0,0,0,0,0,0,0,0,0,0,0,0,0,0,0,0,0,0,0,0,100,97,97,95,95,90,89,86,85,82,80,79,78,79,78,75,73,73,72,66,63,62,59,59,56,54,53,54,52,53,52,52,52,52,48,49,49,49,49,48,48,47,47,47,47,45,46,46,47,47,46,46,46,44,46,43,43,43,43,43,44,42,41,40,40,40,41,40,40,39,39,40,41,42,41,42,41,42,42,41,40,41,42,41,42,43,41,40,43,44,43,43,41,41,41,41,41,41,39,36,36
2,0,0,0,0,0,0,0,0,0,0,0,0,0,0,0,0,0,0,0,0,0,0,0,0,0,0,0,0,0,0,0,0,0,0,0,0,0,0,0,0,0,0,0,0,0,0,0,0,0,0,0,0,0,0,0,0,0,0,0,0,0,0,0,0,0,0,0,0,0,0,0,0,0,0,0,0,0,0,0,0,0,0,0,0,0,0,0,0,0,0,0,0,0,0,0,0,0,0,0,0,100,98,95,94,92,92,90,90,87,85,87,88,87,84,81,83,82,82,82,83,79,80,79,76,75,75,73,73,70,70,71,71,69,69,68,66,64,62,61,63,63,65,64,63,64,64,62,60,59,58,56,53,51,50,49,50,49,46,46,45,45,45,46,45,44,44,44,43,45,45,47,49,50,51,50,50,47,47,45,45,46,45,46,46,45,46,47,46,46,44,42,40,39,38,38,35,35,32,30,31,32
2,0,0,0,0,0,0,0,0,0,0,0,0,0,0,0,0,0,0,0,0,0,0,0,0,0,0,0,0,0,0,0,0,0,0,0,0,0,0,0,0,0,0,0,0,0,0,0,0,0,0,0,0,0,0,0,0,0,0,0,0,0,0,0,0,0,0,0,0,0,0,0,0,0,0,0,0,0,0,0,0,0,0,0,0,0,0,0,0,0,0,0,0,0,0,0,0,0,0,0,0,100,97,95,91,89,88,86,85,85,84,84,84,82,81,78,77,74,71,68,67,66,65,65,66,67,68,68,67,68,68,66,64,64,64,62,64,63,62,59,57,58,58,58,59,58,59,59,57,54,53,53,55,53,52,52,51,50,50,49,48,49,48,47,48,49,49,51,52,51,50,51,52,51,49,47,46,46,48,46,45,44,42,42,42,43,41,42,43,44,44,43,42,42,41,40,41,42,42,40,39,40
2,0,0,0,0,0,0,0,0,0,0,0,0,0,0,0,0,0,0,0,0,0,0,0,0,0,0,0,0,0,0,0,0,0,0,0,0,0,0,0,0,0,0,0,0,0,0,0,0,0,0,0,0,0,0,0,0,0,0,0,0,0,0,0,0,0,0,0,0,0,0,0,0,0,0,0,0,0,0,0,0,0,0,0,0,0,0,0,0,0,0,0,0,0,0,0,0,0,0,0,0,100,99,95,91,88,85,85,82,81,81,80,78,77,73,73,71,72,71,69,69,69,69,69,68,67,68,67,67,66,66,64,62,62,63,61,62,61,61,60,60,62,59,57,57,55,53,53,53,52,53,54,52,51,52,53,52,51,52,52,53,53,52,52,51,51,51,51,50,50,46,45,44,44,44,44,44,44,43,42,41,43,43,43,44,43,44,42,40,41,37,37,37,38,41,41,40,37,37,37,38,37
2,0,0,0,0,0,0,0,0,0,0,0,0,0,0,0,0,0,0,0,0,0,0,0,0,0,0,0,0,0,0,0,0,0,0,0,0,0,0,0,0,0,0,0,0,0,0,0,0,0,0,0,0,0,0,0,0,0,0,0,0,0,0,0,0,0,0,0,0,0,0,0,0,0,0,0,0,0,0,0,0,0,0,0,0,0,0,0,0,0,0,0,0,0,0,0,0,0,0,0,0,100,99,97,95,93,90,87,85,83,83,82,79,77,76,74,73,71,70,68,69,67,65,64,66,68,68,66,66,66,61,61,60,60,58,57,56,56,56,56,57,56,56,57,57,56,55,55,54,53,53,52,52,49,48,47,48,48,48,49,48,50,50,47,48,49,49,48,47,47,45,46,45,47,45,44,44,44,45,41,40,41,42,42,41,41,39,38,40,42,43,41,41,42,42,42,43,41,42,43,44,42
2,0,0,0,0,0,0,0,0,0,0,0,0,0,0,0,0,0,0,0,0,0,0,0,0,0,0,0,0,0,0,0,0,0,0,0,0,0,0,0,0,0,0,0,0,0,0,0,0,0,0,0,0,0,0,0,0,0,0,0,0,0,0,0,0,0,0,0,0,0,0,0,0,0,0,0,0,0,0,0,0,0,0,0,0,0,0,0,0,0,0,0,0,0,0,0,0,0,0,0,0,100,98,98,95,93,90,86,81,79,78,77,77,76,77,78,76,75,74,74,73,72,71,72,69,69,66,65,66,65,62,60,59,57,55,52,53,51,52,52,53,54,55,53,52,50,50,50,47,46,46,45,44,44,42,43,43,45,46,47,45,44,42,42,41,40,39,41,40,40,39,39,40,41,42,43,40,39,39,39,40,40,41,41,40,38,37,38,39,38,37,39,41,41,41,39,38,39,41,41,40,40
2,0,0,0,0,0,0,0,0,0,0,0,0,0,0,0,0,0,0,0,0,0,0,0,0,0,0,0,0,0,0,0,0,0,0,0,0,0,0,0,0,0,0,0,0,0,0,0,0,0,0,0,0,0,0,0,0,0,0,0,0,0,0,0,0,0,0,0,0,0,0,0,0,0,0,0,0,0,0,0,0,0,0,0,0,0,0,0,0,0,0,0,0,0,0,0,0,0,0,0,0,100,99,98,98,97,92,90,87,85,83,82,82,82,77,77,75,73,72,71,72,71,70,70,72,71,71,69,67,66,66,65,61,58,59,58,58,56,54,56,56,56,57,53,51,52,54,54,55,54,52,50,49,48,47,45,44,45,46,46,45,46,43,43,43,44,42,41,40,40,41,39,41,39,39,38,39,38,37,37,33,32,31,30,30,29,29,29,29,30,30,31,30,31,30,30,31,33,33,34,35,34
2,0,0,0,0,0,0,0,0,0,0,0,0,0,0,0,0,0,0,0,0,0,0,0,0,0,0,0,0,0,0,0,0,0,0,0,0,0,0,0,0,0,0,0,0,0,0,0,0,0,0,0,0,0,0,0,0,0,0,0,0,0,0,0,0,0,0,0,0,0,0,0,0,0,0,0,0,0,0,0,0,0,0,0,0,0,0,0,0,0,0,0,0,0,0,0,0,0,0,0,0,100,96,92,89,87,82,80,80,80,80,78,78,77,76,75,76,76,76,77,75,71,70,67,67,67,63,62,61,61,60,59,56,57,57,58,57,57,56,55,54,54,53,54,54,55,55,55,54,52,50,49,47,47,46,47,46,43,43,43,43,44,42,42,41,43,43,42,43,43,43,43,41,41,41,41,39,38,39,38,37,37,38,35,36,35,36,36,35,34,33,33,32,32,33,34,34,34,33,33,33,32
2,0,0,0,0,0,0,0,0,0,0,0,0,0,0,0,0,0,0,0,0,0,0,0,0,0,0,0,0,0,0,0,0,0,0,0,0,0,0,0,0,0,0,0,0,0,0,0,0,0,0,0,0,0,0,0,0,0,0,0,0,0,0,0,0,0,0,0,0,0,0,0,0,0,0,0,0,0,0,0,0,0,0,0,0,0,0,0,0,0,0,0,0,0,0,0,0,0,0,0,0,100,98,96,93,91,90,87,86,84,81,80,80,78,76,74,75,75,74,73,71,64,63,63,63,63,63,64,66,66,66,65,65,63,62,62,61,60,59,59,60,60,61,60,60,62,63,62,59,58,59,58,58,58,56,55,53,53,53,53,55,55,55,54,54,52,52,52,52,52,51,51,48,49,49,48,49,48,48,46,44,42,43,43,43,43,40,41,40,40,41,41,41,42,42,42,42,41,38,37,37,37
2,0,0,0,0,0,0,0,0,0,0,0,0,0,0,0,0,0,0,0,0,0,0,0,0,0,0,0,0,0,0,0,0,0,0,0,0,0,0,0,0,0,0,0,0,0,0,0,0,0,0,0,0,0,0,0,0,0,0,0,0,0,0,0,0,0,0,0,0,0,0,0,0,0,0,0,0,0,0,0,0,0,0,0,0,0,0,0,0,0,0,0,0,0,0,0,0,0,0,0,0,100,96,94,90,90,89,88,86,86,85,84,82,80,79,77,78,79,78,78,79,77,77,77,77,75,74,71,70,70,70,67,66,66,64,62,61,59,57,57,57,58,59,60,61,60,60,62,59,59,58,58,56,54,55,53,51,51,49,49,49,48,47,47,47,45,44,43,44,43,43,43,44,42,42,42,40,41,41,43,44,43,43,42,43,43,43,42,42,42,41,42,42,41,40,39,40,39,40,40,40,41
2,0,0,0,0,0,0,0,0,0,0,0,0,0,0,0,0,0,0,0,0,0,0,0,0,0,0,0,0,0,0,0,0,0,0,0,0,0,0,0,0,0,0,0,0,0,0,0,0,0,0,0,0,0,0,0,0,0,0,0,0,0,0,0,0,0,0,0,0,0,0,0,0,0,0,0,0,0,0,0,0,0,0,0,0,0,0,0,0,0,0,0,0,0,0,0,0,0,0,0,0,100,96,94,94,93,90,87,85,82,80,78,77,75,75,74,74,75,75,76,76,77,76,75,73,73,73,71,69,68,67,66,64,62,59,58,59,59,60,60,61,60,60,58,57,58,60,61,62,62,61,61,61,61,60,59,62,61,60,59,59,57,57,58,58,58,58,56,55,54,53,53,52,51,51,49,49,49,48,48,49,48,46,45,45,44,44,44,44,45,46,43,43,43,44,43,42,42,41,41,41,41
2,0,0,0,0,0,0,0,0,0,0,0,0,0,0,0,0,0,0,0,0,0,0,0,0,0,0,0,0,0,0,0,0,0,0,0,0,0,0,0,0,0,0,0,0,0,0,0,0,0,0,0,0,0,0,0,0,0,0,0,0,0,0,0,0,0,0,0,0,0,0,0,0,0,0,0,0,0,0,0,0,0,0,0,0,0,0,0,0,0,0,0,0,0,0,0,0,0,0,0,0,100,100,98,98,97,95,93,91,88,86,84,83,82,82,82,82,80,81,81,78,75,69,67,67,66,65,64,63,62,60,59,59,56,56,55,54,56,54,54,54,54,53,52,52,53,53,53,53,51,51,48,49,52,51,51,53,53,53,48,48,51,50,48,49,50,48,48,48,47,48,47,49,48,47,47,48,47,46,45,44,43,42,43,44,43,42,42,42,40,42,42,42,41,41,41,41,41,41,41,40,39
2,0,0,0,0,0,0,0,0,0,0,0,0,0,0,0,0,0,0,0,0,0,0,0,0,0,0,0,0,0,0,0,0,0,0,0,0,0,0,0,0,0,0,0,0,0,0,0,0,0,0,0,0,0,0,0,0,0,0,0,0,0,0,0,0,0,0,0,0,0,0,0,0,0,0,0,0,0,0,0,0,0,0,0,0,0,0,0,0,0,0,0,0,0,0,0,0,0,0,0,0,100,99,95,93,93,92,89,85,84,81,81,80,80,82,81,80,79,79,77,77,74,74,71,72,68,67,67,67,67,65,63,62,60,59,59,59,58,58,58,57,57,55,54,53,53,50,52,54,53,49,49,48,48,48,48,46,46,45,47,47,48,47,46,47,46,45,45,46,47,45,42,44,44,43,45,44,45,45,44,45,44,42,40,38,39,40,38,39,40,40,41,40,40,38,37,37,38,39,40,39,39
2,0,0,0,0,0,0,0,0,0,0,0,0,0,0,0,0,0,0,0,0,0,0,0,0,0,0,0,0,0,0,0,0,0,0,0,0,0,0,0,0,0,0,0,0,0,0,0,0,0,0,0,0,0,0,0,0,0,0,0,0,0,0,0,0,0,0,0,0,0,0,0,0,0,0,0,0,0,0,0,0,0,0,0,0,0,0,0,0,0,0,0,0,0,0,0,0,0,0,0,0,100,98,97,96,94,94,93,90,88,86,86,85,82,82,82,79,78,75,73,73,72,69,69,70,69,70,69,68,68,66,65,65,64,63,65,64,64,63,63,61,60,58,59,59,57,58,57,54,55,53,54,53,52,50,49,49,49,49,48,47,47,48,47,47,47,48,47,45,45,44,45,45,44,43,43,43,41,41,41,42,41,40,39,39,39,39,38,37,35,36,36,37,37,38,37,37,38,39,39,39,38
2,0,0,0,0,0,0,0,0,0,0,0,0,0,0,0,0,0,0,0,0,0,0,0,0,0,0,0,0,0,0,0,0,0,0,0,0,0,0,0,0,0,0,0,0,0,0,0,0,0,0,0,0,0,0,0,0,0,0,0,0,0,0,0,0,0,0,0,0,0,0,0,0,0,0,0,0,0,0,0,0,0,0,0,0,0,0,0,0,0,0,0,0,0,0,0,0,0,0,0,0,100,100,99,97,95,93,92,93,88,86,87,85,81,79,79,75,75,75,73,72,71,71,69,69,69,69,68,68,68,68,67,65,64,64,62,62,59,57,55,54,53,50,49,48,48,49,49,48,49,48,50,51,50,47,45,45,45,44,42,43,43,45,45,47,46,44,44,44,44,42,41,42,43,42,43,43,45,47,46,46,45,45,45,42,42,43,42,41,42,41,41,40,40,39,39,37,37,38,38,38,39
2,0,0,0,0,0,0,0,0,0,0,0,0,0,0,0,0,0,0,0,0,0,0,0,0,0,0,0,0,0,0,0,0,0,0,0,0,0,0,0,0,0,0,0,0,0,0,0,0,0,0,0,0,0,0,0,0,0,0,0,0,0,0,0,0,0,0,0,0,0,0,0,0,0,0,0,0,0,0,0,0,0,0,0,0,0,0,0,0,0,0,0,0,0,0,0,0,0,0,0,0,100,99,99,96,95,95,91,90,87,85,86,83,82,79,77,77,74,74,74,76,76,75,73,74,72,71,70,70,69,69,69,69,71,70,70,69,66,67,67,68,68,68,66,65,64,66,67,67,67,66,65,66,67,65,63,65,65,64,64,62,62,61,58,56,56,57,57,56,57,55,54,52,52,50,48,48,48,47,47,46,45,43,43,43,44,44,42,39,38,36,37,37,37,37,38,38,39,38,37,37,38
2,0,0,0,0,0,0,0,0,0,0,0,0,0,0,0,0,0,0,0,0,0,0,0,0,0,0,0,0,0,0,0,0,0,0,0,0,0,0,0,0,0,0,0,0,0,0,0,0,0,0,0,0,0,0,0,0,0,0,0,0,0,0,0,0,0,0,0,0,0,0,0,0,0,0,0,0,0,0,0,0,0,0,0,0,0,0,0,0,0,0,0,0,0,0,0,0,0,0,0,0,100,99,98,97,95,94,91,89,86,84,85,83,83,82,78,76,77,77,76,76,74,73,73,71,73,73,72,72,71,69,66,65,64,62,62,63,63,63,63,64,64,65,64,63,63,63,64,65,66,66,64,63,63,62,61,61,61,61,61,61,59,59,58,58,58,57,56,56,56,56,55,53,53,52,53,53,53,53,54,54,52,50,50,51,50,49,48,50,50,50,49,49,50,51,52,52,50,50,48,47,46
2,0,0,0,0,0,0,0,0,0,0,0,0,0,0,0,0,0,0,0,0,0,0,0,0,0,0,0,0,0,0,0,0,0,0,0,0,0,0,0,0,0,0,0,0,0,0,0,0,0,0,0,0,0,0,0,0,0,0,0,0,0,0,0,0,0,0,0,0,0,0,0,0,0,0,0,0,0,0,0,0,0,0,0,0,0,0,0,0,0,0,0,0,0,0,0,0,0,0,0,0,100,99,97,97,93,90,91,90,90,89,85,82,82,81,82,83,81,78,78,76,74,74,74,75,73,72,72,72,72,70,70,68,65,64,61,60,60,58,54,54,53,54,53,53,53,52,54,53,52,54,54,55,54,53,53,51,49,48,49,49,49,48,48,47,46,46,47,47,48,45,45,46,44,43,43,43,43,43,44,44,45,46,46,45,46,46,45,45,45,45,45,45,45,46,46,47,47,45,45,44,44
2,0,0,0,0,0,0,0,0,0,0,0,0,0,0,0,0,0,0,0,0,0,0,0,0,0,0,0,0,0,0,0,0,0,0,0,0,0,0,0,0,0,0,0,0,0,0,0,0,0,0,0,0,0,0,0,0,0,0,0,0,0,0,0,0,0,0,0,0,0,0,0,0,0,0,0,0,0,0,0,0,0,0,0,0,0,0,0,0,0,0,0,0,0,0,0,0,0,0,0,0,100,96,93,91,92,90,88,86,84,81,80,77,76,76,77,74,73,73,70,70,70,70,70,69,66,66,65,65,64,63,60,58,58,57,56,56,54,52,53,52,52,52,51,52,50,49,49,49,49,50,48,46,46,48,48,48,47,48,49,47,47,47,47,49,49,50,48,49,51,51,52,52,50,50,52,52,54,54,55,56,55,54,53,53,52,49,48,49,52,50,50,49,49,47,47,47,47,48,49,49,48
2,0,0,0,0,0,0,0,0,0,0,0,0,0,0,0,0,0,0,0,0,0,0,0,0,0,0,0,0,0,0,0,0,0,0,0,0,0,0,0,0,0,0,0,0,0,0,0,0,0,0,0,0,0,0,0,0,0,0,0,0,0,0,0,0,0,0,0,0,0,0,0,0,0,0,0,0,0,0,0,0,0,0,0,0,0,0,0,0,0,0,0,0,0,0,0,0,0,0,0,0,100,99,96,94,93,93,87,86,84,84,82,80,80,79,78,78,76,74,73,73,73,72,72,71,69,68,67,65,60,60,58,59,58,58,58,58,57,57,55,56,54,55,56,56,57,55,54,54,52,50,50,50,50,49,47,47,47,46,46,47,47,46,46,45,45,44,44,44,43,43,44,44,45,43,44,44,43,41,41,42,42,42,42,42,41,40,38,39,39,38,37,37,36,34,33,32,31,32,31,31,33
2,0,0,0,0,0,0,0,0,0,0,0,0,0,0,0,0,0,0,0,0,0,0,0,0,0,0,0,0,0,0,0,0,0,0,0,0,0,0,0,0,0,0,0,0,0,0,0,0,0,0,0,0,0,0,0,0,0,0,0,0,0,0,0,0,0,0,0,0,0,0,0,0,0,0,0,0,0,0,0,0,0,0,0,0,0,0,0,0,0,0,0,0,0,0,0,0,0,0,0,0,100,97,95,91,90,87,87,87,84,81,79,77,78,76,75,74,73,74,70,70,70,67,66,65,61,60,59,59,58,59,57,57,57,56,54,54,55,56,56,55,54,53,53,51,50,50,50,49,49,48,49,49,48,48,48,48,48,47,43,42,42,41,42,41,41,39,36,36,36,37,38,37,39,38,37,37,37,36,33,32,32,33,33,32,33,34,34,34,34,34,33,32,33,32,33,32,32,31,32,32,34
2,0,0,0,0,0,0,0,0,0,0,0,0,0,0,0,0,0,0,0,0,0,0,0,0,0,0,0,0,0,0,0,0,0,0,0,0,0,0,0,0,0,0,0,0,0,0,0,0,0,0,0,0,0,0,0,0,0,0,0,0,0,0,0,0,0,0,0,0,0,0,0,0,0,0,0,0,0,0,0,0,0,0,0,0,0,0,0,0,0,0,0,0,0,0,0,0,0,0,0,0,100,99,96,95,93,90,90,88,90,86,85,83,81,81,81,81,78,78,76,75,74,73,70,70,68,67,67,65,65,62,61,61,57,55,53,53,53,52,52,50,50,49,48,48,46,45,45,43,44,44,44,44,45,46,46,45,46,48,48,47,47,45,47,46,46,46,46,47,45,45,45,45,46,47,46,45,45,46,46,46,44,44,41,40,39,37,36,35,34,34,35,35,34,36,37,38,39,41,40,42,39
2,0,0,0,0,0,0,0,0,0,0,0,0,0,0,0,0,0,0,0,0,0,0,0,0,0,0,0,0,0,0,0,0,0,0,0,0,0,0,0,0,0,0,0,0,0,0,0,0,0,0,0,0,0,0,0,0,0,0,0,0,0,0,0,0,0,0,0,0,0,0,0,0,0,0,0,0,0,0,0,0,0,0,0,0,0,0,0,0,0,0,0,0,0,0,0,0,0,0,0,0,100,96,96,94,92,90,89,88,87,86,85,85,85,80,81,80,79,76,76,74,74,72,72,69,65,66,65,64,64,65,65,64,63,62,61,60,60,59,59,59,59,59,58,58,59,55,55,56,54,52,51,50,49,48,48,48,48,49,48,47,47,45,45,46,44,41,41,41,40,41,42,43,43,45,45,45,45,46,46,44,43,44,43,43,42,41,42,40,41,41,38,38,39,41,41,41,41,41,41,41,42
2,0,0,0,0,0,0,0,0,0,0,0,0,0,0,0,0,0,0,0,0,0,0,0,0,0,0,0,0,0,0,0,0,0,0,0,0,0,0,0,0,0,0,0,0,0,0,0,0,0,0,0,0,0,0,0,0,0,0,0,0,0,0,0,0,0,0,0,0,0,0,0,0,0,0,0,0,0,0,0,0,0,0,0,0,0,0,0,0,0,0,0,0,0,0,0,0,0,0,0,0,100,98,97,96,93,93,91,91,90,90,87,85,83,81,80,79,79,77,78,78,76,75,76,75,74,74,74,74,74,73,73,74,73,70,70,68,69,67,65,63,61,57,57,57,58,58,57,56,57,55,55,56,55,55,53,53,53,53,52,52,52,51,49,48,48,48,48,47,46,46,47,47,47,47,49,49,49,48,47,47,46,43,41,38,38,37,38,36,36,37,38,39,39,39,40,40,40,40,40,41,42
2,0,0,0,0,0,0,0,0,0,0,0,0,0,0,0,0,0,0,0,0,0,0,0,0,0,0,0,0,0,0,0,0,0,0,0,0,0,0,0,0,0,0,0,0,0,0,0,0,0,0,0,0,0,0,0,0,0,0,0,0,0,0,0,0,0,0,0,0,0,0,0,0,0,0,0,0,0,0,0,0,0,0,0,0,0,0,0,0,0,0,0,0,0,0,0,0,0,0,0,0,100,100,99,95,93,89,89,88,85,83,77,76,75,75,74,74,72,71,71,71,71,71,69,68,65,65,66,66,64,64,64,64,63,61,61,59,59,58,55,54,54,53,53,52,50,49,49,48,46,46,46,44,41,41,41,41,42,41,42,40,39,38,38,38,38,38,37,37,37,37,38,38,37,37,39,39,39,39,39,36,37,36,35,35,36,37,38,37,37,36,36,36,36,35,37,37,39,39,39,40,39
2,0,0,0,0,0,0,0,0,0,0,0,0,0,0,0,0,0,0,0,0,0,0,0,0,0,0,0,0,0,0,0,0,0,0,0,0,0,0,0,0,0,0,0,0,0,0,0,0,0,0,0,0,0,0,0,0,0,0,0,0,0,0,0,0,0,0,0,0,0,0,0,0,0,0,0,0,0,0,0,0,0,0,0,0,0,0,0,0,0,0,0,0,0,0,0,0,0,0,0,0,100,97,97,95,94,91,86,84,84,82,81,78,76,76,76,74,73,72,71,73,74,73,72,70,69,69,69,69,69,69,70,71,71,69,67,66,64,63,63,61,58,59,58,61,61,61,60,60,59,59,59,58,58,57,57,58,58,58,57,57,56,58,58,56,54,52,50,49,49,50,48,48,47,49,49,49,50,50,49,50,49,48,48,49,49,47,47,48,48,48,48,48,47,45,46,46,45,45,43,44,45
2,0,0,0,0,0,0,0,0,0,0,0,0,0,0,0,0,0,0,0,0,0,0,0,0,0,0,0,0,0,0,0,0,0,0,0,0,0,0,0,0,0,0,0,0,0,0,0,0,0,0,0,0,0,0,0,0,0,0,0,0,0,0,0,0,0,0,0,0,0,0,0,0,0,0,0,0,0,0,0,0,0,0,0,0,0,0,0,0,0,0,0,0,0,0,0,0,0,0,0,0,100,98,98,98,96,95,94,92,92,92,91,89,89,89,89,89,89,88,87,87,83,83,83,81,80,79,76,74,74,74,72,68,67,66,66,64,63,63,63,62,62,63,61,58,56,60,58,57,56,56,57,54,54,56,56,54,55,55,55,55,54,52,51,51,51,51,51,52,52,51,52,53,50,50,51,48,51,52,52,51,52,54,53,53,54,53,53,55,51,50,51,49,49,49,50,49,49,47,45,44,44
2,0,0,0,0,0,0,0,0,0,0,0,0,0,0,0,0,0,0,0,0,0,0,0,0,0,0,0,0,0,0,0,0,0,0,0,0,0,0,0,0,0,0,0,0,0,0,0,0,0,0,0,0,0,0,0,0,0,0,0,0,0,0,0,0,0,0,0,0,0,0,0,0,0,0,0,0,0,0,0,0,0,0,0,0,0,0,0,0,0,0,0,0,0,0,0,0,0,0,0,0,100,99,96,95,93,93,91,88,88,86,86,85,83,83,80,78,79,80,80,78,76,76,74,74,71,71,71,70,70,70,70,70,67,67,65,66,66,66,64,63,64,65,63,63,61,60,59,57,54,53,53,53,52,52,53,52,53,52,48,48,50,49,47,47,47,44,45,44,43,42,43,41,39,39,39,38,40,38,39,38,37,38,37,37,36,37,36,37,36,37,37,38,40,40,40,40,40,41,42,43,44
2,0,0,0,0,0,0,0,0,0,0,0,0,0,0,0,0,0,0,0,0,0,0,0,0,0,0,0,0,0,0,0,0,0,0,0,0,0,0,0,0,0,0,0,0,0,0,0,0,0,0,0,0,0,0,0,0,0,0,0,0,0,0,0,0,0,0,0,0,0,0,0,0,0,0,0,0,0,0,0,0,0,0,0,0,0,0,0,0,0,0,0,0,0,0,0,0,0,0,0,0,100,96,92,89,89,88,86,84,84,82,81,81,80,79,80,78,77,75,75,73,70,66,64,63,64,64,64,64,64,63,62,61,61,60,63,62,62,61,58,57,57,55,57,57,56,55,55,55,55,55,55,55,55,55,55,54,54,52,52,46,46,46,46,44,43,43,42,41,42,41,43,42,42,42,40,41,41,39,39,38,39,40,40,37,37,38,37,39,38,38,38,36,35,35,36,37,35,36,35,35,34
2,0,0,0,0,0,0,0,0,0,0,0,0,0,0,0,0,0,0,0,0,0,0,0,0,0,0,0,0,0,0,0,0,0,0,0,0,0,0,0,0,0,0,0,0,0,0,0,0,0,0,0,0,0,0,0,0,0,0,0,0,0,0,0,0,0,0,0,0,0,0,0,0,0,0,0,0,0,0,0,0,0,0,0,0,0,0,0,0,0,0,0,0,0,0,0,0,0,0,0,0,100,99,98,95,94,91,89,87,85,84,84,82,81,81,79,79,77,76,72,72,70,66,65,62,61,61,60,59,57,57,57,57,59,58,58,56,56,55,54,54,50,51,52,52,52,52,51,50,50,51,48,46,48,48,48,47,48,49,49,50,50,49,49,46,46,47,48,48,48,47,49,48,49,49,48,48,48,47,45,45,45,45,45,43,42,43,43,43,42,41,41,40,39,38,38,38,38,40,40,41,41
2,0,0,0,0,0,0,0,0,0,0,0,0,0,0,0,0,0,0,0,0,0,0,0,0,0,0,0,0,0,0,0,0,0,0,0,0,0,0,0,0,0,0,0,0,0,0,0,0,0,0,0,0,0,0,0,0,0,0,0,0,0,0,0,0,0,0,0,0,0,0,0,0,0,0,0,0,0,0,0,0,0,0,0,0,0,0,0,0,0,0,0,0,0,0,0,0,0,0,0,0,100,97,93,92,90,90,88,82,78,77,77,76,76,76,75,76,76,74,75,74,70,70,68,68,67,64,65,63,61,62,62,62,61,61,59,59,59,60,60,60,57,58,59,57,58,55,53,52,50,48,46,47,48,49,49,48,49,49,48,48,48,48,47,44,43,42,40,41,40,40,40,39,37,37,36,35,35,35,35,36,37,36,37,36,36,36,35,35,35,34,33,33,31,31,30,30,32,32,32,33,32
2,0,0,0,0,0,0,0,0,0,0,0,0,0,0,0,0,0,0,0,0,0,0,0,0,0,0,0,0,0,0,0,0,0,0,0,0,0,0,0,0,0,0,0,0,0,0,0,0,0,0,0,0,0,0,0,0,0,0,0,0,0,0,0,0,0,0,0,0,0,0,0,0,0,0,0,0,0,0,0,0,0,0,0,0,0,0,0,0,0,0,0,0,0,0,0,0,0,0,0,0,100,96,95,92,92,90,89,88,86,86,86,83,83,83,82,83,82,80,78,78,76,74,72,71,69,67,67,66,67,66,63,62,62,61,60,60,59,57,56,58,57,56,56,56,54,54,53,50,52,52,53,53,53,51,50,49,53,53,51,48,47,46,45,46,45,43,45,49,50,49,48,49,50,52,50,51,50,49,47,46,45,46,46,46,46,45,46,43,45,44,46,45,44,43,45,45,44,43,41,40,39
2,0,0,0,0,0,0,0,0,0,0,0,0,0,0,0,0,0,0,0,0,0,0,0,0,0,0,0,0,0,0,0,0,0,0,0,0,0,0,0,0,0,0,0,0,0,0,0,0,0,0,0,0,0,0,0,0,0,0,0,0,0,0,0,0,0,0,0,0,0,0,0,0,0,0,0,0,0,0,0,0,0,0,0,0,0,0,0,0,0,0,0,0,0,0,0,0,0,0,0,0,100,100,99,98,96,94,93,91,90,90,84,83,82,81,79,78,76,76,77,77,75,76,75,75,74,74,71,70,70,67,66,66,66,66,65,66,67,66,64,62,61,61,61,60,60,62,60,61,61,63,62,63,62,61,61,57,57,57,56,56,56,56,56,55,54,55,57,57,57,55,55,55,54,55,54,52,51,51,50,50,51,50,49,49,48,47,47,46,42,41,42,44,43,47,48,50,50,50,49,49,48
2,0,0,0,0,0,0,0,0,0,0,0,0,0,0,0,0,0,0,0,0,0,0,0,0,0,0,0,0,0,0,0,0,0,0,0,0,0,0,0,0,0,0,0,0,0,0,0,0,0,0,0,0,0,0,0,0,0,0,0,0,0,0,0,0,0,0,0,0,0,0,0,0,0,0,0,0,0,0,0,0,0,0,0,0,0,0,0,0,0,0,0,0,0,0,0,0,0,0,0,0,100,98,98,97,91,91,91,87,86,83,84,83,82,79,77,77,75,76,76,75,75,74,74,72,68,67,67,68,66,64,65,65,66,63,62,62,61,61,60,60,59,59,60,59,57,55,55,55,56,58,58,58,57,57,55,54,56,56,56,56,56,55,54,55,53,53,51,51,53,51,51,54,54,54,53,49,49,48,48,47,47,48,48,47,46,47,47,47,46,44,44,44,43,42,42,42,42,44,44,44,47
2,0,0,0,0,0,0,0,0,0,0,0,0,0,0,0,0,0,0,0,0,0,0,0,0,0,0,0,0,0,0,0,0,0,0,0,0,0,0,0,0,0,0,0,0,0,0,0,0,0,0,0,0,0,0,0,0,0,0,0,0,0,0,0,0,0,0,0,0,0,0,0,0,0,0,0,0,0,0,0,0,0,0,0,0,0,0,0,0,0,0,0,0,0,0,0,0,0,0,0,0,100,98,98,96,94,92,89,88,85,85,83,81,79,78,77,76,73,73,73,73,72,70,71,68,67,65,64,63,62,62,62,62,62,62,61,61,61,60,57,54,53,53,52,52,52,51,51,53,53,52,50,50,51,50,51,51,51,49,50,49,48,47,46,43,44,42,42,42,42,44,45,45,46,45,42,41,41,42,42,40,37,39,40,38,37,37,37,37,37,39,41,43,42,41,38,37,36,36,35,35,35
2,0,0,0,0,0,0,0,0,0,0,0,0,0,0,0,0,0,0,0,0,0,0,0,0,0,0,0,0,0,0,0,0,0,0,0,0,0,0,0,0,0,0,0,0,0,0,0,0,0,0,0,0,0,0,0,0,0,0,0,0,0,0,0,0,0,0,0,0,0,0,0,0,0,0,0,0,0,0,0,0,0,0,0,0,0,0,0,0,0,0,0,0,0,0,0,0,0,0,0,0,100,95,92,91,90,89,88,88,86,85,82,78,75,75,75,76,74,73,73,73,73,71,70,70,71,68,67,64,63,65,64,65,66,66,67,65,67,65,64,63,64,64,65,65,64,63,62,59,57,56,55,55,60,61,60,60,60,62,60,57,57,56,56,57,55,54,54,51,49,48,48,48,45,44,42,43,43,42,40,40,40,37,39,40,39,39,38,39,40,39,40,38,41,41,40,38,39,39,38,39,39
2,0,0,0,0,0,0,0,0,0,0,0,0,0,0,0,0,0,0,0,0,0,0,0,0,0,0,0,0,0,0,0,0,0,0,0,0,0,0,0,0,0,0,0,0,0,0,0,0,0,0,0,0,0,0,0,0,0,0,0,0,0,0,0,0,0,0,0,0,0,0,0,0,0,0,0,0,0,0,0,0,0,0,0,0,0,0,0,0,0,0,0,0,0,0,0,0,0,0,0,0,100,98,97,97,95,93,92,89,88,88,86,84,83,82,81,79,78,79,78,78,77,77,77,77,74,73,72,74,73,72,72,69,69,68,68,70,70,70,71,72,73,74,73,70,70,69,68,66,61,61,60,55,55,55,54,54,54,55,55,54,54,54,53,53,54,54,50,51,51,49,47,49,48,49,49,48,47,45,44,43,45,45,45,44,43,44,44,41,42,42,44,45,45,43,45,45,46,45,45,45,46
2,0,0,0,0,0,0,0,0,0,0,0,0,0,0,0,0,0,0,0,0,0,0,0,0,0,0,0,0,0,0,0,0,0,0,0,0,0,0,0,0,0,0,0,0,0,0,0,0,0,0,0,0,0,0,0,0,0,0,0,0,0,0,0,0,0,0,0,0,0,0,0,0,0,0,0,0,0,0,0,0,0,0,0,0,0,0,0,0,0,0,0,0,0,0,0,0,0,0,0,0,100,97,95,92,91,88,87,84,82,81,77,73,72,70,68,67,65,65,65,65,64,64,63,62,62,62,63,63,62,61,61,59,58,57,58,57,57,57,56,52,51,51,50,50,50,51,51,50,50,50,47,47,45,45,45,46,44,44,46,46,44,44,44,45,44,45,45,42,42,41,41,40,40,39,38,37,38,38,36,36,38,38,38,38,38,39,40,40,41,41,42,42,42,41,41,42,43,41,41,41,41
2,0,0,0,0,0,0,0,0,0,0,0,0,0,0,0,0,0,0,0,0,0,0,0,0,0,0,0,0,0,0,0,0,0,0,0,0,0,0,0,0,0,0,0,0,0,0,0,0,0,0,0,0,0,0,0,0,0,0,0,0,0,0,0,0,0,0,0,0,0,0,0,0,0,0,0,0,0,0,0,0,0,0,0,0,0,0,0,0,0,0,0,0,0,0,0,0,0,0,0,0,100,99,97,96,91,89,87,86,85,80,80,80,80,78,78,79,75,74,74,74,71,69,67,67,65,63,63,61,62,60,59,59,58,58,58,58,58,56,54,54,54,54,54,53,52,52,50,49,50,50,51,51,50,51,50,49,49,51,50,51,52,50,50,51,50,47,44,45,45,46,46,46,46,44,46,48,47,46,46,46,45,45,44,44,43,43,42,42,39,40,41,40,41,40,40,41,42,42,43,43,42
2,0,0,0,0,0,0,0,0,0,0,0,0,0,0,0,0,0,0,0,0,0,0,0,0,0,0,0,0,0,0,0,0,0,0,0,0,0,0,0,0,0,0,0,0,0,0,0,0,0,0,0,0,0,0,0,0,0,0,0,0,0,0,0,0,0,0,0,0,0,0,0,0,0,0,0,0,0,0,0,0,0,0,0,0,0,0,0,0,0,0,0,0,0,0,0,0,0,0,0,0,100,100,95,94,93,92,92,90,88,85,81,82,80,79,79,77,75,72,71,69,69,66,67,67,66,67,68,67,67,68,69,69,68,66,64,65,66,66,64,63,62,64,64,63,64,65,64,64,64,62,61,59,59,59,59,57,57,55,55,55,55,53,55,52,52,52,51,50,47,47,47,46,46,47,45,45,44,44,44,45,44,44,45,45,45,45,45,46,46,44,44,44,41,40,41,41,41,41,41,38,38
2,0,0,0,0,0,0,0,0,0,0,0,0,0,0,0,0,0,0,0,0,0,0,0,0,0,0,0,0,0,0,0,0,0,0,0,0,0,0,0,0,0,0,0,0,0,0,0,0,0,0,0,0,0,0,0,0,0,0,0,0,0,0,0,0,0,0,0,0,0,0,0,0,0,0,0,0,0,0,0,0,0,0,0,0,0,0,0,0,0,0,0,0,0,0,0,0,0,0,0,0,100,98,96,96,95,93,92,90,89,89,90,88,88,85,82,78,77,76,74,72,72,70,70,68,67,67,66,66,65,64,64,65,65,65,64,59,59,60,60,59,59,59,60,58,59,57,55,56,55,55,53,53,53,51,50,51,52,51,51,51,50,49,47,46,46,44,46,46,46,45,45,45,45,44,43,43,44,43,43,42,40,39,39,41,39,36,36,36,36,37,38,38,36,35,35,34,32,33,33,35,35
2,0,0,0,0,0,0,0,0,0,0,0,0,0,0,0,0,0,0,0,0,0,0,0,0,0,0,0,0,0,0,0,0,0,0,0,0,0,0,0,0,0,0,0,0,0,0,0,0,0,0,0,0,0,0,0,0,0,0,0,0,0,0,0,0,0,0,0,0,0,0,0,0,0,0,0,0,0,0,0,0,0,0,0,0,0,0,0,0,0,0,0,0,0,0,0,0,0,0,0,0,100,98,94,94,91,88,88,85,83,82,79,78,78,77,74,71,68,65,64,64,63,61,61,61,60,59,57,56,56,56,53,53,51,54,51,52,54,51,50,49,49,51,50,48,48,48,48,45,46,46,46,47,46,47,44,45,46,48,48,48,47,48,47,46,42,41,41,40,41,40,41,40,40,38,38,38,38,38,38,36,35,35,37,38,40,40,42,43,43,43,43,42,42,43,41,42,42,41,41,40,41
2,0,0,0,0,0,0,0,0,0,0,0,0,0,0,0,0,0,0,0,0,0,0,0,0,0,0,0,0,0,0,0,0,0,0,0,0,0,0,0,0,0,0,0,0,0,0,0,0,0,0,0,0,0,0,0,0,0,0,0,0,0,0,0,0,0,0,0,0,0,0,0,0,0,0,0,0,0,0,0,0,0,0,0,0,0,0,0,0,0,0,0,0,0,0,0,0,0,0,0,0,100,97,95,94,93,91,90,87,89,89,86,85,83,80,79,75,72,72,71,69,70,68,67,65,64,64,60,59,59,61,61,62,59,58,57,57,59,59,59,60,58,57,56,56,56,54,54,53,55,56,55,54,54,53,53,51,52,51,50,48,48,48,47,46,45,45,46,46,46,46,46,46,45,46,48,47,47,46,47,46,44,44,40,38,37,36,38,40,40,40,41,40,40,38,38,37,37,37,36,38,39
2,0,0,0,0,0,0,0,0,0,0,0,0,0,0,0,0,0,0,0,0,0,0,0,0,0,0,0,0,0,0,0,0,0,0,0,0,0,0,0,0,0,0,0,0,0,0,0,0,0,0,0,0,0,0,0,0,0,0,0,0,0,0,0,0,0,0,0,0,0,0,0,0,0,0,0,0,0,0,0,0,0,0,0,0,0,0,0,0,0,0,0,0,0,0,0,0,0,0,0,0,100,99,99,97,95,95,95,94,93,93,93,92,92,90,89,87,87,85,85,82,81,80,79,79,80,80,79,78,76,74,74,74,71,68,65,65,66,63,62,59,58,57,52,52,51,51,52,53,53,50,51,49,49,49,49,49,49,48,47,48,48,47,44,43,41,40,39,39,39,39,38,37,33,31,31,31,29,31,32,31,32,30,30,31,29,27,28,27,26,27,28,28,29,32,34,34,35,37,36,36,35
2,0,0,0,0,0,0,0,0,0,0,0,0,0,0,0,0,0,0,0,0,0,0,0,0,0,0,0,0,0,0,0,0,0,0,0,0,0,0,0,0,0,0,0,0,0,0,0,0,0,0,0,0,0,0,0,0,0,0,0,0,0,0,0,0,0,0,0,0,0,0,0,0,0,0,0,0,0,0,0,0,0,0,0,0,0,0,0,0,0,0,0,0,0,0,0,0,0,0,0,0,100,100,98,93,92,91,90,90,88,86,85,83,80,78,77,74,72,72,73,72,72,71,69,70,70,69,69,71,70,64,63,61,62,64,62,66,64,62,62,61,60,58,57,56,56,56,57,56,55,56,54,53,54,53,54,53,53,53,53,52,54,52,53,52,51,53,52,52,51,50,49,49,48,48,47,46,46,45,42,42,41,40,40,39,39,38,38,37,37,35,35,37,38,37,37,37,37,38,37,37,38
2,0,0,0,0,0,0,0,0,0,0,0,0,0,0,0,0,0,0,0,0,0,0,0,0,0,0,0,0,0,0,0,0,0,0,0,0,0,0,0,0,0,0,0,0,0,0,0,0,0,0,0,0,0,0,0,0,0,0,0,0,0,0,0,0,0,0,0,0,0,0,0,0,0,0,0,0,0,0,0,0,0,0,0,0,0,0,0,0,0,0,0,0,0,0,0,0,0,0,0,0,100,100,100,99,98,95,93,90,89,89,87,84,82,81,81,81,82,80,81,79,77,76,75,72,73,73,71,68,67,67,68,66,63,60,56,57,56,57,55,53,53,53,52,54,54,54,53,53,54,54,54,55,55,55,56,55,54,54,54,57,56,54,56,55,56,57,57,57,57,57,57,56,54,54,54,54,55,55,53,55,55,53,53,52,50,48,49,49,49,48,48,47,47,43,43,43,43,44,44,44,44
2,0,0,0,0,0,0,0,0,0,0,0,0,0,0,0,0,0,0,0,0,0,0,0,0,0,0,0,0,0,0,0,0,0,0,0,0,0,0,0,0,0,0,0,0,0,0,0,0,0,0,0,0,0,0,0,0,0,0,0,0,0,0,0,0,0,0,0,0,0,0,0,0,0,0,0,0,0,0,0,0,0,0,0,0,0,0,0,0,0,0,0,0,0,0,0,0,0,0,0,0,100,98,96,92,92,92,87,85,84,84,80,78,75,75,75,74,74,69,68,69,68,68,67,64,63,62,62,63,62,61,59,58,59,56,56,56,54,53,53,53,53,55,55,53,52,54,53,53,51,52,53,54,55,54,54,53,51,50,49,49,49,49,48,48,48,48,47,47,46,45,46,46,44,45,44,44,45,46,47,46,46,47,45,45,42,41,42,43,41,41,41,40,40,38,35,34,34,34,34,35,35
2,0,0,0,0,0,0,0,0,0,0,0,0,0,0,0,0,0,0,0,0,0,0,0,0,0,0,0,0,0,0,0,0,0,0,0,0,0,0,0,0,0,0,0,0,0,0,0,0,0,0,0,0,0,0,0,0,0,0,0,0,0,0,0,0,0,0,0,0,0,0,0,0,0,0,0,0,0,0,0,0,0,0,0,0,0,0,0,0,0,0,0,0,0,0,0,0,0,0,0,0,100,97,94,93,92,92,92,91,89,89,89,90,91,87,85,82,81,80,78,74,74,71,69,68,66,67,66,64,61,56,56,54,55,58,57,57,57,57,57,57,57,58,57,54,53,52,50,50,51,51,50,47,47,48,46,47,47,48,49,48,46,47,45,41,42,41,42,43,42,41,39,41,43,43,42,44,45,44,43,42,43,43,43,42,42,41,41,41,42,41,41,42,43,41,42,43,41,42,42,43,42
2,0,0,0,0,0,0,0,0,0,0,0,0,0,0,0,0,0,0,0,0,0,0,0,0,0,0,0,0,0,0,0,0,0,0,0,0,0,0,0,0,0,0,0,0,0,0,0,0,0,0,0,0,0,0,0,0,0,0,0,0,0,0,0,0,0,0,0,0,0,0,0,0,0,0,0,0,0,0,0,0,0,0,0,0,0,0,0,0,0,0,0,0,0,0,0,0,0,0,0,0,100,99,98,96,95,95,91,87,86,87,88,82,81,80,78,78,74,74,73,71,71,70,71,72,71,69,69,69,68,67,65,65,65,65,65,64,64,64,62,61,61,60,57,56,56,56,56,55,54,52,53,54,55,54,52,53,52,51,50,49,47,47,48,48,49,49,49,50,47,46,47,47,46,46,43,44,45,44,41,42,42,42,44,43,42,40,41,39,38,37,38,38,38,35,36,36,35,35,35,36,37
2,0,0,0,0,0,0,0,0,0,0,0,0,0,0,0,0,0,0,0,0,0,0,0,0,0,0,0,0,0,0,0,0,0,0,0,0,0,0,0,0,0,0,0,0,0,0,0,0,0,0,0,0,0,0,0,0,0,0,0,0,0,0,0,0,0,0,0,0,0,0,0,0,0,0,0,0,0,0,0,0,0,0,0,0,0,0,0,0,0,0,0,0,0,0,0,0,0,0,0,0,100,97,96,93,90,88,85,82,79,75,74,72,66,66,66,65,63,60,59,58,57,53,55,54,53,52,52,53,53,54,51,53,54,54,53,55,54,54,54,54,54,55,54,52,52,49,49,47,46,48,47,48,47,48,47,46,45,46,46,45,44,43,45,45,45,43,42,40,39,40,40,40,37,37,36,34,34,33,34,36,36,36,33,32,31,32,32,31,33,32,33,32,32,31,33,34,36,36,36,36,36
2,0,0,0,0,0,0,0,0,0,0,0,0,0,0,0,0,0,0,0,0,0,0,0,0,0,0,0,0,0,0,0,0,0,0,0,0,0,0,0,0,0,0,0,0,0,0,0,0,0,0,0,0,0,0,0,0,0,0,0,0,0,0,0,0,0,0,0,0,0,0,0,0,0,0,0,0,0,0,0,0,0,0,0,0,0,0,0,0,0,0,0,0,0,0,0,0,0,0,0,0,100,98,95,94,93,91,87,85,85,83,80,80,79,78,79,78,78,77,76,77,76,74,74,74,70,70,70,70,68,68,69,68,67,65,65,65,66,66,66,66,66,65,65,63,62,62,60,59,60,58,58,58,56,55,54,53,53,51,49,49,49,47,48,48,48,48,47,48,48,49,44,43,43,41,39,40,39,39,36,36,36,34,35,34,36,37,38,40,40,40,40,42,43,42,42,42,41,42,40,42,39
2,0,0,0,0,0,0,0,0,0,0,0,0,0,0,0,0,0,0,0,0,0,0,0,0,0,0,0,0,0,0,0,0,0,0,0,0,0,0,0,0,0,0,0,0,0,0,0,0,0,0,0,0,0,0,0,0,0,0,0,0,0,0,0,0,0,0,0,0,0,0,0,0,0,0,0,0,0,0,0,0,0,0,0,0,0,0,0,0,0,0,0,0,0,0,0,0,0,0,0,0,100,98,97,94,91,91,89,87,83,83,80,77,75,75,75,74,72,68,69,69,68,67,66,65,64,62,63,58,58,56,55,54,55,53,52,50,49,47,47,46,47,47,46,44,46,48,47,49,47,46,44,43,44,43,43,43,42,42,42,43,44,43,44,45,45,45,44,44,42,42,39,39,39,40,39,41,40,40,40,40,39,38,39,39,40,39,38,37,35,34,35,35,37,35,35,37,37,36,36,35,35
2,0,0,0,0,0,0,0,0,0,0,0,0,0,0,0,0,0,0,0,0,0,0,0,0,0,0,0,0,0,0,0,0,0,0,0,0,0,0,0,0,0,0,0,0,0,0,0,0,0,0,0,0,0,0,0,0,0,0,0,0,0,0,0,0,0,0,0,0,0,0,0,0,0,0,0,0,0,0,0,0,0,0,0,0,0,0,0,0,0,0,0,0,0,0,0,0,0,0,0,0,100,96,95,95,94,92,91,89,86,85,85,84,82,83,83,81,79,80,77,74,73,73,70,68,67,68,67,68,64,63,63,65,63,61,60,58,59,58,55,57,57,56,53,53,53,53,50,50,47,46,47,48,49,47,46,45,42,42,41,41,41,40,40,41,41,41,40,40,42,40,40,39,39,39,40,40,39,38,39,38,38,37,37,36,36,37,38,39,41,38,40,39,38,39,38,37,35,34,34,33,33
2,0,0,0,0,0,0,0,0,0,0,0,0,0,0,0,0,0,0,0,0,0,0,0,0,0,0,0,0,0,0,0,0,0,0,0,0,0,0,0,0,0,0,0,0,0,0,0,0,0,0,0,0,0,0,0,0,0,0,0,0,0,0,0,0,0,0,0,0,0,0,0,0,0,0,0,0,0,0,0,0,0,0,0,0,0,0,0,0,0,0,0,0,0,0,0,0,0,0,0,0,100,99,98,96,96,93,93,89,88,88,87,85,82,80,79,75,76,73,72,73,69,70,67,66,66,66,63,61,62,63,62,59,60,59,57,58,56,55,51,49,48,48,46,46,46,45,45,46,45,42,42,43,45,44,44,44,43,42,43,44,44,45,47,47,46,48,50,50,49,48,48,48,47,47,47,48,49,48,48,47,47,47,45,45,43,43,42,41,39,40,39,39,40,42,42,40,39,38,37,37,35
2,0,0,0,0,0,0,0,0,0,0,0,0,0,0,0,0,0,0,0,0,0,0,0,0,0,0,0,0,0,0,0,0,0,0,0,0,0,0,0,0,0,0,0,0,0,0,0,0,0,0,0,0,0,0,0,0,0,0,0,0,0,0,0,0,0,0,0,0,0,0,0,0,0,0,0,0,0,0,0,0,0,0,0,0,0,0,0,0,0,0,0,0,0,0,0,0,0,0,0,0,100,98,96,93,93,92,92,92,89,89,89,88,87,87,84,83,82,81,80,77,77,72,71,69,69,66,65,62,61,60,61,62,62,62,59,57,59,57,57,55,55,55,53,53,51,51,49,50,49,49,51,52,51,50,50,49,49,49,49,48,48,48,47,48,48,47,47,46,47,46,45,45,45,45,46,47,45,45,45,43,43,43,42,42,41,42,41,40,39,37,35,35,33,33,33,33,33,33,34,35,36
2,0,0,0,0,0,0,0,0,0,0,0,0,0,0,0,0,0,0,0,0,0,0,0,0,0,0,0,0,0,0,0,0,0,0,0,0,0,0,0,0,0,0,0,0,0,0,0,0,0,0,0,0,0,0,0,0,0,0,0,0,0,0,0,0,0,0,0,0,0,0,0,0,0,0,0,0,0,0,0,0,0,0,0,0,0,0,0,0,0,0,0,0,0,0,0,0,0,0,0,0,100,97,97,95,93,90,88,85,81,77,77,73,76,75,76,70,70,69,70,69,66,66,67,64,63,62,61,63,63,62,62,60,59,60,60,58,60,57,58,58,59,59,56,55,54,53,54,53,52,53,51,51,51,51,51,50,49,48,49,48,47,47,48,48,49,49,47,46,46,46,47,46,44,45,44,44,45,44,45,44,45,45,45,45,43,43,42,41,40,40,42,42,42,43,42,42,42,42,41,40,40
2,0,0,0,0,0,0,0,0,0,0,0,0,0,0,0,0,0,0,0,0,0,0,0,0,0,0,0,0,0,0,0,0,0,0,0,0,0,0,0,0,0,0,0,0,0,0,0,0,0,0,0,0,0,0,0,0,0,0,0,0,0,0,0,0,0,0,0,0,0,0,0,0,0,0,0,0,0,0,0,0,0,0,0,0,0,0,0,0,0,0,0,0,0,0,0,0,0,0,0,0,100,99,98,98,95,91,91,90,90,89,84,82,79,78,75,75,72,72,71,69,68,70,68,66,66,65,63,64,63,60,58,60,59,60,60,60,59,59,60,59,61,61,61,57,55,54,52,50,50,49,47,45,43,43,42,42,42,41,41,40,39,39,40,39,40,41,41,43,46,48,46,43,44,43,43,42,42,41,41,41,40,40,40,41,41,42,39,39,38,39,40,39,38,38,39,41,38,38,38,39,40
2,0,0,0,0,0,0,0,0,0,0,0,0,0,0,0,0,0,0,0,0,0,0,0,0,0,0,0,0,0,0,0,0,0,0,0,0,0,0,0,0,0,0,0,0,0,0,0,0,0,0,0,0,0,0,0,0,0,0,0,0,0,0,0,0,0,0,0,0,0,0,0,0,0,0,0,0,0,0,0,0,0,0,0,0,0,0,0,0,0,0,0,0,0,0,0,0,0,0,0,0,100,98,96,96,94,93,89,87,87,85,84,84,81,80,80,79,79,78,76,76,75,75,75,73,71,73,72,72,72,72,72,71,69,68,65,63,63,63,63,63,63,62,63,63,63,60,59,58,58,60,61,60,60,60,58,57,56,56,56,55,55,53,53,53,52,53,51,50,50,51,49,46,46,47,46,47,46,47,46,45,46,45,46,46,47,47,46,46,44,43,43,43,43,44,44,44,42,40,41,40,40
2,0,0,0,0,0,0,0,0,0,0,0,0,0,0,0,0,0,0,0,0,0,0,0,0,0,0,0,0,0,0,0,0,0,0,0,0,0,0,0,0,0,0,0,0,0,0,0,0,0,0,0,0,0,0,0,0,0,0,0,0,0,0,0,0,0,0,0,0,0,0,0,0,0,0,0,0,0,0,0,0,0,0,0,0,0,0,0,0,0,0,0,0,0,0,0,0,0,0,0,0,100,96,95,92,90,89,88,88,85,81,79,76,74,72,73,73,71,70,67,67,65,64,64,64,64,64,62,61,60,59,60,57,55,55,54,54,54,54,54,53,52,51,52,52,51,50,47,48,48,47,46,46,45,45,44,42,44,44,44,43,41,41,42,41,43,42,42,42,42,42,42,43,43,42,42,42,42,41,42,42,40,40,39,39,37,36,36,35,37,39,39,36,37,38,38,37,37,36,35,33,32
2,0,0,0,0,0,0,0,0,0,0,0,0,0,0,0,0,0,0,0,0,0,0,0,0,0,0,0,0,0,0,0,0,0,0,0,0,0,0,0,0,0,0,0,0,0,0,0,0,0,0,0,0,0,0,0,0,0,0,0,0,0,0,0,0,0,0,0,0,0,0,0,0,0,0,0,0,0,0,0,0,0,0,0,0,0,0,0,0,0,0,0,0,0,0,0,0,0,0,0,0,100,96,93,91,89,89,88,86,83,79,76,76,76,73,75,75,75,75,75,73,71,71,71,65,64,62,62,65,64,63,62,59,59,59,61,59,56,57,57,56,57,57,58,56,59,59,58,59,58,56,53,50,47,49,49,50,51,52,51,51,51,51,49,46,46,45,42,44,43,43,43,42,42,42,42,42,41,42,42,43,40,38,38,38,37,36,36,36,36,34,33,31,29,28,29,31,30,32,31,31,33
2,0,0,0,0,0,0,0,0,0,0,0,0,0,0,0,0,0,0,0,0,0,0,0,0,0,0,0,0,0,0,0,0,0,0,0,0,0,0,0,0,0,0,0,0,0,0,0,0,0,0,0,0,0,0,0,0,0,0,0,0,0,0,0,0,0,0,0,0,0,0,0,0,0,0,0,0,0,0,0,0,0,0,0,0,0,0,0,0,0,0,0,0,0,0,0,0,0,0,0,0,100,100,100,97,97,97,96,93,88,88,85,81,80,78,75,76,75,72,71,69,68,66,64,62,64,62,62,63,62,60,60,60,60,59,57,56,56,55,54,56,54,51,48,49,51,50,51,49,48,46,45,44,45,43,45,45,46,48,47,46,45,46,46,47,48,48,49,49,51,50,51,53,55,55,55,54,55,55,57,58,57,56,55,55,54,55,54,53,53,53,54,51,51,51,49,49,48,49,48,48,45
2,0,0,0,0,0,0,0,0,0,0,0,0,0,0,0,0,0,0,0,0,0,0,0,0,0,0,0,0,0,0,0,0,0,0,0,0,0,0,0,0,0,0,0,0,0,0,0,0,0,0,0,0,0,0,0,0,0,0,0,0,0,0,0,0,0,0,0,0,0,0,0,0,0,0,0,0,0,0,0,0,0,0,0,0,0,0,0,0,0,0,0,0,0,0,0,0,0,0,0,0,100,98,99,99,96,96,94,93,91,89,88,88,85,83,81,81,82,82,81,78,76,75,72,72,72,72,71,71,69,66,66,66,66,65,64,62,63,63,62,60,59,59,57,58,58,57,57,55,56,56,53,51,50,50,50,48,47,48,50,50,50,50,50,49,49,51,51,50,49,48,46,44,44,46,45,48,50,50,49,49,48,49,48,47,47,47,47,46,45,44,42,41,42,44,45,42,41,40,39,39,41
2,0,0,0,0,0,0,0,0,0,0,0,0,0,0,0,0,0,0,0,0,0,0,0,0,0,0,0,0,0,0,0,0,0,0,0,0,0,0,0,0,0,0,0,0,0,0,0,0,0,0,0,0,0,0,0,0,0,0,0,0,0,0,0,0,0,0,0,0,0,0,0,0,0,0,0,0,0,0,0,0,0,0,0,0,0,0,0,0,0,0,0,0,0,0,0,0,0,0,0,0,100,99,98,93,92,90,90,88,86,85,83,83,80,79,79,79,80,75,74,73,71,70,71,70,68,66,64,63,62,62,63,65,65,62,62,62,62,62,63,63,62,63,61,60,59,57,58,57,57,57,58,55,58,56,56,56,56,58,58,58,58,59,57,57,57,57,56,57,58,56,56,56,55,52,52,52,51,50,49,48,49,49,49,47,47,46,46,44,44,43,43,42,42,42,42,40,39,39,41,41,40
2,0,0,0,0,0,0,0,0,0,0,0,0,0,0,0,0,0,0,0,0,0,0,0,0,0,0,0,0,0,0,0,0,0,0,0,0,0,0,0,0,0,0,0,0,0,0,0,0,0,0,0,0,0,0,0,0,0,0,0,0,0,0,0,0,0,0,0,0,0,0,0,0,0,0,0,0,0,0,0,0,0,0,0,0,0,0,0,0,0,0,0,0,0,0,0,0,0,0,0,0,100,98,98,96,93,92,90,88,86,83,77,76,73,73,73,71,71,68,67,67,66,66,63,61,62,62,61,61,62,61,59,57,58,57,55,57,56,56,55,53,50,51,51,50,51,51,51,51,51,51,49,48,47,47,46,46,44,44,46,46,45,45,45,46,44,43,42,41,40,40,40,39,39,41,42,41,40,41,41,40,40,40,39,39,39,39,39,39,37,37,36,35,36,35,34,33,33,33,33,32,33
2,0,0,0,0,0,0,0,0,0,0,0,0,0,0,0,0,0,0,0,0,0,0,0,0,0,0,0,0,0,0,0,0,0,0,0,0,0,0,0,0,0,0,0,0,0,0,0,0,0,0,0,0,0,0,0,0,0,0,0,0,0,0,0,0,0,0,0,0,0,0,0,0,0,0,0,0,0,0,0,0,0,0,0,0,0,0,0,0,0,0,0,0,0,0,0,0,0,0,0,0,100,100,95,94,93,90,89,86,86,85,81,80,78,78,77,77,75,75,77,77,77,76,74,72,72,72,72,71,70,69,66,65,63,62,62,61,61,60,60,60,60,59,55,55,55,54,51,51,50,50,51,50,50,52,50,51,49,48,47,45,44,44,44,46,47,46,44,45,44,43,42,42,42,41,41,43,43,43,44,44,45,44,45,46,47,47,47,47,48,47,47,48,47,44,42,42,42,44,44,44,44
2,0,0,0,0,0,0,0,0,0,0,0,0,0,0,0,0,0,0,0,0,0,0,0,0,0,0,0,0,0,0,0,0,0,0,0,0,0,0,0,0,0,0,0,0,0,0,0,0,0,0,0,0,0,0,0,0,0,0,0,0,0,0,0,0,0,0,0,0,0,0,0,0,0,0,0,0,0,0,0,0,0,0,0,0,0,0,0,0,0,0,0,0,0,0,0,0,0,0,0,0,100,98,98,97,96,93,92,90,88,89,88,86,84,82,82,81,79,80,77,75,72,70,70,71,70,71,72,72,69,69,68,68,67,65,65,62,61,59,58,59,56,56,54,55,52,52,52,52,52,50,48,47,47,46,47,46,46,44,44,44,43,41,42,41,42,39,41,41,41,41,41,41,41,41,41,38,38,38,39,38,36,36,36,37,38,38,37,36,36,37,38,39,39,38,38,37,36,36,36,37,36
2,0,0,0,0,0,0,0,0,0,0,0,0,0,0,0,0,0,0,0,0,0,0,0,0,0,0,0,0,0,0,0,0,0,0,0,0,0,0,0,0,0,0,0,0,0,0,0,0,0,0,0,0,0,0,0,0,0,0,0,0,0,0,0,0,0,0,0,0,0,0,0,0,0,0,0,0,0,0,0,0,0,0,0,0,0,0,0,0,0,0,0,0,0,0,0,0,0,0,0,0,100,96,94,92,89,85,85,83,80,79,77,77,78,77,76,76,77,75,73,70,67,62,60,60,59,56,57,58,58,56,56,56,55,55,53,52,53,52,51,50,49,50,50,52,55,55,54,54,53,52,52,52,53,54,55,53,52,51,54,54,52,52,51,50,49,49,49,49,49,49,48,48,48,48,48,48,48,48,48,48,47,46,46,45,43,43,41,40,40,40,40,41,40,38,41,41,39,39,40,39,39
2,0,0,0,0,0,0,0,0,0,0,0,0,0,0,0,0,0,0,0,0,0,0,0,0,0,0,0,0,0,0,0,0,0,0,0,0,0,0,0,0,0,0,0,0,0,0,0,0,0,0,0,0,0,0,0,0,0,0,0,0,0,0,0,0,0,0,0,0,0,0,0,0,0,0,0,0,0,0,0,0,0,0,0,0,0,0,0,0,0,0,0,0,0,0,0,0,0,0,0,0,100,98,95,93,92,91,88,86,85,81,78,76,75,74,73,73,71,72,71,72,68,67,67,69,70,70,69,64,62,62,60,58,55,54,55,52,51,52,51,49,48,47,45,46,46,47,46,47,47,47,47,47,47,44,46,46,44,45,44,42,39,36,36,35,37,36,36,36,36,38,37,37,35,35,37,37,37,34,35,36,35,36,36,35,35,35,36,35,32,30,32,33,32,30,29,30,31,29,30,29,29
2,0,0,0,0,0,0,0,0,0,0,0,0,0,0,0,0,0,0,0,0,0,0,0,0,0,0,0,0,0,0,0,0,0,0,0,0,0,0,0,0,0,0,0,0,0,0,0,0,0,0,0,0,0,0,0,0,0,0,0,0,0,0,0,0,0,0,0,0,0,0,0,0,0,0,0,0,0,0,0,0,0,0,0,0,0,0,0,0,0,0,0,0,0,0,0,0,0,0,0,0,100,99,99,97,94,93,91,91,92,92,91,91,90,87,88,86,84,82,80,79,79,78,77,76,74,74,73,71,68,69,68,68,68,68,68,69,70,70,69,69,69,69,68,63,62,61,61,60,57,57,57,56,54,54,54,53,51,51,51,50,48,50,50,49,48,48,46,47,48,49,49,48,47,48,49,47,47,47,48,48,49,48,48,47,47,44,42,41,40,40,38,37,36,36,36,36,38,38,38,40,41
2,0,0,0,0,0,0,0,0,0,0,0,0,0,0,0,0,0,0,0,0,0,0,0,0,0,0,0,0,0,0,0,0,0,0,0,0,0,0,0,0,0,0,0,0,0,0,0,0,0,0,0,0,0,0,0,0,0,0,0,0,0,0,0,0,0,0,0,0,0,0,0,0,0,0,0,0,0,0,0,0,0,0,0,0,0,0,0,0,0,0,0,0,0,0,0,0,0,0,0,0,100,95,94,93,92,90,89,86,87,87,87,85,84,84,84,85,84,82,81,81,79,77,75,76,77,74,75,72,71,70,68,66,66,65,64,62,61,57,58,58,56,56,55,55,52,52,51,51,51,50,50,50,51,50,51,51,51,51,49,47,49,47,47,48,45,45,44,44,43,43,41,41,41,41,40,40,35,36,38,38,38,36,37,37,38,39,38,38,37,37,38,36,35,35,36,38,36,35,36,34,34
2,0,0,0,0,0,0,0,0,0,0,0,0,0,0,0,0,0,0,0,0,0,0,0,0,0,0,0,0,0,0,0,0,0,0,0,0,0,0,0,0,0,0,0,0,0,0,0,0,0,0,0,0,0,0,0,0,0,0,0,0,0,0,0,0,0,0,0,0,0,0,0,0,0,0,0,0,0,0,0,0,0,0,0,0,0,0,0,0,0,0,0,0,0,0,0,0,0,0,0,0,100,97,94,93,94,93,91,90,90,88,85,80,79,78,78,77,75,72,71,69,67,66,65,63,61,61,62,62,62,62,60,60,59,57,57,56,55,52,53,54,55,55,55,55,53,53,51,50,49,47,46,46,45,43,43,42,44,43,41,41,42,42,41,42,42,42,40,41,40,40,40,40,40,40,41,41,41,40,41,40,40,40,39,40,38,39,37,39,40,40,40,40,38,37,34,33,33,33,32,33,33
2,0,0,0,0,0,0,0,0,0,0,0,0,0,0,0,0,0,0,0,0,0,0,0,0,0,0,0,0,0,0,0,0,0,0,0,0,0,0,0,0,0,0,0,0,0,0,0,0,0,0,0,0,0,0,0,0,0,0,0,0,0,0,0,0,0,0,0,0,0,0,0,0,0,0,0,0,0,0,0,0,0,0,0,0,0,0,0,0,0,0,0,0,0,0,0,0,0,0,0,0,100,99,97,94,91,89,86,84,84,82,83,82,80,80,78,73,73,69,68,67,66,66,63,60,59,59,58,58,60,58,59,56,56,55,55,55,56,53,53,54,53,54,53,52,54,56,56,56,56,57,58,58,57,57,55,53,53,53,53,57,57,55,53,52,51,52,52,53,49,51,51,49,48,49,51,51,51,50,50,48,47,48,47,47,44,44,44,45,45,45,46,46,46,46,46,46,45,46,44,44,44
2,0,0,0,0,0,0,0,0,0,0,0,0,0,0,0,0,0,0,0,0,0,0,0,0,0,0,0,0,0,0,0,0,0,0,0,0,0,0,0,0,0,0,0,0,0,0,0,0,0,0,0,0,0,0,0,0,0,0,0,0,0,0,0,0,0,0,0,0,0,0,0,0,0,0,0,0,0,0,0,0,0,0,0,0,0,0,0,0,0,0,0,0,0,0,0,0,0,0,0,0,100,99,97,96,94,92,92,90,86,83,82,81,80,80,80,80,78,77,77,77,76,75,74,72,71,69,68,68,66,65,64,63,64,64,62,61,60,60,61,60,59,59,58,58,58,58,58,58,57,58,57,58,58,57,57,57,56,54,51,51,51,51,50,51,52,49,47,47,46,45,43,43,42,43,45,45,44,46,44,46,44,45,45,44,44,44,43,42,43,42,42,41,42,44,45,42,42,42,43,43,43
2,0,0,0,0,0,0,0,0,0,0,0,0,0,0,0,0,0,0,0,0,0,0,0,0,0,0,0,0,0,0,0,0,0,0,0,0,0,0,0,0,0,0,0,0,0,0,0,0,0,0,0,0,0,0,0,0,0,0,0,0,0,0,0,0,0,0,0,0,0,0,0,0,0,0,0,0,0,0,0,0,0,0,0,0,0,0,0,0,0,0,0,0,0,0,0,0,0,0,0,0,100,96,95,95,93,89,88,87,83,82,82,81,78,76,73,73,72,73,72,69,68,69,70,70,70,67,70,66,63,64,66,65,66,66,66,63,62,60,57,58,55,57,56,55,56,54,57,56,57,58,56,56,54,54,52,52,51,52,51,51,52,50,48,47,46,45,46,45,45,43,43,43,43,43,42,42,43,45,43,42,42,42,41,40,39,39,38,36,35,36,35,34,35,35,36,36,36,33,33,35,36
2,0,0,0,0,0,0,0,0,0,0,0,0,0,0,0,0,0,0,0,0,0,0,0,0,0,0,0,0,0,0,0,0,0,0,0,0,0,0,0,0,0,0,0,0,0,0,0,0,0,0,0,0,0,0,0,0,0,0,0,0,0,0,0,0,0,0,0,0,0,0,0,0,0,0,0,0,0,0,0,0,0,0,0,0,0,0,0,0,0,0,0,0,0,0,0,0,0,0,0,0,100,97,97,95,91,89,89,87,88,86,83,83,82,79,78,77,76,76,75,74,73,72,70,70,68,67,66,66,65,66,65,64,63,61,61,63,65,63,64,62,62,62,60,59,58,56,57,56,55,54,52,51,51,51,50,50,49,46,45,45,45,45,45,50,51,50,49,49,47,48,45,47,44,45,44,46,44,44,45,45,46,45,47,47,47,45,43,43,43,41,41,41,40,41,41,41,40,39,38,37,36
2,0,0,0,0,0,0,0,0,0,0,0,0,0,0,0,0,0,0,0,0,0,0,0,0,0,0,0,0,0,0,0,0,0,0,0,0,0,0,0,0,0,0,0,0,0,0,0,0,0,0,0,0,0,0,0,0,0,0,0,0,0,0,0,0,0,0,0,0,0,0,0,0,0,0,0,0,0,0,0,0,0,0,0,0,0,0,0,0,0,0,0,0,0,0,0,0,0,0,0,0,100,96,95,94,92,92,90,90,88,87,86,85,80,79,78,75,75,72,72,71,69,71,67,67,66,66,66,66,65,63,61,60,60,60,58,57,55,54,53,54,54,54,50,49,48,48,46,48,47,45,46,46,46,45,45,40,40,38,37,36,37,38,39,39,38,37,37,35,33,32,33,34,33,33,32,32,34,34,34,34,34,32,31,29,27,26,26,27,27,27,27,27,25,25,27,28,29,29,30,31,32
2,0,0,0,0,0,0,0,0,0,0,0,0,0,0,0,0,0,0,0,0,0,0,0,0,0,0,0,0,0,0,0,0,0,0,0,0,0,0,0,0,0,0,0,0,0,0,0,0,0,0,0,0,0,0,0,0,0,0,0,0,0,0,0,0,0,0,0,0,0,0,0,0,0,0,0,0,0,0,0,0,0,0,0,0,0,0,0,0,0,0,0,0,0,0,0,0,0,0,0,0,100,97,95,92,89,86,83,81,78,77,77,77,77,75,71,71,70,68,67,68,67,69,69,67,67,67,64,64,63,63,62,63,61,57,56,55,55,56,54,53,52,51,49,49,47,46,46,45,46,47,45,44,43,43,42,42,44,43,43,43,44,42,43,41,42,42,43,43,44,43,43,44,43,42,42,40,40,39,39,37,37,37,36,35,33,32,33,33,34,34,33,31,31,31,31,31,31,32,32,33,35
2,0,0,0,0,0,0,0,0,0,0,0,0,0,0,0,0,0,0,0,0,0,0,0,0,0,0,0,0,0,0,0,0,0,0,0,0,0,0,0,0,0,0,0,0,0,0,0,0,0,0,0,0,0,0,0,0,0,0,0,0,0,0,0,0,0,0,0,0,0,0,0,0,0,0,0,0,0,0,0,0,0,0,0,0,0,0,0,0,0,0,0,0,0,0,0,0,0,0,0,0,100,97,96,93,93,91,88,86,86,83,80,79,78,78,79,80,78,77,77,74,73,73,72,71,71,70,68,68,67,66,66,66,65,64,64,64,64,64,62,61,61,61,61,61,62,62,63,62,62,61,60,58,58,57,56,55,53,53,52,53,52,51,50,48,50,49,47,46,46,45,46,45,43,43,43,44,44,42,41,41,40,40,41,42,41,41,40,39,38,40,41,41,40,42,41,40,41,42,41,43,42
2,0,0,0,0,0,0,0,0,0,0,0,0,0,0,0,0,0,0,0,0,0,0,0,0,0,0,0,0,0,0,0,0,0,0,0,0,0,0,0,0,0,0,0,0,0,0,0,0,0,0,0,0,0,0,0,0,0,0,0,0,0,0,0,0,0,0,0,0,0,0,0,0,0,0,0,0,0,0,0,0,0,0,0,0,0,0,0,0,0,0,0,0,0,0,0,0,0,0,0,0,100,96,95,95,94,94,94,92,90,89,89,88,86,82,79,76,78,75,74,74,71,68,68,68,68,70,69,67,67,65,64,63,64,62,59,58,57,58,57,58,57,57,58,58,56,53,52,54,53,52,52,51,50,49,49,46,45,45,46,44,44,40,41,41,41,41,43,43,43,43,41,38,35,34,35,37,35,36,37,37,39,38,37,35,36,36,38,37,35,36,39,38,40,40,41,43,43,43,42,42,41
2,0,0,0,0,0,0,0,0,0,0,0,0,0,0,0,0,0,0,0,0,0,0,0,0,0,0,0,0,0,0,0,0,0,0,0,0,0,0,0,0,0,0,0,0,0,0,0,0,0,0,0,0,0,0,0,0,0,0,0,0,0,0,0,0,0,0,0,0,0,0,0,0,0,0,0,0,0,0,0,0,0,0,0,0,0,0,0,0,0,0,0,0,0,0,0,0,0,0,0,0,100,97,94,92,91,89,88,87,83,81,79,80,79,78,78,77,76,73,71,70,69,69,68,66,65,65,64,65,64,63,62,60,60,59,58,57,58,59,60,59,58,57,55,54,53,52,49,51,51,52,51,51,49,47,47,46,48,45,45,46,45,46,46,47,47,48,47,47,43,42,41,42,42,41,40,38,39,39,39,38,39,40,39,40,42,43,45,45,46,46,46,46,44,44,44,45,43,43,43,44,45
2,0,0,0,0,0,0,0,0,0,0,0,0,0,0,0,0,0,0,0,0,0,0,0,0,0,0,0,0,0,0,0,0,0,0,0,0,0,0,0,0,0,0,0,0,0,0,0,0,0,0,0,0,0,0,0,0,0,0,0,0,0,0,0,0,0,0,0,0,0,0,0,0,0,0,0,0,0,0,0,0,0,0,0,0,0,0,0,0,0,0,0,0,0,0,0,0,0,0,0,0,100,98,97,93,91,91,91,88,87,86,86,83,83,83,79,76,74,74,72,71,71,68,68,66,66,65,64,64,62,64,64,62,63,64,65,64,62,61,61,61,60,62,60,60,60,61,60,58,60,60,60,59,58,57,55,54,55,55,55,53,51,51,51,50,50,50,49,48,48,46,45,44,46,45,43,42,41,41,40,39,41,42,41,41,41,42,41,41,41,41,42,39,39,38,38,35,34,33,32,34,34
2,0,0,0,0,0,0,0,0,0,0,0,0,0,0,0,0,0,0,0,0,0,0,0,0,0,0,0,0,0,0,0,0,0,0,0,0,0,0,0,0,0,0,0,0,0,0,0,0,0,0,0,0,0,0,0,0,0,0,0,0,0,0,0,0,0,0,0,0,0,0,0,0,0,0,0,0,0,0,0,0,0,0,0,0,0,0,0,0,0,0,0,0,0,0,0,0,0,0,0,0,100,98,96,96,94,91,90,88,87,86,83,83,82,82,79,78,80,80,78,78,77,76,73,72,70,69,68,68,68,66,67,68,68,68,67,66,65,64,63,61,61,61,62,63,62,62,64,64,64,64,65,65,64,61,59,58,60,59,58,57,57,56,55,54,56,56,55,55,54,54,54,53,54,52,50,51,49,50,48,47,47,47,46,43,42,44,45,43,44,42,40,39,39,37,36,35,36,36,36,37,37
2,0,0,0,0,0,0,0,0,0,0,0,0,0,0,0,0,0,0,0,0,0,0,0,0,0,0,0,0,0,0,0,0,0,0,0,0,0,0,0,0,0,0,0,0,0,0,0,0,0,0,0,0,0,0,0,0,0,0,0,0,0,0,0,0,0,0,0,0,0,0,0,0,0,0,0,0,0,0,0,0,0,0,0,0,0,0,0,0,0,0,0,0,0,0,0,0,0,0,0,0,100,99,97,94,93,93,93,88,89,87,86,85,83,81,77,74,73,72,72,68,65,63,64,62,62,62,61,61,61,57,57,55,54,53,52,52,51,51,51,48,48,49,48,48,50,50,51,50,50,50,51,50,49,48,48,48,46,44,44,45,46,45,41,40,41,40,40,39,39,38,39,39,39,38,39,38,37,39,39,40,40,41,40,40,40,39,40,40,39,39,41,41,43,42,44,42,43,44,44,44,45
2,0,0,0,0,0,0,0,0,0,0,0,0,0,0,0,0,0,0,0,0,0,0,0,0,0,0,0,0,0,0,0,0,0,0,0,0,0,0,0,0,0,0,0,0,0,0,0,0,0,0,0,0,0,0,0,0,0,0,0,0,0,0,0,0,0,0,0,0,0,0,0,0,0,0,0,0,0,0,0,0,0,0,0,0,0,0,0,0,0,0,0,0,0,0,0,0,0,0,0,0,100,97,95,94,91,88,90,89,86,81,78,77,75,74,75,73,73,75,73,73,70,67,64,63,64,65,63,64,65,63,62,62,61,60,60,62,62,60,58,55,55,54,51,51,52,53,50,50,49,48,48,51,51,52,51,49,49,50,50,50,50,50,50,48,47,47,47,47,49,50,50,49,48,48,49,49,49,49,49,50,49,48,48,47,48,46,47,47,46,48,48,51,51,51,51,52,50,49,48,48,49
2,0,0,0,0,0,0,0,0,0,0,0,0,0,0,0,0,0,0,0,0,0,0,0,0,0,0,0,0,0,0,0,0,0,0,0,0,0,0,0,0,0,0,0,0,0,0,0,0,0,0,0,0,0,0,0,0,0,0,0,0,0,0,0,0,0,0,0,0,0,0,0,0,0,0,0,0,0,0,0,0,0,0,0,0,0,0,0,0,0,0,0,0,0,0,0,0,0,0,0,0,100,98,97,95,95,94,91,89,88,88,88,88,86,86,85,84,84,82,82,78,76,72,70,70,67,66,66,67,65,66,65,65,62,60,59,57,58,58,59,57,59,56,55,56,55,56,56,55,57,56,56,55,56,55,54,53,52,51,51,50,51,51,51,50,50,50,51,51,51,51,50,47,47,48,47,46,46,46,45,43,42,42,42,43,44,44,44,44,42,41,40,40,42,38,38,36,35,35,34,34,36
2,0,0,0,0,0,0,0,0,0,0,0,0,0,0,0,0,0,0,0,0,0,0,0,0,0,0,0,0,0,0,0,0,0,0,0,0,0,0,0,0,0,0,0,0,0,0,0,0,0,0,0,0,0,0,0,0,0,0,0,0,0,0,0,0,0,0,0,0,0,0,0,0,0,0,0,0,0,0,0,0,0,0,0,0,0,0,0,0,0,0,0,0,0,0,0,0,0,0,0,0,100,99,100,96,92,90,89,87,87,85,86,86,84,83,82,81,81,81,82,81,81,81,78,78,77,74,73,73,74,73,66,66,65,62,62,60,60,58,58,58,56,55,54,54,53,54,53,53,52,55,55,55,55,55,53,55,54,53,51,50,51,50,48,47,47,46,45,44,43,42,41,41,40,37,38,37,39,37,38,38,39,39,39,39,38,37,35,34,34,34,36,36,36,36,34,31,32,36,35,35,35
2,0,0,0,0,0,0,0,0,0,0,0,0,0,0,0,0,0,0,0,0,0,0,0,0,0,0,0,0,0,0,0,0,0,0,0,0,0,0,0,0,0,0,0,0,0,0,0,0,0,0,0,0,0,0,0,0,0,0,0,0,0,0,0,0,0,0,0,0,0,0,0,0,0,0,0,0,0,0,0,0,0,0,0,0,0,0,0,0,0,0,0,0,0,0,0,0,0,0,0,0,100,98,93,92,91,89,88,86,84,84,81,80,79,77,76,76,77,75,73,73,72,68,67,66,64,64,61,59,59,58,58,60,59,59,59,59,59,57,57,57,57,55,55,54,56,57,58,59,59,57,57,57,57,55,53,52,52,51,49,49,49,49,49,48,48,48,49,48,48,47,46,47,48,48,47,47,47,47,44,43,44,42,42,42,42,41,43,42,40,41,41,40,40,40,40,40,41,42,41,42,42
2,0,0,0,0,0,0,0,0,0,0,0,0,0,0,0,0,0,0,0,0,0,0,0,0,0,0,0,0,0,0,0,0,0,0,0,0,0,0,0,0,0,0,0,0,0,0,0,0,0,0,0,0,0,0,0,0,0,0,0,0,0,0,0,0,0,0,0,0,0,0,0,0,0,0,0,0,0,0,0,0,0,0,0,0,0,0,0,0,0,0,0,0,0,0,0,0,0,0,0,0,100,99,98,98,97,96,93,90,90,85,84,82,82,81,80,80,80,79,77,75,74,72,70,70,71,70,69,67,65,66,62,62,62,63,64,60,60,59,57,57,57,59,57,57,53,52,55,56,57,57,57,56,55,54,54,56,55,55,56,57,57,55,55,55,56,56,57,58,58,56,56,57,60,61,60,59,57,55,55,56,57,58,56,54,54,52,52,53,51,50,48,49,48,47,47,45,45,46,43,42,41
2,0,0,0,0,0,0,0,0,0,0,0,0,0,0,0,0,0,0,0,0,0,0,0,0,0,0,0,0,0,0,0,0,0,0,0,0,0,0,0,0,0,0,0,0,0,0,0,0,0,0,0,0,0,0,0,0,0,0,0,0,0,0,0,0,0,0,0,0,0,0,0,0,0,0,0,0,0,0,0,0,0,0,0,0,0,0,0,0,0,0,0,0,0,0,0,0,0,0,0,0,100,99,96,93,90,86,87,87,85,85,84,81,81,79,79,79,79,77,76,76,76,73,71,69,68,68,68,69,69,69,67,67,66,67,68,65,64,64,63,63,61,59,59,58,56,55,56,56,56,56,56,56,55,54,54,53,51,50,49,48,45,45,46,47,45,44,45,46,46,48,48,49,49,49,48,48,49,49,47,47,48,47,48,48,49,49,49,49,48,44,42,42,39,40,41,38,37,38,39,39,38
2,0,0,0,0,0,0,0,0,0,0,0,0,0,0,0,0,0,0,0,0,0,0,0,0,0,0,0,0,0,0,0,0,0,0,0,0,0,0,0,0,0,0,0,0,0,0,0,0,0,0,0,0,0,0,0,0,0,0,0,0,0,0,0,0,0,0,0,0,0,0,0,0,0,0,0,0,0,0,0,0,0,0,0,0,0,0,0,0,0,0,0,0,0,0,0,0,0,0,0,0,100,100,99,97,95,92,92,92,89,87,86,85,85,83,81,82,84,84,80,78,76,75,74,73,73,73,71,71,70,68,69,70,69,70,68,65,67,66,67,66,63,63,62,61,61,61,60,60,59,60,59,57,59,58,58,57,59,59,57,57,57,57,55,55,53,53,55,54,56,55,55,54,55,56,56,56,54,54,50,50,48,48,49,49,49,50,49,49,49,46,43,42,42,43,41,41,41,40,37,38,38
2,0,0,0,0,0,0,0,0,0,0,0,0,0,0,0,0,0,0,0,0,0,0,0,0,0,0,0,0,0,0,0,0,0,0,0,0,0,0,0,0,0,0,0,0,0,0,0,0,0,0,0,0,0,0,0,0,0,0,0,0,0,0,0,0,0,0,0,0,0,0,0,0,0,0,0,0,0,0,0,0,0,0,0,0,0,0,0,0,0,0,0,0,0,0,0,0,0,0,0,0,100,100,97,93,90,88,84,82,78,75,75,75,72,74,70,69,69,66,64,63,61,61,61,61,61,59,59,59,60,61,60,59,61,60,57,57,57,56,55,54,54,53,53,52,51,51,51,50,50,49,47,46,47,47,47,45,46,44,43,42,42,42,42,42,41,44,44,44,45,45,47,47,48,47,47,47,46,47,47,48,47,48,48,49,49,47,48,47,48,48,47,47,45,46,48,47,49,49,49,49,49
2,0,0,0,0,0,0,0,0,0,0,0,0,0,0,0,0,0,0,0,0,0,0,0,0,0,0,0,0,0,0,0,0,0,0,0,0,0,0,0,0,0,0,0,0,0,0,0,0,0,0,0,0,0,0,0,0,0,0,0,0,0,0,0,0,0,0,0,0,0,0,0,0,0,0,0,0,0,0,0,0,0,0,0,0,0,0,0,0,0,0,0,0,0,0,0,0,0,0,0,0,100,98,95,94,92,90,89,89,88,85,82,83,83,85,84,83,81,81,79,78,77,75,73,73,70,70,68,67,65,66,66,63,63,64,64,64,62,61,61,61,61,61,62,61,61,63,61,60,59,59,58,57,57,56,55,53,52,48,49,48,47,46,46,44,44,43,42,43,41,41,39,40,40,41,40,39,37,36,36,36,39,37,37,38,38,37,37,39,39,38,37,37,38,39,39,38,40,41,41,41,42
2,0,0,0,0,0,0,0,0,0,0,0,0,0,0,0,0,0,0,0,0,0,0,0,0,0,0,0,0,0,0,0,0,0,0,0,0,0,0,0,0,0,0,0,0,0,0,0,0,0,0,0,0,0,0,0,0,0,0,0,0,0,0,0,0,0,0,0,0,0,0,0,0,0,0,0,0,0,0,0,0,0,0,0,0,0,0,0,0,0,0,0,0,0,0,0,0,0,0,0,0,100,96,94,91,89,88,88,86,84,83,80,79,81,79,78,76,76,74,72,72,68,67,66,65,66,65,62,63,61,60,59,61,59,61,60,60,59,61,60,59,56,56,56,55,56,56,57,57,57,58,57,56,55,54,53,51,51,50,51,52,50,51,52,51,51,46,44,41,41,41,41,42,42,43,42,42,39,40,39,40,39,38,38,37,38,38,38,38,41,40,39,38,37,37,37,36,36,34,34,34,36
2,0,0,0,0,0,0,0,0,0,0,0,0,0,0,0,0,0,0,0,0,0,0,0,0,0,0,0,0,0,0,0,0,0,0,0,0,0,0,0,0,0,0,0,0,0,0,0,0,0,0,0,0,0,0,0,0,0,0,0,0,0,0,0,0,0,0,0,0,0,0,0,0,0,0,0,0,0,0,0,0,0,0,0,0,0,0,0,0,0,0,0,0,0,0,0,0,0,0,0,0,100,96,95,95,93,90,87,86,86,86,87,87,87,83,84,80,78,79,76,74,75,73,71,70,65,65,65,65,66,65,65,63,61,61,59,60,60,60,60,62,62,61,61,59,56,55,55,54,52,50,51,51,50,48,49,50,49,49,50,48,47,46,46,45,42,41,40,41,39,41,42,42,43,41,42,42,42,42,42,41,40,40,42,42,42,42,39,39,39,40,40,42,43,41,40,41,41,42,42,41,39
2,0,0,0,0,0,0,0,0,0,0,0,0,0,0,0,0,0,0,0,0,0,0,0,0,0,0,0,0,0,0,0,0,0,0,0,0,0,0,0,0,0,0,0,0,0,0,0,0,0,0,0,0,0,0,0,0,0,0,0,0,0,0,0,0,0,0,0,0,0,0,0,0,0,0,0,0,0,0,0,0,0,0,0,0,0,0,0,0,0,0,0,0,0,0,0,0,0,0,0,0,100,97,97,95,92,90,88,87,86,84,83,82,81,77,78,73,73,73,73,72,72,70,67,67,65,66,63,64,62,62,61,62,62,61,60,61,60,58,59,59,59,59,58,59,59,57,56,55,53,54,53,52,53,53,53,55,58,59,59,60,59,58,59,60,61,61,58,57,52,51,51,51,52,52,50,49,48,48,48,48,46,45,46,45,45,47,48,48,48,49,47,47,44,44,44,44,44,43,42,41,42
2,0,0,0,0,0,0,0,0,0,0,0,0,0,0,0,0,0,0,0,0,0,0,0,0,0,0,0,0,0,0,0,0,0,0,0,0,0,0,0,0,0,0,0,0,0,0,0,0,0,0,0,0,0,0,0,0,0,0,0,0,0,0,0,0,0,0,0,0,0,0,0,0,0,0,0,0,0,0,0,0,0,0,0,0,0,0,0,0,0,0,0,0,0,0,0,0,0,0,0,0,100,98,97,97,92,89,89,85,81,81,79,78,79,78,78,77,75,74,76,75,71,70,70,67,66,66,67,64,62,62,62,61,62,61,63,63,63,62,61,60,60,62,61,61,61,60,61,60,60,58,57,56,56,58,59,56,53,51,51,54,53,52,53,53,52,51,52,52,52,52,51,50,48,49,49,49,49,48,46,47,47,47,47,45,44,45,42,41,42,42,42,41,42,42,41,38,36,36,36,37,37
2,0,0,0,0,0,0,0,0,0,0,0,0,0,0,0,0,0,0,0,0,0,0,0,0,0,0,0,0,0,0,0,0,0,0,0,0,0,0,0,0,0,0,0,0,0,0,0,0,0,0,0,0,0,0,0,0,0,0,0,0,0,0,0,0,0,0,0,0,0,0,0,0,0,0,0,0,0,0,0,0,0,0,0,0,0,0,0,0,0,0,0,0,0,0,0,0,0,0,0,0,100,99,95,95,93,92,92,92,88,82,82,82,81,80,81,78,78,78,78,77,74,74,75,74,71,71,71,70,70,69,69,66,65,62,61,60,60,59,58,57,58,56,56,56,55,55,56,57,58,58,58,58,57,54,54,54,55,55,55,57,57,56,57,58,56,56,58,58,56,55,54,56,56,55,55,51,51,50,49,48,48,47,47,48,48,46,46,45,44,44,46,45,44,43,42,43,45,45,46,47,46
2,0,0,0,0,0,0,0,0,0,0,0,0,0,0,0,0,0,0,0,0,0,0,0,0,0,0,0,0,0,0,0,0,0,0,0,0,0,0,0,0,0,0,0,0,0,0,0,0,0,0,0,0,0,0,0,0,0,0,0,0,0,0,0,0,0,0,0,0,0,0,0,0,0,0,0,0,0,0,0,0,0,0,0,0,0,0,0,0,0,0,0,0,0,0,0,0,0,0,0,0,100,97,95,91,89,86,84,84,83,81,80,81,80,77,76,74,76,75,73,71,71,70,69,66,66,65,64,60,60,61,59,58,56,56,56,55,55,54,54,54,53,53,52,52,52,50,50,48,49,47,47,46,45,45,44,44,43,43,42,42,42,41,40,40,37,38,37,38,37,38,39,39,38,35,34,36,36,36,38,40,39,40,40,40,39,38,38,37,38,37,38,39,39,39,40,38,39,39,39,39,39
2,0,0,0,0,0,0,0,0,0,0,0,0,0,0,0,0,0,0,0,0,0,0,0,0,0,0,0,0,0,0,0,0,0,0,0,0,0,0,0,0,0,0,0,0,0,0,0,0,0,0,0,0,0,0,0,0,0,0,0,0,0,0,0,0,0,0,0,0,0,0,0,0,0,0,0,0,0,0,0,0,0,0,0,0,0,0,0,0,0,0,0,0,0,0,0,0,0,0,0,0,100,99,96,95,92,92,90,88,87,82,79,77,77,77,76,72,72,70,69,70,69,69,69,67,68,67,68,68,68,68,69,68,67,65,65,62,61,59,60,58,57,58,56,56,56,55,54,54,51,51,51,50,49,46,47,46,45,45,45,45,44,42,42,42,42,42,42,41,42,42,41,43,42,41,42,43,43,41,41,41,42,42,42,43,42,41,41,41,41,42,41,41,43,43,46,44,44,42,41,41,41
2,0,0,0,0,0,0,0,0,0,0,0,0,0,0,0,0,0,0,0,0,0,0,0,0,0,0,0,0,0,0,0,0,0,0,0,0,0,0,0,0,0,0,0,0,0,0,0,0,0,0,0,0,0,0,0,0,0,0,0,0,0,0,0,0,0,0,0,0,0,0,0,0,0,0,0,0,0,0,0,0,0,0,0,0,0,0,0,0,0,0,0,0,0,0,0,0,0,0,0,0,100,97,97,96,97,94,93,93,90,87,85,85,83,81,79,77,77,74,71,68,69,66,67,69,67,67,69,67,67,66,63,60,58,58,55,55,55,55,53,51,49,48,49,48,47,46,47,48,47,47,47,46,46,47,46,47,47,47,46,46,44,46,47,46,47,47,47,47,46,45,45,43,44,45,44,41,43,41,41,39,39,38,38,41,42,43,43,42,40,40,40,38,39,40,40,40,39,41,43,43,42
2,0,0,0,0,0,0,0,0,0,0,0,0,0,0,0,0,0,0,0,0,0,0,0,0,0,0,0,0,0,0,0,0,0,0,0,0,0,0,0,0,0,0,0,0,0,0,0,0,0,0,0,0,0,0,0,0,0,0,0,0,0,0,0,0,0,0,0,0,0,0,0,0,0,0,0,0,0,0,0,0,0,0,0,0,0,0,0,0,0,0,0,0,0,0,0,0,0,0,0,0,100,99,97,94,94,92,89,88,86,85,85,84,82,81,80,80,80,78,77,77,77,74,72,68,69,69,68,68,66,65,63,63,62,62,62,61,59,59,59,57,58,56,56,56,53,53,52,51,50,48,49,48,47,47,47,47,46,46,45,41,39,41,43,45,46,46,45,45,43,43,41,40,40,39,41,40,41,40,41,42,43,40,40,40,40,40,41,40,41,40,40,40,37,38,39,39,39,40,39,39,40
2,0,0,0,0,0,0,0,0,0,0,0,0,0,0,0,0,0,0,0,0,0,0,0,0,0,0,0,0,0,0,0,0,0,0,0,0,0,0,0,0,0,0,0,0,0,0,0,0,0,0,0,0,0,0,0,0,0,0,0,0,0,0,0,0,0,0,0,0,0,0,0,0,0,0,0,0,0,0,0,0,0,0,0,0,0,0,0,0,0,0,0,0,0,0,0,0,0,0,0,0,100,97,96,94,90,90,90,90,87,82,80,78,76,77,76,74,73,73,74,73,73,73,74,75,73,71,69,68,69,69,69,68,68,68,67,66,66,67,65,65,66,66,67,67,65,65,63,63,59,58,58,59,60,58,59,57,53,53,52,52,52,51,52,53,54,55,55,53,52,51,51,49,47,46,48,51,52,54,52,51,50,51,49,48,49,49,49,49,48,47,47,47,45,45,43,43,43,43,42,40,40
2,0,0,0,0,0,0,0,0,0,0,0,0,0,0,0,0,0,0,0,0,0,0,0,0,0,0,0,0,0,0,0,0,0,0,0,0,0,0,0,0,0,0,0,0,0,0,0,0,0,0,0,0,0,0,0,0,0,0,0,0,0,0,0,0,0,0,0,0,0,0,0,0,0,0,0,0,0,0,0,0,0,0,0,0,0,0,0,0,0,0,0,0,0,0,0,0,0,0,0,0,100,97,93,90,88,87,84,80,78,78,76,76,74,74,73,75,74,73,72,71,72,70,68,65,64,63,63,62,64,64,63,62,61,60,60,60,60,58,59,58,58,56,55,53,52,50,50,50,49,47,47,47,47,47,47,47,45,45,46,48,47,49,49,49,48,47,46,46,46,43,44,45,46,45,44,43,43,42,39,40,41,40,39,39,38,37,37,35,34,35,34,33,33,32,31,33,34,35,35,35,36
2,0,0,0,0,0,0,0,0,0,0,0,0,0,0,0,0,0,0,0,0,0,0,0,0,0,0,0,0,0,0,0,0,0,0,0,0,0,0,0,0,0,0,0,0,0,0,0,0,0,0,0,0,0,0,0,0,0,0,0,0,0,0,0,0,0,0,0,0,0,0,0,0,0,0,0,0,0,0,0,0,0,0,0,0,0,0,0,0,0,0,0,0,0,0,0,0,0,0,0,0,100,99,98,97,97,96,92,88,85,86,84,82,81,80,78,76,77,76,74,73,70,70,70,69,68,68,68,68,67,64,63,62,60,58,56,56,56,54,55,57,55,55,54,54,52,53,52,50,50,49,48,49,48,47,48,47,48,50,49,47,47,47,45,44,44,45,45,44,45,44,43,43,44,43,43,46,46,45,45,44,45,46,44,45,45,44,44,43,42,42,44,44,44,44,46,48,47,47,47,44,44
2,0,0,0,0,0,0,0,0,0,0,0,0,0,0,0,0,0,0,0,0,0,0,0,0,0,0,0,0,0,0,0,0,0,0,0,0,0,0,0,0,0,0,0,0,0,0,0,0,0,0,0,0,0,0,0,0,0,0,0,0,0,0,0,0,0,0,0,0,0,0,0,0,0,0,0,0,0,0,0,0,0,0,0,0,0,0,0,0,0,0,0,0,0,0,0,0,0,0,0,0,100,98,95,94,93,91,90,88,87,85,85,84,82,81,80,82,79,79,77,75,72,73,70,69,67,66,67,66,66,65,64,63,62,62,60,57,54,53,55,56,55,57,56,56,55,54,54,55,55,54,54,55,55,54,55,54,53,52,52,52,48,50,51,49,48,45,45,45,45,45,46,45,44,43,43,40,40,39,39,39,39,41,40,43,43,42,41,39,39,40,41,41,40,39,38,37,36,36,35,34,33
2,0,0,0,0,0,0,0,0,0,0,0,0,0,0,0,0,0,0,0,0,0,0,0,0,0,0,0,0,0,0,0,0,0,0,0,0,0,0,0,0,0,0,0,0,0,0,0,0,0,0,0,0,0,0,0,0,0,0,0,0,0,0,0,0,0,0,0,0,0,0,0,0,0,0,0,0,0,0,0,0,0,0,0,0,0,0,0,0,0,0,0,0,0,0,0,0,0,0,0,0,100,99,96,93,92,88,86,84,83,83,84,81,81,81,77,76,76,73,73,73,72,69,68,65,66,68,67,68,70,69,69,65,66,65,67,66,66,65,65,65,63,62,62,62,62,63,64,61,60,58,58,60,59,58,56,56,56,54,53,54,54,56,54,53,52,52,52,49,52,51,51,52,53,54,54,54,54,55,55,56,55,54,56,55,54,54,53,51,51,50,49,49,48,46,43,42,43,42,43,43,44
2,0,0,0,0,0,0,0,0,0,0,0,0,0,0,0,0,0,0,0,0,0,0,0,0,0,0,0,0,0,0,0,0,0,0,0,0,0,0,0,0,0,0,0,0,0,0,0,0,0,0,0,0,0,0,0,0,0,0,0,0,0,0,0,0,0,0,0,0,0,0,0,0,0,0,0,0,0,0,0,0,0,0,0,0,0,0,0,0,0,0,0,0,0,0,0,0,0,0,0,0,100,97,96,96,94,92,89,86,87,80,80,78,77,76,72,70,69,70,69,69,67,65,66,67,66,65,64,64,63,63,63,63,62,63,63,61,61,60,59,60,59,59,58,57,56,56,55,54,52,51,51,51,51,49,50,50,47,47,47,47,48,46,46,47,46,46,47,46,46,46,43,44,45,44,44,42,41,39,37,36,36,35,35,35,34,35,36,36,36,36,36,36,34,33,33,30,30,29,28,28,27
2,0,0,0,0,0,0,0,0,0,0,0,0,0,0,0,0,0,0,0,0,0,0,0,0,0,0,0,0,0,0,0,0,0,0,0,0,0,0,0,0,0,0,0,0,0,0,0,0,0,0,0,0,0,0,0,0,0,0,0,0,0,0,0,0,0,0,0,0,0,0,0,0,0,0,0,0,0,0,0,0,0,0,0,0,0,0,0,0,0,0,0,0,0,0,0,0,0,0,0,0,100,96,95,90,89,87,83,82,82,79,76,76,74,70,67,67,67,68,68,67,67,66,67,68,65,65,66,64,63,60,59,59,60,58,59,58,55,54,52,52,51,49,47,45,46,43,45,44,45,48,46,46,44,45,46,45,44,43,44,43,42,41,41,40,42,42,43,42,44,45,44,44,44,43,41,41,42,42,40,39,39,40,40,37,38,39,38,40,41,42,41,41,42,40,40,39,38,37,38,40,40
2,0,0,0,0,0,0,0,0,0,0,0,0,0,0,0,0,0,0,0,0,0,0,0,0,0,0,0,0,0,0,0,0,0,0,0,0,0,0,0,0,0,0,0,0,0,0,0,0,0,0,0,0,0,0,0,0,0,0,0,0,0,0,0,0,0,0,0,0,0,0,0,0,0,0,0,0,0,0,0,0,0,0,0,0,0,0,0,0,0,0,0,0,0,0,0,0,0,0,0,0,100,100,100,97,93,91,89,86,83,81,80,80,79,79,80,78,76,76,75,73,71,73,71,72,72,72,71,72,73,73,70,70,70,71,70,68,66,65,66,64,65,65,63,61,58,57,57,57,58,58,57,56,54,53,53,52,51,51,50,49,49,48,48,48,45,46,45,45,46,45,46,44,41,41,41,36,37,37,37,37,39,40,40,40,39,36,36,36,36,35,35,34,34,34,33,34,37,39,38,38,38
2,0,0,0,0,0,0,0,0,0,0,0,0,0,0,0,0,0,0,0,0,0,0,0,0,0,0,0,0,0,0,0,0,0,0,0,0,0,0,0,0,0,0,0,0,0,0,0,0,0,0,0,0,0,0,0,0,0,0,0,0,0,0,0,0,0,0,0,0,0,0,0,0,0,0,0,0,0,0,0,0,0,0,0,0,0,0,0,0,0,0,0,0,0,0,0,0,0,0,0,0,100,99,95,93,92,90,87,86,84,83,81,78,77,77,77,74,73,74,72,71,69,71,67,67,62,61,60,59,60,59,57,57,56,55,54,52,49,47,46,43,43,43,41,39,41,42,43,41,40,41,41,42,42,42,41,39,39,38,37,37,38,40,40,42,43,41,41,40,41,40,40,40,40,39,39,41,40,40,41,40,40,39,38,38,38,38,37,36,37,37,35,35,35,35,35,35,31,30,30,31,31
2,0,0,0,0,0,0,0,0,0,0,0,0,0,0,0,0,0,0,0,0,0,0,0,0,0,0,0,0,0,0,0,0,0,0,0,0,0,0,0,0,0,0,0,0,0,0,0,0,0,0,0,0,0,0,0,0,0,0,0,0,0,0,0,0,0,0,0,0,0,0,0,0,0,0,0,0,0,0,0,0,0,0,0,0,0,0,0,0,0,0,0,0,0,0,0,0,0,0,0,0,100,99,94,92,92,91,91,88,86,85,84,83,82,81,82,80,78,77,75,75,73,75,75,75,74,71,69,67,67,67,68,68,67,67,65,63,63,63,61,62,61,60,59,58,57,55,55,54,52,54,54,51,51,49,48,48,50,52,52,52,52,53,53,53,53,51,52,51,51,51,51,50,49,49,49,49,50,50,50,51,51,49,50,50,51,51,50,52,52,51,50,51,51,50,50,51,51,51,50,51,50
2,0,0,0,0,0,0,0,0,0,0,0,0,0,0,0,0,0,0,0,0,0,0,0,0,0,0,0,0,0,0,0,0,0,0,0,0,0,0,0,0,0,0,0,0,0,0,0,0,0,0,0,0,0,0,0,0,0,0,0,0,0,0,0,0,0,0,0,0,0,0,0,0,0,0,0,0,0,0,0,0,0,0,0,0,0,0,0,0,0,0,0,0,0,0,0,0,0,0,0,0,100,99,97,93,91,90,88,88,86,86,86,83,82,79,78,76,77,78,77,74,73,72,70,69,68,68,66,66,65,63,63,62,62,60,56,56,58,58,59,57,59,59,58,58,58,58,57,58,56,55,55,56,53,52,51,50,51,52,53,53,53,55,54,54,55,55,53,53,53,54,52,51,50,52,51,52,50,47,48,48,49,49,48,46,44,39,38,38,37,39,38,39,38,37,36,35,39,39,39,37,37
2,0,0,0,0,0,0,0,0,0,0,0,0,0,0,0,0,0,0,0,0,0,0,0,0,0,0,0,0,0,0,0,0,0,0,0,0,0,0,0,0,0,0,0,0,0,0,0,0,0,0,0,0,0,0,0,0,0,0,0,0,0,0,0,0,0,0,0,0,0,0,0,0,0,0,0,0,0,0,0,0,0,0,0,0,0,0,0,0,0,0,0,0,0,0,0,0,0,0,0,0,100,97,94,92,90,92,88,87,84,83,83,80,81,80,79,74,75,75,72,72,70,70,68,68,68,67,65,66,64,67,66,66,63,63,62,63,62,62,64,62,62,61,58,58,56,55,54,54,51,54,53,53,53,53,53,53,52,51,51,50,49,49,48,48,48,47,47,46,47,47,47,43,44,44,45,44,44,45,44,44,44,44,44,44,42,40,42,43,44,44,43,43,43,43,43,43,42,41,41,43,43
2,0,0,0,0,0,0,0,0,0,0,0,0,0,0,0,0,0,0,0,0,0,0,0,0,0,0,0,0,0,0,0,0,0,0,0,0,0,0,0,0,0,0,0,0,0,0,0,0,0,0,0,0,0,0,0,0,0,0,0,0,0,0,0,0,0,0,0,0,0,0,0,0,0,0,0,0,0,0,0,0,0,0,0,0,0,0,0,0,0,0,0,0,0,0,0,0,0,0,0,0,100,98,95,93,94,94,92,91,91,89,88,87,87,86,85,86,85,85,84,83,83,82,80,77,75,75,74,73,72,70,70,69,67,65,61,62,62,63,62,61,57,60,58,55,54,56,57,57,55,56,54,54,52,50,49,48,47,45,46,46,46,47,50,50,49,47,46,44,45,45,44,43,41,42,41,41,40,41,40,39,40,40,42,41,40,41,45,44,44,45,44,44,43,44,42,42,42,42,44,43,44
2,0,0,0,0,0,0,0,0,0,0,0,0,0,0,0,0,0,0,0,0,0,0,0,0,0,0,0,0,0,0,0,0,0,0,0,0,0,0,0,0,0,0,0,0,0,0,0,0,0,0,0,0,0,0,0,0,0,0,0,0,0,0,0,0,0,0,0,0,0,0,0,0,0,0,0,0,0,0,0,0,0,0,0,0,0,0,0,0,0,0,0,0,0,0,0,0,0,0,0,0,100,99,99,98,95,94,90,86,85,85,83,81,78,76,75,75,75,73,73,71,70,71,70,70,68,68,67,65,63,63,65,64,64,62,61,62,60,59,57,56,54,55,53,53,52,52,51,48,47,45,44,42,44,43,43,42,43,43,41,41,42,42,42,42,42,42,42,42,43,43,43,44,43,44,44,46,46,46,45,45,43,43,42,41,40,40,40,40,39,38,37,36,33,33,33,33,34,32,32,32,32
2,0,0,0,0,0,0,0,0,0,0,0,0,0,0,0,0,0,0,0,0,0,0,0,0,0,0,0,0,0,0,0,0,0,0,0,0,0,0,0,0,0,0,0,0,0,0,0,0,0,0,0,0,0,0,0,0,0,0,0,0,0,0,0,0,0,0,0,0,0,0,0,0,0,0,0,0,0,0,0,0,0,0,0,0,0,0,0,0,0,0,0,0,0,0,0,0,0,0,0,0,100,99,96,92,90,88,87,86,86,85,82,81,80,79,77,77,76,75,73,72,71,70,68,66,66,66,66,65,65,63,59,59,59,57,56,54,54,53,52,53,52,52,49,48,48,48,49,49,50,49,49,49,49,48,49,49,47,46,48,50,50,50,50,48,48,48,49,45,44,44,44,42,42,41,41,43,42,43,43,42,43,44,43,42,43,43,43,44,46,46,44,45,46,45,44,41,41,43,43,42,42
2,0,0,0,0,0,0,0,0,0,0,0,0,0,0,0,0,0,0,0,0,0,0,0,0,0,0,0,0,0,0,0,0,0,0,0,0,0,0,0,0,0,0,0,0,0,0,0,0,0,0,0,0,0,0,0,0,0,0,0,0,0,0,0,0,0,0,0,0,0,0,0,0,0,0,0,0,0,0,0,0,0,0,0,0,0,0,0,0,0,0,0,0,0,0,0,0,0,0,0,0,100,97,94,93,89,89,88,88,83,82,81,79,77,76,75,74,75,76,76,76,76,74,72,72,70,70,69,70,69,69,71,70,67,68,69,68,68,67,66,62,61,58,56,55,55,56,54,54,54,53,53,51,51,53,52,51,55,54,52,52,53,53,51,49,51,52,51,50,49,48,48,48,46,47,47,47,47,48,48,48,48,48,48,47,44,44,41,42,41,40,40,40,40,40,39,39,38,38,38,36,38
2,0,0,0,0,0,0,0,0,0,0,0,0,0,0,0,0,0,0,0,0,0,0,0,0,0,0,0,0,0,0,0,0,0,0,0,0,0,0,0,0,0,0,0,0,0,0,0,0,0,0,0,0,0,0,0,0,0,0,0,0,0,0,0,0,0,0,0,0,0,0,0,0,0,0,0,0,0,0,0,0,0,0,0,0,0,0,0,0,0,0,0,0,0,0,0,0,0,0,0,0,100,98,97,97,97,95,95,95,94,94,95,92,91,90,88,88,87,84,84,83,81,78,78,78,80,78,79,76,75,75,75,72,71,70,68,67,68,65,62,62,61,63,60,59,59,60,56,54,54,54,54,54,54,55,55,55,56,55,51,50,50,48,47,47,48,47,48,48,47,48,47,47,47,48,48,47,47,47,47,46,46,49,49,47,48,48,47,46,44,43,42,41,43,44,43,42,41,39,40,37,36
2,0,0,0,0,0,0,0,0,0,0,0,0,0,0,0,0,0,0,0,0,0,0,0,0,0,0,0,0,0,0,0,0,0,0,0,0,0,0,0,0,0,0,0,0,0,0,0,0,0,0,0,0,0,0,0,0,0,0,0,0,0,0,0,0,0,0,0,0,0,0,0,0,0,0,0,0,0,0,0,0,0,0,0,0,0,0,0,0,0,0,0,0,0,0,0,0,0,0,0,0,100,97,95,95,95,95,94,93,94,93,90,87,87,86,84,82,80,79,76,76,74,74,72,72,69,68,68,68,69,69,68,65,65,62,63,61,61,59,60,58,59,61,59,57,58,58,56,57,57,57,59,59,57,57,57,57,56,54,53,51,52,50,50,51,50,49,46,46,46,46,45,45,46,45,46,44,44,45,46,46,46,45,48,46,46,46,45,43,42,42,42,42,40,39,38,38,40,40,39,37,37
2,0,0,0,0,0,0,0,0,0,0,0,0,0,0,0,0,0,0,0,0,0,0,0,0,0,0,0,0,0,0,0,0,0,0,0,0,0,0,0,0,0,0,0,0,0,0,0,0,0,0,0,0,0,0,0,0,0,0,0,0,0,0,0,0,0,0,0,0,0,0,0,0,0,0,0,0,0,0,0,0,0,0,0,0,0,0,0,0,0,0,0,0,0,0,0,0,0,0,0,0,100,98,95,95,95,94,90,87,85,82,81,81,79,80,78,76,73,72,73,72,72,70,70,69,66,65,65,64,65,64,64,63,61,60,60,59,61,58,57,57,55,55,53,52,52,50,49,48,47,51,51,51,51,51,52,50,50,49,47,45,46,47,48,46,45,45,46,45,47,47,47,47,45,44,45,44,45,45,44,40,39,39,39,38,40,40,42,40,40,41,40,41,40,37,37,38,39,40,42,40,40
2,0,0,0,0,0,0,0,0,0,0,0,0,0,0,0,0,0,0,0,0,0,0,0,0,0,0,0,0,0,0,0,0,0,0,0,0,0,0,0,0,0,0,0,0,0,0,0,0,0,0,0,0,0,0,0,0,0,0,0,0,0,0,0,0,0,0,0,0,0,0,0,0,0,0,0,0,0,0,0,0,0,0,0,0,0,0,0,0,0,0,0,0,0,0,0,0,0,0,0,0,100,99,99,99,99,97,96,94,91,90,89,89,88,87,85,86,84,83,82,83,84,83,82,79,78,76,75,75,75,75,75,75,73,73,71,71,68,67,66,65,65,65,65,63,63,61,59,58,58,56,54,57,57,58,57,55,55,55,57,57,58,58,59,59,56,55,54,51,50,49,50,48,49,48,49,50,48,48,48,52,54,54,52,51,51,49,49,48,49,51,49,49,46,46,47,47,46,47,48,49,50
2,0,0,0,0,0,0,0,0,0,0,0,0,0,0,0,0,0,0,0,0,0,0,0,0,0,0,0,0,0,0,0,0,0,0,0,0,0,0,0,0,0,0,0,0,0,0,0,0,0,0,0,0,0,0,0,0,0,0,0,0,0,0,0,0,0,0,0,0,0,0,0,0,0,0,0,0,0,0,0,0,0,0,0,0,0,0,0,0,0,0,0,0,0,0,0,0,0,0,0,0,100,100,100,98,98,95,94,94,93,91,91,87,87,87,86,83,81,81,81,81,78,78,77,75,74,74,72,71,67,64,64,63,63,59,58,57,57,55,55,54,54,52,51,48,47,45,44,45,45,46,46,46,46,47,48,48,49,49,50,49,47,48,49,47,47,48,48,47,47,47,47,45,44,44,44,43,43,43,43,44,45,44,43,44,47,47,47,45,44,44,45,46,45,45,43,43,42,41,41,42,42
2,0,0,0,0,0,0,0,0,0,0,0,0,0,0,0,0,0,0,0,0,0,0,0,0,0,0,0,0,0,0,0,0,0,0,0,0,0,0,0,0,0,0,0,0,0,0,0,0,0,0,0,0,0,0,0,0,0,0,0,0,0,0,0,0,0,0,0,0,0,0,0,0,0,0,0,0,0,0,0,0,0,0,0,0,0,0,0,0,0,0,0,0,0,0,0,0,0,0,0,0,100,99,99,97,96,96,95,93,93,93,92,91,87,86,86,85,85,85,84,83,80,79,77,75,72,73,72,69,67,66,65,64,64,64,62,59,59,59,59,59,59,59,58,58,54,54,54,55,55,54,54,57,56,57,56,56,57,57,56,58,59,61,60,59,59,57,57,58,57,55,55,55,55,50,50,49,50,48,48,46,48,47,47,47,46,47,46,45,46,45,45,45,44,45,44,44,42,43,42,42,44
2,0,0,0,0,0,0,0,0,0,0,0,0,0,0,0,0,0,0,0,0,0,0,0,0,0,0,0,0,0,0,0,0,0,0,0,0,0,0,0,0,0,0,0,0,0,0,0,0,0,0,0,0,0,0,0,0,0,0,0,0,0,0,0,0,0,0,0,0,0,0,0,0,0,0,0,0,0,0,0,0,0,0,0,0,0,0,0,0,0,0,0,0,0,0,0,0,0,0,0,0,100,100,98,92,90,88,86,83,79,77,74,74,73,73,72,70,67,67,67,68,66,68,69,69,67,66,67,68,67,67,63,61,60,60,59,58,57,55,54,53,48,49,48,49,49,50,48,47,48,48,45,44,43,42,41,41,39,39,40,40,39,39,41,41,41,42,42,43,41,40,40,39,40,41,39,37,38,37,35,37,36,36,37,35,35,36,36,36,34,35,34,34,34,34,34,34,34,33,33,34,34
2,0,0,0,0,0,0,0,0,0,0,0,0,0,0,0,0,0,0,0,0,0,0,0,0,0,0,0,0,0,0,0,0,0,0,0,0,0,0,0,0,0,0,0,0,0,0,0,0,0,0,0,0,0,0,0,0,0,0,0,0,0,0,0,0,0,0,0,0,0,0,0,0,0,0,0,0,0,0,0,0,0,0,0,0,0,0,0,0,0,0,0,0,0,0,0,0,0,0,0,0,100,97,94,90,89,84,83,82,81,79,77,76,74,71,67,67,66,64,65,62,62,60,59,57,57,58,58,58,57,58,57,58,57,56,56,56,56,55,54,53,56,56,56,55,54,53,53,53,51,51,49,48,49,50,50,52,50,49,49,49,49,48,47,48,47,47,45,45,46,48,47,46,46,45,46,46,44,46,44,46,45,44,47,47,47,48,46,46,45,46,47,44,43,42,41,42,43,42,42,41,41
2,0,0,0,0,0,0,0,0,0,0,0,0,0,0,0,0,0,0,0,0,0,0,0,0,0,0,0,0,0,0,0,0,0,0,0,0,0,0,0,0,0,0,0,0,0,0,0,0,0,0,0,0,0,0,0,0,0,0,0,0,0,0,0,0,0,0,0,0,0,0,0,0,0,0,0,0,0,0,0,0,0,0,0,0,0,0,0,0,0,0,0,0,0,0,0,0,0,0,0,0,100,99,97,97,97,92,91,89,83,81,81,80,79,79,78,77,77,78,77,78,77,75,75,72,71,70,70,69,68,68,67,68,68,67,66,65,63,62,62,60,57,60,59,58,58,57,56,56,55,55,54,55,56,55,56,56,55,54,52,51,49,48,46,48,49,49,48,48,48,46,45,43,40,41,41,39,41,42,41,42,45,44,45,46,46,46,46,47,48,48,47,47,47,47,48,48,46,44,45,45,45
2,0,0,0,0,0,0,0,0,0,0,0,0,0,0,0,0,0,0,0,0,0,0,0,0,0,0,0,0,0,0,0,0,0,0,0,0,0,0,0,0,0,0,0,0,0,0,0,0,0,0,0,0,0,0,0,0,0,0,0,0,0,0,0,0,0,0,0,0,0,0,0,0,0,0,0,0,0,0,0,0,0,0,0,0,0,0,0,0,0,0,0,0,0,0,0,0,0,0,0,0,100,95,93,92,89,87,86,85,83,82,82,80,77,75,73,71,70,69,68,68,66,68,67,66,65,63,63,61,60,61,63,63,63,62,62,62,62,62,63,62,62,63,61,59,58,59,58,60,60,60,57,58,58,57,57,55,54,53,52,53,51,51,51,48,49,48,49,49,49,50,50,50,50,49,49,48,48,49,46,47,47,47,48,48,46,43,42,42,43,43,42,42,42,45,44,44,43,43,44,42,42
2,0,0,0,0,0,0,0,0,0,0,0,0,0,0,0,0,0,0,0,0,0,0,0,0,0,0,0,0,0,0,0,0,0,0,0,0,0,0,0,0,0,0,0,0,0,0,0,0,0,0,0,0,0,0,0,0,0,0,0,0,0,0,0,0,0,0,0,0,0,0,0,0,0,0,0,0,0,0,0,0,0,0,0,0,0,0,0,0,0,0,0,0,0,0,0,0,0,0,0,0,100,98,96,94,91,91,91,90,90,89,89,87,85,84,84,83,80,78,75,72,69,65,66,66,64,64,62,59,58,57,57,57,58,56,55,55,55,55,54,53,52,50,46,46,46,46,45,44,43,43,43,43,44,44,43,44,44,43,41,42,40,38,41,41,43,42,42,42,43,42,42,42,40,40,38,39,37,34,34,33,33,33,29,28,28,29,28,29,29,31,30,29,31,31,31,33,32,32,31,33,33
2,0,0,0,0,0,0,0,0,0,0,0,0,0,0,0,0,0,0,0,0,0,0,0,0,0,0,0,0,0,0,0,0,0,0,0,0,0,0,0,0,0,0,0,0,0,0,0,0,0,0,0,0,0,0,0,0,0,0,0,0,0,0,0,0,0,0,0,0,0,0,0,0,0,0,0,0,0,0,0,0,0,0,0,0,0,0,0,0,0,0,0,0,0,0,0,0,0,0,0,0,100,95,93,93,92,92,90,86,85,84,81,80,79,77,75,72,71,67,67,67,66,65,65,60,57,57,56,57,57,58,57,56,57,56,56,56,55,54,54,54,54,50,50,49,49,49,51,49,50,49,50,49,47,46,46,47,43,44,44,45,43,44,46,45,46,45,43,42,42,43,41,40,37,37,38,40,42,42,40,38,39,38,39,42,44,44,43,43,43,43,42,41,43,44,43,44,45,44,43,43,44
2,0,0,0,0,0,0,0,0,0,0,0,0,0,0,0,0,0,0,0,0,0,0,0,0,0,0,0,0,0,0,0,0,0,0,0,0,0,0,0,0,0,0,0,0,0,0,0,0,0,0,0,0,0,0,0,0,0,0,0,0,0,0,0,0,0,0,0,0,0,0,0,0,0,0,0,0,0,0,0,0,0,0,0,0,0,0,0,0,0,0,0,0,0,0,0,0,0,0,0,0,100,99,97,96,96,96,94,93,91,90,89,86,85,81,81,78,78,79,77,74,73,69,66,65,65,65,64,64,63,64,63,60,61,62,62,61,61,62,63,61,61,62,61,60,59,59,61,61,62,59,58,58,59,59,58,56,55,54,53,53,53,53,51,52,50,51,52,51,50,50,52,51,48,47,48,47,47,47,49,49,48,44,42,43,41,39,37,36,34,34,36,36,36,35,37,38,37,37,36,37,36
2,0,0,0,0,0,0,0,0,0,0,0,0,0,0,0,0,0,0,0,0,0,0,0,0,0,0,0,0,0,0,0,0,0,0,0,0,0,0,0,0,0,0,0,0,0,0,0,0,0,0,0,0,0,0,0,0,0,0,0,0,0,0,0,0,0,0,0,0,0,0,0,0,0,0,0,0,0,0,0,0,0,0,0,0,0,0,0,0,0,0,0,0,0,0,0,0,0,0,0,0,100,99,95,93,93,92,89,88,84,82,79,78,76,77,76,72,70,71,71,70,71,70,68,67,63,65,64,65,64,63,63,61,61,58,58,58,58,60,60,60,60,59,57,56,53,54,54,53,53,52,51,50,47,46,48,49,48,48,46,45,45,45,45,45,46,44,43,43,44,41,41,40,39,39,39,36,35,34,35,35,37,36,37,38,39,39,40,41,41,41,42,42,43,46,44,43,42,42,42,42,42
2,0,0,0,0,0,0,0,0,0,0,0,0,0,0,0,0,0,0,0,0,0,0,0,0,0,0,0,0,0,0,0,0,0,0,0,0,0,0,0,0,0,0,0,0,0,0,0,0,0,0,0,0,0,0,0,0,0,0,0,0,0,0,0,0,0,0,0,0,0,0,0,0,0,0,0,0,0,0,0,0,0,0,0,0,0,0,0,0,0,0,0,0,0,0,0,0,0,0,0,0,100,98,97,97,95,94,93,92,91,88,87,84,82,79,78,75,74,75,73,70,69,67,66,66,65,64,63,61,61,61,62,60,61,61,61,62,61,60,58,57,55,54,52,51,50,49,48,47,47,49,47,47,47,47,47,47,46,46,46,48,46,45,45,45,46,45,43,40,39,37,37,37,37,38,38,40,39,40,40,37,36,36,37,38,37,38,36,36,35,35,36,36,37,38,38,37,36,36,35,35,33
2,0,0,0,0,0,0,0,0,0,0,0,0,0,0,0,0,0,0,0,0,0,0,0,0,0,0,0,0,0,0,0,0,0,0,0,0,0,0,0,0,0,0,0,0,0,0,0,0,0,0,0,0,0,0,0,0,0,0,0,0,0,0,0,0,0,0,0,0,0,0,0,0,0,0,0,0,0,0,0,0,0,0,0,0,0,0,0,0,0,0,0,0,0,0,0,0,0,0,0,0,100,98,93,93,92,89,88,85,81,80,81,80,79,77,75,75,75,73,74,73,72,71,70,66,65,65,66,66,66,66,65,65,63,64,64,63,62,58,56,58,60,60,59,59,59,58,56,56,54,54,52,53,52,51,50,50,50,50,51,51,51,52,53,52,52,51,51,53,51,51,51,51,50,49,48,47,47,48,48,48,47,48,47,47,47,45,43,43,43,42,41,42,43,44,43,44,46,47,47,46,45
2,0,0,0,0,0,0,0,0,0,0,0,0,0,0,0,0,0,0,0,0,0,0,0,0,0,0,0,0,0,0,0,0,0,0,0,0,0,0,0,0,0,0,0,0,0,0,0,0,0,0,0,0,0,0,0,0,0,0,0,0,0,0,0,0,0,0,0,0,0,0,0,0,0,0,0,0,0,0,0,0,0,0,0,0,0,0,0,0,0,0,0,0,0,0,0,0,0,0,0,0,100,99,97,94,90,88,88,84,81,81,77,77,77,76,75,74,76,69,69,69,69,68,69,67,65,68,65,64,63,63,62,62,62,62,58,57,57,56,55,57,55,53,53,51,49,47,47,45,42,40,41,42,43,45,45,43,42,42,40,42,42,42,43,41,42,42,42,42,41,39,40,41,42,40,40,40,40,41,41,41,41,42,41,42,40,40,38,38,36,36,35,34,34,33,33,32,32,33,33,34,34
2,0,0,0,0,0,0,0,0,0,0,0,0,0,0,0,0,0,0,0,0,0,0,0,0,0,0,0,0,0,0,0,0,0,0,0,0,0,0,0,0,0,0,0,0,0,0,0,0,0,0,0,0,0,0,0,0,0,0,0,0,0,0,0,0,0,0,0,0,0,0,0,0,0,0,0,0,0,0,0,0,0,0,0,0,0,0,0,0,0,0,0,0,0,0,0,0,0,0,0,0,100,99,98,95,93,91,90,89,88,87,86,84,79,79,77,76,77,76,75,74,72,71,68,67,66,65,64,62,62,62,62,62,61,61,60,61,61,62,61,61,61,59,60,60,62,60,58,59,61,62,61,62,60,60,59,56,56,57,57,56,56,56,55,53,52,50,50,49,46,45,44,46,45,44,44,45,43,39,39,39,39,39,38,37,36,36,36,36,37,37,38,40,40,38,37,36,36,36,38,38,36
2,0,0,0,0,0,0,0,0,0,0,0,0,0,0,0,0,0,0,0,0,0,0,0,0,0,0,0,0,0,0,0,0,0,0,0,0,0,0,0,0,0,0,0,0,0,0,0,0,0,0,0,0,0,0,0,0,0,0,0,0,0,0,0,0,0,0,0,0,0,0,0,0,0,0,0,0,0,0,0,0,0,0,0,0,0,0,0,0,0,0,0,0,0,0,0,0,0,0,0,0,100,99,97,96,95,94,94,92,90,89,88,86,83,81,83,82,79,77,78,76,71,69,70,68,68,68,65,64,63,63,61,62,60,59,58,56,57,58,57,55,54,53,53,54,56,56,55,54,53,52,52,51,52,52,52,49,48,50,52,51,50,50,49,48,47,46,44,45,42,42,41,42,40,39,38,38,40,41,40,38,39,38,37,37,36,35,34,33,34,35,35,37,34,34,35,35,32,32,32,31,32
2,0,0,0,0,0,0,0,0,0,0,0,0,0,0,0,0,0,0,0,0,0,0,0,0,0,0,0,0,0,0,0,0,0,0,0,0,0,0,0,0,0,0,0,0,0,0,0,0,0,0,0,0,0,0,0,0,0,0,0,0,0,0,0,0,0,0,0,0,0,0,0,0,0,0,0,0,0,0,0,0,0,0,0,0,0,0,0,0,0,0,0,0,0,0,0,0,0,0,0,0,100,98,95,92,89,87,87,87,86,83,80,80,78,77,77,75,73,72,72,72,72,71,70,71,70,70,70,70,68,64,64,62,61,60,61,61,60,57,56,54,54,55,54,54,53,53,52,53,53,49,49,47,48,46,45,45,45,46,45,45,45,46,46,45,45,45,45,44,44,43,44,43,45,43,43,44,45,46,45,44,44,43,44,43,43,43,44,43,42,41,40,41,41,41,44,44,44,44,45,43,42
2,0,0,0,0,0,0,0,0,0,0,0,0,0,0,0,0,0,0,0,0,0,0,0,0,0,0,0,0,0,0,0,0,0,0,0,0,0,0,0,0,0,0,0,0,0,0,0,0,0,0,0,0,0,0,0,0,0,0,0,0,0,0,0,0,0,0,0,0,0,0,0,0,0,0,0,0,0,0,0,0,0,0,0,0,0,0,0,0,0,0,0,0,0,0,0,0,0,0,0,0,100,98,96,94,91,88,88,83,82,81,78,78,76,75,73,71,72,70,69,67,65,63,64,63,61,59,58,57,57,55,55,53,52,51,52,51,49,47,46,45,45,46,47,47,47,46,46,45,45,46,46,44,43,42,42,42,43,43,44,42,42,42,41,40,39,39,36,38,36,36,36,35,35,35,36,35,37,37,37,34,33,33,32,31,33,33,33,33,33,33,35,35,36,34,32,33,34,36,36,36,37
2,0,0,0,0,0,0,0,0,0,0,0,0,0,0,0,0,0,0,0,0,0,0,0,0,0,0,0,0,0,0,0,0,0,0,0,0,0,0,0,0,0,0,0,0,0,0,0,0,0,0,0,0,0,0,0,0,0,0,0,0,0,0,0,0,0,0,0,0,0,0,0,0,0,0,0,0,0,0,0,0,0,0,0,0,0,0,0,0,0,0,0,0,0,0,0,0,0,0,0,0,100,97,95,94,94,91,91,87,85,85,84,83,81,80,79,80,81,80,75,73,73,72,72,70,69,70,68,69,69,70,68,70,67,65,62,62,60,59,61,59,59,58,59,59,60,59,60,57,58,56,60,57,56,56,55,54,56,54,54,52,52,50,48,46,46,46,45,45,45,44,44,44,46,49,48,48,47,47,45,44,43,43,43,45,47,47,46,46,45,48,48,47,48,47,47,48,47,48,47,48,49
2,0,0,0,0,0,0,0,0,0,0,0,0,0,0,0,0,0,0,0,0,0,0,0,0,0,0,0,0,0,0,0,0,0,0,0,0,0,0,0,0,0,0,0,0,0,0,0,0,0,0,0,0,0,0,0,0,0,0,0,0,0,0,0,0,0,0,0,0,0,0,0,0,0,0,0,0,0,0,0,0,0,0,0,0,0,0,0,0,0,0,0,0,0,0,0,0,0,0,0,0,100,99,96,93,90,87,85,82,82,80,79,77,76,76,73,72,73,73,71,72,71,70,69,68,64,64,64,62,60,59,60,59,57,57,57,55,56,54,54,53,53,53,53,52,49,49,50,49,47,48,45,44,45,45,44,46,47,46,43,40,40,41,40,40,40,41,41,41,41,40,42,41,40,38,39,40,40,41,40,38,37,37,34,33,32,32,32,32,31,33,32,32,32,33,34,34,34,35,35,32,32
2,0,0,0,0,0,0,0,0,0,0,0,0,0,0,0,0,0,0,0,0,0,0,0,0,0,0,0,0,0,0,0,0,0,0,0,0,0,0,0,0,0,0,0,0,0,0,0,0,0,0,0,0,0,0,0,0,0,0,0,0,0,0,0,0,0,0,0,0,0,0,0,0,0,0,0,0,0,0,0,0,0,0,0,0,0,0,0,0,0,0,0,0,0,0,0,0,0,0,0,0,100,99,98,94,90,89,88,83,80,80,80,78,75,74,74,72,70,71,70,70,70,70,69,68,68,68,67,65,64,64,63,61,61,60,60,59,57,56,55,54,54,53,51,51,51,51,52,52,53,52,51,51,51,51,52,51,52,50,51,51,51,51,51,49,48,49,48,49,49,51,51,53,53,54,53,51,52,50,50,49,50,51,52,53,54,55,55,55,55,54,53,52,52,52,50,47,47,48,47,46,44
2,0,0,0,0,0,0,0,0,0,0,0,0,0,0,0,0,0,0,0,0,0,0,0,0,0,0,0,0,0,0,0,0,0,0,0,0,0,0,0,0,0,0,0,0,0,0,0,0,0,0,0,0,0,0,0,0,0,0,0,0,0,0,0,0,0,0,0,0,0,0,0,0,0,0,0,0,0,0,0,0,0,0,0,0,0,0,0,0,0,0,0,0,0,0,0,0,0,0,0,0,100,97,98,96,95,94,92,90,91,90,88,86,85,83,82,81,81,80,81,80,79,78,76,75,73,73,72,71,67,67,66,66,66,66,65,61,61,63,63,61,60,57,57,57,56,56,58,58,54,56,54,55,55,55,53,52,53,50,50,48,47,46,47,47,47,47,45,46,46,46,45,44,43,41,40,40,40,39,40,41,41,42,40,39,39,39,42,41,43,43,41,41,42,42,40,40,42,41,40,40,40
2,0,0,0,0,0,0,0,0,0,0,0,0,0,0,0,0,0,0,0,0,0,0,0,0,0,0,0,0,0,0,0,0,0,0,0,0,0,0,0,0,0,0,0,0,0,0,0,0,0,0,0,0,0,0,0,0,0,0,0,0,0,0,0,0,0,0,0,0,0,0,0,0,0,0,0,0,0,0,0,0,0,0,0,0,0,0,0,0,0,0,0,0,0,0,0,0,0,0,0,0,100,96,94,93,92,91,91,86,85,83,81,79,77,76,75,74,74,72,69,67,66,66,66,66,64,63,62,63,63,63,62,62,61,61,59,58,57,57,56,53,52,51,53,53,52,52,52,52,52,55,53,53,52,53,53,54,53,53,52,50,49,48,46,44,43,39,39,37,37,36,36,37,39,38,39,38,37,36,36,36,37,35,34,34,33,34,36,35,34,34,33,34,34,38,38,40,40,40,40,40,38
2,0,0,0,0,0,0,0,0,0,0,0,0,0,0,0,0,0,0,0,0,0,0,0,0,0,0,0,0,0,0,0,0,0,0,0,0,0,0,0,0,0,0,0,0,0,0,0,0,0,0,0,0,0,0,0,0,0,0,0,0,0,0,0,0,0,0,0,0,0,0,0,0,0,0,0,0,0,0,0,0,0,0,0,0,0,0,0,0,0,0,0,0,0,0,0,0,0,0,0,0,100,99,95,93,92,92,90,88,87,86,86,85,82,81,80,78,76,76,75,74,72,72,71,67,67,67,65,62,62,61,61,60,62,59,60,60,58,58,58,57,57,56,55,55,54,54,56,54,55,55,53,52,52,52,54,54,53,52,52,50,52,52,50,50,51,51,52,50,49,49,49,48,49,49,49,50,51,53,51,52,52,51,52,52,52,53,51,50,51,51,51,49,47,46,46,45,44,45,45,41,39
2,0,0,0,0,0,0,0,0,0,0,0,0,0,0,0,0,0,0,0,0,0,0,0,0,0,0,0,0,0,0,0,0,0,0,0,0,0,0,0,0,0,0,0,0,0,0,0,0,0,0,0,0,0,0,0,0,0,0,0,0,0,0,0,0,0,0,0,0,0,0,0,0,0,0,0,0,0,0,0,0,0,0,0,0,0,0,0,0,0,0,0,0,0,0,0,0,0,0,0,0,100,96,95,90,88,87,86,84,81,79,77,78,78,77,74,74,72,69,67,66,65,65,64,62,58,56,55,55,55,52,51,50,50,49,48,49,49,48,47,47,48,48,47,49,49,49,49,49,50,49,47,45,45,44,45,45,44,45,44,43,42,42,41,41,41,41,41,42,41,39,39,38,38,37,36,37,37,36,37,37,36,36,36,37,36,37,37,37,38,39,39,36,35,35,35,34,35,34,34,34,36
2,0,0,0,0,0,0,0,0,0,0,0,0,0,0,0,0,0,0,0,0,0,0,0,0,0,0,0,0,0,0,0,0,0,0,0,0,0,0,0,0,0,0,0,0,0,0,0,0,0,0,0,0,0,0,0,0,0,0,0,0,0,0,0,0,0,0,0,0,0,0,0,0,0,0,0,0,0,0,0,0,0,0,0,0,0,0,0,0,0,0,0,0,0,0,0,0,0,0,0,0,100,96,93,92,90,88,86,85,84,85,83,81,80,80,78,77,74,75,73,72,70,69,69,70,70,69,69,68,66,62,60,60,60,59,59,59,59,60,60,58,55,53,52,53,52,53,54,54,52,52,50,48,48,48,49,49,48,47,45,45,46,46,46,45,46,44,46,46,45,44,45,40,39,39,39,40,42,42,41,43,44,43,43,43,43,45,44,44,44,43,43,43,43,40,39,39,38,40,40,40,40
2,0,0,0,0,0,0,0,0,0,0,0,0,0,0,0,0,0,0,0,0,0,0,0,0,0,0,0,0,0,0,0,0,0,0,0,0,0,0,0,0,0,0,0,0,0,0,0,0,0,0,0,0,0,0,0,0,0,0,0,0,0,0,0,0,0,0,0,0,0,0,0,0,0,0,0,0,0,0,0,0,0,0,0,0,0,0,0,0,0,0,0,0,0,0,0,0,0,0,0,0,100,100,98,96,93,90,91,90,89,88,84,81,80,77,77,75,75,75,74,72,67,67,67,69,69,67,67,63,63,63,63,63,62,62,62,61,60,60,57,57,55,53,49,50,48,48,48,46,46,44,45,44,44,44,42,40,40,40,40,40,41,39,37,36,36,37,37,37,38,38,38,40,40,40,40,40,40,42,40,39,39,40,41,42,44,43,43,42,42,42,44,45,45,45,44,43,43,42,41,41,38
2,0,0,0,0,0,0,0,0,0,0,0,0,0,0,0,0,0,0,0,0,0,0,0,0,0,0,0,0,0,0,0,0,0,0,0,0,0,0,0,0,0,0,0,0,0,0,0,0,0,0,0,0,0,0,0,0,0,0,0,0,0,0,0,0,0,0,0,0,0,0,0,0,0,0,0,0,0,0,0,0,0,0,0,0,0,0,0,0,0,0,0,0,0,0,0,0,0,0,0,0,100,98,92,90,87,85,86,85,85,83,81,80,78,77,76,75,73,73,73,72,71,70,66,65,64,65,64,63,60,58,56,59,56,55,56,55,57,57,58,59,58,56,57,58,58,57,57,57,56,56,53,53,53,52,52,53,53,53,53,53,53,53,51,52,53,52,51,51,51,49,50,52,52,52,52,52,50,49,49,49,48,49,50,50,49,50,50,49,46,46,44,42,41,41,43,44,45,45,44,44,44
2,0,0,0,0,0,0,0,0,0,0,0,0,0,0,0,0,0,0,0,0,0,0,0,0,0,0,0,0,0,0,0,0,0,0,0,0,0,0,0,0,0,0,0,0,0,0,0,0,0,0,0,0,0,0,0,0,0,0,0,0,0,0,0,0,0,0,0,0,0,0,0,0,0,0,0,0,0,0,0,0,0,0,0,0,0,0,0,0,0,0,0,0,0,0,0,0,0,0,0,0,100,98,96,93,91,91,91,89,86,86,85,84,82,80,79,78,79,79,80,78,78,76,75,74,74,73,71,71,70,68,66,63,64,63,64,59,59,58,57,54,54,53,53,53,51,51,50,48,48,48,48,49,49,50,51,53,54,51,51,49,47,48,49,50,50,51,50,49,47,49,48,48,47,48,48,46,45,46,45,42,41,43,44,43,42,39,39,39,38,38,36,35,38,41,40,39,38,39,39,40,37
2,0,0,0,0,0,0,0,0,0,0,0,0,0,0,0,0,0,0,0,0,0,0,0,0,0,0,0,0,0,0,0,0,0,0,0,0,0,0,0,0,0,0,0,0,0,0,0,0,0,0,0,0,0,0,0,0,0,0,0,0,0,0,0,0,0,0,0,0,0,0,0,0,0,0,0,0,0,0,0,0,0,0,0,0,0,0,0,0,0,0,0,0,0,0,0,0,0,0,0,0,100,98,94,91,90,89,87,85,86,81,79,79,73,72,71,68,65,65,63,60,61,61,57,55,57,56,55,55,55,57,56,55,57,57,56,52,54,51,51,50,52,51,51,51,52,51,49,49,49,47,47,47,46,47,48,47,47,47,46,47,49,49,50,50,49,47,48,48,47,45,45,43,43,44,46,46,47,46,47,46,45,44,39,39,37,39,40,40,40,39,38,38,39,35,36,36,36,36,37,36,37
2,0,0,0,0,0,0,0,0,0,0,0,0,0,0,0,0,0,0,0,0,0,0,0,0,0,0,0,0,0,0,0,0,0,0,0,0,0,0,0,0,0,0,0,0,0,0,0,0,0,0,0,0,0,0,0,0,0,0,0,0,0,0,0,0,0,0,0,0,0,0,0,0,0,0,0,0,0,0,0,0,0,0,0,0,0,0,0,0,0,0,0,0,0,0,0,0,0,0,0,0,100,98,97,94,91,90,89,89,89,89,89,87,86,85,84,83,82,80,79,80,78,77,74,74,71,68,67,66,67,66,67,67,65,65,63,62,61,60,60,59,58,57,57,58,57,56,55,54,54,52,53,54,55,54,54,51,49,49,50,49,50,50,47,47,48,50,49,49,48,49,49,49,49,50,47,46,46,46,46,44,44,41,40,38,38,39,40,40,40,40,39,39,40,41,42,42,42,43,44,43,43
2,0,0,0,0,0,0,0,0,0,0,0,0,0,0,0,0,0,0,0,0,0,0,0,0,0,0,0,0,0,0,0,0,0,0,0,0,0,0,0,0,0,0,0,0,0,0,0,0,0,0,0,0,0,0,0,0,0,0,0,0,0,0,0,0,0,0,0,0,0,0,0,0,0,0,0,0,0,0,0,0,0,0,0,0,0,0,0,0,0,0,0,0,0,0,0,0,0,0,0,0,100,99,98,98,95,93,93,91,90,90,89,88,85,84,85,85,85,83,85,84,81,79,75,74,74,76,73,72,69,66,64,64,62,62,63,63,62,58,59,61,61,61,62,60,60,60,60,59,59,60,59,59,58,54,53,53,54,54,54,56,57,55,55,55,54,51,51,50,48,47,47,47,46,45,44,42,41,42,41,41,41,40,40,40,39,38,36,35,33,33,34,35,35,34,34,36,37,37,39,40,40
2,0,0,0,0,0,0,0,0,0,0,0,0,0,0,0,0,0,0,0,0,0,0,0,0,0,0,0,0,0,0,0,0,0,0,0,0,0,0,0,0,0,0,0,0,0,0,0,0,0,0,0,0,0,0,0,0,0,0,0,0,0,0,0,0,0,0,0,0,0,0,0,0,0,0,0,0,0,0,0,0,0,0,0,0,0,0,0,0,0,0,0,0,0,0,0,0,0,0,0,0,100,99,97,94,93,92,91,89,85,85,85,85,83,81,80,78,79,78,78,77,76,73,71,71,70,70,70,68,66,67,63,58,59,60,60,62,63,63,63,61,60,61,63,60,59,59,59,60,59,59,58,58,58,58,58,59,60,60,60,60,58,57,57,58,58,55,54,54,53,52,51,51,52,52,50,50,49,50,50,47,46,45,45,44,43,43,41,41,41,43,44,46,45,44,43,43,45,46,46,47,47
2,0,0,0,0,0,0,0,0,0,0,0,0,0,0,0,0,0,0,0,0,0,0,0,0,0,0,0,0,0,0,0,0,0,0,0,0,0,0,0,0,0,0,0,0,0,0,0,0,0,0,0,0,0,0,0,0,0,0,0,0,0,0,0,0,0,0,0,0,0,0,0,0,0,0,0,0,0,0,0,0,0,0,0,0,0,0,0,0,0,0,0,0,0,0,0,0,0,0,0,0,100,98,97,92,91,89,90,89,86,85,84,83,82,81,80,79,78,76,75,74,74,74,74,71,70,71,71,70,71,72,71,70,72,69,65,66,66,63,65,64,64,65,64,64,65,66,65,65,64,66,66,65,63,62,61,60,57,55,55,54,55,52,51,50,50,50,50,49,48,49,49,46,44,43,43,43,44,46,44,44,43,43,42,40,40,40,40,40,40,40,40,39,37,36,36,35,34,34,35,34,33
2,0,0,0,0,0,0,0,0,0,0,0,0,0,0,0,0,0,0,0,0,0,0,0,0,0,0,0,0,0,0,0,0,0,0,0,0,0,0,0,0,0,0,0,0,0,0,0,0,0,0,0,0,0,0,0,0,0,0,0,0,0,0,0,0,0,0,0,0,0,0,0,0,0,0,0,0,0,0,0,0,0,0,0,0,0,0,0,0,0,0,0,0,0,0,0,0,0,0,0,0,100,97,96,92,90,86,83,82,82,80,79,79,79,78,77,78,76,77,76,76,72,72,71,73,72,71,70,69,66,64,61,60,60,59,58,55,54,54,54,54,54,52,49,54,53,56,56,55,54,53,53,53,52,53,53,52,53,52,52,50,51,53,53,52,51,48,47,47,46,46,44,41,41,41,42,42,40,40,39,40,40,42,42,42,42,42,41,42,42,41,39,40,40,41,39,39,40,39,37,38,39
2,0,0,0,0,0,0,0,0,0,0,0,0,0,0,0,0,0,0,0,0,0,0,0,0,0,0,0,0,0,0,0,0,0,0,0,0,0,0,0,0,0,0,0,0,0,0,0,0,0,0,0,0,0,0,0,0,0,0,0,0,0,0,0,0,0,0,0,0,0,0,0,0,0,0,0,0,0,0,0,0,0,0,0,0,0,0,0,0,0,0,0,0,0,0,0,0,0,0,0,0,100,97,93,93,93,90,89,86,86,82,81,80,80,79,77,76,75,73,73,71,72,72,71,70,67,64,64,63,62,61,58,56,58,58,56,57,57,55,57,59,59,59,57,55,55,56,55,54,58,60,60,60,59,59,58,58,55,53,53,52,51,52,52,53,53,54,53,52,54,53,54,52,53,52,53,51,50,49,47,47,47,49,49,49,49,50,50,49,48,47,44,44,44,45,42,42,44,45,45,44,44
2,0,0,0,0,0,0,0,0,0,0,0,0,0,0,0,0,0,0,0,0,0,0,0,0,0,0,0,0,0,0,0,0,0,0,0,0,0,0,0,0,0,0,0,0,0,0,0,0,0,0,0,0,0,0,0,0,0,0,0,0,0,0,0,0,0,0,0,0,0,0,0,0,0,0,0,0,0,0,0,0,0,0,0,0,0,0,0,0,0,0,0,0,0,0,0,0,0,0,0,0,100,98,96,95,94,94,93,89,86,85,83,84,83,82,80,78,75,73,69,68,67,64,64,62,62,62,61,60,59,59,62,62,62,62,60,56,56,56,55,54,54,53,52,52,50,48,49,47,46,46,48,48,48,48,47,44,45,43,43,42,43,41,41,41,43,44,42,41,40,40,40,42,43,43,43,44,43,42,41,40,40,40,40,43,44,44,45,41,41,41,40,40,41,41,43,41,40,41,41,42,41
2,0,0,0,0,0,0,0,0,0,0,0,0,0,0,0,0,0,0,0,0,0,0,0,0,0,0,0,0,0,0,0,0,0,0,0,0,0,0,0,0,0,0,0,0,0,0,0,0,0,0,0,0,0,0,0,0,0,0,0,0,0,0,0,0,0,0,0,0,0,0,0,0,0,0,0,0,0,0,0,0,0,0,0,0,0,0,0,0,0,0,0,0,0,0,0,0,0,0,0,0,100,98,94,92,90,91,89,86,84,82,80,77,74,73,67,66,64,64,62,62,62,61,62,59,61,60,61,61,62,57,57,54,54,56,57,56,55,53,53,53,53,54,54,55,54,54,56,56,57,57,57,57,54,54,54,54,51,51,51,51,50,49,48,48,47,48,49,48,47,45,45,45,45,45,45,46,46,44,41,41,40,41,41,40,40,40,39,39,39,39,40,39,40,38,39,38,38,36,34,35,33
2,0,0,0,0,0,0,0,0,0,0,0,0,0,0,0,0,0,0,0,0,0,0,0,0,0,0,0,0,0,0,0,0,0,0,0,0,0,0,0,0,0,0,0,0,0,0,0,0,0,0,0,0,0,0,0,0,0,0,0,0,0,0,0,0,0,0,0,0,0,0,0,0,0,0,0,0,0,0,0,0,0,0,0,0,0,0,0,0,0,0,0,0,0,0,0,0,0,0,0,0,100,97,95,91,91,90,90,88,87,87,83,84,83,78,78,74,72,73,73,72,71,68,67,64,64,63,63,62,60,60,60,60,59,60,59,59,58,59,58,58,57,56,55,53,52,50,48,47,48,48,48,46,44,48,50,47,47,49,49,49,49,48,48,48,47,48,47,47,47,48,49,50,48,46,47,46,44,42,43,42,42,41,41,40,39,36,37,38,38,38,36,35,35,35,36,37,38,38,38,37,36
2,0,0,0,0,0,0,0,0,0,0,0,0,0,0,0,0,0,0,0,0,0,0,0,0,0,0,0,0,0,0,0,0,0,0,0,0,0,0,0,0,0,0,0,0,0,0,0,0,0,0,0,0,0,0,0,0,0,0,0,0,0,0,0,0,0,0,0,0,0,0,0,0,0,0,0,0,0,0,0,0,0,0,0,0,0,0,0,0,0,0,0,0,0,0,0,0,0,0,0,0,100,98,96,94,94,91,89,86,84,81,78,77,76,73,73,73,73,72,71,72,71,71,73,72,70,73,73,71,71,70,68,68,67,65,62,61,59,59,59,58,57,57,56,56,55,54,52,52,51,52,50,50,50,50,51,52,52,51,53,53,54,54,53,50,51,51,50,49,49,49,51,51,52,52,53,52,52,51,52,52,52,51,49,49,50,48,51,51,49,50,49,47,47,49,49,45,45,46,46,48,49
2,0,0,0,0,0,0,0,0,0,0,0,0,0,0,0,0,0,0,0,0,0,0,0,0,0,0,0,0,0,0,0,0,0,0,0,0,0,0,0,0,0,0,0,0,0,0,0,0,0,0,0,0,0,0,0,0,0,0,0,0,0,0,0,0,0,0,0,0,0,0,0,0,0,0,0,0,0,0,0,0,0,0,0,0,0,0,0,0,0,0,0,0,0,0,0,0,0,0,0,0,100,98,98,97,95,90,88,86,84,83,81,77,76,75,75,74,74,75,75,74,74,74,73,72,72,70,69,70,72,69,69,67,64,66,66,64,63,62,60,58,55,54,54,53,50,50,49,49,49,51,50,49,48,49,49,46,47,45,45,44,46,47,48,46,44,43,43,43,46,46,45,45,46,45,46,46,45,44,44,43,43,42,41,39,38,38,36,36,37,36,36,35,35,35,36,35,35,37,36,37,39
2,0,0,0,0,0,0,0,0,0,0,0,0,0,0,0,0,0,0,0,0,0,0,0,0,0,0,0,0,0,0,0,0,0,0,0,0,0,0,0,0,0,0,0,0,0,0,0,0,0,0,0,0,0,0,0,0,0,0,0,0,0,0,0,0,0,0,0,0,0,0,0,0,0,0,0,0,0,0,0,0,0,0,0,0,0,0,0,0,0,0,0,0,0,0,0,0,0,0,0,0,100,99,98,96,95,92,90,89,87,82,81,80,79,78,78,76,75,77,77,75,73,72,72,70,70,68,68,68,67,66,65,63,62,62,58,58,56,58,55,55,54,54,53,51,51,51,51,49,50,52,50,47,44,44,45,46,43,42,42,42,42,41,42,42,42,40,41,39,37,38,40,40,39,38,35,35,33,34,35,37,39,41,40,40,40,40,40,39,37,37,38,39,38,37,35,35,34,33,32,33,33
2,0,0,0,0,0,0,0,0,0,0,0,0,0,0,0,0,0,0,0,0,0,0,0,0,0,0,0,0,0,0,0,0,0,0,0,0,0,0,0,0,0,0,0,0,0,0,0,0,0,0,0,0,0,0,0,0,0,0,0,0,0,0,0,0,0,0,0,0,0,0,0,0,0,0,0,0,0,0,0,0,0,0,0,0,0,0,0,0,0,0,0,0,0,0,0,0,0,0,0,0,100,95,94,93,92,90,88,88,87,86,85,84,84,79,75,73,72,72,70,68,69,68,67,65,64,64,64,66,65,64,65,62,61,60,56,53,52,51,52,53,53,53,53,52,51,49,49,48,51,53,52,52,52,53,53,53,56,54,53,55,55,54,53,53,54,52,51,51,51,48,48,51,51,51,50,49,48,48,45,44,42,43,43,45,45,45,45,45,46,46,45,45,44,42,41,39,40,39,37,35,35
2,0,0,0,0,0,0,0,0,0,0,0,0,0,0,0,0,0,0,0,0,0,0,0,0,0,0,0,0,0,0,0,0,0,0,0,0,0,0,0,0,0,0,0,0,0,0,0,0,0,0,0,0,0,0,0,0,0,0,0,0,0,0,0,0,0,0,0,0,0,0,0,0,0,0,0,0,0,0,0,0,0,0,0,0,0,0,0,0,0,0,0,0,0,0,0,0,0,0,0,0,100,98,96,96,95,90,90,90,89,88,88,86,85,82,81,77,76,74,75,73,72,71,71,71,69,65,65,64,62,61,60,60,59,58,59,57,56,57,56,54,55,53,52,53,53,53,52,52,52,52,52,52,52,53,53,53,52,52,53,53,53,52,51,49,50,49,47,45,47,48,47,48,48,48,47,48,45,43,44,45,46,46,45,47,46,46,46,45,44,42,42,41,42,42,42,43,44,44,44,42,41
2,0,0,0,0,0,0,0,0,0,0,0,0,0,0,0,0,0,0,0,0,0,0,0,0,0,0,0,0,0,0,0,0,0,0,0,0,0,0,0,0,0,0,0,0,0,0,0,0,0,0,0,0,0,0,0,0,0,0,0,0,0,0,0,0,0,0,0,0,0,0,0,0,0,0,0,0,0,0,0,0,0,0,0,0,0,0,0,0,0,0,0,0,0,0,0,0,0,0,0,0,100,99,98,97,97,95,93,91,90,90,91,91,88,87,85,82,82,78,78,77,77,77,74,74,72,72,69,66,66,66,64,62,63,62,62,60,60,60,61,60,60,61,61,60,61,59,58,57,56,58,57,57,58,59,59,58,61,60,61,60,57,56,56,52,52,51,50,48,48,46,45,49,49,47,47,48,48,46,45,44,43,41,41,44,44,45,44,45,45,44,43,43,43,41,42,42,43,42,41,39,40
2,0,0,0,0,0,0,0,0,0,0,0,0,0,0,0,0,0,0,0,0,0,0,0,0,0,0,0,0,0,0,0,0,0,0,0,0,0,0,0,0,0,0,0,0,0,0,0,0,0,0,0,0,0,0,0,0,0,0,0,0,0,0,0,0,0,0,0,0,0,0,0,0,0,0,0,0,0,0,0,0,0,0,0,0,0,0,0,0,0,0,0,0,0,0,0,0,0,0,0,0,100,98,98,98,96,95,93,90,90,87,88,87,83,82,81,81,81,80,81,80,80,78,78,79,77,73,74,73,69,68,67,66,62,61,63,62,62,63,62,63,63,62,63,64,63,62,61,61,60,60,59,56,56,56,56,56,57,55,56,55,54,54,54,54,54,54,54,54,56,55,56,56,54,52,53,50,49,48,47,46,45,45,45,44,43,43,42,41,40,38,36,36,35,34,34,34,35,36,36,35,34
2,0,0,0,0,0,0,0,0,0,0,0,0,0,0,0,0,0,0,0,0,0,0,0,0,0,0,0,0,0,0,0,0,0,0,0,0,0,0,0,0,0,0,0,0,0,0,0,0,0,0,0,0,0,0,0,0,0,0,0,0,0,0,0,0,0,0,0,0,0,0,0,0,0,0,0,0,0,0,0,0,0,0,0,0,0,0,0,0,0,0,0,0,0,0,0,0,0,0,0,0,100,98,98,98,94,95,93,92,90,91,87,87,85,85,80,79,77,72,73,72,72,71,70,68,70,67,64,63,61,60,58,55,55,57,54,53,53,52,50,50,49,50,52,52,54,54,54,56,56,55,55,54,55,53,52,52,53,50,53,52,52,52,51,50,50,48,47,47,45,45,46,46,48,44,44,43,42,41,41,39,39,40,40,36,36,36,36,34,33,34,34,34,34,35,33,33,33,32,31,31,31
2,0,0,0,0,0,0,0,0,0,0,0,0,0,0,0,0,0,0,0,0,0,0,0,0,0,0,0,0,0,0,0,0,0,0,0,0,0,0,0,0,0,0,0,0,0,0,0,0,0,0,0,0,0,0,0,0,0,0,0,0,0,0,0,0,0,0,0,0,0,0,0,0,0,0,0,0,0,0,0,0,0,0,0,0,0,0,0,0,0,0,0,0,0,0,0,0,0,0,0,0,100,98,95,95,95,92,92,93,93,92,91,89,89,88,89,89,88,87,86,84,83,83,81,81,80,80,76,75,75,75,74,72,72,71,68,67,66,65,64,64,63,63,59,58,58,57,56,54,52,52,52,50,50,50,50,51,50,51,50,49,50,50,51,52,51,51,51,50,49,49,50,51,49,49,49,49,49,49,49,49,46,45,44,45,44,43,43,44,43,42,39,39,38,38,38,37,37,36,37,36,34
2,0,0,0,0,0,0,0,0,0,0,0,0,0,0,0,0,0,0,0,0,0,0,0,0,0,0,0,0,0,0,0,0,0,0,0,0,0,0,0,0,0,0,0,0,0,0,0,0,0,0,0,0,0,0,0,0,0,0,0,0,0,0,0,0,0,0,0,0,0,0,0,0,0,0,0,0,0,0,0,0,0,0,0,0,0,0,0,0,0,0,0,0,0,0,0,0,0,0,0,0,100,97,93,89,89,88,87,87,86,85,86,83,82,82,79,78,77,75,73,71,71,72,71,70,68,66,66,65,65,65,65,63,62,61,60,61,57,58,56,53,53,52,54,54,53,51,50,50,49,50,49,49,49,49,49,49,47,46,44,44,44,45,45,44,42,42,41,41,40,40,40,40,39,38,37,36,36,33,34,33,34,35,33,32,30,30,30,30,30,31,33,33,33,33,32,30,29,29,25,25,25
2,0,0,0,0,0,0,0,0,0,0,0,0,0,0,0,0,0,0,0,0,0,0,0,0,0,0,0,0,0,0,0,0,0,0,0,0,0,0,0,0,0,0,0,0,0,0,0,0,0,0,0,0,0,0,0,0,0,0,0,0,0,0,0,0,0,0,0,0,0,0,0,0,0,0,0,0,0,0,0,0,0,0,0,0,0,0,0,0,0,0,0,0,0,0,0,0,0,0,0,0,100,100,99,97,93,90,90,88,86,85,85,84,81,80,82,81,80,81,77,77,76,75,74,71,69,70,68,67,67,67,65,65,64,64,63,61,58,57,57,57,56,55,55,54,54,55,55,53,53,52,51,50,49,48,46,46,45,46,44,44,45,43,41,41,40,38,38,37,36,36,36,37,39,39,39,41,42,43,43,42,43,42,42,43,42,42,42,42,42,42,42,41,42,43,43,43,42,42,41,39,37
2,0,0,0,0,0,0,0,0,0,0,0,0,0,0,0,0,0,0,0,0,0,0,0,0,0,0,0,0,0,0,0,0,0,0,0,0,0,0,0,0,0,0,0,0,0,0,0,0,0,0,0,0,0,0,0,0,0,0,0,0,0,0,0,0,0,0,0,0,0,0,0,0,0,0,0,0,0,0,0,0,0,0,0,0,0,0,0,0,0,0,0,0,0,0,0,0,0,0,0,0,100,97,96,93,93,90,89,88,86,86,84,84,84,82,78,77,76,75,73,73,71,66,65,65,63,66,66,66,64,65,63,63,64,64,64,61,61,62,60,60,59,57,54,52,52,52,51,51,52,51,50,51,50,48,47,47,48,44,44,44,43,42,40,40,39,38,36,36,36,37,37,36,36,38,39,39,39,39,39,38,39,40,39,38,38,36,37,38,38,35,35,35,34,34,34,33,34,35,34,32,31
2,0,0,0,0,0,0,0,0,0,0,0,0,0,0,0,0,0,0,0,0,0,0,0,0,0,0,0,0,0,0,0,0,0,0,0,0,0,0,0,0,0,0,0,0,0,0,0,0,0,0,0,0,0,0,0,0,0,0,0,0,0,0,0,0,0,0,0,0,0,0,0,0,0,0,0,0,0,0,0,0,0,0,0,0,0,0,0,0,0,0,0,0,0,0,0,0,0,0,0,0,100,98,93,93,91,89,87,85,85,82,80,76,78,76,77,75,73,72,73,74,73,70,72,71,71,72,69,67,65,63,61,60,62,62,61,62,61,60,59,56,56,56,54,54,54,53,53,53,53,51,52,51,51,51,49,48,48,49,49,46,45,44,41,41,42,44,43,43,43,44,43,43,43,42,40,39,41,39,39,39,39,39,37,37,34,34,36,37,36,37,37,36,35,35,35,35,34,35,35,36,36
2,0,0,0,0,0,0,0,0,0,0,0,0,0,0,0,0,0,0,0,0,0,0,0,0,0,0,0,0,0,0,0,0,0,0,0,0,0,0,0,0,0,0,0,0,0,0,0,0,0,0,0,0,0,0,0,0,0,0,0,0,0,0,0,0,0,0,0,0,0,0,0,0,0,0,0,0,0,0,0,0,0,0,0,0,0,0,0,0,0,0,0,0,0,0,0,0,0,0,0,0,100,99,98,96,93,93,93,92,90,87,85,83,83,80,81,80,79,79,78,78,75,74,72,72,71,71,72,71,70,70,67,65,65,64,64,63,62,60,62,59,59,60,60,61,64,64,64,63,63,64,62,61,61,59,59,56,58,57,59,55,55,54,53,53,52,53,53,51,50,51,49,48,48,47,47,47,47,46,46,46,47,47,46,43,43,42,42,41,41,41,41,41,40,41,41,41,41,43,44,44,42
2,0,0,0,0,0,0,0,0,0,0,0,0,0,0,0,0,0,0,0,0,0,0,0,0,0,0,0,0,0,0,0,0,0,0,0,0,0,0,0,0,0,0,0,0,0,0,0,0,0,0,0,0,0,0,0,0,0,0,0,0,0,0,0,0,0,0,0,0,0,0,0,0,0,0,0,0,0,0,0,0,0,0,0,0,0,0,0,0,0,0,0,0,0,0,0,0,0,0,0,0,100,98,91,89,88,84,82,80,78,78,77,76,76,77,74,73,72,72,73,71,69,70,70,67,65,65,65,65,67,67,68,66,64,63,59,57,56,56,56,57,57,57,58,56,57,57,57,56,55,54,51,50,52,52,52,53,51,50,47,46,46,45,44,43,43,43,42,41,41,41,40,41,40,42,42,40,40,41,41,40,39,40,40,39,37,38,39,39,38,37,37,37,38,37,37,36,36,33,32,30,31
2,0,0,0,0,0,0,0,0,0,0,0,0,0,0,0,0,0,0,0,0,0,0,0,0,0,0,0,0,0,0,0,0,0,0,0,0,0,0,0,0,0,0,0,0,0,0,0,0,0,0,0,0,0,0,0,0,0,0,0,0,0,0,0,0,0,0,0,0,0,0,0,0,0,0,0,0,0,0,0,0,0,0,0,0,0,0,0,0,0,0,0,0,0,0,0,0,0,0,0,0,100,98,98,95,92,91,89,88,86,85,82,81,77,75,76,75,75,74,73,73,72,73,73,72,73,72,75,71,70,70,66,65,66,64,63,63,63,63,62,63,62,62,62,62,60,60,60,60,57,56,55,55,56,56,54,55,53,51,52,51,50,46,48,46,46,45,46,41,41,42,43,43,42,42,41,37,40,40,40,39,41,41,42,43,44,44,44,44,44,43,43,42,42,41,41,41,43,44,45,45,45
2,0,0,0,0,0,0,0,0,0,0,0,0,0,0,0,0,0,0,0,0,0,0,0,0,0,0,0,0,0,0,0,0,0,0,0,0,0,0,0,0,0,0,0,0,0,0,0,0,0,0,0,0,0,0,0,0,0,0,0,0,0,0,0,0,0,0,0,0,0,0,0,0,0,0,0,0,0,0,0,0,0,0,0,0,0,0,0,0,0,0,0,0,0,0,0,0,0,0,0,0,100,96,93,88,85,81,78,76,74,73,71,70,69,69,69,71,68,68,68,66,64,64,63,65,65,63,62,62,60,61,59,58,57,55,52,52,54,53,55,56,56,54,51,51,49,48,49,47,47,46,47,47,46,47,47,47,48,48,45,43,45,46,46,45,45,48,48,49,48,49,48,47,44,43,42,40,40,41,41,41,42,43,44,43,44,44,45,44,45,44,45,47,46,45,45,45,44,42,38,37,38
2,0,0,0,0,0,0,0,0,0,0,0,0,0,0,0,0,0,0,0,0,0,0,0,0,0,0,0,0,0,0,0,0,0,0,0,0,0,0,0,0,0,0,0,0,0,0,0,0,0,0,0,0,0,0,0,0,0,0,0,0,0,0,0,0,0,0,0,0,0,0,0,0,0,0,0,0,0,0,0,0,0,0,0,0,0,0,0,0,0,0,0,0,0,0,0,0,0,0,0,0,100,99,98,96,92,92,89,89,88,87,86,83,80,75,75,76,75,74,74,73,74,73,74,73,74,74,73,69,69,69,68,65,63,64,62,62,62,62,59,58,57,58,55,54,55,55,53,52,53,54,54,54,53,52,50,50,51,51,50,51,51,49,48,48,48,47,46,45,47,47,47,47,47,47,46,46,46,46,45,48,48,47,45,45,45,46,46,46,45,44,45,43,39,39,38,37,37,37,36,35,34
2,0,0,0,0,0,0,0,0,0,0,0,0,0,0,0,0,0,0,0,0,0,0,0,0,0,0,0,0,0,0,0,0,0,0,0,0,0,0,0,0,0,0,0,0,0,0,0,0,0,0,0,0,0,0,0,0,0,0,0,0,0,0,0,0,0,0,0,0,0,0,0,0,0,0,0,0,0,0,0,0,0,0,0,0,0,0,0,0,0,0,0,0,0,0,0,0,0,0,0,0,100,98,94,91,89,88,87,86,84,82,81,82,79,78,78,76,76,76,74,75,74,73,72,70,72,71,71,71,68,69,67,67,67,66,65,63,62,63,63,61,61,60,59,58,61,61,58,58,56,52,50,49,49,50,50,51,48,46,45,45,45,45,44,42,40,42,42,43,43,43,43,43,43,44,43,43,43,42,42,43,44,43,43,44,45,44,44,47,47,47,46,46,46,45,45,42,40,40,39,39,38
2,0,0,0,0,0,0,0,0,0,0,0,0,0,0,0,0,0,0,0,0,0,0,0,0,0,0,0,0,0,0,0,0,0,0,0,0,0,0,0,0,0,0,0,0,0,0,0,0,0,0,0,0,0,0,0,0,0,0,0,0,0,0,0,0,0,0,0,0,0,0,0,0,0,0,0,0,0,0,0,0,0,0,0,0,0,0,0,0,0,0,0,0,0,0,0,0,0,0,0,0,100,99,97,95,91,90,90,88,86,84,82,81,78,78,75,75,73,72,72,71,71,68,67,66,63,63,62,62,60,61,61,58,58,57,57,55,52,53,52,51,49,51,51,51,52,53,53,53,55,53,53,51,51,49,49,48,46,45,43,40,40,39,38,36,37,35,34,32,32,32,33,34,36,36,35,34,34,35,37,38,40,37,36,34,36,35,36,36,35,35,35,35,35,34,33,33,35,35,33,31,33
2,0,0,0,0,0,0,0,0,0,0,0,0,0,0,0,0,0,0,0,0,0,0,0,0,0,0,0,0,0,0,0,0,0,0,0,0,0,0,0,0,0,0,0,0,0,0,0,0,0,0,0,0,0,0,0,0,0,0,0,0,0,0,0,0,0,0,0,0,0,0,0,0,0,0,0,0,0,0,0,0,0,0,0,0,0,0,0,0,0,0,0,0,0,0,0,0,0,0,0,0,100,98,94,92,92,91,90,88,87,85,83,82,83,79,78,77,76,75,75,73,72,73,70,69,66,67,67,65,65,64,64,62,61,60,62,64,63,63,60,61,59,59,59,58,59,59,59,59,59,58,57,56,54,52,51,51,53,54,53,53,52,52,52,51,46,46,45,44,43,45,43,43,44,42,41,42,43,43,44,45,46,48,46,46,43,42,42,42,44,43,43,45,45,43,43,43,44,44,44,43,44
2,0,0,0,0,0,0,0,0,0,0,0,0,0,0,0,0,0,0,0,0,0,0,0,0,0,0,0,0,0,0,0,0,0,0,0,0,0,0,0,0,0,0,0,0,0,0,0,0,0,0,0,0,0,0,0,0,0,0,0,0,0,0,0,0,0,0,0,0,0,0,0,0,0,0,0,0,0,0,0,0,0,0,0,0,0,0,0,0,0,0,0,0,0,0,0,0,0,0,0,0,100,100,97,96,94,91,89,88,88,88,88,85,84,83,82,82,82,81,79,77,77,76,74,74,74,73,72,72,71,66,66,65,65,67,67,66,66,64,64,64,62,62,62,63,63,62,62,63,63,65,66,65,64,63,61,61,62,63,61,58,57,57,57,56,54,51,51,51,51,53,53,53,54,51,47,47,49,49,49,47,46,47,46,46,47,48,47,47,47,45,44,44,41,41,44,43,43,42,42,43,43
2,0,0,0,0,0,0,0,0,0,0,0,0,0,0,0,0,0,0,0,0,0,0,0,0,0,0,0,0,0,0,0,0,0,0,0,0,0,0,0,0,0,0,0,0,0,0,0,0,0,0,0,0,0,0,0,0,0,0,0,0,0,0,0,0,0,0,0,0,0,0,0,0,0,0,0,0,0,0,0,0,0,0,0,0,0,0,0,0,0,0,0,0,0,0,0,0,0,0,0,0,100,99,97,95,93,89,88,88,87,84,80,77,77,76,74,74,73,71,69,65,64,63,61,61,60,60,62,63,62,62,62,62,59,60,60,59,59,55,54,54,53,51,53,53,53,52,52,51,51,50,50,48,48,49,48,48,48,46,45,45,45,49,49,47,46,46,45,44,44,43,40,41,39,40,42,42,42,44,42,42,41,41,39,38,37,38,38,39,39,38,37,37,37,37,37,38,38,39,37,38,38
2,0,0,0,0,0,0,0,0,0,0,0,0,0,0,0,0,0,0,0,0,0,0,0,0,0,0,0,0,0,0,0,0,0,0,0,0,0,0,0,0,0,0,0,0,0,0,0,0,0,0,0,0,0,0,0,0,0,0,0,0,0,0,0,0,0,0,0,0,0,0,0,0,0,0,0,0,0,0,0,0,0,0,0,0,0,0,0,0,0,0,0,0,0,0,0,0,0,0,0,0,100,96,91,88,89,88,86,83,80,81,81,83,82,81,81,79,78,79,79,79,79,77,77,74,72,69,69,69,68,68,65,66,66,64,64,62,60,57,58,58,57,57,57,51,51,50,49,47,46,46,46,48,48,44,44,44,45,46,45,43,43,42,43,43,41,40,42,39,39,39,40,41,41,42,43,45,46,47,46,48,47,46,45,41,40,40,39,39,37,38,37,36,36,32,32,32,31,32,31,31,31
2,0,0,0,0,0,0,0,0,0,0,0,0,0,0,0,0,0,0,0,0,0,0,0,0,0,0,0,0,0,0,0,0,0,0,0,0,0,0,0,0,0,0,0,0,0,0,0,0,0,0,0,0,0,0,0,0,0,0,0,0,0,0,0,0,0,0,0,0,0,0,0,0,0,0,0,0,0,0,0,0,0,0,0,0,0,0,0,0,0,0,0,0,0,0,0,0,0,0,0,0,100,98,98,94,94,92,91,88,85,84,82,82,79,79,78,78,77,76,76,73,72,71,70,70,68,67,65,63,61,64,63,61,61,60,58,57,57,56,58,59,59,58,54,54,55,56,58,56,56,56,55,55,54,54,54,55,55,55,54,53,52,51,48,49,50,50,49,49,50,50,50,50,50,48,49,49,48,48,48,49,49,48,47,46,45,46,47,47,47,47,48,48,47,48,46,47,43,44,43,42,42
2,0,0,0,0,0,0,0,0,0,0,0,0,0,0,0,0,0,0,0,0,0,0,0,0,0,0,0,0,0,0,0,0,0,0,0,0,0,0,0,0,0,0,0,0,0,0,0,0,0,0,0,0,0,0,0,0,0,0,0,0,0,0,0,0,0,0,0,0,0,0,0,0,0,0,0,0,0,0,0,0,0,0,0,0,0,0,0,0,0,0,0,0,0,0,0,0,0,0,0,0,100,99,97,97,94,91,89,87,84,81,81,80,79,80,77,76,75,75,76,75,73,72,71,71,69,69,65,62,61,59,57,57,57,57,58,56,57,58,59,57,54,54,54,54,55,55,55,55,55,56,57,55,53,51,51,52,52,53,53,52,51,52,53,51,51,51,53,55,54,55,55,55,53,53,53,53,53,52,52,52,52,51,50,53,54,50,49,49,45,46,46,44,43,43,39,40,38,36,39,39,38
2,0,0,0,0,0,0,0,0,0,0,0,0,0,0,0,0,0,0,0,0,0,0,0,0,0,0,0,0,0,0,0,0,0,0,0,0,0,0,0,0,0,0,0,0,0,0,0,0,0,0,0,0,0,0,0,0,0,0,0,0,0,0,0,0,0,0,0,0,0,0,0,0,0,0,0,0,0,0,0,0,0,0,0,0,0,0,0,0,0,0,0,0,0,0,0,0,0,0,0,0,100,99,97,95,91,90,90,87,85,86,85,83,82,82,80,80,76,75,74,74,72,71,71,70,67,64,63,65,66,65,66,65,66,67,66,65,65,67,64,63,60,57,57,57,57,57,58,56,55,54,54,55,53,53,51,52,49,49,48,48,48,47,47,47,47,43,42,42,42,43,45,44,45,44,44,44,44,42,42,45,46,46,46,46,48,47,45,44,44,44,43,43,44,46,45,43,44,42,43,44,43
2,0,0,0,0,0,0,0,0,0,0,0,0,0,0,0,0,0,0,0,0,0,0,0,0,0,0,0,0,0,0,0,0,0,0,0,0,0,0,0,0,0,0,0,0,0,0,0,0,0,0,0,0,0,0,0,0,0,0,0,0,0,0,0,0,0,0,0,0,0,0,0,0,0,0,0,0,0,0,0,0,0,0,0,0,0,0,0,0,0,0,0,0,0,0,0,0,0,0,0,0,100,96,96,94,93,88,86,82,82,80,80,80,79,77,76,72,72,70,72,71,72,70,71,71,71,67,64,65,65,62,61,61,61,60,58,56,54,52,55,52,52,51,50,51,49,49,51,48,48,46,45,46,48,48,48,47,46,46,47,46,44,44,44,43,43,42,41,39,40,38,39,40,40,39,38,39,37,37,38,38,36,36,37,37,36,36,36,36,37,37,37,36,35,36,36,35,35,34,34,33,33
2,0,0,0,0,0,0,0,0,0,0,0,0,0,0,0,0,0,0,0,0,0,0,0,0,0,0,0,0,0,0,0,0,0,0,0,0,0,0,0,0,0,0,0,0,0,0,0,0,0,0,0,0,0,0,0,0,0,0,0,0,0,0,0,0,0,0,0,0,0,0,0,0,0,0,0,0,0,0,0,0,0,0,0,0,0,0,0,0,0,0,0,0,0,0,0,0,0,0,0,0,100,99,97,97,96,96,94,93,93,93,92,92,91,91,87,85,85,85,82,83,79,77,73,73,73,69,72,72,70,67,66,66,66,63,63,63,63,64,62,62,60,61,62,60,59,58,57,55,55,57,55,54,53,52,52,52,52,51,52,52,52,51,49,48,46,45,42,45,45,47,46,46,47,47,44,46,46,46,47,47,48,48,47,47,47,47,47,48,50,50,50,50,50,50,51,50,50,50,49,49,49
2,0,0,0,0,0,0,0,0,0,0,0,0,0,0,0,0,0,0,0,0,0,0,0,0,0,0,0,0,0,0,0,0,0,0,0,0,0,0,0,0,0,0,0,0,0,0,0,0,0,0,0,0,0,0,0,0,0,0,0,0,0,0,0,0,0,0,0,0,0,0,0,0,0,0,0,0,0,0,0,0,0,0,0,0,0,0,0,0,0,0,0,0,0,0,0,0,0,0,0,0,100,99,96,96,93,92,91,90,90,89,85,84,82,82,81,77,74,76,75,73,73,71,68,67,66,65,64,62,61,62,62,62,61,59,60,60,60,60,59,59,59,60,60,61,60,59,60,60,58,56,56,56,56,57,60,59,59,57,56,55,54,52,53,52,49,49,48,48,47,47,46,46,43,43,41,43,43,42,42,42,41,44,43,45,45,44,44,44,43,44,45,45,44,43,43,44,44,44,45,47,46
2,0,0,0,0,0,0,0,0,0,0,0,0,0,0,0,0,0,0,0,0,0,0,0,0,0,0,0,0,0,0,0,0,0,0,0,0,0,0,0,0,0,0,0,0,0,0,0,0,0,0,0,0,0,0,0,0,0,0,0,0,0,0,0,0,0,0,0,0,0,0,0,0,0,0,0,0,0,0,0,0,0,0,0,0,0,0,0,0,0,0,0,0,0,0,0,0,0,0,0,0,100,97,95,92,92,90,89,88,88,84,81,81,79,79,79,79,79,78,75,73,74,72,69,67,66,67,65,63,63,63,64,64,66,63,59,59,59,58,59,56,57,58,56,54,53,53,53,53,52,52,52,54,53,54,54,52,53,53,54,54,53,52,50,50,50,50,51,50,49,50,51,53,52,52,49,49,49,47,47,44,44,44,44,43,44,44,42,42,38,38,39,39,38,33,32,33,36,37,36,36,34
2,0,0,0,0,0,0,0,0,0,0,0,0,0,0,0,0,0,0,0,0,0,0,0,0,0,0,0,0,0,0,0,0,0,0,0,0,0,0,0,0,0,0,0,0,0,0,0,0,0,0,0,0,0,0,0,0,0,0,0,0,0,0,0,0,0,0,0,0,0,0,0,0,0,0,0,0,0,0,0,0,0,0,0,0,0,0,0,0,0,0,0,0,0,0,0,0,0,0,0,0,100,99,98,97,95,96,94,92,89,88,86,84,84,82,80,76,74,74,73,71,70,69,68,67,67,65,65,64,64,61,60,58,57,54,53,52,51,51,51,47,48,49,48,48,48,47,47,48,46,47,49,49,48,48,47,44,42,43,44,44,43,43,41,42,43,43,46,45,42,43,42,42,42,42,42,42,40,40,39,39,39,39,40,39,38,38,38,38,38,39,39,39,39,38,38,38,38,39,39,39,39
2,0,0,0,0,0,0,0,0,0,0,0,0,0,0,0,0,0,0,0,0,0,0,0,0,0,0,0,0,0,0,0,0,0,0,0,0,0,0,0,0,0,0,0,0,0,0,0,0,0,0,0,0,0,0,0,0,0,0,0,0,0,0,0,0,0,0,0,0,0,0,0,0,0,0,0,0,0,0,0,0,0,0,0,0,0,0,0,0,0,0,0,0,0,0,0,0,0,0,0,0,100,98,97,95,94,92,89,85,85,82,80,78,77,77,74,74,74,72,71,71,71,71,70,70,67,67,66,65,64,62,62,61,60,59,57,57,56,56,57,56,56,54,52,51,51,51,51,51,50,50,50,47,47,48,45,46,46,44,44,44,43,44,45,44,43,44,45,45,46,46,45,44,44,43,42,42,42,40,40,39,39,40,38,38,36,37,38,38,35,35,33,33,32,31,33,33,33,30,31,32,34
2,0,0,0,0,0,0,0,0,0,0,0,0,0,0,0,0,0,0,0,0,0,0,0,0,0,0,0,0,0,0,0,0,0,0,0,0,0,0,0,0,0,0,0,0,0,0,0,0,0,0,0,0,0,0,0,0,0,0,0,0,0,0,0,0,0,0,0,0,0,0,0,0,0,0,0,0,0,0,0,0,0,0,0,0,0,0,0,0,0,0,0,0,0,0,0,0,0,0,0,0,100,100,97,96,93,90,88,85,82,80,80,75,72,71,72,73,71,71,69,70,71,71,72,70,69,67,67,66,66,65,66,67,68,69,69,67,68,67,67,66,65,61,60,59,58,57,57,57,56,58,58,57,56,57,56,55,55,54,55,55,52,50,50,50,49,48,48,49,50,49,50,51,52,52,52,52,52,51,54,52,49,50,47,46,45,45,45,45,42,43,45,44,44,44,44,44,43,44,46,46,46
2,0,0,0,0,0,0,0,0,0,0,0,0,0,0,0,0,0,0,0,0,0,0,0,0,0,0,0,0,0,0,0,0,0,0,0,0,0,0,0,0,0,0,0,0,0,0,0,0,0,0,0,0,0,0,0,0,0,0,0,0,0,0,0,0,0,0,0,0,0,0,0,0,0,0,0,0,0,0,0,0,0,0,0,0,0,0,0,0,0,0,0,0,0,0,0,0,0,0,0,0,100,98,97,96,96,95,93,92,91,90,87,85,86,86,83,84,83,82,80,79,75,73,73,71,70,69,69,69,66,66,63,61,60,61,60,60,60,62,61,59,57,56,57,56,56,56,56,59,60,60,58,56,56,56,54,55,55,53,53,54,54,54,54,54,53,54,56,56,55,55,54,53,52,50,50,49,49,46,46,46,46,45,43,42,42,42,39,40,40,38,38,38,37,37,37,36,36,36,36,32,31
2,0,0,0,0,0,0,0,0,0,0,0,0,0,0,0,0,0,0,0,0,0,0,0,0,0,0,0,0,0,0,0,0,0,0,0,0,0,0,0,0,0,0,0,0,0,0,0,0,0,0,0,0,0,0,0,0,0,0,0,0,0,0,0,0,0,0,0,0,0,0,0,0,0,0,0,0,0,0,0,0,0,0,0,0,0,0,0,0,0,0,0,0,0,0,0,0,0,0,0,0,100,98,98,95,95,94,92,89,89,89,88,85,84,84,82,78,78,78,76,76,75,75,73,73,71,70,68,68,69,68,69,66,65,65,65,64,64,61,60,59,60,60,60,59,60,58,57,54,52,50,50,51,52,50,49,49,49,49,50,50,52,51,49,47,46,46,47,47,48,48,49,49,49,49,48,47,47,48,47,48,48,50,49,49,48,48,44,44,44,43,44,42,42,42,41,44,42,41,42,43,43
2,0,0,0,0,0,0,0,0,0,0,0,0,0,0,0,0,0,0,0,0,0,0,0,0,0,0,0,0,0,0,0,0,0,0,0,0,0,0,0,0,0,0,0,0,0,0,0,0,0,0,0,0,0,0,0,0,0,0,0,0,0,0,0,0,0,0,0,0,0,0,0,0,0,0,0,0,0,0,0,0,0,0,0,0,0,0,0,0,0,0,0,0,0,0,0,0,0,0,0,0,100,98,95,91,87,87,85,84,81,80,77,75,75,73,70,70,71,70,70,70,70,68,68,67,67,66,65,64,63,60,58,57,56,54,55,54,53,53,53,50,49,48,48,48,47,44,43,42,43,43,45,43,43,42,43,43,42,42,43,43,42,42,45,46,44,45,46,46,45,43,42,43,41,41,41,41,41,40,40,39,36,36,37,35,35,36,37,37,35,34,32,32,32,33,34,35,36,36,35,35,34
2,0,0,0,0,0,0,0,0,0,0,0,0,0,0,0,0,0,0,0,0,0,0,0,0,0,0,0,0,0,0,0,0,0,0,0,0,0,0,0,0,0,0,0,0,0,0,0,0,0,0,0,0,0,0,0,0,0,0,0,0,0,0,0,0,0,0,0,0,0,0,0,0,0,0,0,0,0,0,0,0,0,0,0,0,0,0,0,0,0,0,0,0,0,0,0,0,0,0,0,0,100,100,98,96,95,93,91,89,87,84,83,81,78,79,78,78,78,76,75,73,72,72,71,73,72,70,71,71,70,72,70,69,70,70,70,68,69,68,67,66,64,62,60,59,59,57,55,55,55,55,51,50,50,51,49,49,49,49,47,45,45,46,46,45,45,42,43,42,41,41,40,40,38,38,40,39,39,39,39,39,39,40,39,39,39,40,39,39,41,42,42,40,40,38,39,39,38,39,36,37,35
2,0,0,0,0,0,0,0,0,0,0,0,0,0,0,0,0,0,0,0,0,0,0,0,0,0,0,0,0,0,0,0,0,0,0,0,0,0,0,0,0,0,0,0,0,0,0,0,0,0,0,0,0,0,0,0,0,0,0,0,0,0,0,0,0,0,0,0,0,0,0,0,0,0,0,0,0,0,0,0,0,0,0,0,0,0,0,0,0,0,0,0,0,0,0,0,0,0,0,0,0,100,98,98,96,94,92,92,90,88,86,87,86,83,84,84,83,81,79,79,80,80,79,77,77,78,76,76,76,76,72,72,70,69,69,68,68,67,67,65,65,64,64,64,63,62,63,59,58,57,59,59,59,57,56,56,56,57,56,56,56,56,57,55,54,53,53,53,51,50,49,52,52,54,55,53,51,54,54,55,52,56,55,56,55,55,55,57,57,56,56,56,56,52,51,52,51,49,50,50,50,48
2,0,0,0,0,0,0,0,0,0,0,0,0,0,0,0,0,0,0,0,0,0,0,0,0,0,0,0,0,0,0,0,0,0,0,0,0,0,0,0,0,0,0,0,0,0,0,0,0,0,0,0,0,0,0,0,0,0,0,0,0,0,0,0,0,0,0,0,0,0,0,0,0,0,0,0,0,0,0,0,0,0,0,0,0,0,0,0,0,0,0,0,0,0,0,0,0,0,0,0,0,100,97,95,95,92,90,89,89,89,89,90,87,84,80,78,77,76,76,73,72,71,70,71,70,67,67,65,62,64,63,63,64,65,64,64,61,60,59,60,58,57,56,54,53,54,54,53,51,49,50,50,49,50,49,50,50,52,53,53,51,49,49,48,48,48,47,44,42,41,40,40,40,38,38,38,39,39,38,37,36,37,36,34,34,35,35,35,35,33,34,34,34,36,34,35,35,34,34,34,34,34
2,0,0,0,0,0,0,0,0,0,0,0,0,0,0,0,0,0,0,0,0,0,0,0,0,0,0,0,0,0,0,0,0,0,0,0,0,0,0,0,0,0,0,0,0,0,0,0,0,0,0,0,0,0,0,0,0,0,0,0,0,0,0,0,0,0,0,0,0,0,0,0,0,0,0,0,0,0,0,0,0,0,0,0,0,0,0,0,0,0,0,0,0,0,0,0,0,0,0,0,0,100,98,96,95,95,95,94,93,91,91,90,89,87,85,84,83,80,76,75,74,75,73,74,73,71,70,70,69,69,69,68,68,69,68,65,66,67,64,63,64,64,64,62,63,63,64,62,61,61,60,61,61,60,62,60,60,59,59,58,58,58,57,57,56,54,54,54,53,53,53,51,51,48,47,48,47,47,46,48,46,46,47,47,46,46,46,44,44,43,41,39,41,41,42,43,43,43,42,43,43,41
2,0,0,0,0,0,0,0,0,0,0,0,0,0,0,0,0,0,0,0,0,0,0,0,0,0,0,0,0,0,0,0,0,0,0,0,0,0,0,0,0,0,0,0,0,0,0,0,0,0,0,0,0,0,0,0,0,0,0,0,0,0,0,0,0,0,0,0,0,0,0,0,0,0,0,0,0,0,0,0,0,0,0,0,0,0,0,0,0,0,0,0,0,0,0,0,0,0,0,0,0,100,99,97,96,96,96,91,87,88,86,85,84,82,81,80,77,76,77,77,74,73,73,72,69,69,68,68,68,67,69,69,71,69,70,70,69,67,70,70,69,66,66,64,64,63,62,61,58,56,56,55,54,51,52,53,54,52,53,53,51,49,50,50,52,50,50,51,50,51,52,52,50,51,48,49,49,45,45,45,44,43,44,45,43,42,42,42,43,42,44,45,45,45,43,44,44,45,45,45,45,45
2,0,0,0,0,0,0,0,0,0,0,0,0,0,0,0,0,0,0,0,0,0,0,0,0,0,0,0,0,0,0,0,0,0,0,0,0,0,0,0,0,0,0,0,0,0,0,0,0,0,0,0,0,0,0,0,0,0,0,0,0,0,0,0,0,0,0,0,0,0,0,0,0,0,0,0,0,0,0,0,0,0,0,0,0,0,0,0,0,0,0,0,0,0,0,0,0,0,0,0,0,100,99,95,94,93,90,89,88,85,80,79,77,76,75,76,75,75,74,74,74,73,72,69,68,66,66,68,66,65,63,63,61,61,59,58,56,56,56,58,55,56,55,53,54,52,53,52,53,53,54,54,54,55,53,53,51,50,50,50,48,48,46,46,48,45,45,45,45,44,44,46,46,45,42,42,41,40,41,44,45,45,44,43,43,41,42,42,41,42,41,40,41,42,41,43,42,41,41,41,43,44
2,0,0,0,0,0,0,0,0,0,0,0,0,0,0,0,0,0,0,0,0,0,0,0,0,0,0,0,0,0,0,0,0,0,0,0,0,0,0,0,0,0,0,0,0,0,0,0,0,0,0,0,0,0,0,0,0,0,0,0,0,0,0,0,0,0,0,0,0,0,0,0,0,0,0,0,0,0,0,0,0,0,0,0,0,0,0,0,0,0,0,0,0,0,0,0,0,0,0,0,0,100,95,95,95,95,94,91,89,88,86,85,86,85,81,79,77,76,75,74,72,71,69,69,70,67,64,64,62,61,61,61,61,60,60,60,56,56,53,52,51,50,49,49,48,48,47,47,49,47,45,43,42,41,40,40,41,41,43,42,41,39,40,42,43,40,40,40,41,42,42,42,40,41,41,40,40,41,41,42,40,39,40,39,38,38,38,39,40,39,38,38,39,38,37,37,37,37,36,35,35,34
2,0,0,0,0,0,0,0,0,0,0,0,0,0,0,0,0,0,0,0,0,0,0,0,0,0,0,0,0,0,0,0,0,0,0,0,0,0,0,0,0,0,0,0,0,0,0,0,0,0,0,0,0,0,0,0,0,0,0,0,0,0,0,0,0,0,0,0,0,0,0,0,0,0,0,0,0,0,0,0,0,0,0,0,0,0,0,0,0,0,0,0,0,0,0,0,0,0,0,0,0,100,99,98,97,96,94,92,93,92,92,90,87,86,83,81,81,81,80,80,80,80,80,78,78,78,80,76,76,75,77,73,73,73,72,72,73,68,67,66,67,65,65,65,64,63,62,62,61,61,58,57,57,56,53,53,53,53,52,49,48,48,48,47,46,49,47,46,46,45,44,45,45,44,45,44,43,43,41,41,41,44,42,43,42,42,43,41,41,38,38,39,38,38,39,41,41,42,42,41,38,37
2,0,0,0,0,0,0,0,0,0,0,0,0,0,0,0,0,0,0,0,0,0,0,0,0,0,0,0,0,0,0,0,0,0,0,0,0,0,0,0,0,0,0,0,0,0,0,0,0,0,0,0,0,0,0,0,0,0,0,0,0,0,0,0,0,0,0,0,0,0,0,0,0,0,0,0,0,0,0,0,0,0,0,0,0,0,0,0,0,0,0,0,0,0,0,0,0,0,0,0,0,100,97,97,95,95,92,89,87,85,84,84,85,85,83,82,82,81,82,81,79,78,76,76,76,74,72,70,70,71,67,68,68,68,67,67,67,65,66,65,62,60,60,60,58,58,60,59,61,59,57,58,56,56,55,55,53,53,54,54,52,50,48,46,48,48,48,47,46,46,44,43,44,43,44,43,41,42,41,41,41,40,42,42,39,40,39,39,40,40,40,40,38,36,36,36,36,35,35,35,34,33
2,0,0,0,0,0,0,0,0,0,0,0,0,0,0,0,0,0,0,0,0,0,0,0,0,0,0,0,0,0,0,0,0,0,0,0,0,0,0,0,0,0,0,0,0,0,0,0,0,0,0,0,0,0,0,0,0,0,0,0,0,0,0,0,0,0,0,0,0,0,0,0,0,0,0,0,0,0,0,0,0,0,0,0,0,0,0,0,0,0,0,0,0,0,0,0,0,0,0,0,0,100,99,99,97,93,92,91,89,86,85,83,80,78,78,78,78,75,74,74,73,73,74,72,74,73,74,73,73,71,68,67,69,68,68,67,67,67,65,65,64,63,62,61,61,60,58,59,58,58,59,58,57,56,55,58,55,53,53,54,53,52,52,51,51,51,51,50,51,48,50,51,51,51,51,53,52,52,52,52,50,51,48,48,49,50,50,51,50,49,48,48,46,48,47,46,46,48,48,45,45,42
